2026-6-30 10:27:01 - debug: =================================== build Task (web-mobile) Start ================================
2026-6-30 10:27:01 - debug: Start build task, options:{"name":"HYQ","server":"","engineModulesConfigKey":"defaultConfig","platform":"web-mobile","buildPath":"project://build","debug":false,"buildMode":"normal","mangleProperties":false,"md5Cache":false,"skipCompressTexture":false,"sourceMaps":false,"overwriteProjectSettings":{"includeModules":{"gfx-webgl2":"on","physics":"inherit-project-setting","physics-2d":"inherit-project-setting"},"macroConfig":{"cleanupImageCache":"inherit-project-setting"}},"nativeCodeBundleMode":"asmjs","polyfills":{"asyncFunctions":true},"experimentalEraseModules":false,"startSceneAssetBundle":false,"bundleConfigs":[],"inlineEnum":true,"useBuiltinServer":false,"md5CacheOptions":{"excludes":[],"includes":[],"replaceOnly":[],"handleTemplateMd5Link":true},"mainBundleIsRemote":false,"mainBundleCompressionType":"merge_dep","useSplashScreen":true,"bundleCommonChunk":false,"packAutoAtlas":true,"startScene":"b5805d3a-3b80-4a12-adf5-588e63a7d886","outputName":"web-mobile","taskName":"web-mobile","scenes":[{"url":"db://assets/Scene/Game_3D-002.scene","uuid":"b5805d3a-3b80-4a12-adf5-588e63a7d886"}],"wasmCompressionMode":false,"binGroupConfig":{"threshold":16,"enable":false},"packages":{"web-mobile":{"useWebGPU":false,"orientation":"auto","embedWebDebugger":false,"__version__":"1.0.1"},"super-packager":{"googlePlayUrl":"","appStoreUrl":"","__version__":"2.7.0"},"adsense-h5g-plugin":{"enableAdsense":false,"enableTestAd":false,"__version__":"1.0.1","AFPHostPropertyCode":"ca-host-pub-5396158963872751","AFPHostDomain":"douyougame.com","otherAFPHostPropertyCode":"","otherAFPDomain":""},"cocos-service":{"configID":"56841a","services":[],"__version__":"3.0.9"}},"__version__":"1.3.9","logDest":"project://temp/builder/log/web-mobile2026-6-30 10-27.log"}
2026-6-30 10:27:01 - debug: Build with Cocos Creator 3.8.7
2026-6-30 10:27:01 - debug: cocos-service:(onBeforeBuild) start..., progress: 0%
2026-6-30 10:27:01 - debug: // ---- build task cocos-service：onBeforeBuild ----
2026-6-30 10:27:02 - debug: // ---- build task cocos-service：onBeforeBuild ---- (301ms)
2026-6-30 10:27:02 - debug: cocos-service:(onBeforeBuild) in 301 ms ✓, progress: 2%
2026-6-30 10:27:02 - debug: scene:(onBeforeBuild) start..., progress: 2%
2026-6-30 10:27:02 - debug: // ---- build task scene：onBeforeBuild ----
2026-6-30 10:27:02 - debug: // ---- build task scene：onBeforeBuild ---- (55ms)
2026-6-30 10:27:02 - debug: scene:(onBeforeBuild) in 55 ms ✓, progress: 4%
2026-6-30 10:27:02 - debug: super-packager:(onBeforeBuild) start..., progress: 4%
2026-6-30 10:27:02 - debug: // ---- build task super-packager：onBeforeBuild ----
2026-6-30 10:27:02 - log: [SUPER_PACKAGE]onBeforeBuild
2026-6-30 10:27:02 - log: [SUPER_PACKAGE]商店链接配置:{"googlePlayUrl":"","appStoreUrl":""}
2026-6-30 10:27:02 - log: [SUPER_PACKAGE]商店链接已同步到文件
2026-6-30 10:27:02 - debug: // ---- build task super-packager：onBeforeBuild ---- (73ms)
2026-6-30 10:27:02 - debug: super-packager:(onBeforeBuild) in 73 ms ✓, progress: 5%
2026-6-30 10:27:02 - debug: Start lock asset db..., progress: 5%
2026-6-30 10:27:02 - log: Asset DB is paused with build!
2026-6-30 10:27:02 - debug: Query all assets info in project
2026-6-30 10:27:02 - debug: init custom config: keepNodeUuid: false, useCache: true
2026-6-30 10:27:02 - debug: web-mobile:(onAfterInit) start..., progress: 5%
2026-6-30 10:27:02 - debug: // ---- build task web-mobile：onAfterInit ----
2026-6-30 10:27:02 - debug: // ---- build task web-mobile：onAfterInit ---- (17ms)
2026-6-30 10:27:02 - debug: web-mobile:(onAfterInit) in 17 ms ✓, progress: 7%
2026-6-30 10:27:02 - debug: cocos-service:(onAfterInit) start..., progress: 7%
2026-6-30 10:27:02 - debug: // ---- build task cocos-service：onAfterInit ----
2026-6-30 10:27:02 - debug: // ---- build task cocos-service：onAfterInit ---- (129ms)
2026-6-30 10:27:02 - debug: cocos-service:(onAfterInit) in 129 ms ✓, progress: 9%
2026-6-30 10:27:02 - debug: Skip compress image, progress: 0%
2026-6-30 10:27:02 - debug: adsense-h5g-plugin:(onBeforeBundleInit) start..., progress: 9%
2026-6-30 10:27:02 - debug: adsense-h5g-plugin:(onBeforeBundleInit) start..., progress: 0%
2026-6-30 10:27:02 - debug: // ---- build task adsense-h5g-plugin：onBeforeBundleInit ----
2026-6-30 10:27:02 - debug: [adsense-h5g-plugin] remove script success
2026-6-30 10:27:02 - debug: // ---- build task adsense-h5g-plugin：onBeforeBundleInit ---- (55ms)
2026-6-30 10:27:02 - debug: adsense-h5g-plugin:(onBeforeBundleInit) in 55 ms ✓, progress: 9%
2026-6-30 10:27:02 - debug: adsense-h5g-plugin:(onBeforeBundleInit) in 55 ms ✓, progress: 7%
2026-6-30 10:27:02 - debug: Init all bundles start..., progress: 9%
2026-6-30 10:27:02 - debug: Init all bundles start..., progress: 7%
2026-6-30 10:27:02 - debug: Num of bundles: 3..., progress: 9%
2026-6-30 10:27:02 - debug: Num of bundles: 3..., progress: 7%
2026-6-30 10:27:02 - debug: web-mobile:(onAfterBundleInit) start..., progress: 9%
2026-6-30 10:27:02 - debug: web-mobile:(onAfterBundleInit) start..., progress: 7%
2026-6-30 10:27:02 - debug: // ---- build task web-mobile：onAfterBundleInit ----
2026-6-30 10:27:02 - debug: // ---- build task web-mobile：onAfterBundleInit ---- (85ms)
2026-6-30 10:27:02 - debug: web-mobile:(onAfterBundleInit) in 85 ms ✓, progress: 9%
2026-6-30 10:27:02 - debug: web-mobile:(onAfterBundleInit) in 85 ms ✓, progress: 13%
2026-6-30 10:27:02 - debug: 查询 Asset Bundle start, progress: 9%
2026-6-30 10:27:02 - debug: // ---- build task 查询 Asset Bundle ----
2026-6-30 10:27:02 - debug: Init bundle root assets start..., progress: 9%
2026-6-30 10:27:02 - debug: Init bundle root assets start..., progress: 13%
2026-6-30 10:27:03 - debug: Query preload assets/scripts from cc.config.json: 60f7195c-ec2a-45eb-ba94-8955f60e81d0,1c02ae6f-4492-4915-b8f8-7492a3b1e4cd,810e96e4-e456-4468-9b59-f4e8f39732c0,efe8e2a3-eace-427b-b4f1-cb8a937ec77d,e9aa9a3e-5b2b-4ac7-a2c7-073de2b2b24f,8bbdbcdd-5cd4-4100-b6d5-b7c9625b6107,50f4348b-c883-4e2f-8f11-ce233b859fa1,fda095cb-831d-4601-ad94-846013963de8,f92806d7-1768-443f-afe8-12bcde84d0f0,dd3a144d-ab7f-41f0-82b8-2e43a090d496,f0416e68-0200-4b77-a926-4f9d16e494da,511d2633-09a7-4bdd-ac42-f778032124b3,5d45aa00-e064-4938-b314-4265f0c2258c,9361fd90-ba52-4f84-aa93-6e878fd576ca,970b0598-bcb0-4714-91fb-2e81440dccd8,bcd64cc6-2dd9-43f6-abbe-66318d332032,d930590d-bb92-4cc8-8bd1-23cd027f9edf,a3cd009f-0ab0-420d-9278-b9fdab939bbc,6a2d0734-bd9e-4ddf-946e-caa52498cb75,d1346436-ac96-4271-b863-1f4fdead95b0,971bdb23-3ff6-43eb-b422-1c30165a3663,17debcc3-0a6b-4b8a-b00b-dc58b885581e,711ebe11-f673-4cd9-9a83-63c60ba54c5b,c0143906-9aed-447e-9436-2ae8512d1b6e,14da1725-c4c2-42b4-ab08-ee0aeb6898b3,081cab31-dccd-428e-8652-f2404cc81c47,78e0584a-4343-4727-8f37-e14e65c2a2db,ba21476f-2866-4f81-9c4d-6e359316e448,871c3b6c-7379-419d-bda3-794b239ab90d,ff9b0199-ce04-4cfe-86cc-6c719f08d6e4,de1c2107-70c8-4021-8459-6399f24d01c6,cbf30902-517f-40dc-af90-a550bac27cf1,5c601d96-e4c7-4698-991b-7ee674b11079
2026-6-30 10:27:03 - debug:   Number of all scenes: 5
2026-6-30 10:27:03 - debug:   Number of all scripts: 109
2026-6-30 10:27:03 - debug:   Number of other assets: 1151
2026-6-30 10:27:03 - debug: Init bundle root assets success..., progress: 9%
2026-6-30 10:27:03 - debug: Init bundle root assets success..., progress: 13%
2026-6-30 10:27:03 - debug: reload all scripts.
2026-6-30 10:27:03 - debug: [[Executor]] reload before lock
2026-6-30 10:27:03 - debug: Set detail map pack:///resolution-detail-map.json: {}
2026-6-30 10:27:03 - groupCollapsed: Invalidate all modules
2026-6-30 10:27:03 - debug: Unregister BuiltinPipelineSettings
2026-6-30 10:27:03 - debug: Unregister BuiltinPipelinePassBuilder
2026-6-30 10:27:03 - debug: Unregister BuiltinDepthOfFieldPass
2026-6-30 10:27:03 - debug: Unregister DebugViewRuntimeControl
2026-6-30 10:27:03 - debug: Unregister Lightning
2026-6-30 10:27:03 - debug: Unregister LayerManager
2026-6-30 10:27:03 - debug: Unregister CameraMove
2026-6-30 10:27:03 - debug: Unregister UnityUpComponent
2026-6-30 10:27:03 - debug: Unregister RotationDrive
2026-6-30 10:27:03 - debug: Unregister MoveDrive
2026-6-30 10:27:03 - debug: Unregister RotationVector
2026-6-30 10:27:03 - debug: Unregister PrefabsRes
2026-6-30 10:27:03 - debug: Unregister PrefabsManager
2026-6-30 10:27:03 - debug: Unregister L18nManager
2026-6-30 10:27:03 - debug(2): Unregister DownLoadL8
2026-6-30 10:27:03 - debug: Unregister LangArrAuto
2026-6-30 10:27:03 - debug: Unregister LangAuto
2026-6-30 10:27:03 - debug: Unregister ResurrectionL8
2026-6-30 10:27:03 - debug: Unregister Prop
2026-6-30 10:27:03 - debug: Unregister JumpDriveEngine
2026-6-30 10:27:03 - debug: Unregister BagBase
2026-6-30 10:27:03 - debug: Unregister FlayPropManager
2026-6-30 10:27:03 - debug: Unregister GroupBag3D
2026-6-30 10:27:03 - debug: Unregister GroupPropTransform
2026-6-30 10:27:03 - debug: Unregister LabBagUp
2026-6-30 10:27:03 - debug: Unregister CollectGetTarget
2026-6-30 10:27:03 - debug: Unregister AttackTargetBase
2026-6-30 10:27:03 - debug: Unregister AreaAttack
2026-6-30 10:27:03 - debug: Unregister MeleeAttack
2026-6-30 10:27:03 - debug: Unregister HpComponent
2026-6-30 10:27:03 - debug: Unregister MeshFlashPropData
2026-6-30 10:27:03 - debug: Unregister MeshFlashSwitchData
2026-6-30 10:27:03 - debug: Unregister MeshFlashData
2026-6-30 10:27:03 - debug: Unregister BattleTargetBase
2026-6-30 10:27:03 - debug: Unregister EffectRemoveBase
2026-6-30 10:27:03 - debug: Unregister EffectTimePartRemove
2026-6-30 10:27:03 - debug: Unregister EffectManager
2026-6-30 10:27:03 - debug: Unregister ColliderTag
2026-6-30 10:27:03 - debug: Unregister BulletMonsterCollisionManager
2026-6-30 10:27:03 - debug: Unregister BulletBattle3D
2026-6-30 10:27:03 - debug: Unregister BattleTarget3D
2026-6-30 10:27:03 - debug: Unregister BulletCollideBase2D
2026-6-30 10:27:03 - debug: Unregister BulletBattle2D
2026-6-30 10:27:03 - debug: Unregister RangedAttack
2026-6-30 10:27:03 - debug: Unregister TriggerBase2D
2026-6-30 10:27:03 - debug: Unregister BattleTarget2D
2026-6-30 10:27:03 - debug: Unregister CollectBattleTarger2D
2026-6-30 10:27:03 - debug: Unregister BulletBatchRenderer
2026-6-30 10:27:03 - debug: Unregister AttackParkPlay
2026-6-30 10:27:03 - debug: Unregister RangeTowerAttack
2026-6-30 10:27:03 - debug: Unregister RangedAttack_Circle
2026-6-30 10:27:03 - debug: Unregister RangedAttack_Shrapnel
2026-6-30 10:27:03 - debug: Unregister BulletCollideBase3D
2026-6-30 10:27:03 - debug: Unregister TriggerBase3D
2026-6-30 10:27:03 - debug: Unregister CollectBattleTarger3D
2026-6-30 10:27:03 - debug: Unregister EffectTimeRemove
2026-6-30 10:27:03 - debug: Unregister GuideLine
2026-6-30 10:27:03 - debug: Unregister FbxManager
2026-6-30 10:27:03 - debug: Unregister Role
2026-6-30 10:27:03 - debug: Unregister GameOverPanel
2026-6-30 10:27:03 - debug: Unregister Player
2026-6-30 10:27:03 - debug: Unregister MonsterBattleTaerget
2026-6-30 10:27:03 - debug: Unregister ArmsInfo
2026-6-30 10:27:03 - debug: Unregister PropArms
2026-6-30 10:27:03 - debug: Unregister PropBrand
2026-6-30 10:27:03 - debug: Unregister PropLalianGate
2026-6-30 10:27:03 - debug: Unregister CreatePropBrand
2026-6-30 10:27:03 - debug: Unregister MonsterCreateInfo
2026-6-30 10:27:03 - debug: Unregister MonsterCreateQueue
2026-6-30 10:27:03 - debug: Unregister MonsterCreate
2026-6-30 10:27:03 - debug: Unregister GuideManager
2026-6-30 10:27:03 - debug: Unregister ArmsUp
2026-6-30 10:27:03 - debug: Unregister PropTireGate
2026-6-30 10:27:03 - debug: Unregister RockerUI
2026-6-30 10:27:03 - debug: Unregister RockerMouseEvent
2026-6-30 10:27:03 - debug: Unregister ShoppIngEvent
2026-6-30 10:27:03 - debug: Unregister Shopping
2026-6-30 10:27:03 - debug: Unregister BuyWayBase
2026-6-30 10:27:03 - debug: Unregister BuyWay2D
2026-6-30 10:27:03 - debug: Unregister BuyWay3D
2026-6-30 10:27:03 - debug: Unregister ShoppingItem
2026-6-30 10:27:03 - debug: Unregister Shopping_Super
2026-6-30 10:27:03 - debug: Unregister FrameAnimManager
2026-6-30 10:27:03 - debug: Unregister FrameManager
2026-6-30 10:27:03 - debug: Unregister UIButtonEvent
2026-6-30 10:27:03 - debug: Unregister StutterCheck
2026-6-30 10:27:03 - debug: Invalidating 'pack:///chunks/93/93ba276ea7b26ffcdc433fab14afc1ed6f05647b.js'
2026-6-30 10:27:03 - debug: Invalidating 'pack:///chunks/6d/6d8fd2b0177941b032ddc0733af48a561fb60657.js'
2026-6-30 10:27:03 - debug: Invalidating 'pack:///chunks/f2/f22794b1c95bc92b6e994a97e9b193af020adc12.js'
2026-6-30 10:27:03 - debug: Invalidating 'pack:///chunks/6a/6a5019a719a9014c047e67aa1cf34453ab8392ce.js'
2026-6-30 10:27:03 - debug: Invalidating 'pack:///chunks/c9/c9d891290a54ec567f150962e76c6bf9cdf47b3b.js'
2026-6-30 10:27:03 - debug: Invalidating 'pack:///chunks/d9/d980f46bad1521f99cf9b02f6f4709610973859b.js'
2026-6-30 10:27:03 - debug: Invalidating 'pack:///chunks/04/04f62969dc20e2c08fceeca28e5f160f93c57d48.js'
2026-6-30 10:27:03 - debug: Invalidating 'pack:///chunks/84/84fdd98491917343dab9e13fe8b5a70bd6a363c2.js'
2026-6-30 10:27:03 - debug: Invalidating 'pack:///chunks/e0/e099fc7c0597d98bad93ecd30952e1955267ade1.js'
2026-6-30 10:27:03 - debug: Invalidating 'pack:///chunks/e2/e2118395860d446afdd7349c12bbbbd5ff0a8915.js'
2026-6-30 10:27:03 - debug: Invalidating 'pack:///chunks/e9/e96bc804d4af33012a1ad5c19177a551c107f2ae.js'
2026-6-30 10:27:03 - debug: Invalidating 'pack:///chunks/14/14cec8e3738599ab9965ee6a2127491eba1361af.js'
2026-6-30 10:27:03 - debug: Invalidating 'pack:///chunks/4d/4d6662648c8c361d9de350d72c1ab0a8e7508014.js'
2026-6-30 10:27:03 - debug: Invalidating 'pack:///chunks/31/31cebe8e0355019a96c8dc216aed673e195b2a53.js'
2026-6-30 10:27:03 - debug: Invalidating 'pack:///chunks/3f/3fc33806253ded99e50ac9220c73832ef2904ca7.js'
2026-6-30 10:27:03 - debug: Invalidating 'pack:///chunks/56/5601ae9cf318e5c14df7d30ca1cafe71734c982a.js'
2026-6-30 10:27:03 - debug: Invalidating 'pack:///chunks/90/901a8f42214a0198b9aca11ce347c093cca5e26c.js'
2026-6-30 10:27:03 - debug: Invalidating 'pack:///chunks/8a/8ae7d51cc818f718270f9e2ad9b78b6df4ffa62c.js'
2026-6-30 10:27:03 - debug: Invalidating 'pack:///chunks/84/8436bf0d6f6a392b090fff8471ad48b32970414b.js'
2026-6-30 10:27:03 - debug: Invalidating 'pack:///chunks/8b/8b1077471006cad018e02beccd0bed5dcc54c671.js'
2026-6-30 10:27:03 - debug: Invalidating 'pack:///chunks/a1/a1d124b8795c6e55160d2ce5ecbd41437847152f.js'
2026-6-30 10:27:03 - debug: Invalidating 'pack:///chunks/79/798785a3f67288cbb075d5efa15a2c266208a881.js'
2026-6-30 10:27:03 - debug: Invalidating 'pack:///chunks/f2/f20c45b49501fbe07d44e99d95c2c506a06a0ecd.js'
2026-6-30 10:27:03 - debug: Invalidating 'pack:///chunks/eb/eb316915c4446a477164305c14374917acb92a23.js'
2026-6-30 10:27:03 - debug: Invalidating 'pack:///chunks/e9/e950dd2519065be1280daf69ce7f6b07e4d0caaa.js'
2026-6-30 10:27:03 - debug: Invalidating 'pack:///chunks/f0/f04c2dd9d3cc608a6f46e13bb5d3c46aa5633baf.js'
2026-6-30 10:27:03 - debug: Invalidating 'pack:///chunks/ed/edbdde40fab9baf06e704beb85e64d72f20aefb8.js'
2026-6-30 10:27:03 - debug: Invalidating 'pack:///chunks/f8/f8baeccf8cf047db05161c9b9e8b6b4ff9eefe2f.js'
2026-6-30 10:27:03 - debug: Invalidating 'pack:///chunks/63/633ac4308370832c1c78b9f28702617696f6e9fb.js'
2026-6-30 10:27:03 - debug: Invalidating 'pack:///chunks/f5/f570589f727cbf96139a6869e201d7a87544da71.js'
2026-6-30 10:27:03 - debug: Invalidating 'pack:///chunks/40/407fe08f85a1575a06beb3692d40cf36d9684f58.js'
2026-6-30 10:27:03 - debug: Invalidating 'pack:///chunks/0f/0fd75e1d9556ba520ee98c89195f9d0594110ad2.js'
2026-6-30 10:27:03 - debug: Invalidating 'pack:///chunks/84/84bbaa7f2e1a0639f57f755b935e1acb7d73f78e.js'
2026-6-30 10:27:03 - debug: Invalidating 'pack:///chunks/5f/5fdfd08a9c16dc742e66ef16a5a8e13f5f831a3e.js'
2026-6-30 10:27:03 - debug: Invalidating 'pack:///chunks/4c/4c2851018e56f823e74c2b3e2117156bcb9e76d0.js'
2026-6-30 10:27:03 - debug: Invalidating 'pack:///chunks/2e/2edb51f2f57b638345a2b9d561f476b67029b574.js'
2026-6-30 10:27:03 - debug: Invalidating 'pack:///chunks/ec/ecb76259f390974cf14cad52564b11281c42a7e6.js'
2026-6-30 10:27:03 - debug: Invalidating 'pack:///chunks/38/38483f6f68b174c6aad120536d38c3642cb0e458.js'
2026-6-30 10:27:03 - debug: Invalidating 'pack:///chunks/e5/e5fea8c54230bb378b45e63a8ea8186bdeccbbe2.js'
2026-6-30 10:27:03 - debug: Invalidating 'pack:///chunks/d5/d58c1ab1b696259af8c3b1384857266dba055462.js'
2026-6-30 10:27:03 - debug: Invalidating 'pack:///chunks/b6/b6919de7425c243c4e1697f376cb4f6f6b2769a4.js'
2026-6-30 10:27:03 - debug: Invalidating 'pack:///chunks/41/4103e3b8e8be7d1b0e7a8a67f28a2c29fe9aa2dc.js'
2026-6-30 10:27:03 - debug: Invalidating 'pack:///chunks/f6/f6cf9b6088316a765dbcd0b22eb496d3f4be80dc.js'
2026-6-30 10:27:03 - debug: Invalidating 'pack:///chunks/80/80f420cd19a5967732f7f177a68c3670990311d3.js'
2026-6-30 10:27:03 - debug: Invalidating 'pack:///chunks/b5/b5c69e24499acddd297e4328687b0ea934b109d5.js'
2026-6-30 10:27:03 - debug: Invalidating 'pack:///chunks/7e/7e52be47c960966fc7d962b7957dbbce1047514e.js'
2026-6-30 10:27:03 - debug: Invalidating 'pack:///chunks/f4/f4bb2b73aacdc0370fc65face1ef60d9e8732bfd.js'
2026-6-30 10:27:03 - debug: Invalidating 'pack:///chunks/0e/0ea1c77c59b038eb4661ef171f440cbc7cc134ca.js'
2026-6-30 10:27:03 - debug: Invalidating 'pack:///chunks/29/296009d632e65e6f653d790324d741c2d9759f34.js'
2026-6-30 10:27:03 - debug: Invalidating 'pack:///chunks/3f/3ff8f1a74d7fbbd22ced04971b6ab15e04fd86a6.js'
2026-6-30 10:27:03 - debug: Invalidating 'pack:///chunks/80/803faff6203a98317cc86f08677de73b7112b743.js'
2026-6-30 10:27:03 - debug: Invalidating 'pack:///chunks/b1/b12e427b1fcb487f729ef654542d8e9775a297cb.js'
2026-6-30 10:27:03 - debug: Invalidating 'pack:///chunks/d5/d5f6e07e1b02d743fed3d9c2c8e155b0c3309d52.js'
2026-6-30 10:27:03 - debug: Invalidating 'pack:///chunks/02/021cbce763294c7c4adf05845718c817a68ff9f3.js'
2026-6-30 10:27:03 - debug: Invalidating 'pack:///chunks/23/2370bd6a63dbba247d7fcab21c5244288f150386.js'
2026-6-30 10:27:03 - debug: Invalidating 'pack:///chunks/9e/9ec8816866d723aea0e61547ea23bf04cc3c7c78.js'
2026-6-30 10:27:03 - debug: Invalidating 'pack:///chunks/9b/9be30ad1a917cc0914201f1db5bdf1c5cb4d6e49.js'
2026-6-30 10:27:03 - debug: Invalidating 'pack:///chunks/43/4314f54defc530df4c3d4a14e3561038b8628ff3.js'
2026-6-30 10:27:03 - debug: Invalidating 'pack:///chunks/a7/a78b9d0a8af4315011c59f40b6c49da033e49269.js'
2026-6-30 10:27:03 - debug: Invalidating 'pack:///chunks/6c/6c35293030e947e52f03ea585990d17f31ea7df0.js'
2026-6-30 10:27:03 - debug: Invalidating 'pack:///chunks/b0/b0316da27abe29af9f8a517d28257bc913762f57.js'
2026-6-30 10:27:03 - debug: Invalidating 'pack:///chunks/4a/4a75ba705e89112b3bcc356e77985c7a095b80f4.js'
2026-6-30 10:27:03 - debug: Invalidating 'pack:///chunks/e1/e13771ea8032dbc1728530af431c57de3b1e5e24.js'
2026-6-30 10:27:03 - debug: Invalidating 'pack:///chunks/9a/9a8786a747b555136cef77c9f5e7ad17e18a31eb.js'
2026-6-30 10:27:03 - debug: Invalidating 'pack:///chunks/bb/bb66609565f0d30fbedfe7ab7019decca8a2726b.js'
2026-6-30 10:27:03 - debug: Invalidating 'pack:///chunks/ce/ced31965a759b2c1d777a8f0d98f8cd326020d87.js'
2026-6-30 10:27:03 - debug: Invalidating 'pack:///chunks/dc/dcc18999575bc7125a793680f1b595554e7f2cde.js'
2026-6-30 10:27:03 - debug: Invalidating 'pack:///chunks/05/0510980ff6e9ad26ec622e2230780bc7f1d96f08.js'
2026-6-30 10:27:03 - debug: Invalidating 'pack:///chunks/8a/8a4b23fc8904a55daa926fa9bf2d450c2c59d378.js'
2026-6-30 10:27:03 - debug: Invalidating 'pack:///chunks/5b/5b626ae965dfc8bbf67ffe6dd329ea95c382afe6.js'
2026-6-30 10:27:03 - debug: Invalidating 'pack:///chunks/6e/6e4d3e245933373fd13279940a5d6dee30418f49.js'
2026-6-30 10:27:03 - debug: Invalidating 'pack:///chunks/f0/f05038aedf4d7805ad91dbf59f1c87fe35c23bb5.js'
2026-6-30 10:27:03 - debug: Invalidating 'pack:///chunks/05/05825d2a71d7765a90fbbdda8907aab57810f0a0.js'
2026-6-30 10:27:03 - debug: Invalidating 'pack:///chunks/fa/fad9c36dab7fd23cbd0b1b9ebcbd02e6023aaadd.js'
2026-6-30 10:27:03 - debug: Invalidating 'pack:///chunks/01/011c6605e93c83936bcaadc521a3f2df21bdd87a.js'
2026-6-30 10:27:03 - debug: Invalidating 'pack:///chunks/7a/7a056ac353cd4f184635b76aa08c0d427085fda7.js'
2026-6-30 10:27:03 - debug: Invalidating 'pack:///chunks/11/1193ac27b94da532d27808ef712ed0fcd809d84d.js'
2026-6-30 10:27:03 - debug: Invalidating 'pack:///chunks/03/031aac2e2ea93f03b5422269c22800e822715034.js'
2026-6-30 10:27:03 - debug: Invalidating 'pack:///chunks/29/2933ae65951958109aeb70104e6287b8240a8e01.js'
2026-6-30 10:27:03 - debug: Invalidating 'pack:///chunks/cd/cd87286564d42a577ada1093f142b4db43415d61.js'
2026-6-30 10:27:03 - debug: Invalidating 'pack:///chunks/dd/ddf9ec67bc21176ab14fd7bef2d6099af7cab4e3.js'
2026-6-30 10:27:03 - debug: Invalidating 'pack:///chunks/12/120cba8f856407335ad8a04347cd4d36bf752a1e.js'
2026-6-30 10:27:03 - debug: Invalidating 'pack:///chunks/7c/7cb3e78818d3ca7420c127c4f13ad5587e5cc5d3.js'
2026-6-30 10:27:03 - debug: Invalidating 'pack:///chunks/78/7875e58dc11de4424867c114cd71cf4d379fd7ce.js'
2026-6-30 10:27:03 - debug: Invalidating 'pack:///chunks/6b/6b5ef849a8a91f0cd956b88818795e47d9431e29.js'
2026-6-30 10:27:03 - debug: Invalidating 'pack:///chunks/6b/6bf6369babd500e0802aeb38d4c346ae3462ef8b.js'
2026-6-30 10:27:03 - debug: Invalidating 'pack:///chunks/2c/2c40d59e1ac0050bfd5e4aece9657278c88a4b47.js'
2026-6-30 10:27:03 - debug: Invalidating 'pack:///chunks/aa/aa6223cf35796d09344450a14919ad24c61174bb.js'
2026-6-30 10:27:03 - debug: Invalidating 'pack:///chunks/e2/e2cd37831230a7474a5c89ec9f0764c2d6ce1581.js'
2026-6-30 10:27:03 - debug: Invalidating 'pack:///chunks/c1/c14c87720f6e6e7b27f438925fae2cc2d4587268.js'
2026-6-30 10:27:03 - debug: Invalidating 'pack:///chunks/ac/ac0e66d1df96447f3ea6b579b5067cb87a880d84.js'
2026-6-30 10:27:03 - debug: Invalidating 'pack:///chunks/fb/fb231b7b47c244832aa3ed0055e0ff4d6bda9530.js'
2026-6-30 10:27:03 - debug: Invalidating 'pack:///chunks/1e/1e9839fb85f612fea3030115a5d65b742de2db50.js'
2026-6-30 10:27:03 - debug: Invalidating 'pack:///chunks/7d/7d88e9fa4d49091167d5648112015c50cab8c311.js'
2026-6-30 10:27:03 - debug: Invalidating 'pack:///chunks/d0/d08abfe279c9195afbafb261981128dda32fee17.js'
2026-6-30 10:27:03 - debug: Invalidating 'pack:///chunks/e4/e49d377195f0f6ca8039098e5e76d909c726c89c.js'
2026-6-30 10:27:03 - debug: Invalidating 'pack:///chunks/c8/c8d2fc621a68aadf290b9938ae81f70dbefcc8d6.js'
2026-6-30 10:27:03 - debug: Invalidating 'pack:///chunks/41/41b6ef284e15d0779c96601cab9a95a7c5e5919b.js'
2026-6-30 10:27:03 - debug: Invalidating 'pack:///chunks/5f/5fd5284b513982ea020d8e9513905cac6e75919a.js'
2026-6-30 10:27:03 - debug: Invalidating 'pack:///chunks/1b/1b6bd2739873dc60bb0e67b18f2ae1f3b116fb07.js'
2026-6-30 10:27:03 - debug: Invalidating 'pack:///chunks/c4/c409a49d391cd0107339e604abf784bacdef4b02.js'
2026-6-30 10:27:03 - debug: Invalidating 'pack:///chunks/99/9957d51b35d223fa476f8f6dcd2b5d011a93ab2f.js'
2026-6-30 10:27:03 - debug: Invalidating 'pack:///chunks/d8/d87351923699bbc0b3bf2e76b9d6665983f7b324.js'
2026-6-30 10:27:03 - debug: Invalidating 'pack:///chunks/b8/b8ff2efe0a5ef0b3134c1c0a100a2fc7e48d38e3.js'
2026-6-30 10:27:03 - debug: Invalidating 'pack:///chunks/83/8354ac407215243163174d3e83d4cdab306051e3.js'
2026-6-30 10:27:03 - debug: Invalidating 'pack:///chunks/84/848ca7bc3c110f0554094ecf01b3a37b01ea9dfd.js'
2026-6-30 10:27:03 - debug: Invalidating 'pack:///chunks/7e/7ece20e41250ede0e4707962498ddfd8c4453b24.js'
2026-6-30 10:27:03 - debug: Invalidating 'pack:///chunks/95/95d64f4c8aa166ee79b72d7add5021b420a7ce33.js'
2026-6-30 10:27:03 - debug: Invalidating 'pack:///chunks/e9/e9668b02254f4db9826696b9dfb6914087bee6cc.js'
2026-6-30 10:27:03 - debug: Invalidating 'pack:///chunks/4a/4a434c55814df4d84e6cd9fee04d3f21bfa74070.js'
2026-6-30 10:27:03 - debug: Invalidating 'pack:///chunks/23/23f4bc413c460b50ee5cc83636bb099609a379fd.js'
2026-6-30 10:27:03 - debug: Invalidating 'pack:///chunks/4d/4d68417d37cd80fe73d65d56dfe11dd26e9ef91a.js'
2026-6-30 10:27:03 - groupEnd: Invalidate all modules
2026-6-30 10:27:03 - groupCollapsed: Imports all modules
2026-6-30 10:27:03 - debug: [[Executor]] Module "pack:///chunks/93/93ba276ea7b26ffcdc433fab14afc1ed6f05647b.js" loaded.
2026-6-30 10:27:03 - debug: D:\工程项目\PlayableAD\Cocos\TheW\20260615_HYQ\HYQ_Project\temp\programming\packer-driver\targets\editor\chunks\6d\6d8fd2b0177941b032ddc0733af48a561fb60657.js resolved to D:\工程项目\PlayableAD\Cocos\TheW\20260615_HYQ\HYQ_Project\temp\programming\packer-driver\targets\editor\chunks\6d\6d8fd2b0177941b032ddc0733af48a561fb60657.js is not in module cache!
2026-6-30 10:27:03 - debug: [[Executor]] Module "pack:///chunks/6d/6d8fd2b0177941b032ddc0733af48a561fb60657.js" loaded.
2026-6-30 10:27:03 - debug: [[Executor]] Module "pack:///chunks/6a/6a5019a719a9014c047e67aa1cf34453ab8392ce.js" loaded.
2026-6-30 10:27:03 - debug: [[Executor]] Module "pack:///chunks/84/84fdd98491917343dab9e13fe8b5a70bd6a363c2.js" loaded.
2026-6-30 10:27:03 - debug: [[Executor]] Register BuiltinPipelineSettings
2026-6-30 10:27:03 - debug: [[Executor]] Module "pack:///chunks/c9/c9d891290a54ec567f150962e76c6bf9cdf47b3b.js" loaded.
2026-6-30 10:27:03 - debug: [[Executor]] Register BuiltinPipelinePassBuilder
2026-6-30 10:27:03 - debug: [[Executor]] Module "pack:///chunks/d9/d980f46bad1521f99cf9b02f6f4709610973859b.js" loaded.
2026-6-30 10:27:03 - debug: [[Executor]] Module "pack:///chunks/04/04f62969dc20e2c08fceeca28e5f160f93c57d48.js" loaded.
2026-6-30 10:27:03 - debug: [[Executor]] Register BuiltinDepthOfFieldPass
2026-6-30 10:27:03 - debug: [[Executor]] Module "pack:///chunks/f2/f22794b1c95bc92b6e994a97e9b193af020adc12.js" loaded.
2026-6-30 10:27:03 - debug: [[Executor]] Register DebugViewRuntimeControl
2026-6-30 10:27:03 - debug: [[Executor]] Module "pack:///chunks/e0/e099fc7c0597d98bad93ecd30952e1955267ade1.js" loaded.
2026-6-30 10:27:03 - debug: [[Executor]] Register Lightning
2026-6-30 10:27:03 - debug: [[Executor]] Module "pack:///chunks/e2/e2118395860d446afdd7349c12bbbbd5ff0a8915.js" loaded.
2026-6-30 10:27:03 - debug: [[Executor]] Module "pack:///chunks/e9/e96bc804d4af33012a1ad5c19177a551c107f2ae.js" loaded.
2026-6-30 10:27:03 - debug: [[Executor]] Module "pack:///chunks/31/31cebe8e0355019a96c8dc216aed673e195b2a53.js" loaded.
2026-6-30 10:27:03 - debug: [[Executor]] Register LayerManager
2026-6-30 10:27:03 - debug: [[Executor]] Module "pack:///chunks/4d/4d6662648c8c361d9de350d72c1ab0a8e7508014.js" loaded.
2026-6-30 10:27:03 - debug: [[Executor]] Register CameraMove
2026-6-30 10:27:03 - debug: [[Executor]] Module "pack:///chunks/14/14cec8e3738599ab9965ee6a2127491eba1361af.js" loaded.
2026-6-30 10:27:03 - debug: [[Executor]] Module "pack:///chunks/56/5601ae9cf318e5c14df7d30ca1cafe71734c982a.js" loaded.
2026-6-30 10:27:03 - debug: [[Executor]] Module "pack:///chunks/3f/3fc33806253ded99e50ac9220c73832ef2904ca7.js" loaded.
2026-6-30 10:27:03 - debug: [[Executor]] Register UnityUpComponent
2026-6-30 10:27:03 - debug: [[Executor]] Module "pack:///chunks/8a/8ae7d51cc818f718270f9e2ad9b78b6df4ffa62c.js" loaded.
2026-6-30 10:27:03 - debug: [[Executor]] Module "pack:///chunks/79/798785a3f67288cbb075d5efa15a2c266208a881.js" loaded.
2026-6-30 10:27:03 - debug: [[Executor]] Module "pack:///chunks/84/8436bf0d6f6a392b090fff8471ad48b32970414b.js" loaded.
2026-6-30 10:27:03 - debug: [[Executor]] Module "pack:///chunks/f2/f20c45b49501fbe07d44e99d95c2c506a06a0ecd.js" loaded.
2026-6-30 10:27:03 - debug: [[Executor]] Module "pack:///chunks/8b/8b1077471006cad018e02beccd0bed5dcc54c671.js" loaded.
2026-6-30 10:27:03 - debug: [[Executor]] Register RotationDrive
2026-6-30 10:27:03 - debug: [[Executor]] Module "pack:///chunks/a1/a1d124b8795c6e55160d2ce5ecbd41437847152f.js" loaded.
2026-6-30 10:27:03 - debug: [[Executor]] Register MoveDrive
2026-6-30 10:27:03 - debug: [[Executor]] Module "pack:///chunks/90/901a8f42214a0198b9aca11ce347c093cca5e26c.js" loaded.
2026-6-30 10:27:03 - debug: [[Executor]] Register RotationVector
2026-6-30 10:27:03 - debug: [[Executor]] Module "pack:///chunks/eb/eb316915c4446a477164305c14374917acb92a23.js" loaded.
2026-6-30 10:27:03 - debug: [[Executor]] Register PrefabsRes
2026-6-30 10:27:03 - debug: [[Executor]] Register PrefabsManager
2026-6-30 10:27:03 - debug: [[Executor]] Module "pack:///chunks/e9/e950dd2519065be1280daf69ce7f6b07e4d0caaa.js" loaded.
2026-6-30 10:27:03 - debug: [[Executor]] Register L18nManager
2026-6-30 10:27:03 - debug: [[Executor]] Module "pack:///chunks/ed/edbdde40fab9baf06e704beb85e64d72f20aefb8.js" loaded.
2026-6-30 10:27:03 - debug: [[Executor]] Register DownLoadL8
2026-6-30 10:27:03 - debug: [[Executor]] Module "pack:///chunks/f0/f04c2dd9d3cc608a6f46e13bb5d3c46aa5633baf.js" loaded.
2026-6-30 10:27:03 - debug: [[Executor]] Register DownLoadL8
2026-6-30 10:27:03 - debug: [[Executor]] Module "pack:///chunks/f8/f8baeccf8cf047db05161c9b9e8b6b4ff9eefe2f.js" loaded.
2026-6-30 10:27:03 - debug: [[Executor]] Register LangArrAuto
2026-6-30 10:27:03 - debug: [[Executor]] Module "pack:///chunks/63/633ac4308370832c1c78b9f28702617696f6e9fb.js" loaded.
2026-6-30 10:27:03 - debug: [[Executor]] Register LangAuto
2026-6-30 10:27:03 - debug: [[Executor]] Module "pack:///chunks/f5/f570589f727cbf96139a6869e201d7a87544da71.js" loaded.
2026-6-30 10:27:03 - debug: [[Executor]] Register ResurrectionL8
2026-6-30 10:27:03 - debug: [[Executor]] Module "pack:///chunks/40/407fe08f85a1575a06beb3692d40cf36d9684f58.js" loaded.
2026-6-30 10:27:03 - debug: [[Executor]] Module "pack:///chunks/0f/0fd75e1d9556ba520ee98c89195f9d0594110ad2.js" loaded.
2026-6-30 10:27:03 - debug: [[Executor]] Register Prop
2026-6-30 10:27:03 - debug: [[Executor]] Module "pack:///chunks/4c/4c2851018e56f823e74c2b3e2117156bcb9e76d0.js" loaded.
2026-6-30 10:27:03 - debug: [[Executor]] Module "pack:///chunks/f6/f6cf9b6088316a765dbcd0b22eb496d3f4be80dc.js" loaded.
2026-6-30 10:27:03 - debug: [[Executor]] Module "pack:///chunks/ec/ecb76259f390974cf14cad52564b11281c42a7e6.js" loaded.
2026-6-30 10:27:03 - debug: [[Executor]] Module "pack:///chunks/38/38483f6f68b174c6aad120536d38c3642cb0e458.js" loaded.
2026-6-30 10:27:03 - debug: [[Executor]] Register JumpDriveEngine
2026-6-30 10:27:03 - debug: [[Executor]] Module "pack:///chunks/e5/e5fea8c54230bb378b45e63a8ea8186bdeccbbe2.js" loaded.
2026-6-30 10:27:03 - debug: [[Executor]] Module "pack:///chunks/d5/d58c1ab1b696259af8c3b1384857266dba055462.js" loaded.
2026-6-30 10:27:03 - debug: [[Executor]] Module "pack:///chunks/b6/b6919de7425c243c4e1697f376cb4f6f6b2769a4.js" loaded.
2026-6-30 10:27:03 - debug: [[Executor]] Module "pack:///chunks/41/4103e3b8e8be7d1b0e7a8a67f28a2c29fe9aa2dc.js" loaded.
2026-6-30 10:27:03 - debug: [[Executor]] Module "pack:///chunks/2e/2edb51f2f57b638345a2b9d561f476b67029b574.js" loaded.
2026-6-30 10:27:03 - debug: [[Executor]] Module "pack:///chunks/5f/5fdfd08a9c16dc742e66ef16a5a8e13f5f831a3e.js" loaded.
2026-6-30 10:27:03 - debug: [[Executor]] Register BagBase
2026-6-30 10:27:03 - debug: [[Executor]] Module "pack:///chunks/84/84bbaa7f2e1a0639f57f755b935e1acb7d73f78e.js" loaded.
2026-6-30 10:27:03 - debug: [[Executor]] Register FlayPropManager
2026-6-30 10:27:03 - debug: [[Executor]] Module "pack:///chunks/80/80f420cd19a5967732f7f177a68c3670990311d3.js" loaded.
2026-6-30 10:27:03 - debug: [[Executor]] Register GroupBag3D
2026-6-30 10:27:03 - debug: [[Executor]] Module "pack:///chunks/b5/b5c69e24499acddd297e4328687b0ea934b109d5.js" loaded.
2026-6-30 10:27:03 - debug: [[Executor]] Register GroupPropTransform
2026-6-30 10:27:03 - debug: [[Executor]] Module "pack:///chunks/7e/7e52be47c960966fc7d962b7957dbbce1047514e.js" loaded.
2026-6-30 10:27:03 - debug: [[Executor]] Module "pack:///chunks/f4/f4bb2b73aacdc0370fc65face1ef60d9e8732bfd.js" loaded.
2026-6-30 10:27:03 - debug: [[Executor]] Register LabBagUp
2026-6-30 10:27:03 - debug: [[Executor]] Module "pack:///chunks/0e/0ea1c77c59b038eb4661ef171f440cbc7cc134ca.js" loaded.
2026-6-30 10:27:03 - debug: [[Executor]] Register CollectGetTarget
2026-6-30 10:27:03 - debug: [[Executor]] Module "pack:///chunks/80/803faff6203a98317cc86f08677de73b7112b743.js" loaded.
2026-6-30 10:27:03 - debug: [[Executor]] Module "pack:///chunks/b1/b12e427b1fcb487f729ef654542d8e9775a297cb.js" loaded.
2026-6-30 10:27:03 - debug: [[Executor]] Register AttackTargetBase
2026-6-30 10:27:03 - debug: [[Executor]] Module "pack:///chunks/3f/3ff8f1a74d7fbbd22ced04971b6ab15e04fd86a6.js" loaded.
2026-6-30 10:27:03 - debug: [[Executor]] Register AreaAttack
2026-6-30 10:27:03 - debug: [[Executor]] Module "pack:///chunks/29/296009d632e65e6f653d790324d741c2d9759f34.js" loaded.
2026-6-30 10:27:03 - debug: [[Executor]] Register MeleeAttack
2026-6-30 10:27:03 - debug: [[Executor]] Module "pack:///chunks/d5/d5f6e07e1b02d743fed3d9c2c8e155b0c3309d52.js" loaded.
2026-6-30 10:27:03 - debug: [[Executor]] Register HpComponent
2026-6-30 10:27:03 - debug: [[Executor]] Module "pack:///chunks/23/2370bd6a63dbba247d7fcab21c5244288f150386.js" loaded.
2026-6-30 10:27:03 - debug: [[Executor]] Module "pack:///chunks/9e/9ec8816866d723aea0e61547ea23bf04cc3c7c78.js" loaded.
2026-6-30 10:27:03 - debug: [[Executor]] Register MeshFlashPropData
2026-6-30 10:27:03 - debug: [[Executor]] Register MeshFlashSwitchData
2026-6-30 10:27:03 - debug: [[Executor]] Register MeshFlashData
2026-6-30 10:27:03 - debug: [[Executor]] Register BattleTargetBase
2026-6-30 10:27:03 - debug: [[Executor]] Module "pack:///chunks/02/021cbce763294c7c4adf05845718c817a68ff9f3.js" loaded.
2026-6-30 10:27:03 - debug: D:\工程项目\PlayableAD\Cocos\TheW\20260615_HYQ\HYQ_Project\temp\programming\packer-driver\targets\editor\chunks\9a\9a8786a747b555136cef77c9f5e7ad17e18a31eb.js resolved to D:\工程项目\PlayableAD\Cocos\TheW\20260615_HYQ\HYQ_Project\temp\programming\packer-driver\targets\editor\chunks\9a\9a8786a747b555136cef77c9f5e7ad17e18a31eb.js is not in module cache!
2026-6-30 10:27:03 - debug: [[Executor]] Register EffectRemoveBase
2026-6-30 10:27:03 - debug: [[Executor]] Module "pack:///chunks/dc/dcc18999575bc7125a793680f1b595554e7f2cde.js" loaded.
2026-6-30 10:27:03 - debug: [[Executor]] Register EffectTimePartRemove
2026-6-30 10:27:03 - debug: [[Executor]] Module "pack:///chunks/ce/ced31965a759b2c1d777a8f0d98f8cd326020d87.js" loaded.
2026-6-30 10:27:03 - debug: [[Executor]] Register EffectManager
2026-6-30 10:27:03 - debug: [[Executor]] Module "pack:///chunks/b0/b0316da27abe29af9f8a517d28257bc913762f57.js" loaded.
2026-6-30 10:27:03 - debug: [[Executor]] Register ColliderTag
2026-6-30 10:27:03 - debug: [[Executor]] Module "pack:///chunks/4a/4a75ba705e89112b3bcc356e77985c7a095b80f4.js" loaded.
2026-6-30 10:27:03 - debug: [[Executor]] Register BulletMonsterCollisionManager
2026-6-30 10:27:03 - debug: [[Executor]] Module "pack:///chunks/e1/e13771ea8032dbc1728530af431c57de3b1e5e24.js" loaded.
2026-6-30 10:27:03 - debug: [[Executor]] Register BulletBattle3D
2026-6-30 10:27:03 - debug: [[Executor]] Module "pack:///chunks/a7/a78b9d0a8af4315011c59f40b6c49da033e49269.js" loaded.
2026-6-30 10:27:03 - debug: [[Executor]] Register BattleTarget3D
2026-6-30 10:27:03 - debug: [[Executor]] Module "pack:///chunks/9a/9a8786a747b555136cef77c9f5e7ad17e18a31eb.js" loaded.
2026-6-30 10:27:03 - debug: [[Executor]] Register BulletCollideBase2D
2026-6-30 10:27:03 - debug: [[Executor]] Module "pack:///chunks/bb/bb66609565f0d30fbedfe7ab7019decca8a2726b.js" loaded.
2026-6-30 10:27:03 - debug: [[Executor]] Register BulletBattle2D
2026-6-30 10:27:03 - debug: [[Executor]] Module "pack:///chunks/6c/6c35293030e947e52f03ea585990d17f31ea7df0.js" loaded.
2026-6-30 10:27:03 - debug: [[Executor]] Module "pack:///chunks/43/4314f54defc530df4c3d4a14e3561038b8628ff3.js" loaded.
2026-6-30 10:27:03 - debug: [[Executor]] Register RangedAttack
2026-6-30 10:27:03 - debug: [[Executor]] Module "pack:///chunks/9b/9be30ad1a917cc0914201f1db5bdf1c5cb4d6e49.js" loaded.
2026-6-30 10:27:03 - debug: [[Executor]] Register TriggerBase2D
2026-6-30 10:27:03 - debug: [[Executor]] Module "pack:///chunks/8a/8a4b23fc8904a55daa926fa9bf2d450c2c59d378.js" loaded.
2026-6-30 10:27:03 - debug: [[Executor]] Register BattleTarget2D
2026-6-30 10:27:03 - debug: [[Executor]] Module "pack:///chunks/5b/5b626ae965dfc8bbf67ffe6dd329ea95c382afe6.js" loaded.
2026-6-30 10:27:03 - debug: [[Executor]] Register CollectBattleTarger2D
2026-6-30 10:27:03 - debug: [[Executor]] Module "pack:///chunks/05/0510980ff6e9ad26ec622e2230780bc7f1d96f08.js" loaded.
2026-6-30 10:27:03 - debug: [[Executor]] Register BulletBatchRenderer
2026-6-30 10:27:03 - debug: [[Executor]] Module "pack:///chunks/f0/f05038aedf4d7805ad91dbf59f1c87fe35c23bb5.js" loaded.
2026-6-30 10:27:03 - debug: [[Executor]] Register AttackParkPlay
2026-6-30 10:27:03 - debug: [[Executor]] Module "pack:///chunks/05/05825d2a71d7765a90fbbdda8907aab57810f0a0.js" loaded.
2026-6-30 10:27:03 - debug: [[Executor]] Register RangeTowerAttack
2026-6-30 10:27:03 - debug: [[Executor]] Module "pack:///chunks/6e/6e4d3e245933373fd13279940a5d6dee30418f49.js" loaded.
2026-6-30 10:27:03 - debug: [[Executor]] Register RangedAttack_Circle
2026-6-30 10:27:03 - debug: [[Executor]] Module "pack:///chunks/fa/fad9c36dab7fd23cbd0b1b9ebcbd02e6023aaadd.js" loaded.
2026-6-30 10:27:03 - debug: [[Executor]] Register RangedAttack_Shrapnel
2026-6-30 10:27:03 - debug: [[Executor]] Module "pack:///chunks/01/011c6605e93c83936bcaadc521a3f2df21bdd87a.js" loaded.
2026-6-30 10:27:03 - debug: [[Executor]] Register BulletCollideBase3D
2026-6-30 10:27:03 - debug: [[Executor]] Module "pack:///chunks/7a/7a056ac353cd4f184635b76aa08c0d427085fda7.js" loaded.
2026-6-30 10:27:03 - debug: [[Executor]] Register TriggerBase3D
2026-6-30 10:27:03 - debug: [[Executor]] Module "pack:///chunks/03/031aac2e2ea93f03b5422269c22800e822715034.js" loaded.
2026-6-30 10:27:03 - debug: [[Executor]] Register CollectBattleTarger3D
2026-6-30 10:27:03 - debug: [[Executor]] Module "pack:///chunks/11/1193ac27b94da532d27808ef712ed0fcd809d84d.js" loaded.
2026-6-30 10:27:03 - debug: [[Executor]] Register EffectTimeRemove
2026-6-30 10:27:03 - debug: [[Executor]] Module "pack:///chunks/29/2933ae65951958109aeb70104e6287b8240a8e01.js" loaded.
2026-6-30 10:27:03 - debug: [[Executor]] Register GuideLine
2026-6-30 10:27:03 - debug: [[Executor]] Module "pack:///chunks/cd/cd87286564d42a577ada1093f142b4db43415d61.js" loaded.
2026-6-30 10:27:03 - debug: D:\工程项目\PlayableAD\Cocos\TheW\20260615_HYQ\HYQ_Project\temp\programming\packer-driver\targets\editor\chunks\aa\aa6223cf35796d09344450a14919ad24c61174bb.js resolved to D:\工程项目\PlayableAD\Cocos\TheW\20260615_HYQ\HYQ_Project\temp\programming\packer-driver\targets\editor\chunks\aa\aa6223cf35796d09344450a14919ad24c61174bb.js is not in module cache!
2026-6-30 10:27:03 - debug: D:\工程项目\PlayableAD\Cocos\TheW\20260615_HYQ\HYQ_Project\temp\programming\packer-driver\targets\editor\chunks\fb\fb231b7b47c244832aa3ed0055e0ff4d6bda9530.js resolved to D:\工程项目\PlayableAD\Cocos\TheW\20260615_HYQ\HYQ_Project\temp\programming\packer-driver\targets\editor\chunks\fb\fb231b7b47c244832aa3ed0055e0ff4d6bda9530.js is not in module cache!
2026-6-30 10:27:03 - debug: [[Executor]] Register FbxManager
2026-6-30 10:27:03 - debug: [[Executor]] Module "pack:///chunks/6b/6b5ef849a8a91f0cd956b88818795e47d9431e29.js" loaded.
2026-6-30 10:27:03 - debug: [[Executor]] Register Role
2026-6-30 10:27:03 - debug: [[Executor]] Module "pack:///chunks/78/7875e58dc11de4424867c114cd71cf4d379fd7ce.js" loaded.
2026-6-30 10:27:03 - debug: [[Executor]] Module "pack:///chunks/1e/1e9839fb85f612fea3030115a5d65b742de2db50.js" loaded.
2026-6-30 10:27:03 - debug: [[Executor]] Module "pack:///chunks/fb/fb231b7b47c244832aa3ed0055e0ff4d6bda9530.js" loaded.
2026-6-30 10:27:03 - debug: [[Executor]] Register GameOverPanel
2026-6-30 10:27:03 - debug: [[Executor]] Module "pack:///chunks/6b/6bf6369babd500e0802aeb38d4c346ae3462ef8b.js" loaded.
2026-6-30 10:27:03 - debug: [[Executor]] Register Player
2026-6-30 10:27:03 - debug: [[Executor]] Module "pack:///chunks/12/120cba8f856407335ad8a04347cd4d36bf752a1e.js" loaded.
2026-6-30 10:27:03 - debug: [[Executor]] Register MonsterBattleTaerget
2026-6-30 10:27:03 - debug: [[Executor]] Module "pack:///chunks/2c/2c40d59e1ac0050bfd5e4aece9657278c88a4b47.js" loaded.
2026-6-30 10:27:03 - debug: [[Executor]] Register ArmsInfo
2026-6-30 10:27:03 - debug: [[Executor]] Register PropArms
2026-6-30 10:27:03 - debug: [[Executor]] Module "pack:///chunks/aa/aa6223cf35796d09344450a14919ad24c61174bb.js" loaded.
2026-6-30 10:27:03 - debug: [[Executor]] Register PropBrand
2026-6-30 10:27:03 - debug: [[Executor]] Module "pack:///chunks/ac/ac0e66d1df96447f3ea6b579b5067cb87a880d84.js" loaded.
2026-6-30 10:27:03 - debug: [[Executor]] Register PropLalianGate
2026-6-30 10:27:03 - debug: [[Executor]] Module "pack:///chunks/c1/c14c87720f6e6e7b27f438925fae2cc2d4587268.js" loaded.
2026-6-30 10:27:03 - debug: [[Executor]] Register CreatePropBrand
2026-6-30 10:27:03 - debug: [[Executor]] Module "pack:///chunks/e2/e2cd37831230a7474a5c89ec9f0764c2d6ce1581.js" loaded.
2026-6-30 10:27:03 - debug: [[Executor]] Register MonsterCreateInfo
2026-6-30 10:27:03 - debug: [[Executor]] Register MonsterCreateQueue
2026-6-30 10:27:03 - debug: [[Executor]] Register MonsterCreate
2026-6-30 10:27:03 - debug: [[Executor]] Module "pack:///chunks/7c/7cb3e78818d3ca7420c127c4f13ad5587e5cc5d3.js" loaded.
2026-6-30 10:27:03 - debug: [[Executor]] Register GuideManager
2026-6-30 10:27:03 - debug: [[Executor]] Module "pack:///chunks/dd/ddf9ec67bc21176ab14fd7bef2d6099af7cab4e3.js" loaded.
2026-6-30 10:27:03 - debug: [[Executor]] Register ArmsUp
2026-6-30 10:27:03 - debug: [[Executor]] Module "pack:///chunks/7d/7d88e9fa4d49091167d5648112015c50cab8c311.js" loaded.
2026-6-30 10:27:03 - debug: [[Executor]] Register PropTireGate
2026-6-30 10:27:03 - debug: [[Executor]] Module "pack:///chunks/d0/d08abfe279c9195afbafb261981128dda32fee17.js" loaded.
2026-6-30 10:27:03 - debug: [[Executor]] Register RockerUI
2026-6-30 10:27:03 - debug: [[Executor]] Module "pack:///chunks/c8/c8d2fc621a68aadf290b9938ae81f70dbefcc8d6.js" loaded.
2026-6-30 10:27:03 - debug: [[Executor]] Register RockerMouseEvent
2026-6-30 10:27:03 - debug: [[Executor]] Module "pack:///chunks/e4/e49d377195f0f6ca8039098e5e76d909c726c89c.js" loaded.
2026-6-30 10:27:03 - debug: [[Executor]] Register ShoppIngEvent
2026-6-30 10:27:03 - debug: [[Executor]] Module "pack:///chunks/c4/c409a49d391cd0107339e604abf784bacdef4b02.js" loaded.
2026-6-30 10:27:03 - debug: [[Executor]] Register Shopping
2026-6-30 10:27:03 - debug: [[Executor]] Module "pack:///chunks/5f/5fd5284b513982ea020d8e9513905cac6e75919a.js" loaded.
2026-6-30 10:27:03 - debug: [[Executor]] Register BuyWayBase
2026-6-30 10:27:03 - debug: [[Executor]] Module "pack:///chunks/1b/1b6bd2739873dc60bb0e67b18f2ae1f3b116fb07.js" loaded.
2026-6-30 10:27:03 - debug: [[Executor]] Register BuyWay2D
2026-6-30 10:27:03 - debug: [[Executor]] Module "pack:///chunks/41/41b6ef284e15d0779c96601cab9a95a7c5e5919b.js" loaded.
2026-6-30 10:27:03 - debug: [[Executor]] Register BuyWay3D
2026-6-30 10:27:03 - debug: [[Executor]] Module "pack:///chunks/99/9957d51b35d223fa476f8f6dcd2b5d011a93ab2f.js" loaded.
2026-6-30 10:27:03 - debug: [[Executor]] Register ShoppingItem
2026-6-30 10:27:03 - debug: [[Executor]] Register Shopping_Super
2026-6-30 10:27:03 - debug: [[Executor]] Module "pack:///chunks/d8/d87351923699bbc0b3bf2e76b9d6665983f7b324.js" loaded.
2026-6-30 10:27:03 - debug: [[Executor]] Register FrameAnimManager
2026-6-30 10:27:03 - debug: [[Executor]] Module "pack:///chunks/b8/b8ff2efe0a5ef0b3134c1c0a100a2fc7e48d38e3.js" loaded.
2026-6-30 10:27:03 - debug: [[Executor]] Register FrameManager
2026-6-30 10:27:03 - debug: [[Executor]] Module "pack:///chunks/83/8354ac407215243163174d3e83d4cdab306051e3.js" loaded.
2026-6-30 10:27:03 - debug: [[Executor]] Register UIButtonEvent
2026-6-30 10:27:03 - debug: [[Executor]] Module "pack:///chunks/84/848ca7bc3c110f0554094ecf01b3a37b01ea9dfd.js" loaded.
2026-6-30 10:27:03 - debug: D:\工程项目\PlayableAD\Cocos\TheW\20260615_HYQ\HYQ_Project\temp\programming\packer-driver\targets\editor\chunks\7e\7ece20e41250ede0e4707962498ddfd8c4453b24.js resolved to D:\工程项目\PlayableAD\Cocos\TheW\20260615_HYQ\HYQ_Project\temp\programming\packer-driver\targets\editor\chunks\7e\7ece20e41250ede0e4707962498ddfd8c4453b24.js is not in module cache!
2026-6-30 10:27:03 - debug: [[Executor]] Module "pack:///chunks/95/95d64f4c8aa166ee79b72d7add5021b420a7ce33.js" loaded.
2026-6-30 10:27:03 - debug: [[Executor]] Module "pack:///chunks/23/23f4bc413c460b50ee5cc83636bb099609a379fd.js" loaded.
2026-6-30 10:27:03 - debug: [[Executor]] Register StutterCheck
2026-6-30 10:27:03 - debug: [[Executor]] Module "pack:///chunks/4a/4a434c55814df4d84e6cd9fee04d3f21bfa74070.js" loaded.
2026-6-30 10:27:03 - debug: [[Executor]] Module "pack:///chunks/e9/e9668b02254f4db9826696b9dfb6914087bee6cc.js" loaded.
2026-6-30 10:27:03 - debug: [[Executor]] Module "pack:///chunks/7e/7ece20e41250ede0e4707962498ddfd8c4453b24.js" loaded.
2026-6-30 10:27:03 - debug: [[Executor]] Module "pack:///chunks/4d/4d68417d37cd80fe73d65d56dfe11dd26e9ef91a.js" loaded.
2026-6-30 10:27:03 - debug: [[Executor]] Module "pack:///chunks/6d/6d8fd2b0177941b032ddc0733af48a561fb60657.js" loaded.
2026-6-30 10:27:03 - groupEnd: Imports all modules
2026-6-30 10:27:03 - debug: [[Executor]] after unlock
2026-6-30 10:27:03 - debug: Incremental keys: 
2026-6-30 10:27:03 - debug: Init bundle share assets start..., progress: 9%
2026-6-30 10:27:03 - debug: Init bundle share assets start..., progress: 13%
2026-6-30 10:27:03 - warn(3): The AnimationClip used by component "CameraMove" in scene "Game_3D-002" is missing. Detailed information:Node path: "Camera"Asset url: "db://assets/Scene/Game_3D-002"Missing uuid: "c6316384-dbb5-4431-ad4a-4c00d3092298@73b7f"
2026-6-30 10:27:03 - warn: The Mesh used by component "cc.MeshRenderer" in prefab "Role_1" is missing. Detailed information:Node path: "Role_1/New Node/Bip001 Prop1 Socket/jiateling01"Asset url: "db://assets/GameRes/Prefab/Role_1"Missing uuid: "03189dd5-73dd-4e52-8644-1ff1a122b972@18a45"
2026-6-30 10:27:03 - warn(2): The Mesh used by component "cc.MeshRenderer" in prefab "Role_2" is missing. Detailed information:Node path: "Role_2/New Node/Bip001 Prop1 Socket/jiateling01"Asset url: "db://assets/GameRes/Prefab/Role_2"Missing uuid: "03189dd5-73dd-4e52-8644-1ff1a122b972@18a45"
2026-6-30 10:27:03 - debug: Init bundle share assets success..., progress: 9%
2026-6-30 10:27:03 - debug: Init bundle share assets success..., progress: 13%
2026-6-30 10:27:03 - debug: handle json group in bundle internal
2026-6-30 10:27:03 - debug: handle json group in bundle internal success
2026-6-30 10:27:03 - debug: handle json group in bundle resources
2026-6-30 10:27:03 - debug: handle json group in bundle main
2026-6-30 10:27:03 - debug: init image compress task 0 in bundle internal
2026-6-30 10:27:03 - debug: handle json group in bundle resources success
2026-6-30 10:27:03 - debug: init image compress task 0 in bundle resources
2026-6-30 10:27:03 - debug: [json-group] check self or raw asset, skip. 799add5f-4370-4ee6-b0a4-aca1ebcd06a3 depended by 799add5f-4370-4ee6-b0a4-aca1ebcd06a3 has checked in raw asset 799add5f-4370-4ee6-b0a4-aca1ebcd06a3/bundle(main)}
2026-6-30 10:27:03 - debug: [json-group] check self or raw asset, skip. f96153eb-6f89-4aad-b84b-808954761c02 depended by f96153eb-6f89-4aad-b84b-808954761c02 has checked in raw asset b5805d3a-3b80-4a12-adf5-588e63a7d886/bundle(main)}
2026-6-30 10:27:03 - debug: [json-group] check self or raw asset, skip. 799add5f-4370-4ee6-b0a4-aca1ebcd06a3 depended by 799add5f-4370-4ee6-b0a4-aca1ebcd06a3 has checked in raw asset b5805d3a-3b80-4a12-adf5-588e63a7d886/bundle(main)}
2026-6-30 10:27:03 - debug: [json-group] check self or raw asset, skip. f96153eb-6f89-4aad-b84b-808954761c02 depended by f96153eb-6f89-4aad-b84b-808954761c02 has checked in raw asset f96153eb-6f89-4aad-b84b-808954761c02/bundle(main)}
2026-6-30 10:27:03 - debug: handle json group in bundle main success
2026-6-30 10:27:03 - debug: init image compress task 0 in bundle main
2026-6-30 10:27:03 - debug: // ---- build task 查询 Asset Bundle ---- (877ms)
2026-6-30 10:27:03 - log: run build task 查询 Asset Bundle success in 877 ms√, progress: 14%
2026-6-30 10:27:03 - debug: [Build Memory track]: 查询 Asset Bundle start:280.57MB, end 288.83MB, increase: 8.26MB
2026-6-30 10:27:03 - debug: 查询 Asset Bundle start, progress: 14%
2026-6-30 10:27:03 - debug: // ---- build task 查询 Asset Bundle ----
2026-6-30 10:27:03 - debug: // ---- build task 查询 Asset Bundle ---- (54ms)
2026-6-30 10:27:03 - log: run build task 查询 Asset Bundle success in 54 ms√, progress: 19%
2026-6-30 10:27:03 - debug: [Build Memory track]: 查询 Asset Bundle start:288.87MB, end 289.15MB, increase: 289.50KB
2026-6-30 10:27:03 - debug: 打包脚本 start, progress: 19%
2026-6-30 10:27:03 - debug: // ---- build task 打包脚本 ----
2026-6-30 10:27:06 - log: [buildPolyfillsCommand]enter sub process 8800, 9229, see: chrome://inspect/#devices
2026-6-30 10:27:19 - debug: execute-script-end with buildPolyfillsCommand 14745ms
2026-6-30 10:27:19 - debug: Generate systemJs..., progress: 19%
2026-6-30 10:27:28 - log: 资源数据库已锁定，资源操作(refresh)将会延迟响应，请稍侯
2026-6-30 10:27:33 - debug: execute-script-end with buildSystemJsCommand 13294ms
2026-6-30 10:27:33 - debug: 构建项目脚本 start..., progress: 19%
2026-6-30 10:27:33 - debug: 构建项目脚本 start..., progress: 13%
2026-6-30 10:27:44 - warn: [buildScriptCommand][[Build.Script.Rollup]] Circular dependency: file:///D:/%E5%B7%A5%E7%A8%8B%E9%A1%B9%E7%9B%AE/PlayableAD/Cocos/TheW/20260615_HYQ/HYQ_Project/assets/Script/functionS/Jump/JumpManager.ts -> file:///D:/%E5%B7%A5%E7%A8%8B%E9%A1%B9%E7%9B%AE/PlayableAD/Cocos/TheW/20260615_HYQ/HYQ_Project/assets/Script/functionS/Jump/JumpDriveEngine.ts -> file:///D:/%E5%B7%A5%E7%A8%8B%E9%A1%B9%E7%9B%AE/PlayableAD/Cocos/TheW/20260615_HYQ/HYQ_Project/assets/Script/functionS/Jump/JumpManager.ts
2026-6-30 10:27:44 - warn: [buildScriptCommand][[Build.Script.Rollup]] Circular dependency: file:///D:/%E5%B7%A5%E7%A8%8B%E9%A1%B9%E7%9B%AE/PlayableAD/Cocos/TheW/20260615_HYQ/HYQ_Project/assets/Script/functionS/Other/PropArms.ts -> file:///D:/%E5%B7%A5%E7%A8%8B%E9%A1%B9%E7%9B%AE/PlayableAD/Cocos/TheW/20260615_HYQ/HYQ_Project/assets/Script/functionS/Monster/MonsterCreate.ts -> file:///D:/%E5%B7%A5%E7%A8%8B%E9%A1%B9%E7%9B%AE/PlayableAD/Cocos/TheW/20260615_HYQ/HYQ_Project/assets/Script/functionS/Other/PropArms.ts[warning][[Build.Script.Rollup]] Circular dependency: file:///D:/%E5%B7%A5%E7%A8%8B%E9%A1%B9%E7%9B%AE/PlayableAD/Cocos/TheW/20260615_HYQ/HYQ_Project/extensions/super-packager/package_assets/JiangYv/PBASDK-v3/PrintComponent.ts -> file:///D:/%E5%B7%A5%E7%A8%8B%E9%A1%B9%E7%9B%AE/PlayableAD/Cocos/TheW/20260615_HYQ/HYQ_Project/extensions/super-packager/package_assets/JiangYv/PBASDK-v3/StutterCheck.ts -> file:///D:/%E5%B7%A5%E7%A8%8B%E9%A1%B9%E7%9B%AE/PlayableAD/Cocos/TheW/20260615_HYQ/HYQ_Project/extensions/super-packager/package_assets/JiangYv/PBASDK-v3/PrintComponent.ts
2026-6-30 10:27:56 - log: [buildScriptCommand]Number of non-entry chunks: 3
2026-6-30 10:27:56 - debug: execute-script-end with buildScriptCommand 23630ms
2026-6-30 10:27:56 - debug: Copy externalScripts success!
2026-6-30 10:27:56 - debug: 构建项目脚本 in (23693 ms) √, progress: 19%
2026-6-30 10:27:56 - debug: 构建项目脚本 in (23693 ms) √, progress: 13%
2026-6-30 10:27:56 - debug: 构建引擎脚本 start..., progress: 19%
2026-6-30 10:27:56 - debug: mangleProperties is enabled, found engine-mangle-config.json, use it
2026-6-30 10:27:57 - debug: Use cache engine: {link(C:\Users\Admin\AppData\Local\Temp\CocosCreator\3.8.7\builder\engine\a154ee511c93165416d720dbd46d8d34)}
2026-6-30 10:27:57 - debug: Use cache, md5String: debug=false,sourceMaps=false,includeModules=["2d","3d","animation","audio","base","custom-pipeline","gfx-webgl","gfx-webgl2","graphics","particle","physics-2d-box2d","physics-ammo","primitive","profiler","skeletal-animation","tween","ui","custom-pipeline-builtin-scripts"],engineVersion="3.8.7",platformType="HTML5",split=false,nativeCodeBundleMode="asmjs",targets=undefined,entry="C:\\ProgramData\\cocos\\editors\\Creator\\3.8.7\\resources\\resources\\3d\\engine",noDeprecatedFeatures=undefined,loose=true,assetURLFormat="runtime-resolved",flags={"DEBUG":false,"LOAD_BULLET_MANUALLY":false,"LOAD_SPINE_MANUALLY":false,"WEBGPU":false},preserveType=undefined,wasmCompressionMode=false,enableNamedRegisterForSystemJSModuleFormat=undefined,mangleProperties=false,inlineEnum=true,
2026-6-30 10:27:57 - debug: Use cache, options: {  "entry": "C:\\ProgramData\\cocos\\editors\\Creator\\3.8.7\\resources\\resources\\3d\\engine",  "debug": false,  "mangleProperties": false,  "inlineEnum": true,  "sourceMaps": false,  "includeModules": [    "2d",    "3d",    "animation",    "audio",    "base",    "custom-pipeline",    "gfx-webgl",    "gfx-webgl2",    "graphics",    "particle",    "physics-2d-box2d",    "physics-ammo",    "primitive",    "profiler",    "skeletal-animation",    "tween",    "ui",    "custom-pipeline-builtin-scripts"  ],  "engineVersion": "3.8.7",  "md5Map": [],  "engineName": "cocos-js",  "output": "D:\\工程项目\\PlayableAD\\Cocos\\TheW\\20260615_HYQ\\HYQ_Project\\build\\web-mobile\\cocos-js",  "platformType": "HTML5",  "useCache": true,  "nativeCodeBundleMode": "asmjs",  "wasmCompressionMode": false,  "split": false,  "assetURLFormat": "runtime-resolved",  "flags": {    "DEBUG": false,    "LOAD_BULLET_MANUALLY": false,    "LOAD_SPINE_MANUALLY": false,    "WEBGPU": false  }}
2026-6-30 10:27:57 - debug: 构建引擎脚本 in (395 ms) √, progress: 19%
2026-6-30 10:27:57 - debug: Copy plugin script ..., progress: 19%
2026-6-30 10:27:57 - debug: Generate import-map..., progress: 19%
2026-6-30 10:27:57 - debug: Error: Exit process with code:null, signal:SIGTERM in task build-script    at ChildProcess.<anonymous> (C:\ProgramData\cocos\editors\Creator\3.8.7\resources\app.asar\builtin\builder\dist\worker\worker-pools\sub-process-manager.ccc:1:2409)    at ChildProcess.emit (node:events:519:28)    at Process.ChildProcess._handle.onexit (node:internal/child_process:294:12)
2026-6-30 10:27:57 - debug: // ---- build task 打包脚本 ---- (53453ms)
2026-6-30 10:27:57 - log: run build task 打包脚本 success in 53 s√, progress: 24%
2026-6-30 10:27:57 - debug: [Build Memory track]: 打包脚本 start:289.32MB, end 288.22MB, increase: -1128.55KB
2026-6-30 10:27:57 - debug: Build Assets start, progress: 24%
2026-6-30 10:27:57 - debug: // ---- build task Build Assets ----
2026-6-30 10:27:57 - debug: Build bundles..., progress: 24%
2026-6-30 10:27:57 - debug: Pack Images start, progress: 24%
2026-6-30 10:27:57 - debug: Pack Images start, progress: 13%
2026-6-30 10:27:57 - debug: Number of pac assets: 3
2026-6-30 10:27:57 - debug: Get Cache info of pac success {asset(17513a27-4f11-4047-a0be-8d0cb6187b9e)}
2026-6-30 10:27:57 - debug: Get Cache info of pac success {asset(b74fc0c2-4c67-4dd4-8d74-9612ad56cfb1)}
2026-6-30 10:27:57 - debug: Number of pack results: 2
2026-6-30 10:27:57 - debug: start collect depend assets in pac17513a27-4f11-4047-a0be-8d0cb6187b9e
2026-6-30 10:27:57 - debug: start collect depend assets in pacb74fc0c2-4c67-4dd4-8d74-9612ad56cfb1
2026-6-30 10:27:57 - debug: start sort bundle in pacb74fc0c2-4c67-4dd4-8d74-9612ad56cfb1
2026-6-30 10:27:57 - debug: end sort bundle in pacb74fc0c2-4c67-4dd4-8d74-9612ad56cfb1
2026-6-30 10:27:57 - debug: start sort bundle in pac17513a27-4f11-4047-a0be-8d0cb6187b9e
2026-6-30 10:27:57 - debug: end sort bundle in pac17513a27-4f11-4047-a0be-8d0cb6187b9e
2026-6-30 10:27:57 - debug: builder:pack-auto-atlas-image (275ms)
2026-6-30 10:27:57 - debug: Pack Images success, progress: 24%
2026-6-30 10:27:57 - debug: Pack Images success, progress: 13%
2026-6-30 10:27:57 - debug: Compress image start..., progress: 24%
2026-6-30 10:27:57 - debug: Compress image start..., progress: 13%
2026-6-30 10:27:57 - group: Compress image...
2026-6-30 10:27:57 - debug: sort compress task {}
2026-6-30 10:27:57 - debug: Num of all image compress task 0, really: 0, configTasks: 0
2026-6-30 10:27:57 - debug: No image need to compress
2026-6-30 10:27:57 - groupEnd: Compress image...
2026-6-30 10:27:57 - debug: Compress image success..., progress: 24%
2026-6-30 10:27:57 - debug: Compress image success..., progress: 13%
2026-6-30 10:27:57 - debug: Output asset in bundles start, progress: 24%
2026-6-30 10:27:57 - debug: Output asset in bundles start, progress: 13%
2026-6-30 10:27:57 - debug: Handle all json groups in bundle internal
2026-6-30 10:27:57 - debug: handle json group
2026-6-30 10:27:57 - debug: Handle all json groups in bundle resources
2026-6-30 10:27:57 - debug: handle json group
2026-6-30 10:27:57 - debug: Handle all json groups in bundle main
2026-6-30 10:27:57 - debug: handle json group
2026-6-30 10:27:57 - debug: Json group(033f45a16) compile success，json number: 6
2026-6-30 10:27:57 - debug: Json group(0b54f34d0) compile success，json number: 6
2026-6-30 10:27:57 - debug: handle single json
2026-6-30 10:27:57 - debug: Json group(0765dd8b4) compile success，json number: 6
2026-6-30 10:27:58 - debug: Json group(0a84a1761) compile success，json number: 6
2026-6-30 10:27:58 - debug: Json group(09e986d7f) compile success，json number: 6
2026-6-30 10:27:58 - debug: Json group(0a8b38f43) compile success，json number: 6
2026-6-30 10:27:58 - debug: Json group(0bd960b15) compile success，json number: 6
2026-6-30 10:27:58 - debug: Json group(05a6ba422) compile success，json number: 6
2026-6-30 10:27:58 - debug: handle single json
2026-6-30 10:27:58 - debug: Json group(05d786f3c) compile success，json number: 6
2026-6-30 10:27:58 - debug: Json group(0b4a73f10) compile success，json number: 6
2026-6-30 10:27:58 - debug: Json group(0d36bcfd0) compile success，json number: 6
2026-6-30 10:27:58 - debug: Json group(0939f5774) compile success，json number: 6
2026-6-30 10:27:58 - debug: Json group(04d1efb95) compile success，json number: 6
2026-6-30 10:27:58 - debug: Json group(05ff4bf9a) compile success，json number: 6
2026-6-30 10:27:58 - debug: Json group(058888a4d) compile success，json number: 6
2026-6-30 10:27:58 - debug: Json group(0aa2d87de) compile success，json number: 6
2026-6-30 10:27:58 - debug: Json group(0936a916b) compile success，json number: 6
2026-6-30 10:27:58 - debug: Json group(0b3e0b1ce) compile success，json number: 6
2026-6-30 10:27:58 - debug: Json group(03bca836c) compile success，json number: 6
2026-6-30 10:27:58 - debug: Json group(018f8689b) compile success，json number: 6
2026-6-30 10:27:58 - debug: Json group(09f4a3c5f) compile success，json number: 6
2026-6-30 10:27:58 - debug: Json group(0573d1736) compile success，json number: 6
2026-6-30 10:27:58 - warn(2): The Mesh used by component "cc.MeshRenderer" in prefab "Role_2" is missing. Detailed information:Node path: "Role_2/New Node/Bip001 Prop1 Socket/jiateling01"Asset url: "db://assets/GameRes/Prefab/Role_2"Missing uuid: "03189dd5-73dd-4e52-8644-1ff1a122b972@18a45"
2026-6-30 10:27:58 - debug: Json group(0d1405e99) compile success，json number: 6
2026-6-30 10:27:58 - debug: Json group(0fbb3d0d7) compile success，json number: 6
2026-6-30 10:27:58 - debug: Json group(0b756a9e5) compile success，json number: 6
2026-6-30 10:27:58 - debug: Json group(0acdaf410) compile success，json number: 6
2026-6-30 10:27:58 - debug: Json group(045d59844) compile success，json number: 6
2026-6-30 10:27:58 - debug: Json group(03d712220) compile success，json number: 6
2026-6-30 10:27:58 - debug: Json group(0418d0963) compile success，json number: 6
2026-6-30 10:27:59 - debug: Json group(0d46b5455) compile success，json number: 6
2026-6-30 10:27:59 - debug: Json group(0d76502e0) compile success，json number: 6
2026-6-30 10:27:59 - warn(3): The AnimationClip used by component "CameraMove" in scene "Game_3D-002" is missing. Detailed information:Node path: "Camera"Asset url: "db://assets/Scene/Game_3D-002"Missing uuid: "c6316384-dbb5-4431-ad4a-4c00d3092298@73b7f"
2026-6-30 10:27:59 - warn: The Mesh used by component "cc.MeshRenderer" in prefab "Role_1" is missing. Detailed information:Node path: "Role_1/New Node/Bip001 Prop1 Socket/jiateling01"Asset url: "db://assets/GameRes/Prefab/Role_1"Missing uuid: "03189dd5-73dd-4e52-8644-1ff1a122b972@18a45"
2026-6-30 10:27:59 - debug: Json group(015d25184) compile success，json number: 6
2026-6-30 10:27:59 - debug: Json group(05744dfbc) compile success，json number: 6
2026-6-30 10:27:59 - debug: handle single json
2026-6-30 10:28:00 - debug: Output asset in bundles success, progress: 24%
2026-6-30 10:28:00 - debug: Output asset in bundles success, progress: 13%
2026-6-30 10:28:00 - debug: Output asset in bundles start, progress: 24%
2026-6-30 10:28:00 - debug: Output asset in bundles start, progress: 13%
2026-6-30 10:28:00 - debug: compress config of bundle internal...
2026-6-30 10:28:00 - debug: compress config of bundle internal success
2026-6-30 10:28:00 - debug: compress config of bundle resources...
2026-6-30 10:28:00 - debug: compress config of bundle resources success
2026-6-30 10:28:00 - debug: compress config of bundle main...
2026-6-30 10:28:00 - debug: compress config of bundle main success
2026-6-30 10:28:00 - debug: output config of bundle internal
2026-6-30 10:28:00 - debug: output config of bundle internal success
2026-6-30 10:28:00 - debug: output config of bundle resources
2026-6-30 10:28:00 - debug: output config of bundle resources success
2026-6-30 10:28:00 - debug: output config of bundle main
2026-6-30 10:28:00 - debug: output config of bundle main success
2026-6-30 10:28:00 - debug: Output asset in bundles success, progress: 24%
2026-6-30 10:28:00 - debug: Output asset in bundles success, progress: 13%
2026-6-30 10:28:00 - debug: // ---- build task Build Assets ---- (3233ms)
2026-6-30 10:28:00 - log: run build task Build Assets success in 3 s√, progress: 29%
2026-6-30 10:28:00 - debug: [Build Memory track]: Build Assets start:288.25MB, end 281.09MB, increase: -7334.15KB
2026-6-30 10:28:00 - debug: 整理部分构建选项内数据到 settings.json start, progress: 29%
2026-6-30 10:28:00 - debug: // ---- build task 整理部分构建选项内数据到 settings.json ----
2026-6-30 10:28:00 - debug: // ---- build task 整理部分构建选项内数据到 settings.json ---- (87ms)
2026-6-30 10:28:00 - log: run build task 整理部分构建选项内数据到 settings.json success in 87 ms√, progress: 31%
2026-6-30 10:28:00 - debug: [Build Memory track]: 整理部分构建选项内数据到 settings.json start:281.20MB, end 281.29MB, increase: 97.71KB
2026-6-30 10:28:00 - debug: 填充脚本数据到 settings.json start, progress: 31%
2026-6-30 10:28:00 - debug: // ---- build task 填充脚本数据到 settings.json ----
2026-6-30 10:28:00 - debug: // ---- build task 填充脚本数据到 settings.json ---- (54ms)
2026-6-30 10:28:00 - log: run build task 填充脚本数据到 settings.json success in 54 ms√, progress: 32%
2026-6-30 10:28:00 - debug: [Build Memory track]: 填充脚本数据到 settings.json start:281.33MB, end 281.41MB, increase: 79.07KB
2026-6-30 10:28:00 - debug: 整理部分构建选项内数据到 settings.json start, progress: 32%
2026-6-30 10:28:00 - debug: // ---- build task 整理部分构建选项内数据到 settings.json ----
2026-6-30 10:28:01 - debug: // ---- build task 整理部分构建选项内数据到 settings.json ---- (395ms)
2026-6-30 10:28:01 - log: run build task 整理部分构建选项内数据到 settings.json success in 395 ms√, progress: 34%
2026-6-30 10:28:01 - debug: [Build Memory track]: 整理部分构建选项内数据到 settings.json start:281.44MB, end 281.58MB, increase: 137.93KB
2026-6-30 10:28:01 - debug: web-mobile:(onBeforeCompressSettings) start..., progress: 34%
2026-6-30 10:28:01 - debug: // ---- build task web-mobile：onBeforeCompressSettings ----
2026-6-30 10:28:01 - debug: // ---- build task web-mobile：onBeforeCompressSettings ---- (67ms)
2026-6-30 10:28:01 - debug: web-mobile:(onBeforeCompressSettings) in 67 ms ✓, progress: 36%
2026-6-30 10:28:01 - debug: cocos-service:(onBeforeCompressSettings) start..., progress: 36%
2026-6-30 10:28:01 - debug: // ---- build task cocos-service：onBeforeCompressSettings ----
2026-6-30 10:28:01 - debug: // ---- build task cocos-service：onBeforeCompressSettings ---- (206ms)
2026-6-30 10:28:01 - debug: cocos-service:(onBeforeCompressSettings) in 206 ms ✓, progress: 38%
2026-6-30 10:28:01 - debug: super-packager:(onBeforeCompressSettings) start..., progress: 38%
2026-6-30 10:28:01 - debug: // ---- build task super-packager：onBeforeCompressSettings ----
2026-6-30 10:28:01 - log: [SUPER_PACKAGE]onBeforeCompressSettings
2026-6-30 10:28:01 - debug: // ---- build task super-packager：onBeforeCompressSettings ---- (63ms)
2026-6-30 10:28:01 - debug: super-packager:(onBeforeCompressSettings) in 63 ms ✓, progress: 40%
2026-6-30 10:28:01 - debug: 整理静态模板文件 start, progress: 40%
2026-6-30 10:28:01 - debug: // ---- build task 整理静态模板文件 ----
2026-6-30 10:28:01 - debug: // ---- build task 整理静态模板文件 ---- (128ms)
2026-6-30 10:28:01 - log: run build task 整理静态模板文件 success in 128 ms√, progress: 45%
2026-6-30 10:28:01 - debug: [Build Memory track]: 整理静态模板文件 start:281.96MB, end 286.20MB, increase: 4.23MB
2026-6-30 10:28:01 - debug: cocos-service:(onAfterCompressSettings) start..., progress: 45%
2026-6-30 10:28:01 - debug: // ---- build task cocos-service：onAfterCompressSettings ----
2026-6-30 10:28:01 - debug: // ---- build task cocos-service：onAfterCompressSettings ---- (129ms)
2026-6-30 10:28:01 - debug: cocos-service:(onAfterCompressSettings) in 129 ms ✓, progress: 46%
2026-6-30 10:28:01 - debug: super-packager:(onAfterCompressSettings) start..., progress: 46%
2026-6-30 10:28:01 - debug: // ---- build task super-packager：onAfterCompressSettings ----
2026-6-30 10:28:01 - log: [SUPER_PACKAGE]onAfterCompressSettings
2026-6-30 10:28:01 - debug: // ---- build task super-packager：onAfterCompressSettings ---- (52ms)
2026-6-30 10:28:01 - debug: super-packager:(onAfterCompressSettings) in 52 ms ✓, progress: 48%
2026-6-30 10:28:01 - debug: web-mobile:(onBeforeCopyBuildTemplate) start..., progress: 48%
2026-6-30 10:28:01 - debug: // ---- build task web-mobile：onBeforeCopyBuildTemplate ----
2026-6-30 10:28:01 - debug: // ---- build task web-mobile：onBeforeCopyBuildTemplate ---- (88ms)
2026-6-30 10:28:01 - debug: web-mobile:(onBeforeCopyBuildTemplate) in 88 ms ✓, progress: 50%
2026-6-30 10:28:01 - debug: 给所有的资源加上 MD5 后缀 start, progress: 50%
2026-6-30 10:28:01 - debug: // ---- build task 给所有的资源加上 MD5 后缀 ----
2026-6-30 10:28:01 - debug: // ---- build task 给所有的资源加上 MD5 后缀 ---- (86ms)
2026-6-30 10:28:01 - log: run build task 给所有的资源加上 MD5 后缀 success in 86 ms√, progress: 60%
2026-6-30 10:28:01 - debug: [Build Memory track]: 给所有的资源加上 MD5 后缀 start:282.38MB, end 282.45MB, increase: 75.39KB
2026-6-30 10:28:01 - debug: web-mobile:(onAfterBuild) start..., progress: 60%
2026-6-30 10:28:01 - debug: // ---- build task web-mobile：onAfterBuild ----
2026-6-30 10:28:01 - debug: // ---- build task web-mobile：onAfterBuild ---- (42ms)
2026-6-30 10:28:01 - debug: web-mobile:(onAfterBuild) in 42 ms ✓, progress: 62%
2026-6-30 10:28:01 - debug: cocos-service:(onAfterBuild) start..., progress: 62%
2026-6-30 10:28:01 - debug: // ---- build task cocos-service：onAfterBuild ----
2026-6-30 10:28:02 - debug: // ---- build task cocos-service：onAfterBuild ---- (171ms)
2026-6-30 10:28:02 - debug: cocos-service:(onAfterBuild) in 171 ms ✓, progress: 64%
2026-6-30 10:28:02 - debug: adsense-h5g-plugin:(onAfterBuild) start..., progress: 64%
2026-6-30 10:28:02 - debug: // ---- build task adsense-h5g-plugin：onAfterBuild ----
2026-6-30 10:28:02 - debug: // ---- build task adsense-h5g-plugin：onAfterBuild ---- (76ms)
2026-6-30 10:28:02 - debug: adsense-h5g-plugin:(onAfterBuild) in 76 ms ✓, progress: 65%
2026-6-30 10:28:02 - debug: super-html:(onAfterBuild) start..., progress: 65%
2026-6-30 10:28:02 - debug: // ---- build task super-html：onAfterBuild ----
2026-6-30 10:28:02 - log: [super-html] : -- start --
2026-6-30 10:28:02 - log: [super-html] : engine version 3.8.7
2026-6-30 10:28:02 - log: [super-html] : s_input_dir D:\工程项目\PlayableAD\Cocos\TheW\20260615_HYQ\HYQ_Project\build\web-mobile
2026-6-30 10:28:02 - log: [super-html] : s_out_dir D:\工程项目\PlayableAD\Cocos\TheW\20260615_HYQ\HYQ_Project\build\super-html
2026-6-30 10:28:11 - debug: // ---- build task super-html：onAfterBuild ---- (9689ms)
2026-6-30 10:28:11 - debug: super-html:(onAfterBuild) in 9689 ms ✓, progress: 67%
2026-6-30 10:28:11 - debug: super-packager:(onAfterBuild) start..., progress: 67%
2026-6-30 10:28:11 - debug: // ---- build task super-packager：onAfterBuild ----
2026-6-30 10:28:11 - log: [SUPER_PACKAGE]onAfterBuild
2026-6-30 10:28:12 - debug: // ---- build task super-packager：onAfterBuild ---- (95ms)
2026-6-30 10:28:12 - debug: super-packager:(onAfterBuild) in 95 ms ✓, progress: 69%
2026-6-30 10:28:12 - log: Asset DB is resume!
2026-6-30 10:28:12 - debug: builder:build-project-total (70636ms)
2026-6-30 10:28:12 - debug: build task(web-mobile) in 70636!
2026-6-30 10:28:13 - debug: [Build Memory track]: builder:build-project-total start:280.41MB, end 289.25MB, increase: 8.85MB
2026-6-30 10:28:13 - debug: ================================ build Task (web-mobile) Finished in (1 min 11 s)ms ================================
2026-7-2 16:02:38 - debug: =================================== build Task (web-mobile) Start ================================
2026-7-2 16:02:38 - debug: Start build task, options:{"name":"HYQ","server":"","engineModulesConfigKey":"defaultConfig","platform":"web-mobile","buildPath":"project://build","debug":false,"buildMode":"normal","mangleProperties":false,"md5Cache":false,"skipCompressTexture":false,"sourceMaps":false,"overwriteProjectSettings":{"includeModules":{"gfx-webgl2":"on","physics":"inherit-project-setting","physics-2d":"inherit-project-setting"},"macroConfig":{"cleanupImageCache":"inherit-project-setting"}},"nativeCodeBundleMode":"asmjs","polyfills":{"asyncFunctions":true},"experimentalEraseModules":false,"startSceneAssetBundle":false,"bundleConfigs":[],"inlineEnum":true,"useBuiltinServer":false,"md5CacheOptions":{"excludes":[],"includes":[],"replaceOnly":[],"handleTemplateMd5Link":true},"mainBundleIsRemote":false,"mainBundleCompressionType":"merge_dep","useSplashScreen":true,"bundleCommonChunk":false,"packAutoAtlas":true,"startScene":"b5805d3a-3b80-4a12-adf5-588e63a7d886","outputName":"web-mobile","taskName":"web-mobile","scenes":[{"url":"db://assets/Scene/Game_3D-002.scene","uuid":"b5805d3a-3b80-4a12-adf5-588e63a7d886"}],"wasmCompressionMode":false,"binGroupConfig":{"threshold":16,"enable":false},"packages":{"adsense-h5g-plugin":{"enableAdsense":false,"enableTestAd":false,"__version__":"1.0.1","AFPHostPropertyCode":"ca-host-pub-5396158963872751","AFPHostDomain":"douyougame.com","otherAFPHostPropertyCode":"","otherAFPDomain":""},"web-mobile":{"useWebGPU":false,"orientation":"auto","embedWebDebugger":false,"__version__":"1.0.1"},"cocos-service":{"configID":"56841a","services":[],"__version__":"3.0.9"},"super-packager":{"googlePlayUrl":"","appStoreUrl":"","__version__":"2.7.0"}},"__version__":"1.3.9","logDest":"project://temp/builder/log/web-mobile2026-6-30 10-27.log"}
2026-7-2 16:02:38 - debug: Build with Cocos Creator 3.8.7
2026-7-2 16:02:38 - debug: cocos-service:(onBeforeBuild) start..., progress: 0%
2026-7-2 16:02:38 - debug: // ---- build task cocos-service：onBeforeBuild ----
2026-7-2 16:02:38 - debug: // ---- build task cocos-service：onBeforeBuild ---- (122ms)
2026-7-2 16:02:38 - debug: cocos-service:(onBeforeBuild) in 122 ms ✓, progress: 2%
2026-7-2 16:02:38 - debug: scene:(onBeforeBuild) start..., progress: 2%
2026-7-2 16:02:38 - debug: // ---- build task scene：onBeforeBuild ----
2026-7-2 16:02:38 - debug: // ---- build task scene：onBeforeBuild ---- (32ms)
2026-7-2 16:02:38 - debug: scene:(onBeforeBuild) in 32 ms ✓, progress: 4%
2026-7-2 16:02:38 - debug: super-packager:(onBeforeBuild) start..., progress: 4%
2026-7-2 16:02:38 - debug: // ---- build task super-packager：onBeforeBuild ----
2026-7-2 16:02:38 - log: [SUPER_PACKAGE]onBeforeBuild
2026-7-2 16:02:38 - log: [SUPER_PACKAGE]商店链接配置:{"googlePlayUrl":"","appStoreUrl":""}
2026-7-2 16:02:38 - log: [SUPER_PACKAGE]商店链接已同步到文件
2026-7-2 16:02:38 - debug: // ---- build task super-packager：onBeforeBuild ---- (85ms)
2026-7-2 16:02:38 - debug: super-packager:(onBeforeBuild) in 85 ms ✓, progress: 5%
2026-7-2 16:02:38 - debug: Start lock asset db..., progress: 5%
2026-7-2 16:02:38 - log: Asset DB is paused with build!
2026-7-2 16:02:38 - debug: Query all assets info in project
2026-7-2 16:02:39 - debug: init custom config: keepNodeUuid: false, useCache: true
2026-7-2 16:02:39 - debug: web-mobile:(onAfterInit) start..., progress: 5%
2026-7-2 16:02:39 - debug: // ---- build task web-mobile：onAfterInit ----
2026-7-2 16:02:39 - debug: // ---- build task web-mobile：onAfterInit ---- (30ms)
2026-7-2 16:02:39 - debug: web-mobile:(onAfterInit) in 30 ms ✓, progress: 7%
2026-7-2 16:02:39 - debug: cocos-service:(onAfterInit) start..., progress: 7%
2026-7-2 16:02:39 - debug: // ---- build task cocos-service：onAfterInit ----
2026-7-2 16:02:39 - debug: // ---- build task cocos-service：onAfterInit ---- (130ms)
2026-7-2 16:02:39 - debug: cocos-service:(onAfterInit) in 130 ms ✓, progress: 9%
2026-7-2 16:02:39 - debug: Skip compress image, progress: 0%
2026-7-2 16:02:39 - debug: adsense-h5g-plugin:(onBeforeBundleInit) start..., progress: 9%
2026-7-2 16:02:39 - debug: adsense-h5g-plugin:(onBeforeBundleInit) start..., progress: 0%
2026-7-2 16:02:39 - debug: // ---- build task adsense-h5g-plugin：onBeforeBundleInit ----
2026-7-2 16:02:39 - debug: [adsense-h5g-plugin] remove script success
2026-7-2 16:02:39 - debug: // ---- build task adsense-h5g-plugin：onBeforeBundleInit ---- (53ms)
2026-7-2 16:02:39 - debug: adsense-h5g-plugin:(onBeforeBundleInit) in 53 ms ✓, progress: 9%
2026-7-2 16:02:39 - debug: adsense-h5g-plugin:(onBeforeBundleInit) in 53 ms ✓, progress: 7%
2026-7-2 16:02:39 - debug: Init all bundles start..., progress: 9%
2026-7-2 16:02:39 - debug: Init all bundles start..., progress: 7%
2026-7-2 16:02:39 - debug: Num of bundles: 3..., progress: 9%
2026-7-2 16:02:39 - debug: Num of bundles: 3..., progress: 7%
2026-7-2 16:02:39 - debug: web-mobile:(onAfterBundleInit) start..., progress: 9%
2026-7-2 16:02:39 - debug: web-mobile:(onAfterBundleInit) start..., progress: 7%
2026-7-2 16:02:39 - debug: // ---- build task web-mobile：onAfterBundleInit ----
2026-7-2 16:02:39 - debug: // ---- build task web-mobile：onAfterBundleInit ---- (82ms)
2026-7-2 16:02:39 - debug: web-mobile:(onAfterBundleInit) in 82 ms ✓, progress: 9%
2026-7-2 16:02:39 - debug: web-mobile:(onAfterBundleInit) in 82 ms ✓, progress: 13%
2026-7-2 16:02:39 - debug: 查询 Asset Bundle start, progress: 9%
2026-7-2 16:02:39 - debug: // ---- build task 查询 Asset Bundle ----
2026-7-2 16:02:39 - debug: Init bundle root assets start..., progress: 9%
2026-7-2 16:02:39 - debug: Init bundle root assets start..., progress: 13%
2026-7-2 16:02:39 - debug: Query preload assets/scripts from cc.config.json: 60f7195c-ec2a-45eb-ba94-8955f60e81d0,1c02ae6f-4492-4915-b8f8-7492a3b1e4cd,810e96e4-e456-4468-9b59-f4e8f39732c0,efe8e2a3-eace-427b-b4f1-cb8a937ec77d,e9aa9a3e-5b2b-4ac7-a2c7-073de2b2b24f,8bbdbcdd-5cd4-4100-b6d5-b7c9625b6107,50f4348b-c883-4e2f-8f11-ce233b859fa1,fda095cb-831d-4601-ad94-846013963de8,f92806d7-1768-443f-afe8-12bcde84d0f0,dd3a144d-ab7f-41f0-82b8-2e43a090d496,f0416e68-0200-4b77-a926-4f9d16e494da,511d2633-09a7-4bdd-ac42-f778032124b3,5d45aa00-e064-4938-b314-4265f0c2258c,9361fd90-ba52-4f84-aa93-6e878fd576ca,970b0598-bcb0-4714-91fb-2e81440dccd8,bcd64cc6-2dd9-43f6-abbe-66318d332032,d930590d-bb92-4cc8-8bd1-23cd027f9edf,a3cd009f-0ab0-420d-9278-b9fdab939bbc,6a2d0734-bd9e-4ddf-946e-caa52498cb75,d1346436-ac96-4271-b863-1f4fdead95b0,971bdb23-3ff6-43eb-b422-1c30165a3663,17debcc3-0a6b-4b8a-b00b-dc58b885581e,711ebe11-f673-4cd9-9a83-63c60ba54c5b,c0143906-9aed-447e-9436-2ae8512d1b6e,14da1725-c4c2-42b4-ab08-ee0aeb6898b3,081cab31-dccd-428e-8652-f2404cc81c47,78e0584a-4343-4727-8f37-e14e65c2a2db,ba21476f-2866-4f81-9c4d-6e359316e448,871c3b6c-7379-419d-bda3-794b239ab90d,ff9b0199-ce04-4cfe-86cc-6c719f08d6e4,de1c2107-70c8-4021-8459-6399f24d01c6,cbf30902-517f-40dc-af90-a550bac27cf1,5c601d96-e4c7-4698-991b-7ee674b11079
2026-7-2 16:02:39 - debug:   Number of all scenes: 5
2026-7-2 16:02:39 - debug:   Number of all scripts: 109
2026-7-2 16:02:39 - debug:   Number of other assets: 1152
2026-7-2 16:02:39 - debug: Init bundle root assets success..., progress: 9%
2026-7-2 16:02:39 - debug: Init bundle root assets success..., progress: 13%
2026-7-2 16:02:39 - debug: reload all scripts.
2026-7-2 16:02:39 - log: creating executor ...
2026-7-2 16:02:39 - debug: [[Executor]] reload before lock
2026-7-2 16:02:39 - debug: Set detail map pack:///resolution-detail-map.json: {}
2026-7-2 16:02:39 - groupCollapsed: Invalidate all modules
2026-7-2 16:02:39 - debug: D:\工程项目\PlayableAD\Cocos\TheW\20260615_HYQ\HYQ_Project\temp\programming\packer-driver\targets\editor\chunks\93\93ba276ea7b26ffcdc433fab14afc1ed6f05647b.js resolved to D:\工程项目\PlayableAD\Cocos\TheW\20260615_HYQ\HYQ_Project\temp\programming\packer-driver\targets\editor\chunks\93\93ba276ea7b26ffcdc433fab14afc1ed6f05647b.js is not in module cache!
2026-7-2 16:02:39 - debug: [[Executor]] Module "cce:/internal/x/cc-fu/base" loaded.
2026-7-2 16:02:39 - debug: [[Executor]] Module "cce:/internal/x/cc-fu/gfx-webgl" loaded.
2026-7-2 16:02:39 - debug: [[Executor]] Module "cce:/internal/x/cc-fu/gfx-webgl2" loaded.
2026-7-2 16:02:39 - debug: [[Executor]] Module "cce:/internal/x/cc-fu/gfx-empty" loaded.
2026-7-2 16:02:39 - debug: [[Executor]] Module "cce:/internal/x/cc-fu/gfx-webgpu" loaded.
2026-7-2 16:02:39 - debug: [[Executor]] Module "cce:/internal/x/cc-fu/3d" loaded.
2026-7-2 16:02:39 - debug: [[Executor]] Module "cce:/internal/x/cc-fu/animation" loaded.
2026-7-2 16:02:39 - debug: [[Executor]] Module "cce:/internal/x/cc-fu/skeletal-animation" loaded.
2026-7-2 16:02:39 - debug: [[Executor]] Module "cce:/internal/x/cc-fu/2d" loaded.
2026-7-2 16:02:39 - debug: [[Executor]] Module "cce:/internal/x/cc-fu/sorting" loaded.
2026-7-2 16:02:39 - debug: [[Executor]] Module "cce:/internal/x/cc-fu/rich-text" loaded.
2026-7-2 16:02:39 - debug: [[Executor]] Module "cce:/internal/x/cc-fu/mask" loaded.
2026-7-2 16:02:39 - debug: [[Executor]] Module "cce:/internal/x/cc-fu/graphics" loaded.
2026-7-2 16:02:39 - debug: [[Executor]] Module "cce:/internal/x/cc-fu/ui-skew" loaded.
2026-7-2 16:02:39 - debug: [[Executor]] Module "cce:/internal/x/cc-fu/ui" loaded.
2026-7-2 16:02:39 - debug: [[Executor]] Module "cce:/internal/x/cc-fu/affine-transform" loaded.
2026-7-2 16:02:39 - debug: [[Executor]] Module "cce:/internal/x/cc-fu/sorting-2d" loaded.
2026-7-2 16:02:39 - debug: [[Executor]] Module "cce:/internal/x/cc-fu/particle" loaded.
2026-7-2 16:02:39 - debug: [[Executor]] Module "cce:/internal/x/cc-fu/particle-2d" loaded.
2026-7-2 16:02:39 - debug: [[Executor]] Module "cce:/internal/x/cc-fu/physics-framework" loaded.
2026-7-2 16:02:39 - debug: [[Executor]] Module "cce:/internal/x/cc-fu/physics-cannon" loaded.
2026-7-2 16:02:39 - debug: [[Executor]] Module "cce:/internal/x/cc-fu/physics-physx" loaded.
2026-7-2 16:02:39 - debug: [[Executor]] Module "cce:/internal/x/cc-fu/physics-ammo" loaded.
2026-7-2 16:02:39 - debug: [[Executor]] Module "cce:/internal/x/cc-fu/physics-builtin" loaded.
2026-7-2 16:02:39 - debug: [[Executor]] Module "cce:/internal/x/cc-fu/physics-2d-framework" loaded.
2026-7-2 16:02:39 - debug: [[Executor]] Module "cce:/internal/x/cc-fu/physics-2d-box2d-jsb" loaded.
2026-7-2 16:02:39 - debug: [[Executor]] Module "cce:/internal/x/cc-fu/physics-2d-box2d" loaded.
2026-7-2 16:02:39 - debug: [[Executor]] Module "cce:/internal/x/cc-fu/physics-2d-builtin" loaded.
2026-7-2 16:02:39 - debug: [[Executor]] Module "cce:/internal/x/cc-fu/physics-2d-box2d-wasm" loaded.
2026-7-2 16:02:39 - debug: [[Executor]] Module "cce:/internal/x/cc-fu/intersection-2d" loaded.
2026-7-2 16:02:39 - debug: [[Executor]] Module "cce:/internal/x/cc-fu/primitive" loaded.
2026-7-2 16:02:39 - debug: [[Executor]] Module "cce:/internal/x/cc-fu/profiler" loaded.
2026-7-2 16:02:39 - debug: [[Executor]] Module "cce:/internal/x/cc-fu/geometry-renderer" loaded.
2026-7-2 16:02:39 - debug: [[Executor]] Module "cce:/internal/x/cc-fu/audio" loaded.
2026-7-2 16:02:39 - debug: [[Executor]] Module "cce:/internal/x/cc-fu/video" loaded.
2026-7-2 16:02:39 - debug: [[Executor]] Module "cce:/internal/x/cc-fu/xr" loaded.
2026-7-2 16:02:39 - debug: [[Executor]] Module "cce:/internal/x/cc-fu/light-probe" loaded.
2026-7-2 16:02:39 - debug: [[Executor]] Module "cce:/internal/x/cc-fu/terrain" loaded.
2026-7-2 16:02:39 - debug: [[Executor]] Module "cce:/internal/x/cc-fu/webview" loaded.
2026-7-2 16:02:39 - debug: [[Executor]] Module "cce:/internal/x/cc-fu/tween" loaded.
2026-7-2 16:02:39 - debug: [[Executor]] Module "cce:/internal/x/cc-fu/tiled-map" loaded.
2026-7-2 16:02:39 - debug: [[Executor]] Module "cce:/internal/x/cc-fu/vendor-google" loaded.
2026-7-2 16:02:39 - debug: [[Executor]] Module "cce:/internal/x/cc-fu/spine" loaded.
2026-7-2 16:02:39 - debug: [[Executor]] Module "cce:/internal/x/cc-fu/dragon-bones" loaded.
2026-7-2 16:02:39 - debug: [[Executor]] Module "cce:/internal/x/cc-fu/custom-pipeline" loaded.
2026-7-2 16:02:39 - debug: [[Executor]] Module "cce:/internal/x/cc-fu/custom-pipeline-post-process" loaded.
2026-7-2 16:02:39 - debug: [[Executor]] Module "cce:/internal/x/cc-fu/legacy-pipeline" loaded.
2026-7-2 16:02:39 - debug: [[Executor]] Module "cce:/internal/x/cc-fu/base" loaded.
2026-7-2 16:02:39 - debug: [[Executor]] Module "cce:/internal/x/cc-fu/gfx-webgl" loaded.
2026-7-2 16:02:39 - debug: [[Executor]] Module "cce:/internal/x/cc-fu/gfx-webgl2" loaded.
2026-7-2 16:02:39 - debug: [[Executor]] Module "cce:/internal/x/cc-fu/gfx-empty" loaded.
2026-7-2 16:02:39 - debug: [[Executor]] Module "cce:/internal/x/cc-fu/gfx-webgpu" loaded.
2026-7-2 16:02:39 - debug: [[Executor]] Module "cce:/internal/x/cc-fu/3d" loaded.
2026-7-2 16:02:39 - debug: [[Executor]] Module "cce:/internal/x/cc-fu/animation" loaded.
2026-7-2 16:02:39 - debug: [[Executor]] Module "cce:/internal/x/cc-fu/skeletal-animation" loaded.
2026-7-2 16:02:39 - debug: [[Executor]] Module "cce:/internal/x/cc-fu/2d" loaded.
2026-7-2 16:02:39 - debug: [[Executor]] Module "cce:/internal/x/cc-fu/sorting" loaded.
2026-7-2 16:02:39 - debug: [[Executor]] Module "cce:/internal/x/cc-fu/rich-text" loaded.
2026-7-2 16:02:39 - debug: [[Executor]] Module "cce:/internal/x/cc-fu/mask" loaded.
2026-7-2 16:02:39 - debug: [[Executor]] Module "cce:/internal/x/cc-fu/graphics" loaded.
2026-7-2 16:02:39 - debug: [[Executor]] Module "cce:/internal/x/cc-fu/ui-skew" loaded.
2026-7-2 16:02:39 - debug: [[Executor]] Module "cce:/internal/x/cc-fu/ui" loaded.
2026-7-2 16:02:39 - debug: [[Executor]] Module "cce:/internal/x/cc-fu/affine-transform" loaded.
2026-7-2 16:02:39 - debug: [[Executor]] Module "cce:/internal/x/cc-fu/sorting-2d" loaded.
2026-7-2 16:02:39 - debug: [[Executor]] Module "cce:/internal/x/cc-fu/particle" loaded.
2026-7-2 16:02:39 - debug: [[Executor]] Module "cce:/internal/x/cc-fu/particle-2d" loaded.
2026-7-2 16:02:39 - debug: [[Executor]] Module "cce:/internal/x/cc-fu/physics-framework" loaded.
2026-7-2 16:02:39 - debug: [[Executor]] Module "cce:/internal/x/cc-fu/physics-cannon" loaded.
2026-7-2 16:02:39 - debug: [[Executor]] Module "cce:/internal/x/cc-fu/physics-physx" loaded.
2026-7-2 16:02:39 - debug: [[Executor]] Module "cce:/internal/x/cc-fu/physics-ammo" loaded.
2026-7-2 16:02:39 - debug: [[Executor]] Module "cce:/internal/x/cc-fu/physics-builtin" loaded.
2026-7-2 16:02:39 - debug: [[Executor]] Module "cce:/internal/x/cc-fu/physics-2d-framework" loaded.
2026-7-2 16:02:39 - debug: [[Executor]] Module "cce:/internal/x/cc-fu/physics-2d-box2d" loaded.
2026-7-2 16:02:39 - debug: [[Executor]] Module "cce:/internal/x/cc-fu/physics-2d-builtin" loaded.
2026-7-2 16:02:39 - debug: [[Executor]] Module "cce:/internal/x/cc-fu/physics-2d-box2d-wasm" loaded.
2026-7-2 16:02:39 - debug: [[Executor]] Module "cce:/internal/x/cc-fu/intersection-2d" loaded.
2026-7-2 16:02:39 - debug: [[Executor]] Module "cce:/internal/x/cc-fu/primitive" loaded.
2026-7-2 16:02:39 - debug: [[Executor]] Module "cce:/internal/x/cc-fu/profiler" loaded.
2026-7-2 16:02:39 - debug: [[Executor]] Module "cce:/internal/x/cc-fu/geometry-renderer" loaded.
2026-7-2 16:02:39 - debug: [[Executor]] Module "cce:/internal/x/cc-fu/audio" loaded.
2026-7-2 16:02:39 - debug: [[Executor]] Module "cce:/internal/x/cc-fu/video" loaded.
2026-7-2 16:02:39 - debug: [[Executor]] Module "cce:/internal/x/cc-fu/xr" loaded.
2026-7-2 16:02:39 - debug: [[Executor]] Module "cce:/internal/x/cc-fu/light-probe" loaded.
2026-7-2 16:02:39 - debug: [[Executor]] Module "cce:/internal/x/cc-fu/terrain" loaded.
2026-7-2 16:02:39 - debug: [[Executor]] Module "cce:/internal/x/cc-fu/webview" loaded.
2026-7-2 16:02:39 - debug: [[Executor]] Module "cce:/internal/x/cc-fu/tween" loaded.
2026-7-2 16:02:39 - debug: [[Executor]] Module "cce:/internal/x/cc-fu/tiled-map" loaded.
2026-7-2 16:02:39 - debug: [[Executor]] Module "cce:/internal/x/cc-fu/spine" loaded.
2026-7-2 16:02:39 - debug: [[Executor]] Module "cce:/internal/x/cc-fu/dragon-bones" loaded.
2026-7-2 16:02:39 - debug: [[Executor]] Module "cce:/internal/x/cc-fu/custom-pipeline" loaded.
2026-7-2 16:02:39 - debug: [[Executor]] Module "cce:/internal/x/cc-fu/custom-pipeline-post-process" loaded.
2026-7-2 16:02:39 - debug: [[Executor]] Module "cce:/internal/x/cc-fu/legacy-pipeline" loaded.
2026-7-2 16:02:39 - debug: [[Executor]] Module "cce:/internal/x/cc-fu/vendor-google" loaded.
2026-7-2 16:02:39 - debug: [[Executor]] Module "cce:/internal/x/cc-fu/physics-2d-box2d-jsb" loaded.
2026-7-2 16:02:39 - debug: [[Executor]] Module "pack:///chunks/93/93ba276ea7b26ffcdc433fab14afc1ed6f05647b.js" loaded.
2026-7-2 16:02:39 - debug: Invalidating 'pack:///chunks/93/93ba276ea7b26ffcdc433fab14afc1ed6f05647b.js'
2026-7-2 16:02:39 - groupEnd: Invalidate all modules
2026-7-2 16:02:39 - groupCollapsed: Imports all modules
2026-7-2 16:02:39 - debug: [[Executor]] Module "pack:///chunks/93/93ba276ea7b26ffcdc433fab14afc1ed6f05647b.js" loaded.
2026-7-2 16:02:39 - debug: D:\工程项目\PlayableAD\Cocos\TheW\20260615_HYQ\HYQ_Project\temp\programming\packer-driver\targets\editor\chunks\6d\6d8fd2b0177941b032ddc0733af48a561fb60657.js resolved to D:\工程项目\PlayableAD\Cocos\TheW\20260615_HYQ\HYQ_Project\temp\programming\packer-driver\targets\editor\chunks\6d\6d8fd2b0177941b032ddc0733af48a561fb60657.js is not in module cache!
2026-7-2 16:02:39 - debug: [[Executor]] Module "pack:///chunks/6d/6d8fd2b0177941b032ddc0733af48a561fb60657.js" loaded.
2026-7-2 16:02:39 - debug: D:\工程项目\PlayableAD\Cocos\TheW\20260615_HYQ\HYQ_Project\temp\programming\packer-driver\targets\editor\chunks\f2\f22794b1c95bc92b6e994a97e9b193af020adc12.js resolved to D:\工程项目\PlayableAD\Cocos\TheW\20260615_HYQ\HYQ_Project\temp\programming\packer-driver\targets\editor\chunks\f2\f22794b1c95bc92b6e994a97e9b193af020adc12.js is not in module cache!
2026-7-2 16:02:39 - debug: D:\工程项目\PlayableAD\Cocos\TheW\20260615_HYQ\HYQ_Project\temp\programming\packer-driver\targets\editor\chunks\c9\c9d891290a54ec567f150962e76c6bf9cdf47b3b.js resolved to D:\工程项目\PlayableAD\Cocos\TheW\20260615_HYQ\HYQ_Project\temp\programming\packer-driver\targets\editor\chunks\c9\c9d891290a54ec567f150962e76c6bf9cdf47b3b.js is not in module cache!
2026-7-2 16:02:39 - debug: D:\工程项目\PlayableAD\Cocos\TheW\20260615_HYQ\HYQ_Project\temp\programming\packer-driver\targets\editor\chunks\d9\d980f46bad1521f99cf9b02f6f4709610973859b.js resolved to D:\工程项目\PlayableAD\Cocos\TheW\20260615_HYQ\HYQ_Project\temp\programming\packer-driver\targets\editor\chunks\d9\d980f46bad1521f99cf9b02f6f4709610973859b.js is not in module cache!
2026-7-2 16:02:39 - debug: D:\工程项目\PlayableAD\Cocos\TheW\20260615_HYQ\HYQ_Project\temp\programming\packer-driver\targets\editor\chunks\04\04f62969dc20e2c08fceeca28e5f160f93c57d48.js resolved to D:\工程项目\PlayableAD\Cocos\TheW\20260615_HYQ\HYQ_Project\temp\programming\packer-driver\targets\editor\chunks\04\04f62969dc20e2c08fceeca28e5f160f93c57d48.js is not in module cache!
2026-7-2 16:02:39 - debug: D:\工程项目\PlayableAD\Cocos\TheW\20260615_HYQ\HYQ_Project\temp\programming\packer-driver\targets\editor\chunks\6a\6a5019a719a9014c047e67aa1cf34453ab8392ce.js resolved to D:\工程项目\PlayableAD\Cocos\TheW\20260615_HYQ\HYQ_Project\temp\programming\packer-driver\targets\editor\chunks\6a\6a5019a719a9014c047e67aa1cf34453ab8392ce.js is not in module cache!
2026-7-2 16:02:39 - debug: D:\工程项目\PlayableAD\Cocos\TheW\20260615_HYQ\HYQ_Project\temp\programming\packer-driver\targets\editor\chunks\84\84fdd98491917343dab9e13fe8b5a70bd6a363c2.js resolved to D:\工程项目\PlayableAD\Cocos\TheW\20260615_HYQ\HYQ_Project\temp\programming\packer-driver\targets\editor\chunks\84\84fdd98491917343dab9e13fe8b5a70bd6a363c2.js is not in module cache!
2026-7-2 16:02:39 - debug: [[Executor]] Module "pack:///chunks/6a/6a5019a719a9014c047e67aa1cf34453ab8392ce.js" loaded.
2026-7-2 16:02:39 - debug: [[Executor]] Module "cce:/internal/x/engine-export-to-editor/cc/editor/populate-internal-constants" loaded.
2026-7-2 16:02:39 - debug: [[Executor]] Module "pack:///chunks/84/84fdd98491917343dab9e13fe8b5a70bd6a363c2.js" loaded.
2026-7-2 16:02:39 - debug: [[Executor]] Module "cce:/internal/x/engine-export-to-editor/cc/editor/populate-internal-constants" loaded.
2026-7-2 16:02:39 - debug: [[Executor]] Register BuiltinPipelineSettings
2026-7-2 16:02:39 - debug: [[Executor]] Module "pack:///chunks/c9/c9d891290a54ec567f150962e76c6bf9cdf47b3b.js" loaded.
2026-7-2 16:02:39 - debug: [[Executor]] Module "pack:///chunks/04/04f62969dc20e2c08fceeca28e5f160f93c57d48.js" loaded.
2026-7-2 16:02:39 - debug: [[Executor]] Register BuiltinPipelinePassBuilder
2026-7-2 16:02:39 - debug: [[Executor]] Module "pack:///chunks/d9/d980f46bad1521f99cf9b02f6f4709610973859b.js" loaded.
2026-7-2 16:02:39 - debug: [[Executor]] Register BuiltinDepthOfFieldPass
2026-7-2 16:02:39 - debug: [[Executor]] Module "pack:///chunks/f2/f22794b1c95bc92b6e994a97e9b193af020adc12.js" loaded.
2026-7-2 16:02:39 - debug: D:\工程项目\PlayableAD\Cocos\TheW\20260615_HYQ\HYQ_Project\temp\programming\packer-driver\targets\editor\chunks\e0\e099fc7c0597d98bad93ecd30952e1955267ade1.js resolved to D:\工程项目\PlayableAD\Cocos\TheW\20260615_HYQ\HYQ_Project\temp\programming\packer-driver\targets\editor\chunks\e0\e099fc7c0597d98bad93ecd30952e1955267ade1.js is not in module cache!
2026-7-2 16:02:39 - debug: [[Executor]] Register DebugViewRuntimeControl
2026-7-2 16:02:39 - debug: [[Executor]] Module "pack:///chunks/e0/e099fc7c0597d98bad93ecd30952e1955267ade1.js" loaded.
2026-7-2 16:02:39 - debug: D:\工程项目\PlayableAD\Cocos\TheW\20260615_HYQ\HYQ_Project\temp\programming\packer-driver\targets\editor\chunks\e2\e2118395860d446afdd7349c12bbbbd5ff0a8915.js resolved to D:\工程项目\PlayableAD\Cocos\TheW\20260615_HYQ\HYQ_Project\temp\programming\packer-driver\targets\editor\chunks\e2\e2118395860d446afdd7349c12bbbbd5ff0a8915.js is not in module cache!
2026-7-2 16:02:39 - debug: [[Executor]] Register Lightning
2026-7-2 16:02:39 - debug: [[Executor]] Module "pack:///chunks/e2/e2118395860d446afdd7349c12bbbbd5ff0a8915.js" loaded.
2026-7-2 16:02:39 - debug: D:\工程项目\PlayableAD\Cocos\TheW\20260615_HYQ\HYQ_Project\temp\programming\packer-driver\targets\editor\chunks\e9\e96bc804d4af33012a1ad5c19177a551c107f2ae.js resolved to D:\工程项目\PlayableAD\Cocos\TheW\20260615_HYQ\HYQ_Project\temp\programming\packer-driver\targets\editor\chunks\e9\e96bc804d4af33012a1ad5c19177a551c107f2ae.js is not in module cache!
2026-7-2 16:02:39 - debug: [[Executor]] Module "pack:///chunks/e9/e96bc804d4af33012a1ad5c19177a551c107f2ae.js" loaded.
2026-7-2 16:02:39 - debug: D:\工程项目\PlayableAD\Cocos\TheW\20260615_HYQ\HYQ_Project\temp\programming\packer-driver\targets\editor\chunks\14\14cec8e3738599ab9965ee6a2127491eba1361af.js resolved to D:\工程项目\PlayableAD\Cocos\TheW\20260615_HYQ\HYQ_Project\temp\programming\packer-driver\targets\editor\chunks\14\14cec8e3738599ab9965ee6a2127491eba1361af.js is not in module cache!
2026-7-2 16:02:39 - debug: D:\工程项目\PlayableAD\Cocos\TheW\20260615_HYQ\HYQ_Project\temp\programming\packer-driver\targets\editor\chunks\4d\4d6662648c8c361d9de350d72c1ab0a8e7508014.js resolved to D:\工程项目\PlayableAD\Cocos\TheW\20260615_HYQ\HYQ_Project\temp\programming\packer-driver\targets\editor\chunks\4d\4d6662648c8c361d9de350d72c1ab0a8e7508014.js is not in module cache!
2026-7-2 16:02:39 - debug: D:\工程项目\PlayableAD\Cocos\TheW\20260615_HYQ\HYQ_Project\temp\programming\packer-driver\targets\editor\chunks\31\31cebe8e0355019a96c8dc216aed673e195b2a53.js resolved to D:\工程项目\PlayableAD\Cocos\TheW\20260615_HYQ\HYQ_Project\temp\programming\packer-driver\targets\editor\chunks\31\31cebe8e0355019a96c8dc216aed673e195b2a53.js is not in module cache!
2026-7-2 16:02:39 - debug: [[Executor]] Module "pack:///chunks/31/31cebe8e0355019a96c8dc216aed673e195b2a53.js" loaded.
2026-7-2 16:02:39 - debug: [[Executor]] Register LayerManager
2026-7-2 16:02:39 - debug: [[Executor]] Module "pack:///chunks/4d/4d6662648c8c361d9de350d72c1ab0a8e7508014.js" loaded.
2026-7-2 16:02:39 - debug: [[Executor]] Register CameraMove
2026-7-2 16:02:39 - debug: [[Executor]] Module "pack:///chunks/14/14cec8e3738599ab9965ee6a2127491eba1361af.js" loaded.
2026-7-2 16:02:39 - debug: D:\工程项目\PlayableAD\Cocos\TheW\20260615_HYQ\HYQ_Project\temp\programming\packer-driver\targets\editor\chunks\3f\3fc33806253ded99e50ac9220c73832ef2904ca7.js resolved to D:\工程项目\PlayableAD\Cocos\TheW\20260615_HYQ\HYQ_Project\temp\programming\packer-driver\targets\editor\chunks\3f\3fc33806253ded99e50ac9220c73832ef2904ca7.js is not in module cache!
2026-7-2 16:02:39 - debug: D:\工程项目\PlayableAD\Cocos\TheW\20260615_HYQ\HYQ_Project\temp\programming\packer-driver\targets\editor\chunks\56\5601ae9cf318e5c14df7d30ca1cafe71734c982a.js resolved to D:\工程项目\PlayableAD\Cocos\TheW\20260615_HYQ\HYQ_Project\temp\programming\packer-driver\targets\editor\chunks\56\5601ae9cf318e5c14df7d30ca1cafe71734c982a.js is not in module cache!
2026-7-2 16:02:39 - debug: [[Executor]] Module "pack:///chunks/56/5601ae9cf318e5c14df7d30ca1cafe71734c982a.js" loaded.
2026-7-2 16:02:39 - debug: [[Executor]] Module "pack:///chunks/3f/3fc33806253ded99e50ac9220c73832ef2904ca7.js" loaded.
2026-7-2 16:02:39 - debug: D:\工程项目\PlayableAD\Cocos\TheW\20260615_HYQ\HYQ_Project\temp\programming\packer-driver\targets\editor\chunks\90\901a8f42214a0198b9aca11ce347c093cca5e26c.js resolved to D:\工程项目\PlayableAD\Cocos\TheW\20260615_HYQ\HYQ_Project\temp\programming\packer-driver\targets\editor\chunks\90\901a8f42214a0198b9aca11ce347c093cca5e26c.js is not in module cache!
2026-7-2 16:02:39 - debug: D:\工程项目\PlayableAD\Cocos\TheW\20260615_HYQ\HYQ_Project\temp\programming\packer-driver\targets\editor\chunks\8a\8ae7d51cc818f718270f9e2ad9b78b6df4ffa62c.js resolved to D:\工程项目\PlayableAD\Cocos\TheW\20260615_HYQ\HYQ_Project\temp\programming\packer-driver\targets\editor\chunks\8a\8ae7d51cc818f718270f9e2ad9b78b6df4ffa62c.js is not in module cache!
2026-7-2 16:02:39 - debug: D:\工程项目\PlayableAD\Cocos\TheW\20260615_HYQ\HYQ_Project\temp\programming\packer-driver\targets\editor\chunks\8b\8b1077471006cad018e02beccd0bed5dcc54c671.js resolved to D:\工程项目\PlayableAD\Cocos\TheW\20260615_HYQ\HYQ_Project\temp\programming\packer-driver\targets\editor\chunks\8b\8b1077471006cad018e02beccd0bed5dcc54c671.js is not in module cache!
2026-7-2 16:02:39 - debug: D:\工程项目\PlayableAD\Cocos\TheW\20260615_HYQ\HYQ_Project\temp\programming\packer-driver\targets\editor\chunks\a1\a1d124b8795c6e55160d2ce5ecbd41437847152f.js resolved to D:\工程项目\PlayableAD\Cocos\TheW\20260615_HYQ\HYQ_Project\temp\programming\packer-driver\targets\editor\chunks\a1\a1d124b8795c6e55160d2ce5ecbd41437847152f.js is not in module cache!
2026-7-2 16:02:39 - debug: D:\工程项目\PlayableAD\Cocos\TheW\20260615_HYQ\HYQ_Project\temp\programming\packer-driver\targets\editor\chunks\84\8436bf0d6f6a392b090fff8471ad48b32970414b.js resolved to D:\工程项目\PlayableAD\Cocos\TheW\20260615_HYQ\HYQ_Project\temp\programming\packer-driver\targets\editor\chunks\84\8436bf0d6f6a392b090fff8471ad48b32970414b.js is not in module cache!
2026-7-2 16:02:39 - debug: D:\工程项目\PlayableAD\Cocos\TheW\20260615_HYQ\HYQ_Project\temp\programming\packer-driver\targets\editor\chunks\f2\f20c45b49501fbe07d44e99d95c2c506a06a0ecd.js resolved to D:\工程项目\PlayableAD\Cocos\TheW\20260615_HYQ\HYQ_Project\temp\programming\packer-driver\targets\editor\chunks\f2\f20c45b49501fbe07d44e99d95c2c506a06a0ecd.js is not in module cache!
2026-7-2 16:02:39 - debug: D:\工程项目\PlayableAD\Cocos\TheW\20260615_HYQ\HYQ_Project\temp\programming\packer-driver\targets\editor\chunks\79\798785a3f67288cbb075d5efa15a2c266208a881.js resolved to D:\工程项目\PlayableAD\Cocos\TheW\20260615_HYQ\HYQ_Project\temp\programming\packer-driver\targets\editor\chunks\79\798785a3f67288cbb075d5efa15a2c266208a881.js is not in module cache!
2026-7-2 16:02:39 - debug: [[Executor]] Register UnityUpComponent
2026-7-2 16:02:39 - debug: [[Executor]] Module "pack:///chunks/8a/8ae7d51cc818f718270f9e2ad9b78b6df4ffa62c.js" loaded.
2026-7-2 16:02:39 - debug: [[Executor]] Module "pack:///chunks/79/798785a3f67288cbb075d5efa15a2c266208a881.js" loaded.
2026-7-2 16:02:39 - debug: [[Executor]] Module "pack:///chunks/84/8436bf0d6f6a392b090fff8471ad48b32970414b.js" loaded.
2026-7-2 16:02:39 - debug: [[Executor]] Module "pack:///chunks/f2/f20c45b49501fbe07d44e99d95c2c506a06a0ecd.js" loaded.
2026-7-2 16:02:39 - debug: [[Executor]] Module "pack:///chunks/8b/8b1077471006cad018e02beccd0bed5dcc54c671.js" loaded.
2026-7-2 16:02:39 - debug: [[Executor]] Register RotationDrive
2026-7-2 16:02:39 - debug: [[Executor]] Module "pack:///chunks/a1/a1d124b8795c6e55160d2ce5ecbd41437847152f.js" loaded.
2026-7-2 16:02:39 - debug: [[Executor]] Register MoveDrive
2026-7-2 16:02:39 - debug: [[Executor]] Module "pack:///chunks/90/901a8f42214a0198b9aca11ce347c093cca5e26c.js" loaded.
2026-7-2 16:02:39 - debug: D:\工程项目\PlayableAD\Cocos\TheW\20260615_HYQ\HYQ_Project\temp\programming\packer-driver\targets\editor\chunks\eb\eb316915c4446a477164305c14374917acb92a23.js resolved to D:\工程项目\PlayableAD\Cocos\TheW\20260615_HYQ\HYQ_Project\temp\programming\packer-driver\targets\editor\chunks\eb\eb316915c4446a477164305c14374917acb92a23.js is not in module cache!
2026-7-2 16:02:39 - debug: [[Executor]] Register RotationVector
2026-7-2 16:02:39 - debug: [[Executor]] Module "pack:///chunks/eb/eb316915c4446a477164305c14374917acb92a23.js" loaded.
2026-7-2 16:02:39 - debug: D:\工程项目\PlayableAD\Cocos\TheW\20260615_HYQ\HYQ_Project\temp\programming\packer-driver\targets\editor\chunks\e9\e950dd2519065be1280daf69ce7f6b07e4d0caaa.js resolved to D:\工程项目\PlayableAD\Cocos\TheW\20260615_HYQ\HYQ_Project\temp\programming\packer-driver\targets\editor\chunks\e9\e950dd2519065be1280daf69ce7f6b07e4d0caaa.js is not in module cache!
2026-7-2 16:02:39 - debug: [[Executor]] Register PrefabsRes
2026-7-2 16:02:39 - debug: [[Executor]] Register PrefabsManager
2026-7-2 16:02:39 - debug: [[Executor]] Module "pack:///chunks/e9/e950dd2519065be1280daf69ce7f6b07e4d0caaa.js" loaded.
2026-7-2 16:02:39 - debug: D:\工程项目\PlayableAD\Cocos\TheW\20260615_HYQ\HYQ_Project\temp\programming\packer-driver\targets\editor\chunks\f0\f04c2dd9d3cc608a6f46e13bb5d3c46aa5633baf.js resolved to D:\工程项目\PlayableAD\Cocos\TheW\20260615_HYQ\HYQ_Project\temp\programming\packer-driver\targets\editor\chunks\f0\f04c2dd9d3cc608a6f46e13bb5d3c46aa5633baf.js is not in module cache!
2026-7-2 16:02:39 - debug: D:\工程项目\PlayableAD\Cocos\TheW\20260615_HYQ\HYQ_Project\temp\programming\packer-driver\targets\editor\chunks\ed\edbdde40fab9baf06e704beb85e64d72f20aefb8.js resolved to D:\工程项目\PlayableAD\Cocos\TheW\20260615_HYQ\HYQ_Project\temp\programming\packer-driver\targets\editor\chunks\ed\edbdde40fab9baf06e704beb85e64d72f20aefb8.js is not in module cache!
2026-7-2 16:02:39 - debug: [[Executor]] Register L18nManager
2026-7-2 16:02:39 - debug: [[Executor]] Module "pack:///chunks/ed/edbdde40fab9baf06e704beb85e64d72f20aefb8.js" loaded.
2026-7-2 16:02:39 - debug: [[Executor]] Register DownLoadL8
2026-7-2 16:02:39 - debug: [[Executor]] Module "pack:///chunks/f0/f04c2dd9d3cc608a6f46e13bb5d3c46aa5633baf.js" loaded.
2026-7-2 16:02:39 - debug: D:\工程项目\PlayableAD\Cocos\TheW\20260615_HYQ\HYQ_Project\temp\programming\packer-driver\targets\editor\chunks\f8\f8baeccf8cf047db05161c9b9e8b6b4ff9eefe2f.js resolved to D:\工程项目\PlayableAD\Cocos\TheW\20260615_HYQ\HYQ_Project\temp\programming\packer-driver\targets\editor\chunks\f8\f8baeccf8cf047db05161c9b9e8b6b4ff9eefe2f.js is not in module cache!
2026-7-2 16:02:39 - debug: [[Executor]] Register DownLoadL8
2026-7-2 16:02:39 - debug: [[Executor]] Module "pack:///chunks/f8/f8baeccf8cf047db05161c9b9e8b6b4ff9eefe2f.js" loaded.
2026-7-2 16:02:39 - debug: D:\工程项目\PlayableAD\Cocos\TheW\20260615_HYQ\HYQ_Project\temp\programming\packer-driver\targets\editor\chunks\63\633ac4308370832c1c78b9f28702617696f6e9fb.js resolved to D:\工程项目\PlayableAD\Cocos\TheW\20260615_HYQ\HYQ_Project\temp\programming\packer-driver\targets\editor\chunks\63\633ac4308370832c1c78b9f28702617696f6e9fb.js is not in module cache!
2026-7-2 16:02:39 - debug: [[Executor]] Register LangArrAuto
2026-7-2 16:02:39 - debug: [[Executor]] Module "pack:///chunks/63/633ac4308370832c1c78b9f28702617696f6e9fb.js" loaded.
2026-7-2 16:02:39 - debug: D:\工程项目\PlayableAD\Cocos\TheW\20260615_HYQ\HYQ_Project\temp\programming\packer-driver\targets\editor\chunks\f5\f570589f727cbf96139a6869e201d7a87544da71.js resolved to D:\工程项目\PlayableAD\Cocos\TheW\20260615_HYQ\HYQ_Project\temp\programming\packer-driver\targets\editor\chunks\f5\f570589f727cbf96139a6869e201d7a87544da71.js is not in module cache!
2026-7-2 16:02:39 - debug: [[Executor]] Register LangAuto
2026-7-2 16:02:39 - debug: [[Executor]] Module "pack:///chunks/f5/f570589f727cbf96139a6869e201d7a87544da71.js" loaded.
2026-7-2 16:02:39 - debug: D:\工程项目\PlayableAD\Cocos\TheW\20260615_HYQ\HYQ_Project\temp\programming\packer-driver\targets\editor\chunks\40\407fe08f85a1575a06beb3692d40cf36d9684f58.js resolved to D:\工程项目\PlayableAD\Cocos\TheW\20260615_HYQ\HYQ_Project\temp\programming\packer-driver\targets\editor\chunks\40\407fe08f85a1575a06beb3692d40cf36d9684f58.js is not in module cache!
2026-7-2 16:02:39 - debug: [[Executor]] Register ResurrectionL8
2026-7-2 16:02:39 - debug: [[Executor]] Module "pack:///chunks/40/407fe08f85a1575a06beb3692d40cf36d9684f58.js" loaded.
2026-7-2 16:02:39 - debug: D:\工程项目\PlayableAD\Cocos\TheW\20260615_HYQ\HYQ_Project\temp\programming\packer-driver\targets\editor\chunks\0f\0fd75e1d9556ba520ee98c89195f9d0594110ad2.js resolved to D:\工程项目\PlayableAD\Cocos\TheW\20260615_HYQ\HYQ_Project\temp\programming\packer-driver\targets\editor\chunks\0f\0fd75e1d9556ba520ee98c89195f9d0594110ad2.js is not in module cache!
2026-7-2 16:02:39 - debug: [[Executor]] Module "pack:///chunks/0f/0fd75e1d9556ba520ee98c89195f9d0594110ad2.js" loaded.
2026-7-2 16:02:39 - debug: D:\工程项目\PlayableAD\Cocos\TheW\20260615_HYQ\HYQ_Project\temp\programming\packer-driver\targets\editor\chunks\84\84bbaa7f2e1a0639f57f755b935e1acb7d73f78e.js resolved to D:\工程项目\PlayableAD\Cocos\TheW\20260615_HYQ\HYQ_Project\temp\programming\packer-driver\targets\editor\chunks\84\84bbaa7f2e1a0639f57f755b935e1acb7d73f78e.js is not in module cache!
2026-7-2 16:02:39 - debug: D:\工程项目\PlayableAD\Cocos\TheW\20260615_HYQ\HYQ_Project\temp\programming\packer-driver\targets\editor\chunks\5f\5fdfd08a9c16dc742e66ef16a5a8e13f5f831a3e.js resolved to D:\工程项目\PlayableAD\Cocos\TheW\20260615_HYQ\HYQ_Project\temp\programming\packer-driver\targets\editor\chunks\5f\5fdfd08a9c16dc742e66ef16a5a8e13f5f831a3e.js is not in module cache!
2026-7-2 16:02:39 - debug: D:\工程项目\PlayableAD\Cocos\TheW\20260615_HYQ\HYQ_Project\temp\programming\packer-driver\targets\editor\chunks\2e\2edb51f2f57b638345a2b9d561f476b67029b574.js resolved to D:\工程项目\PlayableAD\Cocos\TheW\20260615_HYQ\HYQ_Project\temp\programming\packer-driver\targets\editor\chunks\2e\2edb51f2f57b638345a2b9d561f476b67029b574.js is not in module cache!
2026-7-2 16:02:39 - debug: D:\工程项目\PlayableAD\Cocos\TheW\20260615_HYQ\HYQ_Project\temp\programming\packer-driver\targets\editor\chunks\4c\4c2851018e56f823e74c2b3e2117156bcb9e76d0.js resolved to D:\工程项目\PlayableAD\Cocos\TheW\20260615_HYQ\HYQ_Project\temp\programming\packer-driver\targets\editor\chunks\4c\4c2851018e56f823e74c2b3e2117156bcb9e76d0.js is not in module cache!
2026-7-2 16:02:39 - debug: D:\工程项目\PlayableAD\Cocos\TheW\20260615_HYQ\HYQ_Project\temp\programming\packer-driver\targets\editor\chunks\ec\ecb76259f390974cf14cad52564b11281c42a7e6.js resolved to D:\工程项目\PlayableAD\Cocos\TheW\20260615_HYQ\HYQ_Project\temp\programming\packer-driver\targets\editor\chunks\ec\ecb76259f390974cf14cad52564b11281c42a7e6.js is not in module cache!
2026-7-2 16:02:39 - debug: D:\工程项目\PlayableAD\Cocos\TheW\20260615_HYQ\HYQ_Project\temp\programming\packer-driver\targets\editor\chunks\38\38483f6f68b174c6aad120536d38c3642cb0e458.js resolved to D:\工程项目\PlayableAD\Cocos\TheW\20260615_HYQ\HYQ_Project\temp\programming\packer-driver\targets\editor\chunks\38\38483f6f68b174c6aad120536d38c3642cb0e458.js is not in module cache!
2026-7-2 16:02:39 - debug: D:\工程项目\PlayableAD\Cocos\TheW\20260615_HYQ\HYQ_Project\temp\programming\packer-driver\targets\editor\chunks\e5\e5fea8c54230bb378b45e63a8ea8186bdeccbbe2.js resolved to D:\工程项目\PlayableAD\Cocos\TheW\20260615_HYQ\HYQ_Project\temp\programming\packer-driver\targets\editor\chunks\e5\e5fea8c54230bb378b45e63a8ea8186bdeccbbe2.js is not in module cache!
2026-7-2 16:02:39 - debug: D:\工程项目\PlayableAD\Cocos\TheW\20260615_HYQ\HYQ_Project\temp\programming\packer-driver\targets\editor\chunks\b6\b6919de7425c243c4e1697f376cb4f6f6b2769a4.js resolved to D:\工程项目\PlayableAD\Cocos\TheW\20260615_HYQ\HYQ_Project\temp\programming\packer-driver\targets\editor\chunks\b6\b6919de7425c243c4e1697f376cb4f6f6b2769a4.js is not in module cache!
2026-7-2 16:02:39 - debug: D:\工程项目\PlayableAD\Cocos\TheW\20260615_HYQ\HYQ_Project\temp\programming\packer-driver\targets\editor\chunks\d5\d58c1ab1b696259af8c3b1384857266dba055462.js resolved to D:\工程项目\PlayableAD\Cocos\TheW\20260615_HYQ\HYQ_Project\temp\programming\packer-driver\targets\editor\chunks\d5\d58c1ab1b696259af8c3b1384857266dba055462.js is not in module cache!
2026-7-2 16:02:39 - debug: D:\工程项目\PlayableAD\Cocos\TheW\20260615_HYQ\HYQ_Project\temp\programming\packer-driver\targets\editor\chunks\41\4103e3b8e8be7d1b0e7a8a67f28a2c29fe9aa2dc.js resolved to D:\工程项目\PlayableAD\Cocos\TheW\20260615_HYQ\HYQ_Project\temp\programming\packer-driver\targets\editor\chunks\41\4103e3b8e8be7d1b0e7a8a67f28a2c29fe9aa2dc.js is not in module cache!
2026-7-2 16:02:39 - debug: D:\工程项目\PlayableAD\Cocos\TheW\20260615_HYQ\HYQ_Project\temp\programming\packer-driver\targets\editor\chunks\f6\f6cf9b6088316a765dbcd0b22eb496d3f4be80dc.js resolved to D:\工程项目\PlayableAD\Cocos\TheW\20260615_HYQ\HYQ_Project\temp\programming\packer-driver\targets\editor\chunks\f6\f6cf9b6088316a765dbcd0b22eb496d3f4be80dc.js is not in module cache!
2026-7-2 16:02:39 - debug: [[Executor]] Register Prop
2026-7-2 16:02:39 - debug: [[Executor]] Module "pack:///chunks/4c/4c2851018e56f823e74c2b3e2117156bcb9e76d0.js" loaded.
2026-7-2 16:02:39 - debug: [[Executor]] Module "pack:///chunks/f6/f6cf9b6088316a765dbcd0b22eb496d3f4be80dc.js" loaded.
2026-7-2 16:02:39 - debug: [[Executor]] Module "pack:///chunks/ec/ecb76259f390974cf14cad52564b11281c42a7e6.js" loaded.
2026-7-2 16:02:39 - debug: [[Executor]] Module "pack:///chunks/38/38483f6f68b174c6aad120536d38c3642cb0e458.js" loaded.
2026-7-2 16:02:39 - debug: [[Executor]] Register JumpDriveEngine
2026-7-2 16:02:39 - debug: [[Executor]] Module "pack:///chunks/e5/e5fea8c54230bb378b45e63a8ea8186bdeccbbe2.js" loaded.
2026-7-2 16:02:39 - debug: [[Executor]] Module "pack:///chunks/d5/d58c1ab1b696259af8c3b1384857266dba055462.js" loaded.
2026-7-2 16:02:39 - debug: [[Executor]] Module "pack:///chunks/b6/b6919de7425c243c4e1697f376cb4f6f6b2769a4.js" loaded.
2026-7-2 16:02:39 - debug: [[Executor]] Module "pack:///chunks/41/4103e3b8e8be7d1b0e7a8a67f28a2c29fe9aa2dc.js" loaded.
2026-7-2 16:02:39 - debug: [[Executor]] Module "pack:///chunks/2e/2edb51f2f57b638345a2b9d561f476b67029b574.js" loaded.
2026-7-2 16:02:39 - debug: [[Executor]] Module "pack:///chunks/5f/5fdfd08a9c16dc742e66ef16a5a8e13f5f831a3e.js" loaded.
2026-7-2 16:02:39 - debug: [[Executor]] Register BagBase
2026-7-2 16:02:39 - debug: [[Executor]] Module "pack:///chunks/84/84bbaa7f2e1a0639f57f755b935e1acb7d73f78e.js" loaded.
2026-7-2 16:02:39 - debug: D:\工程项目\PlayableAD\Cocos\TheW\20260615_HYQ\HYQ_Project\temp\programming\packer-driver\targets\editor\chunks\80\80f420cd19a5967732f7f177a68c3670990311d3.js resolved to D:\工程项目\PlayableAD\Cocos\TheW\20260615_HYQ\HYQ_Project\temp\programming\packer-driver\targets\editor\chunks\80\80f420cd19a5967732f7f177a68c3670990311d3.js is not in module cache!
2026-7-2 16:02:39 - debug: [[Executor]] Register FlayPropManager
2026-7-2 16:02:39 - debug: [[Executor]] Module "pack:///chunks/80/80f420cd19a5967732f7f177a68c3670990311d3.js" loaded.
2026-7-2 16:02:39 - debug: D:\工程项目\PlayableAD\Cocos\TheW\20260615_HYQ\HYQ_Project\temp\programming\packer-driver\targets\editor\chunks\b5\b5c69e24499acddd297e4328687b0ea934b109d5.js resolved to D:\工程项目\PlayableAD\Cocos\TheW\20260615_HYQ\HYQ_Project\temp\programming\packer-driver\targets\editor\chunks\b5\b5c69e24499acddd297e4328687b0ea934b109d5.js is not in module cache!
2026-7-2 16:02:39 - debug: [[Executor]] Register GroupBag3D
2026-7-2 16:02:39 - debug: [[Executor]] Module "pack:///chunks/b5/b5c69e24499acddd297e4328687b0ea934b109d5.js" loaded.
2026-7-2 16:02:39 - debug: D:\工程项目\PlayableAD\Cocos\TheW\20260615_HYQ\HYQ_Project\temp\programming\packer-driver\targets\editor\chunks\7e\7e52be47c960966fc7d962b7957dbbce1047514e.js resolved to D:\工程项目\PlayableAD\Cocos\TheW\20260615_HYQ\HYQ_Project\temp\programming\packer-driver\targets\editor\chunks\7e\7e52be47c960966fc7d962b7957dbbce1047514e.js is not in module cache!
2026-7-2 16:02:39 - debug: [[Executor]] Register GroupPropTransform
2026-7-2 16:02:39 - debug: [[Executor]] Module "pack:///chunks/7e/7e52be47c960966fc7d962b7957dbbce1047514e.js" loaded.
2026-7-2 16:02:39 - debug: D:\工程项目\PlayableAD\Cocos\TheW\20260615_HYQ\HYQ_Project\temp\programming\packer-driver\targets\editor\chunks\f4\f4bb2b73aacdc0370fc65face1ef60d9e8732bfd.js resolved to D:\工程项目\PlayableAD\Cocos\TheW\20260615_HYQ\HYQ_Project\temp\programming\packer-driver\targets\editor\chunks\f4\f4bb2b73aacdc0370fc65face1ef60d9e8732bfd.js is not in module cache!
2026-7-2 16:02:39 - debug: [[Executor]] Module "pack:///chunks/f4/f4bb2b73aacdc0370fc65face1ef60d9e8732bfd.js" loaded.
2026-7-2 16:02:39 - debug: D:\工程项目\PlayableAD\Cocos\TheW\20260615_HYQ\HYQ_Project\temp\programming\packer-driver\targets\editor\chunks\0e\0ea1c77c59b038eb4661ef171f440cbc7cc134ca.js resolved to D:\工程项目\PlayableAD\Cocos\TheW\20260615_HYQ\HYQ_Project\temp\programming\packer-driver\targets\editor\chunks\0e\0ea1c77c59b038eb4661ef171f440cbc7cc134ca.js is not in module cache!
2026-7-2 16:02:39 - debug: [[Executor]] Register LabBagUp
2026-7-2 16:02:39 - debug: [[Executor]] Module "pack:///chunks/0e/0ea1c77c59b038eb4661ef171f440cbc7cc134ca.js" loaded.
2026-7-2 16:02:39 - debug: D:\工程项目\PlayableAD\Cocos\TheW\20260615_HYQ\HYQ_Project\temp\programming\packer-driver\targets\editor\chunks\29\296009d632e65e6f653d790324d741c2d9759f34.js resolved to D:\工程项目\PlayableAD\Cocos\TheW\20260615_HYQ\HYQ_Project\temp\programming\packer-driver\targets\editor\chunks\29\296009d632e65e6f653d790324d741c2d9759f34.js is not in module cache!
2026-7-2 16:02:39 - debug: D:\工程项目\PlayableAD\Cocos\TheW\20260615_HYQ\HYQ_Project\temp\programming\packer-driver\targets\editor\chunks\3f\3ff8f1a74d7fbbd22ced04971b6ab15e04fd86a6.js resolved to D:\工程项目\PlayableAD\Cocos\TheW\20260615_HYQ\HYQ_Project\temp\programming\packer-driver\targets\editor\chunks\3f\3ff8f1a74d7fbbd22ced04971b6ab15e04fd86a6.js is not in module cache!
2026-7-2 16:02:39 - debug: D:\工程项目\PlayableAD\Cocos\TheW\20260615_HYQ\HYQ_Project\temp\programming\packer-driver\targets\editor\chunks\b1\b12e427b1fcb487f729ef654542d8e9775a297cb.js resolved to D:\工程项目\PlayableAD\Cocos\TheW\20260615_HYQ\HYQ_Project\temp\programming\packer-driver\targets\editor\chunks\b1\b12e427b1fcb487f729ef654542d8e9775a297cb.js is not in module cache!
2026-7-2 16:02:39 - debug: D:\工程项目\PlayableAD\Cocos\TheW\20260615_HYQ\HYQ_Project\temp\programming\packer-driver\targets\editor\chunks\80\803faff6203a98317cc86f08677de73b7112b743.js resolved to D:\工程项目\PlayableAD\Cocos\TheW\20260615_HYQ\HYQ_Project\temp\programming\packer-driver\targets\editor\chunks\80\803faff6203a98317cc86f08677de73b7112b743.js is not in module cache!
2026-7-2 16:02:39 - debug: [[Executor]] Register CollectGetTarget
2026-7-2 16:02:39 - debug: [[Executor]] Module "pack:///chunks/80/803faff6203a98317cc86f08677de73b7112b743.js" loaded.
2026-7-2 16:02:39 - debug: [[Executor]] Module "pack:///chunks/b1/b12e427b1fcb487f729ef654542d8e9775a297cb.js" loaded.
2026-7-2 16:02:39 - debug: [[Executor]] Register AttackTargetBase
2026-7-2 16:02:39 - debug: [[Executor]] Module "pack:///chunks/3f/3ff8f1a74d7fbbd22ced04971b6ab15e04fd86a6.js" loaded.
2026-7-2 16:02:39 - debug: [[Executor]] Register AreaAttack
2026-7-2 16:02:39 - debug: [[Executor]] Module "pack:///chunks/29/296009d632e65e6f653d790324d741c2d9759f34.js" loaded.
2026-7-2 16:02:39 - debug: D:\工程项目\PlayableAD\Cocos\TheW\20260615_HYQ\HYQ_Project\temp\programming\packer-driver\targets\editor\chunks\d5\d5f6e07e1b02d743fed3d9c2c8e155b0c3309d52.js resolved to D:\工程项目\PlayableAD\Cocos\TheW\20260615_HYQ\HYQ_Project\temp\programming\packer-driver\targets\editor\chunks\d5\d5f6e07e1b02d743fed3d9c2c8e155b0c3309d52.js is not in module cache!
2026-7-2 16:02:39 - debug: [[Executor]] Register MeleeAttack
2026-7-2 16:02:39 - debug: [[Executor]] Module "pack:///chunks/d5/d5f6e07e1b02d743fed3d9c2c8e155b0c3309d52.js" loaded.
2026-7-2 16:02:39 - debug: D:\工程项目\PlayableAD\Cocos\TheW\20260615_HYQ\HYQ_Project\temp\programming\packer-driver\targets\editor\chunks\02\021cbce763294c7c4adf05845718c817a68ff9f3.js resolved to D:\工程项目\PlayableAD\Cocos\TheW\20260615_HYQ\HYQ_Project\temp\programming\packer-driver\targets\editor\chunks\02\021cbce763294c7c4adf05845718c817a68ff9f3.js is not in module cache!
2026-7-2 16:02:39 - debug: D:\工程项目\PlayableAD\Cocos\TheW\20260615_HYQ\HYQ_Project\temp\programming\packer-driver\targets\editor\chunks\23\2370bd6a63dbba247d7fcab21c5244288f150386.js resolved to D:\工程项目\PlayableAD\Cocos\TheW\20260615_HYQ\HYQ_Project\temp\programming\packer-driver\targets\editor\chunks\23\2370bd6a63dbba247d7fcab21c5244288f150386.js is not in module cache!
2026-7-2 16:02:39 - debug: D:\工程项目\PlayableAD\Cocos\TheW\20260615_HYQ\HYQ_Project\temp\programming\packer-driver\targets\editor\chunks\9e\9ec8816866d723aea0e61547ea23bf04cc3c7c78.js resolved to D:\工程项目\PlayableAD\Cocos\TheW\20260615_HYQ\HYQ_Project\temp\programming\packer-driver\targets\editor\chunks\9e\9ec8816866d723aea0e61547ea23bf04cc3c7c78.js is not in module cache!
2026-7-2 16:02:39 - debug: [[Executor]] Register HpComponent
2026-7-2 16:02:39 - debug: [[Executor]] Module "pack:///chunks/23/2370bd6a63dbba247d7fcab21c5244288f150386.js" loaded.
2026-7-2 16:02:39 - debug: [[Executor]] Module "pack:///chunks/9e/9ec8816866d723aea0e61547ea23bf04cc3c7c78.js" loaded.
2026-7-2 16:02:39 - debug: [[Executor]] Register MeshFlashPropData
2026-7-2 16:02:39 - debug: [[Executor]] Register MeshFlashSwitchData
2026-7-2 16:02:39 - debug: [[Executor]] Register MeshFlashData
2026-7-2 16:02:39 - debug: [[Executor]] Register BattleTargetBase
2026-7-2 16:02:39 - debug: [[Executor]] Module "pack:///chunks/02/021cbce763294c7c4adf05845718c817a68ff9f3.js" loaded.
2026-7-2 16:02:39 - debug: D:\工程项目\PlayableAD\Cocos\TheW\20260615_HYQ\HYQ_Project\temp\programming\packer-driver\targets\editor\chunks\9b\9be30ad1a917cc0914201f1db5bdf1c5cb4d6e49.js resolved to D:\工程项目\PlayableAD\Cocos\TheW\20260615_HYQ\HYQ_Project\temp\programming\packer-driver\targets\editor\chunks\9b\9be30ad1a917cc0914201f1db5bdf1c5cb4d6e49.js is not in module cache!
2026-7-2 16:02:39 - debug: D:\工程项目\PlayableAD\Cocos\TheW\20260615_HYQ\HYQ_Project\temp\programming\packer-driver\targets\editor\chunks\43\4314f54defc530df4c3d4a14e3561038b8628ff3.js resolved to D:\工程项目\PlayableAD\Cocos\TheW\20260615_HYQ\HYQ_Project\temp\programming\packer-driver\targets\editor\chunks\43\4314f54defc530df4c3d4a14e3561038b8628ff3.js is not in module cache!
2026-7-2 16:02:39 - debug: D:\工程项目\PlayableAD\Cocos\TheW\20260615_HYQ\HYQ_Project\temp\programming\packer-driver\targets\editor\chunks\6c\6c35293030e947e52f03ea585990d17f31ea7df0.js resolved to D:\工程项目\PlayableAD\Cocos\TheW\20260615_HYQ\HYQ_Project\temp\programming\packer-driver\targets\editor\chunks\6c\6c35293030e947e52f03ea585990d17f31ea7df0.js is not in module cache!
2026-7-2 16:02:39 - debug: D:\工程项目\PlayableAD\Cocos\TheW\20260615_HYQ\HYQ_Project\temp\programming\packer-driver\targets\editor\chunks\a7\a78b9d0a8af4315011c59f40b6c49da033e49269.js resolved to D:\工程项目\PlayableAD\Cocos\TheW\20260615_HYQ\HYQ_Project\temp\programming\packer-driver\targets\editor\chunks\a7\a78b9d0a8af4315011c59f40b6c49da033e49269.js is not in module cache!
2026-7-2 16:02:39 - debug: D:\工程项目\PlayableAD\Cocos\TheW\20260615_HYQ\HYQ_Project\temp\programming\packer-driver\targets\editor\chunks\bb\bb66609565f0d30fbedfe7ab7019decca8a2726b.js resolved to D:\工程项目\PlayableAD\Cocos\TheW\20260615_HYQ\HYQ_Project\temp\programming\packer-driver\targets\editor\chunks\bb\bb66609565f0d30fbedfe7ab7019decca8a2726b.js is not in module cache!
2026-7-2 16:02:39 - debug: D:\工程项目\PlayableAD\Cocos\TheW\20260615_HYQ\HYQ_Project\temp\programming\packer-driver\targets\editor\chunks\4a\4a75ba705e89112b3bcc356e77985c7a095b80f4.js resolved to D:\工程项目\PlayableAD\Cocos\TheW\20260615_HYQ\HYQ_Project\temp\programming\packer-driver\targets\editor\chunks\4a\4a75ba705e89112b3bcc356e77985c7a095b80f4.js is not in module cache!
2026-7-2 16:02:39 - debug: D:\工程项目\PlayableAD\Cocos\TheW\20260615_HYQ\HYQ_Project\temp\programming\packer-driver\targets\editor\chunks\b0\b0316da27abe29af9f8a517d28257bc913762f57.js resolved to D:\工程项目\PlayableAD\Cocos\TheW\20260615_HYQ\HYQ_Project\temp\programming\packer-driver\targets\editor\chunks\b0\b0316da27abe29af9f8a517d28257bc913762f57.js is not in module cache!
2026-7-2 16:02:39 - debug: D:\工程项目\PlayableAD\Cocos\TheW\20260615_HYQ\HYQ_Project\temp\programming\packer-driver\targets\editor\chunks\e1\e13771ea8032dbc1728530af431c57de3b1e5e24.js resolved to D:\工程项目\PlayableAD\Cocos\TheW\20260615_HYQ\HYQ_Project\temp\programming\packer-driver\targets\editor\chunks\e1\e13771ea8032dbc1728530af431c57de3b1e5e24.js is not in module cache!
2026-7-2 16:02:39 - debug: D:\工程项目\PlayableAD\Cocos\TheW\20260615_HYQ\HYQ_Project\temp\programming\packer-driver\targets\editor\chunks\9a\9a8786a747b555136cef77c9f5e7ad17e18a31eb.js resolved to D:\工程项目\PlayableAD\Cocos\TheW\20260615_HYQ\HYQ_Project\temp\programming\packer-driver\targets\editor\chunks\9a\9a8786a747b555136cef77c9f5e7ad17e18a31eb.js is not in module cache!
2026-7-2 16:02:39 - debug: D:\工程项目\PlayableAD\Cocos\TheW\20260615_HYQ\HYQ_Project\temp\programming\packer-driver\targets\editor\chunks\ce\ced31965a759b2c1d777a8f0d98f8cd326020d87.js resolved to D:\工程项目\PlayableAD\Cocos\TheW\20260615_HYQ\HYQ_Project\temp\programming\packer-driver\targets\editor\chunks\ce\ced31965a759b2c1d777a8f0d98f8cd326020d87.js is not in module cache!
2026-7-2 16:02:39 - debug: D:\工程项目\PlayableAD\Cocos\TheW\20260615_HYQ\HYQ_Project\temp\programming\packer-driver\targets\editor\chunks\dc\dcc18999575bc7125a793680f1b595554e7f2cde.js resolved to D:\工程项目\PlayableAD\Cocos\TheW\20260615_HYQ\HYQ_Project\temp\programming\packer-driver\targets\editor\chunks\dc\dcc18999575bc7125a793680f1b595554e7f2cde.js is not in module cache!
2026-7-2 16:02:39 - debug: [[Executor]] Register EffectRemoveBase
2026-7-2 16:02:39 - debug: [[Executor]] Module "pack:///chunks/dc/dcc18999575bc7125a793680f1b595554e7f2cde.js" loaded.
2026-7-2 16:02:39 - debug: [[Executor]] Register EffectTimePartRemove
2026-7-2 16:02:39 - debug: [[Executor]] Module "pack:///chunks/ce/ced31965a759b2c1d777a8f0d98f8cd326020d87.js" loaded.
2026-7-2 16:02:39 - debug: [[Executor]] Register EffectManager
2026-7-2 16:02:39 - debug: [[Executor]] Module "pack:///chunks/b0/b0316da27abe29af9f8a517d28257bc913762f57.js" loaded.
2026-7-2 16:02:39 - debug: [[Executor]] Register ColliderTag
2026-7-2 16:02:39 - debug: [[Executor]] Module "pack:///chunks/4a/4a75ba705e89112b3bcc356e77985c7a095b80f4.js" loaded.
2026-7-2 16:02:39 - debug: [[Executor]] Register BulletMonsterCollisionManager
2026-7-2 16:02:39 - debug: [[Executor]] Module "pack:///chunks/e1/e13771ea8032dbc1728530af431c57de3b1e5e24.js" loaded.
2026-7-2 16:02:39 - debug: [[Executor]] Register BulletBattle3D
2026-7-2 16:02:39 - debug: [[Executor]] Module "pack:///chunks/a7/a78b9d0a8af4315011c59f40b6c49da033e49269.js" loaded.
2026-7-2 16:02:39 - debug: [[Executor]] Register BattleTarget3D
2026-7-2 16:02:39 - debug: [[Executor]] Module "pack:///chunks/9a/9a8786a747b555136cef77c9f5e7ad17e18a31eb.js" loaded.
2026-7-2 16:02:39 - debug: [[Executor]] Register BulletCollideBase2D
2026-7-2 16:02:39 - debug: [[Executor]] Module "pack:///chunks/bb/bb66609565f0d30fbedfe7ab7019decca8a2726b.js" loaded.
2026-7-2 16:02:39 - debug: [[Executor]] Register BulletBattle2D
2026-7-2 16:02:39 - debug: [[Executor]] Module "pack:///chunks/6c/6c35293030e947e52f03ea585990d17f31ea7df0.js" loaded.
2026-7-2 16:02:39 - debug: [[Executor]] Module "pack:///chunks/43/4314f54defc530df4c3d4a14e3561038b8628ff3.js" loaded.
2026-7-2 16:02:39 - debug: [[Executor]] Register RangedAttack
2026-7-2 16:02:39 - debug: [[Executor]] Module "pack:///chunks/9b/9be30ad1a917cc0914201f1db5bdf1c5cb4d6e49.js" loaded.
2026-7-2 16:02:39 - debug: D:\工程项目\PlayableAD\Cocos\TheW\20260615_HYQ\HYQ_Project\temp\programming\packer-driver\targets\editor\chunks\05\0510980ff6e9ad26ec622e2230780bc7f1d96f08.js resolved to D:\工程项目\PlayableAD\Cocos\TheW\20260615_HYQ\HYQ_Project\temp\programming\packer-driver\targets\editor\chunks\05\0510980ff6e9ad26ec622e2230780bc7f1d96f08.js is not in module cache!
2026-7-2 16:02:39 - debug: D:\工程项目\PlayableAD\Cocos\TheW\20260615_HYQ\HYQ_Project\temp\programming\packer-driver\targets\editor\chunks\8a\8a4b23fc8904a55daa926fa9bf2d450c2c59d378.js resolved to D:\工程项目\PlayableAD\Cocos\TheW\20260615_HYQ\HYQ_Project\temp\programming\packer-driver\targets\editor\chunks\8a\8a4b23fc8904a55daa926fa9bf2d450c2c59d378.js is not in module cache!
2026-7-2 16:02:39 - debug: D:\工程项目\PlayableAD\Cocos\TheW\20260615_HYQ\HYQ_Project\temp\programming\packer-driver\targets\editor\chunks\5b\5b626ae965dfc8bbf67ffe6dd329ea95c382afe6.js resolved to D:\工程项目\PlayableAD\Cocos\TheW\20260615_HYQ\HYQ_Project\temp\programming\packer-driver\targets\editor\chunks\5b\5b626ae965dfc8bbf67ffe6dd329ea95c382afe6.js is not in module cache!
2026-7-2 16:02:39 - debug: [[Executor]] Register TriggerBase2D
2026-7-2 16:02:39 - debug: [[Executor]] Module "pack:///chunks/8a/8a4b23fc8904a55daa926fa9bf2d450c2c59d378.js" loaded.
2026-7-2 16:02:39 - debug: [[Executor]] Register BattleTarget2D
2026-7-2 16:02:39 - debug: [[Executor]] Module "pack:///chunks/5b/5b626ae965dfc8bbf67ffe6dd329ea95c382afe6.js" loaded.
2026-7-2 16:02:39 - debug: [[Executor]] Register CollectBattleTarger2D
2026-7-2 16:02:39 - debug: [[Executor]] Module "pack:///chunks/05/0510980ff6e9ad26ec622e2230780bc7f1d96f08.js" loaded.
2026-7-2 16:02:39 - debug: D:\工程项目\PlayableAD\Cocos\TheW\20260615_HYQ\HYQ_Project\temp\programming\packer-driver\targets\editor\chunks\6e\6e4d3e245933373fd13279940a5d6dee30418f49.js resolved to D:\工程项目\PlayableAD\Cocos\TheW\20260615_HYQ\HYQ_Project\temp\programming\packer-driver\targets\editor\chunks\6e\6e4d3e245933373fd13279940a5d6dee30418f49.js is not in module cache!
2026-7-2 16:02:39 - debug: D:\工程项目\PlayableAD\Cocos\TheW\20260615_HYQ\HYQ_Project\temp\programming\packer-driver\targets\editor\chunks\f0\f05038aedf4d7805ad91dbf59f1c87fe35c23bb5.js resolved to D:\工程项目\PlayableAD\Cocos\TheW\20260615_HYQ\HYQ_Project\temp\programming\packer-driver\targets\editor\chunks\f0\f05038aedf4d7805ad91dbf59f1c87fe35c23bb5.js is not in module cache!
2026-7-2 16:02:39 - debug: D:\工程项目\PlayableAD\Cocos\TheW\20260615_HYQ\HYQ_Project\temp\programming\packer-driver\targets\editor\chunks\05\05825d2a71d7765a90fbbdda8907aab57810f0a0.js resolved to D:\工程项目\PlayableAD\Cocos\TheW\20260615_HYQ\HYQ_Project\temp\programming\packer-driver\targets\editor\chunks\05\05825d2a71d7765a90fbbdda8907aab57810f0a0.js is not in module cache!
2026-7-2 16:02:39 - debug: [[Executor]] Register BulletBatchRenderer
2026-7-2 16:02:39 - debug: [[Executor]] Module "pack:///chunks/f0/f05038aedf4d7805ad91dbf59f1c87fe35c23bb5.js" loaded.
2026-7-2 16:02:39 - debug: [[Executor]] Register AttackParkPlay
2026-7-2 16:02:39 - debug: [[Executor]] Module "pack:///chunks/05/05825d2a71d7765a90fbbdda8907aab57810f0a0.js" loaded.
2026-7-2 16:02:39 - debug: [[Executor]] Register RangeTowerAttack
2026-7-2 16:02:39 - debug: [[Executor]] Module "pack:///chunks/6e/6e4d3e245933373fd13279940a5d6dee30418f49.js" loaded.
2026-7-2 16:02:39 - debug: D:\工程项目\PlayableAD\Cocos\TheW\20260615_HYQ\HYQ_Project\temp\programming\packer-driver\targets\editor\chunks\fa\fad9c36dab7fd23cbd0b1b9ebcbd02e6023aaadd.js resolved to D:\工程项目\PlayableAD\Cocos\TheW\20260615_HYQ\HYQ_Project\temp\programming\packer-driver\targets\editor\chunks\fa\fad9c36dab7fd23cbd0b1b9ebcbd02e6023aaadd.js is not in module cache!
2026-7-2 16:02:39 - debug: [[Executor]] Register RangedAttack_Circle
2026-7-2 16:02:39 - debug: [[Executor]] Module "pack:///chunks/fa/fad9c36dab7fd23cbd0b1b9ebcbd02e6023aaadd.js" loaded.
2026-7-2 16:02:39 - debug: D:\工程项目\PlayableAD\Cocos\TheW\20260615_HYQ\HYQ_Project\temp\programming\packer-driver\targets\editor\chunks\01\011c6605e93c83936bcaadc521a3f2df21bdd87a.js resolved to D:\工程项目\PlayableAD\Cocos\TheW\20260615_HYQ\HYQ_Project\temp\programming\packer-driver\targets\editor\chunks\01\011c6605e93c83936bcaadc521a3f2df21bdd87a.js is not in module cache!
2026-7-2 16:02:39 - debug: [[Executor]] Register RangedAttack_Shrapnel
2026-7-2 16:02:39 - debug: [[Executor]] Module "pack:///chunks/01/011c6605e93c83936bcaadc521a3f2df21bdd87a.js" loaded.
2026-7-2 16:02:39 - debug: D:\工程项目\PlayableAD\Cocos\TheW\20260615_HYQ\HYQ_Project\temp\programming\packer-driver\targets\editor\chunks\7a\7a056ac353cd4f184635b76aa08c0d427085fda7.js resolved to D:\工程项目\PlayableAD\Cocos\TheW\20260615_HYQ\HYQ_Project\temp\programming\packer-driver\targets\editor\chunks\7a\7a056ac353cd4f184635b76aa08c0d427085fda7.js is not in module cache!
2026-7-2 16:02:39 - debug: [[Executor]] Register BulletCollideBase3D
2026-7-2 16:02:39 - debug: [[Executor]] Module "pack:///chunks/7a/7a056ac353cd4f184635b76aa08c0d427085fda7.js" loaded.
2026-7-2 16:02:39 - debug: D:\工程项目\PlayableAD\Cocos\TheW\20260615_HYQ\HYQ_Project\temp\programming\packer-driver\targets\editor\chunks\11\1193ac27b94da532d27808ef712ed0fcd809d84d.js resolved to D:\工程项目\PlayableAD\Cocos\TheW\20260615_HYQ\HYQ_Project\temp\programming\packer-driver\targets\editor\chunks\11\1193ac27b94da532d27808ef712ed0fcd809d84d.js is not in module cache!
2026-7-2 16:02:39 - debug: D:\工程项目\PlayableAD\Cocos\TheW\20260615_HYQ\HYQ_Project\temp\programming\packer-driver\targets\editor\chunks\03\031aac2e2ea93f03b5422269c22800e822715034.js resolved to D:\工程项目\PlayableAD\Cocos\TheW\20260615_HYQ\HYQ_Project\temp\programming\packer-driver\targets\editor\chunks\03\031aac2e2ea93f03b5422269c22800e822715034.js is not in module cache!
2026-7-2 16:02:39 - debug: [[Executor]] Register TriggerBase3D
2026-7-2 16:02:39 - debug: [[Executor]] Module "pack:///chunks/03/031aac2e2ea93f03b5422269c22800e822715034.js" loaded.
2026-7-2 16:02:39 - debug: [[Executor]] Register CollectBattleTarger3D
2026-7-2 16:02:39 - debug: [[Executor]] Module "pack:///chunks/11/1193ac27b94da532d27808ef712ed0fcd809d84d.js" loaded.
2026-7-2 16:02:39 - debug: D:\工程项目\PlayableAD\Cocos\TheW\20260615_HYQ\HYQ_Project\temp\programming\packer-driver\targets\editor\chunks\29\2933ae65951958109aeb70104e6287b8240a8e01.js resolved to D:\工程项目\PlayableAD\Cocos\TheW\20260615_HYQ\HYQ_Project\temp\programming\packer-driver\targets\editor\chunks\29\2933ae65951958109aeb70104e6287b8240a8e01.js is not in module cache!
2026-7-2 16:02:39 - debug: [[Executor]] Register EffectTimeRemove
2026-7-2 16:02:39 - debug: [[Executor]] Module "pack:///chunks/29/2933ae65951958109aeb70104e6287b8240a8e01.js" loaded.
2026-7-2 16:02:39 - debug: D:\工程项目\PlayableAD\Cocos\TheW\20260615_HYQ\HYQ_Project\temp\programming\packer-driver\targets\editor\chunks\cd\cd87286564d42a577ada1093f142b4db43415d61.js resolved to D:\工程项目\PlayableAD\Cocos\TheW\20260615_HYQ\HYQ_Project\temp\programming\packer-driver\targets\editor\chunks\cd\cd87286564d42a577ada1093f142b4db43415d61.js is not in module cache!
2026-7-2 16:02:39 - debug: [[Executor]] Register GuideLine
2026-7-2 16:02:39 - debug: [[Executor]] Module "pack:///chunks/cd/cd87286564d42a577ada1093f142b4db43415d61.js" loaded.
2026-7-2 16:02:39 - debug: D:\工程项目\PlayableAD\Cocos\TheW\20260615_HYQ\HYQ_Project\temp\programming\packer-driver\targets\editor\chunks\dd\ddf9ec67bc21176ab14fd7bef2d6099af7cab4e3.js resolved to D:\工程项目\PlayableAD\Cocos\TheW\20260615_HYQ\HYQ_Project\temp\programming\packer-driver\targets\editor\chunks\dd\ddf9ec67bc21176ab14fd7bef2d6099af7cab4e3.js is not in module cache!
2026-7-2 16:02:39 - debug: D:\工程项目\PlayableAD\Cocos\TheW\20260615_HYQ\HYQ_Project\temp\programming\packer-driver\targets\editor\chunks\78\7875e58dc11de4424867c114cd71cf4d379fd7ce.js resolved to D:\工程项目\PlayableAD\Cocos\TheW\20260615_HYQ\HYQ_Project\temp\programming\packer-driver\targets\editor\chunks\78\7875e58dc11de4424867c114cd71cf4d379fd7ce.js is not in module cache!
2026-7-2 16:02:39 - debug: D:\工程项目\PlayableAD\Cocos\TheW\20260615_HYQ\HYQ_Project\temp\programming\packer-driver\targets\editor\chunks\6b\6b5ef849a8a91f0cd956b88818795e47d9431e29.js resolved to D:\工程项目\PlayableAD\Cocos\TheW\20260615_HYQ\HYQ_Project\temp\programming\packer-driver\targets\editor\chunks\6b\6b5ef849a8a91f0cd956b88818795e47d9431e29.js is not in module cache!
2026-7-2 16:02:39 - debug: D:\工程项目\PlayableAD\Cocos\TheW\20260615_HYQ\HYQ_Project\temp\programming\packer-driver\targets\editor\chunks\12\120cba8f856407335ad8a04347cd4d36bf752a1e.js resolved to D:\工程项目\PlayableAD\Cocos\TheW\20260615_HYQ\HYQ_Project\temp\programming\packer-driver\targets\editor\chunks\12\120cba8f856407335ad8a04347cd4d36bf752a1e.js is not in module cache!
2026-7-2 16:02:39 - debug: D:\工程项目\PlayableAD\Cocos\TheW\20260615_HYQ\HYQ_Project\temp\programming\packer-driver\targets\editor\chunks\7c\7cb3e78818d3ca7420c127c4f13ad5587e5cc5d3.js resolved to D:\工程项目\PlayableAD\Cocos\TheW\20260615_HYQ\HYQ_Project\temp\programming\packer-driver\targets\editor\chunks\7c\7cb3e78818d3ca7420c127c4f13ad5587e5cc5d3.js is not in module cache!
2026-7-2 16:02:39 - debug: D:\工程项目\PlayableAD\Cocos\TheW\20260615_HYQ\HYQ_Project\temp\programming\packer-driver\targets\editor\chunks\2c\2c40d59e1ac0050bfd5e4aece9657278c88a4b47.js resolved to D:\工程项目\PlayableAD\Cocos\TheW\20260615_HYQ\HYQ_Project\temp\programming\packer-driver\targets\editor\chunks\2c\2c40d59e1ac0050bfd5e4aece9657278c88a4b47.js is not in module cache!
2026-7-2 16:02:39 - debug: D:\工程项目\PlayableAD\Cocos\TheW\20260615_HYQ\HYQ_Project\temp\programming\packer-driver\targets\editor\chunks\e2\e2cd37831230a7474a5c89ec9f0764c2d6ce1581.js resolved to D:\工程项目\PlayableAD\Cocos\TheW\20260615_HYQ\HYQ_Project\temp\programming\packer-driver\targets\editor\chunks\e2\e2cd37831230a7474a5c89ec9f0764c2d6ce1581.js is not in module cache!
2026-7-2 16:02:39 - debug: D:\工程项目\PlayableAD\Cocos\TheW\20260615_HYQ\HYQ_Project\temp\programming\packer-driver\targets\editor\chunks\6b\6bf6369babd500e0802aeb38d4c346ae3462ef8b.js resolved to D:\工程项目\PlayableAD\Cocos\TheW\20260615_HYQ\HYQ_Project\temp\programming\packer-driver\targets\editor\chunks\6b\6bf6369babd500e0802aeb38d4c346ae3462ef8b.js is not in module cache!
2026-7-2 16:02:39 - debug: D:\工程项目\PlayableAD\Cocos\TheW\20260615_HYQ\HYQ_Project\temp\programming\packer-driver\targets\editor\chunks\c1\c14c87720f6e6e7b27f438925fae2cc2d4587268.js resolved to D:\工程项目\PlayableAD\Cocos\TheW\20260615_HYQ\HYQ_Project\temp\programming\packer-driver\targets\editor\chunks\c1\c14c87720f6e6e7b27f438925fae2cc2d4587268.js is not in module cache!
2026-7-2 16:02:39 - debug: D:\工程项目\PlayableAD\Cocos\TheW\20260615_HYQ\HYQ_Project\temp\programming\packer-driver\targets\editor\chunks\aa\aa6223cf35796d09344450a14919ad24c61174bb.js resolved to D:\工程项目\PlayableAD\Cocos\TheW\20260615_HYQ\HYQ_Project\temp\programming\packer-driver\targets\editor\chunks\aa\aa6223cf35796d09344450a14919ad24c61174bb.js is not in module cache!
2026-7-2 16:02:39 - debug: D:\工程项目\PlayableAD\Cocos\TheW\20260615_HYQ\HYQ_Project\temp\programming\packer-driver\targets\editor\chunks\ac\ac0e66d1df96447f3ea6b579b5067cb87a880d84.js resolved to D:\工程项目\PlayableAD\Cocos\TheW\20260615_HYQ\HYQ_Project\temp\programming\packer-driver\targets\editor\chunks\ac\ac0e66d1df96447f3ea6b579b5067cb87a880d84.js is not in module cache!
2026-7-2 16:02:39 - debug: D:\工程项目\PlayableAD\Cocos\TheW\20260615_HYQ\HYQ_Project\temp\programming\packer-driver\targets\editor\chunks\fb\fb231b7b47c244832aa3ed0055e0ff4d6bda9530.js resolved to D:\工程项目\PlayableAD\Cocos\TheW\20260615_HYQ\HYQ_Project\temp\programming\packer-driver\targets\editor\chunks\fb\fb231b7b47c244832aa3ed0055e0ff4d6bda9530.js is not in module cache!
2026-7-2 16:02:39 - debug: D:\工程项目\PlayableAD\Cocos\TheW\20260615_HYQ\HYQ_Project\temp\programming\packer-driver\targets\editor\chunks\1e\1e9839fb85f612fea3030115a5d65b742de2db50.js resolved to D:\工程项目\PlayableAD\Cocos\TheW\20260615_HYQ\HYQ_Project\temp\programming\packer-driver\targets\editor\chunks\1e\1e9839fb85f612fea3030115a5d65b742de2db50.js is not in module cache!
2026-7-2 16:02:39 - debug: [[Executor]] Register FbxManager
2026-7-2 16:02:39 - debug: [[Executor]] Module "pack:///chunks/6b/6b5ef849a8a91f0cd956b88818795e47d9431e29.js" loaded.
2026-7-2 16:02:39 - debug: [[Executor]] Register Role
2026-7-2 16:02:39 - debug: [[Executor]] Module "pack:///chunks/78/7875e58dc11de4424867c114cd71cf4d379fd7ce.js" loaded.
2026-7-2 16:02:39 - debug: [[Executor]] Module "pack:///chunks/1e/1e9839fb85f612fea3030115a5d65b742de2db50.js" loaded.
2026-7-2 16:02:39 - debug: [[Executor]] Module "pack:///chunks/fb/fb231b7b47c244832aa3ed0055e0ff4d6bda9530.js" loaded.
2026-7-2 16:02:39 - debug: [[Executor]] Register GameOverPanel
2026-7-2 16:02:39 - debug: [[Executor]] Module "pack:///chunks/6b/6bf6369babd500e0802aeb38d4c346ae3462ef8b.js" loaded.
2026-7-2 16:02:39 - debug: [[Executor]] Register WeaponBulletConfig
2026-7-2 16:02:39 - debug: [[Executor]] Register Player
2026-7-2 16:02:39 - debug: [[Executor]] Module "pack:///chunks/12/120cba8f856407335ad8a04347cd4d36bf752a1e.js" loaded.
2026-7-2 16:02:39 - debug: [[Executor]] Register MonsterBattleTaerget
2026-7-2 16:02:39 - debug: [[Executor]] Module "pack:///chunks/2c/2c40d59e1ac0050bfd5e4aece9657278c88a4b47.js" loaded.
2026-7-2 16:02:39 - debug: [[Executor]] Register ArmsInfo
2026-7-2 16:02:39 - debug: [[Executor]] Register PropArms
2026-7-2 16:02:39 - debug: [[Executor]] Module "pack:///chunks/aa/aa6223cf35796d09344450a14919ad24c61174bb.js" loaded.
2026-7-2 16:02:39 - debug: [[Executor]] Register PropBrand
2026-7-2 16:02:39 - debug: [[Executor]] Module "pack:///chunks/ac/ac0e66d1df96447f3ea6b579b5067cb87a880d84.js" loaded.
2026-7-2 16:02:39 - debug: [[Executor]] Register PropLalianGate
2026-7-2 16:02:39 - debug: [[Executor]] Module "pack:///chunks/c1/c14c87720f6e6e7b27f438925fae2cc2d4587268.js" loaded.
2026-7-2 16:02:39 - debug: [[Executor]] Register CreatePropBrand
2026-7-2 16:02:39 - debug: [[Executor]] Module "pack:///chunks/e2/e2cd37831230a7474a5c89ec9f0764c2d6ce1581.js" loaded.
2026-7-2 16:02:39 - debug: [[Executor]] Register MonsterCreateInfo
2026-7-2 16:02:39 - debug: [[Executor]] Register MonsterCreateQueue
2026-7-2 16:02:39 - debug: [[Executor]] Register MonsterCreate
2026-7-2 16:02:39 - debug: [[Executor]] Module "pack:///chunks/7c/7cb3e78818d3ca7420c127c4f13ad5587e5cc5d3.js" loaded.
2026-7-2 16:02:39 - debug: [[Executor]] Register GuideManager
2026-7-2 16:02:39 - debug: [[Executor]] Module "pack:///chunks/dd/ddf9ec67bc21176ab14fd7bef2d6099af7cab4e3.js" loaded.
2026-7-2 16:02:39 - debug: D:\工程项目\PlayableAD\Cocos\TheW\20260615_HYQ\HYQ_Project\temp\programming\packer-driver\targets\editor\chunks\7d\7d88e9fa4d49091167d5648112015c50cab8c311.js resolved to D:\工程项目\PlayableAD\Cocos\TheW\20260615_HYQ\HYQ_Project\temp\programming\packer-driver\targets\editor\chunks\7d\7d88e9fa4d49091167d5648112015c50cab8c311.js is not in module cache!
2026-7-2 16:02:39 - debug: [[Executor]] Register ArmsUp
2026-7-2 16:02:39 - debug: [[Executor]] Module "pack:///chunks/7d/7d88e9fa4d49091167d5648112015c50cab8c311.js" loaded.
2026-7-2 16:02:39 - debug: D:\工程项目\PlayableAD\Cocos\TheW\20260615_HYQ\HYQ_Project\temp\programming\packer-driver\targets\editor\chunks\d0\d08abfe279c9195afbafb261981128dda32fee17.js resolved to D:\工程项目\PlayableAD\Cocos\TheW\20260615_HYQ\HYQ_Project\temp\programming\packer-driver\targets\editor\chunks\d0\d08abfe279c9195afbafb261981128dda32fee17.js is not in module cache!
2026-7-2 16:02:39 - debug: [[Executor]] Register PropTireGate
2026-7-2 16:02:39 - debug: [[Executor]] Module "pack:///chunks/d0/d08abfe279c9195afbafb261981128dda32fee17.js" loaded.
2026-7-2 16:02:39 - debug: D:\工程项目\PlayableAD\Cocos\TheW\20260615_HYQ\HYQ_Project\temp\programming\packer-driver\targets\editor\chunks\e4\e49d377195f0f6ca8039098e5e76d909c726c89c.js resolved to D:\工程项目\PlayableAD\Cocos\TheW\20260615_HYQ\HYQ_Project\temp\programming\packer-driver\targets\editor\chunks\e4\e49d377195f0f6ca8039098e5e76d909c726c89c.js is not in module cache!
2026-7-2 16:02:39 - debug: D:\工程项目\PlayableAD\Cocos\TheW\20260615_HYQ\HYQ_Project\temp\programming\packer-driver\targets\editor\chunks\c8\c8d2fc621a68aadf290b9938ae81f70dbefcc8d6.js resolved to D:\工程项目\PlayableAD\Cocos\TheW\20260615_HYQ\HYQ_Project\temp\programming\packer-driver\targets\editor\chunks\c8\c8d2fc621a68aadf290b9938ae81f70dbefcc8d6.js is not in module cache!
2026-7-2 16:02:39 - debug: [[Executor]] Register RockerUI
2026-7-2 16:02:39 - debug: [[Executor]] Module "pack:///chunks/c8/c8d2fc621a68aadf290b9938ae81f70dbefcc8d6.js" loaded.
2026-7-2 16:02:39 - debug: [[Executor]] Register RockerMouseEvent
2026-7-2 16:02:39 - debug: [[Executor]] Module "pack:///chunks/e4/e49d377195f0f6ca8039098e5e76d909c726c89c.js" loaded.
2026-7-2 16:02:39 - debug: D:\工程项目\PlayableAD\Cocos\TheW\20260615_HYQ\HYQ_Project\temp\programming\packer-driver\targets\editor\chunks\41\41b6ef284e15d0779c96601cab9a95a7c5e5919b.js resolved to D:\工程项目\PlayableAD\Cocos\TheW\20260615_HYQ\HYQ_Project\temp\programming\packer-driver\targets\editor\chunks\41\41b6ef284e15d0779c96601cab9a95a7c5e5919b.js is not in module cache!
2026-7-2 16:02:39 - debug: D:\工程项目\PlayableAD\Cocos\TheW\20260615_HYQ\HYQ_Project\temp\programming\packer-driver\targets\editor\chunks\5f\5fd5284b513982ea020d8e9513905cac6e75919a.js resolved to D:\工程项目\PlayableAD\Cocos\TheW\20260615_HYQ\HYQ_Project\temp\programming\packer-driver\targets\editor\chunks\5f\5fd5284b513982ea020d8e9513905cac6e75919a.js is not in module cache!
2026-7-2 16:02:39 - debug: D:\工程项目\PlayableAD\Cocos\TheW\20260615_HYQ\HYQ_Project\temp\programming\packer-driver\targets\editor\chunks\1b\1b6bd2739873dc60bb0e67b18f2ae1f3b116fb07.js resolved to D:\工程项目\PlayableAD\Cocos\TheW\20260615_HYQ\HYQ_Project\temp\programming\packer-driver\targets\editor\chunks\1b\1b6bd2739873dc60bb0e67b18f2ae1f3b116fb07.js is not in module cache!
2026-7-2 16:02:39 - debug: D:\工程项目\PlayableAD\Cocos\TheW\20260615_HYQ\HYQ_Project\temp\programming\packer-driver\targets\editor\chunks\c4\c409a49d391cd0107339e604abf784bacdef4b02.js resolved to D:\工程项目\PlayableAD\Cocos\TheW\20260615_HYQ\HYQ_Project\temp\programming\packer-driver\targets\editor\chunks\c4\c409a49d391cd0107339e604abf784bacdef4b02.js is not in module cache!
2026-7-2 16:02:39 - debug: [[Executor]] Register ShoppIngEvent
2026-7-2 16:02:39 - debug: [[Executor]] Module "pack:///chunks/c4/c409a49d391cd0107339e604abf784bacdef4b02.js" loaded.
2026-7-2 16:02:39 - debug: [[Executor]] Register Shopping
2026-7-2 16:02:39 - debug: [[Executor]] Module "pack:///chunks/5f/5fd5284b513982ea020d8e9513905cac6e75919a.js" loaded.
2026-7-2 16:02:39 - debug: [[Executor]] Register BuyWayBase
2026-7-2 16:02:39 - debug: [[Executor]] Module "pack:///chunks/1b/1b6bd2739873dc60bb0e67b18f2ae1f3b116fb07.js" loaded.
2026-7-2 16:02:39 - debug: [[Executor]] Register BuyWay2D
2026-7-2 16:02:39 - debug: [[Executor]] Module "pack:///chunks/41/41b6ef284e15d0779c96601cab9a95a7c5e5919b.js" loaded.
2026-7-2 16:02:39 - debug: D:\工程项目\PlayableAD\Cocos\TheW\20260615_HYQ\HYQ_Project\temp\programming\packer-driver\targets\editor\chunks\99\9957d51b35d223fa476f8f6dcd2b5d011a93ab2f.js resolved to D:\工程项目\PlayableAD\Cocos\TheW\20260615_HYQ\HYQ_Project\temp\programming\packer-driver\targets\editor\chunks\99\9957d51b35d223fa476f8f6dcd2b5d011a93ab2f.js is not in module cache!
2026-7-2 16:02:39 - debug: [[Executor]] Register BuyWay3D
2026-7-2 16:02:39 - debug: [[Executor]] Module "pack:///chunks/99/9957d51b35d223fa476f8f6dcd2b5d011a93ab2f.js" loaded.
2026-7-2 16:02:39 - debug: D:\工程项目\PlayableAD\Cocos\TheW\20260615_HYQ\HYQ_Project\temp\programming\packer-driver\targets\editor\chunks\d8\d87351923699bbc0b3bf2e76b9d6665983f7b324.js resolved to D:\工程项目\PlayableAD\Cocos\TheW\20260615_HYQ\HYQ_Project\temp\programming\packer-driver\targets\editor\chunks\d8\d87351923699bbc0b3bf2e76b9d6665983f7b324.js is not in module cache!
2026-7-2 16:02:39 - debug: [[Executor]] Register ShoppingItem
2026-7-2 16:02:39 - debug: [[Executor]] Register Shopping_Super
2026-7-2 16:02:39 - debug: [[Executor]] Module "pack:///chunks/d8/d87351923699bbc0b3bf2e76b9d6665983f7b324.js" loaded.
2026-7-2 16:02:39 - debug: D:\工程项目\PlayableAD\Cocos\TheW\20260615_HYQ\HYQ_Project\temp\programming\packer-driver\targets\editor\chunks\b8\b8ff2efe0a5ef0b3134c1c0a100a2fc7e48d38e3.js resolved to D:\工程项目\PlayableAD\Cocos\TheW\20260615_HYQ\HYQ_Project\temp\programming\packer-driver\targets\editor\chunks\b8\b8ff2efe0a5ef0b3134c1c0a100a2fc7e48d38e3.js is not in module cache!
2026-7-2 16:02:39 - debug: [[Executor]] Register FrameAnimManager
2026-7-2 16:02:39 - debug: [[Executor]] Module "pack:///chunks/b8/b8ff2efe0a5ef0b3134c1c0a100a2fc7e48d38e3.js" loaded.
2026-7-2 16:02:39 - debug: D:\工程项目\PlayableAD\Cocos\TheW\20260615_HYQ\HYQ_Project\temp\programming\packer-driver\targets\editor\chunks\83\8354ac407215243163174d3e83d4cdab306051e3.js resolved to D:\工程项目\PlayableAD\Cocos\TheW\20260615_HYQ\HYQ_Project\temp\programming\packer-driver\targets\editor\chunks\83\8354ac407215243163174d3e83d4cdab306051e3.js is not in module cache!
2026-7-2 16:02:39 - debug: [[Executor]] Register FrameManager
2026-7-2 16:02:39 - debug: [[Executor]] Module "pack:///chunks/83/8354ac407215243163174d3e83d4cdab306051e3.js" loaded.
2026-7-2 16:02:39 - debug: D:\工程项目\PlayableAD\Cocos\TheW\20260615_HYQ\HYQ_Project\temp\programming\packer-driver\targets\editor\chunks\84\848ca7bc3c110f0554094ecf01b3a37b01ea9dfd.js resolved to D:\工程项目\PlayableAD\Cocos\TheW\20260615_HYQ\HYQ_Project\temp\programming\packer-driver\targets\editor\chunks\84\848ca7bc3c110f0554094ecf01b3a37b01ea9dfd.js is not in module cache!
2026-7-2 16:02:39 - debug: [[Executor]] Register UIButtonEvent
2026-7-2 16:02:39 - debug: [[Executor]] Module "pack:///chunks/84/848ca7bc3c110f0554094ecf01b3a37b01ea9dfd.js" loaded.
2026-7-2 16:02:39 - debug: D:\工程项目\PlayableAD\Cocos\TheW\20260615_HYQ\HYQ_Project\temp\programming\packer-driver\targets\editor\chunks\7e\7ece20e41250ede0e4707962498ddfd8c4453b24.js resolved to D:\工程项目\PlayableAD\Cocos\TheW\20260615_HYQ\HYQ_Project\temp\programming\packer-driver\targets\editor\chunks\7e\7ece20e41250ede0e4707962498ddfd8c4453b24.js is not in module cache!
2026-7-2 16:02:39 - debug: D:\工程项目\PlayableAD\Cocos\TheW\20260615_HYQ\HYQ_Project\temp\programming\packer-driver\targets\editor\chunks\95\95d64f4c8aa166ee79b72d7add5021b420a7ce33.js resolved to D:\工程项目\PlayableAD\Cocos\TheW\20260615_HYQ\HYQ_Project\temp\programming\packer-driver\targets\editor\chunks\95\95d64f4c8aa166ee79b72d7add5021b420a7ce33.js is not in module cache!
2026-7-2 16:02:39 - debug: D:\工程项目\PlayableAD\Cocos\TheW\20260615_HYQ\HYQ_Project\temp\programming\packer-driver\targets\editor\chunks\23\23f4bc413c460b50ee5cc83636bb099609a379fd.js resolved to D:\工程项目\PlayableAD\Cocos\TheW\20260615_HYQ\HYQ_Project\temp\programming\packer-driver\targets\editor\chunks\23\23f4bc413c460b50ee5cc83636bb099609a379fd.js is not in module cache!
2026-7-2 16:02:39 - debug: D:\工程项目\PlayableAD\Cocos\TheW\20260615_HYQ\HYQ_Project\temp\programming\packer-driver\targets\editor\chunks\4a\4a434c55814df4d84e6cd9fee04d3f21bfa74070.js resolved to D:\工程项目\PlayableAD\Cocos\TheW\20260615_HYQ\HYQ_Project\temp\programming\packer-driver\targets\editor\chunks\4a\4a434c55814df4d84e6cd9fee04d3f21bfa74070.js is not in module cache!
2026-7-2 16:02:39 - debug: D:\工程项目\PlayableAD\Cocos\TheW\20260615_HYQ\HYQ_Project\temp\programming\packer-driver\targets\editor\chunks\e9\e9668b02254f4db9826696b9dfb6914087bee6cc.js resolved to D:\工程项目\PlayableAD\Cocos\TheW\20260615_HYQ\HYQ_Project\temp\programming\packer-driver\targets\editor\chunks\e9\e9668b02254f4db9826696b9dfb6914087bee6cc.js is not in module cache!
2026-7-2 16:02:39 - debug: [[Executor]] Module "pack:///chunks/95/95d64f4c8aa166ee79b72d7add5021b420a7ce33.js" loaded.
2026-7-2 16:02:39 - debug: [[Executor]] Module "pack:///chunks/23/23f4bc413c460b50ee5cc83636bb099609a379fd.js" loaded.
2026-7-2 16:02:39 - debug: [[Executor]] Register StutterCheck
2026-7-2 16:02:39 - debug: [[Executor]] Module "pack:///chunks/4a/4a434c55814df4d84e6cd9fee04d3f21bfa74070.js" loaded.
2026-7-2 16:02:39 - debug: [[Executor]] Module "pack:///chunks/e9/e9668b02254f4db9826696b9dfb6914087bee6cc.js" loaded.
2026-7-2 16:02:39 - debug: [[Executor]] Module "pack:///chunks/7e/7ece20e41250ede0e4707962498ddfd8c4453b24.js" loaded.
2026-7-2 16:02:39 - debug: D:\工程项目\PlayableAD\Cocos\TheW\20260615_HYQ\HYQ_Project\temp\programming\packer-driver\targets\editor\chunks\4d\4d68417d37cd80fe73d65d56dfe11dd26e9ef91a.js resolved to D:\工程项目\PlayableAD\Cocos\TheW\20260615_HYQ\HYQ_Project\temp\programming\packer-driver\targets\editor\chunks\4d\4d68417d37cd80fe73d65d56dfe11dd26e9ef91a.js is not in module cache!
2026-7-2 16:02:39 - debug: [[Executor]] Module "pack:///chunks/4d/4d68417d37cd80fe73d65d56dfe11dd26e9ef91a.js" loaded.
2026-7-2 16:02:39 - debug: [[Executor]] Module "pack:///chunks/6d/6d8fd2b0177941b032ddc0733af48a561fb60657.js" loaded.
2026-7-2 16:02:39 - groupEnd: Imports all modules
2026-7-2 16:02:39 - debug: [[Executor]] after unlock
2026-7-2 16:02:39 - debug: Incremental keys: regeneratorRuntime,b2jsb
2026-7-2 16:02:39 - debug: Init bundle share assets start..., progress: 9%
2026-7-2 16:02:39 - debug: Init bundle share assets start..., progress: 13%
2026-7-2 16:02:39 - warn(2): The Mesh used by component "cc.MeshRenderer" in prefab "Role_2" is missing. Detailed information:Node path: "Role_2/New Node/Bip001 Prop1 Socket/jiateling01"Asset url: "db://assets/GameRes/Prefab/Role_2"Missing uuid: "03189dd5-73dd-4e52-8644-1ff1a122b972@18a45"
2026-7-2 16:02:39 - warn: The Mesh used by component "cc.MeshRenderer" in prefab "Role_1" is missing. Detailed information:Node path: "Role_1/New Node/Bip001 Prop1 Socket/jiateling01"Asset url: "db://assets/GameRes/Prefab/Role_1"Missing uuid: "03189dd5-73dd-4e52-8644-1ff1a122b972@18a45"
2026-7-2 16:02:39 - debug: Init bundle share assets success..., progress: 9%
2026-7-2 16:02:39 - debug: Init bundle share assets success..., progress: 13%
2026-7-2 16:02:40 - debug: handle json group in bundle internal
2026-7-2 16:02:40 - debug: handle json group in bundle internal success
2026-7-2 16:02:40 - debug: handle json group in bundle resources
2026-7-2 16:02:40 - debug: handle json group in bundle main
2026-7-2 16:02:40 - debug: init image compress task 0 in bundle internal
2026-7-2 16:02:40 - debug: handle json group in bundle resources success
2026-7-2 16:02:40 - debug: init image compress task 0 in bundle resources
2026-7-2 16:02:40 - debug: [json-group] check self or raw asset, skip. 799add5f-4370-4ee6-b0a4-aca1ebcd06a3 depended by 799add5f-4370-4ee6-b0a4-aca1ebcd06a3 has checked in raw asset 799add5f-4370-4ee6-b0a4-aca1ebcd06a3/bundle(main)}
2026-7-2 16:02:40 - debug: [json-group] check self or raw asset, skip. f96153eb-6f89-4aad-b84b-808954761c02 depended by f96153eb-6f89-4aad-b84b-808954761c02 has checked in raw asset b5805d3a-3b80-4a12-adf5-588e63a7d886/bundle(main)}
2026-7-2 16:02:40 - debug: [json-group] check self or raw asset, skip. 799add5f-4370-4ee6-b0a4-aca1ebcd06a3 depended by 799add5f-4370-4ee6-b0a4-aca1ebcd06a3 has checked in raw asset b5805d3a-3b80-4a12-adf5-588e63a7d886/bundle(main)}
2026-7-2 16:02:40 - debug: [json-group] check self or raw asset, skip. f96153eb-6f89-4aad-b84b-808954761c02 depended by f96153eb-6f89-4aad-b84b-808954761c02 has checked in raw asset f96153eb-6f89-4aad-b84b-808954761c02/bundle(main)}
2026-7-2 16:02:40 - debug: handle json group in bundle main success
2026-7-2 16:02:40 - debug: init image compress task 0 in bundle main
2026-7-2 16:02:40 - debug: // ---- build task 查询 Asset Bundle ---- (642ms)
2026-7-2 16:02:40 - log: run build task 查询 Asset Bundle success in 642 ms√, progress: 14%
2026-7-2 16:02:40 - debug: [Build Memory track]: 查询 Asset Bundle start:249.93MB, end 259.60MB, increase: 9.68MB
2026-7-2 16:02:40 - debug: 查询 Asset Bundle start, progress: 14%
2026-7-2 16:02:40 - debug: // ---- build task 查询 Asset Bundle ----
2026-7-2 16:02:40 - debug: // ---- build task 查询 Asset Bundle ---- (75ms)
2026-7-2 16:02:40 - log: run build task 查询 Asset Bundle success in 75 ms√, progress: 19%
2026-7-2 16:02:40 - debug: [Build Memory track]: 查询 Asset Bundle start:259.64MB, end 259.94MB, increase: 306.89KB
2026-7-2 16:02:40 - debug: 打包脚本 start, progress: 19%
2026-7-2 16:02:40 - debug: // ---- build task 打包脚本 ----
2026-7-2 16:02:40 - log: [buildPolyfillsCommand]enter sub process 10456, 9229, see: chrome://inspect/#devices
2026-7-2 16:02:44 - debug: execute-script-end with buildPolyfillsCommand 4510ms
2026-7-2 16:02:44 - debug: Generate systemJs..., progress: 19%
2026-7-2 16:02:48 - debug: execute-script-end with buildSystemJsCommand 4324ms
2026-7-2 16:02:48 - debug: 构建项目脚本 start..., progress: 19%
2026-7-2 16:02:48 - debug: 构建项目脚本 start..., progress: 13%
2026-7-2 16:02:54 - warn: [buildScriptCommand][[Build.Script.Rollup]] Circular dependency: file:///D:/%E5%B7%A5%E7%A8%8B%E9%A1%B9%E7%9B%AE/PlayableAD/Cocos/TheW/20260615_HYQ/HYQ_Project/assets/Script/functionS/Jump/JumpManager.ts -> file:///D:/%E5%B7%A5%E7%A8%8B%E9%A1%B9%E7%9B%AE/PlayableAD/Cocos/TheW/20260615_HYQ/HYQ_Project/assets/Script/functionS/Jump/JumpDriveEngine.ts -> file:///D:/%E5%B7%A5%E7%A8%8B%E9%A1%B9%E7%9B%AE/PlayableAD/Cocos/TheW/20260615_HYQ/HYQ_Project/assets/Script/functionS/Jump/JumpManager.ts
2026-7-2 16:02:54 - warn: [buildScriptCommand][[Build.Script.Rollup]] Circular dependency: file:///D:/%E5%B7%A5%E7%A8%8B%E9%A1%B9%E7%9B%AE/PlayableAD/Cocos/TheW/20260615_HYQ/HYQ_Project/assets/Script/functionS/Other/PropArms.ts -> file:///D:/%E5%B7%A5%E7%A8%8B%E9%A1%B9%E7%9B%AE/PlayableAD/Cocos/TheW/20260615_HYQ/HYQ_Project/assets/Script/functionS/Monster/MonsterCreate.ts -> file:///D:/%E5%B7%A5%E7%A8%8B%E9%A1%B9%E7%9B%AE/PlayableAD/Cocos/TheW/20260615_HYQ/HYQ_Project/assets/Script/functionS/Other/PropArms.ts[warning][[Build.Script.Rollup]] Circular dependency: file:///D:/%E5%B7%A5%E7%A8%8B%E9%A1%B9%E7%9B%AE/PlayableAD/Cocos/TheW/20260615_HYQ/HYQ_Project/extensions/super-packager/package_assets/JiangYv/PBASDK-v3/PrintComponent.ts -> file:///D:/%E5%B7%A5%E7%A8%8B%E9%A1%B9%E7%9B%AE/PlayableAD/Cocos/TheW/20260615_HYQ/HYQ_Project/extensions/super-packager/package_assets/JiangYv/PBASDK-v3/StutterCheck.ts -> file:///D:/%E5%B7%A5%E7%A8%8B%E9%A1%B9%E7%9B%AE/PlayableAD/Cocos/TheW/20260615_HYQ/HYQ_Project/extensions/super-packager/package_assets/JiangYv/PBASDK-v3/PrintComponent.ts
2026-7-2 16:02:58 - log: [buildScriptCommand]Number of non-entry chunks: 3
2026-7-2 16:02:58 - debug: execute-script-end with buildScriptCommand 9700ms
2026-7-2 16:02:58 - debug: Copy externalScripts success!
2026-7-2 16:02:58 - debug: 构建项目脚本 in (9748 ms) √, progress: 19%
2026-7-2 16:02:58 - debug: 构建项目脚本 in (9748 ms) √, progress: 13%
2026-7-2 16:02:58 - debug: 构建引擎脚本 start..., progress: 19%
2026-7-2 16:02:58 - debug: mangleProperties is enabled, found engine-mangle-config.json, use it
2026-7-2 16:02:58 - debug: Error: Exit process with code:null, signal:SIGTERM in task build-script    at ChildProcess.<anonymous> (C:\ProgramData\cocos\editors\Creator\3.8.7\resources\app.asar\builtin\builder\dist\worker\worker-pools\sub-process-manager.ccc:1:2409)    at ChildProcess.emit (node:events:519:28)    at Process.ChildProcess._handle.onexit (node:internal/child_process:294:12)
2026-7-2 16:02:58 - debug: Use cache engine: {link(C:\Users\Admin\AppData\Local\Temp\CocosCreator\3.8.7\builder\engine\a154ee511c93165416d720dbd46d8d34)}
2026-7-2 16:02:58 - debug: Use cache, md5String: debug=false,sourceMaps=false,includeModules=["2d","3d","animation","audio","base","custom-pipeline","gfx-webgl","gfx-webgl2","graphics","particle","physics-2d-box2d","physics-ammo","primitive","profiler","skeletal-animation","tween","ui","custom-pipeline-builtin-scripts"],engineVersion="3.8.7",platformType="HTML5",split=false,nativeCodeBundleMode="asmjs",targets=undefined,entry="C:\\ProgramData\\cocos\\editors\\Creator\\3.8.7\\resources\\resources\\3d\\engine",noDeprecatedFeatures=undefined,loose=true,assetURLFormat="runtime-resolved",flags={"DEBUG":false,"LOAD_BULLET_MANUALLY":false,"LOAD_SPINE_MANUALLY":false,"WEBGPU":false},preserveType=undefined,wasmCompressionMode=false,enableNamedRegisterForSystemJSModuleFormat=undefined,mangleProperties=false,inlineEnum=true,
2026-7-2 16:02:58 - debug: Use cache, options: {  "entry": "C:\\ProgramData\\cocos\\editors\\Creator\\3.8.7\\resources\\resources\\3d\\engine",  "debug": false,  "mangleProperties": false,  "inlineEnum": true,  "sourceMaps": false,  "includeModules": [    "2d",    "3d",    "animation",    "audio",    "base",    "custom-pipeline",    "gfx-webgl",    "gfx-webgl2",    "graphics",    "particle",    "physics-2d-box2d",    "physics-ammo",    "primitive",    "profiler",    "skeletal-animation",    "tween",    "ui",    "custom-pipeline-builtin-scripts"  ],  "engineVersion": "3.8.7",  "md5Map": [],  "engineName": "cocos-js",  "output": "D:\\工程项目\\PlayableAD\\Cocos\\TheW\\20260615_HYQ\\HYQ_Project\\build\\web-mobile\\cocos-js",  "platformType": "HTML5",  "useCache": true,  "nativeCodeBundleMode": "asmjs",  "wasmCompressionMode": false,  "split": false,  "assetURLFormat": "runtime-resolved",  "flags": {    "DEBUG": false,    "LOAD_BULLET_MANUALLY": false,    "LOAD_SPINE_MANUALLY": false,    "WEBGPU": false  }}
2026-7-2 16:02:58 - debug: 构建引擎脚本 in (141 ms) √, progress: 19%
2026-7-2 16:02:58 - debug: Copy plugin script ..., progress: 19%
2026-7-2 16:02:58 - debug: Generate import-map..., progress: 19%
2026-7-2 16:02:58 - debug: // ---- build task 打包脚本 ---- (18806ms)
2026-7-2 16:02:58 - log: run build task 打包脚本 success in 18 s√, progress: 24%
2026-7-2 16:02:58 - debug: [Build Memory track]: 打包脚本 start:260.10MB, end 260.67MB, increase: 584.17KB
2026-7-2 16:02:58 - debug: Build Assets start, progress: 24%
2026-7-2 16:02:58 - debug: // ---- build task Build Assets ----
2026-7-2 16:02:58 - debug: Build bundles..., progress: 24%
2026-7-2 16:02:58 - debug: Pack Images start, progress: 24%
2026-7-2 16:02:58 - debug: Pack Images start, progress: 13%
2026-7-2 16:02:58 - debug: Number of pac assets: 3
2026-7-2 16:02:59 - debug: Get Cache info of pac success {asset(b74fc0c2-4c67-4dd4-8d74-9612ad56cfb1)}
2026-7-2 16:02:59 - debug: Get Cache info of pac success {asset(17513a27-4f11-4047-a0be-8d0cb6187b9e)}
2026-7-2 16:02:59 - debug: Number of pack results: 2
2026-7-2 16:02:59 - debug: start collect depend assets in pacb74fc0c2-4c67-4dd4-8d74-9612ad56cfb1
2026-7-2 16:02:59 - debug: start collect depend assets in pac17513a27-4f11-4047-a0be-8d0cb6187b9e
2026-7-2 16:02:59 - debug: start sort bundle in pacb74fc0c2-4c67-4dd4-8d74-9612ad56cfb1
2026-7-2 16:02:59 - debug: end sort bundle in pacb74fc0c2-4c67-4dd4-8d74-9612ad56cfb1
2026-7-2 16:02:59 - debug: start sort bundle in pac17513a27-4f11-4047-a0be-8d0cb6187b9e
2026-7-2 16:02:59 - debug: end sort bundle in pac17513a27-4f11-4047-a0be-8d0cb6187b9e
2026-7-2 16:02:59 - debug: builder:pack-auto-atlas-image (179ms)
2026-7-2 16:02:59 - debug: Pack Images success, progress: 24%
2026-7-2 16:02:59 - debug: Pack Images success, progress: 13%
2026-7-2 16:02:59 - debug: Compress image start..., progress: 24%
2026-7-2 16:02:59 - debug: Compress image start..., progress: 13%
2026-7-2 16:02:59 - group: Compress image...
2026-7-2 16:02:59 - debug: sort compress task {}
2026-7-2 16:02:59 - debug: Num of all image compress task 0, really: 0, configTasks: 0
2026-7-2 16:02:59 - debug: No image need to compress
2026-7-2 16:02:59 - groupEnd: Compress image...
2026-7-2 16:02:59 - debug: Compress image success..., progress: 24%
2026-7-2 16:02:59 - debug: Compress image success..., progress: 13%
2026-7-2 16:02:59 - debug: Output asset in bundles start, progress: 24%
2026-7-2 16:02:59 - debug: Output asset in bundles start, progress: 13%
2026-7-2 16:02:59 - debug: Handle all json groups in bundle internal
2026-7-2 16:02:59 - debug: handle json group
2026-7-2 16:02:59 - debug: Handle all json groups in bundle resources
2026-7-2 16:02:59 - debug: handle json group
2026-7-2 16:02:59 - debug: Handle all json groups in bundle main
2026-7-2 16:02:59 - debug: handle json group
2026-7-2 16:02:59 - debug: Json group(033f45a16) compile success，json number: 6
2026-7-2 16:02:59 - debug: Json group(0b54f34d0) compile success，json number: 6
2026-7-2 16:02:59 - debug: handle single json
2026-7-2 16:02:59 - debug: Json group(08cbea60a) compile success，json number: 6
2026-7-2 16:02:59 - debug: Json group(0a84a1761) compile success，json number: 6
2026-7-2 16:02:59 - debug: Json group(09e986d7f) compile success，json number: 6
2026-7-2 16:02:59 - debug: Json group(0a8b38f43) compile success，json number: 6
2026-7-2 16:02:59 - debug: Json group(05a6ba422) compile success，json number: 6
2026-7-2 16:02:59 - debug: handle single json
2026-7-2 16:02:59 - debug: Json group(0bd960b15) compile success，json number: 6
2026-7-2 16:02:59 - debug: Json group(05d786f3c) compile success，json number: 6
2026-7-2 16:02:59 - debug: Json group(0a9a16365) compile success，json number: 6
2026-7-2 16:02:59 - debug: Json group(0939f5774) compile success，json number: 6
2026-7-2 16:02:59 - debug: Json group(04d1efb95) compile success，json number: 6
2026-7-2 16:02:59 - debug: Json group(05ff4bf9a) compile success，json number: 6
2026-7-2 16:02:59 - debug: Json group(058888a4d) compile success，json number: 6
2026-7-2 16:02:59 - debug: Json group(0aa2d87de) compile success，json number: 6
2026-7-2 16:02:59 - debug: Json group(0936a916b) compile success，json number: 6
2026-7-2 16:02:59 - debug: Json group(0b3e0b1ce) compile success，json number: 6
2026-7-2 16:02:59 - debug: Json group(03bca836c) compile success，json number: 6
2026-7-2 16:02:59 - debug: Json group(018f8689b) compile success，json number: 6
2026-7-2 16:02:59 - debug: Json group(09f4a3c5f) compile success，json number: 6
2026-7-2 16:02:59 - debug: Json group(0573d1736) compile success，json number: 6
2026-7-2 16:02:59 - warn(2): The Mesh used by component "cc.MeshRenderer" in prefab "Role_2" is missing. Detailed information:Node path: "Role_2/New Node/Bip001 Prop1 Socket/jiateling01"Asset url: "db://assets/GameRes/Prefab/Role_2"Missing uuid: "03189dd5-73dd-4e52-8644-1ff1a122b972@18a45"
2026-7-2 16:02:59 - debug: Json group(0d1405e99) compile success，json number: 6
2026-7-2 16:02:59 - debug: Json group(0fbb3d0d7) compile success，json number: 6
2026-7-2 16:02:59 - debug: Json group(0b756a9e5) compile success，json number: 6
2026-7-2 16:02:59 - debug: Json group(0acdaf410) compile success，json number: 6
2026-7-2 16:02:59 - debug: Json group(045d59844) compile success，json number: 6
2026-7-2 16:02:59 - debug: Json group(03d712220) compile success，json number: 6
2026-7-2 16:02:59 - debug: Json group(0418d0963) compile success，json number: 6
2026-7-2 16:03:00 - debug: Json group(0d46b5455) compile success，json number: 6
2026-7-2 16:03:00 - debug: Json group(0d76502e0) compile success，json number: 6
2026-7-2 16:03:00 - warn: The Mesh used by component "cc.MeshRenderer" in prefab "Role_1" is missing. Detailed information:Node path: "Role_1/New Node/Bip001 Prop1 Socket/jiateling01"Asset url: "db://assets/GameRes/Prefab/Role_1"Missing uuid: "03189dd5-73dd-4e52-8644-1ff1a122b972@18a45"
2026-7-2 16:03:00 - debug: Json group(0abde5576) compile success，json number: 6
2026-7-2 16:03:00 - debug: Json group(05744dfbc) compile success，json number: 6
2026-7-2 16:03:00 - debug: handle single json
2026-7-2 16:03:00 - debug: Output asset in bundles success, progress: 24%
2026-7-2 16:03:00 - debug: Output asset in bundles success, progress: 13%
2026-7-2 16:03:00 - debug: Output asset in bundles start, progress: 24%
2026-7-2 16:03:00 - debug: Output asset in bundles start, progress: 13%
2026-7-2 16:03:00 - debug: compress config of bundle internal...
2026-7-2 16:03:00 - debug: compress config of bundle internal success
2026-7-2 16:03:00 - debug: compress config of bundle resources...
2026-7-2 16:03:00 - debug: compress config of bundle resources success
2026-7-2 16:03:00 - debug: compress config of bundle main...
2026-7-2 16:03:00 - debug: compress config of bundle main success
2026-7-2 16:03:00 - debug: output config of bundle internal
2026-7-2 16:03:00 - debug: output config of bundle internal success
2026-7-2 16:03:00 - debug: output config of bundle resources
2026-7-2 16:03:00 - debug: output config of bundle resources success
2026-7-2 16:03:00 - debug: output config of bundle main
2026-7-2 16:03:00 - debug: output config of bundle main success
2026-7-2 16:03:00 - debug: Output asset in bundles success, progress: 24%
2026-7-2 16:03:00 - debug: Output asset in bundles success, progress: 13%
2026-7-2 16:03:00 - debug: // ---- build task Build Assets ---- (2022ms)
2026-7-2 16:03:00 - log: run build task Build Assets success in 2 s√, progress: 29%
2026-7-2 16:03:00 - debug: [Build Memory track]: Build Assets start:260.71MB, end 272.67MB, increase: 11.97MB
2026-7-2 16:03:00 - debug: 整理部分构建选项内数据到 settings.json start, progress: 29%
2026-7-2 16:03:00 - debug: // ---- build task 整理部分构建选项内数据到 settings.json ----
2026-7-2 16:03:00 - debug: // ---- build task 整理部分构建选项内数据到 settings.json ---- (46ms)
2026-7-2 16:03:00 - log: run build task 整理部分构建选项内数据到 settings.json success in 46 ms√, progress: 31%
2026-7-2 16:03:00 - debug: [Build Memory track]: 整理部分构建选项内数据到 settings.json start:272.79MB, end 272.87MB, increase: 87.84KB
2026-7-2 16:03:00 - debug: 填充脚本数据到 settings.json start, progress: 31%
2026-7-2 16:03:00 - debug: // ---- build task 填充脚本数据到 settings.json ----
2026-7-2 16:03:01 - debug: // ---- build task 填充脚本数据到 settings.json ---- (45ms)
2026-7-2 16:03:01 - log: run build task 填充脚本数据到 settings.json success in 45 ms√, progress: 32%
2026-7-2 16:03:01 - debug: [Build Memory track]: 填充脚本数据到 settings.json start:272.91MB, end 272.98MB, increase: 66.60KB
2026-7-2 16:03:01 - debug: 整理部分构建选项内数据到 settings.json start, progress: 32%
2026-7-2 16:03:01 - debug: // ---- build task 整理部分构建选项内数据到 settings.json ----
2026-7-2 16:03:01 - debug: // ---- build task 整理部分构建选项内数据到 settings.json ---- (326ms)
2026-7-2 16:03:01 - log: run build task 整理部分构建选项内数据到 settings.json success in 326 ms√, progress: 34%
2026-7-2 16:03:01 - debug: [Build Memory track]: 整理部分构建选项内数据到 settings.json start:273.01MB, end 273.14MB, increase: 130.07KB
2026-7-2 16:03:01 - debug: web-mobile:(onBeforeCompressSettings) start..., progress: 34%
2026-7-2 16:03:01 - debug: // ---- build task web-mobile：onBeforeCompressSettings ----
2026-7-2 16:03:01 - debug: // ---- build task web-mobile：onBeforeCompressSettings ---- (32ms)
2026-7-2 16:03:01 - debug: web-mobile:(onBeforeCompressSettings) in 32 ms ✓, progress: 36%
2026-7-2 16:03:01 - debug: cocos-service:(onBeforeCompressSettings) start..., progress: 36%
2026-7-2 16:03:01 - debug: // ---- build task cocos-service：onBeforeCompressSettings ----
2026-7-2 16:03:01 - debug: // ---- build task cocos-service：onBeforeCompressSettings ---- (139ms)
2026-7-2 16:03:01 - debug: cocos-service:(onBeforeCompressSettings) in 139 ms ✓, progress: 38%
2026-7-2 16:03:01 - debug: super-packager:(onBeforeCompressSettings) start..., progress: 38%
2026-7-2 16:03:01 - debug: // ---- build task super-packager：onBeforeCompressSettings ----
2026-7-2 16:03:01 - log: [SUPER_PACKAGE]onBeforeCompressSettings
2026-7-2 16:03:01 - debug: // ---- build task super-packager：onBeforeCompressSettings ---- (38ms)
2026-7-2 16:03:01 - debug: super-packager:(onBeforeCompressSettings) in 38 ms ✓, progress: 40%
2026-7-2 16:03:01 - debug: 整理静态模板文件 start, progress: 40%
2026-7-2 16:03:01 - debug: // ---- build task 整理静态模板文件 ----
2026-7-2 16:03:01 - debug: // ---- build task 整理静态模板文件 ---- (177ms)
2026-7-2 16:03:01 - log: run build task 整理静态模板文件 success in 177 ms√, progress: 45%
2026-7-2 16:03:01 - debug: [Build Memory track]: 整理静态模板文件 start:273.52MB, end 276.78MB, increase: 3.26MB
2026-7-2 16:03:01 - debug: cocos-service:(onAfterCompressSettings) start..., progress: 45%
2026-7-2 16:03:01 - debug: // ---- build task cocos-service：onAfterCompressSettings ----
2026-7-2 16:03:01 - debug: // ---- build task cocos-service：onAfterCompressSettings ---- (86ms)
2026-7-2 16:03:01 - debug: cocos-service:(onAfterCompressSettings) in 86 ms ✓, progress: 46%
2026-7-2 16:03:01 - debug: super-packager:(onAfterCompressSettings) start..., progress: 46%
2026-7-2 16:03:01 - debug: // ---- build task super-packager：onAfterCompressSettings ----
2026-7-2 16:03:01 - log: [SUPER_PACKAGE]onAfterCompressSettings
2026-7-2 16:03:01 - debug: // ---- build task super-packager：onAfterCompressSettings ---- (36ms)
2026-7-2 16:03:01 - debug: super-packager:(onAfterCompressSettings) in 36 ms ✓, progress: 48%
2026-7-2 16:03:01 - debug: web-mobile:(onBeforeCopyBuildTemplate) start..., progress: 48%
2026-7-2 16:03:01 - debug: // ---- build task web-mobile：onBeforeCopyBuildTemplate ----
2026-7-2 16:03:02 - debug: // ---- build task web-mobile：onBeforeCopyBuildTemplate ---- (139ms)
2026-7-2 16:03:02 - debug: web-mobile:(onBeforeCopyBuildTemplate) in 139 ms ✓, progress: 50%
2026-7-2 16:03:02 - debug: 给所有的资源加上 MD5 后缀 start, progress: 50%
2026-7-2 16:03:02 - debug: // ---- build task 给所有的资源加上 MD5 后缀 ----
2026-7-2 16:03:02 - debug: // ---- build task 给所有的资源加上 MD5 后缀 ---- (39ms)
2026-7-2 16:03:02 - log: run build task 给所有的资源加上 MD5 后缀 success in 39 ms√, progress: 60%
2026-7-2 16:03:02 - debug: [Build Memory track]: 给所有的资源加上 MD5 后缀 start:274.42MB, end 274.48MB, increase: 64.29KB
2026-7-2 16:03:02 - debug: web-mobile:(onAfterBuild) start..., progress: 60%
2026-7-2 16:03:02 - debug: // ---- build task web-mobile：onAfterBuild ----
2026-7-2 16:03:02 - debug: // ---- build task web-mobile：onAfterBuild ---- (45ms)
2026-7-2 16:03:02 - debug: web-mobile:(onAfterBuild) in 45 ms ✓, progress: 62%
2026-7-2 16:03:02 - debug: cocos-service:(onAfterBuild) start..., progress: 62%
2026-7-2 16:03:02 - debug: // ---- build task cocos-service：onAfterBuild ----
2026-7-2 16:03:02 - debug: // ---- build task cocos-service：onAfterBuild ---- (155ms)
2026-7-2 16:03:02 - debug: cocos-service:(onAfterBuild) in 155 ms ✓, progress: 64%
2026-7-2 16:03:02 - debug: adsense-h5g-plugin:(onAfterBuild) start..., progress: 64%
2026-7-2 16:03:02 - debug: // ---- build task adsense-h5g-plugin：onAfterBuild ----
2026-7-2 16:03:02 - debug: // ---- build task adsense-h5g-plugin：onAfterBuild ---- (35ms)
2026-7-2 16:03:02 - debug: adsense-h5g-plugin:(onAfterBuild) in 35 ms ✓, progress: 65%
2026-7-2 16:03:02 - debug: super-html:(onAfterBuild) start..., progress: 65%
2026-7-2 16:03:02 - debug: // ---- build task super-html：onAfterBuild ----
2026-7-2 16:03:02 - log: [super-html] : -- start --
2026-7-2 16:03:02 - log: [super-html] : engine version 3.8.7
2026-7-2 16:03:02 - log: [super-html] : s_input_dir D:\工程项目\PlayableAD\Cocos\TheW\20260615_HYQ\HYQ_Project\build\web-mobile
2026-7-2 16:03:02 - log: [super-html] : s_out_dir D:\工程项目\PlayableAD\Cocos\TheW\20260615_HYQ\HYQ_Project\build\super-html
2026-7-2 16:03:07 - debug: // ---- build task super-html：onAfterBuild ---- (5469ms)
2026-7-2 16:03:07 - debug: super-html:(onAfterBuild) in 5469 ms ✓, progress: 67%
2026-7-2 16:03:07 - debug: super-packager:(onAfterBuild) start..., progress: 67%
2026-7-2 16:03:07 - debug: // ---- build task super-packager：onAfterBuild ----
2026-7-2 16:03:07 - log: [SUPER_PACKAGE]onAfterBuild
2026-7-2 16:03:08 - debug: // ---- build task super-packager：onAfterBuild ---- (48ms)
2026-7-2 16:03:08 - debug: super-packager:(onAfterBuild) in 48 ms ✓, progress: 69%
2026-7-2 16:03:08 - log: Asset DB is resume!
2026-7-2 16:03:08 - debug: builder:build-project-total (29627ms)
2026-7-2 16:03:08 - debug: build task(web-mobile) in 29627!
2026-7-2 16:03:08 - debug: [Build Memory track]: builder:build-project-total start:249.92MB, end 280.87MB, increase: 30.95MB
2026-7-2 16:03:08 - debug: ================================ build Task (web-mobile) Finished in (30 s)ms ================================
2026-7-3 17:56:11 - debug: =================================== build Task (web-mobile) Start ================================
2026-7-3 17:56:11 - debug: Start build task, options:{"name":"HYQ","server":"","engineModulesConfigKey":"defaultConfig","platform":"web-mobile","buildPath":"project://build","debug":false,"buildMode":"normal","mangleProperties":false,"md5Cache":false,"skipCompressTexture":false,"sourceMaps":false,"overwriteProjectSettings":{"includeModules":{"gfx-webgl2":"on","physics":"inherit-project-setting","physics-2d":"inherit-project-setting"},"macroConfig":{"cleanupImageCache":"inherit-project-setting"}},"nativeCodeBundleMode":"asmjs","polyfills":{"asyncFunctions":true},"experimentalEraseModules":false,"startSceneAssetBundle":false,"bundleConfigs":[],"inlineEnum":true,"useBuiltinServer":false,"md5CacheOptions":{"excludes":[],"includes":[],"replaceOnly":[],"handleTemplateMd5Link":true},"mainBundleIsRemote":false,"mainBundleCompressionType":"merge_dep","useSplashScreen":true,"bundleCommonChunk":false,"packAutoAtlas":true,"startScene":"b5805d3a-3b80-4a12-adf5-588e63a7d886","outputName":"web-mobile","taskName":"web-mobile","scenes":[{"url":"db://assets/Scene/Game_3D-002.scene","uuid":"b5805d3a-3b80-4a12-adf5-588e63a7d886"}],"wasmCompressionMode":false,"binGroupConfig":{"threshold":16,"enable":false},"packages":{"adsense-h5g-plugin":{"enableAdsense":false,"enableTestAd":false,"__version__":"1.0.1","AFPHostPropertyCode":"ca-host-pub-5396158963872751","AFPHostDomain":"douyougame.com","otherAFPHostPropertyCode":"","otherAFPDomain":""},"web-mobile":{"useWebGPU":false,"orientation":"auto","embedWebDebugger":false,"__version__":"1.0.1"},"cocos-service":{"configID":"56841a","services":[],"__version__":"3.0.9"},"super-packager":{"googlePlayUrl":"","appStoreUrl":"","__version__":"2.7.0"}},"__version__":"1.3.9","logDest":"project://temp/builder/log/web-mobile2026-6-30 10-27.log"}
2026-7-3 17:56:11 - debug: Build with Cocos Creator 3.8.7
2026-7-3 17:56:11 - debug: cocos-service:(onBeforeBuild) start..., progress: 0%
2026-7-3 17:56:11 - debug: // ---- build task cocos-service：onBeforeBuild ----
2026-7-3 17:56:11 - debug: // ---- build task cocos-service：onBeforeBuild ---- (164ms)
2026-7-3 17:56:11 - debug: cocos-service:(onBeforeBuild) in 164 ms ✓, progress: 2%
2026-7-3 17:56:11 - debug: scene:(onBeforeBuild) start..., progress: 2%
2026-7-3 17:56:11 - debug: // ---- build task scene：onBeforeBuild ----
2026-7-3 17:56:11 - debug: // ---- build task scene：onBeforeBuild ---- (51ms)
2026-7-3 17:56:11 - debug: scene:(onBeforeBuild) in 51 ms ✓, progress: 4%
2026-7-3 17:56:11 - debug: super-packager:(onBeforeBuild) start..., progress: 4%
2026-7-3 17:56:11 - debug: // ---- build task super-packager：onBeforeBuild ----
2026-7-3 17:56:11 - log: [SUPER_PACKAGE]onBeforeBuild
2026-7-3 17:56:11 - log: [SUPER_PACKAGE]商店链接配置:{"googlePlayUrl":"","appStoreUrl":""}
2026-7-3 17:56:11 - log: [SUPER_PACKAGE]商店链接已同步到文件
2026-7-3 17:56:11 - debug: // ---- build task super-packager：onBeforeBuild ---- (70ms)
2026-7-3 17:56:11 - debug: super-packager:(onBeforeBuild) in 70 ms ✓, progress: 5%
2026-7-3 17:56:11 - debug: Start lock asset db..., progress: 5%
2026-7-3 17:56:11 - log: Asset DB is paused with build!
2026-7-3 17:56:11 - debug: Query all assets info in project
2026-7-3 17:56:11 - debug: init custom config: keepNodeUuid: false, useCache: true
2026-7-3 17:56:11 - debug: web-mobile:(onAfterInit) start..., progress: 5%
2026-7-3 17:56:11 - debug: // ---- build task web-mobile：onAfterInit ----
2026-7-3 17:56:11 - debug: // ---- build task web-mobile：onAfterInit ---- (15ms)
2026-7-3 17:56:11 - debug: web-mobile:(onAfterInit) in 15 ms ✓, progress: 7%
2026-7-3 17:56:11 - debug: cocos-service:(onAfterInit) start..., progress: 7%
2026-7-3 17:56:11 - debug: // ---- build task cocos-service：onAfterInit ----
2026-7-3 17:56:11 - debug: // ---- build task cocos-service：onAfterInit ---- (126ms)
2026-7-3 17:56:11 - debug: cocos-service:(onAfterInit) in 126 ms ✓, progress: 9%
2026-7-3 17:56:11 - debug: Skip compress image, progress: 0%
2026-7-3 17:56:11 - debug: adsense-h5g-plugin:(onBeforeBundleInit) start..., progress: 9%
2026-7-3 17:56:11 - debug: adsense-h5g-plugin:(onBeforeBundleInit) start..., progress: 0%
2026-7-3 17:56:11 - debug: // ---- build task adsense-h5g-plugin：onBeforeBundleInit ----
2026-7-3 17:56:11 - debug: [adsense-h5g-plugin] remove script success
2026-7-3 17:56:11 - debug: // ---- build task adsense-h5g-plugin：onBeforeBundleInit ---- (71ms)
2026-7-3 17:56:11 - debug: adsense-h5g-plugin:(onBeforeBundleInit) in 71 ms ✓, progress: 9%
2026-7-3 17:56:11 - debug: adsense-h5g-plugin:(onBeforeBundleInit) in 71 ms ✓, progress: 7%
2026-7-3 17:56:11 - debug: Init all bundles start..., progress: 9%
2026-7-3 17:56:11 - debug: Init all bundles start..., progress: 7%
2026-7-3 17:56:11 - debug: Num of bundles: 3..., progress: 9%
2026-7-3 17:56:11 - debug: Num of bundles: 3..., progress: 7%
2026-7-3 17:56:11 - debug: web-mobile:(onAfterBundleInit) start..., progress: 9%
2026-7-3 17:56:11 - debug: web-mobile:(onAfterBundleInit) start..., progress: 7%
2026-7-3 17:56:11 - debug: // ---- build task web-mobile：onAfterBundleInit ----
2026-7-3 17:56:11 - debug: // ---- build task web-mobile：onAfterBundleInit ---- (87ms)
2026-7-3 17:56:11 - debug: web-mobile:(onAfterBundleInit) in 87 ms ✓, progress: 9%
2026-7-3 17:56:11 - debug: web-mobile:(onAfterBundleInit) in 87 ms ✓, progress: 13%
2026-7-3 17:56:11 - debug: 查询 Asset Bundle start, progress: 9%
2026-7-3 17:56:11 - debug: // ---- build task 查询 Asset Bundle ----
2026-7-3 17:56:11 - debug: Init bundle root assets start..., progress: 9%
2026-7-3 17:56:11 - debug: Init bundle root assets start..., progress: 13%
2026-7-3 17:56:11 - debug: Query preload assets/scripts from cc.config.json: 60f7195c-ec2a-45eb-ba94-8955f60e81d0,1c02ae6f-4492-4915-b8f8-7492a3b1e4cd,810e96e4-e456-4468-9b59-f4e8f39732c0,efe8e2a3-eace-427b-b4f1-cb8a937ec77d,e9aa9a3e-5b2b-4ac7-a2c7-073de2b2b24f,8bbdbcdd-5cd4-4100-b6d5-b7c9625b6107,50f4348b-c883-4e2f-8f11-ce233b859fa1,fda095cb-831d-4601-ad94-846013963de8,f92806d7-1768-443f-afe8-12bcde84d0f0,dd3a144d-ab7f-41f0-82b8-2e43a090d496,f0416e68-0200-4b77-a926-4f9d16e494da,511d2633-09a7-4bdd-ac42-f778032124b3,5d45aa00-e064-4938-b314-4265f0c2258c,9361fd90-ba52-4f84-aa93-6e878fd576ca,970b0598-bcb0-4714-91fb-2e81440dccd8,bcd64cc6-2dd9-43f6-abbe-66318d332032,d930590d-bb92-4cc8-8bd1-23cd027f9edf,a3cd009f-0ab0-420d-9278-b9fdab939bbc,6a2d0734-bd9e-4ddf-946e-caa52498cb75,d1346436-ac96-4271-b863-1f4fdead95b0,971bdb23-3ff6-43eb-b422-1c30165a3663,17debcc3-0a6b-4b8a-b00b-dc58b885581e,711ebe11-f673-4cd9-9a83-63c60ba54c5b,c0143906-9aed-447e-9436-2ae8512d1b6e,14da1725-c4c2-42b4-ab08-ee0aeb6898b3,081cab31-dccd-428e-8652-f2404cc81c47,78e0584a-4343-4727-8f37-e14e65c2a2db,ba21476f-2866-4f81-9c4d-6e359316e448,871c3b6c-7379-419d-bda3-794b239ab90d,ff9b0199-ce04-4cfe-86cc-6c719f08d6e4,de1c2107-70c8-4021-8459-6399f24d01c6,cbf30902-517f-40dc-af90-a550bac27cf1,5c601d96-e4c7-4698-991b-7ee674b11079
2026-7-3 17:56:11 - debug:   Number of all scenes: 5
2026-7-3 17:56:11 - debug:   Number of all scripts: 109
2026-7-3 17:56:11 - debug:   Number of other assets: 1158
2026-7-3 17:56:11 - debug: Init bundle root assets success..., progress: 9%
2026-7-3 17:56:11 - debug: Init bundle root assets success..., progress: 13%
2026-7-3 17:56:11 - debug: reload all scripts.
2026-7-3 17:56:12 - debug: [[Executor]] reload before lock
2026-7-3 17:56:12 - debug: Set detail map pack:///resolution-detail-map.json: {}
2026-7-3 17:56:12 - groupCollapsed: Invalidate all modules
2026-7-3 17:56:12 - debug: Unregister BuiltinPipelineSettings
2026-7-3 17:56:12 - debug: Unregister BuiltinPipelinePassBuilder
2026-7-3 17:56:12 - debug: Unregister BuiltinDepthOfFieldPass
2026-7-3 17:56:12 - debug: Unregister DebugViewRuntimeControl
2026-7-3 17:56:12 - debug: Unregister Lightning
2026-7-3 17:56:12 - debug: Unregister LayerManager
2026-7-3 17:56:12 - debug: Unregister CameraMove
2026-7-3 17:56:12 - debug: Unregister UnityUpComponent
2026-7-3 17:56:12 - debug: Unregister RotationDrive
2026-7-3 17:56:12 - debug: Unregister MoveDrive
2026-7-3 17:56:12 - debug: Unregister RotationVector
2026-7-3 17:56:12 - debug: Unregister PrefabsRes
2026-7-3 17:56:12 - debug: Unregister PrefabsManager
2026-7-3 17:56:12 - debug: Unregister L18nManager
2026-7-3 17:56:12 - debug(2): Unregister DownLoadL8
2026-7-3 17:56:12 - debug: Unregister LangArrAuto
2026-7-3 17:56:12 - debug: Unregister LangAuto
2026-7-3 17:56:12 - debug: Unregister ResurrectionL8
2026-7-3 17:56:12 - debug: Unregister Prop
2026-7-3 17:56:12 - debug: Unregister JumpDriveEngine
2026-7-3 17:56:12 - debug: Unregister BagBase
2026-7-3 17:56:12 - debug: Unregister FlayPropManager
2026-7-3 17:56:12 - debug: Unregister GroupBag3D
2026-7-3 17:56:12 - debug: Unregister GroupPropTransform
2026-7-3 17:56:12 - debug: Unregister LabBagUp
2026-7-3 17:56:12 - debug: Unregister CollectGetTarget
2026-7-3 17:56:12 - debug: Unregister AttackTargetBase
2026-7-3 17:56:12 - debug: Unregister AreaAttack
2026-7-3 17:56:12 - debug: Unregister MeleeAttack
2026-7-3 17:56:12 - debug: Unregister HpComponent
2026-7-3 17:56:12 - debug: Unregister MeshFlashPropData
2026-7-3 17:56:12 - debug: Unregister MeshFlashSwitchData
2026-7-3 17:56:12 - debug: Unregister MeshFlashData
2026-7-3 17:56:12 - debug: Unregister BattleTargetBase
2026-7-3 17:56:12 - debug: Unregister EffectRemoveBase
2026-7-3 17:56:12 - debug: Unregister EffectTimePartRemove
2026-7-3 17:56:12 - debug: Unregister EffectManager
2026-7-3 17:56:12 - debug: Unregister ColliderTag
2026-7-3 17:56:12 - debug: Unregister BulletMonsterCollisionManager
2026-7-3 17:56:12 - debug: Unregister BulletBattle3D
2026-7-3 17:56:12 - debug: Unregister BattleTarget3D
2026-7-3 17:56:12 - debug: Unregister BulletCollideBase2D
2026-7-3 17:56:12 - debug: Unregister BulletBattle2D
2026-7-3 17:56:12 - debug: Unregister RangedAttack
2026-7-3 17:56:12 - debug: Unregister TriggerBase2D
2026-7-3 17:56:12 - debug: Unregister BattleTarget2D
2026-7-3 17:56:12 - debug: Unregister CollectBattleTarger2D
2026-7-3 17:56:12 - debug: Unregister BulletBatchRenderer
2026-7-3 17:56:12 - debug: Unregister AttackParkPlay
2026-7-3 17:56:12 - debug: Unregister RangeTowerAttack
2026-7-3 17:56:12 - debug: Unregister RangedAttack_Circle
2026-7-3 17:56:12 - debug: Unregister RangedAttack_Shrapnel
2026-7-3 17:56:12 - debug: Unregister BulletCollideBase3D
2026-7-3 17:56:12 - debug: Unregister TriggerBase3D
2026-7-3 17:56:12 - debug: Unregister CollectBattleTarger3D
2026-7-3 17:56:12 - debug: Unregister EffectTimeRemove
2026-7-3 17:56:12 - debug: Unregister GuideLine
2026-7-3 17:56:12 - debug: Unregister FbxManager
2026-7-3 17:56:12 - debug: Unregister Role
2026-7-3 17:56:12 - debug: Unregister GameOverPanel
2026-7-3 17:56:12 - debug: Unregister WeaponBulletConfig
2026-7-3 17:56:12 - debug: Unregister Player
2026-7-3 17:56:12 - debug: Unregister MonsterBattleTaerget
2026-7-3 17:56:12 - debug: Unregister ArmsInfo
2026-7-3 17:56:12 - debug: Unregister PropArms
2026-7-3 17:56:12 - debug: Unregister PropBrand
2026-7-3 17:56:12 - debug: Unregister PropLalianGate
2026-7-3 17:56:12 - debug: Unregister CreatePropBrand
2026-7-3 17:56:12 - debug: Unregister MonsterCreateInfo
2026-7-3 17:56:12 - debug: Unregister MonsterCreateQueue
2026-7-3 17:56:12 - debug: Unregister MonsterCreate
2026-7-3 17:56:12 - debug: Unregister GuideManager
2026-7-3 17:56:12 - debug: Unregister ArmsUp
2026-7-3 17:56:12 - debug: Unregister PropTireGate
2026-7-3 17:56:12 - debug: Unregister RockerUI
2026-7-3 17:56:12 - debug: Unregister RockerMouseEvent
2026-7-3 17:56:12 - debug: Unregister ShoppIngEvent
2026-7-3 17:56:12 - debug: Unregister Shopping
2026-7-3 17:56:12 - debug: Unregister BuyWayBase
2026-7-3 17:56:12 - debug: Unregister BuyWay2D
2026-7-3 17:56:12 - debug: Unregister BuyWay3D
2026-7-3 17:56:12 - debug: Unregister ShoppingItem
2026-7-3 17:56:12 - debug: Unregister Shopping_Super
2026-7-3 17:56:12 - debug: Unregister FrameAnimManager
2026-7-3 17:56:12 - debug: Unregister FrameManager
2026-7-3 17:56:12 - debug: Unregister UIButtonEvent
2026-7-3 17:56:12 - debug: Unregister StutterCheck
2026-7-3 17:56:12 - debug: Invalidating 'pack:///chunks/93/93ba276ea7b26ffcdc433fab14afc1ed6f05647b.js'
2026-7-3 17:56:12 - debug: Invalidating 'pack:///chunks/6d/6d8fd2b0177941b032ddc0733af48a561fb60657.js'
2026-7-3 17:56:12 - debug: Invalidating 'pack:///chunks/f2/f22794b1c95bc92b6e994a97e9b193af020adc12.js'
2026-7-3 17:56:12 - debug: Invalidating 'pack:///chunks/c9/c9d891290a54ec567f150962e76c6bf9cdf47b3b.js'
2026-7-3 17:56:12 - debug: Invalidating 'pack:///chunks/d9/d980f46bad1521f99cf9b02f6f4709610973859b.js'
2026-7-3 17:56:12 - debug: Invalidating 'pack:///chunks/04/04f62969dc20e2c08fceeca28e5f160f93c57d48.js'
2026-7-3 17:56:12 - debug: Invalidating 'pack:///chunks/6a/6a5019a719a9014c047e67aa1cf34453ab8392ce.js'
2026-7-3 17:56:12 - debug: Invalidating 'pack:///chunks/84/84fdd98491917343dab9e13fe8b5a70bd6a363c2.js'
2026-7-3 17:56:12 - debug: Invalidating 'pack:///chunks/e0/e099fc7c0597d98bad93ecd30952e1955267ade1.js'
2026-7-3 17:56:12 - debug: Invalidating 'pack:///chunks/e2/e2118395860d446afdd7349c12bbbbd5ff0a8915.js'
2026-7-3 17:56:12 - debug: Invalidating 'pack:///chunks/e9/e96bc804d4af33012a1ad5c19177a551c107f2ae.js'
2026-7-3 17:56:12 - debug: Invalidating 'pack:///chunks/14/14cec8e3738599ab9965ee6a2127491eba1361af.js'
2026-7-3 17:56:12 - debug: Invalidating 'pack:///chunks/4d/4d6662648c8c361d9de350d72c1ab0a8e7508014.js'
2026-7-3 17:56:12 - debug: Invalidating 'pack:///chunks/31/31cebe8e0355019a96c8dc216aed673e195b2a53.js'
2026-7-3 17:56:12 - debug: Invalidating 'pack:///chunks/3f/3fc33806253ded99e50ac9220c73832ef2904ca7.js'
2026-7-3 17:56:12 - debug: Invalidating 'pack:///chunks/56/5601ae9cf318e5c14df7d30ca1cafe71734c982a.js'
2026-7-3 17:56:12 - debug: Invalidating 'pack:///chunks/90/901a8f42214a0198b9aca11ce347c093cca5e26c.js'
2026-7-3 17:56:12 - debug: Invalidating 'pack:///chunks/8a/8ae7d51cc818f718270f9e2ad9b78b6df4ffa62c.js'
2026-7-3 17:56:12 - debug: Invalidating 'pack:///chunks/8b/8b1077471006cad018e02beccd0bed5dcc54c671.js'
2026-7-3 17:56:12 - debug: Invalidating 'pack:///chunks/a1/a1d124b8795c6e55160d2ce5ecbd41437847152f.js'
2026-7-3 17:56:12 - debug: Invalidating 'pack:///chunks/84/8436bf0d6f6a392b090fff8471ad48b32970414b.js'
2026-7-3 17:56:12 - debug: Invalidating 'pack:///chunks/f2/f20c45b49501fbe07d44e99d95c2c506a06a0ecd.js'
2026-7-3 17:56:12 - debug: Invalidating 'pack:///chunks/79/798785a3f67288cbb075d5efa15a2c266208a881.js'
2026-7-3 17:56:12 - debug: Invalidating 'pack:///chunks/eb/eb316915c4446a477164305c14374917acb92a23.js'
2026-7-3 17:56:12 - debug: Invalidating 'pack:///chunks/e9/e950dd2519065be1280daf69ce7f6b07e4d0caaa.js'
2026-7-3 17:56:12 - debug: Invalidating 'pack:///chunks/f0/f04c2dd9d3cc608a6f46e13bb5d3c46aa5633baf.js'
2026-7-3 17:56:12 - debug: Invalidating 'pack:///chunks/ed/edbdde40fab9baf06e704beb85e64d72f20aefb8.js'
2026-7-3 17:56:12 - debug: Invalidating 'pack:///chunks/f8/f8baeccf8cf047db05161c9b9e8b6b4ff9eefe2f.js'
2026-7-3 17:56:12 - debug: Invalidating 'pack:///chunks/63/633ac4308370832c1c78b9f28702617696f6e9fb.js'
2026-7-3 17:56:12 - debug: Invalidating 'pack:///chunks/f5/f570589f727cbf96139a6869e201d7a87544da71.js'
2026-7-3 17:56:12 - debug: Invalidating 'pack:///chunks/40/407fe08f85a1575a06beb3692d40cf36d9684f58.js'
2026-7-3 17:56:12 - debug: Invalidating 'pack:///chunks/0f/0fd75e1d9556ba520ee98c89195f9d0594110ad2.js'
2026-7-3 17:56:12 - debug: Invalidating 'pack:///chunks/84/84bbaa7f2e1a0639f57f755b935e1acb7d73f78e.js'
2026-7-3 17:56:12 - debug: Invalidating 'pack:///chunks/5f/5fdfd08a9c16dc742e66ef16a5a8e13f5f831a3e.js'
2026-7-3 17:56:12 - debug: Invalidating 'pack:///chunks/2e/2edb51f2f57b638345a2b9d561f476b67029b574.js'
2026-7-3 17:56:12 - debug: Invalidating 'pack:///chunks/4c/4c2851018e56f823e74c2b3e2117156bcb9e76d0.js'
2026-7-3 17:56:12 - debug: Invalidating 'pack:///chunks/ec/ecb76259f390974cf14cad52564b11281c42a7e6.js'
2026-7-3 17:56:12 - debug: Invalidating 'pack:///chunks/38/38483f6f68b174c6aad120536d38c3642cb0e458.js'
2026-7-3 17:56:12 - debug: Invalidating 'pack:///chunks/e5/e5fea8c54230bb378b45e63a8ea8186bdeccbbe2.js'
2026-7-3 17:56:12 - debug: Invalidating 'pack:///chunks/b6/b6919de7425c243c4e1697f376cb4f6f6b2769a4.js'
2026-7-3 17:56:12 - debug: Invalidating 'pack:///chunks/d5/d58c1ab1b696259af8c3b1384857266dba055462.js'
2026-7-3 17:56:12 - debug: Invalidating 'pack:///chunks/41/4103e3b8e8be7d1b0e7a8a67f28a2c29fe9aa2dc.js'
2026-7-3 17:56:12 - debug: Invalidating 'pack:///chunks/f6/f6cf9b6088316a765dbcd0b22eb496d3f4be80dc.js'
2026-7-3 17:56:12 - debug: Invalidating 'pack:///chunks/80/80f420cd19a5967732f7f177a68c3670990311d3.js'
2026-7-3 17:56:12 - debug: Invalidating 'pack:///chunks/b5/b5c69e24499acddd297e4328687b0ea934b109d5.js'
2026-7-3 17:56:12 - debug: Invalidating 'pack:///chunks/7e/7e52be47c960966fc7d962b7957dbbce1047514e.js'
2026-7-3 17:56:12 - debug: Invalidating 'pack:///chunks/f4/f4bb2b73aacdc0370fc65face1ef60d9e8732bfd.js'
2026-7-3 17:56:12 - debug: Invalidating 'pack:///chunks/0e/0ea1c77c59b038eb4661ef171f440cbc7cc134ca.js'
2026-7-3 17:56:12 - debug: Invalidating 'pack:///chunks/29/296009d632e65e6f653d790324d741c2d9759f34.js'
2026-7-3 17:56:12 - debug: Invalidating 'pack:///chunks/3f/3ff8f1a74d7fbbd22ced04971b6ab15e04fd86a6.js'
2026-7-3 17:56:12 - debug: Invalidating 'pack:///chunks/b1/b12e427b1fcb487f729ef654542d8e9775a297cb.js'
2026-7-3 17:56:12 - debug: Invalidating 'pack:///chunks/80/803faff6203a98317cc86f08677de73b7112b743.js'
2026-7-3 17:56:12 - debug: Invalidating 'pack:///chunks/d5/d5f6e07e1b02d743fed3d9c2c8e155b0c3309d52.js'
2026-7-3 17:56:12 - debug: Invalidating 'pack:///chunks/02/021cbce763294c7c4adf05845718c817a68ff9f3.js'
2026-7-3 17:56:12 - debug: Invalidating 'pack:///chunks/23/2370bd6a63dbba247d7fcab21c5244288f150386.js'
2026-7-3 17:56:12 - debug: Invalidating 'pack:///chunks/9e/9ec8816866d723aea0e61547ea23bf04cc3c7c78.js'
2026-7-3 17:56:12 - debug: Invalidating 'pack:///chunks/9b/9be30ad1a917cc0914201f1db5bdf1c5cb4d6e49.js'
2026-7-3 17:56:12 - debug: Invalidating 'pack:///chunks/43/4314f54defc530df4c3d4a14e3561038b8628ff3.js'
2026-7-3 17:56:12 - debug: Invalidating 'pack:///chunks/6c/6c35293030e947e52f03ea585990d17f31ea7df0.js'
2026-7-3 17:56:12 - debug: Invalidating 'pack:///chunks/a7/a78b9d0a8af4315011c59f40b6c49da033e49269.js'
2026-7-3 17:56:12 - debug: Invalidating 'pack:///chunks/bb/bb66609565f0d30fbedfe7ab7019decca8a2726b.js'
2026-7-3 17:56:12 - debug: Invalidating 'pack:///chunks/4a/4a75ba705e89112b3bcc356e77985c7a095b80f4.js'
2026-7-3 17:56:12 - debug: Invalidating 'pack:///chunks/b0/b0316da27abe29af9f8a517d28257bc913762f57.js'
2026-7-3 17:56:12 - debug: Invalidating 'pack:///chunks/e1/e13771ea8032dbc1728530af431c57de3b1e5e24.js'
2026-7-3 17:56:12 - debug: Invalidating 'pack:///chunks/9a/9a8786a747b555136cef77c9f5e7ad17e18a31eb.js'
2026-7-3 17:56:12 - debug: Invalidating 'pack:///chunks/ce/ced31965a759b2c1d777a8f0d98f8cd326020d87.js'
2026-7-3 17:56:12 - debug: Invalidating 'pack:///chunks/dc/dcc18999575bc7125a793680f1b595554e7f2cde.js'
2026-7-3 17:56:12 - debug: Invalidating 'pack:///chunks/05/0510980ff6e9ad26ec622e2230780bc7f1d96f08.js'
2026-7-3 17:56:12 - debug: Invalidating 'pack:///chunks/8a/8a4b23fc8904a55daa926fa9bf2d450c2c59d378.js'
2026-7-3 17:56:12 - debug: Invalidating 'pack:///chunks/5b/5b626ae965dfc8bbf67ffe6dd329ea95c382afe6.js'
2026-7-3 17:56:12 - debug: Invalidating 'pack:///chunks/6e/6e4d3e245933373fd13279940a5d6dee30418f49.js'
2026-7-3 17:56:12 - debug: Invalidating 'pack:///chunks/f0/f05038aedf4d7805ad91dbf59f1c87fe35c23bb5.js'
2026-7-3 17:56:12 - debug: Invalidating 'pack:///chunks/05/05825d2a71d7765a90fbbdda8907aab57810f0a0.js'
2026-7-3 17:56:12 - debug: Invalidating 'pack:///chunks/fa/fad9c36dab7fd23cbd0b1b9ebcbd02e6023aaadd.js'
2026-7-3 17:56:12 - debug: Invalidating 'pack:///chunks/01/011c6605e93c83936bcaadc521a3f2df21bdd87a.js'
2026-7-3 17:56:12 - debug: Invalidating 'pack:///chunks/7a/7a056ac353cd4f184635b76aa08c0d427085fda7.js'
2026-7-3 17:56:12 - debug: Invalidating 'pack:///chunks/11/1193ac27b94da532d27808ef712ed0fcd809d84d.js'
2026-7-3 17:56:12 - debug: Invalidating 'pack:///chunks/03/031aac2e2ea93f03b5422269c22800e822715034.js'
2026-7-3 17:56:12 - debug: Invalidating 'pack:///chunks/29/2933ae65951958109aeb70104e6287b8240a8e01.js'
2026-7-3 17:56:12 - debug: Invalidating 'pack:///chunks/cd/cd87286564d42a577ada1093f142b4db43415d61.js'
2026-7-3 17:56:12 - debug: Invalidating 'pack:///chunks/dd/ddf9ec67bc21176ab14fd7bef2d6099af7cab4e3.js'
2026-7-3 17:56:12 - debug: Invalidating 'pack:///chunks/78/7875e58dc11de4424867c114cd71cf4d379fd7ce.js'
2026-7-3 17:56:12 - debug: Invalidating 'pack:///chunks/6b/6b5ef849a8a91f0cd956b88818795e47d9431e29.js'
2026-7-3 17:56:12 - debug: Invalidating 'pack:///chunks/12/120cba8f856407335ad8a04347cd4d36bf752a1e.js'
2026-7-3 17:56:12 - debug: Invalidating 'pack:///chunks/7c/7cb3e78818d3ca7420c127c4f13ad5587e5cc5d3.js'
2026-7-3 17:56:12 - debug: Invalidating 'pack:///chunks/2c/2c40d59e1ac0050bfd5e4aece9657278c88a4b47.js'
2026-7-3 17:56:12 - debug: Invalidating 'pack:///chunks/e2/e2cd37831230a7474a5c89ec9f0764c2d6ce1581.js'
2026-7-3 17:56:12 - debug: Invalidating 'pack:///chunks/6b/6bf6369babd500e0802aeb38d4c346ae3462ef8b.js'
2026-7-3 17:56:12 - debug: Invalidating 'pack:///chunks/c1/c14c87720f6e6e7b27f438925fae2cc2d4587268.js'
2026-7-3 17:56:12 - debug: Invalidating 'pack:///chunks/aa/aa6223cf35796d09344450a14919ad24c61174bb.js'
2026-7-3 17:56:12 - debug: Invalidating 'pack:///chunks/ac/ac0e66d1df96447f3ea6b579b5067cb87a880d84.js'
2026-7-3 17:56:12 - debug: Invalidating 'pack:///chunks/fb/fb231b7b47c244832aa3ed0055e0ff4d6bda9530.js'
2026-7-3 17:56:12 - debug: Invalidating 'pack:///chunks/1e/1e9839fb85f612fea3030115a5d65b742de2db50.js'
2026-7-3 17:56:12 - debug: Invalidating 'pack:///chunks/7d/7d88e9fa4d49091167d5648112015c50cab8c311.js'
2026-7-3 17:56:12 - debug: Invalidating 'pack:///chunks/d0/d08abfe279c9195afbafb261981128dda32fee17.js'
2026-7-3 17:56:12 - debug: Invalidating 'pack:///chunks/e4/e49d377195f0f6ca8039098e5e76d909c726c89c.js'
2026-7-3 17:56:12 - debug: Invalidating 'pack:///chunks/c8/c8d2fc621a68aadf290b9938ae81f70dbefcc8d6.js'
2026-7-3 17:56:12 - debug: Invalidating 'pack:///chunks/41/41b6ef284e15d0779c96601cab9a95a7c5e5919b.js'
2026-7-3 17:56:12 - debug: Invalidating 'pack:///chunks/5f/5fd5284b513982ea020d8e9513905cac6e75919a.js'
2026-7-3 17:56:12 - debug: Invalidating 'pack:///chunks/1b/1b6bd2739873dc60bb0e67b18f2ae1f3b116fb07.js'
2026-7-3 17:56:12 - debug: Invalidating 'pack:///chunks/c4/c409a49d391cd0107339e604abf784bacdef4b02.js'
2026-7-3 17:56:12 - debug: Invalidating 'pack:///chunks/99/9957d51b35d223fa476f8f6dcd2b5d011a93ab2f.js'
2026-7-3 17:56:12 - debug: Invalidating 'pack:///chunks/d8/d87351923699bbc0b3bf2e76b9d6665983f7b324.js'
2026-7-3 17:56:12 - debug: Invalidating 'pack:///chunks/b8/b8ff2efe0a5ef0b3134c1c0a100a2fc7e48d38e3.js'
2026-7-3 17:56:12 - debug: Invalidating 'pack:///chunks/83/8354ac407215243163174d3e83d4cdab306051e3.js'
2026-7-3 17:56:12 - debug: Invalidating 'pack:///chunks/84/848ca7bc3c110f0554094ecf01b3a37b01ea9dfd.js'
2026-7-3 17:56:12 - debug: Invalidating 'pack:///chunks/7e/7ece20e41250ede0e4707962498ddfd8c4453b24.js'
2026-7-3 17:56:12 - debug: Invalidating 'pack:///chunks/95/95d64f4c8aa166ee79b72d7add5021b420a7ce33.js'
2026-7-3 17:56:12 - debug: Invalidating 'pack:///chunks/23/23f4bc413c460b50ee5cc83636bb099609a379fd.js'
2026-7-3 17:56:12 - debug: Invalidating 'pack:///chunks/4a/4a434c55814df4d84e6cd9fee04d3f21bfa74070.js'
2026-7-3 17:56:12 - debug: Invalidating 'pack:///chunks/e9/e9668b02254f4db9826696b9dfb6914087bee6cc.js'
2026-7-3 17:56:12 - debug: Invalidating 'pack:///chunks/4d/4d68417d37cd80fe73d65d56dfe11dd26e9ef91a.js'
2026-7-3 17:56:12 - groupEnd: Invalidate all modules
2026-7-3 17:56:12 - groupCollapsed: Imports all modules
2026-7-3 17:56:12 - debug: [[Executor]] Module "pack:///chunks/93/93ba276ea7b26ffcdc433fab14afc1ed6f05647b.js" loaded.
2026-7-3 17:56:12 - debug: D:\工程项目\PlayableAD\Cocos\TheW\20260615_HYQ\HYQ_Project\temp\programming\packer-driver\targets\editor\chunks\6d\6d8fd2b0177941b032ddc0733af48a561fb60657.js resolved to D:\工程项目\PlayableAD\Cocos\TheW\20260615_HYQ\HYQ_Project\temp\programming\packer-driver\targets\editor\chunks\6d\6d8fd2b0177941b032ddc0733af48a561fb60657.js is not in module cache!
2026-7-3 17:56:12 - debug: [[Executor]] Module "pack:///chunks/6d/6d8fd2b0177941b032ddc0733af48a561fb60657.js" loaded.
2026-7-3 17:56:12 - debug: [[Executor]] Module "pack:///chunks/6a/6a5019a719a9014c047e67aa1cf34453ab8392ce.js" loaded.
2026-7-3 17:56:12 - debug: [[Executor]] Module "pack:///chunks/84/84fdd98491917343dab9e13fe8b5a70bd6a363c2.js" loaded.
2026-7-3 17:56:12 - debug: [[Executor]] Register BuiltinPipelineSettings
2026-7-3 17:56:12 - debug: [[Executor]] Module "pack:///chunks/c9/c9d891290a54ec567f150962e76c6bf9cdf47b3b.js" loaded.
2026-7-3 17:56:12 - debug: [[Executor]] Register BuiltinPipelinePassBuilder
2026-7-3 17:56:12 - debug: [[Executor]] Module "pack:///chunks/d9/d980f46bad1521f99cf9b02f6f4709610973859b.js" loaded.
2026-7-3 17:56:12 - debug: [[Executor]] Module "pack:///chunks/04/04f62969dc20e2c08fceeca28e5f160f93c57d48.js" loaded.
2026-7-3 17:56:12 - debug: [[Executor]] Register BuiltinDepthOfFieldPass
2026-7-3 17:56:12 - debug: [[Executor]] Module "pack:///chunks/f2/f22794b1c95bc92b6e994a97e9b193af020adc12.js" loaded.
2026-7-3 17:56:12 - debug: [[Executor]] Register DebugViewRuntimeControl
2026-7-3 17:56:12 - debug: [[Executor]] Module "pack:///chunks/e0/e099fc7c0597d98bad93ecd30952e1955267ade1.js" loaded.
2026-7-3 17:56:12 - debug: [[Executor]] Register Lightning
2026-7-3 17:56:12 - debug: [[Executor]] Module "pack:///chunks/e2/e2118395860d446afdd7349c12bbbbd5ff0a8915.js" loaded.
2026-7-3 17:56:12 - debug: [[Executor]] Module "pack:///chunks/e9/e96bc804d4af33012a1ad5c19177a551c107f2ae.js" loaded.
2026-7-3 17:56:12 - debug: [[Executor]] Module "pack:///chunks/31/31cebe8e0355019a96c8dc216aed673e195b2a53.js" loaded.
2026-7-3 17:56:12 - debug: [[Executor]] Register LayerManager
2026-7-3 17:56:12 - debug: [[Executor]] Module "pack:///chunks/4d/4d6662648c8c361d9de350d72c1ab0a8e7508014.js" loaded.
2026-7-3 17:56:12 - debug: [[Executor]] Register CameraMove
2026-7-3 17:56:12 - debug: [[Executor]] Module "pack:///chunks/14/14cec8e3738599ab9965ee6a2127491eba1361af.js" loaded.
2026-7-3 17:56:12 - debug: [[Executor]] Module "pack:///chunks/56/5601ae9cf318e5c14df7d30ca1cafe71734c982a.js" loaded.
2026-7-3 17:56:12 - debug: [[Executor]] Module "pack:///chunks/3f/3fc33806253ded99e50ac9220c73832ef2904ca7.js" loaded.
2026-7-3 17:56:12 - debug: [[Executor]] Register UnityUpComponent
2026-7-3 17:56:12 - debug: [[Executor]] Module "pack:///chunks/8a/8ae7d51cc818f718270f9e2ad9b78b6df4ffa62c.js" loaded.
2026-7-3 17:56:12 - debug: [[Executor]] Module "pack:///chunks/79/798785a3f67288cbb075d5efa15a2c266208a881.js" loaded.
2026-7-3 17:56:12 - debug: [[Executor]] Module "pack:///chunks/84/8436bf0d6f6a392b090fff8471ad48b32970414b.js" loaded.
2026-7-3 17:56:12 - debug: [[Executor]] Module "pack:///chunks/f2/f20c45b49501fbe07d44e99d95c2c506a06a0ecd.js" loaded.
2026-7-3 17:56:12 - debug: [[Executor]] Module "pack:///chunks/8b/8b1077471006cad018e02beccd0bed5dcc54c671.js" loaded.
2026-7-3 17:56:12 - debug: [[Executor]] Register RotationDrive
2026-7-3 17:56:12 - debug: [[Executor]] Module "pack:///chunks/a1/a1d124b8795c6e55160d2ce5ecbd41437847152f.js" loaded.
2026-7-3 17:56:12 - debug: [[Executor]] Register MoveDrive
2026-7-3 17:56:12 - debug: [[Executor]] Module "pack:///chunks/90/901a8f42214a0198b9aca11ce347c093cca5e26c.js" loaded.
2026-7-3 17:56:12 - debug: [[Executor]] Register RotationVector
2026-7-3 17:56:12 - debug: [[Executor]] Module "pack:///chunks/eb/eb316915c4446a477164305c14374917acb92a23.js" loaded.
2026-7-3 17:56:12 - debug: [[Executor]] Register PrefabsRes
2026-7-3 17:56:12 - debug: [[Executor]] Register PrefabsManager
2026-7-3 17:56:12 - debug: [[Executor]] Module "pack:///chunks/e9/e950dd2519065be1280daf69ce7f6b07e4d0caaa.js" loaded.
2026-7-3 17:56:12 - debug: [[Executor]] Register L18nManager
2026-7-3 17:56:12 - debug: [[Executor]] Module "pack:///chunks/ed/edbdde40fab9baf06e704beb85e64d72f20aefb8.js" loaded.
2026-7-3 17:56:12 - debug: [[Executor]] Register DownLoadL8
2026-7-3 17:56:12 - debug: [[Executor]] Module "pack:///chunks/f0/f04c2dd9d3cc608a6f46e13bb5d3c46aa5633baf.js" loaded.
2026-7-3 17:56:12 - debug: [[Executor]] Register DownLoadL8
2026-7-3 17:56:12 - debug: [[Executor]] Module "pack:///chunks/f8/f8baeccf8cf047db05161c9b9e8b6b4ff9eefe2f.js" loaded.
2026-7-3 17:56:12 - debug: [[Executor]] Register LangArrAuto
2026-7-3 17:56:12 - debug: [[Executor]] Module "pack:///chunks/63/633ac4308370832c1c78b9f28702617696f6e9fb.js" loaded.
2026-7-3 17:56:12 - debug: [[Executor]] Register LangAuto
2026-7-3 17:56:12 - debug: [[Executor]] Module "pack:///chunks/f5/f570589f727cbf96139a6869e201d7a87544da71.js" loaded.
2026-7-3 17:56:12 - debug: [[Executor]] Register ResurrectionL8
2026-7-3 17:56:12 - debug: [[Executor]] Module "pack:///chunks/40/407fe08f85a1575a06beb3692d40cf36d9684f58.js" loaded.
2026-7-3 17:56:12 - debug: [[Executor]] Module "pack:///chunks/0f/0fd75e1d9556ba520ee98c89195f9d0594110ad2.js" loaded.
2026-7-3 17:56:12 - debug: [[Executor]] Register Prop
2026-7-3 17:56:12 - debug: [[Executor]] Module "pack:///chunks/4c/4c2851018e56f823e74c2b3e2117156bcb9e76d0.js" loaded.
2026-7-3 17:56:12 - debug: [[Executor]] Module "pack:///chunks/f6/f6cf9b6088316a765dbcd0b22eb496d3f4be80dc.js" loaded.
2026-7-3 17:56:12 - debug: [[Executor]] Module "pack:///chunks/ec/ecb76259f390974cf14cad52564b11281c42a7e6.js" loaded.
2026-7-3 17:56:12 - debug: [[Executor]] Module "pack:///chunks/38/38483f6f68b174c6aad120536d38c3642cb0e458.js" loaded.
2026-7-3 17:56:12 - debug: [[Executor]] Register JumpDriveEngine
2026-7-3 17:56:12 - debug: [[Executor]] Module "pack:///chunks/e5/e5fea8c54230bb378b45e63a8ea8186bdeccbbe2.js" loaded.
2026-7-3 17:56:12 - debug: [[Executor]] Module "pack:///chunks/d5/d58c1ab1b696259af8c3b1384857266dba055462.js" loaded.
2026-7-3 17:56:12 - debug: [[Executor]] Module "pack:///chunks/b6/b6919de7425c243c4e1697f376cb4f6f6b2769a4.js" loaded.
2026-7-3 17:56:12 - debug: [[Executor]] Module "pack:///chunks/41/4103e3b8e8be7d1b0e7a8a67f28a2c29fe9aa2dc.js" loaded.
2026-7-3 17:56:12 - debug: [[Executor]] Module "pack:///chunks/2e/2edb51f2f57b638345a2b9d561f476b67029b574.js" loaded.
2026-7-3 17:56:12 - debug: [[Executor]] Module "pack:///chunks/5f/5fdfd08a9c16dc742e66ef16a5a8e13f5f831a3e.js" loaded.
2026-7-3 17:56:12 - debug: [[Executor]] Register BagBase
2026-7-3 17:56:12 - debug: [[Executor]] Module "pack:///chunks/84/84bbaa7f2e1a0639f57f755b935e1acb7d73f78e.js" loaded.
2026-7-3 17:56:12 - debug: [[Executor]] Register FlayPropManager
2026-7-3 17:56:12 - debug: [[Executor]] Module "pack:///chunks/80/80f420cd19a5967732f7f177a68c3670990311d3.js" loaded.
2026-7-3 17:56:12 - debug: [[Executor]] Register GroupBag3D
2026-7-3 17:56:12 - debug: [[Executor]] Module "pack:///chunks/b5/b5c69e24499acddd297e4328687b0ea934b109d5.js" loaded.
2026-7-3 17:56:12 - debug: [[Executor]] Register GroupPropTransform
2026-7-3 17:56:12 - debug: [[Executor]] Module "pack:///chunks/7e/7e52be47c960966fc7d962b7957dbbce1047514e.js" loaded.
2026-7-3 17:56:12 - debug: [[Executor]] Module "pack:///chunks/f4/f4bb2b73aacdc0370fc65face1ef60d9e8732bfd.js" loaded.
2026-7-3 17:56:12 - debug: [[Executor]] Register LabBagUp
2026-7-3 17:56:12 - debug: [[Executor]] Module "pack:///chunks/0e/0ea1c77c59b038eb4661ef171f440cbc7cc134ca.js" loaded.
2026-7-3 17:56:12 - debug: [[Executor]] Register CollectGetTarget
2026-7-3 17:56:12 - debug: [[Executor]] Module "pack:///chunks/80/803faff6203a98317cc86f08677de73b7112b743.js" loaded.
2026-7-3 17:56:12 - debug: [[Executor]] Module "pack:///chunks/b1/b12e427b1fcb487f729ef654542d8e9775a297cb.js" loaded.
2026-7-3 17:56:12 - debug: [[Executor]] Register AttackTargetBase
2026-7-3 17:56:12 - debug: [[Executor]] Module "pack:///chunks/3f/3ff8f1a74d7fbbd22ced04971b6ab15e04fd86a6.js" loaded.
2026-7-3 17:56:12 - debug: [[Executor]] Register AreaAttack
2026-7-3 17:56:12 - debug: [[Executor]] Module "pack:///chunks/29/296009d632e65e6f653d790324d741c2d9759f34.js" loaded.
2026-7-3 17:56:12 - debug: [[Executor]] Register MeleeAttack
2026-7-3 17:56:12 - debug: [[Executor]] Module "pack:///chunks/d5/d5f6e07e1b02d743fed3d9c2c8e155b0c3309d52.js" loaded.
2026-7-3 17:56:12 - debug: [[Executor]] Register HpComponent
2026-7-3 17:56:12 - debug: [[Executor]] Module "pack:///chunks/23/2370bd6a63dbba247d7fcab21c5244288f150386.js" loaded.
2026-7-3 17:56:12 - debug: [[Executor]] Module "pack:///chunks/9e/9ec8816866d723aea0e61547ea23bf04cc3c7c78.js" loaded.
2026-7-3 17:56:12 - debug: [[Executor]] Register MeshFlashPropData
2026-7-3 17:56:12 - debug: [[Executor]] Register MeshFlashSwitchData
2026-7-3 17:56:12 - debug: [[Executor]] Register MeshFlashData
2026-7-3 17:56:12 - debug: [[Executor]] Register BattleTargetBase
2026-7-3 17:56:12 - debug: [[Executor]] Module "pack:///chunks/02/021cbce763294c7c4adf05845718c817a68ff9f3.js" loaded.
2026-7-3 17:56:12 - debug: D:\工程项目\PlayableAD\Cocos\TheW\20260615_HYQ\HYQ_Project\temp\programming\packer-driver\targets\editor\chunks\a7\a78b9d0a8af4315011c59f40b6c49da033e49269.js resolved to D:\工程项目\PlayableAD\Cocos\TheW\20260615_HYQ\HYQ_Project\temp\programming\packer-driver\targets\editor\chunks\a7\a78b9d0a8af4315011c59f40b6c49da033e49269.js is not in module cache!
2026-7-3 17:56:12 - debug: [[Executor]] Register EffectRemoveBase
2026-7-3 17:56:12 - debug: [[Executor]] Module "pack:///chunks/dc/dcc18999575bc7125a793680f1b595554e7f2cde.js" loaded.
2026-7-3 17:56:12 - debug: [[Executor]] Register EffectTimePartRemove
2026-7-3 17:56:12 - debug: [[Executor]] Module "pack:///chunks/ce/ced31965a759b2c1d777a8f0d98f8cd326020d87.js" loaded.
2026-7-3 17:56:12 - debug: [[Executor]] Register EffectManager
2026-7-3 17:56:12 - debug: [[Executor]] Module "pack:///chunks/b0/b0316da27abe29af9f8a517d28257bc913762f57.js" loaded.
2026-7-3 17:56:12 - debug: [[Executor]] Register ColliderTag
2026-7-3 17:56:12 - debug: [[Executor]] Module "pack:///chunks/4a/4a75ba705e89112b3bcc356e77985c7a095b80f4.js" loaded.
2026-7-3 17:56:12 - debug: [[Executor]] Register BulletMonsterCollisionManager
2026-7-3 17:56:12 - debug: [[Executor]] Module "pack:///chunks/e1/e13771ea8032dbc1728530af431c57de3b1e5e24.js" loaded.
2026-7-3 17:56:12 - debug: [[Executor]] Register BulletBattle3D
2026-7-3 17:56:12 - debug: [[Executor]] Module "pack:///chunks/a7/a78b9d0a8af4315011c59f40b6c49da033e49269.js" loaded.
2026-7-3 17:56:12 - debug: [[Executor]] Register BattleTarget3D
2026-7-3 17:56:12 - debug: [[Executor]] Module "pack:///chunks/9a/9a8786a747b555136cef77c9f5e7ad17e18a31eb.js" loaded.
2026-7-3 17:56:12 - debug: [[Executor]] Register BulletCollideBase2D
2026-7-3 17:56:12 - debug: [[Executor]] Module "pack:///chunks/bb/bb66609565f0d30fbedfe7ab7019decca8a2726b.js" loaded.
2026-7-3 17:56:12 - debug: [[Executor]] Register BulletBattle2D
2026-7-3 17:56:12 - debug: [[Executor]] Module "pack:///chunks/6c/6c35293030e947e52f03ea585990d17f31ea7df0.js" loaded.
2026-7-3 17:56:12 - debug: [[Executor]] Module "pack:///chunks/43/4314f54defc530df4c3d4a14e3561038b8628ff3.js" loaded.
2026-7-3 17:56:12 - debug: [[Executor]] Register RangedAttack
2026-7-3 17:56:12 - debug: [[Executor]] Module "pack:///chunks/9b/9be30ad1a917cc0914201f1db5bdf1c5cb4d6e49.js" loaded.
2026-7-3 17:56:12 - debug: [[Executor]] Register TriggerBase2D
2026-7-3 17:56:12 - debug: [[Executor]] Module "pack:///chunks/8a/8a4b23fc8904a55daa926fa9bf2d450c2c59d378.js" loaded.
2026-7-3 17:56:12 - debug: [[Executor]] Register BattleTarget2D
2026-7-3 17:56:12 - debug: [[Executor]] Module "pack:///chunks/5b/5b626ae965dfc8bbf67ffe6dd329ea95c382afe6.js" loaded.
2026-7-3 17:56:12 - debug: [[Executor]] Register CollectBattleTarger2D
2026-7-3 17:56:12 - debug: [[Executor]] Module "pack:///chunks/05/0510980ff6e9ad26ec622e2230780bc7f1d96f08.js" loaded.
2026-7-3 17:56:12 - debug: [[Executor]] Register BulletBatchRenderer
2026-7-3 17:56:12 - debug: [[Executor]] Module "pack:///chunks/f0/f05038aedf4d7805ad91dbf59f1c87fe35c23bb5.js" loaded.
2026-7-3 17:56:12 - debug: [[Executor]] Register AttackParkPlay
2026-7-3 17:56:12 - debug: [[Executor]] Module "pack:///chunks/05/05825d2a71d7765a90fbbdda8907aab57810f0a0.js" loaded.
2026-7-3 17:56:12 - debug: [[Executor]] Register RangeTowerAttack
2026-7-3 17:56:12 - debug: [[Executor]] Module "pack:///chunks/6e/6e4d3e245933373fd13279940a5d6dee30418f49.js" loaded.
2026-7-3 17:56:12 - debug: [[Executor]] Register RangedAttack_Circle
2026-7-3 17:56:12 - debug: [[Executor]] Module "pack:///chunks/fa/fad9c36dab7fd23cbd0b1b9ebcbd02e6023aaadd.js" loaded.
2026-7-3 17:56:12 - debug: [[Executor]] Register RangedAttack_Shrapnel
2026-7-3 17:56:12 - debug: [[Executor]] Module "pack:///chunks/01/011c6605e93c83936bcaadc521a3f2df21bdd87a.js" loaded.
2026-7-3 17:56:12 - debug: [[Executor]] Register BulletCollideBase3D
2026-7-3 17:56:12 - debug: [[Executor]] Module "pack:///chunks/7a/7a056ac353cd4f184635b76aa08c0d427085fda7.js" loaded.
2026-7-3 17:56:12 - debug: [[Executor]] Register TriggerBase3D
2026-7-3 17:56:12 - debug: [[Executor]] Module "pack:///chunks/03/031aac2e2ea93f03b5422269c22800e822715034.js" loaded.
2026-7-3 17:56:12 - debug: [[Executor]] Register CollectBattleTarger3D
2026-7-3 17:56:12 - debug: [[Executor]] Module "pack:///chunks/11/1193ac27b94da532d27808ef712ed0fcd809d84d.js" loaded.
2026-7-3 17:56:12 - debug: [[Executor]] Register EffectTimeRemove
2026-7-3 17:56:12 - debug: [[Executor]] Module "pack:///chunks/29/2933ae65951958109aeb70104e6287b8240a8e01.js" loaded.
2026-7-3 17:56:12 - debug: [[Executor]] Register GuideLine
2026-7-3 17:56:12 - debug: [[Executor]] Module "pack:///chunks/cd/cd87286564d42a577ada1093f142b4db43415d61.js" loaded.
2026-7-3 17:56:12 - debug: D:\工程项目\PlayableAD\Cocos\TheW\20260615_HYQ\HYQ_Project\temp\programming\packer-driver\targets\editor\chunks\dd\ddf9ec67bc21176ab14fd7bef2d6099af7cab4e3.js resolved to D:\工程项目\PlayableAD\Cocos\TheW\20260615_HYQ\HYQ_Project\temp\programming\packer-driver\targets\editor\chunks\dd\ddf9ec67bc21176ab14fd7bef2d6099af7cab4e3.js is not in module cache!
2026-7-3 17:56:12 - debug: D:\工程项目\PlayableAD\Cocos\TheW\20260615_HYQ\HYQ_Project\temp\programming\packer-driver\targets\editor\chunks\12\120cba8f856407335ad8a04347cd4d36bf752a1e.js resolved to D:\工程项目\PlayableAD\Cocos\TheW\20260615_HYQ\HYQ_Project\temp\programming\packer-driver\targets\editor\chunks\12\120cba8f856407335ad8a04347cd4d36bf752a1e.js is not in module cache!
2026-7-3 17:56:12 - debug: D:\工程项目\PlayableAD\Cocos\TheW\20260615_HYQ\HYQ_Project\temp\programming\packer-driver\targets\editor\chunks\7c\7cb3e78818d3ca7420c127c4f13ad5587e5cc5d3.js resolved to D:\工程项目\PlayableAD\Cocos\TheW\20260615_HYQ\HYQ_Project\temp\programming\packer-driver\targets\editor\chunks\7c\7cb3e78818d3ca7420c127c4f13ad5587e5cc5d3.js is not in module cache!
2026-7-3 17:56:12 - debug: D:\工程项目\PlayableAD\Cocos\TheW\20260615_HYQ\HYQ_Project\temp\programming\packer-driver\targets\editor\chunks\aa\aa6223cf35796d09344450a14919ad24c61174bb.js resolved to D:\工程项目\PlayableAD\Cocos\TheW\20260615_HYQ\HYQ_Project\temp\programming\packer-driver\targets\editor\chunks\aa\aa6223cf35796d09344450a14919ad24c61174bb.js is not in module cache!
2026-7-3 17:56:12 - debug: D:\工程项目\PlayableAD\Cocos\TheW\20260615_HYQ\HYQ_Project\temp\programming\packer-driver\targets\editor\chunks\e2\e2cd37831230a7474a5c89ec9f0764c2d6ce1581.js resolved to D:\工程项目\PlayableAD\Cocos\TheW\20260615_HYQ\HYQ_Project\temp\programming\packer-driver\targets\editor\chunks\e2\e2cd37831230a7474a5c89ec9f0764c2d6ce1581.js is not in module cache!
2026-7-3 17:56:12 - debug: D:\工程项目\PlayableAD\Cocos\TheW\20260615_HYQ\HYQ_Project\temp\programming\packer-driver\targets\editor\chunks\ac\ac0e66d1df96447f3ea6b579b5067cb87a880d84.js resolved to D:\工程项目\PlayableAD\Cocos\TheW\20260615_HYQ\HYQ_Project\temp\programming\packer-driver\targets\editor\chunks\ac\ac0e66d1df96447f3ea6b579b5067cb87a880d84.js is not in module cache!
2026-7-3 17:56:12 - debug: D:\工程项目\PlayableAD\Cocos\TheW\20260615_HYQ\HYQ_Project\temp\programming\packer-driver\targets\editor\chunks\fb\fb231b7b47c244832aa3ed0055e0ff4d6bda9530.js resolved to D:\工程项目\PlayableAD\Cocos\TheW\20260615_HYQ\HYQ_Project\temp\programming\packer-driver\targets\editor\chunks\fb\fb231b7b47c244832aa3ed0055e0ff4d6bda9530.js is not in module cache!
2026-7-3 17:56:12 - debug: [[Executor]] Register FbxManager
2026-7-3 17:56:12 - debug: [[Executor]] Module "pack:///chunks/6b/6b5ef849a8a91f0cd956b88818795e47d9431e29.js" loaded.
2026-7-3 17:56:12 - debug: [[Executor]] Register Role
2026-7-3 17:56:12 - debug: [[Executor]] Module "pack:///chunks/78/7875e58dc11de4424867c114cd71cf4d379fd7ce.js" loaded.
2026-7-3 17:56:12 - debug: [[Executor]] Module "pack:///chunks/1e/1e9839fb85f612fea3030115a5d65b742de2db50.js" loaded.
2026-7-3 17:56:12 - debug: [[Executor]] Module "pack:///chunks/fb/fb231b7b47c244832aa3ed0055e0ff4d6bda9530.js" loaded.
2026-7-3 17:56:12 - debug: [[Executor]] Register GameOverPanel
2026-7-3 17:56:12 - debug: [[Executor]] Module "pack:///chunks/6b/6bf6369babd500e0802aeb38d4c346ae3462ef8b.js" loaded.
2026-7-3 17:56:12 - debug: [[Executor]] Register WeaponBulletConfig
2026-7-3 17:56:12 - debug: [[Executor]] Register Player
2026-7-3 17:56:12 - debug: [[Executor]] Module "pack:///chunks/12/120cba8f856407335ad8a04347cd4d36bf752a1e.js" loaded.
2026-7-3 17:56:12 - debug: [[Executor]] Register MonsterBattleTaerget
2026-7-3 17:56:12 - debug: [[Executor]] Module "pack:///chunks/2c/2c40d59e1ac0050bfd5e4aece9657278c88a4b47.js" loaded.
2026-7-3 17:56:12 - debug: [[Executor]] Register ArmsInfo
2026-7-3 17:56:12 - debug: [[Executor]] Register PropArms
2026-7-3 17:56:12 - debug: [[Executor]] Module "pack:///chunks/aa/aa6223cf35796d09344450a14919ad24c61174bb.js" loaded.
2026-7-3 17:56:12 - debug: [[Executor]] Register PropBrand
2026-7-3 17:56:12 - debug: [[Executor]] Module "pack:///chunks/ac/ac0e66d1df96447f3ea6b579b5067cb87a880d84.js" loaded.
2026-7-3 17:56:12 - debug: [[Executor]] Register PropLalianGate
2026-7-3 17:56:12 - debug: [[Executor]] Module "pack:///chunks/c1/c14c87720f6e6e7b27f438925fae2cc2d4587268.js" loaded.
2026-7-3 17:56:12 - debug: [[Executor]] Register CreatePropBrand
2026-7-3 17:56:12 - debug: [[Executor]] Module "pack:///chunks/e2/e2cd37831230a7474a5c89ec9f0764c2d6ce1581.js" loaded.
2026-7-3 17:56:12 - debug: [[Executor]] Register MonsterCreateInfo
2026-7-3 17:56:12 - debug: [[Executor]] Register MonsterCreateQueue
2026-7-3 17:56:12 - debug: [[Executor]] Register MonsterCreate
2026-7-3 17:56:12 - debug: [[Executor]] Module "pack:///chunks/7c/7cb3e78818d3ca7420c127c4f13ad5587e5cc5d3.js" loaded.
2026-7-3 17:56:12 - debug: [[Executor]] Register GuideManager
2026-7-3 17:56:12 - debug: [[Executor]] Module "pack:///chunks/dd/ddf9ec67bc21176ab14fd7bef2d6099af7cab4e3.js" loaded.
2026-7-3 17:56:12 - debug: D:\工程项目\PlayableAD\Cocos\TheW\20260615_HYQ\HYQ_Project\temp\programming\packer-driver\targets\editor\chunks\7d\7d88e9fa4d49091167d5648112015c50cab8c311.js resolved to D:\工程项目\PlayableAD\Cocos\TheW\20260615_HYQ\HYQ_Project\temp\programming\packer-driver\targets\editor\chunks\7d\7d88e9fa4d49091167d5648112015c50cab8c311.js is not in module cache!
2026-7-3 17:56:12 - debug: [[Executor]] Register ArmsUp
2026-7-3 17:56:12 - debug: [[Executor]] Module "pack:///chunks/7d/7d88e9fa4d49091167d5648112015c50cab8c311.js" loaded.
2026-7-3 17:56:12 - debug: [[Executor]] Register PropTireGate
2026-7-3 17:56:12 - debug: [[Executor]] Module "pack:///chunks/d0/d08abfe279c9195afbafb261981128dda32fee17.js" loaded.
2026-7-3 17:56:12 - debug: [[Executor]] Register RockerUI
2026-7-3 17:56:12 - debug: [[Executor]] Module "pack:///chunks/c8/c8d2fc621a68aadf290b9938ae81f70dbefcc8d6.js" loaded.
2026-7-3 17:56:12 - debug: [[Executor]] Register RockerMouseEvent
2026-7-3 17:56:12 - debug: [[Executor]] Module "pack:///chunks/e4/e49d377195f0f6ca8039098e5e76d909c726c89c.js" loaded.
2026-7-3 17:56:12 - debug: [[Executor]] Register ShoppIngEvent
2026-7-3 17:56:12 - debug: [[Executor]] Module "pack:///chunks/c4/c409a49d391cd0107339e604abf784bacdef4b02.js" loaded.
2026-7-3 17:56:12 - debug: [[Executor]] Register Shopping
2026-7-3 17:56:12 - debug: [[Executor]] Module "pack:///chunks/5f/5fd5284b513982ea020d8e9513905cac6e75919a.js" loaded.
2026-7-3 17:56:12 - debug: [[Executor]] Register BuyWayBase
2026-7-3 17:56:12 - debug: [[Executor]] Module "pack:///chunks/1b/1b6bd2739873dc60bb0e67b18f2ae1f3b116fb07.js" loaded.
2026-7-3 17:56:12 - debug: [[Executor]] Register BuyWay2D
2026-7-3 17:56:12 - debug: [[Executor]] Module "pack:///chunks/41/41b6ef284e15d0779c96601cab9a95a7c5e5919b.js" loaded.
2026-7-3 17:56:12 - debug: [[Executor]] Register BuyWay3D
2026-7-3 17:56:12 - debug: [[Executor]] Module "pack:///chunks/99/9957d51b35d223fa476f8f6dcd2b5d011a93ab2f.js" loaded.
2026-7-3 17:56:12 - debug: [[Executor]] Register ShoppingItem
2026-7-3 17:56:12 - debug: [[Executor]] Register Shopping_Super
2026-7-3 17:56:12 - debug: [[Executor]] Module "pack:///chunks/d8/d87351923699bbc0b3bf2e76b9d6665983f7b324.js" loaded.
2026-7-3 17:56:12 - debug: [[Executor]] Register FrameAnimManager
2026-7-3 17:56:12 - debug: [[Executor]] Module "pack:///chunks/b8/b8ff2efe0a5ef0b3134c1c0a100a2fc7e48d38e3.js" loaded.
2026-7-3 17:56:12 - debug: [[Executor]] Register FrameManager
2026-7-3 17:56:12 - debug: [[Executor]] Module "pack:///chunks/83/8354ac407215243163174d3e83d4cdab306051e3.js" loaded.
2026-7-3 17:56:12 - debug: [[Executor]] Register UIButtonEvent
2026-7-3 17:56:12 - debug: [[Executor]] Module "pack:///chunks/84/848ca7bc3c110f0554094ecf01b3a37b01ea9dfd.js" loaded.
2026-7-3 17:56:12 - debug: D:\工程项目\PlayableAD\Cocos\TheW\20260615_HYQ\HYQ_Project\temp\programming\packer-driver\targets\editor\chunks\7e\7ece20e41250ede0e4707962498ddfd8c4453b24.js resolved to D:\工程项目\PlayableAD\Cocos\TheW\20260615_HYQ\HYQ_Project\temp\programming\packer-driver\targets\editor\chunks\7e\7ece20e41250ede0e4707962498ddfd8c4453b24.js is not in module cache!
2026-7-3 17:56:12 - debug: [[Executor]] Module "pack:///chunks/95/95d64f4c8aa166ee79b72d7add5021b420a7ce33.js" loaded.
2026-7-3 17:56:12 - debug: [[Executor]] Module "pack:///chunks/23/23f4bc413c460b50ee5cc83636bb099609a379fd.js" loaded.
2026-7-3 17:56:12 - debug: [[Executor]] Register StutterCheck
2026-7-3 17:56:12 - debug: [[Executor]] Module "pack:///chunks/4a/4a434c55814df4d84e6cd9fee04d3f21bfa74070.js" loaded.
2026-7-3 17:56:12 - debug: [[Executor]] Module "pack:///chunks/e9/e9668b02254f4db9826696b9dfb6914087bee6cc.js" loaded.
2026-7-3 17:56:12 - debug: [[Executor]] Module "pack:///chunks/7e/7ece20e41250ede0e4707962498ddfd8c4453b24.js" loaded.
2026-7-3 17:56:12 - debug: [[Executor]] Module "pack:///chunks/4d/4d68417d37cd80fe73d65d56dfe11dd26e9ef91a.js" loaded.
2026-7-3 17:56:12 - debug: [[Executor]] Module "pack:///chunks/6d/6d8fd2b0177941b032ddc0733af48a561fb60657.js" loaded.
2026-7-3 17:56:12 - groupEnd: Imports all modules
2026-7-3 17:56:12 - debug: [[Executor]] after unlock
2026-7-3 17:56:12 - debug: Incremental keys: 
2026-7-3 17:56:12 - debug: Init bundle share assets start..., progress: 9%
2026-7-3 17:56:12 - debug: Init bundle share assets start..., progress: 13%
2026-7-3 17:56:12 - warn: The Mesh used by component "cc.MeshRenderer" in prefab "Role_2" is missing. Detailed information:Node path: "Role_2/New Node/Bip001 Prop1 Socket/jiateling01"Asset url: "db://assets/GameRes/Prefab/Role_2"Missing uuid: "03189dd5-73dd-4e52-8644-1ff1a122b972@18a45"
2026-7-3 17:56:12 - warn: The Mesh used by component "cc.MeshRenderer" in prefab "Role_2" is missing. Detailed information:Node path: "Role_2/New Node/Bip001 Prop1 Socket/jiateling01"Asset url: "db://assets/GameRes/Prefab/Role_2"Missing uuid: "03189dd5-73dd-4e52-8644-1ff1a122b972@18a45"
2026-7-3 17:56:12 - warn: The Mesh used by component "cc.MeshRenderer" in prefab "Role_1" is missing. Detailed information:Node path: "Role_1/New Node/Bip001 Prop1 Socket/jiateling01"Asset url: "db://assets/GameRes/Prefab/Role_1"Missing uuid: "03189dd5-73dd-4e52-8644-1ff1a122b972@18a45"
2026-7-3 17:56:12 - debug: Init bundle share assets success..., progress: 9%
2026-7-3 17:56:12 - debug: Init bundle share assets success..., progress: 13%
2026-7-3 17:56:12 - debug: handle json group in bundle internal
2026-7-3 17:56:12 - debug: handle json group in bundle internal success
2026-7-3 17:56:12 - debug: handle json group in bundle resources
2026-7-3 17:56:12 - debug: handle json group in bundle main
2026-7-3 17:56:12 - debug: init image compress task 0 in bundle internal
2026-7-3 17:56:12 - debug: handle json group in bundle resources success
2026-7-3 17:56:12 - debug: init image compress task 0 in bundle resources
2026-7-3 17:56:12 - debug: [json-group] check self or raw asset, skip. 799add5f-4370-4ee6-b0a4-aca1ebcd06a3 depended by 799add5f-4370-4ee6-b0a4-aca1ebcd06a3 has checked in raw asset 799add5f-4370-4ee6-b0a4-aca1ebcd06a3/bundle(main)}
2026-7-3 17:56:12 - debug: [json-group] check self or raw asset, skip. f96153eb-6f89-4aad-b84b-808954761c02 depended by f96153eb-6f89-4aad-b84b-808954761c02 has checked in raw asset b5805d3a-3b80-4a12-adf5-588e63a7d886/bundle(main)}
2026-7-3 17:56:12 - debug: [json-group] check self or raw asset, skip. 799add5f-4370-4ee6-b0a4-aca1ebcd06a3 depended by 799add5f-4370-4ee6-b0a4-aca1ebcd06a3 has checked in raw asset b5805d3a-3b80-4a12-adf5-588e63a7d886/bundle(main)}
2026-7-3 17:56:12 - debug: [json-group] check self or raw asset, skip. f96153eb-6f89-4aad-b84b-808954761c02 depended by f96153eb-6f89-4aad-b84b-808954761c02 has checked in raw asset f96153eb-6f89-4aad-b84b-808954761c02/bundle(main)}
2026-7-3 17:56:12 - debug: handle json group in bundle main success
2026-7-3 17:56:12 - debug: init image compress task 0 in bundle main
2026-7-3 17:56:12 - debug: // ---- build task 查询 Asset Bundle ---- (746ms)
2026-7-3 17:56:12 - log: run build task 查询 Asset Bundle success in 746 ms√, progress: 14%
2026-7-3 17:56:12 - debug: [Build Memory track]: 查询 Asset Bundle start:298.39MB, end 284.45MB, increase: -14276.90KB
2026-7-3 17:56:12 - debug: 查询 Asset Bundle start, progress: 14%
2026-7-3 17:56:12 - debug: // ---- build task 查询 Asset Bundle ----
2026-7-3 17:56:12 - debug: // ---- build task 查询 Asset Bundle ---- (46ms)
2026-7-3 17:56:12 - log: run build task 查询 Asset Bundle success in 46 ms√, progress: 19%
2026-7-3 17:56:12 - debug: [Build Memory track]: 查询 Asset Bundle start:284.49MB, end 284.76MB, increase: 282.43KB
2026-7-3 17:56:12 - debug: 打包脚本 start, progress: 19%
2026-7-3 17:56:12 - debug: // ---- build task 打包脚本 ----
2026-7-3 17:56:13 - log: [buildPolyfillsCommand]enter sub process 20460, 9229, see: chrome://inspect/#devices
2026-7-3 17:56:17 - debug: execute-script-end with buildPolyfillsCommand 5295ms
2026-7-3 17:56:17 - debug: Generate systemJs..., progress: 19%
2026-7-3 17:56:21 - debug: execute-script-end with buildSystemJsCommand 3636ms
2026-7-3 17:56:21 - debug: 构建项目脚本 start..., progress: 19%
2026-7-3 17:56:21 - debug: 构建项目脚本 start..., progress: 13%
2026-7-3 17:56:27 - warn: [buildScriptCommand][[Build.Script.Rollup]] Circular dependency: file:///D:/%E5%B7%A5%E7%A8%8B%E9%A1%B9%E7%9B%AE/PlayableAD/Cocos/TheW/20260615_HYQ/HYQ_Project/assets/Script/functionS/Jump/JumpManager.ts -> file:///D:/%E5%B7%A5%E7%A8%8B%E9%A1%B9%E7%9B%AE/PlayableAD/Cocos/TheW/20260615_HYQ/HYQ_Project/assets/Script/functionS/Jump/JumpDriveEngine.ts -> file:///D:/%E5%B7%A5%E7%A8%8B%E9%A1%B9%E7%9B%AE/PlayableAD/Cocos/TheW/20260615_HYQ/HYQ_Project/assets/Script/functionS/Jump/JumpManager.ts[warning][[Build.Script.Rollup]] Circular dependency: file:///D:/%E5%B7%A5%E7%A8%8B%E9%A1%B9%E7%9B%AE/PlayableAD/Cocos/TheW/20260615_HYQ/HYQ_Project/assets/Script/functionS/Monster/MonsterCreate.ts -> file:///D:/%E5%B7%A5%E7%A8%8B%E9%A1%B9%E7%9B%AE/PlayableAD/Cocos/TheW/20260615_HYQ/HYQ_Project/assets/Script/functionS/Other/PropArms.ts -> file:///D:/%E5%B7%A5%E7%A8%8B%E9%A1%B9%E7%9B%AE/PlayableAD/Cocos/TheW/20260615_HYQ/HYQ_Project/assets/Script/functionS/Monster/MonsterCreate.ts[warning][[Build.Script.Rollup]] Circular dependency: file:///D:/%E5%B7%A5%E7%A8%8B%E9%A1%B9%E7%9B%AE/PlayableAD/Cocos/TheW/20260615_HYQ/HYQ_Project/extensions/super-packager/package_assets/JiangYv/PBASDK-v3/PrintComponent.ts -> file:///D:/%E5%B7%A5%E7%A8%8B%E9%A1%B9%E7%9B%AE/PlayableAD/Cocos/TheW/20260615_HYQ/HYQ_Project/extensions/super-packager/package_assets/JiangYv/PBASDK-v3/StutterCheck.ts -> file:///D:/%E5%B7%A5%E7%A8%8B%E9%A1%B9%E7%9B%AE/PlayableAD/Cocos/TheW/20260615_HYQ/HYQ_Project/extensions/super-packager/package_assets/JiangYv/PBASDK-v3/PrintComponent.ts
2026-7-3 17:56:31 - log: [buildScriptCommand]Number of non-entry chunks: 3
2026-7-3 17:56:31 - debug: execute-script-end with buildScriptCommand 9650ms
2026-7-3 17:56:31 - debug: Copy externalScripts success!
2026-7-3 17:56:31 - debug: 构建项目脚本 in (9697 ms) √, progress: 19%
2026-7-3 17:56:31 - debug: 构建项目脚本 in (9697 ms) √, progress: 13%
2026-7-3 17:56:31 - debug: 构建引擎脚本 start..., progress: 19%
2026-7-3 17:56:31 - debug: mangleProperties is enabled, found engine-mangle-config.json, use it
2026-7-3 17:56:31 - debug: Error: Exit process with code:null, signal:SIGTERM in task build-script    at ChildProcess.<anonymous> (C:\ProgramData\cocos\editors\Creator\3.8.7\resources\app.asar\builtin\builder\dist\worker\worker-pools\sub-process-manager.ccc:1:2409)    at ChildProcess.emit (node:events:519:28)    at Process.ChildProcess._handle.onexit (node:internal/child_process:294:12)
2026-7-3 17:56:31 - debug: Use cache engine: {link(C:\Users\Admin\AppData\Local\Temp\CocosCreator\3.8.7\builder\engine\a154ee511c93165416d720dbd46d8d34)}
2026-7-3 17:56:31 - debug: Use cache, md5String: debug=false,sourceMaps=false,includeModules=["2d","3d","animation","audio","base","custom-pipeline","gfx-webgl","gfx-webgl2","graphics","particle","physics-2d-box2d","physics-ammo","primitive","profiler","skeletal-animation","tween","ui","custom-pipeline-builtin-scripts"],engineVersion="3.8.7",platformType="HTML5",split=false,nativeCodeBundleMode="asmjs",targets=undefined,entry="C:\\ProgramData\\cocos\\editors\\Creator\\3.8.7\\resources\\resources\\3d\\engine",noDeprecatedFeatures=undefined,loose=true,assetURLFormat="runtime-resolved",flags={"DEBUG":false,"LOAD_BULLET_MANUALLY":false,"LOAD_SPINE_MANUALLY":false,"WEBGPU":false},preserveType=undefined,wasmCompressionMode=false,enableNamedRegisterForSystemJSModuleFormat=undefined,mangleProperties=false,inlineEnum=true,
2026-7-3 17:56:31 - debug: Use cache, options: {  "entry": "C:\\ProgramData\\cocos\\editors\\Creator\\3.8.7\\resources\\resources\\3d\\engine",  "debug": false,  "mangleProperties": false,  "inlineEnum": true,  "sourceMaps": false,  "includeModules": [    "2d",    "3d",    "animation",    "audio",    "base",    "custom-pipeline",    "gfx-webgl",    "gfx-webgl2",    "graphics",    "particle",    "physics-2d-box2d",    "physics-ammo",    "primitive",    "profiler",    "skeletal-animation",    "tween",    "ui",    "custom-pipeline-builtin-scripts"  ],  "engineVersion": "3.8.7",  "md5Map": [],  "engineName": "cocos-js",  "output": "D:\\工程项目\\PlayableAD\\Cocos\\TheW\\20260615_HYQ\\HYQ_Project\\build\\web-mobile\\cocos-js",  "platformType": "HTML5",  "useCache": true,  "nativeCodeBundleMode": "asmjs",  "wasmCompressionMode": false,  "split": false,  "assetURLFormat": "runtime-resolved",  "flags": {    "DEBUG": false,    "LOAD_BULLET_MANUALLY": false,    "LOAD_SPINE_MANUALLY": false,    "WEBGPU": false  }}
2026-7-3 17:56:31 - debug: 构建引擎脚本 in (310 ms) √, progress: 19%
2026-7-3 17:56:31 - debug: Copy plugin script ..., progress: 19%
2026-7-3 17:56:31 - debug: Generate import-map..., progress: 19%
2026-7-3 17:56:31 - debug: // ---- build task 打包脚本 ---- (19037ms)
2026-7-3 17:56:31 - log: run build task 打包脚本 success in 19 s√, progress: 24%
2026-7-3 17:56:31 - debug: [Build Memory track]: 打包脚本 start:284.92MB, end 281.27MB, increase: -3734.07KB
2026-7-3 17:56:31 - debug: Build Assets start, progress: 24%
2026-7-3 17:56:31 - debug: // ---- build task Build Assets ----
2026-7-3 17:56:31 - debug: Build bundles..., progress: 24%
2026-7-3 17:56:31 - debug: Pack Images start, progress: 24%
2026-7-3 17:56:31 - debug: Pack Images start, progress: 13%
2026-7-3 17:56:31 - debug: Number of pac assets: 3
2026-7-3 17:56:31 - debug: Get Cache info of pac success {asset(b74fc0c2-4c67-4dd4-8d74-9612ad56cfb1)}
2026-7-3 17:56:31 - debug: Get Cache info of pac success {asset(17513a27-4f11-4047-a0be-8d0cb6187b9e)}
2026-7-3 17:56:31 - debug: Number of pack results: 2
2026-7-3 17:56:31 - debug: start collect depend assets in pacb74fc0c2-4c67-4dd4-8d74-9612ad56cfb1
2026-7-3 17:56:31 - debug: start collect depend assets in pac17513a27-4f11-4047-a0be-8d0cb6187b9e
2026-7-3 17:56:31 - debug: start sort bundle in pacb74fc0c2-4c67-4dd4-8d74-9612ad56cfb1
2026-7-3 17:56:31 - debug: end sort bundle in pacb74fc0c2-4c67-4dd4-8d74-9612ad56cfb1
2026-7-3 17:56:31 - debug: start sort bundle in pac17513a27-4f11-4047-a0be-8d0cb6187b9e
2026-7-3 17:56:31 - debug: end sort bundle in pac17513a27-4f11-4047-a0be-8d0cb6187b9e
2026-7-3 17:56:31 - debug: builder:pack-auto-atlas-image (198ms)
2026-7-3 17:56:31 - debug: Pack Images success, progress: 24%
2026-7-3 17:56:31 - debug: Pack Images success, progress: 13%
2026-7-3 17:56:31 - debug: Compress image start..., progress: 24%
2026-7-3 17:56:31 - debug: Compress image start..., progress: 13%
2026-7-3 17:56:31 - group: Compress image...
2026-7-3 17:56:31 - debug: sort compress task {}
2026-7-3 17:56:31 - debug: Num of all image compress task 0, really: 0, configTasks: 0
2026-7-3 17:56:31 - debug: No image need to compress
2026-7-3 17:56:31 - groupEnd: Compress image...
2026-7-3 17:56:31 - debug: Compress image success..., progress: 24%
2026-7-3 17:56:31 - debug: Compress image success..., progress: 13%
2026-7-3 17:56:31 - debug: Output asset in bundles start, progress: 24%
2026-7-3 17:56:31 - debug: Output asset in bundles start, progress: 13%
2026-7-3 17:56:31 - debug: Handle all json groups in bundle internal
2026-7-3 17:56:31 - debug: handle json group
2026-7-3 17:56:31 - debug: Handle all json groups in bundle resources
2026-7-3 17:56:31 - debug: handle json group
2026-7-3 17:56:31 - debug: Handle all json groups in bundle main
2026-7-3 17:56:31 - debug: handle json group
2026-7-3 17:56:31 - debug: Json group(033f45a16) compile success，json number: 6
2026-7-3 17:56:32 - debug: Json group(0b54f34d0) compile success，json number: 6
2026-7-3 17:56:32 - debug: handle single json
2026-7-3 17:56:32 - debug: Json group(08cbea60a) compile success，json number: 6
2026-7-3 17:56:32 - debug: Json group(0a84a1761) compile success，json number: 6
2026-7-3 17:56:32 - debug: Json group(09e986d7f) compile success，json number: 6
2026-7-3 17:56:32 - debug: Json group(0a8b38f43) compile success，json number: 6
2026-7-3 17:56:32 - debug: Json group(05a6ba422) compile success，json number: 6
2026-7-3 17:56:32 - debug: handle single json
2026-7-3 17:56:32 - debug: Json group(0bd960b15) compile success，json number: 6
2026-7-3 17:56:32 - debug: Json group(05d786f3c) compile success，json number: 6
2026-7-3 17:56:32 - debug: Json group(0a9a16365) compile success，json number: 6
2026-7-3 17:56:32 - debug: Json group(0939f5774) compile success，json number: 6
2026-7-3 17:56:32 - debug: Json group(04d1efb95) compile success，json number: 6
2026-7-3 17:56:32 - debug: Json group(05ff4bf9a) compile success，json number: 6
2026-7-3 17:56:32 - debug: Json group(058888a4d) compile success，json number: 6
2026-7-3 17:56:32 - debug: Json group(0aa2d87de) compile success，json number: 6
2026-7-3 17:56:32 - debug: Json group(0936a916b) compile success，json number: 6
2026-7-3 17:56:32 - debug: Json group(0b3e0b1ce) compile success，json number: 6
2026-7-3 17:56:32 - debug: Json group(03bca836c) compile success，json number: 6
2026-7-3 17:56:32 - debug: Json group(018f8689b) compile success，json number: 6
2026-7-3 17:56:32 - debug: Json group(09f4a3c5f) compile success，json number: 6
2026-7-3 17:56:32 - debug: Json group(0573d1736) compile success，json number: 6
2026-7-3 17:56:32 - warn(2): The Mesh used by component "cc.MeshRenderer" in prefab "Role_2" is missing. Detailed information:Node path: "Role_2/New Node/Bip001 Prop1 Socket/jiateling01"Asset url: "db://assets/GameRes/Prefab/Role_2"Missing uuid: "03189dd5-73dd-4e52-8644-1ff1a122b972@18a45"
2026-7-3 17:56:32 - debug: Json group(0d1405e99) compile success，json number: 6
2026-7-3 17:56:32 - debug: Json group(0fbb3d0d7) compile success，json number: 6
2026-7-3 17:56:32 - debug: Json group(0b756a9e5) compile success，json number: 6
2026-7-3 17:56:32 - debug: Json group(0acdaf410) compile success，json number: 6
2026-7-3 17:56:32 - debug: Json group(045d59844) compile success，json number: 6
2026-7-3 17:56:32 - debug: Json group(03d712220) compile success，json number: 6
2026-7-3 17:56:32 - debug: Json group(0418d0963) compile success，json number: 6
2026-7-3 17:56:32 - debug: Json group(0d46b5455) compile success，json number: 6
2026-7-3 17:56:32 - debug: Json group(0d76502e0) compile success，json number: 6
2026-7-3 17:56:33 - warn: The Mesh used by component "cc.MeshRenderer" in prefab "Role_1" is missing. Detailed information:Node path: "Role_1/New Node/Bip001 Prop1 Socket/jiateling01"Asset url: "db://assets/GameRes/Prefab/Role_1"Missing uuid: "03189dd5-73dd-4e52-8644-1ff1a122b972@18a45"
2026-7-3 17:56:33 - debug: Json group(03a0f8b8b) compile success，json number: 6
2026-7-3 17:56:33 - debug: Json group(05744dfbc) compile success，json number: 6
2026-7-3 17:56:33 - debug: handle single json
2026-7-3 17:56:33 - debug: Output asset in bundles success, progress: 24%
2026-7-3 17:56:33 - debug: Output asset in bundles success, progress: 13%
2026-7-3 17:56:33 - debug: Output asset in bundles start, progress: 24%
2026-7-3 17:56:33 - debug: Output asset in bundles start, progress: 13%
2026-7-3 17:56:33 - debug: compress config of bundle internal...
2026-7-3 17:56:33 - debug: compress config of bundle internal success
2026-7-3 17:56:33 - debug: compress config of bundle resources...
2026-7-3 17:56:33 - debug: compress config of bundle resources success
2026-7-3 17:56:33 - debug: compress config of bundle main...
2026-7-3 17:56:33 - debug: compress config of bundle main success
2026-7-3 17:56:33 - debug: output config of bundle internal
2026-7-3 17:56:33 - debug: output config of bundle internal success
2026-7-3 17:56:33 - debug: output config of bundle resources
2026-7-3 17:56:33 - debug: output config of bundle resources success
2026-7-3 17:56:33 - debug: output config of bundle main
2026-7-3 17:56:33 - debug: output config of bundle main success
2026-7-3 17:56:33 - debug: Output asset in bundles success, progress: 24%
2026-7-3 17:56:33 - debug: Output asset in bundles success, progress: 13%
2026-7-3 17:56:33 - debug: // ---- build task Build Assets ---- (2239ms)
2026-7-3 17:56:33 - log: run build task Build Assets success in 2 s√, progress: 29%
2026-7-3 17:56:33 - debug: [Build Memory track]: Build Assets start:281.31MB, end 333.40MB, increase: 52.10MB
2026-7-3 17:56:33 - debug: 整理部分构建选项内数据到 settings.json start, progress: 29%
2026-7-3 17:56:33 - debug: // ---- build task 整理部分构建选项内数据到 settings.json ----
2026-7-3 17:56:33 - debug: // ---- build task 整理部分构建选项内数据到 settings.json ---- (52ms)
2026-7-3 17:56:33 - log: run build task 整理部分构建选项内数据到 settings.json success in 52 ms√, progress: 31%
2026-7-3 17:56:33 - debug: [Build Memory track]: 整理部分构建选项内数据到 settings.json start:333.51MB, end 333.58MB, increase: 76.54KB
2026-7-3 17:56:33 - debug: 填充脚本数据到 settings.json start, progress: 31%
2026-7-3 17:56:33 - debug: // ---- build task 填充脚本数据到 settings.json ----
2026-7-3 17:56:34 - debug: // ---- build task 填充脚本数据到 settings.json ---- (48ms)
2026-7-3 17:56:34 - log: run build task 填充脚本数据到 settings.json success in 48 ms√, progress: 32%
2026-7-3 17:56:34 - debug: [Build Memory track]: 填充脚本数据到 settings.json start:333.62MB, end 333.69MB, increase: 77.40KB
2026-7-3 17:56:34 - debug: 整理部分构建选项内数据到 settings.json start, progress: 32%
2026-7-3 17:56:34 - debug: // ---- build task 整理部分构建选项内数据到 settings.json ----
2026-7-3 17:56:34 - debug: // ---- build task 整理部分构建选项内数据到 settings.json ---- (313ms)
2026-7-3 17:56:34 - log: run build task 整理部分构建选项内数据到 settings.json success in 313 ms√, progress: 34%
2026-7-3 17:56:34 - debug: [Build Memory track]: 整理部分构建选项内数据到 settings.json start:333.73MB, end 333.88MB, increase: 156.04KB
2026-7-3 17:56:34 - debug: web-mobile:(onBeforeCompressSettings) start..., progress: 34%
2026-7-3 17:56:34 - debug: // ---- build task web-mobile：onBeforeCompressSettings ----
2026-7-3 17:56:34 - debug: // ---- build task web-mobile：onBeforeCompressSettings ---- (42ms)
2026-7-3 17:56:34 - debug: web-mobile:(onBeforeCompressSettings) in 42 ms ✓, progress: 36%
2026-7-3 17:56:34 - debug: cocos-service:(onBeforeCompressSettings) start..., progress: 36%
2026-7-3 17:56:34 - debug: // ---- build task cocos-service：onBeforeCompressSettings ----
2026-7-3 17:56:34 - debug: // ---- build task cocos-service：onBeforeCompressSettings ---- (153ms)
2026-7-3 17:56:34 - debug: cocos-service:(onBeforeCompressSettings) in 153 ms ✓, progress: 38%
2026-7-3 17:56:34 - debug: super-packager:(onBeforeCompressSettings) start..., progress: 38%
2026-7-3 17:56:34 - debug: // ---- build task super-packager：onBeforeCompressSettings ----
2026-7-3 17:56:34 - log: [SUPER_PACKAGE]onBeforeCompressSettings
2026-7-3 17:56:34 - debug: // ---- build task super-packager：onBeforeCompressSettings ---- (31ms)
2026-7-3 17:56:34 - debug: super-packager:(onBeforeCompressSettings) in 31 ms ✓, progress: 40%
2026-7-3 17:56:34 - debug: 整理静态模板文件 start, progress: 40%
2026-7-3 17:56:34 - debug: // ---- build task 整理静态模板文件 ----
2026-7-3 17:56:34 - debug: // ---- build task 整理静态模板文件 ---- (134ms)
2026-7-3 17:56:34 - log: run build task 整理静态模板文件 success in 134 ms√, progress: 45%
2026-7-3 17:56:34 - debug: [Build Memory track]: 整理静态模板文件 start:334.30MB, end 330.40MB, increase: -3985.69KB
2026-7-3 17:56:34 - debug: cocos-service:(onAfterCompressSettings) start..., progress: 45%
2026-7-3 17:56:34 - debug: // ---- build task cocos-service：onAfterCompressSettings ----
2026-7-3 17:56:34 - debug: // ---- build task cocos-service：onAfterCompressSettings ---- (131ms)
2026-7-3 17:56:34 - debug: cocos-service:(onAfterCompressSettings) in 131 ms ✓, progress: 46%
2026-7-3 17:56:34 - debug: super-packager:(onAfterCompressSettings) start..., progress: 46%
2026-7-3 17:56:34 - debug: // ---- build task super-packager：onAfterCompressSettings ----
2026-7-3 17:56:34 - log: [SUPER_PACKAGE]onAfterCompressSettings
2026-7-3 17:56:34 - debug: // ---- build task super-packager：onAfterCompressSettings ---- (62ms)
2026-7-3 17:56:34 - debug: super-packager:(onAfterCompressSettings) in 62 ms ✓, progress: 48%
2026-7-3 17:56:34 - debug: web-mobile:(onBeforeCopyBuildTemplate) start..., progress: 48%
2026-7-3 17:56:34 - debug: // ---- build task web-mobile：onBeforeCopyBuildTemplate ----
2026-7-3 17:56:35 - debug: // ---- build task web-mobile：onBeforeCopyBuildTemplate ---- (188ms)
2026-7-3 17:56:35 - debug: web-mobile:(onBeforeCopyBuildTemplate) in 188 ms ✓, progress: 50%
2026-7-3 17:56:35 - debug: 给所有的资源加上 MD5 后缀 start, progress: 50%
2026-7-3 17:56:35 - debug: // ---- build task 给所有的资源加上 MD5 后缀 ----
2026-7-3 17:56:35 - debug: // ---- build task 给所有的资源加上 MD5 后缀 ---- (104ms)
2026-7-3 17:56:35 - log: run build task 给所有的资源加上 MD5 后缀 success in 104 ms√, progress: 60%
2026-7-3 17:56:35 - debug: [Build Memory track]: 给所有的资源加上 MD5 后缀 start:329.16MB, end 329.25MB, increase: 95.36KB
2026-7-3 17:56:35 - debug: web-mobile:(onAfterBuild) start..., progress: 60%
2026-7-3 17:56:35 - debug: // ---- build task web-mobile：onAfterBuild ----
2026-7-3 17:56:35 - debug: // ---- build task web-mobile：onAfterBuild ---- (64ms)
2026-7-3 17:56:35 - debug: web-mobile:(onAfterBuild) in 64 ms ✓, progress: 62%
2026-7-3 17:56:35 - debug: cocos-service:(onAfterBuild) start..., progress: 62%
2026-7-3 17:56:35 - debug: // ---- build task cocos-service：onAfterBuild ----
2026-7-3 17:56:35 - debug: // ---- build task cocos-service：onAfterBuild ---- (83ms)
2026-7-3 17:56:35 - debug: cocos-service:(onAfterBuild) in 83 ms ✓, progress: 64%
2026-7-3 17:56:35 - debug: adsense-h5g-plugin:(onAfterBuild) start..., progress: 64%
2026-7-3 17:56:35 - debug: // ---- build task adsense-h5g-plugin：onAfterBuild ----
2026-7-3 17:56:35 - debug: // ---- build task adsense-h5g-plugin：onAfterBuild ---- (59ms)
2026-7-3 17:56:35 - debug: adsense-h5g-plugin:(onAfterBuild) in 59 ms ✓, progress: 65%
2026-7-3 17:56:35 - debug: super-html:(onAfterBuild) start..., progress: 65%
2026-7-3 17:56:35 - debug: // ---- build task super-html：onAfterBuild ----
2026-7-3 17:56:35 - log: [super-html] : -- start --
2026-7-3 17:56:35 - log: [super-html] : engine version 3.8.7
2026-7-3 17:56:35 - log: [super-html] : s_input_dir D:\工程项目\PlayableAD\Cocos\TheW\20260615_HYQ\HYQ_Project\build\web-mobile
2026-7-3 17:56:35 - log: [super-html] : s_out_dir D:\工程项目\PlayableAD\Cocos\TheW\20260615_HYQ\HYQ_Project\build\super-html
2026-7-3 17:56:41 - debug: // ---- build task super-html：onAfterBuild ---- (6021ms)
2026-7-3 17:56:41 - debug: super-html:(onAfterBuild) in 6021 ms ✓, progress: 67%
2026-7-3 17:56:41 - debug: super-packager:(onAfterBuild) start..., progress: 67%
2026-7-3 17:56:41 - debug: // ---- build task super-packager：onAfterBuild ----
2026-7-3 17:56:41 - log: [SUPER_PACKAGE]onAfterBuild
2026-7-3 17:56:41 - debug: // ---- build task super-packager：onAfterBuild ---- (256ms)
2026-7-3 17:56:41 - debug: super-packager:(onAfterBuild) in 256 ms ✓, progress: 69%
2026-7-3 17:56:41 - log: Asset DB is resume!
2026-7-3 17:56:42 - debug: builder:build-project-total (31035ms)
2026-7-3 17:56:42 - debug: build task(web-mobile) in 31035!
2026-7-3 17:56:42 - debug: [Build Memory track]: builder:build-project-total start:297.99MB, end 286.28MB, increase: -11994.58KB
2026-7-3 17:56:42 - debug: ================================ build Task (web-mobile) Finished in (31 s)ms ================================
2026-7-6 11:57:55 - debug: =================================== build Task (web-mobile) Start ================================
2026-7-6 11:57:55 - debug: Start build task, options:{"name":"HYQ","server":"","engineModulesConfigKey":"defaultConfig","platform":"web-mobile","buildPath":"project://build","debug":false,"buildMode":"normal","mangleProperties":false,"md5Cache":false,"skipCompressTexture":false,"sourceMaps":false,"overwriteProjectSettings":{"includeModules":{"gfx-webgl2":"on","physics":"inherit-project-setting","physics-2d":"inherit-project-setting"},"macroConfig":{"cleanupImageCache":"inherit-project-setting"}},"nativeCodeBundleMode":"asmjs","polyfills":{"asyncFunctions":true},"experimentalEraseModules":false,"startSceneAssetBundle":false,"bundleConfigs":[],"inlineEnum":true,"useBuiltinServer":false,"md5CacheOptions":{"excludes":[],"includes":[],"replaceOnly":[],"handleTemplateMd5Link":true},"mainBundleIsRemote":false,"mainBundleCompressionType":"merge_dep","useSplashScreen":true,"bundleCommonChunk":false,"packAutoAtlas":true,"startScene":"b5805d3a-3b80-4a12-adf5-588e63a7d886","outputName":"web-mobile","taskName":"web-mobile","scenes":[{"url":"db://assets/Scene/Game_3D-002.scene","uuid":"b5805d3a-3b80-4a12-adf5-588e63a7d886"}],"wasmCompressionMode":false,"binGroupConfig":{"threshold":16,"enable":false},"packages":{"adsense-h5g-plugin":{"enableAdsense":false,"enableTestAd":false,"__version__":"1.0.1","AFPHostPropertyCode":"ca-host-pub-5396158963872751","AFPHostDomain":"douyougame.com","otherAFPHostPropertyCode":"","otherAFPDomain":""},"web-mobile":{"useWebGPU":false,"orientation":"auto","embedWebDebugger":false,"__version__":"1.0.1"},"cocos-service":{"configID":"56841a","services":[],"__version__":"3.0.9"},"super-packager":{"googlePlayUrl":"","appStoreUrl":"","__version__":"2.7.0"}},"__version__":"1.3.9","logDest":"project://temp/builder/log/web-mobile2026-6-30 10-27.log"}
2026-7-6 11:57:55 - debug: Build with Cocos Creator 3.8.7
2026-7-6 11:57:55 - debug: cocos-service:(onBeforeBuild) start..., progress: 0%
2026-7-6 11:57:55 - debug: // ---- build task cocos-service：onBeforeBuild ----
2026-7-6 11:57:55 - debug: // ---- build task cocos-service：onBeforeBuild ---- (139ms)
2026-7-6 11:57:55 - debug: cocos-service:(onBeforeBuild) in 139 ms ✓, progress: 2%
2026-7-6 11:57:55 - debug: scene:(onBeforeBuild) start..., progress: 2%
2026-7-6 11:57:55 - debug: // ---- build task scene：onBeforeBuild ----
2026-7-6 11:57:55 - debug: // ---- build task scene：onBeforeBuild ---- (53ms)
2026-7-6 11:57:55 - debug: scene:(onBeforeBuild) in 53 ms ✓, progress: 4%
2026-7-6 11:57:55 - debug: super-packager:(onBeforeBuild) start..., progress: 4%
2026-7-6 11:57:55 - debug: // ---- build task super-packager：onBeforeBuild ----
2026-7-6 11:57:55 - log: [SUPER_PACKAGE]onBeforeBuild
2026-7-6 11:57:55 - log: [SUPER_PACKAGE]商店链接配置:{"googlePlayUrl":"","appStoreUrl":""}
2026-7-6 11:57:55 - log: [SUPER_PACKAGE]商店链接已同步到文件
2026-7-6 11:57:55 - debug: // ---- build task super-packager：onBeforeBuild ---- (58ms)
2026-7-6 11:57:55 - debug: super-packager:(onBeforeBuild) in 58 ms ✓, progress: 5%
2026-7-6 11:57:55 - debug: Start lock asset db..., progress: 5%
2026-7-6 11:57:55 - log: Asset DB is paused with build!
2026-7-6 11:57:55 - debug: Query all assets info in project
2026-7-6 11:57:55 - debug: init custom config: keepNodeUuid: false, useCache: true
2026-7-6 11:57:55 - debug: web-mobile:(onAfterInit) start..., progress: 5%
2026-7-6 11:57:55 - debug: // ---- build task web-mobile：onAfterInit ----
2026-7-6 11:57:55 - debug: // ---- build task web-mobile：onAfterInit ---- (34ms)
2026-7-6 11:57:55 - debug: web-mobile:(onAfterInit) in 34 ms ✓, progress: 7%
2026-7-6 11:57:55 - debug: cocos-service:(onAfterInit) start..., progress: 7%
2026-7-6 11:57:55 - debug: // ---- build task cocos-service：onAfterInit ----
2026-7-6 11:57:56 - debug: // ---- build task cocos-service：onAfterInit ---- (123ms)
2026-7-6 11:57:56 - debug: cocos-service:(onAfterInit) in 123 ms ✓, progress: 9%
2026-7-6 11:57:56 - debug: Skip compress image, progress: 0%
2026-7-6 11:57:56 - debug: adsense-h5g-plugin:(onBeforeBundleInit) start..., progress: 9%
2026-7-6 11:57:56 - debug: adsense-h5g-plugin:(onBeforeBundleInit) start..., progress: 0%
2026-7-6 11:57:56 - debug: // ---- build task adsense-h5g-plugin：onBeforeBundleInit ----
2026-7-6 11:57:56 - debug: [adsense-h5g-plugin] remove script success
2026-7-6 11:57:56 - debug: // ---- build task adsense-h5g-plugin：onBeforeBundleInit ---- (58ms)
2026-7-6 11:57:56 - debug: adsense-h5g-plugin:(onBeforeBundleInit) in 58 ms ✓, progress: 9%
2026-7-6 11:57:56 - debug: adsense-h5g-plugin:(onBeforeBundleInit) in 58 ms ✓, progress: 7%
2026-7-6 11:57:56 - debug: Init all bundles start..., progress: 9%
2026-7-6 11:57:56 - debug: Init all bundles start..., progress: 7%
2026-7-6 11:57:56 - debug: Num of bundles: 3..., progress: 9%
2026-7-6 11:57:56 - debug: Num of bundles: 3..., progress: 7%
2026-7-6 11:57:56 - debug: web-mobile:(onAfterBundleInit) start..., progress: 9%
2026-7-6 11:57:56 - debug: web-mobile:(onAfterBundleInit) start..., progress: 7%
2026-7-6 11:57:56 - debug: // ---- build task web-mobile：onAfterBundleInit ----
2026-7-6 11:57:56 - debug: // ---- build task web-mobile：onAfterBundleInit ---- (82ms)
2026-7-6 11:57:56 - debug: web-mobile:(onAfterBundleInit) in 82 ms ✓, progress: 9%
2026-7-6 11:57:56 - debug: web-mobile:(onAfterBundleInit) in 82 ms ✓, progress: 13%
2026-7-6 11:57:56 - debug: 查询 Asset Bundle start, progress: 9%
2026-7-6 11:57:56 - debug: // ---- build task 查询 Asset Bundle ----
2026-7-6 11:57:56 - debug: Init bundle root assets start..., progress: 9%
2026-7-6 11:57:56 - debug: Init bundle root assets start..., progress: 13%
2026-7-6 11:57:56 - debug: Query preload assets/scripts from cc.config.json: 60f7195c-ec2a-45eb-ba94-8955f60e81d0,1c02ae6f-4492-4915-b8f8-7492a3b1e4cd,810e96e4-e456-4468-9b59-f4e8f39732c0,efe8e2a3-eace-427b-b4f1-cb8a937ec77d,e9aa9a3e-5b2b-4ac7-a2c7-073de2b2b24f,8bbdbcdd-5cd4-4100-b6d5-b7c9625b6107,50f4348b-c883-4e2f-8f11-ce233b859fa1,fda095cb-831d-4601-ad94-846013963de8,f92806d7-1768-443f-afe8-12bcde84d0f0,dd3a144d-ab7f-41f0-82b8-2e43a090d496,f0416e68-0200-4b77-a926-4f9d16e494da,511d2633-09a7-4bdd-ac42-f778032124b3,5d45aa00-e064-4938-b314-4265f0c2258c,9361fd90-ba52-4f84-aa93-6e878fd576ca,970b0598-bcb0-4714-91fb-2e81440dccd8,bcd64cc6-2dd9-43f6-abbe-66318d332032,d930590d-bb92-4cc8-8bd1-23cd027f9edf,a3cd009f-0ab0-420d-9278-b9fdab939bbc,6a2d0734-bd9e-4ddf-946e-caa52498cb75,d1346436-ac96-4271-b863-1f4fdead95b0,971bdb23-3ff6-43eb-b422-1c30165a3663,17debcc3-0a6b-4b8a-b00b-dc58b885581e,711ebe11-f673-4cd9-9a83-63c60ba54c5b,c0143906-9aed-447e-9436-2ae8512d1b6e,14da1725-c4c2-42b4-ab08-ee0aeb6898b3,081cab31-dccd-428e-8652-f2404cc81c47,78e0584a-4343-4727-8f37-e14e65c2a2db,ba21476f-2866-4f81-9c4d-6e359316e448,871c3b6c-7379-419d-bda3-794b239ab90d,ff9b0199-ce04-4cfe-86cc-6c719f08d6e4,de1c2107-70c8-4021-8459-6399f24d01c6,cbf30902-517f-40dc-af90-a550bac27cf1,5c601d96-e4c7-4698-991b-7ee674b11079
2026-7-6 11:57:56 - debug:   Number of all scenes: 5
2026-7-6 11:57:56 - debug:   Number of all scripts: 109
2026-7-6 11:57:56 - debug:   Number of other assets: 1158
2026-7-6 11:57:56 - debug: Init bundle root assets success..., progress: 9%
2026-7-6 11:57:56 - debug: Init bundle root assets success..., progress: 13%
2026-7-6 11:57:56 - debug: reload all scripts.
2026-7-6 11:57:56 - log: creating executor ...
2026-7-6 11:57:56 - debug: [[Executor]] reload before lock
2026-7-6 11:57:56 - debug: Set detail map pack:///resolution-detail-map.json: {}
2026-7-6 11:57:56 - groupCollapsed: Invalidate all modules
2026-7-6 11:57:56 - debug: D:\工程项目\PlayableAD\Cocos\TheW\20260615_HYQ\HYQ_Project\temp\programming\packer-driver\targets\editor\chunks\93\93ba276ea7b26ffcdc433fab14afc1ed6f05647b.js resolved to D:\工程项目\PlayableAD\Cocos\TheW\20260615_HYQ\HYQ_Project\temp\programming\packer-driver\targets\editor\chunks\93\93ba276ea7b26ffcdc433fab14afc1ed6f05647b.js is not in module cache!
2026-7-6 11:57:56 - debug: [[Executor]] Module "cce:/internal/x/cc-fu/base" loaded.
2026-7-6 11:57:56 - debug: [[Executor]] Module "cce:/internal/x/cc-fu/gfx-webgl" loaded.
2026-7-6 11:57:56 - debug: [[Executor]] Module "cce:/internal/x/cc-fu/gfx-webgl2" loaded.
2026-7-6 11:57:56 - debug: [[Executor]] Module "cce:/internal/x/cc-fu/gfx-empty" loaded.
2026-7-6 11:57:56 - debug: [[Executor]] Module "cce:/internal/x/cc-fu/gfx-webgpu" loaded.
2026-7-6 11:57:56 - debug: [[Executor]] Module "cce:/internal/x/cc-fu/3d" loaded.
2026-7-6 11:57:56 - debug: [[Executor]] Module "cce:/internal/x/cc-fu/animation" loaded.
2026-7-6 11:57:56 - debug: [[Executor]] Module "cce:/internal/x/cc-fu/skeletal-animation" loaded.
2026-7-6 11:57:56 - debug: [[Executor]] Module "cce:/internal/x/cc-fu/2d" loaded.
2026-7-6 11:57:56 - debug: [[Executor]] Module "cce:/internal/x/cc-fu/sorting" loaded.
2026-7-6 11:57:56 - debug: [[Executor]] Module "cce:/internal/x/cc-fu/rich-text" loaded.
2026-7-6 11:57:56 - debug: [[Executor]] Module "cce:/internal/x/cc-fu/mask" loaded.
2026-7-6 11:57:56 - debug: [[Executor]] Module "cce:/internal/x/cc-fu/graphics" loaded.
2026-7-6 11:57:56 - debug: [[Executor]] Module "cce:/internal/x/cc-fu/ui-skew" loaded.
2026-7-6 11:57:56 - debug: [[Executor]] Module "cce:/internal/x/cc-fu/ui" loaded.
2026-7-6 11:57:56 - debug: [[Executor]] Module "cce:/internal/x/cc-fu/affine-transform" loaded.
2026-7-6 11:57:56 - debug: [[Executor]] Module "cce:/internal/x/cc-fu/sorting-2d" loaded.
2026-7-6 11:57:56 - debug: [[Executor]] Module "cce:/internal/x/cc-fu/particle" loaded.
2026-7-6 11:57:56 - debug: [[Executor]] Module "cce:/internal/x/cc-fu/particle-2d" loaded.
2026-7-6 11:57:56 - debug: [[Executor]] Module "cce:/internal/x/cc-fu/physics-framework" loaded.
2026-7-6 11:57:56 - debug: [[Executor]] Module "cce:/internal/x/cc-fu/physics-cannon" loaded.
2026-7-6 11:57:56 - debug: [[Executor]] Module "cce:/internal/x/cc-fu/physics-physx" loaded.
2026-7-6 11:57:56 - debug: [[Executor]] Module "cce:/internal/x/cc-fu/physics-ammo" loaded.
2026-7-6 11:57:56 - debug: [[Executor]] Module "cce:/internal/x/cc-fu/physics-builtin" loaded.
2026-7-6 11:57:56 - debug: [[Executor]] Module "cce:/internal/x/cc-fu/physics-2d-framework" loaded.
2026-7-6 11:57:56 - debug: [[Executor]] Module "cce:/internal/x/cc-fu/physics-2d-box2d-jsb" loaded.
2026-7-6 11:57:56 - debug: [[Executor]] Module "cce:/internal/x/cc-fu/physics-2d-box2d" loaded.
2026-7-6 11:57:56 - debug: [[Executor]] Module "cce:/internal/x/cc-fu/physics-2d-builtin" loaded.
2026-7-6 11:57:56 - debug: [[Executor]] Module "cce:/internal/x/cc-fu/physics-2d-box2d-wasm" loaded.
2026-7-6 11:57:56 - debug: [[Executor]] Module "cce:/internal/x/cc-fu/intersection-2d" loaded.
2026-7-6 11:57:56 - debug: [[Executor]] Module "cce:/internal/x/cc-fu/primitive" loaded.
2026-7-6 11:57:56 - debug: [[Executor]] Module "cce:/internal/x/cc-fu/profiler" loaded.
2026-7-6 11:57:56 - debug: [[Executor]] Module "cce:/internal/x/cc-fu/geometry-renderer" loaded.
2026-7-6 11:57:56 - debug: [[Executor]] Module "cce:/internal/x/cc-fu/audio" loaded.
2026-7-6 11:57:56 - debug: [[Executor]] Module "cce:/internal/x/cc-fu/video" loaded.
2026-7-6 11:57:56 - debug: [[Executor]] Module "cce:/internal/x/cc-fu/xr" loaded.
2026-7-6 11:57:56 - debug: [[Executor]] Module "cce:/internal/x/cc-fu/light-probe" loaded.
2026-7-6 11:57:56 - debug: [[Executor]] Module "cce:/internal/x/cc-fu/terrain" loaded.
2026-7-6 11:57:56 - debug: [[Executor]] Module "cce:/internal/x/cc-fu/webview" loaded.
2026-7-6 11:57:56 - debug: [[Executor]] Module "cce:/internal/x/cc-fu/tween" loaded.
2026-7-6 11:57:56 - debug: [[Executor]] Module "cce:/internal/x/cc-fu/tiled-map" loaded.
2026-7-6 11:57:56 - debug: [[Executor]] Module "cce:/internal/x/cc-fu/vendor-google" loaded.
2026-7-6 11:57:56 - debug: [[Executor]] Module "cce:/internal/x/cc-fu/spine" loaded.
2026-7-6 11:57:56 - debug: [[Executor]] Module "cce:/internal/x/cc-fu/dragon-bones" loaded.
2026-7-6 11:57:56 - debug: [[Executor]] Module "cce:/internal/x/cc-fu/custom-pipeline" loaded.
2026-7-6 11:57:56 - debug: [[Executor]] Module "cce:/internal/x/cc-fu/custom-pipeline-post-process" loaded.
2026-7-6 11:57:56 - debug: [[Executor]] Module "cce:/internal/x/cc-fu/legacy-pipeline" loaded.
2026-7-6 11:57:56 - debug: [[Executor]] Module "cce:/internal/x/cc-fu/base" loaded.
2026-7-6 11:57:56 - debug: [[Executor]] Module "cce:/internal/x/cc-fu/gfx-webgl" loaded.
2026-7-6 11:57:56 - debug: [[Executor]] Module "cce:/internal/x/cc-fu/gfx-webgl2" loaded.
2026-7-6 11:57:56 - debug: [[Executor]] Module "cce:/internal/x/cc-fu/gfx-empty" loaded.
2026-7-6 11:57:56 - debug: [[Executor]] Module "cce:/internal/x/cc-fu/gfx-webgpu" loaded.
2026-7-6 11:57:56 - debug: [[Executor]] Module "cce:/internal/x/cc-fu/3d" loaded.
2026-7-6 11:57:56 - debug: [[Executor]] Module "cce:/internal/x/cc-fu/animation" loaded.
2026-7-6 11:57:56 - debug: [[Executor]] Module "cce:/internal/x/cc-fu/skeletal-animation" loaded.
2026-7-6 11:57:56 - debug: [[Executor]] Module "cce:/internal/x/cc-fu/2d" loaded.
2026-7-6 11:57:56 - debug: [[Executor]] Module "cce:/internal/x/cc-fu/sorting" loaded.
2026-7-6 11:57:56 - debug: [[Executor]] Module "cce:/internal/x/cc-fu/rich-text" loaded.
2026-7-6 11:57:56 - debug: [[Executor]] Module "cce:/internal/x/cc-fu/mask" loaded.
2026-7-6 11:57:56 - debug: [[Executor]] Module "cce:/internal/x/cc-fu/graphics" loaded.
2026-7-6 11:57:56 - debug: [[Executor]] Module "cce:/internal/x/cc-fu/ui-skew" loaded.
2026-7-6 11:57:56 - debug: [[Executor]] Module "cce:/internal/x/cc-fu/ui" loaded.
2026-7-6 11:57:56 - debug: [[Executor]] Module "cce:/internal/x/cc-fu/affine-transform" loaded.
2026-7-6 11:57:56 - debug: [[Executor]] Module "cce:/internal/x/cc-fu/sorting-2d" loaded.
2026-7-6 11:57:56 - debug: [[Executor]] Module "cce:/internal/x/cc-fu/particle" loaded.
2026-7-6 11:57:56 - debug: [[Executor]] Module "cce:/internal/x/cc-fu/particle-2d" loaded.
2026-7-6 11:57:56 - debug: [[Executor]] Module "cce:/internal/x/cc-fu/physics-framework" loaded.
2026-7-6 11:57:56 - debug: [[Executor]] Module "cce:/internal/x/cc-fu/physics-cannon" loaded.
2026-7-6 11:57:56 - debug: [[Executor]] Module "cce:/internal/x/cc-fu/physics-physx" loaded.
2026-7-6 11:57:56 - debug: [[Executor]] Module "cce:/internal/x/cc-fu/physics-ammo" loaded.
2026-7-6 11:57:56 - debug: [[Executor]] Module "cce:/internal/x/cc-fu/physics-builtin" loaded.
2026-7-6 11:57:56 - debug: [[Executor]] Module "cce:/internal/x/cc-fu/physics-2d-framework" loaded.
2026-7-6 11:57:56 - debug: [[Executor]] Module "cce:/internal/x/cc-fu/physics-2d-box2d" loaded.
2026-7-6 11:57:56 - debug: [[Executor]] Module "cce:/internal/x/cc-fu/physics-2d-builtin" loaded.
2026-7-6 11:57:56 - debug: [[Executor]] Module "cce:/internal/x/cc-fu/physics-2d-box2d-wasm" loaded.
2026-7-6 11:57:56 - debug: [[Executor]] Module "cce:/internal/x/cc-fu/intersection-2d" loaded.
2026-7-6 11:57:56 - debug: [[Executor]] Module "cce:/internal/x/cc-fu/primitive" loaded.
2026-7-6 11:57:56 - debug: [[Executor]] Module "cce:/internal/x/cc-fu/profiler" loaded.
2026-7-6 11:57:56 - debug: [[Executor]] Module "cce:/internal/x/cc-fu/geometry-renderer" loaded.
2026-7-6 11:57:56 - debug: [[Executor]] Module "cce:/internal/x/cc-fu/audio" loaded.
2026-7-6 11:57:56 - debug: [[Executor]] Module "cce:/internal/x/cc-fu/video" loaded.
2026-7-6 11:57:56 - debug: [[Executor]] Module "cce:/internal/x/cc-fu/xr" loaded.
2026-7-6 11:57:56 - debug: [[Executor]] Module "cce:/internal/x/cc-fu/light-probe" loaded.
2026-7-6 11:57:56 - debug: [[Executor]] Module "cce:/internal/x/cc-fu/terrain" loaded.
2026-7-6 11:57:56 - debug: [[Executor]] Module "cce:/internal/x/cc-fu/webview" loaded.
2026-7-6 11:57:56 - debug: [[Executor]] Module "cce:/internal/x/cc-fu/tween" loaded.
2026-7-6 11:57:56 - debug: [[Executor]] Module "cce:/internal/x/cc-fu/tiled-map" loaded.
2026-7-6 11:57:56 - debug: [[Executor]] Module "cce:/internal/x/cc-fu/spine" loaded.
2026-7-6 11:57:56 - debug: [[Executor]] Module "cce:/internal/x/cc-fu/dragon-bones" loaded.
2026-7-6 11:57:56 - debug: [[Executor]] Module "cce:/internal/x/cc-fu/custom-pipeline" loaded.
2026-7-6 11:57:56 - debug: [[Executor]] Module "cce:/internal/x/cc-fu/custom-pipeline-post-process" loaded.
2026-7-6 11:57:56 - debug: [[Executor]] Module "cce:/internal/x/cc-fu/legacy-pipeline" loaded.
2026-7-6 11:57:56 - debug: [[Executor]] Module "cce:/internal/x/cc-fu/vendor-google" loaded.
2026-7-6 11:57:56 - debug: [[Executor]] Module "cce:/internal/x/cc-fu/physics-2d-box2d-jsb" loaded.
2026-7-6 11:57:56 - debug: [[Executor]] Module "pack:///chunks/93/93ba276ea7b26ffcdc433fab14afc1ed6f05647b.js" loaded.
2026-7-6 11:57:56 - debug: Invalidating 'pack:///chunks/93/93ba276ea7b26ffcdc433fab14afc1ed6f05647b.js'
2026-7-6 11:57:56 - groupEnd: Invalidate all modules
2026-7-6 11:57:56 - groupCollapsed: Imports all modules
2026-7-6 11:57:56 - debug: [[Executor]] Module "pack:///chunks/93/93ba276ea7b26ffcdc433fab14afc1ed6f05647b.js" loaded.
2026-7-6 11:57:56 - debug: D:\工程项目\PlayableAD\Cocos\TheW\20260615_HYQ\HYQ_Project\temp\programming\packer-driver\targets\editor\chunks\6d\6d8fd2b0177941b032ddc0733af48a561fb60657.js resolved to D:\工程项目\PlayableAD\Cocos\TheW\20260615_HYQ\HYQ_Project\temp\programming\packer-driver\targets\editor\chunks\6d\6d8fd2b0177941b032ddc0733af48a561fb60657.js is not in module cache!
2026-7-6 11:57:56 - debug: [[Executor]] Module "pack:///chunks/6d/6d8fd2b0177941b032ddc0733af48a561fb60657.js" loaded.
2026-7-6 11:57:56 - debug: D:\工程项目\PlayableAD\Cocos\TheW\20260615_HYQ\HYQ_Project\temp\programming\packer-driver\targets\editor\chunks\f2\f22794b1c95bc92b6e994a97e9b193af020adc12.js resolved to D:\工程项目\PlayableAD\Cocos\TheW\20260615_HYQ\HYQ_Project\temp\programming\packer-driver\targets\editor\chunks\f2\f22794b1c95bc92b6e994a97e9b193af020adc12.js is not in module cache!
2026-7-6 11:57:56 - debug: D:\工程项目\PlayableAD\Cocos\TheW\20260615_HYQ\HYQ_Project\temp\programming\packer-driver\targets\editor\chunks\6a\6a5019a719a9014c047e67aa1cf34453ab8392ce.js resolved to D:\工程项目\PlayableAD\Cocos\TheW\20260615_HYQ\HYQ_Project\temp\programming\packer-driver\targets\editor\chunks\6a\6a5019a719a9014c047e67aa1cf34453ab8392ce.js is not in module cache!
2026-7-6 11:57:56 - debug: D:\工程项目\PlayableAD\Cocos\TheW\20260615_HYQ\HYQ_Project\temp\programming\packer-driver\targets\editor\chunks\d9\d980f46bad1521f99cf9b02f6f4709610973859b.js resolved to D:\工程项目\PlayableAD\Cocos\TheW\20260615_HYQ\HYQ_Project\temp\programming\packer-driver\targets\editor\chunks\d9\d980f46bad1521f99cf9b02f6f4709610973859b.js is not in module cache!
2026-7-6 11:57:56 - debug: D:\工程项目\PlayableAD\Cocos\TheW\20260615_HYQ\HYQ_Project\temp\programming\packer-driver\targets\editor\chunks\c9\c9d891290a54ec567f150962e76c6bf9cdf47b3b.js resolved to D:\工程项目\PlayableAD\Cocos\TheW\20260615_HYQ\HYQ_Project\temp\programming\packer-driver\targets\editor\chunks\c9\c9d891290a54ec567f150962e76c6bf9cdf47b3b.js is not in module cache!
2026-7-6 11:57:56 - debug: D:\工程项目\PlayableAD\Cocos\TheW\20260615_HYQ\HYQ_Project\temp\programming\packer-driver\targets\editor\chunks\04\04f62969dc20e2c08fceeca28e5f160f93c57d48.js resolved to D:\工程项目\PlayableAD\Cocos\TheW\20260615_HYQ\HYQ_Project\temp\programming\packer-driver\targets\editor\chunks\04\04f62969dc20e2c08fceeca28e5f160f93c57d48.js is not in module cache!
2026-7-6 11:57:56 - debug: D:\工程项目\PlayableAD\Cocos\TheW\20260615_HYQ\HYQ_Project\temp\programming\packer-driver\targets\editor\chunks\84\84fdd98491917343dab9e13fe8b5a70bd6a363c2.js resolved to D:\工程项目\PlayableAD\Cocos\TheW\20260615_HYQ\HYQ_Project\temp\programming\packer-driver\targets\editor\chunks\84\84fdd98491917343dab9e13fe8b5a70bd6a363c2.js is not in module cache!
2026-7-6 11:57:56 - debug: [[Executor]] Module "pack:///chunks/6a/6a5019a719a9014c047e67aa1cf34453ab8392ce.js" loaded.
2026-7-6 11:57:56 - debug: [[Executor]] Module "cce:/internal/x/engine-export-to-editor/cc/editor/populate-internal-constants" loaded.
2026-7-6 11:57:56 - debug: [[Executor]] Module "pack:///chunks/84/84fdd98491917343dab9e13fe8b5a70bd6a363c2.js" loaded.
2026-7-6 11:57:56 - debug: [[Executor]] Module "cce:/internal/x/engine-export-to-editor/cc/editor/populate-internal-constants" loaded.
2026-7-6 11:57:56 - debug: [[Executor]] Register BuiltinPipelineSettings
2026-7-6 11:57:56 - debug: [[Executor]] Module "pack:///chunks/c9/c9d891290a54ec567f150962e76c6bf9cdf47b3b.js" loaded.
2026-7-6 11:57:56 - debug: [[Executor]] Module "pack:///chunks/04/04f62969dc20e2c08fceeca28e5f160f93c57d48.js" loaded.
2026-7-6 11:57:56 - debug: [[Executor]] Register BuiltinPipelinePassBuilder
2026-7-6 11:57:56 - debug: [[Executor]] Module "pack:///chunks/d9/d980f46bad1521f99cf9b02f6f4709610973859b.js" loaded.
2026-7-6 11:57:56 - debug: [[Executor]] Register BuiltinDepthOfFieldPass
2026-7-6 11:57:56 - debug: [[Executor]] Module "pack:///chunks/f2/f22794b1c95bc92b6e994a97e9b193af020adc12.js" loaded.
2026-7-6 11:57:56 - debug: D:\工程项目\PlayableAD\Cocos\TheW\20260615_HYQ\HYQ_Project\temp\programming\packer-driver\targets\editor\chunks\e0\e099fc7c0597d98bad93ecd30952e1955267ade1.js resolved to D:\工程项目\PlayableAD\Cocos\TheW\20260615_HYQ\HYQ_Project\temp\programming\packer-driver\targets\editor\chunks\e0\e099fc7c0597d98bad93ecd30952e1955267ade1.js is not in module cache!
2026-7-6 11:57:56 - debug: [[Executor]] Register DebugViewRuntimeControl
2026-7-6 11:57:56 - debug: [[Executor]] Module "pack:///chunks/e0/e099fc7c0597d98bad93ecd30952e1955267ade1.js" loaded.
2026-7-6 11:57:56 - debug: D:\工程项目\PlayableAD\Cocos\TheW\20260615_HYQ\HYQ_Project\temp\programming\packer-driver\targets\editor\chunks\e2\e2118395860d446afdd7349c12bbbbd5ff0a8915.js resolved to D:\工程项目\PlayableAD\Cocos\TheW\20260615_HYQ\HYQ_Project\temp\programming\packer-driver\targets\editor\chunks\e2\e2118395860d446afdd7349c12bbbbd5ff0a8915.js is not in module cache!
2026-7-6 11:57:56 - debug: [[Executor]] Register Lightning
2026-7-6 11:57:56 - debug: [[Executor]] Module "pack:///chunks/e2/e2118395860d446afdd7349c12bbbbd5ff0a8915.js" loaded.
2026-7-6 11:57:56 - debug: D:\工程项目\PlayableAD\Cocos\TheW\20260615_HYQ\HYQ_Project\temp\programming\packer-driver\targets\editor\chunks\e9\e96bc804d4af33012a1ad5c19177a551c107f2ae.js resolved to D:\工程项目\PlayableAD\Cocos\TheW\20260615_HYQ\HYQ_Project\temp\programming\packer-driver\targets\editor\chunks\e9\e96bc804d4af33012a1ad5c19177a551c107f2ae.js is not in module cache!
2026-7-6 11:57:56 - debug: [[Executor]] Module "pack:///chunks/e9/e96bc804d4af33012a1ad5c19177a551c107f2ae.js" loaded.
2026-7-6 11:57:56 - debug: D:\工程项目\PlayableAD\Cocos\TheW\20260615_HYQ\HYQ_Project\temp\programming\packer-driver\targets\editor\chunks\14\14cec8e3738599ab9965ee6a2127491eba1361af.js resolved to D:\工程项目\PlayableAD\Cocos\TheW\20260615_HYQ\HYQ_Project\temp\programming\packer-driver\targets\editor\chunks\14\14cec8e3738599ab9965ee6a2127491eba1361af.js is not in module cache!
2026-7-6 11:57:56 - debug: D:\工程项目\PlayableAD\Cocos\TheW\20260615_HYQ\HYQ_Project\temp\programming\packer-driver\targets\editor\chunks\4d\4d6662648c8c361d9de350d72c1ab0a8e7508014.js resolved to D:\工程项目\PlayableAD\Cocos\TheW\20260615_HYQ\HYQ_Project\temp\programming\packer-driver\targets\editor\chunks\4d\4d6662648c8c361d9de350d72c1ab0a8e7508014.js is not in module cache!
2026-7-6 11:57:56 - debug: D:\工程项目\PlayableAD\Cocos\TheW\20260615_HYQ\HYQ_Project\temp\programming\packer-driver\targets\editor\chunks\31\31cebe8e0355019a96c8dc216aed673e195b2a53.js resolved to D:\工程项目\PlayableAD\Cocos\TheW\20260615_HYQ\HYQ_Project\temp\programming\packer-driver\targets\editor\chunks\31\31cebe8e0355019a96c8dc216aed673e195b2a53.js is not in module cache!
2026-7-6 11:57:56 - debug: [[Executor]] Module "pack:///chunks/31/31cebe8e0355019a96c8dc216aed673e195b2a53.js" loaded.
2026-7-6 11:57:56 - debug: [[Executor]] Register LayerManager
2026-7-6 11:57:56 - debug: [[Executor]] Module "pack:///chunks/4d/4d6662648c8c361d9de350d72c1ab0a8e7508014.js" loaded.
2026-7-6 11:57:56 - debug: [[Executor]] Register CameraMove
2026-7-6 11:57:56 - debug: [[Executor]] Module "pack:///chunks/14/14cec8e3738599ab9965ee6a2127491eba1361af.js" loaded.
2026-7-6 11:57:56 - debug: D:\工程项目\PlayableAD\Cocos\TheW\20260615_HYQ\HYQ_Project\temp\programming\packer-driver\targets\editor\chunks\3f\3fc33806253ded99e50ac9220c73832ef2904ca7.js resolved to D:\工程项目\PlayableAD\Cocos\TheW\20260615_HYQ\HYQ_Project\temp\programming\packer-driver\targets\editor\chunks\3f\3fc33806253ded99e50ac9220c73832ef2904ca7.js is not in module cache!
2026-7-6 11:57:56 - debug: D:\工程项目\PlayableAD\Cocos\TheW\20260615_HYQ\HYQ_Project\temp\programming\packer-driver\targets\editor\chunks\56\5601ae9cf318e5c14df7d30ca1cafe71734c982a.js resolved to D:\工程项目\PlayableAD\Cocos\TheW\20260615_HYQ\HYQ_Project\temp\programming\packer-driver\targets\editor\chunks\56\5601ae9cf318e5c14df7d30ca1cafe71734c982a.js is not in module cache!
2026-7-6 11:57:56 - debug: [[Executor]] Module "pack:///chunks/56/5601ae9cf318e5c14df7d30ca1cafe71734c982a.js" loaded.
2026-7-6 11:57:56 - debug: [[Executor]] Module "pack:///chunks/3f/3fc33806253ded99e50ac9220c73832ef2904ca7.js" loaded.
2026-7-6 11:57:56 - debug: D:\工程项目\PlayableAD\Cocos\TheW\20260615_HYQ\HYQ_Project\temp\programming\packer-driver\targets\editor\chunks\90\901a8f42214a0198b9aca11ce347c093cca5e26c.js resolved to D:\工程项目\PlayableAD\Cocos\TheW\20260615_HYQ\HYQ_Project\temp\programming\packer-driver\targets\editor\chunks\90\901a8f42214a0198b9aca11ce347c093cca5e26c.js is not in module cache!
2026-7-6 11:57:56 - debug: D:\工程项目\PlayableAD\Cocos\TheW\20260615_HYQ\HYQ_Project\temp\programming\packer-driver\targets\editor\chunks\84\8436bf0d6f6a392b090fff8471ad48b32970414b.js resolved to D:\工程项目\PlayableAD\Cocos\TheW\20260615_HYQ\HYQ_Project\temp\programming\packer-driver\targets\editor\chunks\84\8436bf0d6f6a392b090fff8471ad48b32970414b.js is not in module cache!
2026-7-6 11:57:56 - debug: D:\工程项目\PlayableAD\Cocos\TheW\20260615_HYQ\HYQ_Project\temp\programming\packer-driver\targets\editor\chunks\8a\8ae7d51cc818f718270f9e2ad9b78b6df4ffa62c.js resolved to D:\工程项目\PlayableAD\Cocos\TheW\20260615_HYQ\HYQ_Project\temp\programming\packer-driver\targets\editor\chunks\8a\8ae7d51cc818f718270f9e2ad9b78b6df4ffa62c.js is not in module cache!
2026-7-6 11:57:56 - debug: D:\工程项目\PlayableAD\Cocos\TheW\20260615_HYQ\HYQ_Project\temp\programming\packer-driver\targets\editor\chunks\8b\8b1077471006cad018e02beccd0bed5dcc54c671.js resolved to D:\工程项目\PlayableAD\Cocos\TheW\20260615_HYQ\HYQ_Project\temp\programming\packer-driver\targets\editor\chunks\8b\8b1077471006cad018e02beccd0bed5dcc54c671.js is not in module cache!
2026-7-6 11:57:56 - debug: D:\工程项目\PlayableAD\Cocos\TheW\20260615_HYQ\HYQ_Project\temp\programming\packer-driver\targets\editor\chunks\a1\a1d124b8795c6e55160d2ce5ecbd41437847152f.js resolved to D:\工程项目\PlayableAD\Cocos\TheW\20260615_HYQ\HYQ_Project\temp\programming\packer-driver\targets\editor\chunks\a1\a1d124b8795c6e55160d2ce5ecbd41437847152f.js is not in module cache!
2026-7-6 11:57:56 - debug: D:\工程项目\PlayableAD\Cocos\TheW\20260615_HYQ\HYQ_Project\temp\programming\packer-driver\targets\editor\chunks\79\798785a3f67288cbb075d5efa15a2c266208a881.js resolved to D:\工程项目\PlayableAD\Cocos\TheW\20260615_HYQ\HYQ_Project\temp\programming\packer-driver\targets\editor\chunks\79\798785a3f67288cbb075d5efa15a2c266208a881.js is not in module cache!
2026-7-6 11:57:56 - debug: D:\工程项目\PlayableAD\Cocos\TheW\20260615_HYQ\HYQ_Project\temp\programming\packer-driver\targets\editor\chunks\f2\f20c45b49501fbe07d44e99d95c2c506a06a0ecd.js resolved to D:\工程项目\PlayableAD\Cocos\TheW\20260615_HYQ\HYQ_Project\temp\programming\packer-driver\targets\editor\chunks\f2\f20c45b49501fbe07d44e99d95c2c506a06a0ecd.js is not in module cache!
2026-7-6 11:57:56 - debug: [[Executor]] Register UnityUpComponent
2026-7-6 11:57:56 - debug: [[Executor]] Module "pack:///chunks/8a/8ae7d51cc818f718270f9e2ad9b78b6df4ffa62c.js" loaded.
2026-7-6 11:57:56 - debug: [[Executor]] Module "pack:///chunks/79/798785a3f67288cbb075d5efa15a2c266208a881.js" loaded.
2026-7-6 11:57:56 - debug: [[Executor]] Module "pack:///chunks/84/8436bf0d6f6a392b090fff8471ad48b32970414b.js" loaded.
2026-7-6 11:57:56 - debug: [[Executor]] Module "pack:///chunks/f2/f20c45b49501fbe07d44e99d95c2c506a06a0ecd.js" loaded.
2026-7-6 11:57:56 - debug: [[Executor]] Module "pack:///chunks/8b/8b1077471006cad018e02beccd0bed5dcc54c671.js" loaded.
2026-7-6 11:57:56 - debug: [[Executor]] Register RotationDrive
2026-7-6 11:57:56 - debug: [[Executor]] Module "pack:///chunks/a1/a1d124b8795c6e55160d2ce5ecbd41437847152f.js" loaded.
2026-7-6 11:57:56 - debug: [[Executor]] Register MoveDrive
2026-7-6 11:57:56 - debug: [[Executor]] Module "pack:///chunks/90/901a8f42214a0198b9aca11ce347c093cca5e26c.js" loaded.
2026-7-6 11:57:56 - debug: D:\工程项目\PlayableAD\Cocos\TheW\20260615_HYQ\HYQ_Project\temp\programming\packer-driver\targets\editor\chunks\eb\eb316915c4446a477164305c14374917acb92a23.js resolved to D:\工程项目\PlayableAD\Cocos\TheW\20260615_HYQ\HYQ_Project\temp\programming\packer-driver\targets\editor\chunks\eb\eb316915c4446a477164305c14374917acb92a23.js is not in module cache!
2026-7-6 11:57:56 - debug: [[Executor]] Register RotationVector
2026-7-6 11:57:56 - debug: [[Executor]] Module "pack:///chunks/eb/eb316915c4446a477164305c14374917acb92a23.js" loaded.
2026-7-6 11:57:56 - debug: D:\工程项目\PlayableAD\Cocos\TheW\20260615_HYQ\HYQ_Project\temp\programming\packer-driver\targets\editor\chunks\e9\e950dd2519065be1280daf69ce7f6b07e4d0caaa.js resolved to D:\工程项目\PlayableAD\Cocos\TheW\20260615_HYQ\HYQ_Project\temp\programming\packer-driver\targets\editor\chunks\e9\e950dd2519065be1280daf69ce7f6b07e4d0caaa.js is not in module cache!
2026-7-6 11:57:56 - debug: [[Executor]] Register PrefabsRes
2026-7-6 11:57:56 - debug: [[Executor]] Register PrefabsManager
2026-7-6 11:57:56 - debug: [[Executor]] Module "pack:///chunks/e9/e950dd2519065be1280daf69ce7f6b07e4d0caaa.js" loaded.
2026-7-6 11:57:56 - debug: D:\工程项目\PlayableAD\Cocos\TheW\20260615_HYQ\HYQ_Project\temp\programming\packer-driver\targets\editor\chunks\f0\f04c2dd9d3cc608a6f46e13bb5d3c46aa5633baf.js resolved to D:\工程项目\PlayableAD\Cocos\TheW\20260615_HYQ\HYQ_Project\temp\programming\packer-driver\targets\editor\chunks\f0\f04c2dd9d3cc608a6f46e13bb5d3c46aa5633baf.js is not in module cache!
2026-7-6 11:57:56 - debug: D:\工程项目\PlayableAD\Cocos\TheW\20260615_HYQ\HYQ_Project\temp\programming\packer-driver\targets\editor\chunks\ed\edbdde40fab9baf06e704beb85e64d72f20aefb8.js resolved to D:\工程项目\PlayableAD\Cocos\TheW\20260615_HYQ\HYQ_Project\temp\programming\packer-driver\targets\editor\chunks\ed\edbdde40fab9baf06e704beb85e64d72f20aefb8.js is not in module cache!
2026-7-6 11:57:56 - debug: [[Executor]] Register L18nManager
2026-7-6 11:57:56 - debug: [[Executor]] Module "pack:///chunks/ed/edbdde40fab9baf06e704beb85e64d72f20aefb8.js" loaded.
2026-7-6 11:57:56 - debug: [[Executor]] Register DownLoadL8
2026-7-6 11:57:56 - debug: [[Executor]] Module "pack:///chunks/f0/f04c2dd9d3cc608a6f46e13bb5d3c46aa5633baf.js" loaded.
2026-7-6 11:57:56 - debug: D:\工程项目\PlayableAD\Cocos\TheW\20260615_HYQ\HYQ_Project\temp\programming\packer-driver\targets\editor\chunks\f8\f8baeccf8cf047db05161c9b9e8b6b4ff9eefe2f.js resolved to D:\工程项目\PlayableAD\Cocos\TheW\20260615_HYQ\HYQ_Project\temp\programming\packer-driver\targets\editor\chunks\f8\f8baeccf8cf047db05161c9b9e8b6b4ff9eefe2f.js is not in module cache!
2026-7-6 11:57:56 - debug: [[Executor]] Register DownLoadL8
2026-7-6 11:57:56 - debug: [[Executor]] Module "pack:///chunks/f8/f8baeccf8cf047db05161c9b9e8b6b4ff9eefe2f.js" loaded.
2026-7-6 11:57:56 - debug: D:\工程项目\PlayableAD\Cocos\TheW\20260615_HYQ\HYQ_Project\temp\programming\packer-driver\targets\editor\chunks\63\633ac4308370832c1c78b9f28702617696f6e9fb.js resolved to D:\工程项目\PlayableAD\Cocos\TheW\20260615_HYQ\HYQ_Project\temp\programming\packer-driver\targets\editor\chunks\63\633ac4308370832c1c78b9f28702617696f6e9fb.js is not in module cache!
2026-7-6 11:57:56 - debug: [[Executor]] Register LangArrAuto
2026-7-6 11:57:56 - debug: [[Executor]] Module "pack:///chunks/63/633ac4308370832c1c78b9f28702617696f6e9fb.js" loaded.
2026-7-6 11:57:56 - debug: D:\工程项目\PlayableAD\Cocos\TheW\20260615_HYQ\HYQ_Project\temp\programming\packer-driver\targets\editor\chunks\f5\f570589f727cbf96139a6869e201d7a87544da71.js resolved to D:\工程项目\PlayableAD\Cocos\TheW\20260615_HYQ\HYQ_Project\temp\programming\packer-driver\targets\editor\chunks\f5\f570589f727cbf96139a6869e201d7a87544da71.js is not in module cache!
2026-7-6 11:57:56 - debug: [[Executor]] Register LangAuto
2026-7-6 11:57:56 - debug: [[Executor]] Module "pack:///chunks/f5/f570589f727cbf96139a6869e201d7a87544da71.js" loaded.
2026-7-6 11:57:56 - debug: D:\工程项目\PlayableAD\Cocos\TheW\20260615_HYQ\HYQ_Project\temp\programming\packer-driver\targets\editor\chunks\40\407fe08f85a1575a06beb3692d40cf36d9684f58.js resolved to D:\工程项目\PlayableAD\Cocos\TheW\20260615_HYQ\HYQ_Project\temp\programming\packer-driver\targets\editor\chunks\40\407fe08f85a1575a06beb3692d40cf36d9684f58.js is not in module cache!
2026-7-6 11:57:56 - debug: [[Executor]] Register ResurrectionL8
2026-7-6 11:57:56 - debug: [[Executor]] Module "pack:///chunks/40/407fe08f85a1575a06beb3692d40cf36d9684f58.js" loaded.
2026-7-6 11:57:56 - debug: D:\工程项目\PlayableAD\Cocos\TheW\20260615_HYQ\HYQ_Project\temp\programming\packer-driver\targets\editor\chunks\0f\0fd75e1d9556ba520ee98c89195f9d0594110ad2.js resolved to D:\工程项目\PlayableAD\Cocos\TheW\20260615_HYQ\HYQ_Project\temp\programming\packer-driver\targets\editor\chunks\0f\0fd75e1d9556ba520ee98c89195f9d0594110ad2.js is not in module cache!
2026-7-6 11:57:56 - debug: [[Executor]] Module "pack:///chunks/0f/0fd75e1d9556ba520ee98c89195f9d0594110ad2.js" loaded.
2026-7-6 11:57:56 - debug: D:\工程项目\PlayableAD\Cocos\TheW\20260615_HYQ\HYQ_Project\temp\programming\packer-driver\targets\editor\chunks\84\84bbaa7f2e1a0639f57f755b935e1acb7d73f78e.js resolved to D:\工程项目\PlayableAD\Cocos\TheW\20260615_HYQ\HYQ_Project\temp\programming\packer-driver\targets\editor\chunks\84\84bbaa7f2e1a0639f57f755b935e1acb7d73f78e.js is not in module cache!
2026-7-6 11:57:56 - debug: D:\工程项目\PlayableAD\Cocos\TheW\20260615_HYQ\HYQ_Project\temp\programming\packer-driver\targets\editor\chunks\5f\5fdfd08a9c16dc742e66ef16a5a8e13f5f831a3e.js resolved to D:\工程项目\PlayableAD\Cocos\TheW\20260615_HYQ\HYQ_Project\temp\programming\packer-driver\targets\editor\chunks\5f\5fdfd08a9c16dc742e66ef16a5a8e13f5f831a3e.js is not in module cache!
2026-7-6 11:57:56 - debug: D:\工程项目\PlayableAD\Cocos\TheW\20260615_HYQ\HYQ_Project\temp\programming\packer-driver\targets\editor\chunks\4c\4c2851018e56f823e74c2b3e2117156bcb9e76d0.js resolved to D:\工程项目\PlayableAD\Cocos\TheW\20260615_HYQ\HYQ_Project\temp\programming\packer-driver\targets\editor\chunks\4c\4c2851018e56f823e74c2b3e2117156bcb9e76d0.js is not in module cache!
2026-7-6 11:57:56 - debug: D:\工程项目\PlayableAD\Cocos\TheW\20260615_HYQ\HYQ_Project\temp\programming\packer-driver\targets\editor\chunks\2e\2edb51f2f57b638345a2b9d561f476b67029b574.js resolved to D:\工程项目\PlayableAD\Cocos\TheW\20260615_HYQ\HYQ_Project\temp\programming\packer-driver\targets\editor\chunks\2e\2edb51f2f57b638345a2b9d561f476b67029b574.js is not in module cache!
2026-7-6 11:57:56 - debug: D:\工程项目\PlayableAD\Cocos\TheW\20260615_HYQ\HYQ_Project\temp\programming\packer-driver\targets\editor\chunks\ec\ecb76259f390974cf14cad52564b11281c42a7e6.js resolved to D:\工程项目\PlayableAD\Cocos\TheW\20260615_HYQ\HYQ_Project\temp\programming\packer-driver\targets\editor\chunks\ec\ecb76259f390974cf14cad52564b11281c42a7e6.js is not in module cache!
2026-7-6 11:57:56 - debug: D:\工程项目\PlayableAD\Cocos\TheW\20260615_HYQ\HYQ_Project\temp\programming\packer-driver\targets\editor\chunks\38\38483f6f68b174c6aad120536d38c3642cb0e458.js resolved to D:\工程项目\PlayableAD\Cocos\TheW\20260615_HYQ\HYQ_Project\temp\programming\packer-driver\targets\editor\chunks\38\38483f6f68b174c6aad120536d38c3642cb0e458.js is not in module cache!
2026-7-6 11:57:56 - debug: D:\工程项目\PlayableAD\Cocos\TheW\20260615_HYQ\HYQ_Project\temp\programming\packer-driver\targets\editor\chunks\e5\e5fea8c54230bb378b45e63a8ea8186bdeccbbe2.js resolved to D:\工程项目\PlayableAD\Cocos\TheW\20260615_HYQ\HYQ_Project\temp\programming\packer-driver\targets\editor\chunks\e5\e5fea8c54230bb378b45e63a8ea8186bdeccbbe2.js is not in module cache!
2026-7-6 11:57:56 - debug: D:\工程项目\PlayableAD\Cocos\TheW\20260615_HYQ\HYQ_Project\temp\programming\packer-driver\targets\editor\chunks\b6\b6919de7425c243c4e1697f376cb4f6f6b2769a4.js resolved to D:\工程项目\PlayableAD\Cocos\TheW\20260615_HYQ\HYQ_Project\temp\programming\packer-driver\targets\editor\chunks\b6\b6919de7425c243c4e1697f376cb4f6f6b2769a4.js is not in module cache!
2026-7-6 11:57:56 - debug: D:\工程项目\PlayableAD\Cocos\TheW\20260615_HYQ\HYQ_Project\temp\programming\packer-driver\targets\editor\chunks\41\4103e3b8e8be7d1b0e7a8a67f28a2c29fe9aa2dc.js resolved to D:\工程项目\PlayableAD\Cocos\TheW\20260615_HYQ\HYQ_Project\temp\programming\packer-driver\targets\editor\chunks\41\4103e3b8e8be7d1b0e7a8a67f28a2c29fe9aa2dc.js is not in module cache!
2026-7-6 11:57:56 - debug: D:\工程项目\PlayableAD\Cocos\TheW\20260615_HYQ\HYQ_Project\temp\programming\packer-driver\targets\editor\chunks\d5\d58c1ab1b696259af8c3b1384857266dba055462.js resolved to D:\工程项目\PlayableAD\Cocos\TheW\20260615_HYQ\HYQ_Project\temp\programming\packer-driver\targets\editor\chunks\d5\d58c1ab1b696259af8c3b1384857266dba055462.js is not in module cache!
2026-7-6 11:57:56 - debug: D:\工程项目\PlayableAD\Cocos\TheW\20260615_HYQ\HYQ_Project\temp\programming\packer-driver\targets\editor\chunks\f6\f6cf9b6088316a765dbcd0b22eb496d3f4be80dc.js resolved to D:\工程项目\PlayableAD\Cocos\TheW\20260615_HYQ\HYQ_Project\temp\programming\packer-driver\targets\editor\chunks\f6\f6cf9b6088316a765dbcd0b22eb496d3f4be80dc.js is not in module cache!
2026-7-6 11:57:56 - debug: [[Executor]] Register Prop
2026-7-6 11:57:56 - debug: [[Executor]] Module "pack:///chunks/4c/4c2851018e56f823e74c2b3e2117156bcb9e76d0.js" loaded.
2026-7-6 11:57:56 - debug: [[Executor]] Module "pack:///chunks/f6/f6cf9b6088316a765dbcd0b22eb496d3f4be80dc.js" loaded.
2026-7-6 11:57:56 - debug: [[Executor]] Module "pack:///chunks/ec/ecb76259f390974cf14cad52564b11281c42a7e6.js" loaded.
2026-7-6 11:57:56 - debug: [[Executor]] Module "pack:///chunks/38/38483f6f68b174c6aad120536d38c3642cb0e458.js" loaded.
2026-7-6 11:57:56 - debug: [[Executor]] Register JumpDriveEngine
2026-7-6 11:57:56 - debug: [[Executor]] Module "pack:///chunks/e5/e5fea8c54230bb378b45e63a8ea8186bdeccbbe2.js" loaded.
2026-7-6 11:57:56 - debug: [[Executor]] Module "pack:///chunks/d5/d58c1ab1b696259af8c3b1384857266dba055462.js" loaded.
2026-7-6 11:57:56 - debug: [[Executor]] Module "pack:///chunks/b6/b6919de7425c243c4e1697f376cb4f6f6b2769a4.js" loaded.
2026-7-6 11:57:56 - debug: [[Executor]] Module "pack:///chunks/41/4103e3b8e8be7d1b0e7a8a67f28a2c29fe9aa2dc.js" loaded.
2026-7-6 11:57:56 - debug: [[Executor]] Module "pack:///chunks/2e/2edb51f2f57b638345a2b9d561f476b67029b574.js" loaded.
2026-7-6 11:57:56 - debug: [[Executor]] Module "pack:///chunks/5f/5fdfd08a9c16dc742e66ef16a5a8e13f5f831a3e.js" loaded.
2026-7-6 11:57:56 - debug: [[Executor]] Register BagBase
2026-7-6 11:57:56 - debug: [[Executor]] Module "pack:///chunks/84/84bbaa7f2e1a0639f57f755b935e1acb7d73f78e.js" loaded.
2026-7-6 11:57:56 - debug: D:\工程项目\PlayableAD\Cocos\TheW\20260615_HYQ\HYQ_Project\temp\programming\packer-driver\targets\editor\chunks\80\80f420cd19a5967732f7f177a68c3670990311d3.js resolved to D:\工程项目\PlayableAD\Cocos\TheW\20260615_HYQ\HYQ_Project\temp\programming\packer-driver\targets\editor\chunks\80\80f420cd19a5967732f7f177a68c3670990311d3.js is not in module cache!
2026-7-6 11:57:56 - debug: [[Executor]] Register FlayPropManager
2026-7-6 11:57:56 - debug: [[Executor]] Module "pack:///chunks/80/80f420cd19a5967732f7f177a68c3670990311d3.js" loaded.
2026-7-6 11:57:56 - debug: D:\工程项目\PlayableAD\Cocos\TheW\20260615_HYQ\HYQ_Project\temp\programming\packer-driver\targets\editor\chunks\b5\b5c69e24499acddd297e4328687b0ea934b109d5.js resolved to D:\工程项目\PlayableAD\Cocos\TheW\20260615_HYQ\HYQ_Project\temp\programming\packer-driver\targets\editor\chunks\b5\b5c69e24499acddd297e4328687b0ea934b109d5.js is not in module cache!
2026-7-6 11:57:56 - debug: [[Executor]] Register GroupBag3D
2026-7-6 11:57:56 - debug: [[Executor]] Module "pack:///chunks/b5/b5c69e24499acddd297e4328687b0ea934b109d5.js" loaded.
2026-7-6 11:57:56 - debug: D:\工程项目\PlayableAD\Cocos\TheW\20260615_HYQ\HYQ_Project\temp\programming\packer-driver\targets\editor\chunks\7e\7e52be47c960966fc7d962b7957dbbce1047514e.js resolved to D:\工程项目\PlayableAD\Cocos\TheW\20260615_HYQ\HYQ_Project\temp\programming\packer-driver\targets\editor\chunks\7e\7e52be47c960966fc7d962b7957dbbce1047514e.js is not in module cache!
2026-7-6 11:57:56 - debug: [[Executor]] Register GroupPropTransform
2026-7-6 11:57:56 - debug: [[Executor]] Module "pack:///chunks/7e/7e52be47c960966fc7d962b7957dbbce1047514e.js" loaded.
2026-7-6 11:57:56 - debug: D:\工程项目\PlayableAD\Cocos\TheW\20260615_HYQ\HYQ_Project\temp\programming\packer-driver\targets\editor\chunks\f4\f4bb2b73aacdc0370fc65face1ef60d9e8732bfd.js resolved to D:\工程项目\PlayableAD\Cocos\TheW\20260615_HYQ\HYQ_Project\temp\programming\packer-driver\targets\editor\chunks\f4\f4bb2b73aacdc0370fc65face1ef60d9e8732bfd.js is not in module cache!
2026-7-6 11:57:56 - debug: [[Executor]] Module "pack:///chunks/f4/f4bb2b73aacdc0370fc65face1ef60d9e8732bfd.js" loaded.
2026-7-6 11:57:56 - debug: D:\工程项目\PlayableAD\Cocos\TheW\20260615_HYQ\HYQ_Project\temp\programming\packer-driver\targets\editor\chunks\0e\0ea1c77c59b038eb4661ef171f440cbc7cc134ca.js resolved to D:\工程项目\PlayableAD\Cocos\TheW\20260615_HYQ\HYQ_Project\temp\programming\packer-driver\targets\editor\chunks\0e\0ea1c77c59b038eb4661ef171f440cbc7cc134ca.js is not in module cache!
2026-7-6 11:57:56 - debug: [[Executor]] Register LabBagUp
2026-7-6 11:57:56 - debug: [[Executor]] Module "pack:///chunks/0e/0ea1c77c59b038eb4661ef171f440cbc7cc134ca.js" loaded.
2026-7-6 11:57:56 - debug: D:\工程项目\PlayableAD\Cocos\TheW\20260615_HYQ\HYQ_Project\temp\programming\packer-driver\targets\editor\chunks\29\296009d632e65e6f653d790324d741c2d9759f34.js resolved to D:\工程项目\PlayableAD\Cocos\TheW\20260615_HYQ\HYQ_Project\temp\programming\packer-driver\targets\editor\chunks\29\296009d632e65e6f653d790324d741c2d9759f34.js is not in module cache!
2026-7-6 11:57:56 - debug: D:\工程项目\PlayableAD\Cocos\TheW\20260615_HYQ\HYQ_Project\temp\programming\packer-driver\targets\editor\chunks\3f\3ff8f1a74d7fbbd22ced04971b6ab15e04fd86a6.js resolved to D:\工程项目\PlayableAD\Cocos\TheW\20260615_HYQ\HYQ_Project\temp\programming\packer-driver\targets\editor\chunks\3f\3ff8f1a74d7fbbd22ced04971b6ab15e04fd86a6.js is not in module cache!
2026-7-6 11:57:56 - debug: D:\工程项目\PlayableAD\Cocos\TheW\20260615_HYQ\HYQ_Project\temp\programming\packer-driver\targets\editor\chunks\80\803faff6203a98317cc86f08677de73b7112b743.js resolved to D:\工程项目\PlayableAD\Cocos\TheW\20260615_HYQ\HYQ_Project\temp\programming\packer-driver\targets\editor\chunks\80\803faff6203a98317cc86f08677de73b7112b743.js is not in module cache!
2026-7-6 11:57:56 - debug: D:\工程项目\PlayableAD\Cocos\TheW\20260615_HYQ\HYQ_Project\temp\programming\packer-driver\targets\editor\chunks\b1\b12e427b1fcb487f729ef654542d8e9775a297cb.js resolved to D:\工程项目\PlayableAD\Cocos\TheW\20260615_HYQ\HYQ_Project\temp\programming\packer-driver\targets\editor\chunks\b1\b12e427b1fcb487f729ef654542d8e9775a297cb.js is not in module cache!
2026-7-6 11:57:56 - debug: [[Executor]] Register CollectGetTarget
2026-7-6 11:57:56 - debug: [[Executor]] Module "pack:///chunks/80/803faff6203a98317cc86f08677de73b7112b743.js" loaded.
2026-7-6 11:57:56 - debug: [[Executor]] Module "pack:///chunks/b1/b12e427b1fcb487f729ef654542d8e9775a297cb.js" loaded.
2026-7-6 11:57:56 - debug: [[Executor]] Register AttackTargetBase
2026-7-6 11:57:56 - debug: [[Executor]] Module "pack:///chunks/3f/3ff8f1a74d7fbbd22ced04971b6ab15e04fd86a6.js" loaded.
2026-7-6 11:57:56 - debug: [[Executor]] Register AreaAttack
2026-7-6 11:57:56 - debug: [[Executor]] Module "pack:///chunks/29/296009d632e65e6f653d790324d741c2d9759f34.js" loaded.
2026-7-6 11:57:56 - debug: D:\工程项目\PlayableAD\Cocos\TheW\20260615_HYQ\HYQ_Project\temp\programming\packer-driver\targets\editor\chunks\d5\d5f6e07e1b02d743fed3d9c2c8e155b0c3309d52.js resolved to D:\工程项目\PlayableAD\Cocos\TheW\20260615_HYQ\HYQ_Project\temp\programming\packer-driver\targets\editor\chunks\d5\d5f6e07e1b02d743fed3d9c2c8e155b0c3309d52.js is not in module cache!
2026-7-6 11:57:56 - debug: [[Executor]] Register MeleeAttack
2026-7-6 11:57:56 - debug: [[Executor]] Module "pack:///chunks/d5/d5f6e07e1b02d743fed3d9c2c8e155b0c3309d52.js" loaded.
2026-7-6 11:57:56 - debug: D:\工程项目\PlayableAD\Cocos\TheW\20260615_HYQ\HYQ_Project\temp\programming\packer-driver\targets\editor\chunks\02\021cbce763294c7c4adf05845718c817a68ff9f3.js resolved to D:\工程项目\PlayableAD\Cocos\TheW\20260615_HYQ\HYQ_Project\temp\programming\packer-driver\targets\editor\chunks\02\021cbce763294c7c4adf05845718c817a68ff9f3.js is not in module cache!
2026-7-6 11:57:56 - debug: D:\工程项目\PlayableAD\Cocos\TheW\20260615_HYQ\HYQ_Project\temp\programming\packer-driver\targets\editor\chunks\23\2370bd6a63dbba247d7fcab21c5244288f150386.js resolved to D:\工程项目\PlayableAD\Cocos\TheW\20260615_HYQ\HYQ_Project\temp\programming\packer-driver\targets\editor\chunks\23\2370bd6a63dbba247d7fcab21c5244288f150386.js is not in module cache!
2026-7-6 11:57:56 - debug: D:\工程项目\PlayableAD\Cocos\TheW\20260615_HYQ\HYQ_Project\temp\programming\packer-driver\targets\editor\chunks\9e\9ec8816866d723aea0e61547ea23bf04cc3c7c78.js resolved to D:\工程项目\PlayableAD\Cocos\TheW\20260615_HYQ\HYQ_Project\temp\programming\packer-driver\targets\editor\chunks\9e\9ec8816866d723aea0e61547ea23bf04cc3c7c78.js is not in module cache!
2026-7-6 11:57:56 - debug: [[Executor]] Register HpComponent
2026-7-6 11:57:56 - debug: [[Executor]] Module "pack:///chunks/23/2370bd6a63dbba247d7fcab21c5244288f150386.js" loaded.
2026-7-6 11:57:56 - debug: [[Executor]] Module "pack:///chunks/9e/9ec8816866d723aea0e61547ea23bf04cc3c7c78.js" loaded.
2026-7-6 11:57:56 - debug: [[Executor]] Register MeshFlashPropData
2026-7-6 11:57:56 - debug: [[Executor]] Register MeshFlashSwitchData
2026-7-6 11:57:56 - debug: [[Executor]] Register MeshFlashData
2026-7-6 11:57:56 - debug: [[Executor]] Register BattleTargetBase
2026-7-6 11:57:56 - debug: [[Executor]] Module "pack:///chunks/02/021cbce763294c7c4adf05845718c817a68ff9f3.js" loaded.
2026-7-6 11:57:56 - debug: D:\工程项目\PlayableAD\Cocos\TheW\20260615_HYQ\HYQ_Project\temp\programming\packer-driver\targets\editor\chunks\9b\9be30ad1a917cc0914201f1db5bdf1c5cb4d6e49.js resolved to D:\工程项目\PlayableAD\Cocos\TheW\20260615_HYQ\HYQ_Project\temp\programming\packer-driver\targets\editor\chunks\9b\9be30ad1a917cc0914201f1db5bdf1c5cb4d6e49.js is not in module cache!
2026-7-6 11:57:56 - debug: D:\工程项目\PlayableAD\Cocos\TheW\20260615_HYQ\HYQ_Project\temp\programming\packer-driver\targets\editor\chunks\43\4314f54defc530df4c3d4a14e3561038b8628ff3.js resolved to D:\工程项目\PlayableAD\Cocos\TheW\20260615_HYQ\HYQ_Project\temp\programming\packer-driver\targets\editor\chunks\43\4314f54defc530df4c3d4a14e3561038b8628ff3.js is not in module cache!
2026-7-6 11:57:56 - debug: D:\工程项目\PlayableAD\Cocos\TheW\20260615_HYQ\HYQ_Project\temp\programming\packer-driver\targets\editor\chunks\6c\6c35293030e947e52f03ea585990d17f31ea7df0.js resolved to D:\工程项目\PlayableAD\Cocos\TheW\20260615_HYQ\HYQ_Project\temp\programming\packer-driver\targets\editor\chunks\6c\6c35293030e947e52f03ea585990d17f31ea7df0.js is not in module cache!
2026-7-6 11:57:56 - debug: D:\工程项目\PlayableAD\Cocos\TheW\20260615_HYQ\HYQ_Project\temp\programming\packer-driver\targets\editor\chunks\a7\a78b9d0a8af4315011c59f40b6c49da033e49269.js resolved to D:\工程项目\PlayableAD\Cocos\TheW\20260615_HYQ\HYQ_Project\temp\programming\packer-driver\targets\editor\chunks\a7\a78b9d0a8af4315011c59f40b6c49da033e49269.js is not in module cache!
2026-7-6 11:57:56 - debug: D:\工程项目\PlayableAD\Cocos\TheW\20260615_HYQ\HYQ_Project\temp\programming\packer-driver\targets\editor\chunks\9a\9a8786a747b555136cef77c9f5e7ad17e18a31eb.js resolved to D:\工程项目\PlayableAD\Cocos\TheW\20260615_HYQ\HYQ_Project\temp\programming\packer-driver\targets\editor\chunks\9a\9a8786a747b555136cef77c9f5e7ad17e18a31eb.js is not in module cache!
2026-7-6 11:57:56 - debug: D:\工程项目\PlayableAD\Cocos\TheW\20260615_HYQ\HYQ_Project\temp\programming\packer-driver\targets\editor\chunks\bb\bb66609565f0d30fbedfe7ab7019decca8a2726b.js resolved to D:\工程项目\PlayableAD\Cocos\TheW\20260615_HYQ\HYQ_Project\temp\programming\packer-driver\targets\editor\chunks\bb\bb66609565f0d30fbedfe7ab7019decca8a2726b.js is not in module cache!
2026-7-6 11:57:56 - debug: D:\工程项目\PlayableAD\Cocos\TheW\20260615_HYQ\HYQ_Project\temp\programming\packer-driver\targets\editor\chunks\b0\b0316da27abe29af9f8a517d28257bc913762f57.js resolved to D:\工程项目\PlayableAD\Cocos\TheW\20260615_HYQ\HYQ_Project\temp\programming\packer-driver\targets\editor\chunks\b0\b0316da27abe29af9f8a517d28257bc913762f57.js is not in module cache!
2026-7-6 11:57:56 - debug: D:\工程项目\PlayableAD\Cocos\TheW\20260615_HYQ\HYQ_Project\temp\programming\packer-driver\targets\editor\chunks\e1\e13771ea8032dbc1728530af431c57de3b1e5e24.js resolved to D:\工程项目\PlayableAD\Cocos\TheW\20260615_HYQ\HYQ_Project\temp\programming\packer-driver\targets\editor\chunks\e1\e13771ea8032dbc1728530af431c57de3b1e5e24.js is not in module cache!
2026-7-6 11:57:56 - debug: D:\工程项目\PlayableAD\Cocos\TheW\20260615_HYQ\HYQ_Project\temp\programming\packer-driver\targets\editor\chunks\4a\4a75ba705e89112b3bcc356e77985c7a095b80f4.js resolved to D:\工程项目\PlayableAD\Cocos\TheW\20260615_HYQ\HYQ_Project\temp\programming\packer-driver\targets\editor\chunks\4a\4a75ba705e89112b3bcc356e77985c7a095b80f4.js is not in module cache!
2026-7-6 11:57:56 - debug: D:\工程项目\PlayableAD\Cocos\TheW\20260615_HYQ\HYQ_Project\temp\programming\packer-driver\targets\editor\chunks\ce\ced31965a759b2c1d777a8f0d98f8cd326020d87.js resolved to D:\工程项目\PlayableAD\Cocos\TheW\20260615_HYQ\HYQ_Project\temp\programming\packer-driver\targets\editor\chunks\ce\ced31965a759b2c1d777a8f0d98f8cd326020d87.js is not in module cache!
2026-7-6 11:57:56 - debug: D:\工程项目\PlayableAD\Cocos\TheW\20260615_HYQ\HYQ_Project\temp\programming\packer-driver\targets\editor\chunks\dc\dcc18999575bc7125a793680f1b595554e7f2cde.js resolved to D:\工程项目\PlayableAD\Cocos\TheW\20260615_HYQ\HYQ_Project\temp\programming\packer-driver\targets\editor\chunks\dc\dcc18999575bc7125a793680f1b595554e7f2cde.js is not in module cache!
2026-7-6 11:57:56 - debug: [[Executor]] Register EffectRemoveBase
2026-7-6 11:57:56 - debug: [[Executor]] Module "pack:///chunks/dc/dcc18999575bc7125a793680f1b595554e7f2cde.js" loaded.
2026-7-6 11:57:56 - debug: [[Executor]] Register EffectTimePartRemove
2026-7-6 11:57:56 - debug: [[Executor]] Module "pack:///chunks/ce/ced31965a759b2c1d777a8f0d98f8cd326020d87.js" loaded.
2026-7-6 11:57:56 - debug: [[Executor]] Register EffectManager
2026-7-6 11:57:56 - debug: [[Executor]] Module "pack:///chunks/b0/b0316da27abe29af9f8a517d28257bc913762f57.js" loaded.
2026-7-6 11:57:56 - debug: [[Executor]] Register ColliderTag
2026-7-6 11:57:56 - debug: [[Executor]] Module "pack:///chunks/4a/4a75ba705e89112b3bcc356e77985c7a095b80f4.js" loaded.
2026-7-6 11:57:56 - debug: [[Executor]] Register BulletMonsterCollisionManager
2026-7-6 11:57:56 - debug: [[Executor]] Module "pack:///chunks/e1/e13771ea8032dbc1728530af431c57de3b1e5e24.js" loaded.
2026-7-6 11:57:56 - debug: [[Executor]] Register BulletBattle3D
2026-7-6 11:57:56 - debug: [[Executor]] Module "pack:///chunks/a7/a78b9d0a8af4315011c59f40b6c49da033e49269.js" loaded.
2026-7-6 11:57:56 - debug: [[Executor]] Register BattleTarget3D
2026-7-6 11:57:56 - debug: [[Executor]] Module "pack:///chunks/9a/9a8786a747b555136cef77c9f5e7ad17e18a31eb.js" loaded.
2026-7-6 11:57:56 - debug: [[Executor]] Register BulletCollideBase2D
2026-7-6 11:57:56 - debug: [[Executor]] Module "pack:///chunks/bb/bb66609565f0d30fbedfe7ab7019decca8a2726b.js" loaded.
2026-7-6 11:57:56 - debug: [[Executor]] Register BulletBattle2D
2026-7-6 11:57:56 - debug: [[Executor]] Module "pack:///chunks/6c/6c35293030e947e52f03ea585990d17f31ea7df0.js" loaded.
2026-7-6 11:57:56 - debug: [[Executor]] Module "pack:///chunks/43/4314f54defc530df4c3d4a14e3561038b8628ff3.js" loaded.
2026-7-6 11:57:56 - debug: [[Executor]] Register RangedAttack
2026-7-6 11:57:56 - debug: [[Executor]] Module "pack:///chunks/9b/9be30ad1a917cc0914201f1db5bdf1c5cb4d6e49.js" loaded.
2026-7-6 11:57:56 - debug: D:\工程项目\PlayableAD\Cocos\TheW\20260615_HYQ\HYQ_Project\temp\programming\packer-driver\targets\editor\chunks\05\0510980ff6e9ad26ec622e2230780bc7f1d96f08.js resolved to D:\工程项目\PlayableAD\Cocos\TheW\20260615_HYQ\HYQ_Project\temp\programming\packer-driver\targets\editor\chunks\05\0510980ff6e9ad26ec622e2230780bc7f1d96f08.js is not in module cache!
2026-7-6 11:57:56 - debug: D:\工程项目\PlayableAD\Cocos\TheW\20260615_HYQ\HYQ_Project\temp\programming\packer-driver\targets\editor\chunks\8a\8a4b23fc8904a55daa926fa9bf2d450c2c59d378.js resolved to D:\工程项目\PlayableAD\Cocos\TheW\20260615_HYQ\HYQ_Project\temp\programming\packer-driver\targets\editor\chunks\8a\8a4b23fc8904a55daa926fa9bf2d450c2c59d378.js is not in module cache!
2026-7-6 11:57:56 - debug: D:\工程项目\PlayableAD\Cocos\TheW\20260615_HYQ\HYQ_Project\temp\programming\packer-driver\targets\editor\chunks\5b\5b626ae965dfc8bbf67ffe6dd329ea95c382afe6.js resolved to D:\工程项目\PlayableAD\Cocos\TheW\20260615_HYQ\HYQ_Project\temp\programming\packer-driver\targets\editor\chunks\5b\5b626ae965dfc8bbf67ffe6dd329ea95c382afe6.js is not in module cache!
2026-7-6 11:57:56 - debug: [[Executor]] Register TriggerBase2D
2026-7-6 11:57:56 - debug: [[Executor]] Module "pack:///chunks/8a/8a4b23fc8904a55daa926fa9bf2d450c2c59d378.js" loaded.
2026-7-6 11:57:56 - debug: [[Executor]] Register BattleTarget2D
2026-7-6 11:57:56 - debug: [[Executor]] Module "pack:///chunks/5b/5b626ae965dfc8bbf67ffe6dd329ea95c382afe6.js" loaded.
2026-7-6 11:57:56 - debug: [[Executor]] Register CollectBattleTarger2D
2026-7-6 11:57:56 - debug: [[Executor]] Module "pack:///chunks/05/0510980ff6e9ad26ec622e2230780bc7f1d96f08.js" loaded.
2026-7-6 11:57:56 - debug: D:\工程项目\PlayableAD\Cocos\TheW\20260615_HYQ\HYQ_Project\temp\programming\packer-driver\targets\editor\chunks\6e\6e4d3e245933373fd13279940a5d6dee30418f49.js resolved to D:\工程项目\PlayableAD\Cocos\TheW\20260615_HYQ\HYQ_Project\temp\programming\packer-driver\targets\editor\chunks\6e\6e4d3e245933373fd13279940a5d6dee30418f49.js is not in module cache!
2026-7-6 11:57:56 - debug: D:\工程项目\PlayableAD\Cocos\TheW\20260615_HYQ\HYQ_Project\temp\programming\packer-driver\targets\editor\chunks\f0\f05038aedf4d7805ad91dbf59f1c87fe35c23bb5.js resolved to D:\工程项目\PlayableAD\Cocos\TheW\20260615_HYQ\HYQ_Project\temp\programming\packer-driver\targets\editor\chunks\f0\f05038aedf4d7805ad91dbf59f1c87fe35c23bb5.js is not in module cache!
2026-7-6 11:57:56 - debug: D:\工程项目\PlayableAD\Cocos\TheW\20260615_HYQ\HYQ_Project\temp\programming\packer-driver\targets\editor\chunks\05\05825d2a71d7765a90fbbdda8907aab57810f0a0.js resolved to D:\工程项目\PlayableAD\Cocos\TheW\20260615_HYQ\HYQ_Project\temp\programming\packer-driver\targets\editor\chunks\05\05825d2a71d7765a90fbbdda8907aab57810f0a0.js is not in module cache!
2026-7-6 11:57:56 - debug: [[Executor]] Register BulletBatchRenderer
2026-7-6 11:57:56 - debug: [[Executor]] Module "pack:///chunks/f0/f05038aedf4d7805ad91dbf59f1c87fe35c23bb5.js" loaded.
2026-7-6 11:57:56 - debug: [[Executor]] Register AttackParkPlay
2026-7-6 11:57:56 - debug: [[Executor]] Module "pack:///chunks/05/05825d2a71d7765a90fbbdda8907aab57810f0a0.js" loaded.
2026-7-6 11:57:56 - debug: [[Executor]] Register RangeTowerAttack
2026-7-6 11:57:56 - debug: [[Executor]] Module "pack:///chunks/6e/6e4d3e245933373fd13279940a5d6dee30418f49.js" loaded.
2026-7-6 11:57:56 - debug: D:\工程项目\PlayableAD\Cocos\TheW\20260615_HYQ\HYQ_Project\temp\programming\packer-driver\targets\editor\chunks\fa\fad9c36dab7fd23cbd0b1b9ebcbd02e6023aaadd.js resolved to D:\工程项目\PlayableAD\Cocos\TheW\20260615_HYQ\HYQ_Project\temp\programming\packer-driver\targets\editor\chunks\fa\fad9c36dab7fd23cbd0b1b9ebcbd02e6023aaadd.js is not in module cache!
2026-7-6 11:57:56 - debug: [[Executor]] Register RangedAttack_Circle
2026-7-6 11:57:56 - debug: [[Executor]] Module "pack:///chunks/fa/fad9c36dab7fd23cbd0b1b9ebcbd02e6023aaadd.js" loaded.
2026-7-6 11:57:56 - debug: D:\工程项目\PlayableAD\Cocos\TheW\20260615_HYQ\HYQ_Project\temp\programming\packer-driver\targets\editor\chunks\01\011c6605e93c83936bcaadc521a3f2df21bdd87a.js resolved to D:\工程项目\PlayableAD\Cocos\TheW\20260615_HYQ\HYQ_Project\temp\programming\packer-driver\targets\editor\chunks\01\011c6605e93c83936bcaadc521a3f2df21bdd87a.js is not in module cache!
2026-7-6 11:57:56 - debug: [[Executor]] Register RangedAttack_Shrapnel
2026-7-6 11:57:56 - debug: [[Executor]] Module "pack:///chunks/01/011c6605e93c83936bcaadc521a3f2df21bdd87a.js" loaded.
2026-7-6 11:57:56 - debug: D:\工程项目\PlayableAD\Cocos\TheW\20260615_HYQ\HYQ_Project\temp\programming\packer-driver\targets\editor\chunks\7a\7a056ac353cd4f184635b76aa08c0d427085fda7.js resolved to D:\工程项目\PlayableAD\Cocos\TheW\20260615_HYQ\HYQ_Project\temp\programming\packer-driver\targets\editor\chunks\7a\7a056ac353cd4f184635b76aa08c0d427085fda7.js is not in module cache!
2026-7-6 11:57:56 - debug: [[Executor]] Register BulletCollideBase3D
2026-7-6 11:57:56 - debug: [[Executor]] Module "pack:///chunks/7a/7a056ac353cd4f184635b76aa08c0d427085fda7.js" loaded.
2026-7-6 11:57:56 - debug: D:\工程项目\PlayableAD\Cocos\TheW\20260615_HYQ\HYQ_Project\temp\programming\packer-driver\targets\editor\chunks\11\1193ac27b94da532d27808ef712ed0fcd809d84d.js resolved to D:\工程项目\PlayableAD\Cocos\TheW\20260615_HYQ\HYQ_Project\temp\programming\packer-driver\targets\editor\chunks\11\1193ac27b94da532d27808ef712ed0fcd809d84d.js is not in module cache!
2026-7-6 11:57:56 - debug: D:\工程项目\PlayableAD\Cocos\TheW\20260615_HYQ\HYQ_Project\temp\programming\packer-driver\targets\editor\chunks\03\031aac2e2ea93f03b5422269c22800e822715034.js resolved to D:\工程项目\PlayableAD\Cocos\TheW\20260615_HYQ\HYQ_Project\temp\programming\packer-driver\targets\editor\chunks\03\031aac2e2ea93f03b5422269c22800e822715034.js is not in module cache!
2026-7-6 11:57:56 - debug: [[Executor]] Register TriggerBase3D
2026-7-6 11:57:56 - debug: [[Executor]] Module "pack:///chunks/03/031aac2e2ea93f03b5422269c22800e822715034.js" loaded.
2026-7-6 11:57:56 - debug: [[Executor]] Register CollectBattleTarger3D
2026-7-6 11:57:56 - debug: [[Executor]] Module "pack:///chunks/11/1193ac27b94da532d27808ef712ed0fcd809d84d.js" loaded.
2026-7-6 11:57:56 - debug: D:\工程项目\PlayableAD\Cocos\TheW\20260615_HYQ\HYQ_Project\temp\programming\packer-driver\targets\editor\chunks\29\2933ae65951958109aeb70104e6287b8240a8e01.js resolved to D:\工程项目\PlayableAD\Cocos\TheW\20260615_HYQ\HYQ_Project\temp\programming\packer-driver\targets\editor\chunks\29\2933ae65951958109aeb70104e6287b8240a8e01.js is not in module cache!
2026-7-6 11:57:56 - debug: [[Executor]] Register EffectTimeRemove
2026-7-6 11:57:56 - debug: [[Executor]] Module "pack:///chunks/29/2933ae65951958109aeb70104e6287b8240a8e01.js" loaded.
2026-7-6 11:57:56 - debug: D:\工程项目\PlayableAD\Cocos\TheW\20260615_HYQ\HYQ_Project\temp\programming\packer-driver\targets\editor\chunks\cd\cd87286564d42a577ada1093f142b4db43415d61.js resolved to D:\工程项目\PlayableAD\Cocos\TheW\20260615_HYQ\HYQ_Project\temp\programming\packer-driver\targets\editor\chunks\cd\cd87286564d42a577ada1093f142b4db43415d61.js is not in module cache!
2026-7-6 11:57:56 - debug: [[Executor]] Register GuideLine
2026-7-6 11:57:56 - debug: [[Executor]] Module "pack:///chunks/cd/cd87286564d42a577ada1093f142b4db43415d61.js" loaded.
2026-7-6 11:57:56 - debug: D:\工程项目\PlayableAD\Cocos\TheW\20260615_HYQ\HYQ_Project\temp\programming\packer-driver\targets\editor\chunks\dd\ddf9ec67bc21176ab14fd7bef2d6099af7cab4e3.js resolved to D:\工程项目\PlayableAD\Cocos\TheW\20260615_HYQ\HYQ_Project\temp\programming\packer-driver\targets\editor\chunks\dd\ddf9ec67bc21176ab14fd7bef2d6099af7cab4e3.js is not in module cache!
2026-7-6 11:57:56 - debug: D:\工程项目\PlayableAD\Cocos\TheW\20260615_HYQ\HYQ_Project\temp\programming\packer-driver\targets\editor\chunks\78\7875e58dc11de4424867c114cd71cf4d379fd7ce.js resolved to D:\工程项目\PlayableAD\Cocos\TheW\20260615_HYQ\HYQ_Project\temp\programming\packer-driver\targets\editor\chunks\78\7875e58dc11de4424867c114cd71cf4d379fd7ce.js is not in module cache!
2026-7-6 11:57:56 - debug: D:\工程项目\PlayableAD\Cocos\TheW\20260615_HYQ\HYQ_Project\temp\programming\packer-driver\targets\editor\chunks\12\120cba8f856407335ad8a04347cd4d36bf752a1e.js resolved to D:\工程项目\PlayableAD\Cocos\TheW\20260615_HYQ\HYQ_Project\temp\programming\packer-driver\targets\editor\chunks\12\120cba8f856407335ad8a04347cd4d36bf752a1e.js is not in module cache!
2026-7-6 11:57:56 - debug: D:\工程项目\PlayableAD\Cocos\TheW\20260615_HYQ\HYQ_Project\temp\programming\packer-driver\targets\editor\chunks\7c\7cb3e78818d3ca7420c127c4f13ad5587e5cc5d3.js resolved to D:\工程项目\PlayableAD\Cocos\TheW\20260615_HYQ\HYQ_Project\temp\programming\packer-driver\targets\editor\chunks\7c\7cb3e78818d3ca7420c127c4f13ad5587e5cc5d3.js is not in module cache!
2026-7-6 11:57:56 - debug: D:\工程项目\PlayableAD\Cocos\TheW\20260615_HYQ\HYQ_Project\temp\programming\packer-driver\targets\editor\chunks\6b\6b5ef849a8a91f0cd956b88818795e47d9431e29.js resolved to D:\工程项目\PlayableAD\Cocos\TheW\20260615_HYQ\HYQ_Project\temp\programming\packer-driver\targets\editor\chunks\6b\6b5ef849a8a91f0cd956b88818795e47d9431e29.js is not in module cache!
2026-7-6 11:57:56 - debug: D:\工程项目\PlayableAD\Cocos\TheW\20260615_HYQ\HYQ_Project\temp\programming\packer-driver\targets\editor\chunks\2c\2c40d59e1ac0050bfd5e4aece9657278c88a4b47.js resolved to D:\工程项目\PlayableAD\Cocos\TheW\20260615_HYQ\HYQ_Project\temp\programming\packer-driver\targets\editor\chunks\2c\2c40d59e1ac0050bfd5e4aece9657278c88a4b47.js is not in module cache!
2026-7-6 11:57:56 - debug: D:\工程项目\PlayableAD\Cocos\TheW\20260615_HYQ\HYQ_Project\temp\programming\packer-driver\targets\editor\chunks\6b\6bf6369babd500e0802aeb38d4c346ae3462ef8b.js resolved to D:\工程项目\PlayableAD\Cocos\TheW\20260615_HYQ\HYQ_Project\temp\programming\packer-driver\targets\editor\chunks\6b\6bf6369babd500e0802aeb38d4c346ae3462ef8b.js is not in module cache!
2026-7-6 11:57:56 - debug: D:\工程项目\PlayableAD\Cocos\TheW\20260615_HYQ\HYQ_Project\temp\programming\packer-driver\targets\editor\chunks\e2\e2cd37831230a7474a5c89ec9f0764c2d6ce1581.js resolved to D:\工程项目\PlayableAD\Cocos\TheW\20260615_HYQ\HYQ_Project\temp\programming\packer-driver\targets\editor\chunks\e2\e2cd37831230a7474a5c89ec9f0764c2d6ce1581.js is not in module cache!
2026-7-6 11:57:56 - debug: D:\工程项目\PlayableAD\Cocos\TheW\20260615_HYQ\HYQ_Project\temp\programming\packer-driver\targets\editor\chunks\aa\aa6223cf35796d09344450a14919ad24c61174bb.js resolved to D:\工程项目\PlayableAD\Cocos\TheW\20260615_HYQ\HYQ_Project\temp\programming\packer-driver\targets\editor\chunks\aa\aa6223cf35796d09344450a14919ad24c61174bb.js is not in module cache!
2026-7-6 11:57:56 - debug: D:\工程项目\PlayableAD\Cocos\TheW\20260615_HYQ\HYQ_Project\temp\programming\packer-driver\targets\editor\chunks\c1\c14c87720f6e6e7b27f438925fae2cc2d4587268.js resolved to D:\工程项目\PlayableAD\Cocos\TheW\20260615_HYQ\HYQ_Project\temp\programming\packer-driver\targets\editor\chunks\c1\c14c87720f6e6e7b27f438925fae2cc2d4587268.js is not in module cache!
2026-7-6 11:57:56 - debug: D:\工程项目\PlayableAD\Cocos\TheW\20260615_HYQ\HYQ_Project\temp\programming\packer-driver\targets\editor\chunks\fb\fb231b7b47c244832aa3ed0055e0ff4d6bda9530.js resolved to D:\工程项目\PlayableAD\Cocos\TheW\20260615_HYQ\HYQ_Project\temp\programming\packer-driver\targets\editor\chunks\fb\fb231b7b47c244832aa3ed0055e0ff4d6bda9530.js is not in module cache!
2026-7-6 11:57:56 - debug: D:\工程项目\PlayableAD\Cocos\TheW\20260615_HYQ\HYQ_Project\temp\programming\packer-driver\targets\editor\chunks\ac\ac0e66d1df96447f3ea6b579b5067cb87a880d84.js resolved to D:\工程项目\PlayableAD\Cocos\TheW\20260615_HYQ\HYQ_Project\temp\programming\packer-driver\targets\editor\chunks\ac\ac0e66d1df96447f3ea6b579b5067cb87a880d84.js is not in module cache!
2026-7-6 11:57:56 - debug: D:\工程项目\PlayableAD\Cocos\TheW\20260615_HYQ\HYQ_Project\temp\programming\packer-driver\targets\editor\chunks\1e\1e9839fb85f612fea3030115a5d65b742de2db50.js resolved to D:\工程项目\PlayableAD\Cocos\TheW\20260615_HYQ\HYQ_Project\temp\programming\packer-driver\targets\editor\chunks\1e\1e9839fb85f612fea3030115a5d65b742de2db50.js is not in module cache!
2026-7-6 11:57:56 - debug: [[Executor]] Register FbxManager
2026-7-6 11:57:56 - debug: [[Executor]] Module "pack:///chunks/6b/6b5ef849a8a91f0cd956b88818795e47d9431e29.js" loaded.
2026-7-6 11:57:56 - debug: [[Executor]] Register Role
2026-7-6 11:57:56 - debug: [[Executor]] Module "pack:///chunks/78/7875e58dc11de4424867c114cd71cf4d379fd7ce.js" loaded.
2026-7-6 11:57:56 - debug: [[Executor]] Module "pack:///chunks/1e/1e9839fb85f612fea3030115a5d65b742de2db50.js" loaded.
2026-7-6 11:57:56 - debug: [[Executor]] Module "pack:///chunks/fb/fb231b7b47c244832aa3ed0055e0ff4d6bda9530.js" loaded.
2026-7-6 11:57:56 - debug: [[Executor]] Register GameOverPanel
2026-7-6 11:57:56 - debug: [[Executor]] Module "pack:///chunks/6b/6bf6369babd500e0802aeb38d4c346ae3462ef8b.js" loaded.
2026-7-6 11:57:56 - debug: [[Executor]] Register WeaponBulletConfig
2026-7-6 11:57:56 - debug: [[Executor]] Register Player
2026-7-6 11:57:56 - debug: [[Executor]] Module "pack:///chunks/12/120cba8f856407335ad8a04347cd4d36bf752a1e.js" loaded.
2026-7-6 11:57:56 - debug: [[Executor]] Register MonsterBattleTaerget
2026-7-6 11:57:56 - debug: [[Executor]] Module "pack:///chunks/2c/2c40d59e1ac0050bfd5e4aece9657278c88a4b47.js" loaded.
2026-7-6 11:57:56 - debug: [[Executor]] Register ArmsInfo
2026-7-6 11:57:56 - debug: [[Executor]] Register PropArms
2026-7-6 11:57:56 - debug: [[Executor]] Module "pack:///chunks/aa/aa6223cf35796d09344450a14919ad24c61174bb.js" loaded.
2026-7-6 11:57:56 - debug: [[Executor]] Register PropBrand
2026-7-6 11:57:56 - debug: [[Executor]] Module "pack:///chunks/ac/ac0e66d1df96447f3ea6b579b5067cb87a880d84.js" loaded.
2026-7-6 11:57:56 - debug: [[Executor]] Register PropLalianGate
2026-7-6 11:57:56 - debug: [[Executor]] Module "pack:///chunks/c1/c14c87720f6e6e7b27f438925fae2cc2d4587268.js" loaded.
2026-7-6 11:57:56 - debug: [[Executor]] Register CreatePropBrand
2026-7-6 11:57:56 - debug: [[Executor]] Module "pack:///chunks/e2/e2cd37831230a7474a5c89ec9f0764c2d6ce1581.js" loaded.
2026-7-6 11:57:56 - debug: [[Executor]] Register MonsterCreateInfo
2026-7-6 11:57:56 - debug: [[Executor]] Register MonsterCreateQueue
2026-7-6 11:57:56 - debug: [[Executor]] Register MonsterCreate
2026-7-6 11:57:56 - debug: [[Executor]] Module "pack:///chunks/7c/7cb3e78818d3ca7420c127c4f13ad5587e5cc5d3.js" loaded.
2026-7-6 11:57:56 - debug: [[Executor]] Register GuideManager
2026-7-6 11:57:56 - debug: [[Executor]] Module "pack:///chunks/dd/ddf9ec67bc21176ab14fd7bef2d6099af7cab4e3.js" loaded.
2026-7-6 11:57:56 - debug: D:\工程项目\PlayableAD\Cocos\TheW\20260615_HYQ\HYQ_Project\temp\programming\packer-driver\targets\editor\chunks\7d\7d88e9fa4d49091167d5648112015c50cab8c311.js resolved to D:\工程项目\PlayableAD\Cocos\TheW\20260615_HYQ\HYQ_Project\temp\programming\packer-driver\targets\editor\chunks\7d\7d88e9fa4d49091167d5648112015c50cab8c311.js is not in module cache!
2026-7-6 11:57:56 - debug: [[Executor]] Register ArmsUp
2026-7-6 11:57:56 - debug: [[Executor]] Module "pack:///chunks/7d/7d88e9fa4d49091167d5648112015c50cab8c311.js" loaded.
2026-7-6 11:57:56 - debug: D:\工程项目\PlayableAD\Cocos\TheW\20260615_HYQ\HYQ_Project\temp\programming\packer-driver\targets\editor\chunks\d0\d08abfe279c9195afbafb261981128dda32fee17.js resolved to D:\工程项目\PlayableAD\Cocos\TheW\20260615_HYQ\HYQ_Project\temp\programming\packer-driver\targets\editor\chunks\d0\d08abfe279c9195afbafb261981128dda32fee17.js is not in module cache!
2026-7-6 11:57:56 - debug: [[Executor]] Register PropTireGate
2026-7-6 11:57:56 - debug: [[Executor]] Module "pack:///chunks/d0/d08abfe279c9195afbafb261981128dda32fee17.js" loaded.
2026-7-6 11:57:56 - debug: D:\工程项目\PlayableAD\Cocos\TheW\20260615_HYQ\HYQ_Project\temp\programming\packer-driver\targets\editor\chunks\e4\e49d377195f0f6ca8039098e5e76d909c726c89c.js resolved to D:\工程项目\PlayableAD\Cocos\TheW\20260615_HYQ\HYQ_Project\temp\programming\packer-driver\targets\editor\chunks\e4\e49d377195f0f6ca8039098e5e76d909c726c89c.js is not in module cache!
2026-7-6 11:57:56 - debug: D:\工程项目\PlayableAD\Cocos\TheW\20260615_HYQ\HYQ_Project\temp\programming\packer-driver\targets\editor\chunks\c8\c8d2fc621a68aadf290b9938ae81f70dbefcc8d6.js resolved to D:\工程项目\PlayableAD\Cocos\TheW\20260615_HYQ\HYQ_Project\temp\programming\packer-driver\targets\editor\chunks\c8\c8d2fc621a68aadf290b9938ae81f70dbefcc8d6.js is not in module cache!
2026-7-6 11:57:56 - debug: [[Executor]] Register RockerUI
2026-7-6 11:57:56 - debug: [[Executor]] Module "pack:///chunks/c8/c8d2fc621a68aadf290b9938ae81f70dbefcc8d6.js" loaded.
2026-7-6 11:57:56 - debug: [[Executor]] Register RockerMouseEvent
2026-7-6 11:57:56 - debug: [[Executor]] Module "pack:///chunks/e4/e49d377195f0f6ca8039098e5e76d909c726c89c.js" loaded.
2026-7-6 11:57:56 - debug: D:\工程项目\PlayableAD\Cocos\TheW\20260615_HYQ\HYQ_Project\temp\programming\packer-driver\targets\editor\chunks\41\41b6ef284e15d0779c96601cab9a95a7c5e5919b.js resolved to D:\工程项目\PlayableAD\Cocos\TheW\20260615_HYQ\HYQ_Project\temp\programming\packer-driver\targets\editor\chunks\41\41b6ef284e15d0779c96601cab9a95a7c5e5919b.js is not in module cache!
2026-7-6 11:57:56 - debug: D:\工程项目\PlayableAD\Cocos\TheW\20260615_HYQ\HYQ_Project\temp\programming\packer-driver\targets\editor\chunks\5f\5fd5284b513982ea020d8e9513905cac6e75919a.js resolved to D:\工程项目\PlayableAD\Cocos\TheW\20260615_HYQ\HYQ_Project\temp\programming\packer-driver\targets\editor\chunks\5f\5fd5284b513982ea020d8e9513905cac6e75919a.js is not in module cache!
2026-7-6 11:57:56 - debug: D:\工程项目\PlayableAD\Cocos\TheW\20260615_HYQ\HYQ_Project\temp\programming\packer-driver\targets\editor\chunks\1b\1b6bd2739873dc60bb0e67b18f2ae1f3b116fb07.js resolved to D:\工程项目\PlayableAD\Cocos\TheW\20260615_HYQ\HYQ_Project\temp\programming\packer-driver\targets\editor\chunks\1b\1b6bd2739873dc60bb0e67b18f2ae1f3b116fb07.js is not in module cache!
2026-7-6 11:57:56 - debug: D:\工程项目\PlayableAD\Cocos\TheW\20260615_HYQ\HYQ_Project\temp\programming\packer-driver\targets\editor\chunks\c4\c409a49d391cd0107339e604abf784bacdef4b02.js resolved to D:\工程项目\PlayableAD\Cocos\TheW\20260615_HYQ\HYQ_Project\temp\programming\packer-driver\targets\editor\chunks\c4\c409a49d391cd0107339e604abf784bacdef4b02.js is not in module cache!
2026-7-6 11:57:56 - debug: [[Executor]] Register ShoppIngEvent
2026-7-6 11:57:56 - debug: [[Executor]] Module "pack:///chunks/c4/c409a49d391cd0107339e604abf784bacdef4b02.js" loaded.
2026-7-6 11:57:56 - debug: [[Executor]] Register Shopping
2026-7-6 11:57:56 - debug: [[Executor]] Module "pack:///chunks/5f/5fd5284b513982ea020d8e9513905cac6e75919a.js" loaded.
2026-7-6 11:57:56 - debug: [[Executor]] Register BuyWayBase
2026-7-6 11:57:56 - debug: [[Executor]] Module "pack:///chunks/1b/1b6bd2739873dc60bb0e67b18f2ae1f3b116fb07.js" loaded.
2026-7-6 11:57:56 - debug: [[Executor]] Register BuyWay2D
2026-7-6 11:57:56 - debug: [[Executor]] Module "pack:///chunks/41/41b6ef284e15d0779c96601cab9a95a7c5e5919b.js" loaded.
2026-7-6 11:57:56 - debug: D:\工程项目\PlayableAD\Cocos\TheW\20260615_HYQ\HYQ_Project\temp\programming\packer-driver\targets\editor\chunks\99\9957d51b35d223fa476f8f6dcd2b5d011a93ab2f.js resolved to D:\工程项目\PlayableAD\Cocos\TheW\20260615_HYQ\HYQ_Project\temp\programming\packer-driver\targets\editor\chunks\99\9957d51b35d223fa476f8f6dcd2b5d011a93ab2f.js is not in module cache!
2026-7-6 11:57:56 - debug: [[Executor]] Register BuyWay3D
2026-7-6 11:57:56 - debug: [[Executor]] Module "pack:///chunks/99/9957d51b35d223fa476f8f6dcd2b5d011a93ab2f.js" loaded.
2026-7-6 11:57:56 - debug: D:\工程项目\PlayableAD\Cocos\TheW\20260615_HYQ\HYQ_Project\temp\programming\packer-driver\targets\editor\chunks\d8\d87351923699bbc0b3bf2e76b9d6665983f7b324.js resolved to D:\工程项目\PlayableAD\Cocos\TheW\20260615_HYQ\HYQ_Project\temp\programming\packer-driver\targets\editor\chunks\d8\d87351923699bbc0b3bf2e76b9d6665983f7b324.js is not in module cache!
2026-7-6 11:57:56 - debug: [[Executor]] Register ShoppingItem
2026-7-6 11:57:56 - debug: [[Executor]] Register Shopping_Super
2026-7-6 11:57:56 - debug: [[Executor]] Module "pack:///chunks/d8/d87351923699bbc0b3bf2e76b9d6665983f7b324.js" loaded.
2026-7-6 11:57:56 - debug: D:\工程项目\PlayableAD\Cocos\TheW\20260615_HYQ\HYQ_Project\temp\programming\packer-driver\targets\editor\chunks\b8\b8ff2efe0a5ef0b3134c1c0a100a2fc7e48d38e3.js resolved to D:\工程项目\PlayableAD\Cocos\TheW\20260615_HYQ\HYQ_Project\temp\programming\packer-driver\targets\editor\chunks\b8\b8ff2efe0a5ef0b3134c1c0a100a2fc7e48d38e3.js is not in module cache!
2026-7-6 11:57:56 - debug: [[Executor]] Register FrameAnimManager
2026-7-6 11:57:56 - debug: [[Executor]] Module "pack:///chunks/b8/b8ff2efe0a5ef0b3134c1c0a100a2fc7e48d38e3.js" loaded.
2026-7-6 11:57:56 - debug: D:\工程项目\PlayableAD\Cocos\TheW\20260615_HYQ\HYQ_Project\temp\programming\packer-driver\targets\editor\chunks\83\8354ac407215243163174d3e83d4cdab306051e3.js resolved to D:\工程项目\PlayableAD\Cocos\TheW\20260615_HYQ\HYQ_Project\temp\programming\packer-driver\targets\editor\chunks\83\8354ac407215243163174d3e83d4cdab306051e3.js is not in module cache!
2026-7-6 11:57:56 - debug: [[Executor]] Register FrameManager
2026-7-6 11:57:56 - debug: [[Executor]] Module "pack:///chunks/83/8354ac407215243163174d3e83d4cdab306051e3.js" loaded.
2026-7-6 11:57:56 - debug: D:\工程项目\PlayableAD\Cocos\TheW\20260615_HYQ\HYQ_Project\temp\programming\packer-driver\targets\editor\chunks\84\848ca7bc3c110f0554094ecf01b3a37b01ea9dfd.js resolved to D:\工程项目\PlayableAD\Cocos\TheW\20260615_HYQ\HYQ_Project\temp\programming\packer-driver\targets\editor\chunks\84\848ca7bc3c110f0554094ecf01b3a37b01ea9dfd.js is not in module cache!
2026-7-6 11:57:56 - debug: [[Executor]] Register UIButtonEvent
2026-7-6 11:57:56 - debug: [[Executor]] Module "pack:///chunks/84/848ca7bc3c110f0554094ecf01b3a37b01ea9dfd.js" loaded.
2026-7-6 11:57:56 - debug: D:\工程项目\PlayableAD\Cocos\TheW\20260615_HYQ\HYQ_Project\temp\programming\packer-driver\targets\editor\chunks\7e\7ece20e41250ede0e4707962498ddfd8c4453b24.js resolved to D:\工程项目\PlayableAD\Cocos\TheW\20260615_HYQ\HYQ_Project\temp\programming\packer-driver\targets\editor\chunks\7e\7ece20e41250ede0e4707962498ddfd8c4453b24.js is not in module cache!
2026-7-6 11:57:56 - debug: D:\工程项目\PlayableAD\Cocos\TheW\20260615_HYQ\HYQ_Project\temp\programming\packer-driver\targets\editor\chunks\23\23f4bc413c460b50ee5cc83636bb099609a379fd.js resolved to D:\工程项目\PlayableAD\Cocos\TheW\20260615_HYQ\HYQ_Project\temp\programming\packer-driver\targets\editor\chunks\23\23f4bc413c460b50ee5cc83636bb099609a379fd.js is not in module cache!
2026-7-6 11:57:56 - debug: D:\工程项目\PlayableAD\Cocos\TheW\20260615_HYQ\HYQ_Project\temp\programming\packer-driver\targets\editor\chunks\95\95d64f4c8aa166ee79b72d7add5021b420a7ce33.js resolved to D:\工程项目\PlayableAD\Cocos\TheW\20260615_HYQ\HYQ_Project\temp\programming\packer-driver\targets\editor\chunks\95\95d64f4c8aa166ee79b72d7add5021b420a7ce33.js is not in module cache!
2026-7-6 11:57:56 - debug: D:\工程项目\PlayableAD\Cocos\TheW\20260615_HYQ\HYQ_Project\temp\programming\packer-driver\targets\editor\chunks\4a\4a434c55814df4d84e6cd9fee04d3f21bfa74070.js resolved to D:\工程项目\PlayableAD\Cocos\TheW\20260615_HYQ\HYQ_Project\temp\programming\packer-driver\targets\editor\chunks\4a\4a434c55814df4d84e6cd9fee04d3f21bfa74070.js is not in module cache!
2026-7-6 11:57:56 - debug: D:\工程项目\PlayableAD\Cocos\TheW\20260615_HYQ\HYQ_Project\temp\programming\packer-driver\targets\editor\chunks\e9\e9668b02254f4db9826696b9dfb6914087bee6cc.js resolved to D:\工程项目\PlayableAD\Cocos\TheW\20260615_HYQ\HYQ_Project\temp\programming\packer-driver\targets\editor\chunks\e9\e9668b02254f4db9826696b9dfb6914087bee6cc.js is not in module cache!
2026-7-6 11:57:56 - debug: [[Executor]] Module "pack:///chunks/95/95d64f4c8aa166ee79b72d7add5021b420a7ce33.js" loaded.
2026-7-6 11:57:56 - debug: [[Executor]] Module "pack:///chunks/23/23f4bc413c460b50ee5cc83636bb099609a379fd.js" loaded.
2026-7-6 11:57:56 - debug: [[Executor]] Register StutterCheck
2026-7-6 11:57:56 - debug: [[Executor]] Module "pack:///chunks/4a/4a434c55814df4d84e6cd9fee04d3f21bfa74070.js" loaded.
2026-7-6 11:57:56 - debug: [[Executor]] Module "pack:///chunks/e9/e9668b02254f4db9826696b9dfb6914087bee6cc.js" loaded.
2026-7-6 11:57:56 - debug: [[Executor]] Module "pack:///chunks/7e/7ece20e41250ede0e4707962498ddfd8c4453b24.js" loaded.
2026-7-6 11:57:56 - debug: D:\工程项目\PlayableAD\Cocos\TheW\20260615_HYQ\HYQ_Project\temp\programming\packer-driver\targets\editor\chunks\4d\4d68417d37cd80fe73d65d56dfe11dd26e9ef91a.js resolved to D:\工程项目\PlayableAD\Cocos\TheW\20260615_HYQ\HYQ_Project\temp\programming\packer-driver\targets\editor\chunks\4d\4d68417d37cd80fe73d65d56dfe11dd26e9ef91a.js is not in module cache!
2026-7-6 11:57:56 - debug: [[Executor]] Module "pack:///chunks/4d/4d68417d37cd80fe73d65d56dfe11dd26e9ef91a.js" loaded.
2026-7-6 11:57:56 - debug: [[Executor]] Module "pack:///chunks/6d/6d8fd2b0177941b032ddc0733af48a561fb60657.js" loaded.
2026-7-6 11:57:56 - groupEnd: Imports all modules
2026-7-6 11:57:56 - debug: [[Executor]] after unlock
2026-7-6 11:57:56 - debug: Incremental keys: regeneratorRuntime,b2jsb
2026-7-6 11:57:56 - debug: Init bundle share assets start..., progress: 9%
2026-7-6 11:57:56 - debug: Init bundle share assets start..., progress: 13%
2026-7-6 11:57:56 - warn: The Mesh used by component "cc.MeshRenderer" in prefab "Role_1" is missing. Detailed information:Node path: "Role_1/New Node/Bip001 Prop1 Socket/jiateling01"Asset url: "db://assets/GameRes/Prefab/Role_1"Missing uuid: "03189dd5-73dd-4e52-8644-1ff1a122b972@18a45"
2026-7-6 11:57:56 - warn(2): The Mesh used by component "cc.MeshRenderer" in prefab "Role_2" is missing. Detailed information:Node path: "Role_2/New Node/Bip001 Prop1 Socket/jiateling01"Asset url: "db://assets/GameRes/Prefab/Role_2"Missing uuid: "03189dd5-73dd-4e52-8644-1ff1a122b972@18a45"
2026-7-6 11:57:56 - debug: Init bundle share assets success..., progress: 9%
2026-7-6 11:57:56 - debug: Init bundle share assets success..., progress: 13%
2026-7-6 11:57:56 - debug: handle json group in bundle internal
2026-7-6 11:57:56 - debug: handle json group in bundle internal success
2026-7-6 11:57:56 - debug: handle json group in bundle resources
2026-7-6 11:57:56 - debug: handle json group in bundle main
2026-7-6 11:57:56 - debug: init image compress task 0 in bundle internal
2026-7-6 11:57:56 - debug: handle json group in bundle resources success
2026-7-6 11:57:56 - debug: init image compress task 0 in bundle resources
2026-7-6 11:57:56 - debug: [json-group] check self or raw asset, skip. 799add5f-4370-4ee6-b0a4-aca1ebcd06a3 depended by 799add5f-4370-4ee6-b0a4-aca1ebcd06a3 has checked in raw asset 799add5f-4370-4ee6-b0a4-aca1ebcd06a3/bundle(main)}
2026-7-6 11:57:56 - debug: [json-group] check self or raw asset, skip. f96153eb-6f89-4aad-b84b-808954761c02 depended by f96153eb-6f89-4aad-b84b-808954761c02 has checked in raw asset b5805d3a-3b80-4a12-adf5-588e63a7d886/bundle(main)}
2026-7-6 11:57:56 - debug: [json-group] check self or raw asset, skip. 799add5f-4370-4ee6-b0a4-aca1ebcd06a3 depended by 799add5f-4370-4ee6-b0a4-aca1ebcd06a3 has checked in raw asset b5805d3a-3b80-4a12-adf5-588e63a7d886/bundle(main)}
2026-7-6 11:57:56 - debug: [json-group] check self or raw asset, skip. f96153eb-6f89-4aad-b84b-808954761c02 depended by f96153eb-6f89-4aad-b84b-808954761c02 has checked in raw asset f96153eb-6f89-4aad-b84b-808954761c02/bundle(main)}
2026-7-6 11:57:56 - debug: handle json group in bundle main success
2026-7-6 11:57:56 - debug: init image compress task 0 in bundle main
2026-7-6 11:57:56 - debug: // ---- build task 查询 Asset Bundle ---- (764ms)
2026-7-6 11:57:56 - log: run build task 查询 Asset Bundle success in 764 ms√, progress: 14%
2026-7-6 11:57:56 - debug: [Build Memory track]: 查询 Asset Bundle start:247.45MB, end 260.00MB, increase: 12.55MB
2026-7-6 11:57:56 - debug: 查询 Asset Bundle start, progress: 14%
2026-7-6 11:57:56 - debug: // ---- build task 查询 Asset Bundle ----
2026-7-6 11:57:57 - debug: // ---- build task 查询 Asset Bundle ---- (56ms)
2026-7-6 11:57:57 - log: run build task 查询 Asset Bundle success in 56 ms√, progress: 19%
2026-7-6 11:57:57 - debug: [Build Memory track]: 查询 Asset Bundle start:260.04MB, end 260.32MB, increase: 281.64KB
2026-7-6 11:57:57 - debug: 打包脚本 start, progress: 19%
2026-7-6 11:57:57 - debug: // ---- build task 打包脚本 ----
2026-7-6 11:57:58 - log: [buildPolyfillsCommand]enter sub process 2516, 9229, see: chrome://inspect/#devices
2026-7-6 11:58:01 - debug: execute-script-end with buildPolyfillsCommand 4675ms
2026-7-6 11:58:01 - debug: Generate systemJs..., progress: 19%
2026-7-6 11:58:05 - debug: execute-script-end with buildSystemJsCommand 3411ms
2026-7-6 11:58:05 - debug: 构建项目脚本 start..., progress: 19%
2026-7-6 11:58:05 - debug: 构建项目脚本 start..., progress: 13%
2026-7-6 11:58:10 - warn: [buildScriptCommand][[Build.Script.Rollup]] Circular dependency: file:///D:/%E5%B7%A5%E7%A8%8B%E9%A1%B9%E7%9B%AE/PlayableAD/Cocos/TheW/20260615_HYQ/HYQ_Project/assets/Script/functionS/Jump/JumpManager.ts -> file:///D:/%E5%B7%A5%E7%A8%8B%E9%A1%B9%E7%9B%AE/PlayableAD/Cocos/TheW/20260615_HYQ/HYQ_Project/assets/Script/functionS/Jump/JumpDriveEngine.ts -> file:///D:/%E5%B7%A5%E7%A8%8B%E9%A1%B9%E7%9B%AE/PlayableAD/Cocos/TheW/20260615_HYQ/HYQ_Project/assets/Script/functionS/Jump/JumpManager.ts
2026-7-6 11:58:10 - warn: [buildScriptCommand][[Build.Script.Rollup]] Circular dependency: file:///D:/%E5%B7%A5%E7%A8%8B%E9%A1%B9%E7%9B%AE/PlayableAD/Cocos/TheW/20260615_HYQ/HYQ_Project/assets/Script/functionS/Monster/MonsterCreate.ts -> file:///D:/%E5%B7%A5%E7%A8%8B%E9%A1%B9%E7%9B%AE/PlayableAD/Cocos/TheW/20260615_HYQ/HYQ_Project/assets/Script/functionS/Other/PropArms.ts -> file:///D:/%E5%B7%A5%E7%A8%8B%E9%A1%B9%E7%9B%AE/PlayableAD/Cocos/TheW/20260615_HYQ/HYQ_Project/assets/Script/functionS/Monster/MonsterCreate.ts[warning][[Build.Script.Rollup]] Circular dependency: file:///D:/%E5%B7%A5%E7%A8%8B%E9%A1%B9%E7%9B%AE/PlayableAD/Cocos/TheW/20260615_HYQ/HYQ_Project/extensions/super-packager/package_assets/JiangYv/PBASDK-v3/PrintComponent.ts -> file:///D:/%E5%B7%A5%E7%A8%8B%E9%A1%B9%E7%9B%AE/PlayableAD/Cocos/TheW/20260615_HYQ/HYQ_Project/extensions/super-packager/package_assets/JiangYv/PBASDK-v3/StutterCheck.ts -> file:///D:/%E5%B7%A5%E7%A8%8B%E9%A1%B9%E7%9B%AE/PlayableAD/Cocos/TheW/20260615_HYQ/HYQ_Project/extensions/super-packager/package_assets/JiangYv/PBASDK-v3/PrintComponent.ts
2026-7-6 11:58:14 - log: [buildScriptCommand]Number of non-entry chunks: 3
2026-7-6 11:58:14 - debug: execute-script-end with buildScriptCommand 9489ms
2026-7-6 11:58:14 - debug: Copy externalScripts success!
2026-7-6 11:58:14 - debug: 构建项目脚本 in (9560 ms) √, progress: 19%
2026-7-6 11:58:14 - debug: 构建项目脚本 in (9560 ms) √, progress: 13%
2026-7-6 11:58:14 - debug: 构建引擎脚本 start..., progress: 19%
2026-7-6 11:58:14 - debug: mangleProperties is enabled, found engine-mangle-config.json, use it
2026-7-6 11:58:14 - debug: Error: Exit process with code:null, signal:SIGTERM in task build-script    at ChildProcess.<anonymous> (C:\ProgramData\cocos\editors\Creator\3.8.7\resources\app.asar\builtin\builder\dist\worker\worker-pools\sub-process-manager.ccc:1:2409)    at ChildProcess.emit (node:events:519:28)    at Process.ChildProcess._handle.onexit (node:internal/child_process:294:12)
2026-7-6 11:58:14 - debug: Use cache engine: {link(C:\Users\Admin\AppData\Local\Temp\CocosCreator\3.8.7\builder\engine\a154ee511c93165416d720dbd46d8d34)}
2026-7-6 11:58:14 - debug: Use cache, md5String: debug=false,sourceMaps=false,includeModules=["2d","3d","animation","audio","base","custom-pipeline","gfx-webgl","gfx-webgl2","graphics","particle","physics-2d-box2d","physics-ammo","primitive","profiler","skeletal-animation","tween","ui","custom-pipeline-builtin-scripts"],engineVersion="3.8.7",platformType="HTML5",split=false,nativeCodeBundleMode="asmjs",targets=undefined,entry="C:\\ProgramData\\cocos\\editors\\Creator\\3.8.7\\resources\\resources\\3d\\engine",noDeprecatedFeatures=undefined,loose=true,assetURLFormat="runtime-resolved",flags={"DEBUG":false,"LOAD_BULLET_MANUALLY":false,"LOAD_SPINE_MANUALLY":false,"WEBGPU":false},preserveType=undefined,wasmCompressionMode=false,enableNamedRegisterForSystemJSModuleFormat=undefined,mangleProperties=false,inlineEnum=true,
2026-7-6 11:58:14 - debug: Use cache, options: {  "entry": "C:\\ProgramData\\cocos\\editors\\Creator\\3.8.7\\resources\\resources\\3d\\engine",  "debug": false,  "mangleProperties": false,  "inlineEnum": true,  "sourceMaps": false,  "includeModules": [    "2d",    "3d",    "animation",    "audio",    "base",    "custom-pipeline",    "gfx-webgl",    "gfx-webgl2",    "graphics",    "particle",    "physics-2d-box2d",    "physics-ammo",    "primitive",    "profiler",    "skeletal-animation",    "tween",    "ui",    "custom-pipeline-builtin-scripts"  ],  "engineVersion": "3.8.7",  "md5Map": [],  "engineName": "cocos-js",  "output": "D:\\工程项目\\PlayableAD\\Cocos\\TheW\\20260615_HYQ\\HYQ_Project\\build\\web-mobile\\cocos-js",  "platformType": "HTML5",  "useCache": true,  "nativeCodeBundleMode": "asmjs",  "wasmCompressionMode": false,  "split": false,  "assetURLFormat": "runtime-resolved",  "flags": {    "DEBUG": false,    "LOAD_BULLET_MANUALLY": false,    "LOAD_SPINE_MANUALLY": false,    "WEBGPU": false  }}
2026-7-6 11:58:14 - debug: 构建引擎脚本 in (216 ms) √, progress: 19%
2026-7-6 11:58:14 - debug: Copy plugin script ..., progress: 19%
2026-7-6 11:58:14 - debug: Generate import-map..., progress: 19%
2026-7-6 11:58:14 - debug: // ---- build task 打包脚本 ---- (17960ms)
2026-7-6 11:58:14 - log: run build task 打包脚本 success in 17 s√, progress: 24%
2026-7-6 11:58:14 - debug: [Build Memory track]: 打包脚本 start:260.48MB, end 259.10MB, increase: -1411.13KB
2026-7-6 11:58:14 - debug: Build Assets start, progress: 24%
2026-7-6 11:58:14 - debug: // ---- build task Build Assets ----
2026-7-6 11:58:14 - debug: Build bundles..., progress: 24%
2026-7-6 11:58:14 - debug: Pack Images start, progress: 24%
2026-7-6 11:58:14 - debug: Pack Images start, progress: 13%
2026-7-6 11:58:14 - debug: Number of pac assets: 3
2026-7-6 11:58:15 - debug: Get Cache info of pac success {asset(17513a27-4f11-4047-a0be-8d0cb6187b9e)}
2026-7-6 11:58:15 - debug: Get Cache info of pac success {asset(b74fc0c2-4c67-4dd4-8d74-9612ad56cfb1)}
2026-7-6 11:58:15 - debug: Number of pack results: 2
2026-7-6 11:58:15 - debug: start collect depend assets in pac17513a27-4f11-4047-a0be-8d0cb6187b9e
2026-7-6 11:58:15 - debug: start collect depend assets in pacb74fc0c2-4c67-4dd4-8d74-9612ad56cfb1
2026-7-6 11:58:15 - debug: start sort bundle in pacb74fc0c2-4c67-4dd4-8d74-9612ad56cfb1
2026-7-6 11:58:15 - debug: end sort bundle in pacb74fc0c2-4c67-4dd4-8d74-9612ad56cfb1
2026-7-6 11:58:15 - debug: start sort bundle in pac17513a27-4f11-4047-a0be-8d0cb6187b9e
2026-7-6 11:58:15 - debug: end sort bundle in pac17513a27-4f11-4047-a0be-8d0cb6187b9e
2026-7-6 11:58:15 - debug: builder:pack-auto-atlas-image (200ms)
2026-7-6 11:58:15 - debug: Pack Images success, progress: 24%
2026-7-6 11:58:15 - debug: Pack Images success, progress: 13%
2026-7-6 11:58:15 - debug: Compress image start..., progress: 24%
2026-7-6 11:58:15 - debug: Compress image start..., progress: 13%
2026-7-6 11:58:15 - group: Compress image...
2026-7-6 11:58:15 - debug: sort compress task {}
2026-7-6 11:58:15 - debug: Num of all image compress task 0, really: 0, configTasks: 0
2026-7-6 11:58:15 - debug: No image need to compress
2026-7-6 11:58:15 - groupEnd: Compress image...
2026-7-6 11:58:15 - debug: Compress image success..., progress: 24%
2026-7-6 11:58:15 - debug: Compress image success..., progress: 13%
2026-7-6 11:58:15 - debug: Output asset in bundles start, progress: 24%
2026-7-6 11:58:15 - debug: Output asset in bundles start, progress: 13%
2026-7-6 11:58:15 - debug: Handle all json groups in bundle internal
2026-7-6 11:58:15 - debug: handle json group
2026-7-6 11:58:15 - debug: Handle all json groups in bundle resources
2026-7-6 11:58:15 - debug: handle json group
2026-7-6 11:58:15 - debug: Handle all json groups in bundle main
2026-7-6 11:58:15 - debug: handle json group
2026-7-6 11:58:15 - debug: Json group(033f45a16) compile success，json number: 6
2026-7-6 11:58:15 - debug: Json group(0b54f34d0) compile success，json number: 6
2026-7-6 11:58:15 - debug: handle single json
2026-7-6 11:58:15 - debug: Json group(08cbea60a) compile success，json number: 6
2026-7-6 11:58:15 - debug: Json group(0a84a1761) compile success，json number: 6
2026-7-6 11:58:15 - debug: Json group(09e986d7f) compile success，json number: 6
2026-7-6 11:58:15 - debug: Json group(0a8b38f43) compile success，json number: 6
2026-7-6 11:58:15 - debug: Json group(05a6ba422) compile success，json number: 6
2026-7-6 11:58:15 - debug: handle single json
2026-7-6 11:58:15 - debug: Json group(0bd960b15) compile success，json number: 6
2026-7-6 11:58:15 - debug: Json group(05d786f3c) compile success，json number: 6
2026-7-6 11:58:15 - debug: Json group(0a9a16365) compile success，json number: 6
2026-7-6 11:58:15 - debug: Json group(0939f5774) compile success，json number: 6
2026-7-6 11:58:15 - debug: Json group(04d1efb95) compile success，json number: 6
2026-7-6 11:58:15 - debug: Json group(05ff4bf9a) compile success，json number: 6
2026-7-6 11:58:15 - debug: Json group(058888a4d) compile success，json number: 6
2026-7-6 11:58:15 - debug: Json group(0aa2d87de) compile success，json number: 6
2026-7-6 11:58:15 - debug: Json group(0936a916b) compile success，json number: 6
2026-7-6 11:58:15 - debug: Json group(0b3e0b1ce) compile success，json number: 6
2026-7-6 11:58:15 - debug: Json group(03bca836c) compile success，json number: 6
2026-7-6 11:58:15 - debug: Json group(018f8689b) compile success，json number: 6
2026-7-6 11:58:15 - debug: Json group(09f4a3c5f) compile success，json number: 6
2026-7-6 11:58:15 - debug: Json group(0573d1736) compile success，json number: 6
2026-7-6 11:58:16 - warn(2): The Mesh used by component "cc.MeshRenderer" in prefab "Role_2" is missing. Detailed information:Node path: "Role_2/New Node/Bip001 Prop1 Socket/jiateling01"Asset url: "db://assets/GameRes/Prefab/Role_2"Missing uuid: "03189dd5-73dd-4e52-8644-1ff1a122b972@18a45"
2026-7-6 11:58:16 - debug: Json group(0d1405e99) compile success，json number: 6
2026-7-6 11:58:16 - debug: Json group(0fbb3d0d7) compile success，json number: 6
2026-7-6 11:58:16 - debug: Json group(0b756a9e5) compile success，json number: 6
2026-7-6 11:58:16 - debug: Json group(0acdaf410) compile success，json number: 6
2026-7-6 11:58:16 - debug: Json group(045d59844) compile success，json number: 6
2026-7-6 11:58:16 - debug: Json group(03d712220) compile success，json number: 6
2026-7-6 11:58:16 - debug: Json group(0418d0963) compile success，json number: 6
2026-7-6 11:58:16 - debug: Json group(0d46b5455) compile success，json number: 6
2026-7-6 11:58:16 - debug: Json group(0d76502e0) compile success，json number: 6
2026-7-6 11:58:16 - warn: The Mesh used by component "cc.MeshRenderer" in prefab "Role_1" is missing. Detailed information:Node path: "Role_1/New Node/Bip001 Prop1 Socket/jiateling01"Asset url: "db://assets/GameRes/Prefab/Role_1"Missing uuid: "03189dd5-73dd-4e52-8644-1ff1a122b972@18a45"
2026-7-6 11:58:16 - debug: Json group(03a0f8b8b) compile success，json number: 6
2026-7-6 11:58:16 - debug: Json group(05744dfbc) compile success，json number: 6
2026-7-6 11:58:16 - debug: handle single json
2026-7-6 11:58:17 - debug: Output asset in bundles success, progress: 24%
2026-7-6 11:58:17 - debug: Output asset in bundles success, progress: 13%
2026-7-6 11:58:17 - debug: Output asset in bundles start, progress: 24%
2026-7-6 11:58:17 - debug: Output asset in bundles start, progress: 13%
2026-7-6 11:58:17 - debug: compress config of bundle internal...
2026-7-6 11:58:17 - debug: compress config of bundle internal success
2026-7-6 11:58:17 - debug: compress config of bundle resources...
2026-7-6 11:58:17 - debug: compress config of bundle resources success
2026-7-6 11:58:17 - debug: compress config of bundle main...
2026-7-6 11:58:17 - debug: compress config of bundle main success
2026-7-6 11:58:17 - debug: output config of bundle internal
2026-7-6 11:58:17 - debug: output config of bundle internal success
2026-7-6 11:58:17 - debug: output config of bundle resources
2026-7-6 11:58:17 - debug: output config of bundle resources success
2026-7-6 11:58:17 - debug: output config of bundle main
2026-7-6 11:58:17 - debug: output config of bundle main success
2026-7-6 11:58:17 - debug: Output asset in bundles success, progress: 24%
2026-7-6 11:58:17 - debug: Output asset in bundles success, progress: 13%
2026-7-6 11:58:17 - debug: // ---- build task Build Assets ---- (2163ms)
2026-7-6 11:58:17 - log: run build task Build Assets success in 2 s√, progress: 29%
2026-7-6 11:58:17 - debug: [Build Memory track]: Build Assets start:259.15MB, end 271.33MB, increase: 12.19MB
2026-7-6 11:58:17 - debug: 整理部分构建选项内数据到 settings.json start, progress: 29%
2026-7-6 11:58:17 - debug: // ---- build task 整理部分构建选项内数据到 settings.json ----
2026-7-6 11:58:17 - debug: // ---- build task 整理部分构建选项内数据到 settings.json ---- (56ms)
2026-7-6 11:58:17 - log: run build task 整理部分构建选项内数据到 settings.json success in 56 ms√, progress: 31%
2026-7-6 11:58:17 - debug: [Build Memory track]: 整理部分构建选项内数据到 settings.json start:271.61MB, end 271.56MB, increase: -49.17KB
2026-7-6 11:58:17 - debug: 填充脚本数据到 settings.json start, progress: 31%
2026-7-6 11:58:17 - debug: // ---- build task 填充脚本数据到 settings.json ----
2026-7-6 11:58:17 - debug: // ---- build task 填充脚本数据到 settings.json ---- (44ms)
2026-7-6 11:58:17 - log: run build task 填充脚本数据到 settings.json success in 44 ms√, progress: 32%
2026-7-6 11:58:17 - debug: [Build Memory track]: 填充脚本数据到 settings.json start:271.61MB, end 271.69MB, increase: 86.12KB
2026-7-6 11:58:17 - debug: 整理部分构建选项内数据到 settings.json start, progress: 32%
2026-7-6 11:58:17 - debug: // ---- build task 整理部分构建选项内数据到 settings.json ----
2026-7-6 11:58:17 - debug: // ---- build task 整理部分构建选项内数据到 settings.json ---- (292ms)
2026-7-6 11:58:17 - log: run build task 整理部分构建选项内数据到 settings.json success in 292 ms√, progress: 34%
2026-7-6 11:58:17 - debug: [Build Memory track]: 整理部分构建选项内数据到 settings.json start:271.74MB, end 271.88MB, increase: 152.44KB
2026-7-6 11:58:17 - debug: web-mobile:(onBeforeCompressSettings) start..., progress: 34%
2026-7-6 11:58:17 - debug: // ---- build task web-mobile：onBeforeCompressSettings ----
2026-7-6 11:58:17 - debug: // ---- build task web-mobile：onBeforeCompressSettings ---- (54ms)
2026-7-6 11:58:17 - debug: web-mobile:(onBeforeCompressSettings) in 54 ms ✓, progress: 36%
2026-7-6 11:58:17 - debug: cocos-service:(onBeforeCompressSettings) start..., progress: 36%
2026-7-6 11:58:17 - debug: // ---- build task cocos-service：onBeforeCompressSettings ----
2026-7-6 11:58:17 - debug: // ---- build task cocos-service：onBeforeCompressSettings ---- (163ms)
2026-7-6 11:58:17 - debug: cocos-service:(onBeforeCompressSettings) in 163 ms ✓, progress: 38%
2026-7-6 11:58:17 - debug: super-packager:(onBeforeCompressSettings) start..., progress: 38%
2026-7-6 11:58:17 - debug: // ---- build task super-packager：onBeforeCompressSettings ----
2026-7-6 11:58:17 - log: [SUPER_PACKAGE]onBeforeCompressSettings
2026-7-6 11:58:17 - debug: // ---- build task super-packager：onBeforeCompressSettings ---- (64ms)
2026-7-6 11:58:17 - debug: super-packager:(onBeforeCompressSettings) in 64 ms ✓, progress: 40%
2026-7-6 11:58:17 - debug: 整理静态模板文件 start, progress: 40%
2026-7-6 11:58:17 - debug: // ---- build task 整理静态模板文件 ----
2026-7-6 11:58:18 - debug: // ---- build task 整理静态模板文件 ---- (205ms)
2026-7-6 11:58:18 - log: run build task 整理静态模板文件 success in 205 ms√, progress: 45%
2026-7-6 11:58:18 - debug: [Build Memory track]: 整理静态模板文件 start:272.33MB, end 274.02MB, increase: 1.69MB
2026-7-6 11:58:18 - debug: cocos-service:(onAfterCompressSettings) start..., progress: 45%
2026-7-6 11:58:18 - debug: // ---- build task cocos-service：onAfterCompressSettings ----
2026-7-6 11:58:18 - debug: // ---- build task cocos-service：onAfterCompressSettings ---- (135ms)
2026-7-6 11:58:18 - debug: cocos-service:(onAfterCompressSettings) in 135 ms ✓, progress: 46%
2026-7-6 11:58:18 - debug: super-packager:(onAfterCompressSettings) start..., progress: 46%
2026-7-6 11:58:18 - debug: // ---- build task super-packager：onAfterCompressSettings ----
2026-7-6 11:58:18 - log: [SUPER_PACKAGE]onAfterCompressSettings
2026-7-6 11:58:18 - debug: // ---- build task super-packager：onAfterCompressSettings ---- (60ms)
2026-7-6 11:58:18 - debug: super-packager:(onAfterCompressSettings) in 60 ms ✓, progress: 48%
2026-7-6 11:58:18 - debug: web-mobile:(onBeforeCopyBuildTemplate) start..., progress: 48%
2026-7-6 11:58:18 - debug: // ---- build task web-mobile：onBeforeCopyBuildTemplate ----
2026-7-6 11:58:18 - debug: // ---- build task web-mobile：onBeforeCopyBuildTemplate ---- (213ms)
2026-7-6 11:58:18 - debug: web-mobile:(onBeforeCopyBuildTemplate) in 213 ms ✓, progress: 50%
2026-7-6 11:58:18 - debug: 给所有的资源加上 MD5 后缀 start, progress: 50%
2026-7-6 11:58:18 - debug: // ---- build task 给所有的资源加上 MD5 后缀 ----
2026-7-6 11:58:18 - debug: // ---- build task 给所有的资源加上 MD5 后缀 ---- (67ms)
2026-7-6 11:58:18 - log: run build task 给所有的资源加上 MD5 后缀 success in 67 ms√, progress: 60%
2026-7-6 11:58:18 - debug: [Build Memory track]: 给所有的资源加上 MD5 后缀 start:272.35MB, end 272.45MB, increase: 101.67KB
2026-7-6 11:58:18 - debug: web-mobile:(onAfterBuild) start..., progress: 60%
2026-7-6 11:58:18 - debug: // ---- build task web-mobile：onAfterBuild ----
2026-7-6 11:58:18 - debug: // ---- build task web-mobile：onAfterBuild ---- (54ms)
2026-7-6 11:58:18 - debug: web-mobile:(onAfterBuild) in 54 ms ✓, progress: 62%
2026-7-6 11:58:18 - debug: cocos-service:(onAfterBuild) start..., progress: 62%
2026-7-6 11:58:18 - debug: // ---- build task cocos-service：onAfterBuild ----
2026-7-6 11:58:18 - debug: // ---- build task cocos-service：onAfterBuild ---- (147ms)
2026-7-6 11:58:18 - debug: cocos-service:(onAfterBuild) in 147 ms ✓, progress: 64%
2026-7-6 11:58:18 - debug: adsense-h5g-plugin:(onAfterBuild) start..., progress: 64%
2026-7-6 11:58:18 - debug: // ---- build task adsense-h5g-plugin：onAfterBuild ----
2026-7-6 11:58:18 - debug: // ---- build task adsense-h5g-plugin：onAfterBuild ---- (56ms)
2026-7-6 11:58:18 - debug: adsense-h5g-plugin:(onAfterBuild) in 56 ms ✓, progress: 65%
2026-7-6 11:58:18 - debug: super-html:(onAfterBuild) start..., progress: 65%
2026-7-6 11:58:18 - debug: // ---- build task super-html：onAfterBuild ----
2026-7-6 11:58:18 - log: [super-html] : -- start --
2026-7-6 11:58:18 - log: [super-html] : engine version 3.8.7
2026-7-6 11:58:18 - log: [super-html] : s_input_dir D:\工程项目\PlayableAD\Cocos\TheW\20260615_HYQ\HYQ_Project\build\web-mobile
2026-7-6 11:58:18 - log: [super-html] : s_out_dir D:\工程项目\PlayableAD\Cocos\TheW\20260615_HYQ\HYQ_Project\build\super-html
2026-7-6 11:58:24 - debug: // ---- build task super-html：onAfterBuild ---- (5957ms)
2026-7-6 11:58:24 - debug: super-html:(onAfterBuild) in 5957 ms ✓, progress: 67%
2026-7-6 11:58:24 - debug: super-packager:(onAfterBuild) start..., progress: 67%
2026-7-6 11:58:24 - debug: // ---- build task super-packager：onAfterBuild ----
2026-7-6 11:58:24 - log: [SUPER_PACKAGE]onAfterBuild
2026-7-6 11:58:25 - debug: // ---- build task super-packager：onAfterBuild ---- (70ms)
2026-7-6 11:58:25 - debug: super-packager:(onAfterBuild) in 70 ms ✓, progress: 69%
2026-7-6 11:58:25 - log: Asset DB is resume!
2026-7-6 11:58:25 - debug: builder:build-project-total (29813ms)
2026-7-6 11:58:25 - debug: build task(web-mobile) in 29813!
2026-7-6 11:58:25 - debug: [Build Memory track]: builder:build-project-total start:247.39MB, end 281.81MB, increase: 34.42MB
2026-7-6 11:58:25 - debug: ================================ build Task (web-mobile) Finished in (30 s)ms ================================
