17:06:03.051 debug: 2026/6/24 17:06:03
17:06:03.052 debug: Project: D:\工程项目\PlayableAD\Cocos\TheW\20260615_HYQ\HYQ_Project
17:06:03.052 debug: Targets: editor,preview
17:06:03.056 debug: Incremental file seems great.
17:06:03.056 debug: Engine path: C:\ProgramData\cocos\editors\Creator\3.8.7\resources\resources\3d\engine
17:06:03.071 debug: Initializing target [Editor]
17:06:03.071 debug: Loading cache
17:06:03.079 debug: Loading cache costs 7.617899999999281ms.
17:06:03.079 debug: Engine features shipped in editor: base,gfx-webgl,gfx-webgl2,gfx-empty,gfx-webgpu,3d,animation,skeletal-animation,2d,rich-text,mask,graphics,ui-skew,ui,affine-transform,sorting-2d,particle,particle-2d,physics-framework,physics-cannon,physics-physx,physics-ammo,physics-builtin,physics-2d-framework,physics-2d-box2d-jsb,physics-2d-box2d,physics-2d-builtin,physics-2d-box2d-wasm,intersection-2d,primitive,profiler,occlusion-query,geometry-renderer,debug-renderer,audio,video,xr,light-probe,terrain,webview,tween,tiled-map,vendor-google,spine-3.8,spine-4.2,dragon-bones,marionette,procedural-animation,custom-pipeline,custom-pipeline-builtin-scripts,custom-pipeline-post-process,legacy-pipeline,websocket,websocket-server,meshopt
17:06:03.080 debug: Our import map(foo:/bar): {
  "imports": {
    "cc": "cce:/internal/x/cc"
  }
}
17:06:03.080 debug: Initializing target [Preview]
17:06:03.080 debug: Loading cache
17:06:03.087 debug: Loading cache costs 6.629499999999098ms.
17:06:03.087 debug: Our import map(foo:/bar): {
  "imports": {
    "cc": "cce:/internal/x/cc"
  }
}
17:06:03.163 debug: Sync engine features: 2d,3d,animation,audio,base,custom-pipeline,gfx-webgl,gfx-webgl2,graphics,particle,physics-2d-box2d,physics-ammo,primitive,profiler,skeletal-animation,tween,ui
17:06:03.170 debug: Reset databases. Enumerated domains: [
  {
    "root": "db://internal/",
    "physical": "C:\\ProgramData\\cocos\\editors\\Creator\\3.8.7\\resources\\resources\\3d\\engine\\editor\\assets"
  },
  {
    "root": "db://assets/",
    "physical": "D:\\工程项目\\PlayableAD\\Cocos\\TheW\\20260615_HYQ\\HYQ_Project\\assets"
  },
  {
    "root": "db://super-packager/",
    "physical": "D:\\工程项目\\PlayableAD\\Cocos\\TheW\\20260615_HYQ\\HYQ_Project\\extensions\\super-packager\\package_assets",
    "jail": "D:\\工程项目\\PlayableAD\\Cocos\\TheW\\20260615_HYQ\\HYQ_Project\\extensions\\super-packager\\package_assets"
  }
]
17:06:03.170 debug: Our import map(foo:/bar): {
  "imports": {
    "cc": "cce:/internal/x/cc",
    "db://internal/": "file:///C:/ProgramData/cocos/editors/Creator/3.8.7/resources/resources/3d/engine/editor/assets/",
    "db://assets/": "file:///D:/%E5%B7%A5%E7%A8%8B%E9%A1%B9%E7%9B%AE/PlayableAD/Cocos/TheW/20260615_HYQ/HYQ_Project/assets/",
    "db://super-packager/": "file:///D:/%E5%B7%A5%E7%A8%8B%E9%A1%B9%E7%9B%AE/PlayableAD/Cocos/TheW/20260615_HYQ/HYQ_Project/extensions/super-packager/package_assets/"
  }
}
17:06:03.172 debug: Our import map(foo:/bar): {
  "imports": {
    "cc": "cce:/internal/x/cc",
    "db://internal/": "file:///C:/ProgramData/cocos/editors/Creator/3.8.7/resources/resources/3d/engine/editor/assets/",
    "db://assets/": "file:///D:/%E5%B7%A5%E7%A8%8B%E9%A1%B9%E7%9B%AE/PlayableAD/Cocos/TheW/20260615_HYQ/HYQ_Project/assets/",
    "db://super-packager/": "file:///D:/%E5%B7%A5%E7%A8%8B%E9%A1%B9%E7%9B%AE/PlayableAD/Cocos/TheW/20260615_HYQ/HYQ_Project/extensions/super-packager/package_assets/"
  }
}
17:06:03.173 debug: Pulling asset-db.
17:06:03.177 debug: Fetch asset-db cost: 3.3258999999998196ms.
17:06:03.179 debug: Build iteration starts.
Number of accumulated asset changes: 0
Feature changed: false
17:06:03.180 debug: Target(editor) build started.
17:06:03.185 debug: Detected change: cce:/internal/x/cc. Last mtime: Thu Jan 01 1970 08:00:10 GMT+0800 (中国标准时间), Current mtime: Thu Jan 01 1970 08:00:11 GMT+0800 (中国标准时间)
17:06:03.185 debug: Inspect cce:/internal/x/cc
17:06:03.271 debug: transform url: 'cce:/internal/x/cc' costs: 86.40 ms
17:06:03.273 debug: Resolve cce:/internal/x/cc-fu/base from cce:/internal/x/cc as external dependency cce:/internal/x/cc-fu/base.
17:06:03.273 debug: Resolve cce:/internal/x/cc-fu/gfx-webgl from cce:/internal/x/cc as external dependency cce:/internal/x/cc-fu/gfx-webgl.
17:06:03.273 debug: Resolve cce:/internal/x/cc-fu/gfx-webgl2 from cce:/internal/x/cc as external dependency cce:/internal/x/cc-fu/gfx-webgl2.
17:06:03.273 debug: Resolve cce:/internal/x/cc-fu/gfx-empty from cce:/internal/x/cc as external dependency cce:/internal/x/cc-fu/gfx-empty.
17:06:03.273 debug: Resolve cce:/internal/x/cc-fu/gfx-webgpu from cce:/internal/x/cc as external dependency cce:/internal/x/cc-fu/gfx-webgpu.
17:06:03.273 debug: Resolve cce:/internal/x/cc-fu/3d from cce:/internal/x/cc as external dependency cce:/internal/x/cc-fu/3d.
17:06:03.273 debug: Resolve cce:/internal/x/cc-fu/animation from cce:/internal/x/cc as external dependency cce:/internal/x/cc-fu/animation.
17:06:03.273 debug: Resolve cce:/internal/x/cc-fu/skeletal-animation from cce:/internal/x/cc as external dependency cce:/internal/x/cc-fu/skeletal-animation.
17:06:03.273 debug: Resolve cce:/internal/x/cc-fu/2d from cce:/internal/x/cc as external dependency cce:/internal/x/cc-fu/2d.
17:06:03.273 debug: Resolve cce:/internal/x/cc-fu/sorting from cce:/internal/x/cc as external dependency cce:/internal/x/cc-fu/sorting.
17:06:03.273 debug: Resolve cce:/internal/x/cc-fu/rich-text from cce:/internal/x/cc as external dependency cce:/internal/x/cc-fu/rich-text.
17:06:03.273 debug: Resolve cce:/internal/x/cc-fu/mask from cce:/internal/x/cc as external dependency cce:/internal/x/cc-fu/mask.
17:06:03.274 debug: Resolve cce:/internal/x/cc-fu/graphics from cce:/internal/x/cc as external dependency cce:/internal/x/cc-fu/graphics.
17:06:03.274 debug: Resolve cce:/internal/x/cc-fu/ui-skew from cce:/internal/x/cc as external dependency cce:/internal/x/cc-fu/ui-skew.
17:06:03.274 debug: Resolve cce:/internal/x/cc-fu/ui from cce:/internal/x/cc as external dependency cce:/internal/x/cc-fu/ui.
17:06:03.274 debug: Resolve cce:/internal/x/cc-fu/affine-transform from cce:/internal/x/cc as external dependency cce:/internal/x/cc-fu/affine-transform.
17:06:03.274 debug: Resolve cce:/internal/x/cc-fu/sorting-2d from cce:/internal/x/cc as external dependency cce:/internal/x/cc-fu/sorting-2d.
17:06:03.274 debug: Resolve cce:/internal/x/cc-fu/particle from cce:/internal/x/cc as external dependency cce:/internal/x/cc-fu/particle.
17:06:03.274 debug: Resolve cce:/internal/x/cc-fu/particle-2d from cce:/internal/x/cc as external dependency cce:/internal/x/cc-fu/particle-2d.
17:06:03.274 debug: Resolve cce:/internal/x/cc-fu/physics-framework from cce:/internal/x/cc as external dependency cce:/internal/x/cc-fu/physics-framework.
17:06:03.274 debug: Resolve cce:/internal/x/cc-fu/physics-cannon from cce:/internal/x/cc as external dependency cce:/internal/x/cc-fu/physics-cannon.
17:06:03.274 debug: Resolve cce:/internal/x/cc-fu/physics-physx from cce:/internal/x/cc as external dependency cce:/internal/x/cc-fu/physics-physx.
17:06:03.274 debug: Resolve cce:/internal/x/cc-fu/physics-ammo from cce:/internal/x/cc as external dependency cce:/internal/x/cc-fu/physics-ammo.
17:06:03.274 debug: Resolve cce:/internal/x/cc-fu/physics-builtin from cce:/internal/x/cc as external dependency cce:/internal/x/cc-fu/physics-builtin.
17:06:03.274 debug: Resolve cce:/internal/x/cc-fu/physics-2d-framework from cce:/internal/x/cc as external dependency cce:/internal/x/cc-fu/physics-2d-framework.
17:06:03.274 debug: Resolve cce:/internal/x/cc-fu/physics-2d-box2d-jsb from cce:/internal/x/cc as external dependency cce:/internal/x/cc-fu/physics-2d-box2d-jsb.
17:06:03.274 debug: Resolve cce:/internal/x/cc-fu/physics-2d-box2d from cce:/internal/x/cc as external dependency cce:/internal/x/cc-fu/physics-2d-box2d.
17:06:03.274 debug: Resolve cce:/internal/x/cc-fu/physics-2d-builtin from cce:/internal/x/cc as external dependency cce:/internal/x/cc-fu/physics-2d-builtin.
17:06:03.274 debug: Resolve cce:/internal/x/cc-fu/physics-2d-box2d-wasm from cce:/internal/x/cc as external dependency cce:/internal/x/cc-fu/physics-2d-box2d-wasm.
17:06:03.274 debug: Resolve cce:/internal/x/cc-fu/intersection-2d from cce:/internal/x/cc as external dependency cce:/internal/x/cc-fu/intersection-2d.
17:06:03.274 debug: Resolve cce:/internal/x/cc-fu/primitive from cce:/internal/x/cc as external dependency cce:/internal/x/cc-fu/primitive.
17:06:03.274 debug: Resolve cce:/internal/x/cc-fu/profiler from cce:/internal/x/cc as external dependency cce:/internal/x/cc-fu/profiler.
17:06:03.274 debug: Resolve cce:/internal/x/cc-fu/geometry-renderer from cce:/internal/x/cc as external dependency cce:/internal/x/cc-fu/geometry-renderer.
17:06:03.274 debug: Resolve cce:/internal/x/cc-fu/audio from cce:/internal/x/cc as external dependency cce:/internal/x/cc-fu/audio.
17:06:03.274 debug: Resolve cce:/internal/x/cc-fu/video from cce:/internal/x/cc as external dependency cce:/internal/x/cc-fu/video.
17:06:03.274 debug: Resolve cce:/internal/x/cc-fu/xr from cce:/internal/x/cc as external dependency cce:/internal/x/cc-fu/xr.
17:06:03.274 debug: Resolve cce:/internal/x/cc-fu/light-probe from cce:/internal/x/cc as external dependency cce:/internal/x/cc-fu/light-probe.
17:06:03.274 debug: Resolve cce:/internal/x/cc-fu/terrain from cce:/internal/x/cc as external dependency cce:/internal/x/cc-fu/terrain.
17:06:03.274 debug: Resolve cce:/internal/x/cc-fu/webview from cce:/internal/x/cc as external dependency cce:/internal/x/cc-fu/webview.
17:06:03.274 debug: Resolve cce:/internal/x/cc-fu/tween from cce:/internal/x/cc as external dependency cce:/internal/x/cc-fu/tween.
17:06:03.274 debug: Resolve cce:/internal/x/cc-fu/tiled-map from cce:/internal/x/cc as external dependency cce:/internal/x/cc-fu/tiled-map.
17:06:03.275 debug: Resolve cce:/internal/x/cc-fu/vendor-google from cce:/internal/x/cc as external dependency cce:/internal/x/cc-fu/vendor-google.
17:06:03.275 debug: Resolve cce:/internal/x/cc-fu/spine from cce:/internal/x/cc as external dependency cce:/internal/x/cc-fu/spine.
17:06:03.275 debug: Resolve cce:/internal/x/cc-fu/dragon-bones from cce:/internal/x/cc as external dependency cce:/internal/x/cc-fu/dragon-bones.
17:06:03.275 debug: Resolve cce:/internal/x/cc-fu/custom-pipeline from cce:/internal/x/cc as external dependency cce:/internal/x/cc-fu/custom-pipeline.
17:06:03.275 debug: Resolve cce:/internal/x/cc-fu/custom-pipeline-post-process from cce:/internal/x/cc as external dependency cce:/internal/x/cc-fu/custom-pipeline-post-process.
17:06:03.275 debug: Resolve cce:/internal/x/cc-fu/legacy-pipeline from cce:/internal/x/cc as external dependency cce:/internal/x/cc-fu/legacy-pipeline.
17:06:03.275 debug: Detected change: cce:/internal/x/prerequisite-imports. Last mtime: Thu Jan 01 1970 10:55:40 GMT+0800 (中国标准时间), Current mtime: Thu Jan 01 1970 08:00:11 GMT+0800 (中国标准时间)
17:06:03.275 debug: Inspect cce:/internal/x/prerequisite-imports
17:06:03.293 debug: transform url: 'cce:/internal/x/prerequisite-imports' costs: 18.30 ms
17:06:03.314 debug: Target(editor) ends with cost 133.78820000000087ms.
17:06:03.314 debug: Target(preview) build started.
17:06:03.318 debug: Detected change: cce:/internal/x/cc. Last mtime: Thu Jan 01 1970 08:00:10 GMT+0800 (中国标准时间), Current mtime: Thu Jan 01 1970 08:00:11 GMT+0800 (中国标准时间)
17:06:03.318 debug: Inspect cce:/internal/x/cc
17:06:03.346 debug: transform url: 'cce:/internal/x/cc' costs: 28.50 ms
17:06:03.348 debug: Resolve cce:/internal/x/cc-fu/2d from cce:/internal/x/cc as external dependency cce:/internal/x/cc-fu/2d.
17:06:03.348 debug: Resolve cce:/internal/x/cc-fu/sorting from cce:/internal/x/cc as external dependency cce:/internal/x/cc-fu/sorting.
17:06:03.348 debug: Resolve cce:/internal/x/cc-fu/3d from cce:/internal/x/cc as external dependency cce:/internal/x/cc-fu/3d.
17:06:03.348 debug: Resolve cce:/internal/x/cc-fu/animation from cce:/internal/x/cc as external dependency cce:/internal/x/cc-fu/animation.
17:06:03.348 debug: Resolve cce:/internal/x/cc-fu/audio from cce:/internal/x/cc as external dependency cce:/internal/x/cc-fu/audio.
17:06:03.348 debug: Resolve cce:/internal/x/cc-fu/base from cce:/internal/x/cc as external dependency cce:/internal/x/cc-fu/base.
17:06:03.348 debug: Resolve cce:/internal/x/cc-fu/custom-pipeline from cce:/internal/x/cc as external dependency cce:/internal/x/cc-fu/custom-pipeline.
17:06:03.348 debug: Resolve cce:/internal/x/cc-fu/gfx-webgl from cce:/internal/x/cc as external dependency cce:/internal/x/cc-fu/gfx-webgl.
17:06:03.348 debug: Resolve cce:/internal/x/cc-fu/gfx-webgl2 from cce:/internal/x/cc as external dependency cce:/internal/x/cc-fu/gfx-webgl2.
17:06:03.348 debug: Resolve cce:/internal/x/cc-fu/graphics from cce:/internal/x/cc as external dependency cce:/internal/x/cc-fu/graphics.
17:06:03.348 debug: Resolve cce:/internal/x/cc-fu/particle from cce:/internal/x/cc as external dependency cce:/internal/x/cc-fu/particle.
17:06:03.348 debug: Resolve cce:/internal/x/cc-fu/physics-2d-box2d from cce:/internal/x/cc as external dependency cce:/internal/x/cc-fu/physics-2d-box2d.
17:06:03.348 debug: Resolve cce:/internal/x/cc-fu/physics-2d-framework from cce:/internal/x/cc as external dependency cce:/internal/x/cc-fu/physics-2d-framework.
17:06:03.348 debug: Resolve cce:/internal/x/cc-fu/physics-ammo from cce:/internal/x/cc as external dependency cce:/internal/x/cc-fu/physics-ammo.
17:06:03.348 debug: Resolve cce:/internal/x/cc-fu/physics-framework from cce:/internal/x/cc as external dependency cce:/internal/x/cc-fu/physics-framework.
17:06:03.348 debug: Resolve cce:/internal/x/cc-fu/primitive from cce:/internal/x/cc as external dependency cce:/internal/x/cc-fu/primitive.
17:06:03.348 debug: Resolve cce:/internal/x/cc-fu/profiler from cce:/internal/x/cc as external dependency cce:/internal/x/cc-fu/profiler.
17:06:03.348 debug: Resolve cce:/internal/x/cc-fu/skeletal-animation from cce:/internal/x/cc as external dependency cce:/internal/x/cc-fu/skeletal-animation.
17:06:03.348 debug: Resolve cce:/internal/x/cc-fu/tween from cce:/internal/x/cc as external dependency cce:/internal/x/cc-fu/tween.
17:06:03.349 debug: Resolve cce:/internal/x/cc-fu/ui from cce:/internal/x/cc as external dependency cce:/internal/x/cc-fu/ui.
17:06:03.349 debug: Detected change: cce:/internal/x/prerequisite-imports. Last mtime: Thu Jan 01 1970 10:55:41 GMT+0800 (中国标准时间), Current mtime: Thu Jan 01 1970 08:00:11 GMT+0800 (中国标准时间)
17:06:03.349 debug: Inspect cce:/internal/x/prerequisite-imports
17:06:03.365 debug: transform url: 'cce:/internal/x/prerequisite-imports' costs: 16.20 ms
17:06:03.410 debug: Target(preview) ends with cost 96.33230000000003ms.
17:06:06.437 debug: Pulling asset-db.
17:06:08.281 debug: Fetch asset-db cost: 1843.320099999999ms.
17:06:08.284 debug: Build iteration starts.
Number of accumulated asset changes: 109
Feature changed: false
17:06:08.285 debug: Target(editor) build started.
17:06:08.288 debug: Detected change: cce:/internal/x/prerequisite-imports. Last mtime: Thu Jan 01 1970 08:00:11 GMT+0800 (中国标准时间), Current mtime: Thu Jan 01 1970 08:00:16 GMT+0800 (中国标准时间)
17:06:08.288 debug: Inspect cce:/internal/x/prerequisite-imports
17:06:08.370 debug: transform url: 'cce:/internal/x/prerequisite-imports' costs: 81.50 ms
17:06:08.375 debug: Resolve file:///C:/ProgramData/cocos/editors/Creator/3.8.7/resources/resources/3d/engine/editor/assets/default_renderpipeline/builtin-dof-pass.ts from cce:/internal/x/prerequisite-imports as file:///C:/ProgramData/cocos/editors/Creator/3.8.7/resources/resources/3d/engine/editor/assets/default_renderpipeline/builtin-dof-pass.ts.
17:06:08.377 debug: Resolve file:///C:/ProgramData/cocos/editors/Creator/3.8.7/resources/resources/3d/engine/editor/assets/default_renderpipeline/builtin-pipeline-pass.ts from cce:/internal/x/prerequisite-imports as file:///C:/ProgramData/cocos/editors/Creator/3.8.7/resources/resources/3d/engine/editor/assets/default_renderpipeline/builtin-pipeline-pass.ts.
17:06:08.379 debug: Resolve file:///C:/ProgramData/cocos/editors/Creator/3.8.7/resources/resources/3d/engine/editor/assets/default_renderpipeline/builtin-pipeline-settings.ts from cce:/internal/x/prerequisite-imports as file:///C:/ProgramData/cocos/editors/Creator/3.8.7/resources/resources/3d/engine/editor/assets/default_renderpipeline/builtin-pipeline-settings.ts.
17:06:08.381 debug: Resolve file:///C:/ProgramData/cocos/editors/Creator/3.8.7/resources/resources/3d/engine/editor/assets/default_renderpipeline/builtin-pipeline-types.ts from cce:/internal/x/prerequisite-imports as file:///C:/ProgramData/cocos/editors/Creator/3.8.7/resources/resources/3d/engine/editor/assets/default_renderpipeline/builtin-pipeline-types.ts.
17:06:08.382 debug: Resolve file:///C:/ProgramData/cocos/editors/Creator/3.8.7/resources/resources/3d/engine/editor/assets/default_renderpipeline/builtin-pipeline.ts from cce:/internal/x/prerequisite-imports as file:///C:/ProgramData/cocos/editors/Creator/3.8.7/resources/resources/3d/engine/editor/assets/default_renderpipeline/builtin-pipeline.ts.
17:06:08.385 debug: Resolve file:///C:/ProgramData/cocos/editors/Creator/3.8.7/resources/resources/3d/engine/editor/assets/tools/debug-view-runtime-control.ts from cce:/internal/x/prerequisite-imports as file:///C:/ProgramData/cocos/editors/Creator/3.8.7/resources/resources/3d/engine/editor/assets/tools/debug-view-runtime-control.ts.
17:06:08.386 debug: Resolve file:///D:/%E5%B7%A5%E7%A8%8B%E9%A1%B9%E7%9B%AE/PlayableAD/Cocos/TheW/20260615_HYQ/HYQ_Project/assets/GameRes/1219/Scene/Eff/light/Lightning.ts from cce:/internal/x/prerequisite-imports as file:///D:/%E5%B7%A5%E7%A8%8B%E9%A1%B9%E7%9B%AE/PlayableAD/Cocos/TheW/20260615_HYQ/HYQ_Project/assets/GameRes/1219/Scene/Eff/light/Lightning.ts.
17:06:08.386 debug: Resolve file:///D:/%E5%B7%A5%E7%A8%8B%E9%A1%B9%E7%9B%AE/PlayableAD/Cocos/TheW/20260615_HYQ/HYQ_Project/assets/Script/Base/AudioManager.ts from cce:/internal/x/prerequisite-imports as file:///D:/%E5%B7%A5%E7%A8%8B%E9%A1%B9%E7%9B%AE/PlayableAD/Cocos/TheW/20260615_HYQ/HYQ_Project/assets/Script/Base/AudioManager.ts.
17:06:08.387 debug: Resolve file:///D:/%E5%B7%A5%E7%A8%8B%E9%A1%B9%E7%9B%AE/PlayableAD/Cocos/TheW/20260615_HYQ/HYQ_Project/assets/Script/Base/CameraMove.ts from cce:/internal/x/prerequisite-imports as file:///D:/%E5%B7%A5%E7%A8%8B%E9%A1%B9%E7%9B%AE/PlayableAD/Cocos/TheW/20260615_HYQ/HYQ_Project/assets/Script/Base/CameraMove.ts.
17:06:08.388 debug: Resolve file:///D:/%E5%B7%A5%E7%A8%8B%E9%A1%B9%E7%9B%AE/PlayableAD/Cocos/TheW/20260615_HYQ/HYQ_Project/assets/Script/Base/EnumList.ts from cce:/internal/x/prerequisite-imports as file:///D:/%E5%B7%A5%E7%A8%8B%E9%A1%B9%E7%9B%AE/PlayableAD/Cocos/TheW/20260615_HYQ/HYQ_Project/assets/Script/Base/EnumList.ts.
17:06:08.389 debug: Resolve file:///D:/%E5%B7%A5%E7%A8%8B%E9%A1%B9%E7%9B%AE/PlayableAD/Cocos/TheW/20260615_HYQ/HYQ_Project/assets/Script/Base/EventManager.ts from cce:/internal/x/prerequisite-imports as file:///D:/%E5%B7%A5%E7%A8%8B%E9%A1%B9%E7%9B%AE/PlayableAD/Cocos/TheW/20260615_HYQ/HYQ_Project/assets/Script/Base/EventManager.ts.
17:06:08.390 debug: Resolve file:///D:/%E5%B7%A5%E7%A8%8B%E9%A1%B9%E7%9B%AE/PlayableAD/Cocos/TheW/20260615_HYQ/HYQ_Project/assets/Script/Base/LayerManager.ts from cce:/internal/x/prerequisite-imports as file:///D:/%E5%B7%A5%E7%A8%8B%E9%A1%B9%E7%9B%AE/PlayableAD/Cocos/TheW/20260615_HYQ/HYQ_Project/assets/Script/Base/LayerManager.ts.
17:06:08.391 debug: Resolve file:///D:/%E5%B7%A5%E7%A8%8B%E9%A1%B9%E7%9B%AE/PlayableAD/Cocos/TheW/20260615_HYQ/HYQ_Project/assets/Script/Base/MoveRot/MoveDrive.ts from cce:/internal/x/prerequisite-imports as file:///D:/%E5%B7%A5%E7%A8%8B%E9%A1%B9%E7%9B%AE/PlayableAD/Cocos/TheW/20260615_HYQ/HYQ_Project/assets/Script/Base/MoveRot/MoveDrive.ts.
17:06:08.392 debug: Resolve file:///D:/%E5%B7%A5%E7%A8%8B%E9%A1%B9%E7%9B%AE/PlayableAD/Cocos/TheW/20260615_HYQ/HYQ_Project/assets/Script/Base/MoveRot/RotationDrive.ts from cce:/internal/x/prerequisite-imports as file:///D:/%E5%B7%A5%E7%A8%8B%E9%A1%B9%E7%9B%AE/PlayableAD/Cocos/TheW/20260615_HYQ/HYQ_Project/assets/Script/Base/MoveRot/RotationDrive.ts.
17:06:08.393 debug: Resolve file:///D:/%E5%B7%A5%E7%A8%8B%E9%A1%B9%E7%9B%AE/PlayableAD/Cocos/TheW/20260615_HYQ/HYQ_Project/assets/Script/Base/MoveRot/RotationVector.ts from cce:/internal/x/prerequisite-imports as file:///D:/%E5%B7%A5%E7%A8%8B%E9%A1%B9%E7%9B%AE/PlayableAD/Cocos/TheW/20260615_HYQ/HYQ_Project/assets/Script/Base/MoveRot/RotationVector.ts.
17:06:08.394 debug: Resolve file:///D:/%E5%B7%A5%E7%A8%8B%E9%A1%B9%E7%9B%AE/PlayableAD/Cocos/TheW/20260615_HYQ/HYQ_Project/assets/Script/Base/PoolManager.ts from cce:/internal/x/prerequisite-imports as file:///D:/%E5%B7%A5%E7%A8%8B%E9%A1%B9%E7%9B%AE/PlayableAD/Cocos/TheW/20260615_HYQ/HYQ_Project/assets/Script/Base/PoolManager.ts.
17:06:08.394 debug: Resolve file:///D:/%E5%B7%A5%E7%A8%8B%E9%A1%B9%E7%9B%AE/PlayableAD/Cocos/TheW/20260615_HYQ/HYQ_Project/assets/Script/Base/PrefabsManager.ts from cce:/internal/x/prerequisite-imports as file:///D:/%E5%B7%A5%E7%A8%8B%E9%A1%B9%E7%9B%AE/PlayableAD/Cocos/TheW/20260615_HYQ/HYQ_Project/assets/Script/Base/PrefabsManager.ts.
17:06:08.395 debug: Resolve file:///D:/%E5%B7%A5%E7%A8%8B%E9%A1%B9%E7%9B%AE/PlayableAD/Cocos/TheW/20260615_HYQ/HYQ_Project/assets/Script/Base/Singleton.ts from cce:/internal/x/prerequisite-imports as file:///D:/%E5%B7%A5%E7%A8%8B%E9%A1%B9%E7%9B%AE/PlayableAD/Cocos/TheW/20260615_HYQ/HYQ_Project/assets/Script/Base/Singleton.ts.
17:06:08.396 debug: Resolve file:///D:/%E5%B7%A5%E7%A8%8B%E9%A1%B9%E7%9B%AE/PlayableAD/Cocos/TheW/20260615_HYQ/HYQ_Project/assets/Script/Base/TextAdaptation/DownLoadL8.ts from cce:/internal/x/prerequisite-imports as file:///D:/%E5%B7%A5%E7%A8%8B%E9%A1%B9%E7%9B%AE/PlayableAD/Cocos/TheW/20260615_HYQ/HYQ_Project/assets/Script/Base/TextAdaptation/DownLoadL8.ts.
17:06:08.397 debug: Resolve file:///D:/%E5%B7%A5%E7%A8%8B%E9%A1%B9%E7%9B%AE/PlayableAD/Cocos/TheW/20260615_HYQ/HYQ_Project/assets/Script/Base/TextAdaptation/DragAndMoveL8.ts from cce:/internal/x/prerequisite-imports as file:///D:/%E5%B7%A5%E7%A8%8B%E9%A1%B9%E7%9B%AE/PlayableAD/Cocos/TheW/20260615_HYQ/HYQ_Project/assets/Script/Base/TextAdaptation/DragAndMoveL8.ts.
17:06:08.397 debug: Resolve file:///D:/%E5%B7%A5%E7%A8%8B%E9%A1%B9%E7%9B%AE/PlayableAD/Cocos/TheW/20260615_HYQ/HYQ_Project/assets/Script/Base/TextAdaptation/L18Manager.ts from cce:/internal/x/prerequisite-imports as file:///D:/%E5%B7%A5%E7%A8%8B%E9%A1%B9%E7%9B%AE/PlayableAD/Cocos/TheW/20260615_HYQ/HYQ_Project/assets/Script/Base/TextAdaptation/L18Manager.ts.
17:06:08.398 debug: Resolve file:///D:/%E5%B7%A5%E7%A8%8B%E9%A1%B9%E7%9B%AE/PlayableAD/Cocos/TheW/20260615_HYQ/HYQ_Project/assets/Script/Base/TextAdaptation/LangArrAuto.ts from cce:/internal/x/prerequisite-imports as file:///D:/%E5%B7%A5%E7%A8%8B%E9%A1%B9%E7%9B%AE/PlayableAD/Cocos/TheW/20260615_HYQ/HYQ_Project/assets/Script/Base/TextAdaptation/LangArrAuto.ts.
17:06:08.399 debug: Resolve file:///D:/%E5%B7%A5%E7%A8%8B%E9%A1%B9%E7%9B%AE/PlayableAD/Cocos/TheW/20260615_HYQ/HYQ_Project/assets/Script/Base/TextAdaptation/LangAuto.ts from cce:/internal/x/prerequisite-imports as file:///D:/%E5%B7%A5%E7%A8%8B%E9%A1%B9%E7%9B%AE/PlayableAD/Cocos/TheW/20260615_HYQ/HYQ_Project/assets/Script/Base/TextAdaptation/LangAuto.ts.
17:06:08.400 debug: Resolve file:///D:/%E5%B7%A5%E7%A8%8B%E9%A1%B9%E7%9B%AE/PlayableAD/Cocos/TheW/20260615_HYQ/HYQ_Project/assets/Script/Base/TextAdaptation/ResurrectionL8.ts from cce:/internal/x/prerequisite-imports as file:///D:/%E5%B7%A5%E7%A8%8B%E9%A1%B9%E7%9B%AE/PlayableAD/Cocos/TheW/20260615_HYQ/HYQ_Project/assets/Script/Base/TextAdaptation/ResurrectionL8.ts.
17:06:08.401 debug: Resolve file:///D:/%E5%B7%A5%E7%A8%8B%E9%A1%B9%E7%9B%AE/PlayableAD/Cocos/TheW/20260615_HYQ/HYQ_Project/assets/Script/Base/UnityUpComponent.ts from cce:/internal/x/prerequisite-imports as file:///D:/%E5%B7%A5%E7%A8%8B%E9%A1%B9%E7%9B%AE/PlayableAD/Cocos/TheW/20260615_HYQ/HYQ_Project/assets/Script/Base/UnityUpComponent.ts.
17:06:08.402 debug: Resolve file:///D:/%E5%B7%A5%E7%A8%8B%E9%A1%B9%E7%9B%AE/PlayableAD/Cocos/TheW/20260615_HYQ/HYQ_Project/assets/Script/Tool/Index.ts from cce:/internal/x/prerequisite-imports as file:///D:/%E5%B7%A5%E7%A8%8B%E9%A1%B9%E7%9B%AE/PlayableAD/Cocos/TheW/20260615_HYQ/HYQ_Project/assets/Script/Tool/Index.ts.
17:06:08.402 debug: Resolve file:///D:/%E5%B7%A5%E7%A8%8B%E9%A1%B9%E7%9B%AE/PlayableAD/Cocos/TheW/20260615_HYQ/HYQ_Project/assets/Script/Tool/TweenTool.ts from cce:/internal/x/prerequisite-imports as file:///D:/%E5%B7%A5%E7%A8%8B%E9%A1%B9%E7%9B%AE/PlayableAD/Cocos/TheW/20260615_HYQ/HYQ_Project/assets/Script/Tool/TweenTool.ts.
17:06:08.407 debug: Resolve file:///D:/%E5%B7%A5%E7%A8%8B%E9%A1%B9%E7%9B%AE/PlayableAD/Cocos/TheW/20260615_HYQ/HYQ_Project/assets/Script/functionS/Bag/Base/BagBase.ts from cce:/internal/x/prerequisite-imports as file:///D:/%E5%B7%A5%E7%A8%8B%E9%A1%B9%E7%9B%AE/PlayableAD/Cocos/TheW/20260615_HYQ/HYQ_Project/assets/Script/functionS/Bag/Base/BagBase.ts.
17:06:08.408 debug: Resolve file:///D:/%E5%B7%A5%E7%A8%8B%E9%A1%B9%E7%9B%AE/PlayableAD/Cocos/TheW/20260615_HYQ/HYQ_Project/assets/Script/functionS/Bag/FlayPropManager.ts from cce:/internal/x/prerequisite-imports as file:///D:/%E5%B7%A5%E7%A8%8B%E9%A1%B9%E7%9B%AE/PlayableAD/Cocos/TheW/20260615_HYQ/HYQ_Project/assets/Script/functionS/Bag/FlayPropManager.ts.
17:06:08.409 debug: Resolve file:///D:/%E5%B7%A5%E7%A8%8B%E9%A1%B9%E7%9B%AE/PlayableAD/Cocos/TheW/20260615_HYQ/HYQ_Project/assets/Script/functionS/Bag/GroupBag3D.ts from cce:/internal/x/prerequisite-imports as file:///D:/%E5%B7%A5%E7%A8%8B%E9%A1%B9%E7%9B%AE/PlayableAD/Cocos/TheW/20260615_HYQ/HYQ_Project/assets/Script/functionS/Bag/GroupBag3D.ts.
17:06:08.409 debug: Resolve file:///D:/%E5%B7%A5%E7%A8%8B%E9%A1%B9%E7%9B%AE/PlayableAD/Cocos/TheW/20260615_HYQ/HYQ_Project/assets/Script/functionS/Bag/GroupPropTransform.ts from cce:/internal/x/prerequisite-imports as file:///D:/%E5%B7%A5%E7%A8%8B%E9%A1%B9%E7%9B%AE/PlayableAD/Cocos/TheW/20260615_HYQ/HYQ_Project/assets/Script/functionS/Bag/GroupPropTransform.ts.
17:06:08.410 debug: Resolve file:///D:/%E5%B7%A5%E7%A8%8B%E9%A1%B9%E7%9B%AE/PlayableAD/Cocos/TheW/20260615_HYQ/HYQ_Project/assets/Script/functionS/Bag/IPropFly.ts from cce:/internal/x/prerequisite-imports as file:///D:/%E5%B7%A5%E7%A8%8B%E9%A1%B9%E7%9B%AE/PlayableAD/Cocos/TheW/20260615_HYQ/HYQ_Project/assets/Script/functionS/Bag/IPropFly.ts.
17:06:08.410 debug: Resolve file:///D:/%E5%B7%A5%E7%A8%8B%E9%A1%B9%E7%9B%AE/PlayableAD/Cocos/TheW/20260615_HYQ/HYQ_Project/assets/Script/functionS/Bag/LabBagUp.ts from cce:/internal/x/prerequisite-imports as file:///D:/%E5%B7%A5%E7%A8%8B%E9%A1%B9%E7%9B%AE/PlayableAD/Cocos/TheW/20260615_HYQ/HYQ_Project/assets/Script/functionS/Bag/LabBagUp.ts.
17:06:08.411 debug: Resolve file:///D:/%E5%B7%A5%E7%A8%8B%E9%A1%B9%E7%9B%AE/PlayableAD/Cocos/TheW/20260615_HYQ/HYQ_Project/assets/Script/functionS/Bag/Prop.ts from cce:/internal/x/prerequisite-imports as file:///D:/%E5%B7%A5%E7%A8%8B%E9%A1%B9%E7%9B%AE/PlayableAD/Cocos/TheW/20260615_HYQ/HYQ_Project/assets/Script/functionS/Bag/Prop.ts.
17:06:08.413 debug: Resolve file:///D:/%E5%B7%A5%E7%A8%8B%E9%A1%B9%E7%9B%AE/PlayableAD/Cocos/TheW/20260615_HYQ/HYQ_Project/assets/Script/functionS/Bag/PropManager.ts from cce:/internal/x/prerequisite-imports as file:///D:/%E5%B7%A5%E7%A8%8B%E9%A1%B9%E7%9B%AE/PlayableAD/Cocos/TheW/20260615_HYQ/HYQ_Project/assets/Script/functionS/Bag/PropManager.ts.
17:06:08.414 debug: Resolve file:///D:/%E5%B7%A5%E7%A8%8B%E9%A1%B9%E7%9B%AE/PlayableAD/Cocos/TheW/20260615_HYQ/HYQ_Project/assets/Script/functionS/Battle/Attack/AreaAttack.ts from cce:/internal/x/prerequisite-imports as file:///D:/%E5%B7%A5%E7%A8%8B%E9%A1%B9%E7%9B%AE/PlayableAD/Cocos/TheW/20260615_HYQ/HYQ_Project/assets/Script/functionS/Battle/Attack/AreaAttack.ts.
17:06:08.415 debug: Resolve file:///D:/%E5%B7%A5%E7%A8%8B%E9%A1%B9%E7%9B%AE/PlayableAD/Cocos/TheW/20260615_HYQ/HYQ_Project/assets/Script/functionS/Battle/Attack/AttackState.ts from cce:/internal/x/prerequisite-imports as file:///D:/%E5%B7%A5%E7%A8%8B%E9%A1%B9%E7%9B%AE/PlayableAD/Cocos/TheW/20260615_HYQ/HYQ_Project/assets/Script/functionS/Battle/Attack/AttackState.ts.
17:06:08.416 debug: Resolve file:///D:/%E5%B7%A5%E7%A8%8B%E9%A1%B9%E7%9B%AE/PlayableAD/Cocos/TheW/20260615_HYQ/HYQ_Project/assets/Script/functionS/Battle/Attack/MeleeAttack.ts from cce:/internal/x/prerequisite-imports as file:///D:/%E5%B7%A5%E7%A8%8B%E9%A1%B9%E7%9B%AE/PlayableAD/Cocos/TheW/20260615_HYQ/HYQ_Project/assets/Script/functionS/Battle/Attack/MeleeAttack.ts.
17:06:08.418 debug: Resolve file:///D:/%E5%B7%A5%E7%A8%8B%E9%A1%B9%E7%9B%AE/PlayableAD/Cocos/TheW/20260615_HYQ/HYQ_Project/assets/Script/functionS/Battle/Base/AttackTargetBase.ts from cce:/internal/x/prerequisite-imports as file:///D:/%E5%B7%A5%E7%A8%8B%E9%A1%B9%E7%9B%AE/PlayableAD/Cocos/TheW/20260615_HYQ/HYQ_Project/assets/Script/functionS/Battle/Base/AttackTargetBase.ts.
17:06:08.419 debug: Resolve file:///D:/%E5%B7%A5%E7%A8%8B%E9%A1%B9%E7%9B%AE/PlayableAD/Cocos/TheW/20260615_HYQ/HYQ_Project/assets/Script/functionS/Battle/Base/BattleTargetBase.ts from cce:/internal/x/prerequisite-imports as file:///D:/%E5%B7%A5%E7%A8%8B%E9%A1%B9%E7%9B%AE/PlayableAD/Cocos/TheW/20260615_HYQ/HYQ_Project/assets/Script/functionS/Battle/Base/BattleTargetBase.ts.
17:06:08.420 debug: Resolve file:///D:/%E5%B7%A5%E7%A8%8B%E9%A1%B9%E7%9B%AE/PlayableAD/Cocos/TheW/20260615_HYQ/HYQ_Project/assets/Script/functionS/Battle/Base/FlashRedManager.ts from cce:/internal/x/prerequisite-imports as file:///D:/%E5%B7%A5%E7%A8%8B%E9%A1%B9%E7%9B%AE/PlayableAD/Cocos/TheW/20260615_HYQ/HYQ_Project/assets/Script/functionS/Battle/Base/FlashRedManager.ts.
17:06:08.421 debug: Resolve file:///D:/%E5%B7%A5%E7%A8%8B%E9%A1%B9%E7%9B%AE/PlayableAD/Cocos/TheW/20260615_HYQ/HYQ_Project/assets/Script/functionS/Battle/Battle2D/Attack2D/RangedAttack.ts from cce:/internal/x/prerequisite-imports as file:///D:/%E5%B7%A5%E7%A8%8B%E9%A1%B9%E7%9B%AE/PlayableAD/Cocos/TheW/20260615_HYQ/HYQ_Project/assets/Script/functionS/Battle/Battle2D/Attack2D/RangedAttack.ts.
17:06:08.422 debug: Resolve file:///D:/%E5%B7%A5%E7%A8%8B%E9%A1%B9%E7%9B%AE/PlayableAD/Cocos/TheW/20260615_HYQ/HYQ_Project/assets/Script/functionS/Battle/Battle2D/Bullet/BulletBattle2D.ts from cce:/internal/x/prerequisite-imports as file:///D:/%E5%B7%A5%E7%A8%8B%E9%A1%B9%E7%9B%AE/PlayableAD/Cocos/TheW/20260615_HYQ/HYQ_Project/assets/Script/functionS/Battle/Battle2D/Bullet/BulletBattle2D.ts.
17:06:08.423 debug: Resolve file:///D:/%E5%B7%A5%E7%A8%8B%E9%A1%B9%E7%9B%AE/PlayableAD/Cocos/TheW/20260615_HYQ/HYQ_Project/assets/Script/functionS/Battle/Battle2D/Bullet/BulletCollideBase2D.ts from cce:/internal/x/prerequisite-imports as file:///D:/%E5%B7%A5%E7%A8%8B%E9%A1%B9%E7%9B%AE/PlayableAD/Cocos/TheW/20260615_HYQ/HYQ_Project/assets/Script/functionS/Battle/Battle2D/Bullet/BulletCollideBase2D.ts.
17:06:08.424 debug: Resolve file:///D:/%E5%B7%A5%E7%A8%8B%E9%A1%B9%E7%9B%AE/PlayableAD/Cocos/TheW/20260615_HYQ/HYQ_Project/assets/Script/functionS/Battle/Battle2D/CollectBattleTarger2D.ts from cce:/internal/x/prerequisite-imports as file:///D:/%E5%B7%A5%E7%A8%8B%E9%A1%B9%E7%9B%AE/PlayableAD/Cocos/TheW/20260615_HYQ/HYQ_Project/assets/Script/functionS/Battle/Battle2D/CollectBattleTarger2D.ts.
17:06:08.426 debug: Resolve file:///D:/%E5%B7%A5%E7%A8%8B%E9%A1%B9%E7%9B%AE/PlayableAD/Cocos/TheW/20260615_HYQ/HYQ_Project/assets/Script/functionS/Battle/Battle2D/TriggerBase2D.ts from cce:/internal/x/prerequisite-imports as file:///D:/%E5%B7%A5%E7%A8%8B%E9%A1%B9%E7%9B%AE/PlayableAD/Cocos/TheW/20260615_HYQ/HYQ_Project/assets/Script/functionS/Battle/Battle2D/TriggerBase2D.ts.
17:06:08.427 debug: Resolve file:///D:/%E5%B7%A5%E7%A8%8B%E9%A1%B9%E7%9B%AE/PlayableAD/Cocos/TheW/20260615_HYQ/HYQ_Project/assets/Script/functionS/Battle/Battle3D/Attack3D/RangeTowerAttack.ts from cce:/internal/x/prerequisite-imports as file:///D:/%E5%B7%A5%E7%A8%8B%E9%A1%B9%E7%9B%AE/PlayableAD/Cocos/TheW/20260615_HYQ/HYQ_Project/assets/Script/functionS/Battle/Battle3D/Attack3D/RangeTowerAttack.ts.
17:06:08.430 debug: Resolve file:///D:/%E5%B7%A5%E7%A8%8B%E9%A1%B9%E7%9B%AE/PlayableAD/Cocos/TheW/20260615_HYQ/HYQ_Project/assets/Script/functionS/Battle/Battle3D/Attack3D/RangedAttack_Circle.ts from cce:/internal/x/prerequisite-imports as file:///D:/%E5%B7%A5%E7%A8%8B%E9%A1%B9%E7%9B%AE/PlayableAD/Cocos/TheW/20260615_HYQ/HYQ_Project/assets/Script/functionS/Battle/Battle3D/Attack3D/RangedAttack_Circle.ts.
17:06:08.432 debug: Resolve file:///D:/%E5%B7%A5%E7%A8%8B%E9%A1%B9%E7%9B%AE/PlayableAD/Cocos/TheW/20260615_HYQ/HYQ_Project/assets/Script/functionS/Battle/Battle3D/Attack3D/RangedAttack_Shrapnel.ts from cce:/internal/x/prerequisite-imports as file:///D:/%E5%B7%A5%E7%A8%8B%E9%A1%B9%E7%9B%AE/PlayableAD/Cocos/TheW/20260615_HYQ/HYQ_Project/assets/Script/functionS/Battle/Battle3D/Attack3D/RangedAttack_Shrapnel.ts.
17:06:08.436 debug: Resolve file:///D:/%E5%B7%A5%E7%A8%8B%E9%A1%B9%E7%9B%AE/PlayableAD/Cocos/TheW/20260615_HYQ/HYQ_Project/assets/Script/functionS/Battle/Battle3D/AttackParkPlay.ts from cce:/internal/x/prerequisite-imports as file:///D:/%E5%B7%A5%E7%A8%8B%E9%A1%B9%E7%9B%AE/PlayableAD/Cocos/TheW/20260615_HYQ/HYQ_Project/assets/Script/functionS/Battle/Battle3D/AttackParkPlay.ts.
17:06:08.438 debug: Resolve file:///D:/%E5%B7%A5%E7%A8%8B%E9%A1%B9%E7%9B%AE/PlayableAD/Cocos/TheW/20260615_HYQ/HYQ_Project/assets/Script/functionS/Battle/Battle3D/Bullet/BulletBattle3D.ts from cce:/internal/x/prerequisite-imports as file:///D:/%E5%B7%A5%E7%A8%8B%E9%A1%B9%E7%9B%AE/PlayableAD/Cocos/TheW/20260615_HYQ/HYQ_Project/assets/Script/functionS/Battle/Battle3D/Bullet/BulletBattle3D.ts.
17:06:08.439 debug: Resolve file:///D:/%E5%B7%A5%E7%A8%8B%E9%A1%B9%E7%9B%AE/PlayableAD/Cocos/TheW/20260615_HYQ/HYQ_Project/assets/Script/functionS/Battle/Battle3D/Bullet/BulletCollideBase3D.ts from cce:/internal/x/prerequisite-imports as file:///D:/%E5%B7%A5%E7%A8%8B%E9%A1%B9%E7%9B%AE/PlayableAD/Cocos/TheW/20260615_HYQ/HYQ_Project/assets/Script/functionS/Battle/Battle3D/Bullet/BulletCollideBase3D.ts.
17:06:08.440 debug: Resolve file:///D:/%E5%B7%A5%E7%A8%8B%E9%A1%B9%E7%9B%AE/PlayableAD/Cocos/TheW/20260615_HYQ/HYQ_Project/assets/Script/functionS/Battle/Battle3D/CollectBattleTarger3D.ts from cce:/internal/x/prerequisite-imports as file:///D:/%E5%B7%A5%E7%A8%8B%E9%A1%B9%E7%9B%AE/PlayableAD/Cocos/TheW/20260615_HYQ/HYQ_Project/assets/Script/functionS/Battle/Battle3D/CollectBattleTarger3D.ts.
17:06:08.442 debug: Resolve file:///D:/%E5%B7%A5%E7%A8%8B%E9%A1%B9%E7%9B%AE/PlayableAD/Cocos/TheW/20260615_HYQ/HYQ_Project/assets/Script/functionS/Battle/Battle3D/TriggerBase3D.ts from cce:/internal/x/prerequisite-imports as file:///D:/%E5%B7%A5%E7%A8%8B%E9%A1%B9%E7%9B%AE/PlayableAD/Cocos/TheW/20260615_HYQ/HYQ_Project/assets/Script/functionS/Battle/Battle3D/TriggerBase3D.ts.
17:06:08.443 debug: Resolve file:///D:/%E5%B7%A5%E7%A8%8B%E9%A1%B9%E7%9B%AE/PlayableAD/Cocos/TheW/20260615_HYQ/HYQ_Project/assets/Script/functionS/Battle/BattleTarger/BattleTarget2D.ts from cce:/internal/x/prerequisite-imports as file:///D:/%E5%B7%A5%E7%A8%8B%E9%A1%B9%E7%9B%AE/PlayableAD/Cocos/TheW/20260615_HYQ/HYQ_Project/assets/Script/functionS/Battle/BattleTarger/BattleTarget2D.ts.
17:06:08.444 debug: Resolve file:///D:/%E5%B7%A5%E7%A8%8B%E9%A1%B9%E7%9B%AE/PlayableAD/Cocos/TheW/20260615_HYQ/HYQ_Project/assets/Script/functionS/Battle/BattleTarger/BattleTarget3D.ts from cce:/internal/x/prerequisite-imports as file:///D:/%E5%B7%A5%E7%A8%8B%E9%A1%B9%E7%9B%AE/PlayableAD/Cocos/TheW/20260615_HYQ/HYQ_Project/assets/Script/functionS/Battle/BattleTarger/BattleTarget3D.ts.
17:06:08.445 debug: Resolve file:///D:/%E5%B7%A5%E7%A8%8B%E9%A1%B9%E7%9B%AE/PlayableAD/Cocos/TheW/20260615_HYQ/HYQ_Project/assets/Script/functionS/Battle/BulletBatchRenderer.ts from cce:/internal/x/prerequisite-imports as file:///D:/%E5%B7%A5%E7%A8%8B%E9%A1%B9%E7%9B%AE/PlayableAD/Cocos/TheW/20260615_HYQ/HYQ_Project/assets/Script/functionS/Battle/BulletBatchRenderer.ts.
17:06:08.447 debug: Resolve file:///D:/%E5%B7%A5%E7%A8%8B%E9%A1%B9%E7%9B%AE/PlayableAD/Cocos/TheW/20260615_HYQ/HYQ_Project/assets/Script/functionS/Battle/BulletManager.ts from cce:/internal/x/prerequisite-imports as file:///D:/%E5%B7%A5%E7%A8%8B%E9%A1%B9%E7%9B%AE/PlayableAD/Cocos/TheW/20260615_HYQ/HYQ_Project/assets/Script/functionS/Battle/BulletManager.ts.
17:06:08.447 debug: Resolve file:///D:/%E5%B7%A5%E7%A8%8B%E9%A1%B9%E7%9B%AE/PlayableAD/Cocos/TheW/20260615_HYQ/HYQ_Project/assets/Script/functionS/Battle/BulletMonsterCollisionManager.ts from cce:/internal/x/prerequisite-imports as file:///D:/%E5%B7%A5%E7%A8%8B%E9%A1%B9%E7%9B%AE/PlayableAD/Cocos/TheW/20260615_HYQ/HYQ_Project/assets/Script/functionS/Battle/BulletMonsterCollisionManager.ts.
17:06:08.448 debug: Resolve file:///D:/%E5%B7%A5%E7%A8%8B%E9%A1%B9%E7%9B%AE/PlayableAD/Cocos/TheW/20260615_HYQ/HYQ_Project/assets/Script/functionS/Battle/CollectBattleTarger/CollectGetTarget.ts from cce:/internal/x/prerequisite-imports as file:///D:/%E5%B7%A5%E7%A8%8B%E9%A1%B9%E7%9B%AE/PlayableAD/Cocos/TheW/20260615_HYQ/HYQ_Project/assets/Script/functionS/Battle/CollectBattleTarger/CollectGetTarget.ts.
17:06:08.449 debug: Resolve file:///D:/%E5%B7%A5%E7%A8%8B%E9%A1%B9%E7%9B%AE/PlayableAD/Cocos/TheW/20260615_HYQ/HYQ_Project/assets/Script/functionS/Battle/CollectBattleTarger/ColliderTag.ts from cce:/internal/x/prerequisite-imports as file:///D:/%E5%B7%A5%E7%A8%8B%E9%A1%B9%E7%9B%AE/PlayableAD/Cocos/TheW/20260615_HYQ/HYQ_Project/assets/Script/functionS/Battle/CollectBattleTarger/ColliderTag.ts.
17:06:08.450 debug: Resolve file:///D:/%E5%B7%A5%E7%A8%8B%E9%A1%B9%E7%9B%AE/PlayableAD/Cocos/TheW/20260615_HYQ/HYQ_Project/assets/Script/functionS/Battle/HpComponent.ts from cce:/internal/x/prerequisite-imports as file:///D:/%E5%B7%A5%E7%A8%8B%E9%A1%B9%E7%9B%AE/PlayableAD/Cocos/TheW/20260615_HYQ/HYQ_Project/assets/Script/functionS/Battle/HpComponent.ts.
17:06:08.450 debug: Resolve file:///D:/%E5%B7%A5%E7%A8%8B%E9%A1%B9%E7%9B%AE/PlayableAD/Cocos/TheW/20260615_HYQ/HYQ_Project/assets/Script/functionS/Effect/EffectManager.ts from cce:/internal/x/prerequisite-imports as file:///D:/%E5%B7%A5%E7%A8%8B%E9%A1%B9%E7%9B%AE/PlayableAD/Cocos/TheW/20260615_HYQ/HYQ_Project/assets/Script/functionS/Effect/EffectManager.ts.
17:06:08.451 debug: Resolve file:///D:/%E5%B7%A5%E7%A8%8B%E9%A1%B9%E7%9B%AE/PlayableAD/Cocos/TheW/20260615_HYQ/HYQ_Project/assets/Script/functionS/Effect/EffectRemoveBase.ts from cce:/internal/x/prerequisite-imports as file:///D:/%E5%B7%A5%E7%A8%8B%E9%A1%B9%E7%9B%AE/PlayableAD/Cocos/TheW/20260615_HYQ/HYQ_Project/assets/Script/functionS/Effect/EffectRemoveBase.ts.
17:06:08.452 debug: Resolve file:///D:/%E5%B7%A5%E7%A8%8B%E9%A1%B9%E7%9B%AE/PlayableAD/Cocos/TheW/20260615_HYQ/HYQ_Project/assets/Script/functionS/Effect/EffectTimePartRemove.ts from cce:/internal/x/prerequisite-imports as file:///D:/%E5%B7%A5%E7%A8%8B%E9%A1%B9%E7%9B%AE/PlayableAD/Cocos/TheW/20260615_HYQ/HYQ_Project/assets/Script/functionS/Effect/EffectTimePartRemove.ts.
17:06:08.452 debug: Resolve file:///D:/%E5%B7%A5%E7%A8%8B%E9%A1%B9%E7%9B%AE/PlayableAD/Cocos/TheW/20260615_HYQ/HYQ_Project/assets/Script/functionS/Effect/EffectTimeRemove.ts from cce:/internal/x/prerequisite-imports as file:///D:/%E5%B7%A5%E7%A8%8B%E9%A1%B9%E7%9B%AE/PlayableAD/Cocos/TheW/20260615_HYQ/HYQ_Project/assets/Script/functionS/Effect/EffectTimeRemove.ts.
17:06:08.453 debug: Resolve file:///D:/%E5%B7%A5%E7%A8%8B%E9%A1%B9%E7%9B%AE/PlayableAD/Cocos/TheW/20260615_HYQ/HYQ_Project/assets/Script/functionS/Guide/GuideLine.ts from cce:/internal/x/prerequisite-imports as file:///D:/%E5%B7%A5%E7%A8%8B%E9%A1%B9%E7%9B%AE/PlayableAD/Cocos/TheW/20260615_HYQ/HYQ_Project/assets/Script/functionS/Guide/GuideLine.ts.
17:06:08.453 debug: Resolve file:///D:/%E5%B7%A5%E7%A8%8B%E9%A1%B9%E7%9B%AE/PlayableAD/Cocos/TheW/20260615_HYQ/HYQ_Project/assets/Script/functionS/Guide/GuideManager.ts from cce:/internal/x/prerequisite-imports as file:///D:/%E5%B7%A5%E7%A8%8B%E9%A1%B9%E7%9B%AE/PlayableAD/Cocos/TheW/20260615_HYQ/HYQ_Project/assets/Script/functionS/Guide/GuideManager.ts.
17:06:08.454 debug: Resolve file:///D:/%E5%B7%A5%E7%A8%8B%E9%A1%B9%E7%9B%AE/PlayableAD/Cocos/TheW/20260615_HYQ/HYQ_Project/assets/Script/functionS/Jump/BezierCurve.ts from cce:/internal/x/prerequisite-imports as file:///D:/%E5%B7%A5%E7%A8%8B%E9%A1%B9%E7%9B%AE/PlayableAD/Cocos/TheW/20260615_HYQ/HYQ_Project/assets/Script/functionS/Jump/BezierCurve.ts.
17:06:08.454 debug: Resolve file:///D:/%E5%B7%A5%E7%A8%8B%E9%A1%B9%E7%9B%AE/PlayableAD/Cocos/TheW/20260615_HYQ/HYQ_Project/assets/Script/functionS/Jump/JumpCurve.ts from cce:/internal/x/prerequisite-imports as file:///D:/%E5%B7%A5%E7%A8%8B%E9%A1%B9%E7%9B%AE/PlayableAD/Cocos/TheW/20260615_HYQ/HYQ_Project/assets/Script/functionS/Jump/JumpCurve.ts.
17:06:08.455 debug: Resolve file:///D:/%E5%B7%A5%E7%A8%8B%E9%A1%B9%E7%9B%AE/PlayableAD/Cocos/TheW/20260615_HYQ/HYQ_Project/assets/Script/functionS/Jump/JumpCurve3D.ts from cce:/internal/x/prerequisite-imports as file:///D:/%E5%B7%A5%E7%A8%8B%E9%A1%B9%E7%9B%AE/PlayableAD/Cocos/TheW/20260615_HYQ/HYQ_Project/assets/Script/functionS/Jump/JumpCurve3D.ts.
17:06:08.456 debug: Resolve file:///D:/%E5%B7%A5%E7%A8%8B%E9%A1%B9%E7%9B%AE/PlayableAD/Cocos/TheW/20260615_HYQ/HYQ_Project/assets/Script/functionS/Jump/JumpDriveEngine.ts from cce:/internal/x/prerequisite-imports as file:///D:/%E5%B7%A5%E7%A8%8B%E9%A1%B9%E7%9B%AE/PlayableAD/Cocos/TheW/20260615_HYQ/HYQ_Project/assets/Script/functionS/Jump/JumpDriveEngine.ts.
17:06:08.457 debug: Resolve file:///D:/%E5%B7%A5%E7%A8%8B%E9%A1%B9%E7%9B%AE/PlayableAD/Cocos/TheW/20260615_HYQ/HYQ_Project/assets/Script/functionS/Jump/JumpManager.ts from cce:/internal/x/prerequisite-imports as file:///D:/%E5%B7%A5%E7%A8%8B%E9%A1%B9%E7%9B%AE/PlayableAD/Cocos/TheW/20260615_HYQ/HYQ_Project/assets/Script/functionS/Jump/JumpManager.ts.
17:06:08.458 debug: Resolve file:///D:/%E5%B7%A5%E7%A8%8B%E9%A1%B9%E7%9B%AE/PlayableAD/Cocos/TheW/20260615_HYQ/HYQ_Project/assets/Script/functionS/Jump/JumpParabola.ts from cce:/internal/x/prerequisite-imports as file:///D:/%E5%B7%A5%E7%A8%8B%E9%A1%B9%E7%9B%AE/PlayableAD/Cocos/TheW/20260615_HYQ/HYQ_Project/assets/Script/functionS/Jump/JumpParabola.ts.
17:06:08.459 debug: Resolve file:///D:/%E5%B7%A5%E7%A8%8B%E9%A1%B9%E7%9B%AE/PlayableAD/Cocos/TheW/20260615_HYQ/HYQ_Project/assets/Script/functionS/Jump/JumpScatter.ts from cce:/internal/x/prerequisite-imports as file:///D:/%E5%B7%A5%E7%A8%8B%E9%A1%B9%E7%9B%AE/PlayableAD/Cocos/TheW/20260615_HYQ/HYQ_Project/assets/Script/functionS/Jump/JumpScatter.ts.
17:06:08.459 debug: Resolve file:///D:/%E5%B7%A5%E7%A8%8B%E9%A1%B9%E7%9B%AE/PlayableAD/Cocos/TheW/20260615_HYQ/HYQ_Project/assets/Script/functionS/Jump/JumpSequenceBase.ts from cce:/internal/x/prerequisite-imports as file:///D:/%E5%B7%A5%E7%A8%8B%E9%A1%B9%E7%9B%AE/PlayableAD/Cocos/TheW/20260615_HYQ/HYQ_Project/assets/Script/functionS/Jump/JumpSequenceBase.ts.
17:06:08.460 debug: Resolve file:///D:/%E5%B7%A5%E7%A8%8B%E9%A1%B9%E7%9B%AE/PlayableAD/Cocos/TheW/20260615_HYQ/HYQ_Project/assets/Script/functionS/Monster/MonsterBattleTaerget.ts from cce:/internal/x/prerequisite-imports as file:///D:/%E5%B7%A5%E7%A8%8B%E9%A1%B9%E7%9B%AE/PlayableAD/Cocos/TheW/20260615_HYQ/HYQ_Project/assets/Script/functionS/Monster/MonsterBattleTaerget.ts.
17:06:08.461 debug: Resolve file:///D:/%E5%B7%A5%E7%A8%8B%E9%A1%B9%E7%9B%AE/PlayableAD/Cocos/TheW/20260615_HYQ/HYQ_Project/assets/Script/functionS/Monster/MonsterCreate.ts from cce:/internal/x/prerequisite-imports as file:///D:/%E5%B7%A5%E7%A8%8B%E9%A1%B9%E7%9B%AE/PlayableAD/Cocos/TheW/20260615_HYQ/HYQ_Project/assets/Script/functionS/Monster/MonsterCreate.ts.
17:06:08.462 debug: Resolve file:///D:/%E5%B7%A5%E7%A8%8B%E9%A1%B9%E7%9B%AE/PlayableAD/Cocos/TheW/20260615_HYQ/HYQ_Project/assets/Script/functionS/Other/ArmsUp.ts from cce:/internal/x/prerequisite-imports as file:///D:/%E5%B7%A5%E7%A8%8B%E9%A1%B9%E7%9B%AE/PlayableAD/Cocos/TheW/20260615_HYQ/HYQ_Project/assets/Script/functionS/Other/ArmsUp.ts.
17:06:08.463 debug: Resolve file:///D:/%E5%B7%A5%E7%A8%8B%E9%A1%B9%E7%9B%AE/PlayableAD/Cocos/TheW/20260615_HYQ/HYQ_Project/assets/Script/functionS/Other/CreatePropBrand.ts from cce:/internal/x/prerequisite-imports as file:///D:/%E5%B7%A5%E7%A8%8B%E9%A1%B9%E7%9B%AE/PlayableAD/Cocos/TheW/20260615_HYQ/HYQ_Project/assets/Script/functionS/Other/CreatePropBrand.ts.
17:06:08.465 debug: Resolve file:///D:/%E5%B7%A5%E7%A8%8B%E9%A1%B9%E7%9B%AE/PlayableAD/Cocos/TheW/20260615_HYQ/HYQ_Project/assets/Script/functionS/Other/PropArms.ts from cce:/internal/x/prerequisite-imports as file:///D:/%E5%B7%A5%E7%A8%8B%E9%A1%B9%E7%9B%AE/PlayableAD/Cocos/TheW/20260615_HYQ/HYQ_Project/assets/Script/functionS/Other/PropArms.ts.
17:06:08.466 debug: Resolve file:///D:/%E5%B7%A5%E7%A8%8B%E9%A1%B9%E7%9B%AE/PlayableAD/Cocos/TheW/20260615_HYQ/HYQ_Project/assets/Script/functionS/Other/PropBrand.ts from cce:/internal/x/prerequisite-imports as file:///D:/%E5%B7%A5%E7%A8%8B%E9%A1%B9%E7%9B%AE/PlayableAD/Cocos/TheW/20260615_HYQ/HYQ_Project/assets/Script/functionS/Other/PropBrand.ts.
17:06:08.466 debug: Resolve file:///D:/%E5%B7%A5%E7%A8%8B%E9%A1%B9%E7%9B%AE/PlayableAD/Cocos/TheW/20260615_HYQ/HYQ_Project/assets/Script/functionS/Other/PropLalianGate.ts from cce:/internal/x/prerequisite-imports as file:///D:/%E5%B7%A5%E7%A8%8B%E9%A1%B9%E7%9B%AE/PlayableAD/Cocos/TheW/20260615_HYQ/HYQ_Project/assets/Script/functionS/Other/PropLalianGate.ts.
17:06:08.467 debug: Resolve file:///D:/%E5%B7%A5%E7%A8%8B%E9%A1%B9%E7%9B%AE/PlayableAD/Cocos/TheW/20260615_HYQ/HYQ_Project/assets/Script/functionS/Other/PropTireGate.ts from cce:/internal/x/prerequisite-imports as file:///D:/%E5%B7%A5%E7%A8%8B%E9%A1%B9%E7%9B%AE/PlayableAD/Cocos/TheW/20260615_HYQ/HYQ_Project/assets/Script/functionS/Other/PropTireGate.ts.
17:06:08.467 debug: Resolve file:///D:/%E5%B7%A5%E7%A8%8B%E9%A1%B9%E7%9B%AE/PlayableAD/Cocos/TheW/20260615_HYQ/HYQ_Project/assets/Script/functionS/Player/Player.ts from cce:/internal/x/prerequisite-imports as file:///D:/%E5%B7%A5%E7%A8%8B%E9%A1%B9%E7%9B%AE/PlayableAD/Cocos/TheW/20260615_HYQ/HYQ_Project/assets/Script/functionS/Player/Player.ts.
17:06:08.468 debug: Resolve file:///D:/%E5%B7%A5%E7%A8%8B%E9%A1%B9%E7%9B%AE/PlayableAD/Cocos/TheW/20260615_HYQ/HYQ_Project/assets/Script/functionS/Player/Role.ts from cce:/internal/x/prerequisite-imports as file:///D:/%E5%B7%A5%E7%A8%8B%E9%A1%B9%E7%9B%AE/PlayableAD/Cocos/TheW/20260615_HYQ/HYQ_Project/assets/Script/functionS/Player/Role.ts.
17:06:08.469 debug: Resolve file:///D:/%E5%B7%A5%E7%A8%8B%E9%A1%B9%E7%9B%AE/PlayableAD/Cocos/TheW/20260615_HYQ/HYQ_Project/assets/Script/functionS/Rocker/RockerLogic.ts from cce:/internal/x/prerequisite-imports as file:///D:/%E5%B7%A5%E7%A8%8B%E9%A1%B9%E7%9B%AE/PlayableAD/Cocos/TheW/20260615_HYQ/HYQ_Project/assets/Script/functionS/Rocker/RockerLogic.ts.
17:06:08.470 debug: Resolve file:///D:/%E5%B7%A5%E7%A8%8B%E9%A1%B9%E7%9B%AE/PlayableAD/Cocos/TheW/20260615_HYQ/HYQ_Project/assets/Script/functionS/Rocker/RockerManager.ts from cce:/internal/x/prerequisite-imports as file:///D:/%E5%B7%A5%E7%A8%8B%E9%A1%B9%E7%9B%AE/PlayableAD/Cocos/TheW/20260615_HYQ/HYQ_Project/assets/Script/functionS/Rocker/RockerManager.ts.
17:06:08.471 debug: Resolve file:///D:/%E5%B7%A5%E7%A8%8B%E9%A1%B9%E7%9B%AE/PlayableAD/Cocos/TheW/20260615_HYQ/HYQ_Project/assets/Script/functionS/Rocker/RockerMouseEvent.ts from cce:/internal/x/prerequisite-imports as file:///D:/%E5%B7%A5%E7%A8%8B%E9%A1%B9%E7%9B%AE/PlayableAD/Cocos/TheW/20260615_HYQ/HYQ_Project/assets/Script/functionS/Rocker/RockerMouseEvent.ts.
17:06:08.472 debug: Resolve file:///D:/%E5%B7%A5%E7%A8%8B%E9%A1%B9%E7%9B%AE/PlayableAD/Cocos/TheW/20260615_HYQ/HYQ_Project/assets/Script/functionS/Rocker/RockerUI.ts from cce:/internal/x/prerequisite-imports as file:///D:/%E5%B7%A5%E7%A8%8B%E9%A1%B9%E7%9B%AE/PlayableAD/Cocos/TheW/20260615_HYQ/HYQ_Project/assets/Script/functionS/Rocker/RockerUI.ts.
17:06:08.473 debug: Resolve file:///D:/%E5%B7%A5%E7%A8%8B%E9%A1%B9%E7%9B%AE/PlayableAD/Cocos/TheW/20260615_HYQ/HYQ_Project/assets/Script/functionS/ShoppIng/Buy/BuyWay2D.ts from cce:/internal/x/prerequisite-imports as file:///D:/%E5%B7%A5%E7%A8%8B%E9%A1%B9%E7%9B%AE/PlayableAD/Cocos/TheW/20260615_HYQ/HYQ_Project/assets/Script/functionS/ShoppIng/Buy/BuyWay2D.ts.
17:06:08.474 debug: Resolve file:///D:/%E5%B7%A5%E7%A8%8B%E9%A1%B9%E7%9B%AE/PlayableAD/Cocos/TheW/20260615_HYQ/HYQ_Project/assets/Script/functionS/ShoppIng/Buy/BuyWay3D.ts from cce:/internal/x/prerequisite-imports as file:///D:/%E5%B7%A5%E7%A8%8B%E9%A1%B9%E7%9B%AE/PlayableAD/Cocos/TheW/20260615_HYQ/HYQ_Project/assets/Script/functionS/ShoppIng/Buy/BuyWay3D.ts.
17:06:08.475 debug: Resolve file:///D:/%E5%B7%A5%E7%A8%8B%E9%A1%B9%E7%9B%AE/PlayableAD/Cocos/TheW/20260615_HYQ/HYQ_Project/assets/Script/functionS/ShoppIng/Buy/BuyWayBase.ts from cce:/internal/x/prerequisite-imports as file:///D:/%E5%B7%A5%E7%A8%8B%E9%A1%B9%E7%9B%AE/PlayableAD/Cocos/TheW/20260615_HYQ/HYQ_Project/assets/Script/functionS/ShoppIng/Buy/BuyWayBase.ts.
17:06:08.477 debug: Resolve file:///D:/%E5%B7%A5%E7%A8%8B%E9%A1%B9%E7%9B%AE/PlayableAD/Cocos/TheW/20260615_HYQ/HYQ_Project/assets/Script/functionS/ShoppIng/ShoppIngEvent.ts from cce:/internal/x/prerequisite-imports as file:///D:/%E5%B7%A5%E7%A8%8B%E9%A1%B9%E7%9B%AE/PlayableAD/Cocos/TheW/20260615_HYQ/HYQ_Project/assets/Script/functionS/ShoppIng/ShoppIngEvent.ts.
17:06:08.478 debug: Resolve file:///D:/%E5%B7%A5%E7%A8%8B%E9%A1%B9%E7%9B%AE/PlayableAD/Cocos/TheW/20260615_HYQ/HYQ_Project/assets/Script/functionS/ShoppIng/Shopping.ts from cce:/internal/x/prerequisite-imports as file:///D:/%E5%B7%A5%E7%A8%8B%E9%A1%B9%E7%9B%AE/PlayableAD/Cocos/TheW/20260615_HYQ/HYQ_Project/assets/Script/functionS/ShoppIng/Shopping.ts.
17:06:08.479 debug: Resolve file:///D:/%E5%B7%A5%E7%A8%8B%E9%A1%B9%E7%9B%AE/PlayableAD/Cocos/TheW/20260615_HYQ/HYQ_Project/assets/Script/functionS/ShoppIng/Shopping_Super.ts from cce:/internal/x/prerequisite-imports as file:///D:/%E5%B7%A5%E7%A8%8B%E9%A1%B9%E7%9B%AE/PlayableAD/Cocos/TheW/20260615_HYQ/HYQ_Project/assets/Script/functionS/ShoppIng/Shopping_Super.ts.
17:06:08.480 debug: Resolve file:///D:/%E5%B7%A5%E7%A8%8B%E9%A1%B9%E7%9B%AE/PlayableAD/Cocos/TheW/20260615_HYQ/HYQ_Project/assets/Script/functionS/SkAnim/FbxManager.ts from cce:/internal/x/prerequisite-imports as file:///D:/%E5%B7%A5%E7%A8%8B%E9%A1%B9%E7%9B%AE/PlayableAD/Cocos/TheW/20260615_HYQ/HYQ_Project/assets/Script/functionS/SkAnim/FbxManager.ts.
17:06:08.481 debug: Resolve file:///D:/%E5%B7%A5%E7%A8%8B%E9%A1%B9%E7%9B%AE/PlayableAD/Cocos/TheW/20260615_HYQ/HYQ_Project/assets/Script/functionS/SkAnim/SequenceFrameAnim/FrameAnimManager.ts from cce:/internal/x/prerequisite-imports as file:///D:/%E5%B7%A5%E7%A8%8B%E9%A1%B9%E7%9B%AE/PlayableAD/Cocos/TheW/20260615_HYQ/HYQ_Project/assets/Script/functionS/SkAnim/SequenceFrameAnim/FrameAnimManager.ts.
17:06:08.481 debug: Resolve file:///D:/%E5%B7%A5%E7%A8%8B%E9%A1%B9%E7%9B%AE/PlayableAD/Cocos/TheW/20260615_HYQ/HYQ_Project/assets/Script/functionS/SkAnim/SequenceFrameAnim/FrameManager.ts from cce:/internal/x/prerequisite-imports as file:///D:/%E5%B7%A5%E7%A8%8B%E9%A1%B9%E7%9B%AE/PlayableAD/Cocos/TheW/20260615_HYQ/HYQ_Project/assets/Script/functionS/SkAnim/SequenceFrameAnim/FrameManager.ts.
17:06:08.482 debug: Resolve file:///D:/%E5%B7%A5%E7%A8%8B%E9%A1%B9%E7%9B%AE/PlayableAD/Cocos/TheW/20260615_HYQ/HYQ_Project/assets/Script/functionS/UI/GameOver/GameOverPanel.ts from cce:/internal/x/prerequisite-imports as file:///D:/%E5%B7%A5%E7%A8%8B%E9%A1%B9%E7%9B%AE/PlayableAD/Cocos/TheW/20260615_HYQ/HYQ_Project/assets/Script/functionS/UI/GameOver/GameOverPanel.ts.
17:06:08.482 debug: Resolve file:///D:/%E5%B7%A5%E7%A8%8B%E9%A1%B9%E7%9B%AE/PlayableAD/Cocos/TheW/20260615_HYQ/HYQ_Project/assets/Script/functionS/UI/GameOver/UIButtonEvent.ts from cce:/internal/x/prerequisite-imports as file:///D:/%E5%B7%A5%E7%A8%8B%E9%A1%B9%E7%9B%AE/PlayableAD/Cocos/TheW/20260615_HYQ/HYQ_Project/assets/Script/functionS/UI/GameOver/UIButtonEvent.ts.
17:06:08.483 debug: Resolve file:///D:/%E5%B7%A5%E7%A8%8B%E9%A1%B9%E7%9B%AE/PlayableAD/Cocos/TheW/20260615_HYQ/HYQ_Project/extensions/super-packager/package_assets/Common/SuperPackage.ts from cce:/internal/x/prerequisite-imports as file:///D:/%E5%B7%A5%E7%A8%8B%E9%A1%B9%E7%9B%AE/PlayableAD/Cocos/TheW/20260615_HYQ/HYQ_Project/extensions/super-packager/package_assets/Common/SuperPackage.ts.
17:06:08.485 debug: Resolve file:///D:/%E5%B7%A5%E7%A8%8B%E9%A1%B9%E7%9B%AE/PlayableAD/Cocos/TheW/20260615_HYQ/HYQ_Project/extensions/super-packager/package_assets/Common/super_html_playable.ts from cce:/internal/x/prerequisite-imports as file:///D:/%E5%B7%A5%E7%A8%8B%E9%A1%B9%E7%9B%AE/PlayableAD/Cocos/TheW/20260615_HYQ/HYQ_Project/extensions/super-packager/package_assets/Common/super_html_playable.ts.
17:06:08.486 debug: Resolve file:///D:/%E5%B7%A5%E7%A8%8B%E9%A1%B9%E7%9B%AE/PlayableAD/Cocos/TheW/20260615_HYQ/HYQ_Project/extensions/super-packager/package_assets/JiangYv/PBASDK-v3/PBASDK.ts from cce:/internal/x/prerequisite-imports as file:///D:/%E5%B7%A5%E7%A8%8B%E9%A1%B9%E7%9B%AE/PlayableAD/Cocos/TheW/20260615_HYQ/HYQ_Project/extensions/super-packager/package_assets/JiangYv/PBASDK-v3/PBASDK.ts.
17:06:08.491 debug: Resolve file:///D:/%E5%B7%A5%E7%A8%8B%E9%A1%B9%E7%9B%AE/PlayableAD/Cocos/TheW/20260615_HYQ/HYQ_Project/extensions/super-packager/package_assets/JiangYv/PBASDK-v3/PLASDK.ts from cce:/internal/x/prerequisite-imports as file:///D:/%E5%B7%A5%E7%A8%8B%E9%A1%B9%E7%9B%AE/PlayableAD/Cocos/TheW/20260615_HYQ/HYQ_Project/extensions/super-packager/package_assets/JiangYv/PBASDK-v3/PLASDK.ts.
17:06:08.492 debug: Resolve file:///D:/%E5%B7%A5%E7%A8%8B%E9%A1%B9%E7%9B%AE/PlayableAD/Cocos/TheW/20260615_HYQ/HYQ_Project/extensions/super-packager/package_assets/JiangYv/PBASDK-v3/PrintComponent.ts from cce:/internal/x/prerequisite-imports as file:///D:/%E5%B7%A5%E7%A8%8B%E9%A1%B9%E7%9B%AE/PlayableAD/Cocos/TheW/20260615_HYQ/HYQ_Project/extensions/super-packager/package_assets/JiangYv/PBASDK-v3/PrintComponent.ts.
17:06:08.493 debug: Resolve file:///D:/%E5%B7%A5%E7%A8%8B%E9%A1%B9%E7%9B%AE/PlayableAD/Cocos/TheW/20260615_HYQ/HYQ_Project/extensions/super-packager/package_assets/JiangYv/PBASDK-v3/StutterCheck.ts from cce:/internal/x/prerequisite-imports as file:///D:/%E5%B7%A5%E7%A8%8B%E9%A1%B9%E7%9B%AE/PlayableAD/Cocos/TheW/20260615_HYQ/HYQ_Project/extensions/super-packager/package_assets/JiangYv/PBASDK-v3/StutterCheck.ts.
17:06:08.494 debug: Resolve file:///D:/%E5%B7%A5%E7%A8%8B%E9%A1%B9%E7%9B%AE/PlayableAD/Cocos/TheW/20260615_HYQ/HYQ_Project/extensions/super-packager/package_assets/JiangYv/PBASDK-v3/super_html_playable.ts from cce:/internal/x/prerequisite-imports as file:///D:/%E5%B7%A5%E7%A8%8B%E9%A1%B9%E7%9B%AE/PlayableAD/Cocos/TheW/20260615_HYQ/HYQ_Project/extensions/super-packager/package_assets/JiangYv/PBASDK-v3/super_html_playable.ts.
17:06:08.495 debug: Resolve file:///D:/%E5%B7%A5%E7%A8%8B%E9%A1%B9%E7%9B%AE/PlayableAD/Cocos/TheW/20260615_HYQ/HYQ_Project/extensions/super-packager/package_assets/JiangYv/SuperPackageJY.ts from cce:/internal/x/prerequisite-imports as file:///D:/%E5%B7%A5%E7%A8%8B%E9%A1%B9%E7%9B%AE/PlayableAD/Cocos/TheW/20260615_HYQ/HYQ_Project/extensions/super-packager/package_assets/JiangYv/SuperPackageJY.ts.
17:06:08.496 debug: Detected change: cce:/internal/code-quality/cr.mjs. Last mtime: Wed Jun 24 2026 14:07:43 GMT+0800 (中国标准时间), Current mtime: Wed Jun 24 2026 17:05:52 GMT+0800 (中国标准时间)
17:06:08.496 debug: Inspect cce:/internal/code-quality/cr.mjs
17:06:08.507 debug: transform url: 'cce:/internal/code-quality/cr.mjs' costs: 11.40 ms
17:06:08.594 debug: Target(editor) ends with cost 308.39900000000125ms.
17:06:08.596 debug: Target(preview) build started.
17:06:08.730 debug: Detected change: cce:/internal/x/prerequisite-imports. Last mtime: Thu Jan 01 1970 08:00:11 GMT+0800 (中国标准时间), Current mtime: Thu Jan 01 1970 08:00:16 GMT+0800 (中国标准时间)
17:06:08.730 debug: Inspect cce:/internal/x/prerequisite-imports
17:06:08.813 debug: transform url: 'cce:/internal/x/prerequisite-imports' costs: 83.10 ms
17:06:08.820 debug: Resolve file:///C:/ProgramData/cocos/editors/Creator/3.8.7/resources/resources/3d/engine/editor/assets/default_renderpipeline/builtin-dof-pass.ts from cce:/internal/x/prerequisite-imports as file:///C:/ProgramData/cocos/editors/Creator/3.8.7/resources/resources/3d/engine/editor/assets/default_renderpipeline/builtin-dof-pass.ts.
17:06:08.821 debug: Resolve file:///C:/ProgramData/cocos/editors/Creator/3.8.7/resources/resources/3d/engine/editor/assets/default_renderpipeline/builtin-pipeline-pass.ts from cce:/internal/x/prerequisite-imports as file:///C:/ProgramData/cocos/editors/Creator/3.8.7/resources/resources/3d/engine/editor/assets/default_renderpipeline/builtin-pipeline-pass.ts.
17:06:08.823 debug: Resolve file:///C:/ProgramData/cocos/editors/Creator/3.8.7/resources/resources/3d/engine/editor/assets/default_renderpipeline/builtin-pipeline-settings.ts from cce:/internal/x/prerequisite-imports as file:///C:/ProgramData/cocos/editors/Creator/3.8.7/resources/resources/3d/engine/editor/assets/default_renderpipeline/builtin-pipeline-settings.ts.
17:06:08.824 debug: Resolve file:///C:/ProgramData/cocos/editors/Creator/3.8.7/resources/resources/3d/engine/editor/assets/default_renderpipeline/builtin-pipeline-types.ts from cce:/internal/x/prerequisite-imports as file:///C:/ProgramData/cocos/editors/Creator/3.8.7/resources/resources/3d/engine/editor/assets/default_renderpipeline/builtin-pipeline-types.ts.
17:06:08.825 debug: Resolve file:///C:/ProgramData/cocos/editors/Creator/3.8.7/resources/resources/3d/engine/editor/assets/default_renderpipeline/builtin-pipeline.ts from cce:/internal/x/prerequisite-imports as file:///C:/ProgramData/cocos/editors/Creator/3.8.7/resources/resources/3d/engine/editor/assets/default_renderpipeline/builtin-pipeline.ts.
17:06:08.826 debug: Resolve file:///C:/ProgramData/cocos/editors/Creator/3.8.7/resources/resources/3d/engine/editor/assets/tools/debug-view-runtime-control.ts from cce:/internal/x/prerequisite-imports as file:///C:/ProgramData/cocos/editors/Creator/3.8.7/resources/resources/3d/engine/editor/assets/tools/debug-view-runtime-control.ts.
17:06:08.827 debug: Resolve file:///D:/%E5%B7%A5%E7%A8%8B%E9%A1%B9%E7%9B%AE/PlayableAD/Cocos/TheW/20260615_HYQ/HYQ_Project/assets/GameRes/1219/Scene/Eff/light/Lightning.ts from cce:/internal/x/prerequisite-imports as file:///D:/%E5%B7%A5%E7%A8%8B%E9%A1%B9%E7%9B%AE/PlayableAD/Cocos/TheW/20260615_HYQ/HYQ_Project/assets/GameRes/1219/Scene/Eff/light/Lightning.ts.
17:06:08.828 debug: Resolve file:///D:/%E5%B7%A5%E7%A8%8B%E9%A1%B9%E7%9B%AE/PlayableAD/Cocos/TheW/20260615_HYQ/HYQ_Project/assets/Script/Base/AudioManager.ts from cce:/internal/x/prerequisite-imports as file:///D:/%E5%B7%A5%E7%A8%8B%E9%A1%B9%E7%9B%AE/PlayableAD/Cocos/TheW/20260615_HYQ/HYQ_Project/assets/Script/Base/AudioManager.ts.
17:06:08.829 debug: Resolve file:///D:/%E5%B7%A5%E7%A8%8B%E9%A1%B9%E7%9B%AE/PlayableAD/Cocos/TheW/20260615_HYQ/HYQ_Project/assets/Script/Base/CameraMove.ts from cce:/internal/x/prerequisite-imports as file:///D:/%E5%B7%A5%E7%A8%8B%E9%A1%B9%E7%9B%AE/PlayableAD/Cocos/TheW/20260615_HYQ/HYQ_Project/assets/Script/Base/CameraMove.ts.
17:06:08.830 debug: Resolve file:///D:/%E5%B7%A5%E7%A8%8B%E9%A1%B9%E7%9B%AE/PlayableAD/Cocos/TheW/20260615_HYQ/HYQ_Project/assets/Script/Base/EnumList.ts from cce:/internal/x/prerequisite-imports as file:///D:/%E5%B7%A5%E7%A8%8B%E9%A1%B9%E7%9B%AE/PlayableAD/Cocos/TheW/20260615_HYQ/HYQ_Project/assets/Script/Base/EnumList.ts.
17:06:08.830 debug: Resolve file:///D:/%E5%B7%A5%E7%A8%8B%E9%A1%B9%E7%9B%AE/PlayableAD/Cocos/TheW/20260615_HYQ/HYQ_Project/assets/Script/Base/EventManager.ts from cce:/internal/x/prerequisite-imports as file:///D:/%E5%B7%A5%E7%A8%8B%E9%A1%B9%E7%9B%AE/PlayableAD/Cocos/TheW/20260615_HYQ/HYQ_Project/assets/Script/Base/EventManager.ts.
17:06:08.831 debug: Resolve file:///D:/%E5%B7%A5%E7%A8%8B%E9%A1%B9%E7%9B%AE/PlayableAD/Cocos/TheW/20260615_HYQ/HYQ_Project/assets/Script/Base/LayerManager.ts from cce:/internal/x/prerequisite-imports as file:///D:/%E5%B7%A5%E7%A8%8B%E9%A1%B9%E7%9B%AE/PlayableAD/Cocos/TheW/20260615_HYQ/HYQ_Project/assets/Script/Base/LayerManager.ts.
17:06:08.832 debug: Resolve file:///D:/%E5%B7%A5%E7%A8%8B%E9%A1%B9%E7%9B%AE/PlayableAD/Cocos/TheW/20260615_HYQ/HYQ_Project/assets/Script/Base/MoveRot/MoveDrive.ts from cce:/internal/x/prerequisite-imports as file:///D:/%E5%B7%A5%E7%A8%8B%E9%A1%B9%E7%9B%AE/PlayableAD/Cocos/TheW/20260615_HYQ/HYQ_Project/assets/Script/Base/MoveRot/MoveDrive.ts.
17:06:08.833 debug: Resolve file:///D:/%E5%B7%A5%E7%A8%8B%E9%A1%B9%E7%9B%AE/PlayableAD/Cocos/TheW/20260615_HYQ/HYQ_Project/assets/Script/Base/MoveRot/RotationDrive.ts from cce:/internal/x/prerequisite-imports as file:///D:/%E5%B7%A5%E7%A8%8B%E9%A1%B9%E7%9B%AE/PlayableAD/Cocos/TheW/20260615_HYQ/HYQ_Project/assets/Script/Base/MoveRot/RotationDrive.ts.
17:06:08.834 debug: Resolve file:///D:/%E5%B7%A5%E7%A8%8B%E9%A1%B9%E7%9B%AE/PlayableAD/Cocos/TheW/20260615_HYQ/HYQ_Project/assets/Script/Base/MoveRot/RotationVector.ts from cce:/internal/x/prerequisite-imports as file:///D:/%E5%B7%A5%E7%A8%8B%E9%A1%B9%E7%9B%AE/PlayableAD/Cocos/TheW/20260615_HYQ/HYQ_Project/assets/Script/Base/MoveRot/RotationVector.ts.
17:06:08.834 debug: Resolve file:///D:/%E5%B7%A5%E7%A8%8B%E9%A1%B9%E7%9B%AE/PlayableAD/Cocos/TheW/20260615_HYQ/HYQ_Project/assets/Script/Base/PoolManager.ts from cce:/internal/x/prerequisite-imports as file:///D:/%E5%B7%A5%E7%A8%8B%E9%A1%B9%E7%9B%AE/PlayableAD/Cocos/TheW/20260615_HYQ/HYQ_Project/assets/Script/Base/PoolManager.ts.
17:06:08.835 debug: Resolve file:///D:/%E5%B7%A5%E7%A8%8B%E9%A1%B9%E7%9B%AE/PlayableAD/Cocos/TheW/20260615_HYQ/HYQ_Project/assets/Script/Base/PrefabsManager.ts from cce:/internal/x/prerequisite-imports as file:///D:/%E5%B7%A5%E7%A8%8B%E9%A1%B9%E7%9B%AE/PlayableAD/Cocos/TheW/20260615_HYQ/HYQ_Project/assets/Script/Base/PrefabsManager.ts.
17:06:08.836 debug: Resolve file:///D:/%E5%B7%A5%E7%A8%8B%E9%A1%B9%E7%9B%AE/PlayableAD/Cocos/TheW/20260615_HYQ/HYQ_Project/assets/Script/Base/Singleton.ts from cce:/internal/x/prerequisite-imports as file:///D:/%E5%B7%A5%E7%A8%8B%E9%A1%B9%E7%9B%AE/PlayableAD/Cocos/TheW/20260615_HYQ/HYQ_Project/assets/Script/Base/Singleton.ts.
17:06:08.836 debug: Resolve file:///D:/%E5%B7%A5%E7%A8%8B%E9%A1%B9%E7%9B%AE/PlayableAD/Cocos/TheW/20260615_HYQ/HYQ_Project/assets/Script/Base/TextAdaptation/DownLoadL8.ts from cce:/internal/x/prerequisite-imports as file:///D:/%E5%B7%A5%E7%A8%8B%E9%A1%B9%E7%9B%AE/PlayableAD/Cocos/TheW/20260615_HYQ/HYQ_Project/assets/Script/Base/TextAdaptation/DownLoadL8.ts.
17:06:08.837 debug: Resolve file:///D:/%E5%B7%A5%E7%A8%8B%E9%A1%B9%E7%9B%AE/PlayableAD/Cocos/TheW/20260615_HYQ/HYQ_Project/assets/Script/Base/TextAdaptation/DragAndMoveL8.ts from cce:/internal/x/prerequisite-imports as file:///D:/%E5%B7%A5%E7%A8%8B%E9%A1%B9%E7%9B%AE/PlayableAD/Cocos/TheW/20260615_HYQ/HYQ_Project/assets/Script/Base/TextAdaptation/DragAndMoveL8.ts.
17:06:08.837 debug: Resolve file:///D:/%E5%B7%A5%E7%A8%8B%E9%A1%B9%E7%9B%AE/PlayableAD/Cocos/TheW/20260615_HYQ/HYQ_Project/assets/Script/Base/TextAdaptation/L18Manager.ts from cce:/internal/x/prerequisite-imports as file:///D:/%E5%B7%A5%E7%A8%8B%E9%A1%B9%E7%9B%AE/PlayableAD/Cocos/TheW/20260615_HYQ/HYQ_Project/assets/Script/Base/TextAdaptation/L18Manager.ts.
17:06:08.838 debug: Resolve file:///D:/%E5%B7%A5%E7%A8%8B%E9%A1%B9%E7%9B%AE/PlayableAD/Cocos/TheW/20260615_HYQ/HYQ_Project/assets/Script/Base/TextAdaptation/LangArrAuto.ts from cce:/internal/x/prerequisite-imports as file:///D:/%E5%B7%A5%E7%A8%8B%E9%A1%B9%E7%9B%AE/PlayableAD/Cocos/TheW/20260615_HYQ/HYQ_Project/assets/Script/Base/TextAdaptation/LangArrAuto.ts.
17:06:08.838 debug: Resolve file:///D:/%E5%B7%A5%E7%A8%8B%E9%A1%B9%E7%9B%AE/PlayableAD/Cocos/TheW/20260615_HYQ/HYQ_Project/assets/Script/Base/TextAdaptation/LangAuto.ts from cce:/internal/x/prerequisite-imports as file:///D:/%E5%B7%A5%E7%A8%8B%E9%A1%B9%E7%9B%AE/PlayableAD/Cocos/TheW/20260615_HYQ/HYQ_Project/assets/Script/Base/TextAdaptation/LangAuto.ts.
17:06:08.839 debug: Resolve file:///D:/%E5%B7%A5%E7%A8%8B%E9%A1%B9%E7%9B%AE/PlayableAD/Cocos/TheW/20260615_HYQ/HYQ_Project/assets/Script/Base/TextAdaptation/ResurrectionL8.ts from cce:/internal/x/prerequisite-imports as file:///D:/%E5%B7%A5%E7%A8%8B%E9%A1%B9%E7%9B%AE/PlayableAD/Cocos/TheW/20260615_HYQ/HYQ_Project/assets/Script/Base/TextAdaptation/ResurrectionL8.ts.
17:06:08.840 debug: Resolve file:///D:/%E5%B7%A5%E7%A8%8B%E9%A1%B9%E7%9B%AE/PlayableAD/Cocos/TheW/20260615_HYQ/HYQ_Project/assets/Script/Base/UnityUpComponent.ts from cce:/internal/x/prerequisite-imports as file:///D:/%E5%B7%A5%E7%A8%8B%E9%A1%B9%E7%9B%AE/PlayableAD/Cocos/TheW/20260615_HYQ/HYQ_Project/assets/Script/Base/UnityUpComponent.ts.
17:06:08.841 debug: Resolve file:///D:/%E5%B7%A5%E7%A8%8B%E9%A1%B9%E7%9B%AE/PlayableAD/Cocos/TheW/20260615_HYQ/HYQ_Project/assets/Script/Tool/Index.ts from cce:/internal/x/prerequisite-imports as file:///D:/%E5%B7%A5%E7%A8%8B%E9%A1%B9%E7%9B%AE/PlayableAD/Cocos/TheW/20260615_HYQ/HYQ_Project/assets/Script/Tool/Index.ts.
17:06:08.841 debug: Resolve file:///D:/%E5%B7%A5%E7%A8%8B%E9%A1%B9%E7%9B%AE/PlayableAD/Cocos/TheW/20260615_HYQ/HYQ_Project/assets/Script/Tool/TweenTool.ts from cce:/internal/x/prerequisite-imports as file:///D:/%E5%B7%A5%E7%A8%8B%E9%A1%B9%E7%9B%AE/PlayableAD/Cocos/TheW/20260615_HYQ/HYQ_Project/assets/Script/Tool/TweenTool.ts.
17:06:08.842 debug: Resolve file:///D:/%E5%B7%A5%E7%A8%8B%E9%A1%B9%E7%9B%AE/PlayableAD/Cocos/TheW/20260615_HYQ/HYQ_Project/assets/Script/functionS/Bag/Base/BagBase.ts from cce:/internal/x/prerequisite-imports as file:///D:/%E5%B7%A5%E7%A8%8B%E9%A1%B9%E7%9B%AE/PlayableAD/Cocos/TheW/20260615_HYQ/HYQ_Project/assets/Script/functionS/Bag/Base/BagBase.ts.
17:06:08.844 debug: Resolve file:///D:/%E5%B7%A5%E7%A8%8B%E9%A1%B9%E7%9B%AE/PlayableAD/Cocos/TheW/20260615_HYQ/HYQ_Project/assets/Script/functionS/Bag/FlayPropManager.ts from cce:/internal/x/prerequisite-imports as file:///D:/%E5%B7%A5%E7%A8%8B%E9%A1%B9%E7%9B%AE/PlayableAD/Cocos/TheW/20260615_HYQ/HYQ_Project/assets/Script/functionS/Bag/FlayPropManager.ts.
17:06:08.846 debug: Resolve file:///D:/%E5%B7%A5%E7%A8%8B%E9%A1%B9%E7%9B%AE/PlayableAD/Cocos/TheW/20260615_HYQ/HYQ_Project/assets/Script/functionS/Bag/GroupBag3D.ts from cce:/internal/x/prerequisite-imports as file:///D:/%E5%B7%A5%E7%A8%8B%E9%A1%B9%E7%9B%AE/PlayableAD/Cocos/TheW/20260615_HYQ/HYQ_Project/assets/Script/functionS/Bag/GroupBag3D.ts.
17:06:08.846 debug: Resolve file:///D:/%E5%B7%A5%E7%A8%8B%E9%A1%B9%E7%9B%AE/PlayableAD/Cocos/TheW/20260615_HYQ/HYQ_Project/assets/Script/functionS/Bag/GroupPropTransform.ts from cce:/internal/x/prerequisite-imports as file:///D:/%E5%B7%A5%E7%A8%8B%E9%A1%B9%E7%9B%AE/PlayableAD/Cocos/TheW/20260615_HYQ/HYQ_Project/assets/Script/functionS/Bag/GroupPropTransform.ts.
17:06:08.847 debug: Resolve file:///D:/%E5%B7%A5%E7%A8%8B%E9%A1%B9%E7%9B%AE/PlayableAD/Cocos/TheW/20260615_HYQ/HYQ_Project/assets/Script/functionS/Bag/IPropFly.ts from cce:/internal/x/prerequisite-imports as file:///D:/%E5%B7%A5%E7%A8%8B%E9%A1%B9%E7%9B%AE/PlayableAD/Cocos/TheW/20260615_HYQ/HYQ_Project/assets/Script/functionS/Bag/IPropFly.ts.
17:06:08.848 debug: Resolve file:///D:/%E5%B7%A5%E7%A8%8B%E9%A1%B9%E7%9B%AE/PlayableAD/Cocos/TheW/20260615_HYQ/HYQ_Project/assets/Script/functionS/Bag/LabBagUp.ts from cce:/internal/x/prerequisite-imports as file:///D:/%E5%B7%A5%E7%A8%8B%E9%A1%B9%E7%9B%AE/PlayableAD/Cocos/TheW/20260615_HYQ/HYQ_Project/assets/Script/functionS/Bag/LabBagUp.ts.
17:06:08.849 debug: Resolve file:///D:/%E5%B7%A5%E7%A8%8B%E9%A1%B9%E7%9B%AE/PlayableAD/Cocos/TheW/20260615_HYQ/HYQ_Project/assets/Script/functionS/Bag/Prop.ts from cce:/internal/x/prerequisite-imports as file:///D:/%E5%B7%A5%E7%A8%8B%E9%A1%B9%E7%9B%AE/PlayableAD/Cocos/TheW/20260615_HYQ/HYQ_Project/assets/Script/functionS/Bag/Prop.ts.
17:06:08.849 debug: Resolve file:///D:/%E5%B7%A5%E7%A8%8B%E9%A1%B9%E7%9B%AE/PlayableAD/Cocos/TheW/20260615_HYQ/HYQ_Project/assets/Script/functionS/Bag/PropManager.ts from cce:/internal/x/prerequisite-imports as file:///D:/%E5%B7%A5%E7%A8%8B%E9%A1%B9%E7%9B%AE/PlayableAD/Cocos/TheW/20260615_HYQ/HYQ_Project/assets/Script/functionS/Bag/PropManager.ts.
17:06:08.850 debug: Resolve file:///D:/%E5%B7%A5%E7%A8%8B%E9%A1%B9%E7%9B%AE/PlayableAD/Cocos/TheW/20260615_HYQ/HYQ_Project/assets/Script/functionS/Battle/Attack/AreaAttack.ts from cce:/internal/x/prerequisite-imports as file:///D:/%E5%B7%A5%E7%A8%8B%E9%A1%B9%E7%9B%AE/PlayableAD/Cocos/TheW/20260615_HYQ/HYQ_Project/assets/Script/functionS/Battle/Attack/AreaAttack.ts.
17:06:08.850 debug: Resolve file:///D:/%E5%B7%A5%E7%A8%8B%E9%A1%B9%E7%9B%AE/PlayableAD/Cocos/TheW/20260615_HYQ/HYQ_Project/assets/Script/functionS/Battle/Attack/AttackState.ts from cce:/internal/x/prerequisite-imports as file:///D:/%E5%B7%A5%E7%A8%8B%E9%A1%B9%E7%9B%AE/PlayableAD/Cocos/TheW/20260615_HYQ/HYQ_Project/assets/Script/functionS/Battle/Attack/AttackState.ts.
17:06:08.851 debug: Resolve file:///D:/%E5%B7%A5%E7%A8%8B%E9%A1%B9%E7%9B%AE/PlayableAD/Cocos/TheW/20260615_HYQ/HYQ_Project/assets/Script/functionS/Battle/Attack/MeleeAttack.ts from cce:/internal/x/prerequisite-imports as file:///D:/%E5%B7%A5%E7%A8%8B%E9%A1%B9%E7%9B%AE/PlayableAD/Cocos/TheW/20260615_HYQ/HYQ_Project/assets/Script/functionS/Battle/Attack/MeleeAttack.ts.
17:06:08.852 debug: Resolve file:///D:/%E5%B7%A5%E7%A8%8B%E9%A1%B9%E7%9B%AE/PlayableAD/Cocos/TheW/20260615_HYQ/HYQ_Project/assets/Script/functionS/Battle/Base/AttackTargetBase.ts from cce:/internal/x/prerequisite-imports as file:///D:/%E5%B7%A5%E7%A8%8B%E9%A1%B9%E7%9B%AE/PlayableAD/Cocos/TheW/20260615_HYQ/HYQ_Project/assets/Script/functionS/Battle/Base/AttackTargetBase.ts.
17:06:08.853 debug: Resolve file:///D:/%E5%B7%A5%E7%A8%8B%E9%A1%B9%E7%9B%AE/PlayableAD/Cocos/TheW/20260615_HYQ/HYQ_Project/assets/Script/functionS/Battle/Base/BattleTargetBase.ts from cce:/internal/x/prerequisite-imports as file:///D:/%E5%B7%A5%E7%A8%8B%E9%A1%B9%E7%9B%AE/PlayableAD/Cocos/TheW/20260615_HYQ/HYQ_Project/assets/Script/functionS/Battle/Base/BattleTargetBase.ts.
17:06:08.854 debug: Resolve file:///D:/%E5%B7%A5%E7%A8%8B%E9%A1%B9%E7%9B%AE/PlayableAD/Cocos/TheW/20260615_HYQ/HYQ_Project/assets/Script/functionS/Battle/Base/FlashRedManager.ts from cce:/internal/x/prerequisite-imports as file:///D:/%E5%B7%A5%E7%A8%8B%E9%A1%B9%E7%9B%AE/PlayableAD/Cocos/TheW/20260615_HYQ/HYQ_Project/assets/Script/functionS/Battle/Base/FlashRedManager.ts.
17:06:08.854 debug: Resolve file:///D:/%E5%B7%A5%E7%A8%8B%E9%A1%B9%E7%9B%AE/PlayableAD/Cocos/TheW/20260615_HYQ/HYQ_Project/assets/Script/functionS/Battle/Battle2D/Attack2D/RangedAttack.ts from cce:/internal/x/prerequisite-imports as file:///D:/%E5%B7%A5%E7%A8%8B%E9%A1%B9%E7%9B%AE/PlayableAD/Cocos/TheW/20260615_HYQ/HYQ_Project/assets/Script/functionS/Battle/Battle2D/Attack2D/RangedAttack.ts.
17:06:08.855 debug: Resolve file:///D:/%E5%B7%A5%E7%A8%8B%E9%A1%B9%E7%9B%AE/PlayableAD/Cocos/TheW/20260615_HYQ/HYQ_Project/assets/Script/functionS/Battle/Battle2D/Bullet/BulletBattle2D.ts from cce:/internal/x/prerequisite-imports as file:///D:/%E5%B7%A5%E7%A8%8B%E9%A1%B9%E7%9B%AE/PlayableAD/Cocos/TheW/20260615_HYQ/HYQ_Project/assets/Script/functionS/Battle/Battle2D/Bullet/BulletBattle2D.ts.
17:06:08.857 debug: Resolve file:///D:/%E5%B7%A5%E7%A8%8B%E9%A1%B9%E7%9B%AE/PlayableAD/Cocos/TheW/20260615_HYQ/HYQ_Project/assets/Script/functionS/Battle/Battle2D/Bullet/BulletCollideBase2D.ts from cce:/internal/x/prerequisite-imports as file:///D:/%E5%B7%A5%E7%A8%8B%E9%A1%B9%E7%9B%AE/PlayableAD/Cocos/TheW/20260615_HYQ/HYQ_Project/assets/Script/functionS/Battle/Battle2D/Bullet/BulletCollideBase2D.ts.
17:06:08.859 debug: Resolve file:///D:/%E5%B7%A5%E7%A8%8B%E9%A1%B9%E7%9B%AE/PlayableAD/Cocos/TheW/20260615_HYQ/HYQ_Project/assets/Script/functionS/Battle/Battle2D/CollectBattleTarger2D.ts from cce:/internal/x/prerequisite-imports as file:///D:/%E5%B7%A5%E7%A8%8B%E9%A1%B9%E7%9B%AE/PlayableAD/Cocos/TheW/20260615_HYQ/HYQ_Project/assets/Script/functionS/Battle/Battle2D/CollectBattleTarger2D.ts.
17:06:08.859 debug: Resolve file:///D:/%E5%B7%A5%E7%A8%8B%E9%A1%B9%E7%9B%AE/PlayableAD/Cocos/TheW/20260615_HYQ/HYQ_Project/assets/Script/functionS/Battle/Battle2D/TriggerBase2D.ts from cce:/internal/x/prerequisite-imports as file:///D:/%E5%B7%A5%E7%A8%8B%E9%A1%B9%E7%9B%AE/PlayableAD/Cocos/TheW/20260615_HYQ/HYQ_Project/assets/Script/functionS/Battle/Battle2D/TriggerBase2D.ts.
17:06:08.860 debug: Resolve file:///D:/%E5%B7%A5%E7%A8%8B%E9%A1%B9%E7%9B%AE/PlayableAD/Cocos/TheW/20260615_HYQ/HYQ_Project/assets/Script/functionS/Battle/Battle3D/Attack3D/RangeTowerAttack.ts from cce:/internal/x/prerequisite-imports as file:///D:/%E5%B7%A5%E7%A8%8B%E9%A1%B9%E7%9B%AE/PlayableAD/Cocos/TheW/20260615_HYQ/HYQ_Project/assets/Script/functionS/Battle/Battle3D/Attack3D/RangeTowerAttack.ts.
17:06:08.861 debug: Resolve file:///D:/%E5%B7%A5%E7%A8%8B%E9%A1%B9%E7%9B%AE/PlayableAD/Cocos/TheW/20260615_HYQ/HYQ_Project/assets/Script/functionS/Battle/Battle3D/Attack3D/RangedAttack_Circle.ts from cce:/internal/x/prerequisite-imports as file:///D:/%E5%B7%A5%E7%A8%8B%E9%A1%B9%E7%9B%AE/PlayableAD/Cocos/TheW/20260615_HYQ/HYQ_Project/assets/Script/functionS/Battle/Battle3D/Attack3D/RangedAttack_Circle.ts.
17:06:08.865 debug: Resolve file:///D:/%E5%B7%A5%E7%A8%8B%E9%A1%B9%E7%9B%AE/PlayableAD/Cocos/TheW/20260615_HYQ/HYQ_Project/assets/Script/functionS/Battle/Battle3D/Attack3D/RangedAttack_Shrapnel.ts from cce:/internal/x/prerequisite-imports as file:///D:/%E5%B7%A5%E7%A8%8B%E9%A1%B9%E7%9B%AE/PlayableAD/Cocos/TheW/20260615_HYQ/HYQ_Project/assets/Script/functionS/Battle/Battle3D/Attack3D/RangedAttack_Shrapnel.ts.
17:06:08.865 debug: Resolve file:///D:/%E5%B7%A5%E7%A8%8B%E9%A1%B9%E7%9B%AE/PlayableAD/Cocos/TheW/20260615_HYQ/HYQ_Project/assets/Script/functionS/Battle/Battle3D/AttackParkPlay.ts from cce:/internal/x/prerequisite-imports as file:///D:/%E5%B7%A5%E7%A8%8B%E9%A1%B9%E7%9B%AE/PlayableAD/Cocos/TheW/20260615_HYQ/HYQ_Project/assets/Script/functionS/Battle/Battle3D/AttackParkPlay.ts.
17:06:08.866 debug: Resolve file:///D:/%E5%B7%A5%E7%A8%8B%E9%A1%B9%E7%9B%AE/PlayableAD/Cocos/TheW/20260615_HYQ/HYQ_Project/assets/Script/functionS/Battle/Battle3D/Bullet/BulletBattle3D.ts from cce:/internal/x/prerequisite-imports as file:///D:/%E5%B7%A5%E7%A8%8B%E9%A1%B9%E7%9B%AE/PlayableAD/Cocos/TheW/20260615_HYQ/HYQ_Project/assets/Script/functionS/Battle/Battle3D/Bullet/BulletBattle3D.ts.
17:06:08.867 debug: Resolve file:///D:/%E5%B7%A5%E7%A8%8B%E9%A1%B9%E7%9B%AE/PlayableAD/Cocos/TheW/20260615_HYQ/HYQ_Project/assets/Script/functionS/Battle/Battle3D/Bullet/BulletCollideBase3D.ts from cce:/internal/x/prerequisite-imports as file:///D:/%E5%B7%A5%E7%A8%8B%E9%A1%B9%E7%9B%AE/PlayableAD/Cocos/TheW/20260615_HYQ/HYQ_Project/assets/Script/functionS/Battle/Battle3D/Bullet/BulletCollideBase3D.ts.
17:06:08.868 debug: Resolve file:///D:/%E5%B7%A5%E7%A8%8B%E9%A1%B9%E7%9B%AE/PlayableAD/Cocos/TheW/20260615_HYQ/HYQ_Project/assets/Script/functionS/Battle/Battle3D/CollectBattleTarger3D.ts from cce:/internal/x/prerequisite-imports as file:///D:/%E5%B7%A5%E7%A8%8B%E9%A1%B9%E7%9B%AE/PlayableAD/Cocos/TheW/20260615_HYQ/HYQ_Project/assets/Script/functionS/Battle/Battle3D/CollectBattleTarger3D.ts.
17:06:08.868 debug: Resolve file:///D:/%E5%B7%A5%E7%A8%8B%E9%A1%B9%E7%9B%AE/PlayableAD/Cocos/TheW/20260615_HYQ/HYQ_Project/assets/Script/functionS/Battle/Battle3D/TriggerBase3D.ts from cce:/internal/x/prerequisite-imports as file:///D:/%E5%B7%A5%E7%A8%8B%E9%A1%B9%E7%9B%AE/PlayableAD/Cocos/TheW/20260615_HYQ/HYQ_Project/assets/Script/functionS/Battle/Battle3D/TriggerBase3D.ts.
17:06:08.869 debug: Resolve file:///D:/%E5%B7%A5%E7%A8%8B%E9%A1%B9%E7%9B%AE/PlayableAD/Cocos/TheW/20260615_HYQ/HYQ_Project/assets/Script/functionS/Battle/BattleTarger/BattleTarget2D.ts from cce:/internal/x/prerequisite-imports as file:///D:/%E5%B7%A5%E7%A8%8B%E9%A1%B9%E7%9B%AE/PlayableAD/Cocos/TheW/20260615_HYQ/HYQ_Project/assets/Script/functionS/Battle/BattleTarger/BattleTarget2D.ts.
17:06:08.870 debug: Resolve file:///D:/%E5%B7%A5%E7%A8%8B%E9%A1%B9%E7%9B%AE/PlayableAD/Cocos/TheW/20260615_HYQ/HYQ_Project/assets/Script/functionS/Battle/BattleTarger/BattleTarget3D.ts from cce:/internal/x/prerequisite-imports as file:///D:/%E5%B7%A5%E7%A8%8B%E9%A1%B9%E7%9B%AE/PlayableAD/Cocos/TheW/20260615_HYQ/HYQ_Project/assets/Script/functionS/Battle/BattleTarger/BattleTarget3D.ts.
17:06:08.870 debug: Resolve file:///D:/%E5%B7%A5%E7%A8%8B%E9%A1%B9%E7%9B%AE/PlayableAD/Cocos/TheW/20260615_HYQ/HYQ_Project/assets/Script/functionS/Battle/BulletBatchRenderer.ts from cce:/internal/x/prerequisite-imports as file:///D:/%E5%B7%A5%E7%A8%8B%E9%A1%B9%E7%9B%AE/PlayableAD/Cocos/TheW/20260615_HYQ/HYQ_Project/assets/Script/functionS/Battle/BulletBatchRenderer.ts.
17:06:08.871 debug: Resolve file:///D:/%E5%B7%A5%E7%A8%8B%E9%A1%B9%E7%9B%AE/PlayableAD/Cocos/TheW/20260615_HYQ/HYQ_Project/assets/Script/functionS/Battle/BulletManager.ts from cce:/internal/x/prerequisite-imports as file:///D:/%E5%B7%A5%E7%A8%8B%E9%A1%B9%E7%9B%AE/PlayableAD/Cocos/TheW/20260615_HYQ/HYQ_Project/assets/Script/functionS/Battle/BulletManager.ts.
17:06:08.872 debug: Resolve file:///D:/%E5%B7%A5%E7%A8%8B%E9%A1%B9%E7%9B%AE/PlayableAD/Cocos/TheW/20260615_HYQ/HYQ_Project/assets/Script/functionS/Battle/BulletMonsterCollisionManager.ts from cce:/internal/x/prerequisite-imports as file:///D:/%E5%B7%A5%E7%A8%8B%E9%A1%B9%E7%9B%AE/PlayableAD/Cocos/TheW/20260615_HYQ/HYQ_Project/assets/Script/functionS/Battle/BulletMonsterCollisionManager.ts.
17:06:08.872 debug: Resolve file:///D:/%E5%B7%A5%E7%A8%8B%E9%A1%B9%E7%9B%AE/PlayableAD/Cocos/TheW/20260615_HYQ/HYQ_Project/assets/Script/functionS/Battle/CollectBattleTarger/CollectGetTarget.ts from cce:/internal/x/prerequisite-imports as file:///D:/%E5%B7%A5%E7%A8%8B%E9%A1%B9%E7%9B%AE/PlayableAD/Cocos/TheW/20260615_HYQ/HYQ_Project/assets/Script/functionS/Battle/CollectBattleTarger/CollectGetTarget.ts.
17:06:08.873 debug: Resolve file:///D:/%E5%B7%A5%E7%A8%8B%E9%A1%B9%E7%9B%AE/PlayableAD/Cocos/TheW/20260615_HYQ/HYQ_Project/assets/Script/functionS/Battle/CollectBattleTarger/ColliderTag.ts from cce:/internal/x/prerequisite-imports as file:///D:/%E5%B7%A5%E7%A8%8B%E9%A1%B9%E7%9B%AE/PlayableAD/Cocos/TheW/20260615_HYQ/HYQ_Project/assets/Script/functionS/Battle/CollectBattleTarger/ColliderTag.ts.
17:06:08.874 debug: Resolve file:///D:/%E5%B7%A5%E7%A8%8B%E9%A1%B9%E7%9B%AE/PlayableAD/Cocos/TheW/20260615_HYQ/HYQ_Project/assets/Script/functionS/Battle/HpComponent.ts from cce:/internal/x/prerequisite-imports as file:///D:/%E5%B7%A5%E7%A8%8B%E9%A1%B9%E7%9B%AE/PlayableAD/Cocos/TheW/20260615_HYQ/HYQ_Project/assets/Script/functionS/Battle/HpComponent.ts.
17:06:08.874 debug: Resolve file:///D:/%E5%B7%A5%E7%A8%8B%E9%A1%B9%E7%9B%AE/PlayableAD/Cocos/TheW/20260615_HYQ/HYQ_Project/assets/Script/functionS/Effect/EffectManager.ts from cce:/internal/x/prerequisite-imports as file:///D:/%E5%B7%A5%E7%A8%8B%E9%A1%B9%E7%9B%AE/PlayableAD/Cocos/TheW/20260615_HYQ/HYQ_Project/assets/Script/functionS/Effect/EffectManager.ts.
17:06:08.875 debug: Resolve file:///D:/%E5%B7%A5%E7%A8%8B%E9%A1%B9%E7%9B%AE/PlayableAD/Cocos/TheW/20260615_HYQ/HYQ_Project/assets/Script/functionS/Effect/EffectRemoveBase.ts from cce:/internal/x/prerequisite-imports as file:///D:/%E5%B7%A5%E7%A8%8B%E9%A1%B9%E7%9B%AE/PlayableAD/Cocos/TheW/20260615_HYQ/HYQ_Project/assets/Script/functionS/Effect/EffectRemoveBase.ts.
17:06:08.876 debug: Resolve file:///D:/%E5%B7%A5%E7%A8%8B%E9%A1%B9%E7%9B%AE/PlayableAD/Cocos/TheW/20260615_HYQ/HYQ_Project/assets/Script/functionS/Effect/EffectTimePartRemove.ts from cce:/internal/x/prerequisite-imports as file:///D:/%E5%B7%A5%E7%A8%8B%E9%A1%B9%E7%9B%AE/PlayableAD/Cocos/TheW/20260615_HYQ/HYQ_Project/assets/Script/functionS/Effect/EffectTimePartRemove.ts.
17:06:08.876 debug: Resolve file:///D:/%E5%B7%A5%E7%A8%8B%E9%A1%B9%E7%9B%AE/PlayableAD/Cocos/TheW/20260615_HYQ/HYQ_Project/assets/Script/functionS/Effect/EffectTimeRemove.ts from cce:/internal/x/prerequisite-imports as file:///D:/%E5%B7%A5%E7%A8%8B%E9%A1%B9%E7%9B%AE/PlayableAD/Cocos/TheW/20260615_HYQ/HYQ_Project/assets/Script/functionS/Effect/EffectTimeRemove.ts.
17:06:08.877 debug: Resolve file:///D:/%E5%B7%A5%E7%A8%8B%E9%A1%B9%E7%9B%AE/PlayableAD/Cocos/TheW/20260615_HYQ/HYQ_Project/assets/Script/functionS/Guide/GuideLine.ts from cce:/internal/x/prerequisite-imports as file:///D:/%E5%B7%A5%E7%A8%8B%E9%A1%B9%E7%9B%AE/PlayableAD/Cocos/TheW/20260615_HYQ/HYQ_Project/assets/Script/functionS/Guide/GuideLine.ts.
17:06:08.877 debug: Resolve file:///D:/%E5%B7%A5%E7%A8%8B%E9%A1%B9%E7%9B%AE/PlayableAD/Cocos/TheW/20260615_HYQ/HYQ_Project/assets/Script/functionS/Guide/GuideManager.ts from cce:/internal/x/prerequisite-imports as file:///D:/%E5%B7%A5%E7%A8%8B%E9%A1%B9%E7%9B%AE/PlayableAD/Cocos/TheW/20260615_HYQ/HYQ_Project/assets/Script/functionS/Guide/GuideManager.ts.
17:06:08.879 debug: Resolve file:///D:/%E5%B7%A5%E7%A8%8B%E9%A1%B9%E7%9B%AE/PlayableAD/Cocos/TheW/20260615_HYQ/HYQ_Project/assets/Script/functionS/Jump/BezierCurve.ts from cce:/internal/x/prerequisite-imports as file:///D:/%E5%B7%A5%E7%A8%8B%E9%A1%B9%E7%9B%AE/PlayableAD/Cocos/TheW/20260615_HYQ/HYQ_Project/assets/Script/functionS/Jump/BezierCurve.ts.
17:06:08.880 debug: Resolve file:///D:/%E5%B7%A5%E7%A8%8B%E9%A1%B9%E7%9B%AE/PlayableAD/Cocos/TheW/20260615_HYQ/HYQ_Project/assets/Script/functionS/Jump/JumpCurve.ts from cce:/internal/x/prerequisite-imports as file:///D:/%E5%B7%A5%E7%A8%8B%E9%A1%B9%E7%9B%AE/PlayableAD/Cocos/TheW/20260615_HYQ/HYQ_Project/assets/Script/functionS/Jump/JumpCurve.ts.
17:06:08.880 debug: Resolve file:///D:/%E5%B7%A5%E7%A8%8B%E9%A1%B9%E7%9B%AE/PlayableAD/Cocos/TheW/20260615_HYQ/HYQ_Project/assets/Script/functionS/Jump/JumpCurve3D.ts from cce:/internal/x/prerequisite-imports as file:///D:/%E5%B7%A5%E7%A8%8B%E9%A1%B9%E7%9B%AE/PlayableAD/Cocos/TheW/20260615_HYQ/HYQ_Project/assets/Script/functionS/Jump/JumpCurve3D.ts.
17:06:08.881 debug: Resolve file:///D:/%E5%B7%A5%E7%A8%8B%E9%A1%B9%E7%9B%AE/PlayableAD/Cocos/TheW/20260615_HYQ/HYQ_Project/assets/Script/functionS/Jump/JumpDriveEngine.ts from cce:/internal/x/prerequisite-imports as file:///D:/%E5%B7%A5%E7%A8%8B%E9%A1%B9%E7%9B%AE/PlayableAD/Cocos/TheW/20260615_HYQ/HYQ_Project/assets/Script/functionS/Jump/JumpDriveEngine.ts.
17:06:08.882 debug: Resolve file:///D:/%E5%B7%A5%E7%A8%8B%E9%A1%B9%E7%9B%AE/PlayableAD/Cocos/TheW/20260615_HYQ/HYQ_Project/assets/Script/functionS/Jump/JumpManager.ts from cce:/internal/x/prerequisite-imports as file:///D:/%E5%B7%A5%E7%A8%8B%E9%A1%B9%E7%9B%AE/PlayableAD/Cocos/TheW/20260615_HYQ/HYQ_Project/assets/Script/functionS/Jump/JumpManager.ts.
17:06:08.882 debug: Resolve file:///D:/%E5%B7%A5%E7%A8%8B%E9%A1%B9%E7%9B%AE/PlayableAD/Cocos/TheW/20260615_HYQ/HYQ_Project/assets/Script/functionS/Jump/JumpParabola.ts from cce:/internal/x/prerequisite-imports as file:///D:/%E5%B7%A5%E7%A8%8B%E9%A1%B9%E7%9B%AE/PlayableAD/Cocos/TheW/20260615_HYQ/HYQ_Project/assets/Script/functionS/Jump/JumpParabola.ts.
17:06:08.884 debug: Resolve file:///D:/%E5%B7%A5%E7%A8%8B%E9%A1%B9%E7%9B%AE/PlayableAD/Cocos/TheW/20260615_HYQ/HYQ_Project/assets/Script/functionS/Jump/JumpScatter.ts from cce:/internal/x/prerequisite-imports as file:///D:/%E5%B7%A5%E7%A8%8B%E9%A1%B9%E7%9B%AE/PlayableAD/Cocos/TheW/20260615_HYQ/HYQ_Project/assets/Script/functionS/Jump/JumpScatter.ts.
17:06:08.885 debug: Resolve file:///D:/%E5%B7%A5%E7%A8%8B%E9%A1%B9%E7%9B%AE/PlayableAD/Cocos/TheW/20260615_HYQ/HYQ_Project/assets/Script/functionS/Jump/JumpSequenceBase.ts from cce:/internal/x/prerequisite-imports as file:///D:/%E5%B7%A5%E7%A8%8B%E9%A1%B9%E7%9B%AE/PlayableAD/Cocos/TheW/20260615_HYQ/HYQ_Project/assets/Script/functionS/Jump/JumpSequenceBase.ts.
17:06:08.886 debug: Resolve file:///D:/%E5%B7%A5%E7%A8%8B%E9%A1%B9%E7%9B%AE/PlayableAD/Cocos/TheW/20260615_HYQ/HYQ_Project/assets/Script/functionS/Monster/MonsterBattleTaerget.ts from cce:/internal/x/prerequisite-imports as file:///D:/%E5%B7%A5%E7%A8%8B%E9%A1%B9%E7%9B%AE/PlayableAD/Cocos/TheW/20260615_HYQ/HYQ_Project/assets/Script/functionS/Monster/MonsterBattleTaerget.ts.
17:06:08.887 debug: Resolve file:///D:/%E5%B7%A5%E7%A8%8B%E9%A1%B9%E7%9B%AE/PlayableAD/Cocos/TheW/20260615_HYQ/HYQ_Project/assets/Script/functionS/Monster/MonsterCreate.ts from cce:/internal/x/prerequisite-imports as file:///D:/%E5%B7%A5%E7%A8%8B%E9%A1%B9%E7%9B%AE/PlayableAD/Cocos/TheW/20260615_HYQ/HYQ_Project/assets/Script/functionS/Monster/MonsterCreate.ts.
17:06:08.888 debug: Resolve file:///D:/%E5%B7%A5%E7%A8%8B%E9%A1%B9%E7%9B%AE/PlayableAD/Cocos/TheW/20260615_HYQ/HYQ_Project/assets/Script/functionS/Other/ArmsUp.ts from cce:/internal/x/prerequisite-imports as file:///D:/%E5%B7%A5%E7%A8%8B%E9%A1%B9%E7%9B%AE/PlayableAD/Cocos/TheW/20260615_HYQ/HYQ_Project/assets/Script/functionS/Other/ArmsUp.ts.
17:06:08.889 debug: Resolve file:///D:/%E5%B7%A5%E7%A8%8B%E9%A1%B9%E7%9B%AE/PlayableAD/Cocos/TheW/20260615_HYQ/HYQ_Project/assets/Script/functionS/Other/CreatePropBrand.ts from cce:/internal/x/prerequisite-imports as file:///D:/%E5%B7%A5%E7%A8%8B%E9%A1%B9%E7%9B%AE/PlayableAD/Cocos/TheW/20260615_HYQ/HYQ_Project/assets/Script/functionS/Other/CreatePropBrand.ts.
17:06:08.890 debug: Resolve file:///D:/%E5%B7%A5%E7%A8%8B%E9%A1%B9%E7%9B%AE/PlayableAD/Cocos/TheW/20260615_HYQ/HYQ_Project/assets/Script/functionS/Other/PropArms.ts from cce:/internal/x/prerequisite-imports as file:///D:/%E5%B7%A5%E7%A8%8B%E9%A1%B9%E7%9B%AE/PlayableAD/Cocos/TheW/20260615_HYQ/HYQ_Project/assets/Script/functionS/Other/PropArms.ts.
17:06:08.890 debug: Resolve file:///D:/%E5%B7%A5%E7%A8%8B%E9%A1%B9%E7%9B%AE/PlayableAD/Cocos/TheW/20260615_HYQ/HYQ_Project/assets/Script/functionS/Other/PropBrand.ts from cce:/internal/x/prerequisite-imports as file:///D:/%E5%B7%A5%E7%A8%8B%E9%A1%B9%E7%9B%AE/PlayableAD/Cocos/TheW/20260615_HYQ/HYQ_Project/assets/Script/functionS/Other/PropBrand.ts.
17:06:08.891 debug: Resolve file:///D:/%E5%B7%A5%E7%A8%8B%E9%A1%B9%E7%9B%AE/PlayableAD/Cocos/TheW/20260615_HYQ/HYQ_Project/assets/Script/functionS/Other/PropLalianGate.ts from cce:/internal/x/prerequisite-imports as file:///D:/%E5%B7%A5%E7%A8%8B%E9%A1%B9%E7%9B%AE/PlayableAD/Cocos/TheW/20260615_HYQ/HYQ_Project/assets/Script/functionS/Other/PropLalianGate.ts.
17:06:08.892 debug: Resolve file:///D:/%E5%B7%A5%E7%A8%8B%E9%A1%B9%E7%9B%AE/PlayableAD/Cocos/TheW/20260615_HYQ/HYQ_Project/assets/Script/functionS/Other/PropTireGate.ts from cce:/internal/x/prerequisite-imports as file:///D:/%E5%B7%A5%E7%A8%8B%E9%A1%B9%E7%9B%AE/PlayableAD/Cocos/TheW/20260615_HYQ/HYQ_Project/assets/Script/functionS/Other/PropTireGate.ts.
17:06:08.893 debug: Resolve file:///D:/%E5%B7%A5%E7%A8%8B%E9%A1%B9%E7%9B%AE/PlayableAD/Cocos/TheW/20260615_HYQ/HYQ_Project/assets/Script/functionS/Player/Player.ts from cce:/internal/x/prerequisite-imports as file:///D:/%E5%B7%A5%E7%A8%8B%E9%A1%B9%E7%9B%AE/PlayableAD/Cocos/TheW/20260615_HYQ/HYQ_Project/assets/Script/functionS/Player/Player.ts.
17:06:08.893 debug: Resolve file:///D:/%E5%B7%A5%E7%A8%8B%E9%A1%B9%E7%9B%AE/PlayableAD/Cocos/TheW/20260615_HYQ/HYQ_Project/assets/Script/functionS/Player/Role.ts from cce:/internal/x/prerequisite-imports as file:///D:/%E5%B7%A5%E7%A8%8B%E9%A1%B9%E7%9B%AE/PlayableAD/Cocos/TheW/20260615_HYQ/HYQ_Project/assets/Script/functionS/Player/Role.ts.
17:06:08.894 debug: Resolve file:///D:/%E5%B7%A5%E7%A8%8B%E9%A1%B9%E7%9B%AE/PlayableAD/Cocos/TheW/20260615_HYQ/HYQ_Project/assets/Script/functionS/Rocker/RockerLogic.ts from cce:/internal/x/prerequisite-imports as file:///D:/%E5%B7%A5%E7%A8%8B%E9%A1%B9%E7%9B%AE/PlayableAD/Cocos/TheW/20260615_HYQ/HYQ_Project/assets/Script/functionS/Rocker/RockerLogic.ts.
17:06:08.896 debug: Resolve file:///D:/%E5%B7%A5%E7%A8%8B%E9%A1%B9%E7%9B%AE/PlayableAD/Cocos/TheW/20260615_HYQ/HYQ_Project/assets/Script/functionS/Rocker/RockerManager.ts from cce:/internal/x/prerequisite-imports as file:///D:/%E5%B7%A5%E7%A8%8B%E9%A1%B9%E7%9B%AE/PlayableAD/Cocos/TheW/20260615_HYQ/HYQ_Project/assets/Script/functionS/Rocker/RockerManager.ts.
17:06:08.897 debug: Resolve file:///D:/%E5%B7%A5%E7%A8%8B%E9%A1%B9%E7%9B%AE/PlayableAD/Cocos/TheW/20260615_HYQ/HYQ_Project/assets/Script/functionS/Rocker/RockerMouseEvent.ts from cce:/internal/x/prerequisite-imports as file:///D:/%E5%B7%A5%E7%A8%8B%E9%A1%B9%E7%9B%AE/PlayableAD/Cocos/TheW/20260615_HYQ/HYQ_Project/assets/Script/functionS/Rocker/RockerMouseEvent.ts.
17:06:08.897 debug: Resolve file:///D:/%E5%B7%A5%E7%A8%8B%E9%A1%B9%E7%9B%AE/PlayableAD/Cocos/TheW/20260615_HYQ/HYQ_Project/assets/Script/functionS/Rocker/RockerUI.ts from cce:/internal/x/prerequisite-imports as file:///D:/%E5%B7%A5%E7%A8%8B%E9%A1%B9%E7%9B%AE/PlayableAD/Cocos/TheW/20260615_HYQ/HYQ_Project/assets/Script/functionS/Rocker/RockerUI.ts.
17:06:08.898 debug: Resolve file:///D:/%E5%B7%A5%E7%A8%8B%E9%A1%B9%E7%9B%AE/PlayableAD/Cocos/TheW/20260615_HYQ/HYQ_Project/assets/Script/functionS/ShoppIng/Buy/BuyWay2D.ts from cce:/internal/x/prerequisite-imports as file:///D:/%E5%B7%A5%E7%A8%8B%E9%A1%B9%E7%9B%AE/PlayableAD/Cocos/TheW/20260615_HYQ/HYQ_Project/assets/Script/functionS/ShoppIng/Buy/BuyWay2D.ts.
17:06:08.899 debug: Resolve file:///D:/%E5%B7%A5%E7%A8%8B%E9%A1%B9%E7%9B%AE/PlayableAD/Cocos/TheW/20260615_HYQ/HYQ_Project/assets/Script/functionS/ShoppIng/Buy/BuyWay3D.ts from cce:/internal/x/prerequisite-imports as file:///D:/%E5%B7%A5%E7%A8%8B%E9%A1%B9%E7%9B%AE/PlayableAD/Cocos/TheW/20260615_HYQ/HYQ_Project/assets/Script/functionS/ShoppIng/Buy/BuyWay3D.ts.
17:06:08.900 debug: Resolve file:///D:/%E5%B7%A5%E7%A8%8B%E9%A1%B9%E7%9B%AE/PlayableAD/Cocos/TheW/20260615_HYQ/HYQ_Project/assets/Script/functionS/ShoppIng/Buy/BuyWayBase.ts from cce:/internal/x/prerequisite-imports as file:///D:/%E5%B7%A5%E7%A8%8B%E9%A1%B9%E7%9B%AE/PlayableAD/Cocos/TheW/20260615_HYQ/HYQ_Project/assets/Script/functionS/ShoppIng/Buy/BuyWayBase.ts.
17:06:08.901 debug: Resolve file:///D:/%E5%B7%A5%E7%A8%8B%E9%A1%B9%E7%9B%AE/PlayableAD/Cocos/TheW/20260615_HYQ/HYQ_Project/assets/Script/functionS/ShoppIng/ShoppIngEvent.ts from cce:/internal/x/prerequisite-imports as file:///D:/%E5%B7%A5%E7%A8%8B%E9%A1%B9%E7%9B%AE/PlayableAD/Cocos/TheW/20260615_HYQ/HYQ_Project/assets/Script/functionS/ShoppIng/ShoppIngEvent.ts.
17:06:08.902 debug: Resolve file:///D:/%E5%B7%A5%E7%A8%8B%E9%A1%B9%E7%9B%AE/PlayableAD/Cocos/TheW/20260615_HYQ/HYQ_Project/assets/Script/functionS/ShoppIng/Shopping.ts from cce:/internal/x/prerequisite-imports as file:///D:/%E5%B7%A5%E7%A8%8B%E9%A1%B9%E7%9B%AE/PlayableAD/Cocos/TheW/20260615_HYQ/HYQ_Project/assets/Script/functionS/ShoppIng/Shopping.ts.
17:06:08.902 debug: Resolve file:///D:/%E5%B7%A5%E7%A8%8B%E9%A1%B9%E7%9B%AE/PlayableAD/Cocos/TheW/20260615_HYQ/HYQ_Project/assets/Script/functionS/ShoppIng/Shopping_Super.ts from cce:/internal/x/prerequisite-imports as file:///D:/%E5%B7%A5%E7%A8%8B%E9%A1%B9%E7%9B%AE/PlayableAD/Cocos/TheW/20260615_HYQ/HYQ_Project/assets/Script/functionS/ShoppIng/Shopping_Super.ts.
17:06:08.903 debug: Resolve file:///D:/%E5%B7%A5%E7%A8%8B%E9%A1%B9%E7%9B%AE/PlayableAD/Cocos/TheW/20260615_HYQ/HYQ_Project/assets/Script/functionS/SkAnim/FbxManager.ts from cce:/internal/x/prerequisite-imports as file:///D:/%E5%B7%A5%E7%A8%8B%E9%A1%B9%E7%9B%AE/PlayableAD/Cocos/TheW/20260615_HYQ/HYQ_Project/assets/Script/functionS/SkAnim/FbxManager.ts.
17:06:08.903 debug: Resolve file:///D:/%E5%B7%A5%E7%A8%8B%E9%A1%B9%E7%9B%AE/PlayableAD/Cocos/TheW/20260615_HYQ/HYQ_Project/assets/Script/functionS/SkAnim/SequenceFrameAnim/FrameAnimManager.ts from cce:/internal/x/prerequisite-imports as file:///D:/%E5%B7%A5%E7%A8%8B%E9%A1%B9%E7%9B%AE/PlayableAD/Cocos/TheW/20260615_HYQ/HYQ_Project/assets/Script/functionS/SkAnim/SequenceFrameAnim/FrameAnimManager.ts.
17:06:08.904 debug: Resolve file:///D:/%E5%B7%A5%E7%A8%8B%E9%A1%B9%E7%9B%AE/PlayableAD/Cocos/TheW/20260615_HYQ/HYQ_Project/assets/Script/functionS/SkAnim/SequenceFrameAnim/FrameManager.ts from cce:/internal/x/prerequisite-imports as file:///D:/%E5%B7%A5%E7%A8%8B%E9%A1%B9%E7%9B%AE/PlayableAD/Cocos/TheW/20260615_HYQ/HYQ_Project/assets/Script/functionS/SkAnim/SequenceFrameAnim/FrameManager.ts.
17:06:08.905 debug: Resolve file:///D:/%E5%B7%A5%E7%A8%8B%E9%A1%B9%E7%9B%AE/PlayableAD/Cocos/TheW/20260615_HYQ/HYQ_Project/assets/Script/functionS/UI/GameOver/GameOverPanel.ts from cce:/internal/x/prerequisite-imports as file:///D:/%E5%B7%A5%E7%A8%8B%E9%A1%B9%E7%9B%AE/PlayableAD/Cocos/TheW/20260615_HYQ/HYQ_Project/assets/Script/functionS/UI/GameOver/GameOverPanel.ts.
17:06:08.905 debug: Resolve file:///D:/%E5%B7%A5%E7%A8%8B%E9%A1%B9%E7%9B%AE/PlayableAD/Cocos/TheW/20260615_HYQ/HYQ_Project/assets/Script/functionS/UI/GameOver/UIButtonEvent.ts from cce:/internal/x/prerequisite-imports as file:///D:/%E5%B7%A5%E7%A8%8B%E9%A1%B9%E7%9B%AE/PlayableAD/Cocos/TheW/20260615_HYQ/HYQ_Project/assets/Script/functionS/UI/GameOver/UIButtonEvent.ts.
17:06:08.906 debug: Resolve file:///D:/%E5%B7%A5%E7%A8%8B%E9%A1%B9%E7%9B%AE/PlayableAD/Cocos/TheW/20260615_HYQ/HYQ_Project/extensions/super-packager/package_assets/Common/SuperPackage.ts from cce:/internal/x/prerequisite-imports as file:///D:/%E5%B7%A5%E7%A8%8B%E9%A1%B9%E7%9B%AE/PlayableAD/Cocos/TheW/20260615_HYQ/HYQ_Project/extensions/super-packager/package_assets/Common/SuperPackage.ts.
17:06:08.907 debug: Resolve file:///D:/%E5%B7%A5%E7%A8%8B%E9%A1%B9%E7%9B%AE/PlayableAD/Cocos/TheW/20260615_HYQ/HYQ_Project/extensions/super-packager/package_assets/Common/super_html_playable.ts from cce:/internal/x/prerequisite-imports as file:///D:/%E5%B7%A5%E7%A8%8B%E9%A1%B9%E7%9B%AE/PlayableAD/Cocos/TheW/20260615_HYQ/HYQ_Project/extensions/super-packager/package_assets/Common/super_html_playable.ts.
17:06:08.908 debug: Resolve file:///D:/%E5%B7%A5%E7%A8%8B%E9%A1%B9%E7%9B%AE/PlayableAD/Cocos/TheW/20260615_HYQ/HYQ_Project/extensions/super-packager/package_assets/JiangYv/PBASDK-v3/PBASDK.ts from cce:/internal/x/prerequisite-imports as file:///D:/%E5%B7%A5%E7%A8%8B%E9%A1%B9%E7%9B%AE/PlayableAD/Cocos/TheW/20260615_HYQ/HYQ_Project/extensions/super-packager/package_assets/JiangYv/PBASDK-v3/PBASDK.ts.
17:06:08.909 debug: Resolve file:///D:/%E5%B7%A5%E7%A8%8B%E9%A1%B9%E7%9B%AE/PlayableAD/Cocos/TheW/20260615_HYQ/HYQ_Project/extensions/super-packager/package_assets/JiangYv/PBASDK-v3/PLASDK.ts from cce:/internal/x/prerequisite-imports as file:///D:/%E5%B7%A5%E7%A8%8B%E9%A1%B9%E7%9B%AE/PlayableAD/Cocos/TheW/20260615_HYQ/HYQ_Project/extensions/super-packager/package_assets/JiangYv/PBASDK-v3/PLASDK.ts.
17:06:08.910 debug: Resolve file:///D:/%E5%B7%A5%E7%A8%8B%E9%A1%B9%E7%9B%AE/PlayableAD/Cocos/TheW/20260615_HYQ/HYQ_Project/extensions/super-packager/package_assets/JiangYv/PBASDK-v3/PrintComponent.ts from cce:/internal/x/prerequisite-imports as file:///D:/%E5%B7%A5%E7%A8%8B%E9%A1%B9%E7%9B%AE/PlayableAD/Cocos/TheW/20260615_HYQ/HYQ_Project/extensions/super-packager/package_assets/JiangYv/PBASDK-v3/PrintComponent.ts.
17:06:08.911 debug: Resolve file:///D:/%E5%B7%A5%E7%A8%8B%E9%A1%B9%E7%9B%AE/PlayableAD/Cocos/TheW/20260615_HYQ/HYQ_Project/extensions/super-packager/package_assets/JiangYv/PBASDK-v3/StutterCheck.ts from cce:/internal/x/prerequisite-imports as file:///D:/%E5%B7%A5%E7%A8%8B%E9%A1%B9%E7%9B%AE/PlayableAD/Cocos/TheW/20260615_HYQ/HYQ_Project/extensions/super-packager/package_assets/JiangYv/PBASDK-v3/StutterCheck.ts.
17:06:08.911 debug: Resolve file:///D:/%E5%B7%A5%E7%A8%8B%E9%A1%B9%E7%9B%AE/PlayableAD/Cocos/TheW/20260615_HYQ/HYQ_Project/extensions/super-packager/package_assets/JiangYv/PBASDK-v3/super_html_playable.ts from cce:/internal/x/prerequisite-imports as file:///D:/%E5%B7%A5%E7%A8%8B%E9%A1%B9%E7%9B%AE/PlayableAD/Cocos/TheW/20260615_HYQ/HYQ_Project/extensions/super-packager/package_assets/JiangYv/PBASDK-v3/super_html_playable.ts.
17:06:08.912 debug: Resolve file:///D:/%E5%B7%A5%E7%A8%8B%E9%A1%B9%E7%9B%AE/PlayableAD/Cocos/TheW/20260615_HYQ/HYQ_Project/extensions/super-packager/package_assets/JiangYv/SuperPackageJY.ts from cce:/internal/x/prerequisite-imports as file:///D:/%E5%B7%A5%E7%A8%8B%E9%A1%B9%E7%9B%AE/PlayableAD/Cocos/TheW/20260615_HYQ/HYQ_Project/extensions/super-packager/package_assets/JiangYv/SuperPackageJY.ts.
17:06:08.913 debug: Detected change: cce:/internal/code-quality/cr.mjs. Last mtime: Wed Jun 24 2026 14:07:43 GMT+0800 (中国标准时间), Current mtime: Wed Jun 24 2026 17:05:52 GMT+0800 (中国标准时间)
17:06:08.913 debug: Inspect cce:/internal/code-quality/cr.mjs
17:06:08.931 debug: transform url: 'cce:/internal/code-quality/cr.mjs' costs: 17.60 ms
17:06:09.037 debug: Target(preview) ends with cost 440.83280000000013ms.
17:21:19.191 debug: Dispatch build request for time accumulated 1 asset changes.
17:21:19.195 debug: Build iteration starts.
Number of accumulated asset changes: 1
Feature changed: false
17:21:19.196 debug: Target(editor) build started.
17:21:19.201 debug: Detected change: cce:/internal/x/prerequisite-imports. Last mtime: Thu Jan 01 1970 08:00:16 GMT+0800 (中国标准时间), Current mtime: Thu Jan 01 1970 08:15:27 GMT+0800 (中国标准时间)
17:21:19.201 debug: Inspect cce:/internal/x/prerequisite-imports
17:21:19.264 debug: transform url: 'cce:/internal/x/prerequisite-imports' costs: 62.50 ms
17:21:19.282 debug: Resolve file:///C:/ProgramData/cocos/editors/Creator/3.8.7/resources/resources/3d/engine/editor/assets/default_renderpipeline/builtin-dof-pass.ts from cce:/internal/x/prerequisite-imports as file:///C:/ProgramData/cocos/editors/Creator/3.8.7/resources/resources/3d/engine/editor/assets/default_renderpipeline/builtin-dof-pass.ts.
17:21:19.282 debug: Resolve file:///C:/ProgramData/cocos/editors/Creator/3.8.7/resources/resources/3d/engine/editor/assets/default_renderpipeline/builtin-pipeline-pass.ts from cce:/internal/x/prerequisite-imports as file:///C:/ProgramData/cocos/editors/Creator/3.8.7/resources/resources/3d/engine/editor/assets/default_renderpipeline/builtin-pipeline-pass.ts.
17:21:19.284 debug: Resolve file:///C:/ProgramData/cocos/editors/Creator/3.8.7/resources/resources/3d/engine/editor/assets/default_renderpipeline/builtin-pipeline-settings.ts from cce:/internal/x/prerequisite-imports as file:///C:/ProgramData/cocos/editors/Creator/3.8.7/resources/resources/3d/engine/editor/assets/default_renderpipeline/builtin-pipeline-settings.ts.
17:21:19.285 debug: Resolve file:///C:/ProgramData/cocos/editors/Creator/3.8.7/resources/resources/3d/engine/editor/assets/default_renderpipeline/builtin-pipeline-types.ts from cce:/internal/x/prerequisite-imports as file:///C:/ProgramData/cocos/editors/Creator/3.8.7/resources/resources/3d/engine/editor/assets/default_renderpipeline/builtin-pipeline-types.ts.
17:21:19.286 debug: Resolve file:///C:/ProgramData/cocos/editors/Creator/3.8.7/resources/resources/3d/engine/editor/assets/default_renderpipeline/builtin-pipeline.ts from cce:/internal/x/prerequisite-imports as file:///C:/ProgramData/cocos/editors/Creator/3.8.7/resources/resources/3d/engine/editor/assets/default_renderpipeline/builtin-pipeline.ts.
17:21:19.287 debug: Resolve file:///C:/ProgramData/cocos/editors/Creator/3.8.7/resources/resources/3d/engine/editor/assets/tools/debug-view-runtime-control.ts from cce:/internal/x/prerequisite-imports as file:///C:/ProgramData/cocos/editors/Creator/3.8.7/resources/resources/3d/engine/editor/assets/tools/debug-view-runtime-control.ts.
17:21:19.288 debug: Resolve file:///D:/%E5%B7%A5%E7%A8%8B%E9%A1%B9%E7%9B%AE/PlayableAD/Cocos/TheW/20260615_HYQ/HYQ_Project/assets/GameRes/1219/Scene/Eff/light/Lightning.ts from cce:/internal/x/prerequisite-imports as file:///D:/%E5%B7%A5%E7%A8%8B%E9%A1%B9%E7%9B%AE/PlayableAD/Cocos/TheW/20260615_HYQ/HYQ_Project/assets/GameRes/1219/Scene/Eff/light/Lightning.ts.
17:21:19.288 debug: Resolve file:///D:/%E5%B7%A5%E7%A8%8B%E9%A1%B9%E7%9B%AE/PlayableAD/Cocos/TheW/20260615_HYQ/HYQ_Project/assets/Script/Base/AudioManager.ts from cce:/internal/x/prerequisite-imports as file:///D:/%E5%B7%A5%E7%A8%8B%E9%A1%B9%E7%9B%AE/PlayableAD/Cocos/TheW/20260615_HYQ/HYQ_Project/assets/Script/Base/AudioManager.ts.
17:21:19.289 debug: Resolve file:///D:/%E5%B7%A5%E7%A8%8B%E9%A1%B9%E7%9B%AE/PlayableAD/Cocos/TheW/20260615_HYQ/HYQ_Project/assets/Script/Base/CameraMove.ts from cce:/internal/x/prerequisite-imports as file:///D:/%E5%B7%A5%E7%A8%8B%E9%A1%B9%E7%9B%AE/PlayableAD/Cocos/TheW/20260615_HYQ/HYQ_Project/assets/Script/Base/CameraMove.ts.
17:21:19.289 debug: Resolve file:///D:/%E5%B7%A5%E7%A8%8B%E9%A1%B9%E7%9B%AE/PlayableAD/Cocos/TheW/20260615_HYQ/HYQ_Project/assets/Script/Base/EnumList.ts from cce:/internal/x/prerequisite-imports as file:///D:/%E5%B7%A5%E7%A8%8B%E9%A1%B9%E7%9B%AE/PlayableAD/Cocos/TheW/20260615_HYQ/HYQ_Project/assets/Script/Base/EnumList.ts.
17:21:19.290 debug: Resolve file:///D:/%E5%B7%A5%E7%A8%8B%E9%A1%B9%E7%9B%AE/PlayableAD/Cocos/TheW/20260615_HYQ/HYQ_Project/assets/Script/Base/EventManager.ts from cce:/internal/x/prerequisite-imports as file:///D:/%E5%B7%A5%E7%A8%8B%E9%A1%B9%E7%9B%AE/PlayableAD/Cocos/TheW/20260615_HYQ/HYQ_Project/assets/Script/Base/EventManager.ts.
17:21:19.290 debug: Resolve file:///D:/%E5%B7%A5%E7%A8%8B%E9%A1%B9%E7%9B%AE/PlayableAD/Cocos/TheW/20260615_HYQ/HYQ_Project/assets/Script/Base/LayerManager.ts from cce:/internal/x/prerequisite-imports as file:///D:/%E5%B7%A5%E7%A8%8B%E9%A1%B9%E7%9B%AE/PlayableAD/Cocos/TheW/20260615_HYQ/HYQ_Project/assets/Script/Base/LayerManager.ts.
17:21:19.291 debug: Resolve file:///D:/%E5%B7%A5%E7%A8%8B%E9%A1%B9%E7%9B%AE/PlayableAD/Cocos/TheW/20260615_HYQ/HYQ_Project/assets/Script/Base/MoveRot/MoveDrive.ts from cce:/internal/x/prerequisite-imports as file:///D:/%E5%B7%A5%E7%A8%8B%E9%A1%B9%E7%9B%AE/PlayableAD/Cocos/TheW/20260615_HYQ/HYQ_Project/assets/Script/Base/MoveRot/MoveDrive.ts.
17:21:19.292 debug: Resolve file:///D:/%E5%B7%A5%E7%A8%8B%E9%A1%B9%E7%9B%AE/PlayableAD/Cocos/TheW/20260615_HYQ/HYQ_Project/assets/Script/Base/MoveRot/RotationDrive.ts from cce:/internal/x/prerequisite-imports as file:///D:/%E5%B7%A5%E7%A8%8B%E9%A1%B9%E7%9B%AE/PlayableAD/Cocos/TheW/20260615_HYQ/HYQ_Project/assets/Script/Base/MoveRot/RotationDrive.ts.
17:21:19.293 debug: Resolve file:///D:/%E5%B7%A5%E7%A8%8B%E9%A1%B9%E7%9B%AE/PlayableAD/Cocos/TheW/20260615_HYQ/HYQ_Project/assets/Script/Base/MoveRot/RotationVector.ts from cce:/internal/x/prerequisite-imports as file:///D:/%E5%B7%A5%E7%A8%8B%E9%A1%B9%E7%9B%AE/PlayableAD/Cocos/TheW/20260615_HYQ/HYQ_Project/assets/Script/Base/MoveRot/RotationVector.ts.
17:21:19.294 debug: Resolve file:///D:/%E5%B7%A5%E7%A8%8B%E9%A1%B9%E7%9B%AE/PlayableAD/Cocos/TheW/20260615_HYQ/HYQ_Project/assets/Script/Base/PoolManager.ts from cce:/internal/x/prerequisite-imports as file:///D:/%E5%B7%A5%E7%A8%8B%E9%A1%B9%E7%9B%AE/PlayableAD/Cocos/TheW/20260615_HYQ/HYQ_Project/assets/Script/Base/PoolManager.ts.
17:21:19.295 debug: Resolve file:///D:/%E5%B7%A5%E7%A8%8B%E9%A1%B9%E7%9B%AE/PlayableAD/Cocos/TheW/20260615_HYQ/HYQ_Project/assets/Script/Base/PrefabsManager.ts from cce:/internal/x/prerequisite-imports as file:///D:/%E5%B7%A5%E7%A8%8B%E9%A1%B9%E7%9B%AE/PlayableAD/Cocos/TheW/20260615_HYQ/HYQ_Project/assets/Script/Base/PrefabsManager.ts.
17:21:19.295 debug: Resolve file:///D:/%E5%B7%A5%E7%A8%8B%E9%A1%B9%E7%9B%AE/PlayableAD/Cocos/TheW/20260615_HYQ/HYQ_Project/assets/Script/Base/Singleton.ts from cce:/internal/x/prerequisite-imports as file:///D:/%E5%B7%A5%E7%A8%8B%E9%A1%B9%E7%9B%AE/PlayableAD/Cocos/TheW/20260615_HYQ/HYQ_Project/assets/Script/Base/Singleton.ts.
17:21:19.296 debug: Resolve file:///D:/%E5%B7%A5%E7%A8%8B%E9%A1%B9%E7%9B%AE/PlayableAD/Cocos/TheW/20260615_HYQ/HYQ_Project/assets/Script/Base/TextAdaptation/DownLoadL8.ts from cce:/internal/x/prerequisite-imports as file:///D:/%E5%B7%A5%E7%A8%8B%E9%A1%B9%E7%9B%AE/PlayableAD/Cocos/TheW/20260615_HYQ/HYQ_Project/assets/Script/Base/TextAdaptation/DownLoadL8.ts.
17:21:19.297 debug: Resolve file:///D:/%E5%B7%A5%E7%A8%8B%E9%A1%B9%E7%9B%AE/PlayableAD/Cocos/TheW/20260615_HYQ/HYQ_Project/assets/Script/Base/TextAdaptation/DragAndMoveL8.ts from cce:/internal/x/prerequisite-imports as file:///D:/%E5%B7%A5%E7%A8%8B%E9%A1%B9%E7%9B%AE/PlayableAD/Cocos/TheW/20260615_HYQ/HYQ_Project/assets/Script/Base/TextAdaptation/DragAndMoveL8.ts.
17:21:19.297 debug: Resolve file:///D:/%E5%B7%A5%E7%A8%8B%E9%A1%B9%E7%9B%AE/PlayableAD/Cocos/TheW/20260615_HYQ/HYQ_Project/assets/Script/Base/TextAdaptation/L18Manager.ts from cce:/internal/x/prerequisite-imports as file:///D:/%E5%B7%A5%E7%A8%8B%E9%A1%B9%E7%9B%AE/PlayableAD/Cocos/TheW/20260615_HYQ/HYQ_Project/assets/Script/Base/TextAdaptation/L18Manager.ts.
17:21:19.298 debug: Resolve file:///D:/%E5%B7%A5%E7%A8%8B%E9%A1%B9%E7%9B%AE/PlayableAD/Cocos/TheW/20260615_HYQ/HYQ_Project/assets/Script/Base/TextAdaptation/LangArrAuto.ts from cce:/internal/x/prerequisite-imports as file:///D:/%E5%B7%A5%E7%A8%8B%E9%A1%B9%E7%9B%AE/PlayableAD/Cocos/TheW/20260615_HYQ/HYQ_Project/assets/Script/Base/TextAdaptation/LangArrAuto.ts.
17:21:19.299 debug: Resolve file:///D:/%E5%B7%A5%E7%A8%8B%E9%A1%B9%E7%9B%AE/PlayableAD/Cocos/TheW/20260615_HYQ/HYQ_Project/assets/Script/Base/TextAdaptation/LangAuto.ts from cce:/internal/x/prerequisite-imports as file:///D:/%E5%B7%A5%E7%A8%8B%E9%A1%B9%E7%9B%AE/PlayableAD/Cocos/TheW/20260615_HYQ/HYQ_Project/assets/Script/Base/TextAdaptation/LangAuto.ts.
17:21:19.299 debug: Resolve file:///D:/%E5%B7%A5%E7%A8%8B%E9%A1%B9%E7%9B%AE/PlayableAD/Cocos/TheW/20260615_HYQ/HYQ_Project/assets/Script/Base/TextAdaptation/ResurrectionL8.ts from cce:/internal/x/prerequisite-imports as file:///D:/%E5%B7%A5%E7%A8%8B%E9%A1%B9%E7%9B%AE/PlayableAD/Cocos/TheW/20260615_HYQ/HYQ_Project/assets/Script/Base/TextAdaptation/ResurrectionL8.ts.
17:21:19.300 debug: Resolve file:///D:/%E5%B7%A5%E7%A8%8B%E9%A1%B9%E7%9B%AE/PlayableAD/Cocos/TheW/20260615_HYQ/HYQ_Project/assets/Script/Base/UnityUpComponent.ts from cce:/internal/x/prerequisite-imports as file:///D:/%E5%B7%A5%E7%A8%8B%E9%A1%B9%E7%9B%AE/PlayableAD/Cocos/TheW/20260615_HYQ/HYQ_Project/assets/Script/Base/UnityUpComponent.ts.
17:21:19.300 debug: Resolve file:///D:/%E5%B7%A5%E7%A8%8B%E9%A1%B9%E7%9B%AE/PlayableAD/Cocos/TheW/20260615_HYQ/HYQ_Project/assets/Script/Tool/Index.ts from cce:/internal/x/prerequisite-imports as file:///D:/%E5%B7%A5%E7%A8%8B%E9%A1%B9%E7%9B%AE/PlayableAD/Cocos/TheW/20260615_HYQ/HYQ_Project/assets/Script/Tool/Index.ts.
17:21:19.301 debug: Resolve file:///D:/%E5%B7%A5%E7%A8%8B%E9%A1%B9%E7%9B%AE/PlayableAD/Cocos/TheW/20260615_HYQ/HYQ_Project/assets/Script/Tool/TweenTool.ts from cce:/internal/x/prerequisite-imports as file:///D:/%E5%B7%A5%E7%A8%8B%E9%A1%B9%E7%9B%AE/PlayableAD/Cocos/TheW/20260615_HYQ/HYQ_Project/assets/Script/Tool/TweenTool.ts.
17:21:19.302 debug: Resolve file:///D:/%E5%B7%A5%E7%A8%8B%E9%A1%B9%E7%9B%AE/PlayableAD/Cocos/TheW/20260615_HYQ/HYQ_Project/assets/Script/functionS/Bag/Base/BagBase.ts from cce:/internal/x/prerequisite-imports as file:///D:/%E5%B7%A5%E7%A8%8B%E9%A1%B9%E7%9B%AE/PlayableAD/Cocos/TheW/20260615_HYQ/HYQ_Project/assets/Script/functionS/Bag/Base/BagBase.ts.
17:21:19.302 debug: Resolve file:///D:/%E5%B7%A5%E7%A8%8B%E9%A1%B9%E7%9B%AE/PlayableAD/Cocos/TheW/20260615_HYQ/HYQ_Project/assets/Script/functionS/Bag/FlayPropManager.ts from cce:/internal/x/prerequisite-imports as file:///D:/%E5%B7%A5%E7%A8%8B%E9%A1%B9%E7%9B%AE/PlayableAD/Cocos/TheW/20260615_HYQ/HYQ_Project/assets/Script/functionS/Bag/FlayPropManager.ts.
17:21:19.303 debug: Resolve file:///D:/%E5%B7%A5%E7%A8%8B%E9%A1%B9%E7%9B%AE/PlayableAD/Cocos/TheW/20260615_HYQ/HYQ_Project/assets/Script/functionS/Bag/GroupBag3D.ts from cce:/internal/x/prerequisite-imports as file:///D:/%E5%B7%A5%E7%A8%8B%E9%A1%B9%E7%9B%AE/PlayableAD/Cocos/TheW/20260615_HYQ/HYQ_Project/assets/Script/functionS/Bag/GroupBag3D.ts.
17:21:19.304 debug: Resolve file:///D:/%E5%B7%A5%E7%A8%8B%E9%A1%B9%E7%9B%AE/PlayableAD/Cocos/TheW/20260615_HYQ/HYQ_Project/assets/Script/functionS/Bag/GroupPropTransform.ts from cce:/internal/x/prerequisite-imports as file:///D:/%E5%B7%A5%E7%A8%8B%E9%A1%B9%E7%9B%AE/PlayableAD/Cocos/TheW/20260615_HYQ/HYQ_Project/assets/Script/functionS/Bag/GroupPropTransform.ts.
17:21:19.305 debug: Resolve file:///D:/%E5%B7%A5%E7%A8%8B%E9%A1%B9%E7%9B%AE/PlayableAD/Cocos/TheW/20260615_HYQ/HYQ_Project/assets/Script/functionS/Bag/IPropFly.ts from cce:/internal/x/prerequisite-imports as file:///D:/%E5%B7%A5%E7%A8%8B%E9%A1%B9%E7%9B%AE/PlayableAD/Cocos/TheW/20260615_HYQ/HYQ_Project/assets/Script/functionS/Bag/IPropFly.ts.
17:21:19.306 debug: Resolve file:///D:/%E5%B7%A5%E7%A8%8B%E9%A1%B9%E7%9B%AE/PlayableAD/Cocos/TheW/20260615_HYQ/HYQ_Project/assets/Script/functionS/Bag/LabBagUp.ts from cce:/internal/x/prerequisite-imports as file:///D:/%E5%B7%A5%E7%A8%8B%E9%A1%B9%E7%9B%AE/PlayableAD/Cocos/TheW/20260615_HYQ/HYQ_Project/assets/Script/functionS/Bag/LabBagUp.ts.
17:21:19.306 debug: Resolve file:///D:/%E5%B7%A5%E7%A8%8B%E9%A1%B9%E7%9B%AE/PlayableAD/Cocos/TheW/20260615_HYQ/HYQ_Project/assets/Script/functionS/Bag/Prop.ts from cce:/internal/x/prerequisite-imports as file:///D:/%E5%B7%A5%E7%A8%8B%E9%A1%B9%E7%9B%AE/PlayableAD/Cocos/TheW/20260615_HYQ/HYQ_Project/assets/Script/functionS/Bag/Prop.ts.
17:21:19.307 debug: Resolve file:///D:/%E5%B7%A5%E7%A8%8B%E9%A1%B9%E7%9B%AE/PlayableAD/Cocos/TheW/20260615_HYQ/HYQ_Project/assets/Script/functionS/Bag/PropManager.ts from cce:/internal/x/prerequisite-imports as file:///D:/%E5%B7%A5%E7%A8%8B%E9%A1%B9%E7%9B%AE/PlayableAD/Cocos/TheW/20260615_HYQ/HYQ_Project/assets/Script/functionS/Bag/PropManager.ts.
17:21:19.307 debug: Resolve file:///D:/%E5%B7%A5%E7%A8%8B%E9%A1%B9%E7%9B%AE/PlayableAD/Cocos/TheW/20260615_HYQ/HYQ_Project/assets/Script/functionS/Battle/Attack/AreaAttack.ts from cce:/internal/x/prerequisite-imports as file:///D:/%E5%B7%A5%E7%A8%8B%E9%A1%B9%E7%9B%AE/PlayableAD/Cocos/TheW/20260615_HYQ/HYQ_Project/assets/Script/functionS/Battle/Attack/AreaAttack.ts.
17:21:19.308 debug: Resolve file:///D:/%E5%B7%A5%E7%A8%8B%E9%A1%B9%E7%9B%AE/PlayableAD/Cocos/TheW/20260615_HYQ/HYQ_Project/assets/Script/functionS/Battle/Attack/AttackState.ts from cce:/internal/x/prerequisite-imports as file:///D:/%E5%B7%A5%E7%A8%8B%E9%A1%B9%E7%9B%AE/PlayableAD/Cocos/TheW/20260615_HYQ/HYQ_Project/assets/Script/functionS/Battle/Attack/AttackState.ts.
17:21:19.310 debug: Resolve file:///D:/%E5%B7%A5%E7%A8%8B%E9%A1%B9%E7%9B%AE/PlayableAD/Cocos/TheW/20260615_HYQ/HYQ_Project/assets/Script/functionS/Battle/Attack/MeleeAttack.ts from cce:/internal/x/prerequisite-imports as file:///D:/%E5%B7%A5%E7%A8%8B%E9%A1%B9%E7%9B%AE/PlayableAD/Cocos/TheW/20260615_HYQ/HYQ_Project/assets/Script/functionS/Battle/Attack/MeleeAttack.ts.
17:21:19.311 debug: Resolve file:///D:/%E5%B7%A5%E7%A8%8B%E9%A1%B9%E7%9B%AE/PlayableAD/Cocos/TheW/20260615_HYQ/HYQ_Project/assets/Script/functionS/Battle/Base/AttackTargetBase.ts from cce:/internal/x/prerequisite-imports as file:///D:/%E5%B7%A5%E7%A8%8B%E9%A1%B9%E7%9B%AE/PlayableAD/Cocos/TheW/20260615_HYQ/HYQ_Project/assets/Script/functionS/Battle/Base/AttackTargetBase.ts.
17:21:19.312 debug: Resolve file:///D:/%E5%B7%A5%E7%A8%8B%E9%A1%B9%E7%9B%AE/PlayableAD/Cocos/TheW/20260615_HYQ/HYQ_Project/assets/Script/functionS/Battle/Base/BattleTargetBase.ts from cce:/internal/x/prerequisite-imports as file:///D:/%E5%B7%A5%E7%A8%8B%E9%A1%B9%E7%9B%AE/PlayableAD/Cocos/TheW/20260615_HYQ/HYQ_Project/assets/Script/functionS/Battle/Base/BattleTargetBase.ts.
17:21:19.332 debug: Resolve file:///D:/%E5%B7%A5%E7%A8%8B%E9%A1%B9%E7%9B%AE/PlayableAD/Cocos/TheW/20260615_HYQ/HYQ_Project/assets/Script/functionS/Battle/Base/FlashRedManager.ts from cce:/internal/x/prerequisite-imports as file:///D:/%E5%B7%A5%E7%A8%8B%E9%A1%B9%E7%9B%AE/PlayableAD/Cocos/TheW/20260615_HYQ/HYQ_Project/assets/Script/functionS/Battle/Base/FlashRedManager.ts.
17:21:19.334 debug: Resolve file:///D:/%E5%B7%A5%E7%A8%8B%E9%A1%B9%E7%9B%AE/PlayableAD/Cocos/TheW/20260615_HYQ/HYQ_Project/assets/Script/functionS/Battle/Battle2D/Attack2D/RangedAttack.ts from cce:/internal/x/prerequisite-imports as file:///D:/%E5%B7%A5%E7%A8%8B%E9%A1%B9%E7%9B%AE/PlayableAD/Cocos/TheW/20260615_HYQ/HYQ_Project/assets/Script/functionS/Battle/Battle2D/Attack2D/RangedAttack.ts.
17:21:19.336 debug: Resolve file:///D:/%E5%B7%A5%E7%A8%8B%E9%A1%B9%E7%9B%AE/PlayableAD/Cocos/TheW/20260615_HYQ/HYQ_Project/assets/Script/functionS/Battle/Battle2D/Bullet/BulletBattle2D.ts from cce:/internal/x/prerequisite-imports as file:///D:/%E5%B7%A5%E7%A8%8B%E9%A1%B9%E7%9B%AE/PlayableAD/Cocos/TheW/20260615_HYQ/HYQ_Project/assets/Script/functionS/Battle/Battle2D/Bullet/BulletBattle2D.ts.
17:21:19.337 debug: Resolve file:///D:/%E5%B7%A5%E7%A8%8B%E9%A1%B9%E7%9B%AE/PlayableAD/Cocos/TheW/20260615_HYQ/HYQ_Project/assets/Script/functionS/Battle/Battle2D/Bullet/BulletCollideBase2D.ts from cce:/internal/x/prerequisite-imports as file:///D:/%E5%B7%A5%E7%A8%8B%E9%A1%B9%E7%9B%AE/PlayableAD/Cocos/TheW/20260615_HYQ/HYQ_Project/assets/Script/functionS/Battle/Battle2D/Bullet/BulletCollideBase2D.ts.
17:21:19.338 debug: Resolve file:///D:/%E5%B7%A5%E7%A8%8B%E9%A1%B9%E7%9B%AE/PlayableAD/Cocos/TheW/20260615_HYQ/HYQ_Project/assets/Script/functionS/Battle/Battle2D/CollectBattleTarger2D.ts from cce:/internal/x/prerequisite-imports as file:///D:/%E5%B7%A5%E7%A8%8B%E9%A1%B9%E7%9B%AE/PlayableAD/Cocos/TheW/20260615_HYQ/HYQ_Project/assets/Script/functionS/Battle/Battle2D/CollectBattleTarger2D.ts.
17:21:19.339 debug: Resolve file:///D:/%E5%B7%A5%E7%A8%8B%E9%A1%B9%E7%9B%AE/PlayableAD/Cocos/TheW/20260615_HYQ/HYQ_Project/assets/Script/functionS/Battle/Battle2D/TriggerBase2D.ts from cce:/internal/x/prerequisite-imports as file:///D:/%E5%B7%A5%E7%A8%8B%E9%A1%B9%E7%9B%AE/PlayableAD/Cocos/TheW/20260615_HYQ/HYQ_Project/assets/Script/functionS/Battle/Battle2D/TriggerBase2D.ts.
17:21:19.339 debug: Resolve file:///D:/%E5%B7%A5%E7%A8%8B%E9%A1%B9%E7%9B%AE/PlayableAD/Cocos/TheW/20260615_HYQ/HYQ_Project/assets/Script/functionS/Battle/Battle3D/Attack3D/RangeTowerAttack.ts from cce:/internal/x/prerequisite-imports as file:///D:/%E5%B7%A5%E7%A8%8B%E9%A1%B9%E7%9B%AE/PlayableAD/Cocos/TheW/20260615_HYQ/HYQ_Project/assets/Script/functionS/Battle/Battle3D/Attack3D/RangeTowerAttack.ts.
17:21:19.341 debug: Resolve file:///D:/%E5%B7%A5%E7%A8%8B%E9%A1%B9%E7%9B%AE/PlayableAD/Cocos/TheW/20260615_HYQ/HYQ_Project/assets/Script/functionS/Battle/Battle3D/Attack3D/RangedAttack_Circle.ts from cce:/internal/x/prerequisite-imports as file:///D:/%E5%B7%A5%E7%A8%8B%E9%A1%B9%E7%9B%AE/PlayableAD/Cocos/TheW/20260615_HYQ/HYQ_Project/assets/Script/functionS/Battle/Battle3D/Attack3D/RangedAttack_Circle.ts.
17:21:19.342 debug: Resolve file:///D:/%E5%B7%A5%E7%A8%8B%E9%A1%B9%E7%9B%AE/PlayableAD/Cocos/TheW/20260615_HYQ/HYQ_Project/assets/Script/functionS/Battle/Battle3D/Attack3D/RangedAttack_Shrapnel.ts from cce:/internal/x/prerequisite-imports as file:///D:/%E5%B7%A5%E7%A8%8B%E9%A1%B9%E7%9B%AE/PlayableAD/Cocos/TheW/20260615_HYQ/HYQ_Project/assets/Script/functionS/Battle/Battle3D/Attack3D/RangedAttack_Shrapnel.ts.
17:21:19.343 debug: Resolve file:///D:/%E5%B7%A5%E7%A8%8B%E9%A1%B9%E7%9B%AE/PlayableAD/Cocos/TheW/20260615_HYQ/HYQ_Project/assets/Script/functionS/Battle/Battle3D/AttackParkPlay.ts from cce:/internal/x/prerequisite-imports as file:///D:/%E5%B7%A5%E7%A8%8B%E9%A1%B9%E7%9B%AE/PlayableAD/Cocos/TheW/20260615_HYQ/HYQ_Project/assets/Script/functionS/Battle/Battle3D/AttackParkPlay.ts.
17:21:19.343 debug: Resolve file:///D:/%E5%B7%A5%E7%A8%8B%E9%A1%B9%E7%9B%AE/PlayableAD/Cocos/TheW/20260615_HYQ/HYQ_Project/assets/Script/functionS/Battle/Battle3D/Bullet/BulletBattle3D.ts from cce:/internal/x/prerequisite-imports as file:///D:/%E5%B7%A5%E7%A8%8B%E9%A1%B9%E7%9B%AE/PlayableAD/Cocos/TheW/20260615_HYQ/HYQ_Project/assets/Script/functionS/Battle/Battle3D/Bullet/BulletBattle3D.ts.
17:21:19.344 debug: Resolve file:///D:/%E5%B7%A5%E7%A8%8B%E9%A1%B9%E7%9B%AE/PlayableAD/Cocos/TheW/20260615_HYQ/HYQ_Project/assets/Script/functionS/Battle/Battle3D/Bullet/BulletCollideBase3D.ts from cce:/internal/x/prerequisite-imports as file:///D:/%E5%B7%A5%E7%A8%8B%E9%A1%B9%E7%9B%AE/PlayableAD/Cocos/TheW/20260615_HYQ/HYQ_Project/assets/Script/functionS/Battle/Battle3D/Bullet/BulletCollideBase3D.ts.
17:21:19.345 debug: Resolve file:///D:/%E5%B7%A5%E7%A8%8B%E9%A1%B9%E7%9B%AE/PlayableAD/Cocos/TheW/20260615_HYQ/HYQ_Project/assets/Script/functionS/Battle/Battle3D/CollectBattleTarger3D.ts from cce:/internal/x/prerequisite-imports as file:///D:/%E5%B7%A5%E7%A8%8B%E9%A1%B9%E7%9B%AE/PlayableAD/Cocos/TheW/20260615_HYQ/HYQ_Project/assets/Script/functionS/Battle/Battle3D/CollectBattleTarger3D.ts.
17:21:19.346 debug: Resolve file:///D:/%E5%B7%A5%E7%A8%8B%E9%A1%B9%E7%9B%AE/PlayableAD/Cocos/TheW/20260615_HYQ/HYQ_Project/assets/Script/functionS/Battle/Battle3D/TriggerBase3D.ts from cce:/internal/x/prerequisite-imports as file:///D:/%E5%B7%A5%E7%A8%8B%E9%A1%B9%E7%9B%AE/PlayableAD/Cocos/TheW/20260615_HYQ/HYQ_Project/assets/Script/functionS/Battle/Battle3D/TriggerBase3D.ts.
17:21:19.346 debug: Resolve file:///D:/%E5%B7%A5%E7%A8%8B%E9%A1%B9%E7%9B%AE/PlayableAD/Cocos/TheW/20260615_HYQ/HYQ_Project/assets/Script/functionS/Battle/BattleTarger/BattleTarget2D.ts from cce:/internal/x/prerequisite-imports as file:///D:/%E5%B7%A5%E7%A8%8B%E9%A1%B9%E7%9B%AE/PlayableAD/Cocos/TheW/20260615_HYQ/HYQ_Project/assets/Script/functionS/Battle/BattleTarger/BattleTarget2D.ts.
17:21:19.347 debug: Resolve file:///D:/%E5%B7%A5%E7%A8%8B%E9%A1%B9%E7%9B%AE/PlayableAD/Cocos/TheW/20260615_HYQ/HYQ_Project/assets/Script/functionS/Battle/BattleTarger/BattleTarget3D.ts from cce:/internal/x/prerequisite-imports as file:///D:/%E5%B7%A5%E7%A8%8B%E9%A1%B9%E7%9B%AE/PlayableAD/Cocos/TheW/20260615_HYQ/HYQ_Project/assets/Script/functionS/Battle/BattleTarger/BattleTarget3D.ts.
17:21:19.348 debug: Resolve file:///D:/%E5%B7%A5%E7%A8%8B%E9%A1%B9%E7%9B%AE/PlayableAD/Cocos/TheW/20260615_HYQ/HYQ_Project/assets/Script/functionS/Battle/BulletBatchRenderer.ts from cce:/internal/x/prerequisite-imports as file:///D:/%E5%B7%A5%E7%A8%8B%E9%A1%B9%E7%9B%AE/PlayableAD/Cocos/TheW/20260615_HYQ/HYQ_Project/assets/Script/functionS/Battle/BulletBatchRenderer.ts.
17:21:19.348 debug: Resolve file:///D:/%E5%B7%A5%E7%A8%8B%E9%A1%B9%E7%9B%AE/PlayableAD/Cocos/TheW/20260615_HYQ/HYQ_Project/assets/Script/functionS/Battle/BulletManager.ts from cce:/internal/x/prerequisite-imports as file:///D:/%E5%B7%A5%E7%A8%8B%E9%A1%B9%E7%9B%AE/PlayableAD/Cocos/TheW/20260615_HYQ/HYQ_Project/assets/Script/functionS/Battle/BulletManager.ts.
17:21:19.349 debug: Resolve file:///D:/%E5%B7%A5%E7%A8%8B%E9%A1%B9%E7%9B%AE/PlayableAD/Cocos/TheW/20260615_HYQ/HYQ_Project/assets/Script/functionS/Battle/BulletMonsterCollisionManager.ts from cce:/internal/x/prerequisite-imports as file:///D:/%E5%B7%A5%E7%A8%8B%E9%A1%B9%E7%9B%AE/PlayableAD/Cocos/TheW/20260615_HYQ/HYQ_Project/assets/Script/functionS/Battle/BulletMonsterCollisionManager.ts.
17:21:19.350 debug: Resolve file:///D:/%E5%B7%A5%E7%A8%8B%E9%A1%B9%E7%9B%AE/PlayableAD/Cocos/TheW/20260615_HYQ/HYQ_Project/assets/Script/functionS/Battle/CollectBattleTarger/CollectGetTarget.ts from cce:/internal/x/prerequisite-imports as file:///D:/%E5%B7%A5%E7%A8%8B%E9%A1%B9%E7%9B%AE/PlayableAD/Cocos/TheW/20260615_HYQ/HYQ_Project/assets/Script/functionS/Battle/CollectBattleTarger/CollectGetTarget.ts.
17:21:19.351 debug: Resolve file:///D:/%E5%B7%A5%E7%A8%8B%E9%A1%B9%E7%9B%AE/PlayableAD/Cocos/TheW/20260615_HYQ/HYQ_Project/assets/Script/functionS/Battle/CollectBattleTarger/ColliderTag.ts from cce:/internal/x/prerequisite-imports as file:///D:/%E5%B7%A5%E7%A8%8B%E9%A1%B9%E7%9B%AE/PlayableAD/Cocos/TheW/20260615_HYQ/HYQ_Project/assets/Script/functionS/Battle/CollectBattleTarger/ColliderTag.ts.
17:21:19.351 debug: Resolve file:///D:/%E5%B7%A5%E7%A8%8B%E9%A1%B9%E7%9B%AE/PlayableAD/Cocos/TheW/20260615_HYQ/HYQ_Project/assets/Script/functionS/Battle/HpComponent.ts from cce:/internal/x/prerequisite-imports as file:///D:/%E5%B7%A5%E7%A8%8B%E9%A1%B9%E7%9B%AE/PlayableAD/Cocos/TheW/20260615_HYQ/HYQ_Project/assets/Script/functionS/Battle/HpComponent.ts.
17:21:19.353 debug: Resolve file:///D:/%E5%B7%A5%E7%A8%8B%E9%A1%B9%E7%9B%AE/PlayableAD/Cocos/TheW/20260615_HYQ/HYQ_Project/assets/Script/functionS/Effect/EffectManager.ts from cce:/internal/x/prerequisite-imports as file:///D:/%E5%B7%A5%E7%A8%8B%E9%A1%B9%E7%9B%AE/PlayableAD/Cocos/TheW/20260615_HYQ/HYQ_Project/assets/Script/functionS/Effect/EffectManager.ts.
17:21:19.354 debug: Resolve file:///D:/%E5%B7%A5%E7%A8%8B%E9%A1%B9%E7%9B%AE/PlayableAD/Cocos/TheW/20260615_HYQ/HYQ_Project/assets/Script/functionS/Effect/EffectRemoveBase.ts from cce:/internal/x/prerequisite-imports as file:///D:/%E5%B7%A5%E7%A8%8B%E9%A1%B9%E7%9B%AE/PlayableAD/Cocos/TheW/20260615_HYQ/HYQ_Project/assets/Script/functionS/Effect/EffectRemoveBase.ts.
17:21:19.355 debug: Resolve file:///D:/%E5%B7%A5%E7%A8%8B%E9%A1%B9%E7%9B%AE/PlayableAD/Cocos/TheW/20260615_HYQ/HYQ_Project/assets/Script/functionS/Effect/EffectTimePartRemove.ts from cce:/internal/x/prerequisite-imports as file:///D:/%E5%B7%A5%E7%A8%8B%E9%A1%B9%E7%9B%AE/PlayableAD/Cocos/TheW/20260615_HYQ/HYQ_Project/assets/Script/functionS/Effect/EffectTimePartRemove.ts.
17:21:19.356 debug: Resolve file:///D:/%E5%B7%A5%E7%A8%8B%E9%A1%B9%E7%9B%AE/PlayableAD/Cocos/TheW/20260615_HYQ/HYQ_Project/assets/Script/functionS/Effect/EffectTimeRemove.ts from cce:/internal/x/prerequisite-imports as file:///D:/%E5%B7%A5%E7%A8%8B%E9%A1%B9%E7%9B%AE/PlayableAD/Cocos/TheW/20260615_HYQ/HYQ_Project/assets/Script/functionS/Effect/EffectTimeRemove.ts.
17:21:19.357 debug: Resolve file:///D:/%E5%B7%A5%E7%A8%8B%E9%A1%B9%E7%9B%AE/PlayableAD/Cocos/TheW/20260615_HYQ/HYQ_Project/assets/Script/functionS/Guide/GuideLine.ts from cce:/internal/x/prerequisite-imports as file:///D:/%E5%B7%A5%E7%A8%8B%E9%A1%B9%E7%9B%AE/PlayableAD/Cocos/TheW/20260615_HYQ/HYQ_Project/assets/Script/functionS/Guide/GuideLine.ts.
17:21:19.358 debug: Resolve file:///D:/%E5%B7%A5%E7%A8%8B%E9%A1%B9%E7%9B%AE/PlayableAD/Cocos/TheW/20260615_HYQ/HYQ_Project/assets/Script/functionS/Guide/GuideManager.ts from cce:/internal/x/prerequisite-imports as file:///D:/%E5%B7%A5%E7%A8%8B%E9%A1%B9%E7%9B%AE/PlayableAD/Cocos/TheW/20260615_HYQ/HYQ_Project/assets/Script/functionS/Guide/GuideManager.ts.
17:21:19.359 debug: Resolve file:///D:/%E5%B7%A5%E7%A8%8B%E9%A1%B9%E7%9B%AE/PlayableAD/Cocos/TheW/20260615_HYQ/HYQ_Project/assets/Script/functionS/Jump/BezierCurve.ts from cce:/internal/x/prerequisite-imports as file:///D:/%E5%B7%A5%E7%A8%8B%E9%A1%B9%E7%9B%AE/PlayableAD/Cocos/TheW/20260615_HYQ/HYQ_Project/assets/Script/functionS/Jump/BezierCurve.ts.
17:21:19.361 debug: Resolve file:///D:/%E5%B7%A5%E7%A8%8B%E9%A1%B9%E7%9B%AE/PlayableAD/Cocos/TheW/20260615_HYQ/HYQ_Project/assets/Script/functionS/Jump/JumpCurve.ts from cce:/internal/x/prerequisite-imports as file:///D:/%E5%B7%A5%E7%A8%8B%E9%A1%B9%E7%9B%AE/PlayableAD/Cocos/TheW/20260615_HYQ/HYQ_Project/assets/Script/functionS/Jump/JumpCurve.ts.
17:21:19.362 debug: Resolve file:///D:/%E5%B7%A5%E7%A8%8B%E9%A1%B9%E7%9B%AE/PlayableAD/Cocos/TheW/20260615_HYQ/HYQ_Project/assets/Script/functionS/Jump/JumpCurve3D.ts from cce:/internal/x/prerequisite-imports as file:///D:/%E5%B7%A5%E7%A8%8B%E9%A1%B9%E7%9B%AE/PlayableAD/Cocos/TheW/20260615_HYQ/HYQ_Project/assets/Script/functionS/Jump/JumpCurve3D.ts.
17:21:19.362 debug: Resolve file:///D:/%E5%B7%A5%E7%A8%8B%E9%A1%B9%E7%9B%AE/PlayableAD/Cocos/TheW/20260615_HYQ/HYQ_Project/assets/Script/functionS/Jump/JumpDriveEngine.ts from cce:/internal/x/prerequisite-imports as file:///D:/%E5%B7%A5%E7%A8%8B%E9%A1%B9%E7%9B%AE/PlayableAD/Cocos/TheW/20260615_HYQ/HYQ_Project/assets/Script/functionS/Jump/JumpDriveEngine.ts.
17:21:19.364 debug: Resolve file:///D:/%E5%B7%A5%E7%A8%8B%E9%A1%B9%E7%9B%AE/PlayableAD/Cocos/TheW/20260615_HYQ/HYQ_Project/assets/Script/functionS/Jump/JumpManager.ts from cce:/internal/x/prerequisite-imports as file:///D:/%E5%B7%A5%E7%A8%8B%E9%A1%B9%E7%9B%AE/PlayableAD/Cocos/TheW/20260615_HYQ/HYQ_Project/assets/Script/functionS/Jump/JumpManager.ts.
17:21:19.365 debug: Resolve file:///D:/%E5%B7%A5%E7%A8%8B%E9%A1%B9%E7%9B%AE/PlayableAD/Cocos/TheW/20260615_HYQ/HYQ_Project/assets/Script/functionS/Jump/JumpParabola.ts from cce:/internal/x/prerequisite-imports as file:///D:/%E5%B7%A5%E7%A8%8B%E9%A1%B9%E7%9B%AE/PlayableAD/Cocos/TheW/20260615_HYQ/HYQ_Project/assets/Script/functionS/Jump/JumpParabola.ts.
17:21:19.366 debug: Resolve file:///D:/%E5%B7%A5%E7%A8%8B%E9%A1%B9%E7%9B%AE/PlayableAD/Cocos/TheW/20260615_HYQ/HYQ_Project/assets/Script/functionS/Jump/JumpScatter.ts from cce:/internal/x/prerequisite-imports as file:///D:/%E5%B7%A5%E7%A8%8B%E9%A1%B9%E7%9B%AE/PlayableAD/Cocos/TheW/20260615_HYQ/HYQ_Project/assets/Script/functionS/Jump/JumpScatter.ts.
17:21:19.366 debug: Resolve file:///D:/%E5%B7%A5%E7%A8%8B%E9%A1%B9%E7%9B%AE/PlayableAD/Cocos/TheW/20260615_HYQ/HYQ_Project/assets/Script/functionS/Jump/JumpSequenceBase.ts from cce:/internal/x/prerequisite-imports as file:///D:/%E5%B7%A5%E7%A8%8B%E9%A1%B9%E7%9B%AE/PlayableAD/Cocos/TheW/20260615_HYQ/HYQ_Project/assets/Script/functionS/Jump/JumpSequenceBase.ts.
17:21:19.367 debug: Resolve file:///D:/%E5%B7%A5%E7%A8%8B%E9%A1%B9%E7%9B%AE/PlayableAD/Cocos/TheW/20260615_HYQ/HYQ_Project/assets/Script/functionS/Monster/MonsterBattleTaerget.ts from cce:/internal/x/prerequisite-imports as file:///D:/%E5%B7%A5%E7%A8%8B%E9%A1%B9%E7%9B%AE/PlayableAD/Cocos/TheW/20260615_HYQ/HYQ_Project/assets/Script/functionS/Monster/MonsterBattleTaerget.ts.
17:21:19.367 debug: Resolve file:///D:/%E5%B7%A5%E7%A8%8B%E9%A1%B9%E7%9B%AE/PlayableAD/Cocos/TheW/20260615_HYQ/HYQ_Project/assets/Script/functionS/Monster/MonsterCreate.ts from cce:/internal/x/prerequisite-imports as file:///D:/%E5%B7%A5%E7%A8%8B%E9%A1%B9%E7%9B%AE/PlayableAD/Cocos/TheW/20260615_HYQ/HYQ_Project/assets/Script/functionS/Monster/MonsterCreate.ts.
17:21:19.368 debug: Resolve file:///D:/%E5%B7%A5%E7%A8%8B%E9%A1%B9%E7%9B%AE/PlayableAD/Cocos/TheW/20260615_HYQ/HYQ_Project/assets/Script/functionS/Other/ArmsUp.ts from cce:/internal/x/prerequisite-imports as file:///D:/%E5%B7%A5%E7%A8%8B%E9%A1%B9%E7%9B%AE/PlayableAD/Cocos/TheW/20260615_HYQ/HYQ_Project/assets/Script/functionS/Other/ArmsUp.ts.
17:21:19.368 debug: Resolve file:///D:/%E5%B7%A5%E7%A8%8B%E9%A1%B9%E7%9B%AE/PlayableAD/Cocos/TheW/20260615_HYQ/HYQ_Project/assets/Script/functionS/Other/CreatePropBrand.ts from cce:/internal/x/prerequisite-imports as file:///D:/%E5%B7%A5%E7%A8%8B%E9%A1%B9%E7%9B%AE/PlayableAD/Cocos/TheW/20260615_HYQ/HYQ_Project/assets/Script/functionS/Other/CreatePropBrand.ts.
17:21:19.369 debug: Resolve file:///D:/%E5%B7%A5%E7%A8%8B%E9%A1%B9%E7%9B%AE/PlayableAD/Cocos/TheW/20260615_HYQ/HYQ_Project/assets/Script/functionS/Other/PropArms.ts from cce:/internal/x/prerequisite-imports as file:///D:/%E5%B7%A5%E7%A8%8B%E9%A1%B9%E7%9B%AE/PlayableAD/Cocos/TheW/20260615_HYQ/HYQ_Project/assets/Script/functionS/Other/PropArms.ts.
17:21:19.370 debug: Detected change: file:///D:/%E5%B7%A5%E7%A8%8B%E9%A1%B9%E7%9B%AE/PlayableAD/Cocos/TheW/20260615_HYQ/HYQ_Project/assets/Script/functionS/Other/PropArms.ts. Last mtime: Wed Jun 24 2026 16:58:36 GMT+0800 (中国标准时间)@4c579f82-105c-430a-bfd7-23b68345d492, Current mtime: Wed Jun 24 2026 17:18:47 GMT+0800 (中国标准时间)@4c579f82-105c-430a-bfd7-23b68345d492
17:21:19.370 debug: Inspect file:///D:/%E5%B7%A5%E7%A8%8B%E9%A1%B9%E7%9B%AE/PlayableAD/Cocos/TheW/20260615_HYQ/HYQ_Project/assets/Script/functionS/Other/PropArms.ts
17:21:20.073 debug: transform url: 'file:///D:/%E5%B7%A5%E7%A8%8B%E9%A1%B9%E7%9B%AE/PlayableAD/Cocos/TheW/20260615_HYQ/HYQ_Project/assets/Script/functionS/Other/PropArms.ts' costs: 703.60 ms
17:21:20.078 debug: Resolve file:///D:/%E5%B7%A5%E7%A8%8B%E9%A1%B9%E7%9B%AE/PlayableAD/Cocos/TheW/20260615_HYQ/HYQ_Project/assets/Script/functionS/Other/PropBrand.ts from cce:/internal/x/prerequisite-imports as file:///D:/%E5%B7%A5%E7%A8%8B%E9%A1%B9%E7%9B%AE/PlayableAD/Cocos/TheW/20260615_HYQ/HYQ_Project/assets/Script/functionS/Other/PropBrand.ts.
17:21:20.079 debug: Resolve file:///D:/%E5%B7%A5%E7%A8%8B%E9%A1%B9%E7%9B%AE/PlayableAD/Cocos/TheW/20260615_HYQ/HYQ_Project/assets/Script/functionS/Other/PropLalianGate.ts from cce:/internal/x/prerequisite-imports as file:///D:/%E5%B7%A5%E7%A8%8B%E9%A1%B9%E7%9B%AE/PlayableAD/Cocos/TheW/20260615_HYQ/HYQ_Project/assets/Script/functionS/Other/PropLalianGate.ts.
17:21:20.079 debug: Resolve file:///D:/%E5%B7%A5%E7%A8%8B%E9%A1%B9%E7%9B%AE/PlayableAD/Cocos/TheW/20260615_HYQ/HYQ_Project/assets/Script/functionS/Other/PropTireGate.ts from cce:/internal/x/prerequisite-imports as file:///D:/%E5%B7%A5%E7%A8%8B%E9%A1%B9%E7%9B%AE/PlayableAD/Cocos/TheW/20260615_HYQ/HYQ_Project/assets/Script/functionS/Other/PropTireGate.ts.
17:21:20.080 debug: Resolve file:///D:/%E5%B7%A5%E7%A8%8B%E9%A1%B9%E7%9B%AE/PlayableAD/Cocos/TheW/20260615_HYQ/HYQ_Project/assets/Script/functionS/Player/Player.ts from cce:/internal/x/prerequisite-imports as file:///D:/%E5%B7%A5%E7%A8%8B%E9%A1%B9%E7%9B%AE/PlayableAD/Cocos/TheW/20260615_HYQ/HYQ_Project/assets/Script/functionS/Player/Player.ts.
17:21:20.081 debug: Resolve file:///D:/%E5%B7%A5%E7%A8%8B%E9%A1%B9%E7%9B%AE/PlayableAD/Cocos/TheW/20260615_HYQ/HYQ_Project/assets/Script/functionS/Player/Role.ts from cce:/internal/x/prerequisite-imports as file:///D:/%E5%B7%A5%E7%A8%8B%E9%A1%B9%E7%9B%AE/PlayableAD/Cocos/TheW/20260615_HYQ/HYQ_Project/assets/Script/functionS/Player/Role.ts.
17:21:20.082 debug: Resolve file:///D:/%E5%B7%A5%E7%A8%8B%E9%A1%B9%E7%9B%AE/PlayableAD/Cocos/TheW/20260615_HYQ/HYQ_Project/assets/Script/functionS/Rocker/RockerLogic.ts from cce:/internal/x/prerequisite-imports as file:///D:/%E5%B7%A5%E7%A8%8B%E9%A1%B9%E7%9B%AE/PlayableAD/Cocos/TheW/20260615_HYQ/HYQ_Project/assets/Script/functionS/Rocker/RockerLogic.ts.
17:21:20.083 debug: Resolve file:///D:/%E5%B7%A5%E7%A8%8B%E9%A1%B9%E7%9B%AE/PlayableAD/Cocos/TheW/20260615_HYQ/HYQ_Project/assets/Script/functionS/Rocker/RockerManager.ts from cce:/internal/x/prerequisite-imports as file:///D:/%E5%B7%A5%E7%A8%8B%E9%A1%B9%E7%9B%AE/PlayableAD/Cocos/TheW/20260615_HYQ/HYQ_Project/assets/Script/functionS/Rocker/RockerManager.ts.
17:21:20.083 debug: Resolve file:///D:/%E5%B7%A5%E7%A8%8B%E9%A1%B9%E7%9B%AE/PlayableAD/Cocos/TheW/20260615_HYQ/HYQ_Project/assets/Script/functionS/Rocker/RockerMouseEvent.ts from cce:/internal/x/prerequisite-imports as file:///D:/%E5%B7%A5%E7%A8%8B%E9%A1%B9%E7%9B%AE/PlayableAD/Cocos/TheW/20260615_HYQ/HYQ_Project/assets/Script/functionS/Rocker/RockerMouseEvent.ts.
17:21:20.084 debug: Resolve file:///D:/%E5%B7%A5%E7%A8%8B%E9%A1%B9%E7%9B%AE/PlayableAD/Cocos/TheW/20260615_HYQ/HYQ_Project/assets/Script/functionS/Rocker/RockerUI.ts from cce:/internal/x/prerequisite-imports as file:///D:/%E5%B7%A5%E7%A8%8B%E9%A1%B9%E7%9B%AE/PlayableAD/Cocos/TheW/20260615_HYQ/HYQ_Project/assets/Script/functionS/Rocker/RockerUI.ts.
17:21:20.085 debug: Resolve file:///D:/%E5%B7%A5%E7%A8%8B%E9%A1%B9%E7%9B%AE/PlayableAD/Cocos/TheW/20260615_HYQ/HYQ_Project/assets/Script/functionS/ShoppIng/Buy/BuyWay2D.ts from cce:/internal/x/prerequisite-imports as file:///D:/%E5%B7%A5%E7%A8%8B%E9%A1%B9%E7%9B%AE/PlayableAD/Cocos/TheW/20260615_HYQ/HYQ_Project/assets/Script/functionS/ShoppIng/Buy/BuyWay2D.ts.
17:21:20.085 debug: Resolve file:///D:/%E5%B7%A5%E7%A8%8B%E9%A1%B9%E7%9B%AE/PlayableAD/Cocos/TheW/20260615_HYQ/HYQ_Project/assets/Script/functionS/ShoppIng/Buy/BuyWay3D.ts from cce:/internal/x/prerequisite-imports as file:///D:/%E5%B7%A5%E7%A8%8B%E9%A1%B9%E7%9B%AE/PlayableAD/Cocos/TheW/20260615_HYQ/HYQ_Project/assets/Script/functionS/ShoppIng/Buy/BuyWay3D.ts.
17:21:20.086 debug: Resolve file:///D:/%E5%B7%A5%E7%A8%8B%E9%A1%B9%E7%9B%AE/PlayableAD/Cocos/TheW/20260615_HYQ/HYQ_Project/assets/Script/functionS/ShoppIng/Buy/BuyWayBase.ts from cce:/internal/x/prerequisite-imports as file:///D:/%E5%B7%A5%E7%A8%8B%E9%A1%B9%E7%9B%AE/PlayableAD/Cocos/TheW/20260615_HYQ/HYQ_Project/assets/Script/functionS/ShoppIng/Buy/BuyWayBase.ts.
17:21:20.087 debug: Resolve file:///D:/%E5%B7%A5%E7%A8%8B%E9%A1%B9%E7%9B%AE/PlayableAD/Cocos/TheW/20260615_HYQ/HYQ_Project/assets/Script/functionS/ShoppIng/ShoppIngEvent.ts from cce:/internal/x/prerequisite-imports as file:///D:/%E5%B7%A5%E7%A8%8B%E9%A1%B9%E7%9B%AE/PlayableAD/Cocos/TheW/20260615_HYQ/HYQ_Project/assets/Script/functionS/ShoppIng/ShoppIngEvent.ts.
17:21:20.087 debug: Resolve file:///D:/%E5%B7%A5%E7%A8%8B%E9%A1%B9%E7%9B%AE/PlayableAD/Cocos/TheW/20260615_HYQ/HYQ_Project/assets/Script/functionS/ShoppIng/Shopping.ts from cce:/internal/x/prerequisite-imports as file:///D:/%E5%B7%A5%E7%A8%8B%E9%A1%B9%E7%9B%AE/PlayableAD/Cocos/TheW/20260615_HYQ/HYQ_Project/assets/Script/functionS/ShoppIng/Shopping.ts.
17:21:20.088 debug: Resolve file:///D:/%E5%B7%A5%E7%A8%8B%E9%A1%B9%E7%9B%AE/PlayableAD/Cocos/TheW/20260615_HYQ/HYQ_Project/assets/Script/functionS/ShoppIng/Shopping_Super.ts from cce:/internal/x/prerequisite-imports as file:///D:/%E5%B7%A5%E7%A8%8B%E9%A1%B9%E7%9B%AE/PlayableAD/Cocos/TheW/20260615_HYQ/HYQ_Project/assets/Script/functionS/ShoppIng/Shopping_Super.ts.
17:21:20.088 debug: Resolve file:///D:/%E5%B7%A5%E7%A8%8B%E9%A1%B9%E7%9B%AE/PlayableAD/Cocos/TheW/20260615_HYQ/HYQ_Project/assets/Script/functionS/SkAnim/FbxManager.ts from cce:/internal/x/prerequisite-imports as file:///D:/%E5%B7%A5%E7%A8%8B%E9%A1%B9%E7%9B%AE/PlayableAD/Cocos/TheW/20260615_HYQ/HYQ_Project/assets/Script/functionS/SkAnim/FbxManager.ts.
17:21:20.089 debug: Resolve file:///D:/%E5%B7%A5%E7%A8%8B%E9%A1%B9%E7%9B%AE/PlayableAD/Cocos/TheW/20260615_HYQ/HYQ_Project/assets/Script/functionS/SkAnim/SequenceFrameAnim/FrameAnimManager.ts from cce:/internal/x/prerequisite-imports as file:///D:/%E5%B7%A5%E7%A8%8B%E9%A1%B9%E7%9B%AE/PlayableAD/Cocos/TheW/20260615_HYQ/HYQ_Project/assets/Script/functionS/SkAnim/SequenceFrameAnim/FrameAnimManager.ts.
17:21:20.089 debug: Resolve file:///D:/%E5%B7%A5%E7%A8%8B%E9%A1%B9%E7%9B%AE/PlayableAD/Cocos/TheW/20260615_HYQ/HYQ_Project/assets/Script/functionS/SkAnim/SequenceFrameAnim/FrameManager.ts from cce:/internal/x/prerequisite-imports as file:///D:/%E5%B7%A5%E7%A8%8B%E9%A1%B9%E7%9B%AE/PlayableAD/Cocos/TheW/20260615_HYQ/HYQ_Project/assets/Script/functionS/SkAnim/SequenceFrameAnim/FrameManager.ts.
17:21:20.090 debug: Resolve file:///D:/%E5%B7%A5%E7%A8%8B%E9%A1%B9%E7%9B%AE/PlayableAD/Cocos/TheW/20260615_HYQ/HYQ_Project/assets/Script/functionS/UI/GameOver/GameOverPanel.ts from cce:/internal/x/prerequisite-imports as file:///D:/%E5%B7%A5%E7%A8%8B%E9%A1%B9%E7%9B%AE/PlayableAD/Cocos/TheW/20260615_HYQ/HYQ_Project/assets/Script/functionS/UI/GameOver/GameOverPanel.ts.
17:21:20.091 debug: Resolve file:///D:/%E5%B7%A5%E7%A8%8B%E9%A1%B9%E7%9B%AE/PlayableAD/Cocos/TheW/20260615_HYQ/HYQ_Project/assets/Script/functionS/UI/GameOver/UIButtonEvent.ts from cce:/internal/x/prerequisite-imports as file:///D:/%E5%B7%A5%E7%A8%8B%E9%A1%B9%E7%9B%AE/PlayableAD/Cocos/TheW/20260615_HYQ/HYQ_Project/assets/Script/functionS/UI/GameOver/UIButtonEvent.ts.
17:21:20.091 debug: Resolve file:///D:/%E5%B7%A5%E7%A8%8B%E9%A1%B9%E7%9B%AE/PlayableAD/Cocos/TheW/20260615_HYQ/HYQ_Project/extensions/super-packager/package_assets/Common/SuperPackage.ts from cce:/internal/x/prerequisite-imports as file:///D:/%E5%B7%A5%E7%A8%8B%E9%A1%B9%E7%9B%AE/PlayableAD/Cocos/TheW/20260615_HYQ/HYQ_Project/extensions/super-packager/package_assets/Common/SuperPackage.ts.
17:21:20.092 debug: Resolve file:///D:/%E5%B7%A5%E7%A8%8B%E9%A1%B9%E7%9B%AE/PlayableAD/Cocos/TheW/20260615_HYQ/HYQ_Project/extensions/super-packager/package_assets/Common/super_html_playable.ts from cce:/internal/x/prerequisite-imports as file:///D:/%E5%B7%A5%E7%A8%8B%E9%A1%B9%E7%9B%AE/PlayableAD/Cocos/TheW/20260615_HYQ/HYQ_Project/extensions/super-packager/package_assets/Common/super_html_playable.ts.
17:21:20.092 debug: Resolve file:///D:/%E5%B7%A5%E7%A8%8B%E9%A1%B9%E7%9B%AE/PlayableAD/Cocos/TheW/20260615_HYQ/HYQ_Project/extensions/super-packager/package_assets/JiangYv/PBASDK-v3/PBASDK.ts from cce:/internal/x/prerequisite-imports as file:///D:/%E5%B7%A5%E7%A8%8B%E9%A1%B9%E7%9B%AE/PlayableAD/Cocos/TheW/20260615_HYQ/HYQ_Project/extensions/super-packager/package_assets/JiangYv/PBASDK-v3/PBASDK.ts.
17:21:20.093 debug: Resolve file:///D:/%E5%B7%A5%E7%A8%8B%E9%A1%B9%E7%9B%AE/PlayableAD/Cocos/TheW/20260615_HYQ/HYQ_Project/extensions/super-packager/package_assets/JiangYv/PBASDK-v3/PLASDK.ts from cce:/internal/x/prerequisite-imports as file:///D:/%E5%B7%A5%E7%A8%8B%E9%A1%B9%E7%9B%AE/PlayableAD/Cocos/TheW/20260615_HYQ/HYQ_Project/extensions/super-packager/package_assets/JiangYv/PBASDK-v3/PLASDK.ts.
17:21:20.094 debug: Resolve file:///D:/%E5%B7%A5%E7%A8%8B%E9%A1%B9%E7%9B%AE/PlayableAD/Cocos/TheW/20260615_HYQ/HYQ_Project/extensions/super-packager/package_assets/JiangYv/PBASDK-v3/PrintComponent.ts from cce:/internal/x/prerequisite-imports as file:///D:/%E5%B7%A5%E7%A8%8B%E9%A1%B9%E7%9B%AE/PlayableAD/Cocos/TheW/20260615_HYQ/HYQ_Project/extensions/super-packager/package_assets/JiangYv/PBASDK-v3/PrintComponent.ts.
17:21:20.094 debug: Resolve file:///D:/%E5%B7%A5%E7%A8%8B%E9%A1%B9%E7%9B%AE/PlayableAD/Cocos/TheW/20260615_HYQ/HYQ_Project/extensions/super-packager/package_assets/JiangYv/PBASDK-v3/StutterCheck.ts from cce:/internal/x/prerequisite-imports as file:///D:/%E5%B7%A5%E7%A8%8B%E9%A1%B9%E7%9B%AE/PlayableAD/Cocos/TheW/20260615_HYQ/HYQ_Project/extensions/super-packager/package_assets/JiangYv/PBASDK-v3/StutterCheck.ts.
17:21:20.095 debug: Resolve file:///D:/%E5%B7%A5%E7%A8%8B%E9%A1%B9%E7%9B%AE/PlayableAD/Cocos/TheW/20260615_HYQ/HYQ_Project/extensions/super-packager/package_assets/JiangYv/PBASDK-v3/super_html_playable.ts from cce:/internal/x/prerequisite-imports as file:///D:/%E5%B7%A5%E7%A8%8B%E9%A1%B9%E7%9B%AE/PlayableAD/Cocos/TheW/20260615_HYQ/HYQ_Project/extensions/super-packager/package_assets/JiangYv/PBASDK-v3/super_html_playable.ts.
17:21:20.095 debug: Resolve file:///D:/%E5%B7%A5%E7%A8%8B%E9%A1%B9%E7%9B%AE/PlayableAD/Cocos/TheW/20260615_HYQ/HYQ_Project/extensions/super-packager/package_assets/JiangYv/SuperPackageJY.ts from cce:/internal/x/prerequisite-imports as file:///D:/%E5%B7%A5%E7%A8%8B%E9%A1%B9%E7%9B%AE/PlayableAD/Cocos/TheW/20260615_HYQ/HYQ_Project/extensions/super-packager/package_assets/JiangYv/SuperPackageJY.ts.
17:21:20.096 debug: Resolve cce:/internal/code-quality/cr.mjs from file:///D:/%E5%B7%A5%E7%A8%8B%E9%A1%B9%E7%9B%AE/PlayableAD/Cocos/TheW/20260615_HYQ/HYQ_Project/assets/Script/functionS/Other/PropArms.ts as cce:/internal/code-quality/cr.mjs.
17:21:20.097 debug: Resolve cc from file:///D:/%E5%B7%A5%E7%A8%8B%E9%A1%B9%E7%9B%AE/PlayableAD/Cocos/TheW/20260615_HYQ/HYQ_Project/assets/Script/functionS/Other/PropArms.ts as cce:/internal/x/cc.
17:21:20.097 debug: Resolve cc from file:///D:/%E5%B7%A5%E7%A8%8B%E9%A1%B9%E7%9B%AE/PlayableAD/Cocos/TheW/20260615_HYQ/HYQ_Project/assets/Script/functionS/Other/PropArms.ts as cce:/internal/x/cc.
17:21:20.097 debug: Resolve cc from file:///D:/%E5%B7%A5%E7%A8%8B%E9%A1%B9%E7%9B%AE/PlayableAD/Cocos/TheW/20260615_HYQ/HYQ_Project/assets/Script/functionS/Other/PropArms.ts as cce:/internal/x/cc.
17:21:20.098 debug: Resolve ../Battle/BattleTarger/BattleTarget3D from file:///D:/%E5%B7%A5%E7%A8%8B%E9%A1%B9%E7%9B%AE/PlayableAD/Cocos/TheW/20260615_HYQ/HYQ_Project/assets/Script/functionS/Other/PropArms.ts as file:///D:/%E5%B7%A5%E7%A8%8B%E9%A1%B9%E7%9B%AE/PlayableAD/Cocos/TheW/20260615_HYQ/HYQ_Project/assets/Script/functionS/Battle/BattleTarger/BattleTarget3D.ts.
17:21:20.099 debug: Resolve ../Battle/BulletMonsterCollisionManager from file:///D:/%E5%B7%A5%E7%A8%8B%E9%A1%B9%E7%9B%AE/PlayableAD/Cocos/TheW/20260615_HYQ/HYQ_Project/assets/Script/functionS/Other/PropArms.ts as file:///D:/%E5%B7%A5%E7%A8%8B%E9%A1%B9%E7%9B%AE/PlayableAD/Cocos/TheW/20260615_HYQ/HYQ_Project/assets/Script/functionS/Battle/BulletMonsterCollisionManager.ts.
17:21:20.100 debug: Resolve ../../Base/PoolManager from file:///D:/%E5%B7%A5%E7%A8%8B%E9%A1%B9%E7%9B%AE/PlayableAD/Cocos/TheW/20260615_HYQ/HYQ_Project/assets/Script/functionS/Other/PropArms.ts as file:///D:/%E5%B7%A5%E7%A8%8B%E9%A1%B9%E7%9B%AE/PlayableAD/Cocos/TheW/20260615_HYQ/HYQ_Project/assets/Script/Base/PoolManager.ts.
17:21:20.100 debug: Resolve ../../Base/EnumList from file:///D:/%E5%B7%A5%E7%A8%8B%E9%A1%B9%E7%9B%AE/PlayableAD/Cocos/TheW/20260615_HYQ/HYQ_Project/assets/Script/functionS/Other/PropArms.ts as file:///D:/%E5%B7%A5%E7%A8%8B%E9%A1%B9%E7%9B%AE/PlayableAD/Cocos/TheW/20260615_HYQ/HYQ_Project/assets/Script/Base/EnumList.ts.
17:21:20.101 debug: Resolve ../../Base/PrefabsManager from file:///D:/%E5%B7%A5%E7%A8%8B%E9%A1%B9%E7%9B%AE/PlayableAD/Cocos/TheW/20260615_HYQ/HYQ_Project/assets/Script/functionS/Other/PropArms.ts as file:///D:/%E5%B7%A5%E7%A8%8B%E9%A1%B9%E7%9B%AE/PlayableAD/Cocos/TheW/20260615_HYQ/HYQ_Project/assets/Script/Base/PrefabsManager.ts.
17:21:20.102 debug: Resolve ../../Tool/TweenTool from file:///D:/%E5%B7%A5%E7%A8%8B%E9%A1%B9%E7%9B%AE/PlayableAD/Cocos/TheW/20260615_HYQ/HYQ_Project/assets/Script/functionS/Other/PropArms.ts as file:///D:/%E5%B7%A5%E7%A8%8B%E9%A1%B9%E7%9B%AE/PlayableAD/Cocos/TheW/20260615_HYQ/HYQ_Project/assets/Script/Tool/TweenTool.ts.
17:21:20.103 debug: Resolve ../../Base/EventManager from file:///D:/%E5%B7%A5%E7%A8%8B%E9%A1%B9%E7%9B%AE/PlayableAD/Cocos/TheW/20260615_HYQ/HYQ_Project/assets/Script/functionS/Other/PropArms.ts as file:///D:/%E5%B7%A5%E7%A8%8B%E9%A1%B9%E7%9B%AE/PlayableAD/Cocos/TheW/20260615_HYQ/HYQ_Project/assets/Script/Base/EventManager.ts.
17:21:20.104 debug: Resolve ../Battle/Battle3D/AttackParkPlay from file:///D:/%E5%B7%A5%E7%A8%8B%E9%A1%B9%E7%9B%AE/PlayableAD/Cocos/TheW/20260615_HYQ/HYQ_Project/assets/Script/functionS/Other/PropArms.ts as file:///D:/%E5%B7%A5%E7%A8%8B%E9%A1%B9%E7%9B%AE/PlayableAD/Cocos/TheW/20260615_HYQ/HYQ_Project/assets/Script/functionS/Battle/Battle3D/AttackParkPlay.ts.
17:21:20.105 debug: Resolve ../Battle/Base/FlashRedManager from file:///D:/%E5%B7%A5%E7%A8%8B%E9%A1%B9%E7%9B%AE/PlayableAD/Cocos/TheW/20260615_HYQ/HYQ_Project/assets/Script/functionS/Other/PropArms.ts as file:///D:/%E5%B7%A5%E7%A8%8B%E9%A1%B9%E7%9B%AE/PlayableAD/Cocos/TheW/20260615_HYQ/HYQ_Project/assets/Script/functionS/Battle/Base/FlashRedManager.ts.
17:21:20.105 debug: Resolve ../../Base/AudioManager from file:///D:/%E5%B7%A5%E7%A8%8B%E9%A1%B9%E7%9B%AE/PlayableAD/Cocos/TheW/20260615_HYQ/HYQ_Project/assets/Script/functionS/Other/PropArms.ts as file:///D:/%E5%B7%A5%E7%A8%8B%E9%A1%B9%E7%9B%AE/PlayableAD/Cocos/TheW/20260615_HYQ/HYQ_Project/assets/Script/Base/AudioManager.ts.
17:21:20.106 debug: Resolve ../SkAnim/FbxManager from file:///D:/%E5%B7%A5%E7%A8%8B%E9%A1%B9%E7%9B%AE/PlayableAD/Cocos/TheW/20260615_HYQ/HYQ_Project/assets/Script/functionS/Other/PropArms.ts as file:///D:/%E5%B7%A5%E7%A8%8B%E9%A1%B9%E7%9B%AE/PlayableAD/Cocos/TheW/20260615_HYQ/HYQ_Project/assets/Script/functionS/SkAnim/FbxManager.ts.
17:21:20.107 debug: Resolve ../../Base/CameraMove from file:///D:/%E5%B7%A5%E7%A8%8B%E9%A1%B9%E7%9B%AE/PlayableAD/Cocos/TheW/20260615_HYQ/HYQ_Project/assets/Script/functionS/Other/PropArms.ts as file:///D:/%E5%B7%A5%E7%A8%8B%E9%A1%B9%E7%9B%AE/PlayableAD/Cocos/TheW/20260615_HYQ/HYQ_Project/assets/Script/Base/CameraMove.ts.
17:21:20.110 debug: Resolve ../Monster/MonsterCreate from file:///D:/%E5%B7%A5%E7%A8%8B%E9%A1%B9%E7%9B%AE/PlayableAD/Cocos/TheW/20260615_HYQ/HYQ_Project/assets/Script/functionS/Other/PropArms.ts as file:///D:/%E5%B7%A5%E7%A8%8B%E9%A1%B9%E7%9B%AE/PlayableAD/Cocos/TheW/20260615_HYQ/HYQ_Project/assets/Script/functionS/Monster/MonsterCreate.ts.
17:21:20.186 debug: Target(editor) ends with cost 990.0516999999527ms.
17:21:20.187 debug: Target(preview) build started.
17:21:20.191 debug: Detected change: cce:/internal/x/prerequisite-imports. Last mtime: Thu Jan 01 1970 08:00:16 GMT+0800 (中国标准时间), Current mtime: Thu Jan 01 1970 08:15:28 GMT+0800 (中国标准时间)
17:21:20.191 debug: Inspect cce:/internal/x/prerequisite-imports
17:21:20.239 debug: transform url: 'cce:/internal/x/prerequisite-imports' costs: 47.80 ms
17:21:20.245 debug: Resolve file:///C:/ProgramData/cocos/editors/Creator/3.8.7/resources/resources/3d/engine/editor/assets/default_renderpipeline/builtin-dof-pass.ts from cce:/internal/x/prerequisite-imports as file:///C:/ProgramData/cocos/editors/Creator/3.8.7/resources/resources/3d/engine/editor/assets/default_renderpipeline/builtin-dof-pass.ts.
17:21:20.246 debug: Resolve file:///C:/ProgramData/cocos/editors/Creator/3.8.7/resources/resources/3d/engine/editor/assets/default_renderpipeline/builtin-pipeline-pass.ts from cce:/internal/x/prerequisite-imports as file:///C:/ProgramData/cocos/editors/Creator/3.8.7/resources/resources/3d/engine/editor/assets/default_renderpipeline/builtin-pipeline-pass.ts.
17:21:20.247 debug: Resolve file:///C:/ProgramData/cocos/editors/Creator/3.8.7/resources/resources/3d/engine/editor/assets/default_renderpipeline/builtin-pipeline-settings.ts from cce:/internal/x/prerequisite-imports as file:///C:/ProgramData/cocos/editors/Creator/3.8.7/resources/resources/3d/engine/editor/assets/default_renderpipeline/builtin-pipeline-settings.ts.
17:21:20.248 debug: Resolve file:///C:/ProgramData/cocos/editors/Creator/3.8.7/resources/resources/3d/engine/editor/assets/default_renderpipeline/builtin-pipeline-types.ts from cce:/internal/x/prerequisite-imports as file:///C:/ProgramData/cocos/editors/Creator/3.8.7/resources/resources/3d/engine/editor/assets/default_renderpipeline/builtin-pipeline-types.ts.
17:21:20.249 debug: Resolve file:///C:/ProgramData/cocos/editors/Creator/3.8.7/resources/resources/3d/engine/editor/assets/default_renderpipeline/builtin-pipeline.ts from cce:/internal/x/prerequisite-imports as file:///C:/ProgramData/cocos/editors/Creator/3.8.7/resources/resources/3d/engine/editor/assets/default_renderpipeline/builtin-pipeline.ts.
17:21:20.251 debug: Resolve file:///C:/ProgramData/cocos/editors/Creator/3.8.7/resources/resources/3d/engine/editor/assets/tools/debug-view-runtime-control.ts from cce:/internal/x/prerequisite-imports as file:///C:/ProgramData/cocos/editors/Creator/3.8.7/resources/resources/3d/engine/editor/assets/tools/debug-view-runtime-control.ts.
17:21:20.252 debug: Resolve file:///D:/%E5%B7%A5%E7%A8%8B%E9%A1%B9%E7%9B%AE/PlayableAD/Cocos/TheW/20260615_HYQ/HYQ_Project/assets/GameRes/1219/Scene/Eff/light/Lightning.ts from cce:/internal/x/prerequisite-imports as file:///D:/%E5%B7%A5%E7%A8%8B%E9%A1%B9%E7%9B%AE/PlayableAD/Cocos/TheW/20260615_HYQ/HYQ_Project/assets/GameRes/1219/Scene/Eff/light/Lightning.ts.
17:21:20.253 debug: Resolve file:///D:/%E5%B7%A5%E7%A8%8B%E9%A1%B9%E7%9B%AE/PlayableAD/Cocos/TheW/20260615_HYQ/HYQ_Project/assets/Script/Base/AudioManager.ts from cce:/internal/x/prerequisite-imports as file:///D:/%E5%B7%A5%E7%A8%8B%E9%A1%B9%E7%9B%AE/PlayableAD/Cocos/TheW/20260615_HYQ/HYQ_Project/assets/Script/Base/AudioManager.ts.
17:21:20.254 debug: Resolve file:///D:/%E5%B7%A5%E7%A8%8B%E9%A1%B9%E7%9B%AE/PlayableAD/Cocos/TheW/20260615_HYQ/HYQ_Project/assets/Script/Base/CameraMove.ts from cce:/internal/x/prerequisite-imports as file:///D:/%E5%B7%A5%E7%A8%8B%E9%A1%B9%E7%9B%AE/PlayableAD/Cocos/TheW/20260615_HYQ/HYQ_Project/assets/Script/Base/CameraMove.ts.
17:21:20.254 debug: Resolve file:///D:/%E5%B7%A5%E7%A8%8B%E9%A1%B9%E7%9B%AE/PlayableAD/Cocos/TheW/20260615_HYQ/HYQ_Project/assets/Script/Base/EnumList.ts from cce:/internal/x/prerequisite-imports as file:///D:/%E5%B7%A5%E7%A8%8B%E9%A1%B9%E7%9B%AE/PlayableAD/Cocos/TheW/20260615_HYQ/HYQ_Project/assets/Script/Base/EnumList.ts.
17:21:20.255 debug: Resolve file:///D:/%E5%B7%A5%E7%A8%8B%E9%A1%B9%E7%9B%AE/PlayableAD/Cocos/TheW/20260615_HYQ/HYQ_Project/assets/Script/Base/EventManager.ts from cce:/internal/x/prerequisite-imports as file:///D:/%E5%B7%A5%E7%A8%8B%E9%A1%B9%E7%9B%AE/PlayableAD/Cocos/TheW/20260615_HYQ/HYQ_Project/assets/Script/Base/EventManager.ts.
17:21:20.255 debug: Resolve file:///D:/%E5%B7%A5%E7%A8%8B%E9%A1%B9%E7%9B%AE/PlayableAD/Cocos/TheW/20260615_HYQ/HYQ_Project/assets/Script/Base/LayerManager.ts from cce:/internal/x/prerequisite-imports as file:///D:/%E5%B7%A5%E7%A8%8B%E9%A1%B9%E7%9B%AE/PlayableAD/Cocos/TheW/20260615_HYQ/HYQ_Project/assets/Script/Base/LayerManager.ts.
17:21:20.256 debug: Resolve file:///D:/%E5%B7%A5%E7%A8%8B%E9%A1%B9%E7%9B%AE/PlayableAD/Cocos/TheW/20260615_HYQ/HYQ_Project/assets/Script/Base/MoveRot/MoveDrive.ts from cce:/internal/x/prerequisite-imports as file:///D:/%E5%B7%A5%E7%A8%8B%E9%A1%B9%E7%9B%AE/PlayableAD/Cocos/TheW/20260615_HYQ/HYQ_Project/assets/Script/Base/MoveRot/MoveDrive.ts.
17:21:20.257 debug: Resolve file:///D:/%E5%B7%A5%E7%A8%8B%E9%A1%B9%E7%9B%AE/PlayableAD/Cocos/TheW/20260615_HYQ/HYQ_Project/assets/Script/Base/MoveRot/RotationDrive.ts from cce:/internal/x/prerequisite-imports as file:///D:/%E5%B7%A5%E7%A8%8B%E9%A1%B9%E7%9B%AE/PlayableAD/Cocos/TheW/20260615_HYQ/HYQ_Project/assets/Script/Base/MoveRot/RotationDrive.ts.
17:21:20.258 debug: Resolve file:///D:/%E5%B7%A5%E7%A8%8B%E9%A1%B9%E7%9B%AE/PlayableAD/Cocos/TheW/20260615_HYQ/HYQ_Project/assets/Script/Base/MoveRot/RotationVector.ts from cce:/internal/x/prerequisite-imports as file:///D:/%E5%B7%A5%E7%A8%8B%E9%A1%B9%E7%9B%AE/PlayableAD/Cocos/TheW/20260615_HYQ/HYQ_Project/assets/Script/Base/MoveRot/RotationVector.ts.
17:21:20.258 debug: Resolve file:///D:/%E5%B7%A5%E7%A8%8B%E9%A1%B9%E7%9B%AE/PlayableAD/Cocos/TheW/20260615_HYQ/HYQ_Project/assets/Script/Base/PoolManager.ts from cce:/internal/x/prerequisite-imports as file:///D:/%E5%B7%A5%E7%A8%8B%E9%A1%B9%E7%9B%AE/PlayableAD/Cocos/TheW/20260615_HYQ/HYQ_Project/assets/Script/Base/PoolManager.ts.
17:21:20.259 debug: Resolve file:///D:/%E5%B7%A5%E7%A8%8B%E9%A1%B9%E7%9B%AE/PlayableAD/Cocos/TheW/20260615_HYQ/HYQ_Project/assets/Script/Base/PrefabsManager.ts from cce:/internal/x/prerequisite-imports as file:///D:/%E5%B7%A5%E7%A8%8B%E9%A1%B9%E7%9B%AE/PlayableAD/Cocos/TheW/20260615_HYQ/HYQ_Project/assets/Script/Base/PrefabsManager.ts.
17:21:20.260 debug: Resolve file:///D:/%E5%B7%A5%E7%A8%8B%E9%A1%B9%E7%9B%AE/PlayableAD/Cocos/TheW/20260615_HYQ/HYQ_Project/assets/Script/Base/Singleton.ts from cce:/internal/x/prerequisite-imports as file:///D:/%E5%B7%A5%E7%A8%8B%E9%A1%B9%E7%9B%AE/PlayableAD/Cocos/TheW/20260615_HYQ/HYQ_Project/assets/Script/Base/Singleton.ts.
17:21:20.261 debug: Resolve file:///D:/%E5%B7%A5%E7%A8%8B%E9%A1%B9%E7%9B%AE/PlayableAD/Cocos/TheW/20260615_HYQ/HYQ_Project/assets/Script/Base/TextAdaptation/DownLoadL8.ts from cce:/internal/x/prerequisite-imports as file:///D:/%E5%B7%A5%E7%A8%8B%E9%A1%B9%E7%9B%AE/PlayableAD/Cocos/TheW/20260615_HYQ/HYQ_Project/assets/Script/Base/TextAdaptation/DownLoadL8.ts.
17:21:20.261 debug: Resolve file:///D:/%E5%B7%A5%E7%A8%8B%E9%A1%B9%E7%9B%AE/PlayableAD/Cocos/TheW/20260615_HYQ/HYQ_Project/assets/Script/Base/TextAdaptation/DragAndMoveL8.ts from cce:/internal/x/prerequisite-imports as file:///D:/%E5%B7%A5%E7%A8%8B%E9%A1%B9%E7%9B%AE/PlayableAD/Cocos/TheW/20260615_HYQ/HYQ_Project/assets/Script/Base/TextAdaptation/DragAndMoveL8.ts.
17:21:20.262 debug: Resolve file:///D:/%E5%B7%A5%E7%A8%8B%E9%A1%B9%E7%9B%AE/PlayableAD/Cocos/TheW/20260615_HYQ/HYQ_Project/assets/Script/Base/TextAdaptation/L18Manager.ts from cce:/internal/x/prerequisite-imports as file:///D:/%E5%B7%A5%E7%A8%8B%E9%A1%B9%E7%9B%AE/PlayableAD/Cocos/TheW/20260615_HYQ/HYQ_Project/assets/Script/Base/TextAdaptation/L18Manager.ts.
17:21:20.263 debug: Resolve file:///D:/%E5%B7%A5%E7%A8%8B%E9%A1%B9%E7%9B%AE/PlayableAD/Cocos/TheW/20260615_HYQ/HYQ_Project/assets/Script/Base/TextAdaptation/LangArrAuto.ts from cce:/internal/x/prerequisite-imports as file:///D:/%E5%B7%A5%E7%A8%8B%E9%A1%B9%E7%9B%AE/PlayableAD/Cocos/TheW/20260615_HYQ/HYQ_Project/assets/Script/Base/TextAdaptation/LangArrAuto.ts.
17:21:20.264 debug: Resolve file:///D:/%E5%B7%A5%E7%A8%8B%E9%A1%B9%E7%9B%AE/PlayableAD/Cocos/TheW/20260615_HYQ/HYQ_Project/assets/Script/Base/TextAdaptation/LangAuto.ts from cce:/internal/x/prerequisite-imports as file:///D:/%E5%B7%A5%E7%A8%8B%E9%A1%B9%E7%9B%AE/PlayableAD/Cocos/TheW/20260615_HYQ/HYQ_Project/assets/Script/Base/TextAdaptation/LangAuto.ts.
17:21:20.265 debug: Resolve file:///D:/%E5%B7%A5%E7%A8%8B%E9%A1%B9%E7%9B%AE/PlayableAD/Cocos/TheW/20260615_HYQ/HYQ_Project/assets/Script/Base/TextAdaptation/ResurrectionL8.ts from cce:/internal/x/prerequisite-imports as file:///D:/%E5%B7%A5%E7%A8%8B%E9%A1%B9%E7%9B%AE/PlayableAD/Cocos/TheW/20260615_HYQ/HYQ_Project/assets/Script/Base/TextAdaptation/ResurrectionL8.ts.
17:21:20.266 debug: Resolve file:///D:/%E5%B7%A5%E7%A8%8B%E9%A1%B9%E7%9B%AE/PlayableAD/Cocos/TheW/20260615_HYQ/HYQ_Project/assets/Script/Base/UnityUpComponent.ts from cce:/internal/x/prerequisite-imports as file:///D:/%E5%B7%A5%E7%A8%8B%E9%A1%B9%E7%9B%AE/PlayableAD/Cocos/TheW/20260615_HYQ/HYQ_Project/assets/Script/Base/UnityUpComponent.ts.
17:21:20.267 debug: Resolve file:///D:/%E5%B7%A5%E7%A8%8B%E9%A1%B9%E7%9B%AE/PlayableAD/Cocos/TheW/20260615_HYQ/HYQ_Project/assets/Script/Tool/Index.ts from cce:/internal/x/prerequisite-imports as file:///D:/%E5%B7%A5%E7%A8%8B%E9%A1%B9%E7%9B%AE/PlayableAD/Cocos/TheW/20260615_HYQ/HYQ_Project/assets/Script/Tool/Index.ts.
17:21:20.268 debug: Resolve file:///D:/%E5%B7%A5%E7%A8%8B%E9%A1%B9%E7%9B%AE/PlayableAD/Cocos/TheW/20260615_HYQ/HYQ_Project/assets/Script/Tool/TweenTool.ts from cce:/internal/x/prerequisite-imports as file:///D:/%E5%B7%A5%E7%A8%8B%E9%A1%B9%E7%9B%AE/PlayableAD/Cocos/TheW/20260615_HYQ/HYQ_Project/assets/Script/Tool/TweenTool.ts.
17:21:20.270 debug: Resolve file:///D:/%E5%B7%A5%E7%A8%8B%E9%A1%B9%E7%9B%AE/PlayableAD/Cocos/TheW/20260615_HYQ/HYQ_Project/assets/Script/functionS/Bag/Base/BagBase.ts from cce:/internal/x/prerequisite-imports as file:///D:/%E5%B7%A5%E7%A8%8B%E9%A1%B9%E7%9B%AE/PlayableAD/Cocos/TheW/20260615_HYQ/HYQ_Project/assets/Script/functionS/Bag/Base/BagBase.ts.
17:21:20.271 debug: Resolve file:///D:/%E5%B7%A5%E7%A8%8B%E9%A1%B9%E7%9B%AE/PlayableAD/Cocos/TheW/20260615_HYQ/HYQ_Project/assets/Script/functionS/Bag/FlayPropManager.ts from cce:/internal/x/prerequisite-imports as file:///D:/%E5%B7%A5%E7%A8%8B%E9%A1%B9%E7%9B%AE/PlayableAD/Cocos/TheW/20260615_HYQ/HYQ_Project/assets/Script/functionS/Bag/FlayPropManager.ts.
17:21:20.273 debug: Resolve file:///D:/%E5%B7%A5%E7%A8%8B%E9%A1%B9%E7%9B%AE/PlayableAD/Cocos/TheW/20260615_HYQ/HYQ_Project/assets/Script/functionS/Bag/GroupBag3D.ts from cce:/internal/x/prerequisite-imports as file:///D:/%E5%B7%A5%E7%A8%8B%E9%A1%B9%E7%9B%AE/PlayableAD/Cocos/TheW/20260615_HYQ/HYQ_Project/assets/Script/functionS/Bag/GroupBag3D.ts.
17:21:20.275 debug: Resolve file:///D:/%E5%B7%A5%E7%A8%8B%E9%A1%B9%E7%9B%AE/PlayableAD/Cocos/TheW/20260615_HYQ/HYQ_Project/assets/Script/functionS/Bag/GroupPropTransform.ts from cce:/internal/x/prerequisite-imports as file:///D:/%E5%B7%A5%E7%A8%8B%E9%A1%B9%E7%9B%AE/PlayableAD/Cocos/TheW/20260615_HYQ/HYQ_Project/assets/Script/functionS/Bag/GroupPropTransform.ts.
17:21:20.276 debug: Resolve file:///D:/%E5%B7%A5%E7%A8%8B%E9%A1%B9%E7%9B%AE/PlayableAD/Cocos/TheW/20260615_HYQ/HYQ_Project/assets/Script/functionS/Bag/IPropFly.ts from cce:/internal/x/prerequisite-imports as file:///D:/%E5%B7%A5%E7%A8%8B%E9%A1%B9%E7%9B%AE/PlayableAD/Cocos/TheW/20260615_HYQ/HYQ_Project/assets/Script/functionS/Bag/IPropFly.ts.
17:21:20.277 debug: Resolve file:///D:/%E5%B7%A5%E7%A8%8B%E9%A1%B9%E7%9B%AE/PlayableAD/Cocos/TheW/20260615_HYQ/HYQ_Project/assets/Script/functionS/Bag/LabBagUp.ts from cce:/internal/x/prerequisite-imports as file:///D:/%E5%B7%A5%E7%A8%8B%E9%A1%B9%E7%9B%AE/PlayableAD/Cocos/TheW/20260615_HYQ/HYQ_Project/assets/Script/functionS/Bag/LabBagUp.ts.
17:21:20.278 debug: Resolve file:///D:/%E5%B7%A5%E7%A8%8B%E9%A1%B9%E7%9B%AE/PlayableAD/Cocos/TheW/20260615_HYQ/HYQ_Project/assets/Script/functionS/Bag/Prop.ts from cce:/internal/x/prerequisite-imports as file:///D:/%E5%B7%A5%E7%A8%8B%E9%A1%B9%E7%9B%AE/PlayableAD/Cocos/TheW/20260615_HYQ/HYQ_Project/assets/Script/functionS/Bag/Prop.ts.
17:21:20.278 debug: Resolve file:///D:/%E5%B7%A5%E7%A8%8B%E9%A1%B9%E7%9B%AE/PlayableAD/Cocos/TheW/20260615_HYQ/HYQ_Project/assets/Script/functionS/Bag/PropManager.ts from cce:/internal/x/prerequisite-imports as file:///D:/%E5%B7%A5%E7%A8%8B%E9%A1%B9%E7%9B%AE/PlayableAD/Cocos/TheW/20260615_HYQ/HYQ_Project/assets/Script/functionS/Bag/PropManager.ts.
17:21:20.279 debug: Resolve file:///D:/%E5%B7%A5%E7%A8%8B%E9%A1%B9%E7%9B%AE/PlayableAD/Cocos/TheW/20260615_HYQ/HYQ_Project/assets/Script/functionS/Battle/Attack/AreaAttack.ts from cce:/internal/x/prerequisite-imports as file:///D:/%E5%B7%A5%E7%A8%8B%E9%A1%B9%E7%9B%AE/PlayableAD/Cocos/TheW/20260615_HYQ/HYQ_Project/assets/Script/functionS/Battle/Attack/AreaAttack.ts.
17:21:20.280 debug: Resolve file:///D:/%E5%B7%A5%E7%A8%8B%E9%A1%B9%E7%9B%AE/PlayableAD/Cocos/TheW/20260615_HYQ/HYQ_Project/assets/Script/functionS/Battle/Attack/AttackState.ts from cce:/internal/x/prerequisite-imports as file:///D:/%E5%B7%A5%E7%A8%8B%E9%A1%B9%E7%9B%AE/PlayableAD/Cocos/TheW/20260615_HYQ/HYQ_Project/assets/Script/functionS/Battle/Attack/AttackState.ts.
17:21:20.282 debug: Resolve file:///D:/%E5%B7%A5%E7%A8%8B%E9%A1%B9%E7%9B%AE/PlayableAD/Cocos/TheW/20260615_HYQ/HYQ_Project/assets/Script/functionS/Battle/Attack/MeleeAttack.ts from cce:/internal/x/prerequisite-imports as file:///D:/%E5%B7%A5%E7%A8%8B%E9%A1%B9%E7%9B%AE/PlayableAD/Cocos/TheW/20260615_HYQ/HYQ_Project/assets/Script/functionS/Battle/Attack/MeleeAttack.ts.
17:21:20.283 debug: Resolve file:///D:/%E5%B7%A5%E7%A8%8B%E9%A1%B9%E7%9B%AE/PlayableAD/Cocos/TheW/20260615_HYQ/HYQ_Project/assets/Script/functionS/Battle/Base/AttackTargetBase.ts from cce:/internal/x/prerequisite-imports as file:///D:/%E5%B7%A5%E7%A8%8B%E9%A1%B9%E7%9B%AE/PlayableAD/Cocos/TheW/20260615_HYQ/HYQ_Project/assets/Script/functionS/Battle/Base/AttackTargetBase.ts.
17:21:20.284 debug: Resolve file:///D:/%E5%B7%A5%E7%A8%8B%E9%A1%B9%E7%9B%AE/PlayableAD/Cocos/TheW/20260615_HYQ/HYQ_Project/assets/Script/functionS/Battle/Base/BattleTargetBase.ts from cce:/internal/x/prerequisite-imports as file:///D:/%E5%B7%A5%E7%A8%8B%E9%A1%B9%E7%9B%AE/PlayableAD/Cocos/TheW/20260615_HYQ/HYQ_Project/assets/Script/functionS/Battle/Base/BattleTargetBase.ts.
17:21:20.284 debug: Resolve file:///D:/%E5%B7%A5%E7%A8%8B%E9%A1%B9%E7%9B%AE/PlayableAD/Cocos/TheW/20260615_HYQ/HYQ_Project/assets/Script/functionS/Battle/Base/FlashRedManager.ts from cce:/internal/x/prerequisite-imports as file:///D:/%E5%B7%A5%E7%A8%8B%E9%A1%B9%E7%9B%AE/PlayableAD/Cocos/TheW/20260615_HYQ/HYQ_Project/assets/Script/functionS/Battle/Base/FlashRedManager.ts.
17:21:20.285 debug: Resolve file:///D:/%E5%B7%A5%E7%A8%8B%E9%A1%B9%E7%9B%AE/PlayableAD/Cocos/TheW/20260615_HYQ/HYQ_Project/assets/Script/functionS/Battle/Battle2D/Attack2D/RangedAttack.ts from cce:/internal/x/prerequisite-imports as file:///D:/%E5%B7%A5%E7%A8%8B%E9%A1%B9%E7%9B%AE/PlayableAD/Cocos/TheW/20260615_HYQ/HYQ_Project/assets/Script/functionS/Battle/Battle2D/Attack2D/RangedAttack.ts.
17:21:20.286 debug: Resolve file:///D:/%E5%B7%A5%E7%A8%8B%E9%A1%B9%E7%9B%AE/PlayableAD/Cocos/TheW/20260615_HYQ/HYQ_Project/assets/Script/functionS/Battle/Battle2D/Bullet/BulletBattle2D.ts from cce:/internal/x/prerequisite-imports as file:///D:/%E5%B7%A5%E7%A8%8B%E9%A1%B9%E7%9B%AE/PlayableAD/Cocos/TheW/20260615_HYQ/HYQ_Project/assets/Script/functionS/Battle/Battle2D/Bullet/BulletBattle2D.ts.
17:21:20.287 debug: Resolve file:///D:/%E5%B7%A5%E7%A8%8B%E9%A1%B9%E7%9B%AE/PlayableAD/Cocos/TheW/20260615_HYQ/HYQ_Project/assets/Script/functionS/Battle/Battle2D/Bullet/BulletCollideBase2D.ts from cce:/internal/x/prerequisite-imports as file:///D:/%E5%B7%A5%E7%A8%8B%E9%A1%B9%E7%9B%AE/PlayableAD/Cocos/TheW/20260615_HYQ/HYQ_Project/assets/Script/functionS/Battle/Battle2D/Bullet/BulletCollideBase2D.ts.
17:21:20.288 debug: Resolve file:///D:/%E5%B7%A5%E7%A8%8B%E9%A1%B9%E7%9B%AE/PlayableAD/Cocos/TheW/20260615_HYQ/HYQ_Project/assets/Script/functionS/Battle/Battle2D/CollectBattleTarger2D.ts from cce:/internal/x/prerequisite-imports as file:///D:/%E5%B7%A5%E7%A8%8B%E9%A1%B9%E7%9B%AE/PlayableAD/Cocos/TheW/20260615_HYQ/HYQ_Project/assets/Script/functionS/Battle/Battle2D/CollectBattleTarger2D.ts.
17:21:20.289 debug: Resolve file:///D:/%E5%B7%A5%E7%A8%8B%E9%A1%B9%E7%9B%AE/PlayableAD/Cocos/TheW/20260615_HYQ/HYQ_Project/assets/Script/functionS/Battle/Battle2D/TriggerBase2D.ts from cce:/internal/x/prerequisite-imports as file:///D:/%E5%B7%A5%E7%A8%8B%E9%A1%B9%E7%9B%AE/PlayableAD/Cocos/TheW/20260615_HYQ/HYQ_Project/assets/Script/functionS/Battle/Battle2D/TriggerBase2D.ts.
17:21:20.290 debug: Resolve file:///D:/%E5%B7%A5%E7%A8%8B%E9%A1%B9%E7%9B%AE/PlayableAD/Cocos/TheW/20260615_HYQ/HYQ_Project/assets/Script/functionS/Battle/Battle3D/Attack3D/RangeTowerAttack.ts from cce:/internal/x/prerequisite-imports as file:///D:/%E5%B7%A5%E7%A8%8B%E9%A1%B9%E7%9B%AE/PlayableAD/Cocos/TheW/20260615_HYQ/HYQ_Project/assets/Script/functionS/Battle/Battle3D/Attack3D/RangeTowerAttack.ts.
17:21:20.291 debug: Resolve file:///D:/%E5%B7%A5%E7%A8%8B%E9%A1%B9%E7%9B%AE/PlayableAD/Cocos/TheW/20260615_HYQ/HYQ_Project/assets/Script/functionS/Battle/Battle3D/Attack3D/RangedAttack_Circle.ts from cce:/internal/x/prerequisite-imports as file:///D:/%E5%B7%A5%E7%A8%8B%E9%A1%B9%E7%9B%AE/PlayableAD/Cocos/TheW/20260615_HYQ/HYQ_Project/assets/Script/functionS/Battle/Battle3D/Attack3D/RangedAttack_Circle.ts.
17:21:20.292 debug: Resolve file:///D:/%E5%B7%A5%E7%A8%8B%E9%A1%B9%E7%9B%AE/PlayableAD/Cocos/TheW/20260615_HYQ/HYQ_Project/assets/Script/functionS/Battle/Battle3D/Attack3D/RangedAttack_Shrapnel.ts from cce:/internal/x/prerequisite-imports as file:///D:/%E5%B7%A5%E7%A8%8B%E9%A1%B9%E7%9B%AE/PlayableAD/Cocos/TheW/20260615_HYQ/HYQ_Project/assets/Script/functionS/Battle/Battle3D/Attack3D/RangedAttack_Shrapnel.ts.
17:21:20.292 debug: Resolve file:///D:/%E5%B7%A5%E7%A8%8B%E9%A1%B9%E7%9B%AE/PlayableAD/Cocos/TheW/20260615_HYQ/HYQ_Project/assets/Script/functionS/Battle/Battle3D/AttackParkPlay.ts from cce:/internal/x/prerequisite-imports as file:///D:/%E5%B7%A5%E7%A8%8B%E9%A1%B9%E7%9B%AE/PlayableAD/Cocos/TheW/20260615_HYQ/HYQ_Project/assets/Script/functionS/Battle/Battle3D/AttackParkPlay.ts.
17:21:20.293 debug: Resolve file:///D:/%E5%B7%A5%E7%A8%8B%E9%A1%B9%E7%9B%AE/PlayableAD/Cocos/TheW/20260615_HYQ/HYQ_Project/assets/Script/functionS/Battle/Battle3D/Bullet/BulletBattle3D.ts from cce:/internal/x/prerequisite-imports as file:///D:/%E5%B7%A5%E7%A8%8B%E9%A1%B9%E7%9B%AE/PlayableAD/Cocos/TheW/20260615_HYQ/HYQ_Project/assets/Script/functionS/Battle/Battle3D/Bullet/BulletBattle3D.ts.
17:21:20.294 debug: Resolve file:///D:/%E5%B7%A5%E7%A8%8B%E9%A1%B9%E7%9B%AE/PlayableAD/Cocos/TheW/20260615_HYQ/HYQ_Project/assets/Script/functionS/Battle/Battle3D/Bullet/BulletCollideBase3D.ts from cce:/internal/x/prerequisite-imports as file:///D:/%E5%B7%A5%E7%A8%8B%E9%A1%B9%E7%9B%AE/PlayableAD/Cocos/TheW/20260615_HYQ/HYQ_Project/assets/Script/functionS/Battle/Battle3D/Bullet/BulletCollideBase3D.ts.
17:21:20.295 debug: Resolve file:///D:/%E5%B7%A5%E7%A8%8B%E9%A1%B9%E7%9B%AE/PlayableAD/Cocos/TheW/20260615_HYQ/HYQ_Project/assets/Script/functionS/Battle/Battle3D/CollectBattleTarger3D.ts from cce:/internal/x/prerequisite-imports as file:///D:/%E5%B7%A5%E7%A8%8B%E9%A1%B9%E7%9B%AE/PlayableAD/Cocos/TheW/20260615_HYQ/HYQ_Project/assets/Script/functionS/Battle/Battle3D/CollectBattleTarger3D.ts.
17:21:20.295 debug: Resolve file:///D:/%E5%B7%A5%E7%A8%8B%E9%A1%B9%E7%9B%AE/PlayableAD/Cocos/TheW/20260615_HYQ/HYQ_Project/assets/Script/functionS/Battle/Battle3D/TriggerBase3D.ts from cce:/internal/x/prerequisite-imports as file:///D:/%E5%B7%A5%E7%A8%8B%E9%A1%B9%E7%9B%AE/PlayableAD/Cocos/TheW/20260615_HYQ/HYQ_Project/assets/Script/functionS/Battle/Battle3D/TriggerBase3D.ts.
17:21:20.296 debug: Resolve file:///D:/%E5%B7%A5%E7%A8%8B%E9%A1%B9%E7%9B%AE/PlayableAD/Cocos/TheW/20260615_HYQ/HYQ_Project/assets/Script/functionS/Battle/BattleTarger/BattleTarget2D.ts from cce:/internal/x/prerequisite-imports as file:///D:/%E5%B7%A5%E7%A8%8B%E9%A1%B9%E7%9B%AE/PlayableAD/Cocos/TheW/20260615_HYQ/HYQ_Project/assets/Script/functionS/Battle/BattleTarger/BattleTarget2D.ts.
17:21:20.300 debug: Resolve file:///D:/%E5%B7%A5%E7%A8%8B%E9%A1%B9%E7%9B%AE/PlayableAD/Cocos/TheW/20260615_HYQ/HYQ_Project/assets/Script/functionS/Battle/BattleTarger/BattleTarget3D.ts from cce:/internal/x/prerequisite-imports as file:///D:/%E5%B7%A5%E7%A8%8B%E9%A1%B9%E7%9B%AE/PlayableAD/Cocos/TheW/20260615_HYQ/HYQ_Project/assets/Script/functionS/Battle/BattleTarger/BattleTarget3D.ts.
17:21:20.301 debug: Resolve file:///D:/%E5%B7%A5%E7%A8%8B%E9%A1%B9%E7%9B%AE/PlayableAD/Cocos/TheW/20260615_HYQ/HYQ_Project/assets/Script/functionS/Battle/BulletBatchRenderer.ts from cce:/internal/x/prerequisite-imports as file:///D:/%E5%B7%A5%E7%A8%8B%E9%A1%B9%E7%9B%AE/PlayableAD/Cocos/TheW/20260615_HYQ/HYQ_Project/assets/Script/functionS/Battle/BulletBatchRenderer.ts.
17:21:20.301 debug: Resolve file:///D:/%E5%B7%A5%E7%A8%8B%E9%A1%B9%E7%9B%AE/PlayableAD/Cocos/TheW/20260615_HYQ/HYQ_Project/assets/Script/functionS/Battle/BulletManager.ts from cce:/internal/x/prerequisite-imports as file:///D:/%E5%B7%A5%E7%A8%8B%E9%A1%B9%E7%9B%AE/PlayableAD/Cocos/TheW/20260615_HYQ/HYQ_Project/assets/Script/functionS/Battle/BulletManager.ts.
17:21:20.302 debug: Resolve file:///D:/%E5%B7%A5%E7%A8%8B%E9%A1%B9%E7%9B%AE/PlayableAD/Cocos/TheW/20260615_HYQ/HYQ_Project/assets/Script/functionS/Battle/BulletMonsterCollisionManager.ts from cce:/internal/x/prerequisite-imports as file:///D:/%E5%B7%A5%E7%A8%8B%E9%A1%B9%E7%9B%AE/PlayableAD/Cocos/TheW/20260615_HYQ/HYQ_Project/assets/Script/functionS/Battle/BulletMonsterCollisionManager.ts.
17:21:20.303 debug: Resolve file:///D:/%E5%B7%A5%E7%A8%8B%E9%A1%B9%E7%9B%AE/PlayableAD/Cocos/TheW/20260615_HYQ/HYQ_Project/assets/Script/functionS/Battle/CollectBattleTarger/CollectGetTarget.ts from cce:/internal/x/prerequisite-imports as file:///D:/%E5%B7%A5%E7%A8%8B%E9%A1%B9%E7%9B%AE/PlayableAD/Cocos/TheW/20260615_HYQ/HYQ_Project/assets/Script/functionS/Battle/CollectBattleTarger/CollectGetTarget.ts.
17:21:20.303 debug: Resolve file:///D:/%E5%B7%A5%E7%A8%8B%E9%A1%B9%E7%9B%AE/PlayableAD/Cocos/TheW/20260615_HYQ/HYQ_Project/assets/Script/functionS/Battle/CollectBattleTarger/ColliderTag.ts from cce:/internal/x/prerequisite-imports as file:///D:/%E5%B7%A5%E7%A8%8B%E9%A1%B9%E7%9B%AE/PlayableAD/Cocos/TheW/20260615_HYQ/HYQ_Project/assets/Script/functionS/Battle/CollectBattleTarger/ColliderTag.ts.
17:21:20.304 debug: Resolve file:///D:/%E5%B7%A5%E7%A8%8B%E9%A1%B9%E7%9B%AE/PlayableAD/Cocos/TheW/20260615_HYQ/HYQ_Project/assets/Script/functionS/Battle/HpComponent.ts from cce:/internal/x/prerequisite-imports as file:///D:/%E5%B7%A5%E7%A8%8B%E9%A1%B9%E7%9B%AE/PlayableAD/Cocos/TheW/20260615_HYQ/HYQ_Project/assets/Script/functionS/Battle/HpComponent.ts.
17:21:20.304 debug: Resolve file:///D:/%E5%B7%A5%E7%A8%8B%E9%A1%B9%E7%9B%AE/PlayableAD/Cocos/TheW/20260615_HYQ/HYQ_Project/assets/Script/functionS/Effect/EffectManager.ts from cce:/internal/x/prerequisite-imports as file:///D:/%E5%B7%A5%E7%A8%8B%E9%A1%B9%E7%9B%AE/PlayableAD/Cocos/TheW/20260615_HYQ/HYQ_Project/assets/Script/functionS/Effect/EffectManager.ts.
17:21:20.305 debug: Resolve file:///D:/%E5%B7%A5%E7%A8%8B%E9%A1%B9%E7%9B%AE/PlayableAD/Cocos/TheW/20260615_HYQ/HYQ_Project/assets/Script/functionS/Effect/EffectRemoveBase.ts from cce:/internal/x/prerequisite-imports as file:///D:/%E5%B7%A5%E7%A8%8B%E9%A1%B9%E7%9B%AE/PlayableAD/Cocos/TheW/20260615_HYQ/HYQ_Project/assets/Script/functionS/Effect/EffectRemoveBase.ts.
17:21:20.306 debug: Resolve file:///D:/%E5%B7%A5%E7%A8%8B%E9%A1%B9%E7%9B%AE/PlayableAD/Cocos/TheW/20260615_HYQ/HYQ_Project/assets/Script/functionS/Effect/EffectTimePartRemove.ts from cce:/internal/x/prerequisite-imports as file:///D:/%E5%B7%A5%E7%A8%8B%E9%A1%B9%E7%9B%AE/PlayableAD/Cocos/TheW/20260615_HYQ/HYQ_Project/assets/Script/functionS/Effect/EffectTimePartRemove.ts.
17:21:20.307 debug: Resolve file:///D:/%E5%B7%A5%E7%A8%8B%E9%A1%B9%E7%9B%AE/PlayableAD/Cocos/TheW/20260615_HYQ/HYQ_Project/assets/Script/functionS/Effect/EffectTimeRemove.ts from cce:/internal/x/prerequisite-imports as file:///D:/%E5%B7%A5%E7%A8%8B%E9%A1%B9%E7%9B%AE/PlayableAD/Cocos/TheW/20260615_HYQ/HYQ_Project/assets/Script/functionS/Effect/EffectTimeRemove.ts.
17:21:20.308 debug: Resolve file:///D:/%E5%B7%A5%E7%A8%8B%E9%A1%B9%E7%9B%AE/PlayableAD/Cocos/TheW/20260615_HYQ/HYQ_Project/assets/Script/functionS/Guide/GuideLine.ts from cce:/internal/x/prerequisite-imports as file:///D:/%E5%B7%A5%E7%A8%8B%E9%A1%B9%E7%9B%AE/PlayableAD/Cocos/TheW/20260615_HYQ/HYQ_Project/assets/Script/functionS/Guide/GuideLine.ts.
17:21:20.309 debug: Resolve file:///D:/%E5%B7%A5%E7%A8%8B%E9%A1%B9%E7%9B%AE/PlayableAD/Cocos/TheW/20260615_HYQ/HYQ_Project/assets/Script/functionS/Guide/GuideManager.ts from cce:/internal/x/prerequisite-imports as file:///D:/%E5%B7%A5%E7%A8%8B%E9%A1%B9%E7%9B%AE/PlayableAD/Cocos/TheW/20260615_HYQ/HYQ_Project/assets/Script/functionS/Guide/GuideManager.ts.
17:21:20.310 debug: Resolve file:///D:/%E5%B7%A5%E7%A8%8B%E9%A1%B9%E7%9B%AE/PlayableAD/Cocos/TheW/20260615_HYQ/HYQ_Project/assets/Script/functionS/Jump/BezierCurve.ts from cce:/internal/x/prerequisite-imports as file:///D:/%E5%B7%A5%E7%A8%8B%E9%A1%B9%E7%9B%AE/PlayableAD/Cocos/TheW/20260615_HYQ/HYQ_Project/assets/Script/functionS/Jump/BezierCurve.ts.
17:21:20.311 debug: Resolve file:///D:/%E5%B7%A5%E7%A8%8B%E9%A1%B9%E7%9B%AE/PlayableAD/Cocos/TheW/20260615_HYQ/HYQ_Project/assets/Script/functionS/Jump/JumpCurve.ts from cce:/internal/x/prerequisite-imports as file:///D:/%E5%B7%A5%E7%A8%8B%E9%A1%B9%E7%9B%AE/PlayableAD/Cocos/TheW/20260615_HYQ/HYQ_Project/assets/Script/functionS/Jump/JumpCurve.ts.
17:21:20.312 debug: Resolve file:///D:/%E5%B7%A5%E7%A8%8B%E9%A1%B9%E7%9B%AE/PlayableAD/Cocos/TheW/20260615_HYQ/HYQ_Project/assets/Script/functionS/Jump/JumpCurve3D.ts from cce:/internal/x/prerequisite-imports as file:///D:/%E5%B7%A5%E7%A8%8B%E9%A1%B9%E7%9B%AE/PlayableAD/Cocos/TheW/20260615_HYQ/HYQ_Project/assets/Script/functionS/Jump/JumpCurve3D.ts.
17:21:20.314 debug: Resolve file:///D:/%E5%B7%A5%E7%A8%8B%E9%A1%B9%E7%9B%AE/PlayableAD/Cocos/TheW/20260615_HYQ/HYQ_Project/assets/Script/functionS/Jump/JumpDriveEngine.ts from cce:/internal/x/prerequisite-imports as file:///D:/%E5%B7%A5%E7%A8%8B%E9%A1%B9%E7%9B%AE/PlayableAD/Cocos/TheW/20260615_HYQ/HYQ_Project/assets/Script/functionS/Jump/JumpDriveEngine.ts.
17:21:20.315 debug: Resolve file:///D:/%E5%B7%A5%E7%A8%8B%E9%A1%B9%E7%9B%AE/PlayableAD/Cocos/TheW/20260615_HYQ/HYQ_Project/assets/Script/functionS/Jump/JumpManager.ts from cce:/internal/x/prerequisite-imports as file:///D:/%E5%B7%A5%E7%A8%8B%E9%A1%B9%E7%9B%AE/PlayableAD/Cocos/TheW/20260615_HYQ/HYQ_Project/assets/Script/functionS/Jump/JumpManager.ts.
17:21:20.316 debug: Resolve file:///D:/%E5%B7%A5%E7%A8%8B%E9%A1%B9%E7%9B%AE/PlayableAD/Cocos/TheW/20260615_HYQ/HYQ_Project/assets/Script/functionS/Jump/JumpParabola.ts from cce:/internal/x/prerequisite-imports as file:///D:/%E5%B7%A5%E7%A8%8B%E9%A1%B9%E7%9B%AE/PlayableAD/Cocos/TheW/20260615_HYQ/HYQ_Project/assets/Script/functionS/Jump/JumpParabola.ts.
17:21:20.317 debug: Resolve file:///D:/%E5%B7%A5%E7%A8%8B%E9%A1%B9%E7%9B%AE/PlayableAD/Cocos/TheW/20260615_HYQ/HYQ_Project/assets/Script/functionS/Jump/JumpScatter.ts from cce:/internal/x/prerequisite-imports as file:///D:/%E5%B7%A5%E7%A8%8B%E9%A1%B9%E7%9B%AE/PlayableAD/Cocos/TheW/20260615_HYQ/HYQ_Project/assets/Script/functionS/Jump/JumpScatter.ts.
17:21:20.318 debug: Resolve file:///D:/%E5%B7%A5%E7%A8%8B%E9%A1%B9%E7%9B%AE/PlayableAD/Cocos/TheW/20260615_HYQ/HYQ_Project/assets/Script/functionS/Jump/JumpSequenceBase.ts from cce:/internal/x/prerequisite-imports as file:///D:/%E5%B7%A5%E7%A8%8B%E9%A1%B9%E7%9B%AE/PlayableAD/Cocos/TheW/20260615_HYQ/HYQ_Project/assets/Script/functionS/Jump/JumpSequenceBase.ts.
17:21:20.319 debug: Resolve file:///D:/%E5%B7%A5%E7%A8%8B%E9%A1%B9%E7%9B%AE/PlayableAD/Cocos/TheW/20260615_HYQ/HYQ_Project/assets/Script/functionS/Monster/MonsterBattleTaerget.ts from cce:/internal/x/prerequisite-imports as file:///D:/%E5%B7%A5%E7%A8%8B%E9%A1%B9%E7%9B%AE/PlayableAD/Cocos/TheW/20260615_HYQ/HYQ_Project/assets/Script/functionS/Monster/MonsterBattleTaerget.ts.
17:21:20.319 debug: Resolve file:///D:/%E5%B7%A5%E7%A8%8B%E9%A1%B9%E7%9B%AE/PlayableAD/Cocos/TheW/20260615_HYQ/HYQ_Project/assets/Script/functionS/Monster/MonsterCreate.ts from cce:/internal/x/prerequisite-imports as file:///D:/%E5%B7%A5%E7%A8%8B%E9%A1%B9%E7%9B%AE/PlayableAD/Cocos/TheW/20260615_HYQ/HYQ_Project/assets/Script/functionS/Monster/MonsterCreate.ts.
17:21:20.320 debug: Resolve file:///D:/%E5%B7%A5%E7%A8%8B%E9%A1%B9%E7%9B%AE/PlayableAD/Cocos/TheW/20260615_HYQ/HYQ_Project/assets/Script/functionS/Other/ArmsUp.ts from cce:/internal/x/prerequisite-imports as file:///D:/%E5%B7%A5%E7%A8%8B%E9%A1%B9%E7%9B%AE/PlayableAD/Cocos/TheW/20260615_HYQ/HYQ_Project/assets/Script/functionS/Other/ArmsUp.ts.
17:21:20.321 debug: Resolve file:///D:/%E5%B7%A5%E7%A8%8B%E9%A1%B9%E7%9B%AE/PlayableAD/Cocos/TheW/20260615_HYQ/HYQ_Project/assets/Script/functionS/Other/CreatePropBrand.ts from cce:/internal/x/prerequisite-imports as file:///D:/%E5%B7%A5%E7%A8%8B%E9%A1%B9%E7%9B%AE/PlayableAD/Cocos/TheW/20260615_HYQ/HYQ_Project/assets/Script/functionS/Other/CreatePropBrand.ts.
17:21:20.321 debug: Resolve file:///D:/%E5%B7%A5%E7%A8%8B%E9%A1%B9%E7%9B%AE/PlayableAD/Cocos/TheW/20260615_HYQ/HYQ_Project/assets/Script/functionS/Other/PropArms.ts from cce:/internal/x/prerequisite-imports as file:///D:/%E5%B7%A5%E7%A8%8B%E9%A1%B9%E7%9B%AE/PlayableAD/Cocos/TheW/20260615_HYQ/HYQ_Project/assets/Script/functionS/Other/PropArms.ts.
17:21:20.322 debug: Detected change: file:///D:/%E5%B7%A5%E7%A8%8B%E9%A1%B9%E7%9B%AE/PlayableAD/Cocos/TheW/20260615_HYQ/HYQ_Project/assets/Script/functionS/Other/PropArms.ts. Last mtime: Wed Jun 24 2026 16:58:36 GMT+0800 (中国标准时间)@4c579f82-105c-430a-bfd7-23b68345d492, Current mtime: Wed Jun 24 2026 17:18:47 GMT+0800 (中国标准时间)@4c579f82-105c-430a-bfd7-23b68345d492
17:21:20.322 debug: Inspect file:///D:/%E5%B7%A5%E7%A8%8B%E9%A1%B9%E7%9B%AE/PlayableAD/Cocos/TheW/20260615_HYQ/HYQ_Project/assets/Script/functionS/Other/PropArms.ts
17:21:21.191 debug: transform url: 'file:///D:/%E5%B7%A5%E7%A8%8B%E9%A1%B9%E7%9B%AE/PlayableAD/Cocos/TheW/20260615_HYQ/HYQ_Project/assets/Script/functionS/Other/PropArms.ts' costs: 869.40 ms
17:21:21.200 debug: Resolve file:///D:/%E5%B7%A5%E7%A8%8B%E9%A1%B9%E7%9B%AE/PlayableAD/Cocos/TheW/20260615_HYQ/HYQ_Project/assets/Script/functionS/Other/PropBrand.ts from cce:/internal/x/prerequisite-imports as file:///D:/%E5%B7%A5%E7%A8%8B%E9%A1%B9%E7%9B%AE/PlayableAD/Cocos/TheW/20260615_HYQ/HYQ_Project/assets/Script/functionS/Other/PropBrand.ts.
17:21:21.200 debug: Resolve file:///D:/%E5%B7%A5%E7%A8%8B%E9%A1%B9%E7%9B%AE/PlayableAD/Cocos/TheW/20260615_HYQ/HYQ_Project/assets/Script/functionS/Other/PropLalianGate.ts from cce:/internal/x/prerequisite-imports as file:///D:/%E5%B7%A5%E7%A8%8B%E9%A1%B9%E7%9B%AE/PlayableAD/Cocos/TheW/20260615_HYQ/HYQ_Project/assets/Script/functionS/Other/PropLalianGate.ts.
17:21:21.201 debug: Resolve file:///D:/%E5%B7%A5%E7%A8%8B%E9%A1%B9%E7%9B%AE/PlayableAD/Cocos/TheW/20260615_HYQ/HYQ_Project/assets/Script/functionS/Other/PropTireGate.ts from cce:/internal/x/prerequisite-imports as file:///D:/%E5%B7%A5%E7%A8%8B%E9%A1%B9%E7%9B%AE/PlayableAD/Cocos/TheW/20260615_HYQ/HYQ_Project/assets/Script/functionS/Other/PropTireGate.ts.
17:21:21.202 debug: Resolve file:///D:/%E5%B7%A5%E7%A8%8B%E9%A1%B9%E7%9B%AE/PlayableAD/Cocos/TheW/20260615_HYQ/HYQ_Project/assets/Script/functionS/Player/Player.ts from cce:/internal/x/prerequisite-imports as file:///D:/%E5%B7%A5%E7%A8%8B%E9%A1%B9%E7%9B%AE/PlayableAD/Cocos/TheW/20260615_HYQ/HYQ_Project/assets/Script/functionS/Player/Player.ts.
17:21:21.203 debug: Resolve file:///D:/%E5%B7%A5%E7%A8%8B%E9%A1%B9%E7%9B%AE/PlayableAD/Cocos/TheW/20260615_HYQ/HYQ_Project/assets/Script/functionS/Player/Role.ts from cce:/internal/x/prerequisite-imports as file:///D:/%E5%B7%A5%E7%A8%8B%E9%A1%B9%E7%9B%AE/PlayableAD/Cocos/TheW/20260615_HYQ/HYQ_Project/assets/Script/functionS/Player/Role.ts.
17:21:21.203 debug: Resolve file:///D:/%E5%B7%A5%E7%A8%8B%E9%A1%B9%E7%9B%AE/PlayableAD/Cocos/TheW/20260615_HYQ/HYQ_Project/assets/Script/functionS/Rocker/RockerLogic.ts from cce:/internal/x/prerequisite-imports as file:///D:/%E5%B7%A5%E7%A8%8B%E9%A1%B9%E7%9B%AE/PlayableAD/Cocos/TheW/20260615_HYQ/HYQ_Project/assets/Script/functionS/Rocker/RockerLogic.ts.
17:21:21.204 debug: Resolve file:///D:/%E5%B7%A5%E7%A8%8B%E9%A1%B9%E7%9B%AE/PlayableAD/Cocos/TheW/20260615_HYQ/HYQ_Project/assets/Script/functionS/Rocker/RockerManager.ts from cce:/internal/x/prerequisite-imports as file:///D:/%E5%B7%A5%E7%A8%8B%E9%A1%B9%E7%9B%AE/PlayableAD/Cocos/TheW/20260615_HYQ/HYQ_Project/assets/Script/functionS/Rocker/RockerManager.ts.
17:21:21.204 debug: Resolve file:///D:/%E5%B7%A5%E7%A8%8B%E9%A1%B9%E7%9B%AE/PlayableAD/Cocos/TheW/20260615_HYQ/HYQ_Project/assets/Script/functionS/Rocker/RockerMouseEvent.ts from cce:/internal/x/prerequisite-imports as file:///D:/%E5%B7%A5%E7%A8%8B%E9%A1%B9%E7%9B%AE/PlayableAD/Cocos/TheW/20260615_HYQ/HYQ_Project/assets/Script/functionS/Rocker/RockerMouseEvent.ts.
17:21:21.205 debug: Resolve file:///D:/%E5%B7%A5%E7%A8%8B%E9%A1%B9%E7%9B%AE/PlayableAD/Cocos/TheW/20260615_HYQ/HYQ_Project/assets/Script/functionS/Rocker/RockerUI.ts from cce:/internal/x/prerequisite-imports as file:///D:/%E5%B7%A5%E7%A8%8B%E9%A1%B9%E7%9B%AE/PlayableAD/Cocos/TheW/20260615_HYQ/HYQ_Project/assets/Script/functionS/Rocker/RockerUI.ts.
17:21:21.206 debug: Resolve file:///D:/%E5%B7%A5%E7%A8%8B%E9%A1%B9%E7%9B%AE/PlayableAD/Cocos/TheW/20260615_HYQ/HYQ_Project/assets/Script/functionS/ShoppIng/Buy/BuyWay2D.ts from cce:/internal/x/prerequisite-imports as file:///D:/%E5%B7%A5%E7%A8%8B%E9%A1%B9%E7%9B%AE/PlayableAD/Cocos/TheW/20260615_HYQ/HYQ_Project/assets/Script/functionS/ShoppIng/Buy/BuyWay2D.ts.
17:21:21.207 debug: Resolve file:///D:/%E5%B7%A5%E7%A8%8B%E9%A1%B9%E7%9B%AE/PlayableAD/Cocos/TheW/20260615_HYQ/HYQ_Project/assets/Script/functionS/ShoppIng/Buy/BuyWay3D.ts from cce:/internal/x/prerequisite-imports as file:///D:/%E5%B7%A5%E7%A8%8B%E9%A1%B9%E7%9B%AE/PlayableAD/Cocos/TheW/20260615_HYQ/HYQ_Project/assets/Script/functionS/ShoppIng/Buy/BuyWay3D.ts.
17:21:21.208 debug: Resolve file:///D:/%E5%B7%A5%E7%A8%8B%E9%A1%B9%E7%9B%AE/PlayableAD/Cocos/TheW/20260615_HYQ/HYQ_Project/assets/Script/functionS/ShoppIng/Buy/BuyWayBase.ts from cce:/internal/x/prerequisite-imports as file:///D:/%E5%B7%A5%E7%A8%8B%E9%A1%B9%E7%9B%AE/PlayableAD/Cocos/TheW/20260615_HYQ/HYQ_Project/assets/Script/functionS/ShoppIng/Buy/BuyWayBase.ts.
17:21:21.208 debug: Resolve file:///D:/%E5%B7%A5%E7%A8%8B%E9%A1%B9%E7%9B%AE/PlayableAD/Cocos/TheW/20260615_HYQ/HYQ_Project/assets/Script/functionS/ShoppIng/ShoppIngEvent.ts from cce:/internal/x/prerequisite-imports as file:///D:/%E5%B7%A5%E7%A8%8B%E9%A1%B9%E7%9B%AE/PlayableAD/Cocos/TheW/20260615_HYQ/HYQ_Project/assets/Script/functionS/ShoppIng/ShoppIngEvent.ts.
17:21:21.209 debug: Resolve file:///D:/%E5%B7%A5%E7%A8%8B%E9%A1%B9%E7%9B%AE/PlayableAD/Cocos/TheW/20260615_HYQ/HYQ_Project/assets/Script/functionS/ShoppIng/Shopping.ts from cce:/internal/x/prerequisite-imports as file:///D:/%E5%B7%A5%E7%A8%8B%E9%A1%B9%E7%9B%AE/PlayableAD/Cocos/TheW/20260615_HYQ/HYQ_Project/assets/Script/functionS/ShoppIng/Shopping.ts.
17:21:21.210 debug: Resolve file:///D:/%E5%B7%A5%E7%A8%8B%E9%A1%B9%E7%9B%AE/PlayableAD/Cocos/TheW/20260615_HYQ/HYQ_Project/assets/Script/functionS/ShoppIng/Shopping_Super.ts from cce:/internal/x/prerequisite-imports as file:///D:/%E5%B7%A5%E7%A8%8B%E9%A1%B9%E7%9B%AE/PlayableAD/Cocos/TheW/20260615_HYQ/HYQ_Project/assets/Script/functionS/ShoppIng/Shopping_Super.ts.
17:21:21.210 debug: Resolve file:///D:/%E5%B7%A5%E7%A8%8B%E9%A1%B9%E7%9B%AE/PlayableAD/Cocos/TheW/20260615_HYQ/HYQ_Project/assets/Script/functionS/SkAnim/FbxManager.ts from cce:/internal/x/prerequisite-imports as file:///D:/%E5%B7%A5%E7%A8%8B%E9%A1%B9%E7%9B%AE/PlayableAD/Cocos/TheW/20260615_HYQ/HYQ_Project/assets/Script/functionS/SkAnim/FbxManager.ts.
17:21:21.211 debug: Resolve file:///D:/%E5%B7%A5%E7%A8%8B%E9%A1%B9%E7%9B%AE/PlayableAD/Cocos/TheW/20260615_HYQ/HYQ_Project/assets/Script/functionS/SkAnim/SequenceFrameAnim/FrameAnimManager.ts from cce:/internal/x/prerequisite-imports as file:///D:/%E5%B7%A5%E7%A8%8B%E9%A1%B9%E7%9B%AE/PlayableAD/Cocos/TheW/20260615_HYQ/HYQ_Project/assets/Script/functionS/SkAnim/SequenceFrameAnim/FrameAnimManager.ts.
17:21:21.212 debug: Resolve file:///D:/%E5%B7%A5%E7%A8%8B%E9%A1%B9%E7%9B%AE/PlayableAD/Cocos/TheW/20260615_HYQ/HYQ_Project/assets/Script/functionS/SkAnim/SequenceFrameAnim/FrameManager.ts from cce:/internal/x/prerequisite-imports as file:///D:/%E5%B7%A5%E7%A8%8B%E9%A1%B9%E7%9B%AE/PlayableAD/Cocos/TheW/20260615_HYQ/HYQ_Project/assets/Script/functionS/SkAnim/SequenceFrameAnim/FrameManager.ts.
17:21:21.213 debug: Resolve file:///D:/%E5%B7%A5%E7%A8%8B%E9%A1%B9%E7%9B%AE/PlayableAD/Cocos/TheW/20260615_HYQ/HYQ_Project/assets/Script/functionS/UI/GameOver/GameOverPanel.ts from cce:/internal/x/prerequisite-imports as file:///D:/%E5%B7%A5%E7%A8%8B%E9%A1%B9%E7%9B%AE/PlayableAD/Cocos/TheW/20260615_HYQ/HYQ_Project/assets/Script/functionS/UI/GameOver/GameOverPanel.ts.
17:21:21.214 debug: Resolve file:///D:/%E5%B7%A5%E7%A8%8B%E9%A1%B9%E7%9B%AE/PlayableAD/Cocos/TheW/20260615_HYQ/HYQ_Project/assets/Script/functionS/UI/GameOver/UIButtonEvent.ts from cce:/internal/x/prerequisite-imports as file:///D:/%E5%B7%A5%E7%A8%8B%E9%A1%B9%E7%9B%AE/PlayableAD/Cocos/TheW/20260615_HYQ/HYQ_Project/assets/Script/functionS/UI/GameOver/UIButtonEvent.ts.
17:21:21.215 debug: Resolve file:///D:/%E5%B7%A5%E7%A8%8B%E9%A1%B9%E7%9B%AE/PlayableAD/Cocos/TheW/20260615_HYQ/HYQ_Project/extensions/super-packager/package_assets/Common/SuperPackage.ts from cce:/internal/x/prerequisite-imports as file:///D:/%E5%B7%A5%E7%A8%8B%E9%A1%B9%E7%9B%AE/PlayableAD/Cocos/TheW/20260615_HYQ/HYQ_Project/extensions/super-packager/package_assets/Common/SuperPackage.ts.
17:21:21.216 debug: Resolve file:///D:/%E5%B7%A5%E7%A8%8B%E9%A1%B9%E7%9B%AE/PlayableAD/Cocos/TheW/20260615_HYQ/HYQ_Project/extensions/super-packager/package_assets/Common/super_html_playable.ts from cce:/internal/x/prerequisite-imports as file:///D:/%E5%B7%A5%E7%A8%8B%E9%A1%B9%E7%9B%AE/PlayableAD/Cocos/TheW/20260615_HYQ/HYQ_Project/extensions/super-packager/package_assets/Common/super_html_playable.ts.
17:21:21.217 debug: Resolve file:///D:/%E5%B7%A5%E7%A8%8B%E9%A1%B9%E7%9B%AE/PlayableAD/Cocos/TheW/20260615_HYQ/HYQ_Project/extensions/super-packager/package_assets/JiangYv/PBASDK-v3/PBASDK.ts from cce:/internal/x/prerequisite-imports as file:///D:/%E5%B7%A5%E7%A8%8B%E9%A1%B9%E7%9B%AE/PlayableAD/Cocos/TheW/20260615_HYQ/HYQ_Project/extensions/super-packager/package_assets/JiangYv/PBASDK-v3/PBASDK.ts.
17:21:21.218 debug: Resolve file:///D:/%E5%B7%A5%E7%A8%8B%E9%A1%B9%E7%9B%AE/PlayableAD/Cocos/TheW/20260615_HYQ/HYQ_Project/extensions/super-packager/package_assets/JiangYv/PBASDK-v3/PLASDK.ts from cce:/internal/x/prerequisite-imports as file:///D:/%E5%B7%A5%E7%A8%8B%E9%A1%B9%E7%9B%AE/PlayableAD/Cocos/TheW/20260615_HYQ/HYQ_Project/extensions/super-packager/package_assets/JiangYv/PBASDK-v3/PLASDK.ts.
17:21:21.219 debug: Resolve file:///D:/%E5%B7%A5%E7%A8%8B%E9%A1%B9%E7%9B%AE/PlayableAD/Cocos/TheW/20260615_HYQ/HYQ_Project/extensions/super-packager/package_assets/JiangYv/PBASDK-v3/PrintComponent.ts from cce:/internal/x/prerequisite-imports as file:///D:/%E5%B7%A5%E7%A8%8B%E9%A1%B9%E7%9B%AE/PlayableAD/Cocos/TheW/20260615_HYQ/HYQ_Project/extensions/super-packager/package_assets/JiangYv/PBASDK-v3/PrintComponent.ts.
17:21:21.220 debug: Resolve file:///D:/%E5%B7%A5%E7%A8%8B%E9%A1%B9%E7%9B%AE/PlayableAD/Cocos/TheW/20260615_HYQ/HYQ_Project/extensions/super-packager/package_assets/JiangYv/PBASDK-v3/StutterCheck.ts from cce:/internal/x/prerequisite-imports as file:///D:/%E5%B7%A5%E7%A8%8B%E9%A1%B9%E7%9B%AE/PlayableAD/Cocos/TheW/20260615_HYQ/HYQ_Project/extensions/super-packager/package_assets/JiangYv/PBASDK-v3/StutterCheck.ts.
17:21:21.221 debug: Resolve file:///D:/%E5%B7%A5%E7%A8%8B%E9%A1%B9%E7%9B%AE/PlayableAD/Cocos/TheW/20260615_HYQ/HYQ_Project/extensions/super-packager/package_assets/JiangYv/PBASDK-v3/super_html_playable.ts from cce:/internal/x/prerequisite-imports as file:///D:/%E5%B7%A5%E7%A8%8B%E9%A1%B9%E7%9B%AE/PlayableAD/Cocos/TheW/20260615_HYQ/HYQ_Project/extensions/super-packager/package_assets/JiangYv/PBASDK-v3/super_html_playable.ts.
17:21:21.222 debug: Resolve file:///D:/%E5%B7%A5%E7%A8%8B%E9%A1%B9%E7%9B%AE/PlayableAD/Cocos/TheW/20260615_HYQ/HYQ_Project/extensions/super-packager/package_assets/JiangYv/SuperPackageJY.ts from cce:/internal/x/prerequisite-imports as file:///D:/%E5%B7%A5%E7%A8%8B%E9%A1%B9%E7%9B%AE/PlayableAD/Cocos/TheW/20260615_HYQ/HYQ_Project/extensions/super-packager/package_assets/JiangYv/SuperPackageJY.ts.
17:21:21.223 debug: Resolve cce:/internal/code-quality/cr.mjs from file:///D:/%E5%B7%A5%E7%A8%8B%E9%A1%B9%E7%9B%AE/PlayableAD/Cocos/TheW/20260615_HYQ/HYQ_Project/assets/Script/functionS/Other/PropArms.ts as cce:/internal/code-quality/cr.mjs.
17:21:21.223 debug: Resolve cc from file:///D:/%E5%B7%A5%E7%A8%8B%E9%A1%B9%E7%9B%AE/PlayableAD/Cocos/TheW/20260615_HYQ/HYQ_Project/assets/Script/functionS/Other/PropArms.ts as cce:/internal/x/cc.
17:21:21.223 debug: Resolve cc from file:///D:/%E5%B7%A5%E7%A8%8B%E9%A1%B9%E7%9B%AE/PlayableAD/Cocos/TheW/20260615_HYQ/HYQ_Project/assets/Script/functionS/Other/PropArms.ts as cce:/internal/x/cc.
17:21:21.223 debug: Resolve cc from file:///D:/%E5%B7%A5%E7%A8%8B%E9%A1%B9%E7%9B%AE/PlayableAD/Cocos/TheW/20260615_HYQ/HYQ_Project/assets/Script/functionS/Other/PropArms.ts as cce:/internal/x/cc.
17:21:21.224 debug: Resolve ../Battle/BattleTarger/BattleTarget3D from file:///D:/%E5%B7%A5%E7%A8%8B%E9%A1%B9%E7%9B%AE/PlayableAD/Cocos/TheW/20260615_HYQ/HYQ_Project/assets/Script/functionS/Other/PropArms.ts as file:///D:/%E5%B7%A5%E7%A8%8B%E9%A1%B9%E7%9B%AE/PlayableAD/Cocos/TheW/20260615_HYQ/HYQ_Project/assets/Script/functionS/Battle/BattleTarger/BattleTarget3D.ts.
17:21:21.228 debug: Resolve ../Battle/BulletMonsterCollisionManager from file:///D:/%E5%B7%A5%E7%A8%8B%E9%A1%B9%E7%9B%AE/PlayableAD/Cocos/TheW/20260615_HYQ/HYQ_Project/assets/Script/functionS/Other/PropArms.ts as file:///D:/%E5%B7%A5%E7%A8%8B%E9%A1%B9%E7%9B%AE/PlayableAD/Cocos/TheW/20260615_HYQ/HYQ_Project/assets/Script/functionS/Battle/BulletMonsterCollisionManager.ts.
17:21:21.229 debug: Resolve ../../Base/PoolManager from file:///D:/%E5%B7%A5%E7%A8%8B%E9%A1%B9%E7%9B%AE/PlayableAD/Cocos/TheW/20260615_HYQ/HYQ_Project/assets/Script/functionS/Other/PropArms.ts as file:///D:/%E5%B7%A5%E7%A8%8B%E9%A1%B9%E7%9B%AE/PlayableAD/Cocos/TheW/20260615_HYQ/HYQ_Project/assets/Script/Base/PoolManager.ts.
17:21:21.230 debug: Resolve ../../Base/EnumList from file:///D:/%E5%B7%A5%E7%A8%8B%E9%A1%B9%E7%9B%AE/PlayableAD/Cocos/TheW/20260615_HYQ/HYQ_Project/assets/Script/functionS/Other/PropArms.ts as file:///D:/%E5%B7%A5%E7%A8%8B%E9%A1%B9%E7%9B%AE/PlayableAD/Cocos/TheW/20260615_HYQ/HYQ_Project/assets/Script/Base/EnumList.ts.
17:21:21.231 debug: Resolve ../../Base/PrefabsManager from file:///D:/%E5%B7%A5%E7%A8%8B%E9%A1%B9%E7%9B%AE/PlayableAD/Cocos/TheW/20260615_HYQ/HYQ_Project/assets/Script/functionS/Other/PropArms.ts as file:///D:/%E5%B7%A5%E7%A8%8B%E9%A1%B9%E7%9B%AE/PlayableAD/Cocos/TheW/20260615_HYQ/HYQ_Project/assets/Script/Base/PrefabsManager.ts.
17:21:21.232 debug: Resolve ../../Tool/TweenTool from file:///D:/%E5%B7%A5%E7%A8%8B%E9%A1%B9%E7%9B%AE/PlayableAD/Cocos/TheW/20260615_HYQ/HYQ_Project/assets/Script/functionS/Other/PropArms.ts as file:///D:/%E5%B7%A5%E7%A8%8B%E9%A1%B9%E7%9B%AE/PlayableAD/Cocos/TheW/20260615_HYQ/HYQ_Project/assets/Script/Tool/TweenTool.ts.
17:21:21.232 debug: Resolve ../../Base/EventManager from file:///D:/%E5%B7%A5%E7%A8%8B%E9%A1%B9%E7%9B%AE/PlayableAD/Cocos/TheW/20260615_HYQ/HYQ_Project/assets/Script/functionS/Other/PropArms.ts as file:///D:/%E5%B7%A5%E7%A8%8B%E9%A1%B9%E7%9B%AE/PlayableAD/Cocos/TheW/20260615_HYQ/HYQ_Project/assets/Script/Base/EventManager.ts.
17:21:21.233 debug: Resolve ../Battle/Battle3D/AttackParkPlay from file:///D:/%E5%B7%A5%E7%A8%8B%E9%A1%B9%E7%9B%AE/PlayableAD/Cocos/TheW/20260615_HYQ/HYQ_Project/assets/Script/functionS/Other/PropArms.ts as file:///D:/%E5%B7%A5%E7%A8%8B%E9%A1%B9%E7%9B%AE/PlayableAD/Cocos/TheW/20260615_HYQ/HYQ_Project/assets/Script/functionS/Battle/Battle3D/AttackParkPlay.ts.
17:21:21.233 debug: Resolve ../Battle/Base/FlashRedManager from file:///D:/%E5%B7%A5%E7%A8%8B%E9%A1%B9%E7%9B%AE/PlayableAD/Cocos/TheW/20260615_HYQ/HYQ_Project/assets/Script/functionS/Other/PropArms.ts as file:///D:/%E5%B7%A5%E7%A8%8B%E9%A1%B9%E7%9B%AE/PlayableAD/Cocos/TheW/20260615_HYQ/HYQ_Project/assets/Script/functionS/Battle/Base/FlashRedManager.ts.
17:21:21.234 debug: Resolve ../../Base/AudioManager from file:///D:/%E5%B7%A5%E7%A8%8B%E9%A1%B9%E7%9B%AE/PlayableAD/Cocos/TheW/20260615_HYQ/HYQ_Project/assets/Script/functionS/Other/PropArms.ts as file:///D:/%E5%B7%A5%E7%A8%8B%E9%A1%B9%E7%9B%AE/PlayableAD/Cocos/TheW/20260615_HYQ/HYQ_Project/assets/Script/Base/AudioManager.ts.
17:21:21.235 debug: Resolve ../SkAnim/FbxManager from file:///D:/%E5%B7%A5%E7%A8%8B%E9%A1%B9%E7%9B%AE/PlayableAD/Cocos/TheW/20260615_HYQ/HYQ_Project/assets/Script/functionS/Other/PropArms.ts as file:///D:/%E5%B7%A5%E7%A8%8B%E9%A1%B9%E7%9B%AE/PlayableAD/Cocos/TheW/20260615_HYQ/HYQ_Project/assets/Script/functionS/SkAnim/FbxManager.ts.
17:21:21.236 debug: Resolve ../../Base/CameraMove from file:///D:/%E5%B7%A5%E7%A8%8B%E9%A1%B9%E7%9B%AE/PlayableAD/Cocos/TheW/20260615_HYQ/HYQ_Project/assets/Script/functionS/Other/PropArms.ts as file:///D:/%E5%B7%A5%E7%A8%8B%E9%A1%B9%E7%9B%AE/PlayableAD/Cocos/TheW/20260615_HYQ/HYQ_Project/assets/Script/Base/CameraMove.ts.
17:21:21.237 debug: Resolve ../Monster/MonsterCreate from file:///D:/%E5%B7%A5%E7%A8%8B%E9%A1%B9%E7%9B%AE/PlayableAD/Cocos/TheW/20260615_HYQ/HYQ_Project/assets/Script/functionS/Other/PropArms.ts as file:///D:/%E5%B7%A5%E7%A8%8B%E9%A1%B9%E7%9B%AE/PlayableAD/Cocos/TheW/20260615_HYQ/HYQ_Project/assets/Script/functionS/Monster/MonsterCreate.ts.
17:21:21.322 debug: Target(preview) ends with cost 1134.7872999999672ms.
17:31:46.885 debug: Dispatch build request for time accumulated 1 asset changes.
17:31:46.889 debug: Build iteration starts.
Number of accumulated asset changes: 1
Feature changed: false
17:31:46.890 debug: Target(editor) build started.
17:31:46.894 debug: Detected change: cce:/internal/x/prerequisite-imports. Last mtime: Thu Jan 01 1970 08:15:27 GMT+0800 (中国标准时间), Current mtime: Thu Jan 01 1970 08:25:54 GMT+0800 (中国标准时间)
17:31:46.894 debug: Inspect cce:/internal/x/prerequisite-imports
17:31:46.958 debug: transform url: 'cce:/internal/x/prerequisite-imports' costs: 63.50 ms
17:31:46.961 debug: Resolve file:///C:/ProgramData/cocos/editors/Creator/3.8.7/resources/resources/3d/engine/editor/assets/default_renderpipeline/builtin-dof-pass.ts from cce:/internal/x/prerequisite-imports as file:///C:/ProgramData/cocos/editors/Creator/3.8.7/resources/resources/3d/engine/editor/assets/default_renderpipeline/builtin-dof-pass.ts.
17:31:46.963 debug: Resolve file:///C:/ProgramData/cocos/editors/Creator/3.8.7/resources/resources/3d/engine/editor/assets/default_renderpipeline/builtin-pipeline-pass.ts from cce:/internal/x/prerequisite-imports as file:///C:/ProgramData/cocos/editors/Creator/3.8.7/resources/resources/3d/engine/editor/assets/default_renderpipeline/builtin-pipeline-pass.ts.
17:31:46.964 debug: Resolve file:///C:/ProgramData/cocos/editors/Creator/3.8.7/resources/resources/3d/engine/editor/assets/default_renderpipeline/builtin-pipeline-settings.ts from cce:/internal/x/prerequisite-imports as file:///C:/ProgramData/cocos/editors/Creator/3.8.7/resources/resources/3d/engine/editor/assets/default_renderpipeline/builtin-pipeline-settings.ts.
17:31:46.965 debug: Resolve file:///C:/ProgramData/cocos/editors/Creator/3.8.7/resources/resources/3d/engine/editor/assets/default_renderpipeline/builtin-pipeline-types.ts from cce:/internal/x/prerequisite-imports as file:///C:/ProgramData/cocos/editors/Creator/3.8.7/resources/resources/3d/engine/editor/assets/default_renderpipeline/builtin-pipeline-types.ts.
17:31:46.966 debug: Resolve file:///C:/ProgramData/cocos/editors/Creator/3.8.7/resources/resources/3d/engine/editor/assets/default_renderpipeline/builtin-pipeline.ts from cce:/internal/x/prerequisite-imports as file:///C:/ProgramData/cocos/editors/Creator/3.8.7/resources/resources/3d/engine/editor/assets/default_renderpipeline/builtin-pipeline.ts.
17:31:46.966 debug: Resolve file:///C:/ProgramData/cocos/editors/Creator/3.8.7/resources/resources/3d/engine/editor/assets/tools/debug-view-runtime-control.ts from cce:/internal/x/prerequisite-imports as file:///C:/ProgramData/cocos/editors/Creator/3.8.7/resources/resources/3d/engine/editor/assets/tools/debug-view-runtime-control.ts.
17:31:46.967 debug: Resolve file:///D:/%E5%B7%A5%E7%A8%8B%E9%A1%B9%E7%9B%AE/PlayableAD/Cocos/TheW/20260615_HYQ/HYQ_Project/assets/GameRes/1219/Scene/Eff/light/Lightning.ts from cce:/internal/x/prerequisite-imports as file:///D:/%E5%B7%A5%E7%A8%8B%E9%A1%B9%E7%9B%AE/PlayableAD/Cocos/TheW/20260615_HYQ/HYQ_Project/assets/GameRes/1219/Scene/Eff/light/Lightning.ts.
17:31:46.968 debug: Resolve file:///D:/%E5%B7%A5%E7%A8%8B%E9%A1%B9%E7%9B%AE/PlayableAD/Cocos/TheW/20260615_HYQ/HYQ_Project/assets/Script/Base/AudioManager.ts from cce:/internal/x/prerequisite-imports as file:///D:/%E5%B7%A5%E7%A8%8B%E9%A1%B9%E7%9B%AE/PlayableAD/Cocos/TheW/20260615_HYQ/HYQ_Project/assets/Script/Base/AudioManager.ts.
17:31:46.968 debug: Resolve file:///D:/%E5%B7%A5%E7%A8%8B%E9%A1%B9%E7%9B%AE/PlayableAD/Cocos/TheW/20260615_HYQ/HYQ_Project/assets/Script/Base/CameraMove.ts from cce:/internal/x/prerequisite-imports as file:///D:/%E5%B7%A5%E7%A8%8B%E9%A1%B9%E7%9B%AE/PlayableAD/Cocos/TheW/20260615_HYQ/HYQ_Project/assets/Script/Base/CameraMove.ts.
17:31:46.969 debug: Resolve file:///D:/%E5%B7%A5%E7%A8%8B%E9%A1%B9%E7%9B%AE/PlayableAD/Cocos/TheW/20260615_HYQ/HYQ_Project/assets/Script/Base/EnumList.ts from cce:/internal/x/prerequisite-imports as file:///D:/%E5%B7%A5%E7%A8%8B%E9%A1%B9%E7%9B%AE/PlayableAD/Cocos/TheW/20260615_HYQ/HYQ_Project/assets/Script/Base/EnumList.ts.
17:31:46.969 debug: Resolve file:///D:/%E5%B7%A5%E7%A8%8B%E9%A1%B9%E7%9B%AE/PlayableAD/Cocos/TheW/20260615_HYQ/HYQ_Project/assets/Script/Base/EventManager.ts from cce:/internal/x/prerequisite-imports as file:///D:/%E5%B7%A5%E7%A8%8B%E9%A1%B9%E7%9B%AE/PlayableAD/Cocos/TheW/20260615_HYQ/HYQ_Project/assets/Script/Base/EventManager.ts.
17:31:46.970 debug: Resolve file:///D:/%E5%B7%A5%E7%A8%8B%E9%A1%B9%E7%9B%AE/PlayableAD/Cocos/TheW/20260615_HYQ/HYQ_Project/assets/Script/Base/LayerManager.ts from cce:/internal/x/prerequisite-imports as file:///D:/%E5%B7%A5%E7%A8%8B%E9%A1%B9%E7%9B%AE/PlayableAD/Cocos/TheW/20260615_HYQ/HYQ_Project/assets/Script/Base/LayerManager.ts.
17:31:46.971 debug: Resolve file:///D:/%E5%B7%A5%E7%A8%8B%E9%A1%B9%E7%9B%AE/PlayableAD/Cocos/TheW/20260615_HYQ/HYQ_Project/assets/Script/Base/MoveRot/MoveDrive.ts from cce:/internal/x/prerequisite-imports as file:///D:/%E5%B7%A5%E7%A8%8B%E9%A1%B9%E7%9B%AE/PlayableAD/Cocos/TheW/20260615_HYQ/HYQ_Project/assets/Script/Base/MoveRot/MoveDrive.ts.
17:31:46.971 debug: Resolve file:///D:/%E5%B7%A5%E7%A8%8B%E9%A1%B9%E7%9B%AE/PlayableAD/Cocos/TheW/20260615_HYQ/HYQ_Project/assets/Script/Base/MoveRot/RotationDrive.ts from cce:/internal/x/prerequisite-imports as file:///D:/%E5%B7%A5%E7%A8%8B%E9%A1%B9%E7%9B%AE/PlayableAD/Cocos/TheW/20260615_HYQ/HYQ_Project/assets/Script/Base/MoveRot/RotationDrive.ts.
17:31:46.972 debug: Resolve file:///D:/%E5%B7%A5%E7%A8%8B%E9%A1%B9%E7%9B%AE/PlayableAD/Cocos/TheW/20260615_HYQ/HYQ_Project/assets/Script/Base/MoveRot/RotationVector.ts from cce:/internal/x/prerequisite-imports as file:///D:/%E5%B7%A5%E7%A8%8B%E9%A1%B9%E7%9B%AE/PlayableAD/Cocos/TheW/20260615_HYQ/HYQ_Project/assets/Script/Base/MoveRot/RotationVector.ts.
17:31:46.973 debug: Resolve file:///D:/%E5%B7%A5%E7%A8%8B%E9%A1%B9%E7%9B%AE/PlayableAD/Cocos/TheW/20260615_HYQ/HYQ_Project/assets/Script/Base/PoolManager.ts from cce:/internal/x/prerequisite-imports as file:///D:/%E5%B7%A5%E7%A8%8B%E9%A1%B9%E7%9B%AE/PlayableAD/Cocos/TheW/20260615_HYQ/HYQ_Project/assets/Script/Base/PoolManager.ts.
17:31:46.974 debug: Resolve file:///D:/%E5%B7%A5%E7%A8%8B%E9%A1%B9%E7%9B%AE/PlayableAD/Cocos/TheW/20260615_HYQ/HYQ_Project/assets/Script/Base/PrefabsManager.ts from cce:/internal/x/prerequisite-imports as file:///D:/%E5%B7%A5%E7%A8%8B%E9%A1%B9%E7%9B%AE/PlayableAD/Cocos/TheW/20260615_HYQ/HYQ_Project/assets/Script/Base/PrefabsManager.ts.
17:31:46.974 debug: Resolve file:///D:/%E5%B7%A5%E7%A8%8B%E9%A1%B9%E7%9B%AE/PlayableAD/Cocos/TheW/20260615_HYQ/HYQ_Project/assets/Script/Base/Singleton.ts from cce:/internal/x/prerequisite-imports as file:///D:/%E5%B7%A5%E7%A8%8B%E9%A1%B9%E7%9B%AE/PlayableAD/Cocos/TheW/20260615_HYQ/HYQ_Project/assets/Script/Base/Singleton.ts.
17:31:46.975 debug: Resolve file:///D:/%E5%B7%A5%E7%A8%8B%E9%A1%B9%E7%9B%AE/PlayableAD/Cocos/TheW/20260615_HYQ/HYQ_Project/assets/Script/Base/TextAdaptation/DownLoadL8.ts from cce:/internal/x/prerequisite-imports as file:///D:/%E5%B7%A5%E7%A8%8B%E9%A1%B9%E7%9B%AE/PlayableAD/Cocos/TheW/20260615_HYQ/HYQ_Project/assets/Script/Base/TextAdaptation/DownLoadL8.ts.
17:31:46.976 debug: Resolve file:///D:/%E5%B7%A5%E7%A8%8B%E9%A1%B9%E7%9B%AE/PlayableAD/Cocos/TheW/20260615_HYQ/HYQ_Project/assets/Script/Base/TextAdaptation/DragAndMoveL8.ts from cce:/internal/x/prerequisite-imports as file:///D:/%E5%B7%A5%E7%A8%8B%E9%A1%B9%E7%9B%AE/PlayableAD/Cocos/TheW/20260615_HYQ/HYQ_Project/assets/Script/Base/TextAdaptation/DragAndMoveL8.ts.
17:31:46.977 debug: Resolve file:///D:/%E5%B7%A5%E7%A8%8B%E9%A1%B9%E7%9B%AE/PlayableAD/Cocos/TheW/20260615_HYQ/HYQ_Project/assets/Script/Base/TextAdaptation/L18Manager.ts from cce:/internal/x/prerequisite-imports as file:///D:/%E5%B7%A5%E7%A8%8B%E9%A1%B9%E7%9B%AE/PlayableAD/Cocos/TheW/20260615_HYQ/HYQ_Project/assets/Script/Base/TextAdaptation/L18Manager.ts.
17:31:46.978 debug: Resolve file:///D:/%E5%B7%A5%E7%A8%8B%E9%A1%B9%E7%9B%AE/PlayableAD/Cocos/TheW/20260615_HYQ/HYQ_Project/assets/Script/Base/TextAdaptation/LangArrAuto.ts from cce:/internal/x/prerequisite-imports as file:///D:/%E5%B7%A5%E7%A8%8B%E9%A1%B9%E7%9B%AE/PlayableAD/Cocos/TheW/20260615_HYQ/HYQ_Project/assets/Script/Base/TextAdaptation/LangArrAuto.ts.
17:31:46.978 debug: Resolve file:///D:/%E5%B7%A5%E7%A8%8B%E9%A1%B9%E7%9B%AE/PlayableAD/Cocos/TheW/20260615_HYQ/HYQ_Project/assets/Script/Base/TextAdaptation/LangAuto.ts from cce:/internal/x/prerequisite-imports as file:///D:/%E5%B7%A5%E7%A8%8B%E9%A1%B9%E7%9B%AE/PlayableAD/Cocos/TheW/20260615_HYQ/HYQ_Project/assets/Script/Base/TextAdaptation/LangAuto.ts.
17:31:46.979 debug: Resolve file:///D:/%E5%B7%A5%E7%A8%8B%E9%A1%B9%E7%9B%AE/PlayableAD/Cocos/TheW/20260615_HYQ/HYQ_Project/assets/Script/Base/TextAdaptation/ResurrectionL8.ts from cce:/internal/x/prerequisite-imports as file:///D:/%E5%B7%A5%E7%A8%8B%E9%A1%B9%E7%9B%AE/PlayableAD/Cocos/TheW/20260615_HYQ/HYQ_Project/assets/Script/Base/TextAdaptation/ResurrectionL8.ts.
17:31:46.979 debug: Resolve file:///D:/%E5%B7%A5%E7%A8%8B%E9%A1%B9%E7%9B%AE/PlayableAD/Cocos/TheW/20260615_HYQ/HYQ_Project/assets/Script/Base/UnityUpComponent.ts from cce:/internal/x/prerequisite-imports as file:///D:/%E5%B7%A5%E7%A8%8B%E9%A1%B9%E7%9B%AE/PlayableAD/Cocos/TheW/20260615_HYQ/HYQ_Project/assets/Script/Base/UnityUpComponent.ts.
17:31:46.980 debug: Resolve file:///D:/%E5%B7%A5%E7%A8%8B%E9%A1%B9%E7%9B%AE/PlayableAD/Cocos/TheW/20260615_HYQ/HYQ_Project/assets/Script/Tool/Index.ts from cce:/internal/x/prerequisite-imports as file:///D:/%E5%B7%A5%E7%A8%8B%E9%A1%B9%E7%9B%AE/PlayableAD/Cocos/TheW/20260615_HYQ/HYQ_Project/assets/Script/Tool/Index.ts.
17:31:46.980 debug: Resolve file:///D:/%E5%B7%A5%E7%A8%8B%E9%A1%B9%E7%9B%AE/PlayableAD/Cocos/TheW/20260615_HYQ/HYQ_Project/assets/Script/Tool/TweenTool.ts from cce:/internal/x/prerequisite-imports as file:///D:/%E5%B7%A5%E7%A8%8B%E9%A1%B9%E7%9B%AE/PlayableAD/Cocos/TheW/20260615_HYQ/HYQ_Project/assets/Script/Tool/TweenTool.ts.
17:31:46.981 debug: Resolve file:///D:/%E5%B7%A5%E7%A8%8B%E9%A1%B9%E7%9B%AE/PlayableAD/Cocos/TheW/20260615_HYQ/HYQ_Project/assets/Script/functionS/Bag/Base/BagBase.ts from cce:/internal/x/prerequisite-imports as file:///D:/%E5%B7%A5%E7%A8%8B%E9%A1%B9%E7%9B%AE/PlayableAD/Cocos/TheW/20260615_HYQ/HYQ_Project/assets/Script/functionS/Bag/Base/BagBase.ts.
17:31:46.981 debug: Resolve file:///D:/%E5%B7%A5%E7%A8%8B%E9%A1%B9%E7%9B%AE/PlayableAD/Cocos/TheW/20260615_HYQ/HYQ_Project/assets/Script/functionS/Bag/FlayPropManager.ts from cce:/internal/x/prerequisite-imports as file:///D:/%E5%B7%A5%E7%A8%8B%E9%A1%B9%E7%9B%AE/PlayableAD/Cocos/TheW/20260615_HYQ/HYQ_Project/assets/Script/functionS/Bag/FlayPropManager.ts.
17:31:46.982 debug: Resolve file:///D:/%E5%B7%A5%E7%A8%8B%E9%A1%B9%E7%9B%AE/PlayableAD/Cocos/TheW/20260615_HYQ/HYQ_Project/assets/Script/functionS/Bag/GroupBag3D.ts from cce:/internal/x/prerequisite-imports as file:///D:/%E5%B7%A5%E7%A8%8B%E9%A1%B9%E7%9B%AE/PlayableAD/Cocos/TheW/20260615_HYQ/HYQ_Project/assets/Script/functionS/Bag/GroupBag3D.ts.
17:31:46.982 debug: Resolve file:///D:/%E5%B7%A5%E7%A8%8B%E9%A1%B9%E7%9B%AE/PlayableAD/Cocos/TheW/20260615_HYQ/HYQ_Project/assets/Script/functionS/Bag/GroupPropTransform.ts from cce:/internal/x/prerequisite-imports as file:///D:/%E5%B7%A5%E7%A8%8B%E9%A1%B9%E7%9B%AE/PlayableAD/Cocos/TheW/20260615_HYQ/HYQ_Project/assets/Script/functionS/Bag/GroupPropTransform.ts.
17:31:46.983 debug: Resolve file:///D:/%E5%B7%A5%E7%A8%8B%E9%A1%B9%E7%9B%AE/PlayableAD/Cocos/TheW/20260615_HYQ/HYQ_Project/assets/Script/functionS/Bag/IPropFly.ts from cce:/internal/x/prerequisite-imports as file:///D:/%E5%B7%A5%E7%A8%8B%E9%A1%B9%E7%9B%AE/PlayableAD/Cocos/TheW/20260615_HYQ/HYQ_Project/assets/Script/functionS/Bag/IPropFly.ts.
17:31:46.983 debug: Resolve file:///D:/%E5%B7%A5%E7%A8%8B%E9%A1%B9%E7%9B%AE/PlayableAD/Cocos/TheW/20260615_HYQ/HYQ_Project/assets/Script/functionS/Bag/LabBagUp.ts from cce:/internal/x/prerequisite-imports as file:///D:/%E5%B7%A5%E7%A8%8B%E9%A1%B9%E7%9B%AE/PlayableAD/Cocos/TheW/20260615_HYQ/HYQ_Project/assets/Script/functionS/Bag/LabBagUp.ts.
17:31:46.984 debug: Resolve file:///D:/%E5%B7%A5%E7%A8%8B%E9%A1%B9%E7%9B%AE/PlayableAD/Cocos/TheW/20260615_HYQ/HYQ_Project/assets/Script/functionS/Bag/Prop.ts from cce:/internal/x/prerequisite-imports as file:///D:/%E5%B7%A5%E7%A8%8B%E9%A1%B9%E7%9B%AE/PlayableAD/Cocos/TheW/20260615_HYQ/HYQ_Project/assets/Script/functionS/Bag/Prop.ts.
17:31:46.984 debug: Resolve file:///D:/%E5%B7%A5%E7%A8%8B%E9%A1%B9%E7%9B%AE/PlayableAD/Cocos/TheW/20260615_HYQ/HYQ_Project/assets/Script/functionS/Bag/PropManager.ts from cce:/internal/x/prerequisite-imports as file:///D:/%E5%B7%A5%E7%A8%8B%E9%A1%B9%E7%9B%AE/PlayableAD/Cocos/TheW/20260615_HYQ/HYQ_Project/assets/Script/functionS/Bag/PropManager.ts.
17:31:46.985 debug: Resolve file:///D:/%E5%B7%A5%E7%A8%8B%E9%A1%B9%E7%9B%AE/PlayableAD/Cocos/TheW/20260615_HYQ/HYQ_Project/assets/Script/functionS/Battle/Attack/AreaAttack.ts from cce:/internal/x/prerequisite-imports as file:///D:/%E5%B7%A5%E7%A8%8B%E9%A1%B9%E7%9B%AE/PlayableAD/Cocos/TheW/20260615_HYQ/HYQ_Project/assets/Script/functionS/Battle/Attack/AreaAttack.ts.
17:31:46.986 debug: Resolve file:///D:/%E5%B7%A5%E7%A8%8B%E9%A1%B9%E7%9B%AE/PlayableAD/Cocos/TheW/20260615_HYQ/HYQ_Project/assets/Script/functionS/Battle/Attack/AttackState.ts from cce:/internal/x/prerequisite-imports as file:///D:/%E5%B7%A5%E7%A8%8B%E9%A1%B9%E7%9B%AE/PlayableAD/Cocos/TheW/20260615_HYQ/HYQ_Project/assets/Script/functionS/Battle/Attack/AttackState.ts.
17:31:46.986 debug: Resolve file:///D:/%E5%B7%A5%E7%A8%8B%E9%A1%B9%E7%9B%AE/PlayableAD/Cocos/TheW/20260615_HYQ/HYQ_Project/assets/Script/functionS/Battle/Attack/MeleeAttack.ts from cce:/internal/x/prerequisite-imports as file:///D:/%E5%B7%A5%E7%A8%8B%E9%A1%B9%E7%9B%AE/PlayableAD/Cocos/TheW/20260615_HYQ/HYQ_Project/assets/Script/functionS/Battle/Attack/MeleeAttack.ts.
17:31:46.987 debug: Resolve file:///D:/%E5%B7%A5%E7%A8%8B%E9%A1%B9%E7%9B%AE/PlayableAD/Cocos/TheW/20260615_HYQ/HYQ_Project/assets/Script/functionS/Battle/Base/AttackTargetBase.ts from cce:/internal/x/prerequisite-imports as file:///D:/%E5%B7%A5%E7%A8%8B%E9%A1%B9%E7%9B%AE/PlayableAD/Cocos/TheW/20260615_HYQ/HYQ_Project/assets/Script/functionS/Battle/Base/AttackTargetBase.ts.
17:31:46.987 debug: Resolve file:///D:/%E5%B7%A5%E7%A8%8B%E9%A1%B9%E7%9B%AE/PlayableAD/Cocos/TheW/20260615_HYQ/HYQ_Project/assets/Script/functionS/Battle/Base/BattleTargetBase.ts from cce:/internal/x/prerequisite-imports as file:///D:/%E5%B7%A5%E7%A8%8B%E9%A1%B9%E7%9B%AE/PlayableAD/Cocos/TheW/20260615_HYQ/HYQ_Project/assets/Script/functionS/Battle/Base/BattleTargetBase.ts.
17:31:46.988 debug: Resolve file:///D:/%E5%B7%A5%E7%A8%8B%E9%A1%B9%E7%9B%AE/PlayableAD/Cocos/TheW/20260615_HYQ/HYQ_Project/assets/Script/functionS/Battle/Base/FlashRedManager.ts from cce:/internal/x/prerequisite-imports as file:///D:/%E5%B7%A5%E7%A8%8B%E9%A1%B9%E7%9B%AE/PlayableAD/Cocos/TheW/20260615_HYQ/HYQ_Project/assets/Script/functionS/Battle/Base/FlashRedManager.ts.
17:31:46.989 debug: Resolve file:///D:/%E5%B7%A5%E7%A8%8B%E9%A1%B9%E7%9B%AE/PlayableAD/Cocos/TheW/20260615_HYQ/HYQ_Project/assets/Script/functionS/Battle/Battle2D/Attack2D/RangedAttack.ts from cce:/internal/x/prerequisite-imports as file:///D:/%E5%B7%A5%E7%A8%8B%E9%A1%B9%E7%9B%AE/PlayableAD/Cocos/TheW/20260615_HYQ/HYQ_Project/assets/Script/functionS/Battle/Battle2D/Attack2D/RangedAttack.ts.
17:31:46.989 debug: Resolve file:///D:/%E5%B7%A5%E7%A8%8B%E9%A1%B9%E7%9B%AE/PlayableAD/Cocos/TheW/20260615_HYQ/HYQ_Project/assets/Script/functionS/Battle/Battle2D/Bullet/BulletBattle2D.ts from cce:/internal/x/prerequisite-imports as file:///D:/%E5%B7%A5%E7%A8%8B%E9%A1%B9%E7%9B%AE/PlayableAD/Cocos/TheW/20260615_HYQ/HYQ_Project/assets/Script/functionS/Battle/Battle2D/Bullet/BulletBattle2D.ts.
17:31:46.990 debug: Resolve file:///D:/%E5%B7%A5%E7%A8%8B%E9%A1%B9%E7%9B%AE/PlayableAD/Cocos/TheW/20260615_HYQ/HYQ_Project/assets/Script/functionS/Battle/Battle2D/Bullet/BulletCollideBase2D.ts from cce:/internal/x/prerequisite-imports as file:///D:/%E5%B7%A5%E7%A8%8B%E9%A1%B9%E7%9B%AE/PlayableAD/Cocos/TheW/20260615_HYQ/HYQ_Project/assets/Script/functionS/Battle/Battle2D/Bullet/BulletCollideBase2D.ts.
17:31:46.991 debug: Resolve file:///D:/%E5%B7%A5%E7%A8%8B%E9%A1%B9%E7%9B%AE/PlayableAD/Cocos/TheW/20260615_HYQ/HYQ_Project/assets/Script/functionS/Battle/Battle2D/CollectBattleTarger2D.ts from cce:/internal/x/prerequisite-imports as file:///D:/%E5%B7%A5%E7%A8%8B%E9%A1%B9%E7%9B%AE/PlayableAD/Cocos/TheW/20260615_HYQ/HYQ_Project/assets/Script/functionS/Battle/Battle2D/CollectBattleTarger2D.ts.
17:31:46.991 debug: Resolve file:///D:/%E5%B7%A5%E7%A8%8B%E9%A1%B9%E7%9B%AE/PlayableAD/Cocos/TheW/20260615_HYQ/HYQ_Project/assets/Script/functionS/Battle/Battle2D/TriggerBase2D.ts from cce:/internal/x/prerequisite-imports as file:///D:/%E5%B7%A5%E7%A8%8B%E9%A1%B9%E7%9B%AE/PlayableAD/Cocos/TheW/20260615_HYQ/HYQ_Project/assets/Script/functionS/Battle/Battle2D/TriggerBase2D.ts.
17:31:46.992 debug: Resolve file:///D:/%E5%B7%A5%E7%A8%8B%E9%A1%B9%E7%9B%AE/PlayableAD/Cocos/TheW/20260615_HYQ/HYQ_Project/assets/Script/functionS/Battle/Battle3D/Attack3D/RangeTowerAttack.ts from cce:/internal/x/prerequisite-imports as file:///D:/%E5%B7%A5%E7%A8%8B%E9%A1%B9%E7%9B%AE/PlayableAD/Cocos/TheW/20260615_HYQ/HYQ_Project/assets/Script/functionS/Battle/Battle3D/Attack3D/RangeTowerAttack.ts.
17:31:46.993 debug: Resolve file:///D:/%E5%B7%A5%E7%A8%8B%E9%A1%B9%E7%9B%AE/PlayableAD/Cocos/TheW/20260615_HYQ/HYQ_Project/assets/Script/functionS/Battle/Battle3D/Attack3D/RangedAttack_Circle.ts from cce:/internal/x/prerequisite-imports as file:///D:/%E5%B7%A5%E7%A8%8B%E9%A1%B9%E7%9B%AE/PlayableAD/Cocos/TheW/20260615_HYQ/HYQ_Project/assets/Script/functionS/Battle/Battle3D/Attack3D/RangedAttack_Circle.ts.
17:31:46.993 debug: Resolve file:///D:/%E5%B7%A5%E7%A8%8B%E9%A1%B9%E7%9B%AE/PlayableAD/Cocos/TheW/20260615_HYQ/HYQ_Project/assets/Script/functionS/Battle/Battle3D/Attack3D/RangedAttack_Shrapnel.ts from cce:/internal/x/prerequisite-imports as file:///D:/%E5%B7%A5%E7%A8%8B%E9%A1%B9%E7%9B%AE/PlayableAD/Cocos/TheW/20260615_HYQ/HYQ_Project/assets/Script/functionS/Battle/Battle3D/Attack3D/RangedAttack_Shrapnel.ts.
17:31:46.994 debug: Resolve file:///D:/%E5%B7%A5%E7%A8%8B%E9%A1%B9%E7%9B%AE/PlayableAD/Cocos/TheW/20260615_HYQ/HYQ_Project/assets/Script/functionS/Battle/Battle3D/AttackParkPlay.ts from cce:/internal/x/prerequisite-imports as file:///D:/%E5%B7%A5%E7%A8%8B%E9%A1%B9%E7%9B%AE/PlayableAD/Cocos/TheW/20260615_HYQ/HYQ_Project/assets/Script/functionS/Battle/Battle3D/AttackParkPlay.ts.
17:31:46.995 debug: Resolve file:///D:/%E5%B7%A5%E7%A8%8B%E9%A1%B9%E7%9B%AE/PlayableAD/Cocos/TheW/20260615_HYQ/HYQ_Project/assets/Script/functionS/Battle/Battle3D/Bullet/BulletBattle3D.ts from cce:/internal/x/prerequisite-imports as file:///D:/%E5%B7%A5%E7%A8%8B%E9%A1%B9%E7%9B%AE/PlayableAD/Cocos/TheW/20260615_HYQ/HYQ_Project/assets/Script/functionS/Battle/Battle3D/Bullet/BulletBattle3D.ts.
17:31:46.996 debug: Resolve file:///D:/%E5%B7%A5%E7%A8%8B%E9%A1%B9%E7%9B%AE/PlayableAD/Cocos/TheW/20260615_HYQ/HYQ_Project/assets/Script/functionS/Battle/Battle3D/Bullet/BulletCollideBase3D.ts from cce:/internal/x/prerequisite-imports as file:///D:/%E5%B7%A5%E7%A8%8B%E9%A1%B9%E7%9B%AE/PlayableAD/Cocos/TheW/20260615_HYQ/HYQ_Project/assets/Script/functionS/Battle/Battle3D/Bullet/BulletCollideBase3D.ts.
17:31:46.997 debug: Resolve file:///D:/%E5%B7%A5%E7%A8%8B%E9%A1%B9%E7%9B%AE/PlayableAD/Cocos/TheW/20260615_HYQ/HYQ_Project/assets/Script/functionS/Battle/Battle3D/CollectBattleTarger3D.ts from cce:/internal/x/prerequisite-imports as file:///D:/%E5%B7%A5%E7%A8%8B%E9%A1%B9%E7%9B%AE/PlayableAD/Cocos/TheW/20260615_HYQ/HYQ_Project/assets/Script/functionS/Battle/Battle3D/CollectBattleTarger3D.ts.
17:31:46.998 debug: Resolve file:///D:/%E5%B7%A5%E7%A8%8B%E9%A1%B9%E7%9B%AE/PlayableAD/Cocos/TheW/20260615_HYQ/HYQ_Project/assets/Script/functionS/Battle/Battle3D/TriggerBase3D.ts from cce:/internal/x/prerequisite-imports as file:///D:/%E5%B7%A5%E7%A8%8B%E9%A1%B9%E7%9B%AE/PlayableAD/Cocos/TheW/20260615_HYQ/HYQ_Project/assets/Script/functionS/Battle/Battle3D/TriggerBase3D.ts.
17:31:46.999 debug: Resolve file:///D:/%E5%B7%A5%E7%A8%8B%E9%A1%B9%E7%9B%AE/PlayableAD/Cocos/TheW/20260615_HYQ/HYQ_Project/assets/Script/functionS/Battle/BattleTarger/BattleTarget2D.ts from cce:/internal/x/prerequisite-imports as file:///D:/%E5%B7%A5%E7%A8%8B%E9%A1%B9%E7%9B%AE/PlayableAD/Cocos/TheW/20260615_HYQ/HYQ_Project/assets/Script/functionS/Battle/BattleTarger/BattleTarget2D.ts.
17:31:47.000 debug: Resolve file:///D:/%E5%B7%A5%E7%A8%8B%E9%A1%B9%E7%9B%AE/PlayableAD/Cocos/TheW/20260615_HYQ/HYQ_Project/assets/Script/functionS/Battle/BattleTarger/BattleTarget3D.ts from cce:/internal/x/prerequisite-imports as file:///D:/%E5%B7%A5%E7%A8%8B%E9%A1%B9%E7%9B%AE/PlayableAD/Cocos/TheW/20260615_HYQ/HYQ_Project/assets/Script/functionS/Battle/BattleTarger/BattleTarget3D.ts.
17:31:47.000 debug: Resolve file:///D:/%E5%B7%A5%E7%A8%8B%E9%A1%B9%E7%9B%AE/PlayableAD/Cocos/TheW/20260615_HYQ/HYQ_Project/assets/Script/functionS/Battle/BulletBatchRenderer.ts from cce:/internal/x/prerequisite-imports as file:///D:/%E5%B7%A5%E7%A8%8B%E9%A1%B9%E7%9B%AE/PlayableAD/Cocos/TheW/20260615_HYQ/HYQ_Project/assets/Script/functionS/Battle/BulletBatchRenderer.ts.
17:31:47.001 debug: Resolve file:///D:/%E5%B7%A5%E7%A8%8B%E9%A1%B9%E7%9B%AE/PlayableAD/Cocos/TheW/20260615_HYQ/HYQ_Project/assets/Script/functionS/Battle/BulletManager.ts from cce:/internal/x/prerequisite-imports as file:///D:/%E5%B7%A5%E7%A8%8B%E9%A1%B9%E7%9B%AE/PlayableAD/Cocos/TheW/20260615_HYQ/HYQ_Project/assets/Script/functionS/Battle/BulletManager.ts.
17:31:47.001 debug: Resolve file:///D:/%E5%B7%A5%E7%A8%8B%E9%A1%B9%E7%9B%AE/PlayableAD/Cocos/TheW/20260615_HYQ/HYQ_Project/assets/Script/functionS/Battle/BulletMonsterCollisionManager.ts from cce:/internal/x/prerequisite-imports as file:///D:/%E5%B7%A5%E7%A8%8B%E9%A1%B9%E7%9B%AE/PlayableAD/Cocos/TheW/20260615_HYQ/HYQ_Project/assets/Script/functionS/Battle/BulletMonsterCollisionManager.ts.
17:31:47.002 debug: Resolve file:///D:/%E5%B7%A5%E7%A8%8B%E9%A1%B9%E7%9B%AE/PlayableAD/Cocos/TheW/20260615_HYQ/HYQ_Project/assets/Script/functionS/Battle/CollectBattleTarger/CollectGetTarget.ts from cce:/internal/x/prerequisite-imports as file:///D:/%E5%B7%A5%E7%A8%8B%E9%A1%B9%E7%9B%AE/PlayableAD/Cocos/TheW/20260615_HYQ/HYQ_Project/assets/Script/functionS/Battle/CollectBattleTarger/CollectGetTarget.ts.
17:31:47.002 debug: Resolve file:///D:/%E5%B7%A5%E7%A8%8B%E9%A1%B9%E7%9B%AE/PlayableAD/Cocos/TheW/20260615_HYQ/HYQ_Project/assets/Script/functionS/Battle/CollectBattleTarger/ColliderTag.ts from cce:/internal/x/prerequisite-imports as file:///D:/%E5%B7%A5%E7%A8%8B%E9%A1%B9%E7%9B%AE/PlayableAD/Cocos/TheW/20260615_HYQ/HYQ_Project/assets/Script/functionS/Battle/CollectBattleTarger/ColliderTag.ts.
17:31:47.003 debug: Resolve file:///D:/%E5%B7%A5%E7%A8%8B%E9%A1%B9%E7%9B%AE/PlayableAD/Cocos/TheW/20260615_HYQ/HYQ_Project/assets/Script/functionS/Battle/HpComponent.ts from cce:/internal/x/prerequisite-imports as file:///D:/%E5%B7%A5%E7%A8%8B%E9%A1%B9%E7%9B%AE/PlayableAD/Cocos/TheW/20260615_HYQ/HYQ_Project/assets/Script/functionS/Battle/HpComponent.ts.
17:31:47.003 debug: Resolve file:///D:/%E5%B7%A5%E7%A8%8B%E9%A1%B9%E7%9B%AE/PlayableAD/Cocos/TheW/20260615_HYQ/HYQ_Project/assets/Script/functionS/Effect/EffectManager.ts from cce:/internal/x/prerequisite-imports as file:///D:/%E5%B7%A5%E7%A8%8B%E9%A1%B9%E7%9B%AE/PlayableAD/Cocos/TheW/20260615_HYQ/HYQ_Project/assets/Script/functionS/Effect/EffectManager.ts.
17:31:47.004 debug: Resolve file:///D:/%E5%B7%A5%E7%A8%8B%E9%A1%B9%E7%9B%AE/PlayableAD/Cocos/TheW/20260615_HYQ/HYQ_Project/assets/Script/functionS/Effect/EffectRemoveBase.ts from cce:/internal/x/prerequisite-imports as file:///D:/%E5%B7%A5%E7%A8%8B%E9%A1%B9%E7%9B%AE/PlayableAD/Cocos/TheW/20260615_HYQ/HYQ_Project/assets/Script/functionS/Effect/EffectRemoveBase.ts.
17:31:47.004 debug: Resolve file:///D:/%E5%B7%A5%E7%A8%8B%E9%A1%B9%E7%9B%AE/PlayableAD/Cocos/TheW/20260615_HYQ/HYQ_Project/assets/Script/functionS/Effect/EffectTimePartRemove.ts from cce:/internal/x/prerequisite-imports as file:///D:/%E5%B7%A5%E7%A8%8B%E9%A1%B9%E7%9B%AE/PlayableAD/Cocos/TheW/20260615_HYQ/HYQ_Project/assets/Script/functionS/Effect/EffectTimePartRemove.ts.
17:31:47.005 debug: Resolve file:///D:/%E5%B7%A5%E7%A8%8B%E9%A1%B9%E7%9B%AE/PlayableAD/Cocos/TheW/20260615_HYQ/HYQ_Project/assets/Script/functionS/Effect/EffectTimeRemove.ts from cce:/internal/x/prerequisite-imports as file:///D:/%E5%B7%A5%E7%A8%8B%E9%A1%B9%E7%9B%AE/PlayableAD/Cocos/TheW/20260615_HYQ/HYQ_Project/assets/Script/functionS/Effect/EffectTimeRemove.ts.
17:31:47.005 debug: Resolve file:///D:/%E5%B7%A5%E7%A8%8B%E9%A1%B9%E7%9B%AE/PlayableAD/Cocos/TheW/20260615_HYQ/HYQ_Project/assets/Script/functionS/Guide/GuideLine.ts from cce:/internal/x/prerequisite-imports as file:///D:/%E5%B7%A5%E7%A8%8B%E9%A1%B9%E7%9B%AE/PlayableAD/Cocos/TheW/20260615_HYQ/HYQ_Project/assets/Script/functionS/Guide/GuideLine.ts.
17:31:47.006 debug: Resolve file:///D:/%E5%B7%A5%E7%A8%8B%E9%A1%B9%E7%9B%AE/PlayableAD/Cocos/TheW/20260615_HYQ/HYQ_Project/assets/Script/functionS/Guide/GuideManager.ts from cce:/internal/x/prerequisite-imports as file:///D:/%E5%B7%A5%E7%A8%8B%E9%A1%B9%E7%9B%AE/PlayableAD/Cocos/TheW/20260615_HYQ/HYQ_Project/assets/Script/functionS/Guide/GuideManager.ts.
17:31:47.006 debug: Resolve file:///D:/%E5%B7%A5%E7%A8%8B%E9%A1%B9%E7%9B%AE/PlayableAD/Cocos/TheW/20260615_HYQ/HYQ_Project/assets/Script/functionS/Jump/BezierCurve.ts from cce:/internal/x/prerequisite-imports as file:///D:/%E5%B7%A5%E7%A8%8B%E9%A1%B9%E7%9B%AE/PlayableAD/Cocos/TheW/20260615_HYQ/HYQ_Project/assets/Script/functionS/Jump/BezierCurve.ts.
17:31:47.007 debug: Resolve file:///D:/%E5%B7%A5%E7%A8%8B%E9%A1%B9%E7%9B%AE/PlayableAD/Cocos/TheW/20260615_HYQ/HYQ_Project/assets/Script/functionS/Jump/JumpCurve.ts from cce:/internal/x/prerequisite-imports as file:///D:/%E5%B7%A5%E7%A8%8B%E9%A1%B9%E7%9B%AE/PlayableAD/Cocos/TheW/20260615_HYQ/HYQ_Project/assets/Script/functionS/Jump/JumpCurve.ts.
17:31:47.007 debug: Resolve file:///D:/%E5%B7%A5%E7%A8%8B%E9%A1%B9%E7%9B%AE/PlayableAD/Cocos/TheW/20260615_HYQ/HYQ_Project/assets/Script/functionS/Jump/JumpCurve3D.ts from cce:/internal/x/prerequisite-imports as file:///D:/%E5%B7%A5%E7%A8%8B%E9%A1%B9%E7%9B%AE/PlayableAD/Cocos/TheW/20260615_HYQ/HYQ_Project/assets/Script/functionS/Jump/JumpCurve3D.ts.
17:31:47.008 debug: Resolve file:///D:/%E5%B7%A5%E7%A8%8B%E9%A1%B9%E7%9B%AE/PlayableAD/Cocos/TheW/20260615_HYQ/HYQ_Project/assets/Script/functionS/Jump/JumpDriveEngine.ts from cce:/internal/x/prerequisite-imports as file:///D:/%E5%B7%A5%E7%A8%8B%E9%A1%B9%E7%9B%AE/PlayableAD/Cocos/TheW/20260615_HYQ/HYQ_Project/assets/Script/functionS/Jump/JumpDriveEngine.ts.
17:31:47.009 debug: Resolve file:///D:/%E5%B7%A5%E7%A8%8B%E9%A1%B9%E7%9B%AE/PlayableAD/Cocos/TheW/20260615_HYQ/HYQ_Project/assets/Script/functionS/Jump/JumpManager.ts from cce:/internal/x/prerequisite-imports as file:///D:/%E5%B7%A5%E7%A8%8B%E9%A1%B9%E7%9B%AE/PlayableAD/Cocos/TheW/20260615_HYQ/HYQ_Project/assets/Script/functionS/Jump/JumpManager.ts.
17:31:47.010 debug: Resolve file:///D:/%E5%B7%A5%E7%A8%8B%E9%A1%B9%E7%9B%AE/PlayableAD/Cocos/TheW/20260615_HYQ/HYQ_Project/assets/Script/functionS/Jump/JumpParabola.ts from cce:/internal/x/prerequisite-imports as file:///D:/%E5%B7%A5%E7%A8%8B%E9%A1%B9%E7%9B%AE/PlayableAD/Cocos/TheW/20260615_HYQ/HYQ_Project/assets/Script/functionS/Jump/JumpParabola.ts.
17:31:47.010 debug: Resolve file:///D:/%E5%B7%A5%E7%A8%8B%E9%A1%B9%E7%9B%AE/PlayableAD/Cocos/TheW/20260615_HYQ/HYQ_Project/assets/Script/functionS/Jump/JumpScatter.ts from cce:/internal/x/prerequisite-imports as file:///D:/%E5%B7%A5%E7%A8%8B%E9%A1%B9%E7%9B%AE/PlayableAD/Cocos/TheW/20260615_HYQ/HYQ_Project/assets/Script/functionS/Jump/JumpScatter.ts.
17:31:47.011 debug: Resolve file:///D:/%E5%B7%A5%E7%A8%8B%E9%A1%B9%E7%9B%AE/PlayableAD/Cocos/TheW/20260615_HYQ/HYQ_Project/assets/Script/functionS/Jump/JumpSequenceBase.ts from cce:/internal/x/prerequisite-imports as file:///D:/%E5%B7%A5%E7%A8%8B%E9%A1%B9%E7%9B%AE/PlayableAD/Cocos/TheW/20260615_HYQ/HYQ_Project/assets/Script/functionS/Jump/JumpSequenceBase.ts.
17:31:47.012 debug: Resolve file:///D:/%E5%B7%A5%E7%A8%8B%E9%A1%B9%E7%9B%AE/PlayableAD/Cocos/TheW/20260615_HYQ/HYQ_Project/assets/Script/functionS/Monster/MonsterBattleTaerget.ts from cce:/internal/x/prerequisite-imports as file:///D:/%E5%B7%A5%E7%A8%8B%E9%A1%B9%E7%9B%AE/PlayableAD/Cocos/TheW/20260615_HYQ/HYQ_Project/assets/Script/functionS/Monster/MonsterBattleTaerget.ts.
17:31:47.013 debug: Resolve file:///D:/%E5%B7%A5%E7%A8%8B%E9%A1%B9%E7%9B%AE/PlayableAD/Cocos/TheW/20260615_HYQ/HYQ_Project/assets/Script/functionS/Monster/MonsterCreate.ts from cce:/internal/x/prerequisite-imports as file:///D:/%E5%B7%A5%E7%A8%8B%E9%A1%B9%E7%9B%AE/PlayableAD/Cocos/TheW/20260615_HYQ/HYQ_Project/assets/Script/functionS/Monster/MonsterCreate.ts.
17:31:47.013 debug: Resolve file:///D:/%E5%B7%A5%E7%A8%8B%E9%A1%B9%E7%9B%AE/PlayableAD/Cocos/TheW/20260615_HYQ/HYQ_Project/assets/Script/functionS/Other/ArmsUp.ts from cce:/internal/x/prerequisite-imports as file:///D:/%E5%B7%A5%E7%A8%8B%E9%A1%B9%E7%9B%AE/PlayableAD/Cocos/TheW/20260615_HYQ/HYQ_Project/assets/Script/functionS/Other/ArmsUp.ts.
17:31:47.014 debug: Resolve file:///D:/%E5%B7%A5%E7%A8%8B%E9%A1%B9%E7%9B%AE/PlayableAD/Cocos/TheW/20260615_HYQ/HYQ_Project/assets/Script/functionS/Other/CreatePropBrand.ts from cce:/internal/x/prerequisite-imports as file:///D:/%E5%B7%A5%E7%A8%8B%E9%A1%B9%E7%9B%AE/PlayableAD/Cocos/TheW/20260615_HYQ/HYQ_Project/assets/Script/functionS/Other/CreatePropBrand.ts.
17:31:47.016 debug: Resolve file:///D:/%E5%B7%A5%E7%A8%8B%E9%A1%B9%E7%9B%AE/PlayableAD/Cocos/TheW/20260615_HYQ/HYQ_Project/assets/Script/functionS/Other/PropArms.ts from cce:/internal/x/prerequisite-imports as file:///D:/%E5%B7%A5%E7%A8%8B%E9%A1%B9%E7%9B%AE/PlayableAD/Cocos/TheW/20260615_HYQ/HYQ_Project/assets/Script/functionS/Other/PropArms.ts.
17:31:47.016 debug: Detected change: file:///D:/%E5%B7%A5%E7%A8%8B%E9%A1%B9%E7%9B%AE/PlayableAD/Cocos/TheW/20260615_HYQ/HYQ_Project/assets/Script/functionS/Other/PropArms.ts. Last mtime: Wed Jun 24 2026 17:18:47 GMT+0800 (中国标准时间)@4c579f82-105c-430a-bfd7-23b68345d492, Current mtime: Wed Jun 24 2026 17:29:29 GMT+0800 (中国标准时间)@4c579f82-105c-430a-bfd7-23b68345d492
17:31:47.016 debug: Inspect file:///D:/%E5%B7%A5%E7%A8%8B%E9%A1%B9%E7%9B%AE/PlayableAD/Cocos/TheW/20260615_HYQ/HYQ_Project/assets/Script/functionS/Other/PropArms.ts
17:31:47.539 debug: transform url: 'file:///D:/%E5%B7%A5%E7%A8%8B%E9%A1%B9%E7%9B%AE/PlayableAD/Cocos/TheW/20260615_HYQ/HYQ_Project/assets/Script/functionS/Other/PropArms.ts' costs: 522.70 ms
17:31:47.542 debug: Resolve file:///D:/%E5%B7%A5%E7%A8%8B%E9%A1%B9%E7%9B%AE/PlayableAD/Cocos/TheW/20260615_HYQ/HYQ_Project/assets/Script/functionS/Other/PropBrand.ts from cce:/internal/x/prerequisite-imports as file:///D:/%E5%B7%A5%E7%A8%8B%E9%A1%B9%E7%9B%AE/PlayableAD/Cocos/TheW/20260615_HYQ/HYQ_Project/assets/Script/functionS/Other/PropBrand.ts.
17:31:47.543 debug: Resolve file:///D:/%E5%B7%A5%E7%A8%8B%E9%A1%B9%E7%9B%AE/PlayableAD/Cocos/TheW/20260615_HYQ/HYQ_Project/assets/Script/functionS/Other/PropLalianGate.ts from cce:/internal/x/prerequisite-imports as file:///D:/%E5%B7%A5%E7%A8%8B%E9%A1%B9%E7%9B%AE/PlayableAD/Cocos/TheW/20260615_HYQ/HYQ_Project/assets/Script/functionS/Other/PropLalianGate.ts.
17:31:47.544 debug: Resolve file:///D:/%E5%B7%A5%E7%A8%8B%E9%A1%B9%E7%9B%AE/PlayableAD/Cocos/TheW/20260615_HYQ/HYQ_Project/assets/Script/functionS/Other/PropTireGate.ts from cce:/internal/x/prerequisite-imports as file:///D:/%E5%B7%A5%E7%A8%8B%E9%A1%B9%E7%9B%AE/PlayableAD/Cocos/TheW/20260615_HYQ/HYQ_Project/assets/Script/functionS/Other/PropTireGate.ts.
17:31:47.544 debug: Resolve file:///D:/%E5%B7%A5%E7%A8%8B%E9%A1%B9%E7%9B%AE/PlayableAD/Cocos/TheW/20260615_HYQ/HYQ_Project/assets/Script/functionS/Player/Player.ts from cce:/internal/x/prerequisite-imports as file:///D:/%E5%B7%A5%E7%A8%8B%E9%A1%B9%E7%9B%AE/PlayableAD/Cocos/TheW/20260615_HYQ/HYQ_Project/assets/Script/functionS/Player/Player.ts.
17:31:47.545 debug: Resolve file:///D:/%E5%B7%A5%E7%A8%8B%E9%A1%B9%E7%9B%AE/PlayableAD/Cocos/TheW/20260615_HYQ/HYQ_Project/assets/Script/functionS/Player/Role.ts from cce:/internal/x/prerequisite-imports as file:///D:/%E5%B7%A5%E7%A8%8B%E9%A1%B9%E7%9B%AE/PlayableAD/Cocos/TheW/20260615_HYQ/HYQ_Project/assets/Script/functionS/Player/Role.ts.
17:31:47.545 debug: Resolve file:///D:/%E5%B7%A5%E7%A8%8B%E9%A1%B9%E7%9B%AE/PlayableAD/Cocos/TheW/20260615_HYQ/HYQ_Project/assets/Script/functionS/Rocker/RockerLogic.ts from cce:/internal/x/prerequisite-imports as file:///D:/%E5%B7%A5%E7%A8%8B%E9%A1%B9%E7%9B%AE/PlayableAD/Cocos/TheW/20260615_HYQ/HYQ_Project/assets/Script/functionS/Rocker/RockerLogic.ts.
17:31:47.547 debug: Resolve file:///D:/%E5%B7%A5%E7%A8%8B%E9%A1%B9%E7%9B%AE/PlayableAD/Cocos/TheW/20260615_HYQ/HYQ_Project/assets/Script/functionS/Rocker/RockerManager.ts from cce:/internal/x/prerequisite-imports as file:///D:/%E5%B7%A5%E7%A8%8B%E9%A1%B9%E7%9B%AE/PlayableAD/Cocos/TheW/20260615_HYQ/HYQ_Project/assets/Script/functionS/Rocker/RockerManager.ts.
17:31:47.548 debug: Resolve file:///D:/%E5%B7%A5%E7%A8%8B%E9%A1%B9%E7%9B%AE/PlayableAD/Cocos/TheW/20260615_HYQ/HYQ_Project/assets/Script/functionS/Rocker/RockerMouseEvent.ts from cce:/internal/x/prerequisite-imports as file:///D:/%E5%B7%A5%E7%A8%8B%E9%A1%B9%E7%9B%AE/PlayableAD/Cocos/TheW/20260615_HYQ/HYQ_Project/assets/Script/functionS/Rocker/RockerMouseEvent.ts.
17:31:47.548 debug: Resolve file:///D:/%E5%B7%A5%E7%A8%8B%E9%A1%B9%E7%9B%AE/PlayableAD/Cocos/TheW/20260615_HYQ/HYQ_Project/assets/Script/functionS/Rocker/RockerUI.ts from cce:/internal/x/prerequisite-imports as file:///D:/%E5%B7%A5%E7%A8%8B%E9%A1%B9%E7%9B%AE/PlayableAD/Cocos/TheW/20260615_HYQ/HYQ_Project/assets/Script/functionS/Rocker/RockerUI.ts.
17:31:47.549 debug: Resolve file:///D:/%E5%B7%A5%E7%A8%8B%E9%A1%B9%E7%9B%AE/PlayableAD/Cocos/TheW/20260615_HYQ/HYQ_Project/assets/Script/functionS/ShoppIng/Buy/BuyWay2D.ts from cce:/internal/x/prerequisite-imports as file:///D:/%E5%B7%A5%E7%A8%8B%E9%A1%B9%E7%9B%AE/PlayableAD/Cocos/TheW/20260615_HYQ/HYQ_Project/assets/Script/functionS/ShoppIng/Buy/BuyWay2D.ts.
17:31:47.550 debug: Resolve file:///D:/%E5%B7%A5%E7%A8%8B%E9%A1%B9%E7%9B%AE/PlayableAD/Cocos/TheW/20260615_HYQ/HYQ_Project/assets/Script/functionS/ShoppIng/Buy/BuyWay3D.ts from cce:/internal/x/prerequisite-imports as file:///D:/%E5%B7%A5%E7%A8%8B%E9%A1%B9%E7%9B%AE/PlayableAD/Cocos/TheW/20260615_HYQ/HYQ_Project/assets/Script/functionS/ShoppIng/Buy/BuyWay3D.ts.
17:31:47.551 debug: Resolve file:///D:/%E5%B7%A5%E7%A8%8B%E9%A1%B9%E7%9B%AE/PlayableAD/Cocos/TheW/20260615_HYQ/HYQ_Project/assets/Script/functionS/ShoppIng/Buy/BuyWayBase.ts from cce:/internal/x/prerequisite-imports as file:///D:/%E5%B7%A5%E7%A8%8B%E9%A1%B9%E7%9B%AE/PlayableAD/Cocos/TheW/20260615_HYQ/HYQ_Project/assets/Script/functionS/ShoppIng/Buy/BuyWayBase.ts.
17:31:47.551 debug: Resolve file:///D:/%E5%B7%A5%E7%A8%8B%E9%A1%B9%E7%9B%AE/PlayableAD/Cocos/TheW/20260615_HYQ/HYQ_Project/assets/Script/functionS/ShoppIng/ShoppIngEvent.ts from cce:/internal/x/prerequisite-imports as file:///D:/%E5%B7%A5%E7%A8%8B%E9%A1%B9%E7%9B%AE/PlayableAD/Cocos/TheW/20260615_HYQ/HYQ_Project/assets/Script/functionS/ShoppIng/ShoppIngEvent.ts.
17:31:47.552 debug: Resolve file:///D:/%E5%B7%A5%E7%A8%8B%E9%A1%B9%E7%9B%AE/PlayableAD/Cocos/TheW/20260615_HYQ/HYQ_Project/assets/Script/functionS/ShoppIng/Shopping.ts from cce:/internal/x/prerequisite-imports as file:///D:/%E5%B7%A5%E7%A8%8B%E9%A1%B9%E7%9B%AE/PlayableAD/Cocos/TheW/20260615_HYQ/HYQ_Project/assets/Script/functionS/ShoppIng/Shopping.ts.
17:31:47.553 debug: Resolve file:///D:/%E5%B7%A5%E7%A8%8B%E9%A1%B9%E7%9B%AE/PlayableAD/Cocos/TheW/20260615_HYQ/HYQ_Project/assets/Script/functionS/ShoppIng/Shopping_Super.ts from cce:/internal/x/prerequisite-imports as file:///D:/%E5%B7%A5%E7%A8%8B%E9%A1%B9%E7%9B%AE/PlayableAD/Cocos/TheW/20260615_HYQ/HYQ_Project/assets/Script/functionS/ShoppIng/Shopping_Super.ts.
17:31:47.553 debug: Resolve file:///D:/%E5%B7%A5%E7%A8%8B%E9%A1%B9%E7%9B%AE/PlayableAD/Cocos/TheW/20260615_HYQ/HYQ_Project/assets/Script/functionS/SkAnim/FbxManager.ts from cce:/internal/x/prerequisite-imports as file:///D:/%E5%B7%A5%E7%A8%8B%E9%A1%B9%E7%9B%AE/PlayableAD/Cocos/TheW/20260615_HYQ/HYQ_Project/assets/Script/functionS/SkAnim/FbxManager.ts.
17:31:47.554 debug: Resolve file:///D:/%E5%B7%A5%E7%A8%8B%E9%A1%B9%E7%9B%AE/PlayableAD/Cocos/TheW/20260615_HYQ/HYQ_Project/assets/Script/functionS/SkAnim/SequenceFrameAnim/FrameAnimManager.ts from cce:/internal/x/prerequisite-imports as file:///D:/%E5%B7%A5%E7%A8%8B%E9%A1%B9%E7%9B%AE/PlayableAD/Cocos/TheW/20260615_HYQ/HYQ_Project/assets/Script/functionS/SkAnim/SequenceFrameAnim/FrameAnimManager.ts.
17:31:47.555 debug: Resolve file:///D:/%E5%B7%A5%E7%A8%8B%E9%A1%B9%E7%9B%AE/PlayableAD/Cocos/TheW/20260615_HYQ/HYQ_Project/assets/Script/functionS/SkAnim/SequenceFrameAnim/FrameManager.ts from cce:/internal/x/prerequisite-imports as file:///D:/%E5%B7%A5%E7%A8%8B%E9%A1%B9%E7%9B%AE/PlayableAD/Cocos/TheW/20260615_HYQ/HYQ_Project/assets/Script/functionS/SkAnim/SequenceFrameAnim/FrameManager.ts.
17:31:47.555 debug: Resolve file:///D:/%E5%B7%A5%E7%A8%8B%E9%A1%B9%E7%9B%AE/PlayableAD/Cocos/TheW/20260615_HYQ/HYQ_Project/assets/Script/functionS/UI/GameOver/GameOverPanel.ts from cce:/internal/x/prerequisite-imports as file:///D:/%E5%B7%A5%E7%A8%8B%E9%A1%B9%E7%9B%AE/PlayableAD/Cocos/TheW/20260615_HYQ/HYQ_Project/assets/Script/functionS/UI/GameOver/GameOverPanel.ts.
17:31:47.556 debug: Resolve file:///D:/%E5%B7%A5%E7%A8%8B%E9%A1%B9%E7%9B%AE/PlayableAD/Cocos/TheW/20260615_HYQ/HYQ_Project/assets/Script/functionS/UI/GameOver/UIButtonEvent.ts from cce:/internal/x/prerequisite-imports as file:///D:/%E5%B7%A5%E7%A8%8B%E9%A1%B9%E7%9B%AE/PlayableAD/Cocos/TheW/20260615_HYQ/HYQ_Project/assets/Script/functionS/UI/GameOver/UIButtonEvent.ts.
17:31:47.557 debug: Resolve file:///D:/%E5%B7%A5%E7%A8%8B%E9%A1%B9%E7%9B%AE/PlayableAD/Cocos/TheW/20260615_HYQ/HYQ_Project/extensions/super-packager/package_assets/Common/SuperPackage.ts from cce:/internal/x/prerequisite-imports as file:///D:/%E5%B7%A5%E7%A8%8B%E9%A1%B9%E7%9B%AE/PlayableAD/Cocos/TheW/20260615_HYQ/HYQ_Project/extensions/super-packager/package_assets/Common/SuperPackage.ts.
17:31:47.558 debug: Resolve file:///D:/%E5%B7%A5%E7%A8%8B%E9%A1%B9%E7%9B%AE/PlayableAD/Cocos/TheW/20260615_HYQ/HYQ_Project/extensions/super-packager/package_assets/Common/super_html_playable.ts from cce:/internal/x/prerequisite-imports as file:///D:/%E5%B7%A5%E7%A8%8B%E9%A1%B9%E7%9B%AE/PlayableAD/Cocos/TheW/20260615_HYQ/HYQ_Project/extensions/super-packager/package_assets/Common/super_html_playable.ts.
17:31:47.558 debug: Resolve file:///D:/%E5%B7%A5%E7%A8%8B%E9%A1%B9%E7%9B%AE/PlayableAD/Cocos/TheW/20260615_HYQ/HYQ_Project/extensions/super-packager/package_assets/JiangYv/PBASDK-v3/PBASDK.ts from cce:/internal/x/prerequisite-imports as file:///D:/%E5%B7%A5%E7%A8%8B%E9%A1%B9%E7%9B%AE/PlayableAD/Cocos/TheW/20260615_HYQ/HYQ_Project/extensions/super-packager/package_assets/JiangYv/PBASDK-v3/PBASDK.ts.
17:31:47.559 debug: Resolve file:///D:/%E5%B7%A5%E7%A8%8B%E9%A1%B9%E7%9B%AE/PlayableAD/Cocos/TheW/20260615_HYQ/HYQ_Project/extensions/super-packager/package_assets/JiangYv/PBASDK-v3/PLASDK.ts from cce:/internal/x/prerequisite-imports as file:///D:/%E5%B7%A5%E7%A8%8B%E9%A1%B9%E7%9B%AE/PlayableAD/Cocos/TheW/20260615_HYQ/HYQ_Project/extensions/super-packager/package_assets/JiangYv/PBASDK-v3/PLASDK.ts.
17:31:47.559 debug: Resolve file:///D:/%E5%B7%A5%E7%A8%8B%E9%A1%B9%E7%9B%AE/PlayableAD/Cocos/TheW/20260615_HYQ/HYQ_Project/extensions/super-packager/package_assets/JiangYv/PBASDK-v3/PrintComponent.ts from cce:/internal/x/prerequisite-imports as file:///D:/%E5%B7%A5%E7%A8%8B%E9%A1%B9%E7%9B%AE/PlayableAD/Cocos/TheW/20260615_HYQ/HYQ_Project/extensions/super-packager/package_assets/JiangYv/PBASDK-v3/PrintComponent.ts.
17:31:47.560 debug: Resolve file:///D:/%E5%B7%A5%E7%A8%8B%E9%A1%B9%E7%9B%AE/PlayableAD/Cocos/TheW/20260615_HYQ/HYQ_Project/extensions/super-packager/package_assets/JiangYv/PBASDK-v3/StutterCheck.ts from cce:/internal/x/prerequisite-imports as file:///D:/%E5%B7%A5%E7%A8%8B%E9%A1%B9%E7%9B%AE/PlayableAD/Cocos/TheW/20260615_HYQ/HYQ_Project/extensions/super-packager/package_assets/JiangYv/PBASDK-v3/StutterCheck.ts.
17:31:47.560 debug: Resolve file:///D:/%E5%B7%A5%E7%A8%8B%E9%A1%B9%E7%9B%AE/PlayableAD/Cocos/TheW/20260615_HYQ/HYQ_Project/extensions/super-packager/package_assets/JiangYv/PBASDK-v3/super_html_playable.ts from cce:/internal/x/prerequisite-imports as file:///D:/%E5%B7%A5%E7%A8%8B%E9%A1%B9%E7%9B%AE/PlayableAD/Cocos/TheW/20260615_HYQ/HYQ_Project/extensions/super-packager/package_assets/JiangYv/PBASDK-v3/super_html_playable.ts.
17:31:47.561 debug: Resolve file:///D:/%E5%B7%A5%E7%A8%8B%E9%A1%B9%E7%9B%AE/PlayableAD/Cocos/TheW/20260615_HYQ/HYQ_Project/extensions/super-packager/package_assets/JiangYv/SuperPackageJY.ts from cce:/internal/x/prerequisite-imports as file:///D:/%E5%B7%A5%E7%A8%8B%E9%A1%B9%E7%9B%AE/PlayableAD/Cocos/TheW/20260615_HYQ/HYQ_Project/extensions/super-packager/package_assets/JiangYv/SuperPackageJY.ts.
17:31:47.562 debug: Resolve cce:/internal/code-quality/cr.mjs from file:///D:/%E5%B7%A5%E7%A8%8B%E9%A1%B9%E7%9B%AE/PlayableAD/Cocos/TheW/20260615_HYQ/HYQ_Project/assets/Script/functionS/Other/PropArms.ts as cce:/internal/code-quality/cr.mjs.
17:31:47.562 debug: Resolve cc from file:///D:/%E5%B7%A5%E7%A8%8B%E9%A1%B9%E7%9B%AE/PlayableAD/Cocos/TheW/20260615_HYQ/HYQ_Project/assets/Script/functionS/Other/PropArms.ts as cce:/internal/x/cc.
17:31:47.562 debug: Resolve cc from file:///D:/%E5%B7%A5%E7%A8%8B%E9%A1%B9%E7%9B%AE/PlayableAD/Cocos/TheW/20260615_HYQ/HYQ_Project/assets/Script/functionS/Other/PropArms.ts as cce:/internal/x/cc.
17:31:47.562 debug: Resolve cc from file:///D:/%E5%B7%A5%E7%A8%8B%E9%A1%B9%E7%9B%AE/PlayableAD/Cocos/TheW/20260615_HYQ/HYQ_Project/assets/Script/functionS/Other/PropArms.ts as cce:/internal/x/cc.
17:31:47.563 debug: Resolve ../Battle/BattleTarger/BattleTarget3D from file:///D:/%E5%B7%A5%E7%A8%8B%E9%A1%B9%E7%9B%AE/PlayableAD/Cocos/TheW/20260615_HYQ/HYQ_Project/assets/Script/functionS/Other/PropArms.ts as file:///D:/%E5%B7%A5%E7%A8%8B%E9%A1%B9%E7%9B%AE/PlayableAD/Cocos/TheW/20260615_HYQ/HYQ_Project/assets/Script/functionS/Battle/BattleTarger/BattleTarget3D.ts.
17:31:47.563 debug: Resolve ../Battle/BulletMonsterCollisionManager from file:///D:/%E5%B7%A5%E7%A8%8B%E9%A1%B9%E7%9B%AE/PlayableAD/Cocos/TheW/20260615_HYQ/HYQ_Project/assets/Script/functionS/Other/PropArms.ts as file:///D:/%E5%B7%A5%E7%A8%8B%E9%A1%B9%E7%9B%AE/PlayableAD/Cocos/TheW/20260615_HYQ/HYQ_Project/assets/Script/functionS/Battle/BulletMonsterCollisionManager.ts.
17:31:47.564 debug: Resolve ../../Base/PoolManager from file:///D:/%E5%B7%A5%E7%A8%8B%E9%A1%B9%E7%9B%AE/PlayableAD/Cocos/TheW/20260615_HYQ/HYQ_Project/assets/Script/functionS/Other/PropArms.ts as file:///D:/%E5%B7%A5%E7%A8%8B%E9%A1%B9%E7%9B%AE/PlayableAD/Cocos/TheW/20260615_HYQ/HYQ_Project/assets/Script/Base/PoolManager.ts.
17:31:47.565 debug: Resolve ../../Base/EnumList from file:///D:/%E5%B7%A5%E7%A8%8B%E9%A1%B9%E7%9B%AE/PlayableAD/Cocos/TheW/20260615_HYQ/HYQ_Project/assets/Script/functionS/Other/PropArms.ts as file:///D:/%E5%B7%A5%E7%A8%8B%E9%A1%B9%E7%9B%AE/PlayableAD/Cocos/TheW/20260615_HYQ/HYQ_Project/assets/Script/Base/EnumList.ts.
17:31:47.566 debug: Resolve ../../Base/PrefabsManager from file:///D:/%E5%B7%A5%E7%A8%8B%E9%A1%B9%E7%9B%AE/PlayableAD/Cocos/TheW/20260615_HYQ/HYQ_Project/assets/Script/functionS/Other/PropArms.ts as file:///D:/%E5%B7%A5%E7%A8%8B%E9%A1%B9%E7%9B%AE/PlayableAD/Cocos/TheW/20260615_HYQ/HYQ_Project/assets/Script/Base/PrefabsManager.ts.
17:31:47.566 debug: Resolve ../../Tool/TweenTool from file:///D:/%E5%B7%A5%E7%A8%8B%E9%A1%B9%E7%9B%AE/PlayableAD/Cocos/TheW/20260615_HYQ/HYQ_Project/assets/Script/functionS/Other/PropArms.ts as file:///D:/%E5%B7%A5%E7%A8%8B%E9%A1%B9%E7%9B%AE/PlayableAD/Cocos/TheW/20260615_HYQ/HYQ_Project/assets/Script/Tool/TweenTool.ts.
17:31:47.567 debug: Resolve ../../Base/EventManager from file:///D:/%E5%B7%A5%E7%A8%8B%E9%A1%B9%E7%9B%AE/PlayableAD/Cocos/TheW/20260615_HYQ/HYQ_Project/assets/Script/functionS/Other/PropArms.ts as file:///D:/%E5%B7%A5%E7%A8%8B%E9%A1%B9%E7%9B%AE/PlayableAD/Cocos/TheW/20260615_HYQ/HYQ_Project/assets/Script/Base/EventManager.ts.
17:31:47.567 debug: Resolve ../Battle/Battle3D/AttackParkPlay from file:///D:/%E5%B7%A5%E7%A8%8B%E9%A1%B9%E7%9B%AE/PlayableAD/Cocos/TheW/20260615_HYQ/HYQ_Project/assets/Script/functionS/Other/PropArms.ts as file:///D:/%E5%B7%A5%E7%A8%8B%E9%A1%B9%E7%9B%AE/PlayableAD/Cocos/TheW/20260615_HYQ/HYQ_Project/assets/Script/functionS/Battle/Battle3D/AttackParkPlay.ts.
17:31:47.568 debug: Resolve ../Battle/Base/FlashRedManager from file:///D:/%E5%B7%A5%E7%A8%8B%E9%A1%B9%E7%9B%AE/PlayableAD/Cocos/TheW/20260615_HYQ/HYQ_Project/assets/Script/functionS/Other/PropArms.ts as file:///D:/%E5%B7%A5%E7%A8%8B%E9%A1%B9%E7%9B%AE/PlayableAD/Cocos/TheW/20260615_HYQ/HYQ_Project/assets/Script/functionS/Battle/Base/FlashRedManager.ts.
17:31:47.568 debug: Resolve ../../Base/AudioManager from file:///D:/%E5%B7%A5%E7%A8%8B%E9%A1%B9%E7%9B%AE/PlayableAD/Cocos/TheW/20260615_HYQ/HYQ_Project/assets/Script/functionS/Other/PropArms.ts as file:///D:/%E5%B7%A5%E7%A8%8B%E9%A1%B9%E7%9B%AE/PlayableAD/Cocos/TheW/20260615_HYQ/HYQ_Project/assets/Script/Base/AudioManager.ts.
17:31:47.569 debug: Resolve ../SkAnim/FbxManager from file:///D:/%E5%B7%A5%E7%A8%8B%E9%A1%B9%E7%9B%AE/PlayableAD/Cocos/TheW/20260615_HYQ/HYQ_Project/assets/Script/functionS/Other/PropArms.ts as file:///D:/%E5%B7%A5%E7%A8%8B%E9%A1%B9%E7%9B%AE/PlayableAD/Cocos/TheW/20260615_HYQ/HYQ_Project/assets/Script/functionS/SkAnim/FbxManager.ts.
17:31:47.569 debug: Resolve ../../Base/CameraMove from file:///D:/%E5%B7%A5%E7%A8%8B%E9%A1%B9%E7%9B%AE/PlayableAD/Cocos/TheW/20260615_HYQ/HYQ_Project/assets/Script/functionS/Other/PropArms.ts as file:///D:/%E5%B7%A5%E7%A8%8B%E9%A1%B9%E7%9B%AE/PlayableAD/Cocos/TheW/20260615_HYQ/HYQ_Project/assets/Script/Base/CameraMove.ts.
17:31:47.570 debug: Resolve ../Monster/MonsterCreate from file:///D:/%E5%B7%A5%E7%A8%8B%E9%A1%B9%E7%9B%AE/PlayableAD/Cocos/TheW/20260615_HYQ/HYQ_Project/assets/Script/functionS/Other/PropArms.ts as file:///D:/%E5%B7%A5%E7%A8%8B%E9%A1%B9%E7%9B%AE/PlayableAD/Cocos/TheW/20260615_HYQ/HYQ_Project/assets/Script/functionS/Monster/MonsterCreate.ts.
17:31:47.633 debug: Target(editor) ends with cost 742.9784000001382ms.
17:31:47.634 debug: Target(preview) build started.
17:31:47.637 debug: Detected change: cce:/internal/x/prerequisite-imports. Last mtime: Thu Jan 01 1970 08:15:28 GMT+0800 (中国标准时间), Current mtime: Thu Jan 01 1970 08:25:55 GMT+0800 (中国标准时间)
17:31:47.637 debug: Inspect cce:/internal/x/prerequisite-imports
17:31:47.671 debug: transform url: 'cce:/internal/x/prerequisite-imports' costs: 33.20 ms
17:31:47.676 debug: Resolve file:///C:/ProgramData/cocos/editors/Creator/3.8.7/resources/resources/3d/engine/editor/assets/default_renderpipeline/builtin-dof-pass.ts from cce:/internal/x/prerequisite-imports as file:///C:/ProgramData/cocos/editors/Creator/3.8.7/resources/resources/3d/engine/editor/assets/default_renderpipeline/builtin-dof-pass.ts.
17:31:47.677 debug: Resolve file:///C:/ProgramData/cocos/editors/Creator/3.8.7/resources/resources/3d/engine/editor/assets/default_renderpipeline/builtin-pipeline-pass.ts from cce:/internal/x/prerequisite-imports as file:///C:/ProgramData/cocos/editors/Creator/3.8.7/resources/resources/3d/engine/editor/assets/default_renderpipeline/builtin-pipeline-pass.ts.
17:31:47.678 debug: Resolve file:///C:/ProgramData/cocos/editors/Creator/3.8.7/resources/resources/3d/engine/editor/assets/default_renderpipeline/builtin-pipeline-settings.ts from cce:/internal/x/prerequisite-imports as file:///C:/ProgramData/cocos/editors/Creator/3.8.7/resources/resources/3d/engine/editor/assets/default_renderpipeline/builtin-pipeline-settings.ts.
17:31:47.679 debug: Resolve file:///C:/ProgramData/cocos/editors/Creator/3.8.7/resources/resources/3d/engine/editor/assets/default_renderpipeline/builtin-pipeline-types.ts from cce:/internal/x/prerequisite-imports as file:///C:/ProgramData/cocos/editors/Creator/3.8.7/resources/resources/3d/engine/editor/assets/default_renderpipeline/builtin-pipeline-types.ts.
17:31:47.680 debug: Resolve file:///C:/ProgramData/cocos/editors/Creator/3.8.7/resources/resources/3d/engine/editor/assets/default_renderpipeline/builtin-pipeline.ts from cce:/internal/x/prerequisite-imports as file:///C:/ProgramData/cocos/editors/Creator/3.8.7/resources/resources/3d/engine/editor/assets/default_renderpipeline/builtin-pipeline.ts.
17:31:47.681 debug: Resolve file:///C:/ProgramData/cocos/editors/Creator/3.8.7/resources/resources/3d/engine/editor/assets/tools/debug-view-runtime-control.ts from cce:/internal/x/prerequisite-imports as file:///C:/ProgramData/cocos/editors/Creator/3.8.7/resources/resources/3d/engine/editor/assets/tools/debug-view-runtime-control.ts.
17:31:47.682 debug: Resolve file:///D:/%E5%B7%A5%E7%A8%8B%E9%A1%B9%E7%9B%AE/PlayableAD/Cocos/TheW/20260615_HYQ/HYQ_Project/assets/GameRes/1219/Scene/Eff/light/Lightning.ts from cce:/internal/x/prerequisite-imports as file:///D:/%E5%B7%A5%E7%A8%8B%E9%A1%B9%E7%9B%AE/PlayableAD/Cocos/TheW/20260615_HYQ/HYQ_Project/assets/GameRes/1219/Scene/Eff/light/Lightning.ts.
17:31:47.683 debug: Resolve file:///D:/%E5%B7%A5%E7%A8%8B%E9%A1%B9%E7%9B%AE/PlayableAD/Cocos/TheW/20260615_HYQ/HYQ_Project/assets/Script/Base/AudioManager.ts from cce:/internal/x/prerequisite-imports as file:///D:/%E5%B7%A5%E7%A8%8B%E9%A1%B9%E7%9B%AE/PlayableAD/Cocos/TheW/20260615_HYQ/HYQ_Project/assets/Script/Base/AudioManager.ts.
17:31:47.683 debug: Resolve file:///D:/%E5%B7%A5%E7%A8%8B%E9%A1%B9%E7%9B%AE/PlayableAD/Cocos/TheW/20260615_HYQ/HYQ_Project/assets/Script/Base/CameraMove.ts from cce:/internal/x/prerequisite-imports as file:///D:/%E5%B7%A5%E7%A8%8B%E9%A1%B9%E7%9B%AE/PlayableAD/Cocos/TheW/20260615_HYQ/HYQ_Project/assets/Script/Base/CameraMove.ts.
17:31:47.684 debug: Resolve file:///D:/%E5%B7%A5%E7%A8%8B%E9%A1%B9%E7%9B%AE/PlayableAD/Cocos/TheW/20260615_HYQ/HYQ_Project/assets/Script/Base/EnumList.ts from cce:/internal/x/prerequisite-imports as file:///D:/%E5%B7%A5%E7%A8%8B%E9%A1%B9%E7%9B%AE/PlayableAD/Cocos/TheW/20260615_HYQ/HYQ_Project/assets/Script/Base/EnumList.ts.
17:31:47.684 debug: Resolve file:///D:/%E5%B7%A5%E7%A8%8B%E9%A1%B9%E7%9B%AE/PlayableAD/Cocos/TheW/20260615_HYQ/HYQ_Project/assets/Script/Base/EventManager.ts from cce:/internal/x/prerequisite-imports as file:///D:/%E5%B7%A5%E7%A8%8B%E9%A1%B9%E7%9B%AE/PlayableAD/Cocos/TheW/20260615_HYQ/HYQ_Project/assets/Script/Base/EventManager.ts.
17:31:47.685 debug: Resolve file:///D:/%E5%B7%A5%E7%A8%8B%E9%A1%B9%E7%9B%AE/PlayableAD/Cocos/TheW/20260615_HYQ/HYQ_Project/assets/Script/Base/LayerManager.ts from cce:/internal/x/prerequisite-imports as file:///D:/%E5%B7%A5%E7%A8%8B%E9%A1%B9%E7%9B%AE/PlayableAD/Cocos/TheW/20260615_HYQ/HYQ_Project/assets/Script/Base/LayerManager.ts.
17:31:47.685 debug: Resolve file:///D:/%E5%B7%A5%E7%A8%8B%E9%A1%B9%E7%9B%AE/PlayableAD/Cocos/TheW/20260615_HYQ/HYQ_Project/assets/Script/Base/MoveRot/MoveDrive.ts from cce:/internal/x/prerequisite-imports as file:///D:/%E5%B7%A5%E7%A8%8B%E9%A1%B9%E7%9B%AE/PlayableAD/Cocos/TheW/20260615_HYQ/HYQ_Project/assets/Script/Base/MoveRot/MoveDrive.ts.
17:31:47.686 debug: Resolve file:///D:/%E5%B7%A5%E7%A8%8B%E9%A1%B9%E7%9B%AE/PlayableAD/Cocos/TheW/20260615_HYQ/HYQ_Project/assets/Script/Base/MoveRot/RotationDrive.ts from cce:/internal/x/prerequisite-imports as file:///D:/%E5%B7%A5%E7%A8%8B%E9%A1%B9%E7%9B%AE/PlayableAD/Cocos/TheW/20260615_HYQ/HYQ_Project/assets/Script/Base/MoveRot/RotationDrive.ts.
17:31:47.687 debug: Resolve file:///D:/%E5%B7%A5%E7%A8%8B%E9%A1%B9%E7%9B%AE/PlayableAD/Cocos/TheW/20260615_HYQ/HYQ_Project/assets/Script/Base/MoveRot/RotationVector.ts from cce:/internal/x/prerequisite-imports as file:///D:/%E5%B7%A5%E7%A8%8B%E9%A1%B9%E7%9B%AE/PlayableAD/Cocos/TheW/20260615_HYQ/HYQ_Project/assets/Script/Base/MoveRot/RotationVector.ts.
17:31:47.689 debug: Resolve file:///D:/%E5%B7%A5%E7%A8%8B%E9%A1%B9%E7%9B%AE/PlayableAD/Cocos/TheW/20260615_HYQ/HYQ_Project/assets/Script/Base/PoolManager.ts from cce:/internal/x/prerequisite-imports as file:///D:/%E5%B7%A5%E7%A8%8B%E9%A1%B9%E7%9B%AE/PlayableAD/Cocos/TheW/20260615_HYQ/HYQ_Project/assets/Script/Base/PoolManager.ts.
17:31:47.689 debug: Resolve file:///D:/%E5%B7%A5%E7%A8%8B%E9%A1%B9%E7%9B%AE/PlayableAD/Cocos/TheW/20260615_HYQ/HYQ_Project/assets/Script/Base/PrefabsManager.ts from cce:/internal/x/prerequisite-imports as file:///D:/%E5%B7%A5%E7%A8%8B%E9%A1%B9%E7%9B%AE/PlayableAD/Cocos/TheW/20260615_HYQ/HYQ_Project/assets/Script/Base/PrefabsManager.ts.
17:31:47.690 debug: Resolve file:///D:/%E5%B7%A5%E7%A8%8B%E9%A1%B9%E7%9B%AE/PlayableAD/Cocos/TheW/20260615_HYQ/HYQ_Project/assets/Script/Base/Singleton.ts from cce:/internal/x/prerequisite-imports as file:///D:/%E5%B7%A5%E7%A8%8B%E9%A1%B9%E7%9B%AE/PlayableAD/Cocos/TheW/20260615_HYQ/HYQ_Project/assets/Script/Base/Singleton.ts.
17:31:47.690 debug: Resolve file:///D:/%E5%B7%A5%E7%A8%8B%E9%A1%B9%E7%9B%AE/PlayableAD/Cocos/TheW/20260615_HYQ/HYQ_Project/assets/Script/Base/TextAdaptation/DownLoadL8.ts from cce:/internal/x/prerequisite-imports as file:///D:/%E5%B7%A5%E7%A8%8B%E9%A1%B9%E7%9B%AE/PlayableAD/Cocos/TheW/20260615_HYQ/HYQ_Project/assets/Script/Base/TextAdaptation/DownLoadL8.ts.
17:31:47.691 debug: Resolve file:///D:/%E5%B7%A5%E7%A8%8B%E9%A1%B9%E7%9B%AE/PlayableAD/Cocos/TheW/20260615_HYQ/HYQ_Project/assets/Script/Base/TextAdaptation/DragAndMoveL8.ts from cce:/internal/x/prerequisite-imports as file:///D:/%E5%B7%A5%E7%A8%8B%E9%A1%B9%E7%9B%AE/PlayableAD/Cocos/TheW/20260615_HYQ/HYQ_Project/assets/Script/Base/TextAdaptation/DragAndMoveL8.ts.
17:31:47.692 debug: Resolve file:///D:/%E5%B7%A5%E7%A8%8B%E9%A1%B9%E7%9B%AE/PlayableAD/Cocos/TheW/20260615_HYQ/HYQ_Project/assets/Script/Base/TextAdaptation/L18Manager.ts from cce:/internal/x/prerequisite-imports as file:///D:/%E5%B7%A5%E7%A8%8B%E9%A1%B9%E7%9B%AE/PlayableAD/Cocos/TheW/20260615_HYQ/HYQ_Project/assets/Script/Base/TextAdaptation/L18Manager.ts.
17:31:47.693 debug: Resolve file:///D:/%E5%B7%A5%E7%A8%8B%E9%A1%B9%E7%9B%AE/PlayableAD/Cocos/TheW/20260615_HYQ/HYQ_Project/assets/Script/Base/TextAdaptation/LangArrAuto.ts from cce:/internal/x/prerequisite-imports as file:///D:/%E5%B7%A5%E7%A8%8B%E9%A1%B9%E7%9B%AE/PlayableAD/Cocos/TheW/20260615_HYQ/HYQ_Project/assets/Script/Base/TextAdaptation/LangArrAuto.ts.
17:31:47.693 debug: Resolve file:///D:/%E5%B7%A5%E7%A8%8B%E9%A1%B9%E7%9B%AE/PlayableAD/Cocos/TheW/20260615_HYQ/HYQ_Project/assets/Script/Base/TextAdaptation/LangAuto.ts from cce:/internal/x/prerequisite-imports as file:///D:/%E5%B7%A5%E7%A8%8B%E9%A1%B9%E7%9B%AE/PlayableAD/Cocos/TheW/20260615_HYQ/HYQ_Project/assets/Script/Base/TextAdaptation/LangAuto.ts.
17:31:47.694 debug: Resolve file:///D:/%E5%B7%A5%E7%A8%8B%E9%A1%B9%E7%9B%AE/PlayableAD/Cocos/TheW/20260615_HYQ/HYQ_Project/assets/Script/Base/TextAdaptation/ResurrectionL8.ts from cce:/internal/x/prerequisite-imports as file:///D:/%E5%B7%A5%E7%A8%8B%E9%A1%B9%E7%9B%AE/PlayableAD/Cocos/TheW/20260615_HYQ/HYQ_Project/assets/Script/Base/TextAdaptation/ResurrectionL8.ts.
17:31:47.694 debug: Resolve file:///D:/%E5%B7%A5%E7%A8%8B%E9%A1%B9%E7%9B%AE/PlayableAD/Cocos/TheW/20260615_HYQ/HYQ_Project/assets/Script/Base/UnityUpComponent.ts from cce:/internal/x/prerequisite-imports as file:///D:/%E5%B7%A5%E7%A8%8B%E9%A1%B9%E7%9B%AE/PlayableAD/Cocos/TheW/20260615_HYQ/HYQ_Project/assets/Script/Base/UnityUpComponent.ts.
17:31:47.695 debug: Resolve file:///D:/%E5%B7%A5%E7%A8%8B%E9%A1%B9%E7%9B%AE/PlayableAD/Cocos/TheW/20260615_HYQ/HYQ_Project/assets/Script/Tool/Index.ts from cce:/internal/x/prerequisite-imports as file:///D:/%E5%B7%A5%E7%A8%8B%E9%A1%B9%E7%9B%AE/PlayableAD/Cocos/TheW/20260615_HYQ/HYQ_Project/assets/Script/Tool/Index.ts.
17:31:47.695 debug: Resolve file:///D:/%E5%B7%A5%E7%A8%8B%E9%A1%B9%E7%9B%AE/PlayableAD/Cocos/TheW/20260615_HYQ/HYQ_Project/assets/Script/Tool/TweenTool.ts from cce:/internal/x/prerequisite-imports as file:///D:/%E5%B7%A5%E7%A8%8B%E9%A1%B9%E7%9B%AE/PlayableAD/Cocos/TheW/20260615_HYQ/HYQ_Project/assets/Script/Tool/TweenTool.ts.
17:31:47.696 debug: Resolve file:///D:/%E5%B7%A5%E7%A8%8B%E9%A1%B9%E7%9B%AE/PlayableAD/Cocos/TheW/20260615_HYQ/HYQ_Project/assets/Script/functionS/Bag/Base/BagBase.ts from cce:/internal/x/prerequisite-imports as file:///D:/%E5%B7%A5%E7%A8%8B%E9%A1%B9%E7%9B%AE/PlayableAD/Cocos/TheW/20260615_HYQ/HYQ_Project/assets/Script/functionS/Bag/Base/BagBase.ts.
17:31:47.696 debug: Resolve file:///D:/%E5%B7%A5%E7%A8%8B%E9%A1%B9%E7%9B%AE/PlayableAD/Cocos/TheW/20260615_HYQ/HYQ_Project/assets/Script/functionS/Bag/FlayPropManager.ts from cce:/internal/x/prerequisite-imports as file:///D:/%E5%B7%A5%E7%A8%8B%E9%A1%B9%E7%9B%AE/PlayableAD/Cocos/TheW/20260615_HYQ/HYQ_Project/assets/Script/functionS/Bag/FlayPropManager.ts.
17:31:47.697 debug: Resolve file:///D:/%E5%B7%A5%E7%A8%8B%E9%A1%B9%E7%9B%AE/PlayableAD/Cocos/TheW/20260615_HYQ/HYQ_Project/assets/Script/functionS/Bag/GroupBag3D.ts from cce:/internal/x/prerequisite-imports as file:///D:/%E5%B7%A5%E7%A8%8B%E9%A1%B9%E7%9B%AE/PlayableAD/Cocos/TheW/20260615_HYQ/HYQ_Project/assets/Script/functionS/Bag/GroupBag3D.ts.
17:31:47.698 debug: Resolve file:///D:/%E5%B7%A5%E7%A8%8B%E9%A1%B9%E7%9B%AE/PlayableAD/Cocos/TheW/20260615_HYQ/HYQ_Project/assets/Script/functionS/Bag/GroupPropTransform.ts from cce:/internal/x/prerequisite-imports as file:///D:/%E5%B7%A5%E7%A8%8B%E9%A1%B9%E7%9B%AE/PlayableAD/Cocos/TheW/20260615_HYQ/HYQ_Project/assets/Script/functionS/Bag/GroupPropTransform.ts.
17:31:47.699 debug: Resolve file:///D:/%E5%B7%A5%E7%A8%8B%E9%A1%B9%E7%9B%AE/PlayableAD/Cocos/TheW/20260615_HYQ/HYQ_Project/assets/Script/functionS/Bag/IPropFly.ts from cce:/internal/x/prerequisite-imports as file:///D:/%E5%B7%A5%E7%A8%8B%E9%A1%B9%E7%9B%AE/PlayableAD/Cocos/TheW/20260615_HYQ/HYQ_Project/assets/Script/functionS/Bag/IPropFly.ts.
17:31:47.700 debug: Resolve file:///D:/%E5%B7%A5%E7%A8%8B%E9%A1%B9%E7%9B%AE/PlayableAD/Cocos/TheW/20260615_HYQ/HYQ_Project/assets/Script/functionS/Bag/LabBagUp.ts from cce:/internal/x/prerequisite-imports as file:///D:/%E5%B7%A5%E7%A8%8B%E9%A1%B9%E7%9B%AE/PlayableAD/Cocos/TheW/20260615_HYQ/HYQ_Project/assets/Script/functionS/Bag/LabBagUp.ts.
17:31:47.700 debug: Resolve file:///D:/%E5%B7%A5%E7%A8%8B%E9%A1%B9%E7%9B%AE/PlayableAD/Cocos/TheW/20260615_HYQ/HYQ_Project/assets/Script/functionS/Bag/Prop.ts from cce:/internal/x/prerequisite-imports as file:///D:/%E5%B7%A5%E7%A8%8B%E9%A1%B9%E7%9B%AE/PlayableAD/Cocos/TheW/20260615_HYQ/HYQ_Project/assets/Script/functionS/Bag/Prop.ts.
17:31:47.701 debug: Resolve file:///D:/%E5%B7%A5%E7%A8%8B%E9%A1%B9%E7%9B%AE/PlayableAD/Cocos/TheW/20260615_HYQ/HYQ_Project/assets/Script/functionS/Bag/PropManager.ts from cce:/internal/x/prerequisite-imports as file:///D:/%E5%B7%A5%E7%A8%8B%E9%A1%B9%E7%9B%AE/PlayableAD/Cocos/TheW/20260615_HYQ/HYQ_Project/assets/Script/functionS/Bag/PropManager.ts.
17:31:47.701 debug: Resolve file:///D:/%E5%B7%A5%E7%A8%8B%E9%A1%B9%E7%9B%AE/PlayableAD/Cocos/TheW/20260615_HYQ/HYQ_Project/assets/Script/functionS/Battle/Attack/AreaAttack.ts from cce:/internal/x/prerequisite-imports as file:///D:/%E5%B7%A5%E7%A8%8B%E9%A1%B9%E7%9B%AE/PlayableAD/Cocos/TheW/20260615_HYQ/HYQ_Project/assets/Script/functionS/Battle/Attack/AreaAttack.ts.
17:31:47.702 debug: Resolve file:///D:/%E5%B7%A5%E7%A8%8B%E9%A1%B9%E7%9B%AE/PlayableAD/Cocos/TheW/20260615_HYQ/HYQ_Project/assets/Script/functionS/Battle/Attack/AttackState.ts from cce:/internal/x/prerequisite-imports as file:///D:/%E5%B7%A5%E7%A8%8B%E9%A1%B9%E7%9B%AE/PlayableAD/Cocos/TheW/20260615_HYQ/HYQ_Project/assets/Script/functionS/Battle/Attack/AttackState.ts.
17:31:47.703 debug: Resolve file:///D:/%E5%B7%A5%E7%A8%8B%E9%A1%B9%E7%9B%AE/PlayableAD/Cocos/TheW/20260615_HYQ/HYQ_Project/assets/Script/functionS/Battle/Attack/MeleeAttack.ts from cce:/internal/x/prerequisite-imports as file:///D:/%E5%B7%A5%E7%A8%8B%E9%A1%B9%E7%9B%AE/PlayableAD/Cocos/TheW/20260615_HYQ/HYQ_Project/assets/Script/functionS/Battle/Attack/MeleeAttack.ts.
17:31:47.704 debug: Resolve file:///D:/%E5%B7%A5%E7%A8%8B%E9%A1%B9%E7%9B%AE/PlayableAD/Cocos/TheW/20260615_HYQ/HYQ_Project/assets/Script/functionS/Battle/Base/AttackTargetBase.ts from cce:/internal/x/prerequisite-imports as file:///D:/%E5%B7%A5%E7%A8%8B%E9%A1%B9%E7%9B%AE/PlayableAD/Cocos/TheW/20260615_HYQ/HYQ_Project/assets/Script/functionS/Battle/Base/AttackTargetBase.ts.
17:31:47.705 debug: Resolve file:///D:/%E5%B7%A5%E7%A8%8B%E9%A1%B9%E7%9B%AE/PlayableAD/Cocos/TheW/20260615_HYQ/HYQ_Project/assets/Script/functionS/Battle/Base/BattleTargetBase.ts from cce:/internal/x/prerequisite-imports as file:///D:/%E5%B7%A5%E7%A8%8B%E9%A1%B9%E7%9B%AE/PlayableAD/Cocos/TheW/20260615_HYQ/HYQ_Project/assets/Script/functionS/Battle/Base/BattleTargetBase.ts.
17:31:47.705 debug: Resolve file:///D:/%E5%B7%A5%E7%A8%8B%E9%A1%B9%E7%9B%AE/PlayableAD/Cocos/TheW/20260615_HYQ/HYQ_Project/assets/Script/functionS/Battle/Base/FlashRedManager.ts from cce:/internal/x/prerequisite-imports as file:///D:/%E5%B7%A5%E7%A8%8B%E9%A1%B9%E7%9B%AE/PlayableAD/Cocos/TheW/20260615_HYQ/HYQ_Project/assets/Script/functionS/Battle/Base/FlashRedManager.ts.
17:31:47.706 debug: Resolve file:///D:/%E5%B7%A5%E7%A8%8B%E9%A1%B9%E7%9B%AE/PlayableAD/Cocos/TheW/20260615_HYQ/HYQ_Project/assets/Script/functionS/Battle/Battle2D/Attack2D/RangedAttack.ts from cce:/internal/x/prerequisite-imports as file:///D:/%E5%B7%A5%E7%A8%8B%E9%A1%B9%E7%9B%AE/PlayableAD/Cocos/TheW/20260615_HYQ/HYQ_Project/assets/Script/functionS/Battle/Battle2D/Attack2D/RangedAttack.ts.
17:31:47.707 debug: Resolve file:///D:/%E5%B7%A5%E7%A8%8B%E9%A1%B9%E7%9B%AE/PlayableAD/Cocos/TheW/20260615_HYQ/HYQ_Project/assets/Script/functionS/Battle/Battle2D/Bullet/BulletBattle2D.ts from cce:/internal/x/prerequisite-imports as file:///D:/%E5%B7%A5%E7%A8%8B%E9%A1%B9%E7%9B%AE/PlayableAD/Cocos/TheW/20260615_HYQ/HYQ_Project/assets/Script/functionS/Battle/Battle2D/Bullet/BulletBattle2D.ts.
17:31:47.708 debug: Resolve file:///D:/%E5%B7%A5%E7%A8%8B%E9%A1%B9%E7%9B%AE/PlayableAD/Cocos/TheW/20260615_HYQ/HYQ_Project/assets/Script/functionS/Battle/Battle2D/Bullet/BulletCollideBase2D.ts from cce:/internal/x/prerequisite-imports as file:///D:/%E5%B7%A5%E7%A8%8B%E9%A1%B9%E7%9B%AE/PlayableAD/Cocos/TheW/20260615_HYQ/HYQ_Project/assets/Script/functionS/Battle/Battle2D/Bullet/BulletCollideBase2D.ts.
17:31:47.709 debug: Resolve file:///D:/%E5%B7%A5%E7%A8%8B%E9%A1%B9%E7%9B%AE/PlayableAD/Cocos/TheW/20260615_HYQ/HYQ_Project/assets/Script/functionS/Battle/Battle2D/CollectBattleTarger2D.ts from cce:/internal/x/prerequisite-imports as file:///D:/%E5%B7%A5%E7%A8%8B%E9%A1%B9%E7%9B%AE/PlayableAD/Cocos/TheW/20260615_HYQ/HYQ_Project/assets/Script/functionS/Battle/Battle2D/CollectBattleTarger2D.ts.
17:31:47.709 debug: Resolve file:///D:/%E5%B7%A5%E7%A8%8B%E9%A1%B9%E7%9B%AE/PlayableAD/Cocos/TheW/20260615_HYQ/HYQ_Project/assets/Script/functionS/Battle/Battle2D/TriggerBase2D.ts from cce:/internal/x/prerequisite-imports as file:///D:/%E5%B7%A5%E7%A8%8B%E9%A1%B9%E7%9B%AE/PlayableAD/Cocos/TheW/20260615_HYQ/HYQ_Project/assets/Script/functionS/Battle/Battle2D/TriggerBase2D.ts.
17:31:47.710 debug: Resolve file:///D:/%E5%B7%A5%E7%A8%8B%E9%A1%B9%E7%9B%AE/PlayableAD/Cocos/TheW/20260615_HYQ/HYQ_Project/assets/Script/functionS/Battle/Battle3D/Attack3D/RangeTowerAttack.ts from cce:/internal/x/prerequisite-imports as file:///D:/%E5%B7%A5%E7%A8%8B%E9%A1%B9%E7%9B%AE/PlayableAD/Cocos/TheW/20260615_HYQ/HYQ_Project/assets/Script/functionS/Battle/Battle3D/Attack3D/RangeTowerAttack.ts.
17:31:47.711 debug: Resolve file:///D:/%E5%B7%A5%E7%A8%8B%E9%A1%B9%E7%9B%AE/PlayableAD/Cocos/TheW/20260615_HYQ/HYQ_Project/assets/Script/functionS/Battle/Battle3D/Attack3D/RangedAttack_Circle.ts from cce:/internal/x/prerequisite-imports as file:///D:/%E5%B7%A5%E7%A8%8B%E9%A1%B9%E7%9B%AE/PlayableAD/Cocos/TheW/20260615_HYQ/HYQ_Project/assets/Script/functionS/Battle/Battle3D/Attack3D/RangedAttack_Circle.ts.
17:31:47.712 debug: Resolve file:///D:/%E5%B7%A5%E7%A8%8B%E9%A1%B9%E7%9B%AE/PlayableAD/Cocos/TheW/20260615_HYQ/HYQ_Project/assets/Script/functionS/Battle/Battle3D/Attack3D/RangedAttack_Shrapnel.ts from cce:/internal/x/prerequisite-imports as file:///D:/%E5%B7%A5%E7%A8%8B%E9%A1%B9%E7%9B%AE/PlayableAD/Cocos/TheW/20260615_HYQ/HYQ_Project/assets/Script/functionS/Battle/Battle3D/Attack3D/RangedAttack_Shrapnel.ts.
17:31:47.712 debug: Resolve file:///D:/%E5%B7%A5%E7%A8%8B%E9%A1%B9%E7%9B%AE/PlayableAD/Cocos/TheW/20260615_HYQ/HYQ_Project/assets/Script/functionS/Battle/Battle3D/AttackParkPlay.ts from cce:/internal/x/prerequisite-imports as file:///D:/%E5%B7%A5%E7%A8%8B%E9%A1%B9%E7%9B%AE/PlayableAD/Cocos/TheW/20260615_HYQ/HYQ_Project/assets/Script/functionS/Battle/Battle3D/AttackParkPlay.ts.
17:31:47.713 debug: Resolve file:///D:/%E5%B7%A5%E7%A8%8B%E9%A1%B9%E7%9B%AE/PlayableAD/Cocos/TheW/20260615_HYQ/HYQ_Project/assets/Script/functionS/Battle/Battle3D/Bullet/BulletBattle3D.ts from cce:/internal/x/prerequisite-imports as file:///D:/%E5%B7%A5%E7%A8%8B%E9%A1%B9%E7%9B%AE/PlayableAD/Cocos/TheW/20260615_HYQ/HYQ_Project/assets/Script/functionS/Battle/Battle3D/Bullet/BulletBattle3D.ts.
17:31:47.714 debug: Resolve file:///D:/%E5%B7%A5%E7%A8%8B%E9%A1%B9%E7%9B%AE/PlayableAD/Cocos/TheW/20260615_HYQ/HYQ_Project/assets/Script/functionS/Battle/Battle3D/Bullet/BulletCollideBase3D.ts from cce:/internal/x/prerequisite-imports as file:///D:/%E5%B7%A5%E7%A8%8B%E9%A1%B9%E7%9B%AE/PlayableAD/Cocos/TheW/20260615_HYQ/HYQ_Project/assets/Script/functionS/Battle/Battle3D/Bullet/BulletCollideBase3D.ts.
17:31:47.715 debug: Resolve file:///D:/%E5%B7%A5%E7%A8%8B%E9%A1%B9%E7%9B%AE/PlayableAD/Cocos/TheW/20260615_HYQ/HYQ_Project/assets/Script/functionS/Battle/Battle3D/CollectBattleTarger3D.ts from cce:/internal/x/prerequisite-imports as file:///D:/%E5%B7%A5%E7%A8%8B%E9%A1%B9%E7%9B%AE/PlayableAD/Cocos/TheW/20260615_HYQ/HYQ_Project/assets/Script/functionS/Battle/Battle3D/CollectBattleTarger3D.ts.
17:31:47.716 debug: Resolve file:///D:/%E5%B7%A5%E7%A8%8B%E9%A1%B9%E7%9B%AE/PlayableAD/Cocos/TheW/20260615_HYQ/HYQ_Project/assets/Script/functionS/Battle/Battle3D/TriggerBase3D.ts from cce:/internal/x/prerequisite-imports as file:///D:/%E5%B7%A5%E7%A8%8B%E9%A1%B9%E7%9B%AE/PlayableAD/Cocos/TheW/20260615_HYQ/HYQ_Project/assets/Script/functionS/Battle/Battle3D/TriggerBase3D.ts.
17:31:47.717 debug: Resolve file:///D:/%E5%B7%A5%E7%A8%8B%E9%A1%B9%E7%9B%AE/PlayableAD/Cocos/TheW/20260615_HYQ/HYQ_Project/assets/Script/functionS/Battle/BattleTarger/BattleTarget2D.ts from cce:/internal/x/prerequisite-imports as file:///D:/%E5%B7%A5%E7%A8%8B%E9%A1%B9%E7%9B%AE/PlayableAD/Cocos/TheW/20260615_HYQ/HYQ_Project/assets/Script/functionS/Battle/BattleTarger/BattleTarget2D.ts.
17:31:47.718 debug: Resolve file:///D:/%E5%B7%A5%E7%A8%8B%E9%A1%B9%E7%9B%AE/PlayableAD/Cocos/TheW/20260615_HYQ/HYQ_Project/assets/Script/functionS/Battle/BattleTarger/BattleTarget3D.ts from cce:/internal/x/prerequisite-imports as file:///D:/%E5%B7%A5%E7%A8%8B%E9%A1%B9%E7%9B%AE/PlayableAD/Cocos/TheW/20260615_HYQ/HYQ_Project/assets/Script/functionS/Battle/BattleTarger/BattleTarget3D.ts.
17:31:47.719 debug: Resolve file:///D:/%E5%B7%A5%E7%A8%8B%E9%A1%B9%E7%9B%AE/PlayableAD/Cocos/TheW/20260615_HYQ/HYQ_Project/assets/Script/functionS/Battle/BulletBatchRenderer.ts from cce:/internal/x/prerequisite-imports as file:///D:/%E5%B7%A5%E7%A8%8B%E9%A1%B9%E7%9B%AE/PlayableAD/Cocos/TheW/20260615_HYQ/HYQ_Project/assets/Script/functionS/Battle/BulletBatchRenderer.ts.
17:31:47.720 debug: Resolve file:///D:/%E5%B7%A5%E7%A8%8B%E9%A1%B9%E7%9B%AE/PlayableAD/Cocos/TheW/20260615_HYQ/HYQ_Project/assets/Script/functionS/Battle/BulletManager.ts from cce:/internal/x/prerequisite-imports as file:///D:/%E5%B7%A5%E7%A8%8B%E9%A1%B9%E7%9B%AE/PlayableAD/Cocos/TheW/20260615_HYQ/HYQ_Project/assets/Script/functionS/Battle/BulletManager.ts.
17:31:47.720 debug: Resolve file:///D:/%E5%B7%A5%E7%A8%8B%E9%A1%B9%E7%9B%AE/PlayableAD/Cocos/TheW/20260615_HYQ/HYQ_Project/assets/Script/functionS/Battle/BulletMonsterCollisionManager.ts from cce:/internal/x/prerequisite-imports as file:///D:/%E5%B7%A5%E7%A8%8B%E9%A1%B9%E7%9B%AE/PlayableAD/Cocos/TheW/20260615_HYQ/HYQ_Project/assets/Script/functionS/Battle/BulletMonsterCollisionManager.ts.
17:31:47.721 debug: Resolve file:///D:/%E5%B7%A5%E7%A8%8B%E9%A1%B9%E7%9B%AE/PlayableAD/Cocos/TheW/20260615_HYQ/HYQ_Project/assets/Script/functionS/Battle/CollectBattleTarger/CollectGetTarget.ts from cce:/internal/x/prerequisite-imports as file:///D:/%E5%B7%A5%E7%A8%8B%E9%A1%B9%E7%9B%AE/PlayableAD/Cocos/TheW/20260615_HYQ/HYQ_Project/assets/Script/functionS/Battle/CollectBattleTarger/CollectGetTarget.ts.
17:31:47.721 debug: Resolve file:///D:/%E5%B7%A5%E7%A8%8B%E9%A1%B9%E7%9B%AE/PlayableAD/Cocos/TheW/20260615_HYQ/HYQ_Project/assets/Script/functionS/Battle/CollectBattleTarger/ColliderTag.ts from cce:/internal/x/prerequisite-imports as file:///D:/%E5%B7%A5%E7%A8%8B%E9%A1%B9%E7%9B%AE/PlayableAD/Cocos/TheW/20260615_HYQ/HYQ_Project/assets/Script/functionS/Battle/CollectBattleTarger/ColliderTag.ts.
17:31:47.722 debug: Resolve file:///D:/%E5%B7%A5%E7%A8%8B%E9%A1%B9%E7%9B%AE/PlayableAD/Cocos/TheW/20260615_HYQ/HYQ_Project/assets/Script/functionS/Battle/HpComponent.ts from cce:/internal/x/prerequisite-imports as file:///D:/%E5%B7%A5%E7%A8%8B%E9%A1%B9%E7%9B%AE/PlayableAD/Cocos/TheW/20260615_HYQ/HYQ_Project/assets/Script/functionS/Battle/HpComponent.ts.
17:31:47.722 debug: Resolve file:///D:/%E5%B7%A5%E7%A8%8B%E9%A1%B9%E7%9B%AE/PlayableAD/Cocos/TheW/20260615_HYQ/HYQ_Project/assets/Script/functionS/Effect/EffectManager.ts from cce:/internal/x/prerequisite-imports as file:///D:/%E5%B7%A5%E7%A8%8B%E9%A1%B9%E7%9B%AE/PlayableAD/Cocos/TheW/20260615_HYQ/HYQ_Project/assets/Script/functionS/Effect/EffectManager.ts.
17:31:47.723 debug: Resolve file:///D:/%E5%B7%A5%E7%A8%8B%E9%A1%B9%E7%9B%AE/PlayableAD/Cocos/TheW/20260615_HYQ/HYQ_Project/assets/Script/functionS/Effect/EffectRemoveBase.ts from cce:/internal/x/prerequisite-imports as file:///D:/%E5%B7%A5%E7%A8%8B%E9%A1%B9%E7%9B%AE/PlayableAD/Cocos/TheW/20260615_HYQ/HYQ_Project/assets/Script/functionS/Effect/EffectRemoveBase.ts.
17:31:47.723 debug: Resolve file:///D:/%E5%B7%A5%E7%A8%8B%E9%A1%B9%E7%9B%AE/PlayableAD/Cocos/TheW/20260615_HYQ/HYQ_Project/assets/Script/functionS/Effect/EffectTimePartRemove.ts from cce:/internal/x/prerequisite-imports as file:///D:/%E5%B7%A5%E7%A8%8B%E9%A1%B9%E7%9B%AE/PlayableAD/Cocos/TheW/20260615_HYQ/HYQ_Project/assets/Script/functionS/Effect/EffectTimePartRemove.ts.
17:31:47.724 debug: Resolve file:///D:/%E5%B7%A5%E7%A8%8B%E9%A1%B9%E7%9B%AE/PlayableAD/Cocos/TheW/20260615_HYQ/HYQ_Project/assets/Script/functionS/Effect/EffectTimeRemove.ts from cce:/internal/x/prerequisite-imports as file:///D:/%E5%B7%A5%E7%A8%8B%E9%A1%B9%E7%9B%AE/PlayableAD/Cocos/TheW/20260615_HYQ/HYQ_Project/assets/Script/functionS/Effect/EffectTimeRemove.ts.
17:31:47.724 debug: Resolve file:///D:/%E5%B7%A5%E7%A8%8B%E9%A1%B9%E7%9B%AE/PlayableAD/Cocos/TheW/20260615_HYQ/HYQ_Project/assets/Script/functionS/Guide/GuideLine.ts from cce:/internal/x/prerequisite-imports as file:///D:/%E5%B7%A5%E7%A8%8B%E9%A1%B9%E7%9B%AE/PlayableAD/Cocos/TheW/20260615_HYQ/HYQ_Project/assets/Script/functionS/Guide/GuideLine.ts.
17:31:47.725 debug: Resolve file:///D:/%E5%B7%A5%E7%A8%8B%E9%A1%B9%E7%9B%AE/PlayableAD/Cocos/TheW/20260615_HYQ/HYQ_Project/assets/Script/functionS/Guide/GuideManager.ts from cce:/internal/x/prerequisite-imports as file:///D:/%E5%B7%A5%E7%A8%8B%E9%A1%B9%E7%9B%AE/PlayableAD/Cocos/TheW/20260615_HYQ/HYQ_Project/assets/Script/functionS/Guide/GuideManager.ts.
17:31:47.726 debug: Resolve file:///D:/%E5%B7%A5%E7%A8%8B%E9%A1%B9%E7%9B%AE/PlayableAD/Cocos/TheW/20260615_HYQ/HYQ_Project/assets/Script/functionS/Jump/BezierCurve.ts from cce:/internal/x/prerequisite-imports as file:///D:/%E5%B7%A5%E7%A8%8B%E9%A1%B9%E7%9B%AE/PlayableAD/Cocos/TheW/20260615_HYQ/HYQ_Project/assets/Script/functionS/Jump/BezierCurve.ts.
17:31:47.726 debug: Resolve file:///D:/%E5%B7%A5%E7%A8%8B%E9%A1%B9%E7%9B%AE/PlayableAD/Cocos/TheW/20260615_HYQ/HYQ_Project/assets/Script/functionS/Jump/JumpCurve.ts from cce:/internal/x/prerequisite-imports as file:///D:/%E5%B7%A5%E7%A8%8B%E9%A1%B9%E7%9B%AE/PlayableAD/Cocos/TheW/20260615_HYQ/HYQ_Project/assets/Script/functionS/Jump/JumpCurve.ts.
17:31:47.727 debug: Resolve file:///D:/%E5%B7%A5%E7%A8%8B%E9%A1%B9%E7%9B%AE/PlayableAD/Cocos/TheW/20260615_HYQ/HYQ_Project/assets/Script/functionS/Jump/JumpCurve3D.ts from cce:/internal/x/prerequisite-imports as file:///D:/%E5%B7%A5%E7%A8%8B%E9%A1%B9%E7%9B%AE/PlayableAD/Cocos/TheW/20260615_HYQ/HYQ_Project/assets/Script/functionS/Jump/JumpCurve3D.ts.
17:31:47.728 debug: Resolve file:///D:/%E5%B7%A5%E7%A8%8B%E9%A1%B9%E7%9B%AE/PlayableAD/Cocos/TheW/20260615_HYQ/HYQ_Project/assets/Script/functionS/Jump/JumpDriveEngine.ts from cce:/internal/x/prerequisite-imports as file:///D:/%E5%B7%A5%E7%A8%8B%E9%A1%B9%E7%9B%AE/PlayableAD/Cocos/TheW/20260615_HYQ/HYQ_Project/assets/Script/functionS/Jump/JumpDriveEngine.ts.
17:31:47.728 debug: Resolve file:///D:/%E5%B7%A5%E7%A8%8B%E9%A1%B9%E7%9B%AE/PlayableAD/Cocos/TheW/20260615_HYQ/HYQ_Project/assets/Script/functionS/Jump/JumpManager.ts from cce:/internal/x/prerequisite-imports as file:///D:/%E5%B7%A5%E7%A8%8B%E9%A1%B9%E7%9B%AE/PlayableAD/Cocos/TheW/20260615_HYQ/HYQ_Project/assets/Script/functionS/Jump/JumpManager.ts.
17:31:47.729 debug: Resolve file:///D:/%E5%B7%A5%E7%A8%8B%E9%A1%B9%E7%9B%AE/PlayableAD/Cocos/TheW/20260615_HYQ/HYQ_Project/assets/Script/functionS/Jump/JumpParabola.ts from cce:/internal/x/prerequisite-imports as file:///D:/%E5%B7%A5%E7%A8%8B%E9%A1%B9%E7%9B%AE/PlayableAD/Cocos/TheW/20260615_HYQ/HYQ_Project/assets/Script/functionS/Jump/JumpParabola.ts.
17:31:47.729 debug: Resolve file:///D:/%E5%B7%A5%E7%A8%8B%E9%A1%B9%E7%9B%AE/PlayableAD/Cocos/TheW/20260615_HYQ/HYQ_Project/assets/Script/functionS/Jump/JumpScatter.ts from cce:/internal/x/prerequisite-imports as file:///D:/%E5%B7%A5%E7%A8%8B%E9%A1%B9%E7%9B%AE/PlayableAD/Cocos/TheW/20260615_HYQ/HYQ_Project/assets/Script/functionS/Jump/JumpScatter.ts.
17:31:47.730 debug: Resolve file:///D:/%E5%B7%A5%E7%A8%8B%E9%A1%B9%E7%9B%AE/PlayableAD/Cocos/TheW/20260615_HYQ/HYQ_Project/assets/Script/functionS/Jump/JumpSequenceBase.ts from cce:/internal/x/prerequisite-imports as file:///D:/%E5%B7%A5%E7%A8%8B%E9%A1%B9%E7%9B%AE/PlayableAD/Cocos/TheW/20260615_HYQ/HYQ_Project/assets/Script/functionS/Jump/JumpSequenceBase.ts.
17:31:47.731 debug: Resolve file:///D:/%E5%B7%A5%E7%A8%8B%E9%A1%B9%E7%9B%AE/PlayableAD/Cocos/TheW/20260615_HYQ/HYQ_Project/assets/Script/functionS/Monster/MonsterBattleTaerget.ts from cce:/internal/x/prerequisite-imports as file:///D:/%E5%B7%A5%E7%A8%8B%E9%A1%B9%E7%9B%AE/PlayableAD/Cocos/TheW/20260615_HYQ/HYQ_Project/assets/Script/functionS/Monster/MonsterBattleTaerget.ts.
17:31:47.733 debug: Resolve file:///D:/%E5%B7%A5%E7%A8%8B%E9%A1%B9%E7%9B%AE/PlayableAD/Cocos/TheW/20260615_HYQ/HYQ_Project/assets/Script/functionS/Monster/MonsterCreate.ts from cce:/internal/x/prerequisite-imports as file:///D:/%E5%B7%A5%E7%A8%8B%E9%A1%B9%E7%9B%AE/PlayableAD/Cocos/TheW/20260615_HYQ/HYQ_Project/assets/Script/functionS/Monster/MonsterCreate.ts.
17:31:47.734 debug: Resolve file:///D:/%E5%B7%A5%E7%A8%8B%E9%A1%B9%E7%9B%AE/PlayableAD/Cocos/TheW/20260615_HYQ/HYQ_Project/assets/Script/functionS/Other/ArmsUp.ts from cce:/internal/x/prerequisite-imports as file:///D:/%E5%B7%A5%E7%A8%8B%E9%A1%B9%E7%9B%AE/PlayableAD/Cocos/TheW/20260615_HYQ/HYQ_Project/assets/Script/functionS/Other/ArmsUp.ts.
17:31:47.735 debug: Resolve file:///D:/%E5%B7%A5%E7%A8%8B%E9%A1%B9%E7%9B%AE/PlayableAD/Cocos/TheW/20260615_HYQ/HYQ_Project/assets/Script/functionS/Other/CreatePropBrand.ts from cce:/internal/x/prerequisite-imports as file:///D:/%E5%B7%A5%E7%A8%8B%E9%A1%B9%E7%9B%AE/PlayableAD/Cocos/TheW/20260615_HYQ/HYQ_Project/assets/Script/functionS/Other/CreatePropBrand.ts.
17:31:47.735 debug: Resolve file:///D:/%E5%B7%A5%E7%A8%8B%E9%A1%B9%E7%9B%AE/PlayableAD/Cocos/TheW/20260615_HYQ/HYQ_Project/assets/Script/functionS/Other/PropArms.ts from cce:/internal/x/prerequisite-imports as file:///D:/%E5%B7%A5%E7%A8%8B%E9%A1%B9%E7%9B%AE/PlayableAD/Cocos/TheW/20260615_HYQ/HYQ_Project/assets/Script/functionS/Other/PropArms.ts.
17:31:47.735 debug: Detected change: file:///D:/%E5%B7%A5%E7%A8%8B%E9%A1%B9%E7%9B%AE/PlayableAD/Cocos/TheW/20260615_HYQ/HYQ_Project/assets/Script/functionS/Other/PropArms.ts. Last mtime: Wed Jun 24 2026 17:18:47 GMT+0800 (中国标准时间)@4c579f82-105c-430a-bfd7-23b68345d492, Current mtime: Wed Jun 24 2026 17:29:29 GMT+0800 (中国标准时间)@4c579f82-105c-430a-bfd7-23b68345d492
17:31:47.735 debug: Inspect file:///D:/%E5%B7%A5%E7%A8%8B%E9%A1%B9%E7%9B%AE/PlayableAD/Cocos/TheW/20260615_HYQ/HYQ_Project/assets/Script/functionS/Other/PropArms.ts
17:31:48.488 debug: transform url: 'file:///D:/%E5%B7%A5%E7%A8%8B%E9%A1%B9%E7%9B%AE/PlayableAD/Cocos/TheW/20260615_HYQ/HYQ_Project/assets/Script/functionS/Other/PropArms.ts' costs: 752.50 ms
17:31:48.492 debug: Resolve file:///D:/%E5%B7%A5%E7%A8%8B%E9%A1%B9%E7%9B%AE/PlayableAD/Cocos/TheW/20260615_HYQ/HYQ_Project/assets/Script/functionS/Other/PropBrand.ts from cce:/internal/x/prerequisite-imports as file:///D:/%E5%B7%A5%E7%A8%8B%E9%A1%B9%E7%9B%AE/PlayableAD/Cocos/TheW/20260615_HYQ/HYQ_Project/assets/Script/functionS/Other/PropBrand.ts.
17:31:48.494 debug: Resolve file:///D:/%E5%B7%A5%E7%A8%8B%E9%A1%B9%E7%9B%AE/PlayableAD/Cocos/TheW/20260615_HYQ/HYQ_Project/assets/Script/functionS/Other/PropLalianGate.ts from cce:/internal/x/prerequisite-imports as file:///D:/%E5%B7%A5%E7%A8%8B%E9%A1%B9%E7%9B%AE/PlayableAD/Cocos/TheW/20260615_HYQ/HYQ_Project/assets/Script/functionS/Other/PropLalianGate.ts.
17:31:48.495 debug: Resolve file:///D:/%E5%B7%A5%E7%A8%8B%E9%A1%B9%E7%9B%AE/PlayableAD/Cocos/TheW/20260615_HYQ/HYQ_Project/assets/Script/functionS/Other/PropTireGate.ts from cce:/internal/x/prerequisite-imports as file:///D:/%E5%B7%A5%E7%A8%8B%E9%A1%B9%E7%9B%AE/PlayableAD/Cocos/TheW/20260615_HYQ/HYQ_Project/assets/Script/functionS/Other/PropTireGate.ts.
17:31:48.496 debug: Resolve file:///D:/%E5%B7%A5%E7%A8%8B%E9%A1%B9%E7%9B%AE/PlayableAD/Cocos/TheW/20260615_HYQ/HYQ_Project/assets/Script/functionS/Player/Player.ts from cce:/internal/x/prerequisite-imports as file:///D:/%E5%B7%A5%E7%A8%8B%E9%A1%B9%E7%9B%AE/PlayableAD/Cocos/TheW/20260615_HYQ/HYQ_Project/assets/Script/functionS/Player/Player.ts.
17:31:48.496 debug: Resolve file:///D:/%E5%B7%A5%E7%A8%8B%E9%A1%B9%E7%9B%AE/PlayableAD/Cocos/TheW/20260615_HYQ/HYQ_Project/assets/Script/functionS/Player/Role.ts from cce:/internal/x/prerequisite-imports as file:///D:/%E5%B7%A5%E7%A8%8B%E9%A1%B9%E7%9B%AE/PlayableAD/Cocos/TheW/20260615_HYQ/HYQ_Project/assets/Script/functionS/Player/Role.ts.
17:31:48.498 debug: Resolve file:///D:/%E5%B7%A5%E7%A8%8B%E9%A1%B9%E7%9B%AE/PlayableAD/Cocos/TheW/20260615_HYQ/HYQ_Project/assets/Script/functionS/Rocker/RockerLogic.ts from cce:/internal/x/prerequisite-imports as file:///D:/%E5%B7%A5%E7%A8%8B%E9%A1%B9%E7%9B%AE/PlayableAD/Cocos/TheW/20260615_HYQ/HYQ_Project/assets/Script/functionS/Rocker/RockerLogic.ts.
17:31:48.499 debug: Resolve file:///D:/%E5%B7%A5%E7%A8%8B%E9%A1%B9%E7%9B%AE/PlayableAD/Cocos/TheW/20260615_HYQ/HYQ_Project/assets/Script/functionS/Rocker/RockerManager.ts from cce:/internal/x/prerequisite-imports as file:///D:/%E5%B7%A5%E7%A8%8B%E9%A1%B9%E7%9B%AE/PlayableAD/Cocos/TheW/20260615_HYQ/HYQ_Project/assets/Script/functionS/Rocker/RockerManager.ts.
17:31:48.500 debug: Resolve file:///D:/%E5%B7%A5%E7%A8%8B%E9%A1%B9%E7%9B%AE/PlayableAD/Cocos/TheW/20260615_HYQ/HYQ_Project/assets/Script/functionS/Rocker/RockerMouseEvent.ts from cce:/internal/x/prerequisite-imports as file:///D:/%E5%B7%A5%E7%A8%8B%E9%A1%B9%E7%9B%AE/PlayableAD/Cocos/TheW/20260615_HYQ/HYQ_Project/assets/Script/functionS/Rocker/RockerMouseEvent.ts.
17:31:48.500 debug: Resolve file:///D:/%E5%B7%A5%E7%A8%8B%E9%A1%B9%E7%9B%AE/PlayableAD/Cocos/TheW/20260615_HYQ/HYQ_Project/assets/Script/functionS/Rocker/RockerUI.ts from cce:/internal/x/prerequisite-imports as file:///D:/%E5%B7%A5%E7%A8%8B%E9%A1%B9%E7%9B%AE/PlayableAD/Cocos/TheW/20260615_HYQ/HYQ_Project/assets/Script/functionS/Rocker/RockerUI.ts.
17:31:48.501 debug: Resolve file:///D:/%E5%B7%A5%E7%A8%8B%E9%A1%B9%E7%9B%AE/PlayableAD/Cocos/TheW/20260615_HYQ/HYQ_Project/assets/Script/functionS/ShoppIng/Buy/BuyWay2D.ts from cce:/internal/x/prerequisite-imports as file:///D:/%E5%B7%A5%E7%A8%8B%E9%A1%B9%E7%9B%AE/PlayableAD/Cocos/TheW/20260615_HYQ/HYQ_Project/assets/Script/functionS/ShoppIng/Buy/BuyWay2D.ts.
17:31:48.502 debug: Resolve file:///D:/%E5%B7%A5%E7%A8%8B%E9%A1%B9%E7%9B%AE/PlayableAD/Cocos/TheW/20260615_HYQ/HYQ_Project/assets/Script/functionS/ShoppIng/Buy/BuyWay3D.ts from cce:/internal/x/prerequisite-imports as file:///D:/%E5%B7%A5%E7%A8%8B%E9%A1%B9%E7%9B%AE/PlayableAD/Cocos/TheW/20260615_HYQ/HYQ_Project/assets/Script/functionS/ShoppIng/Buy/BuyWay3D.ts.
17:31:48.503 debug: Resolve file:///D:/%E5%B7%A5%E7%A8%8B%E9%A1%B9%E7%9B%AE/PlayableAD/Cocos/TheW/20260615_HYQ/HYQ_Project/assets/Script/functionS/ShoppIng/Buy/BuyWayBase.ts from cce:/internal/x/prerequisite-imports as file:///D:/%E5%B7%A5%E7%A8%8B%E9%A1%B9%E7%9B%AE/PlayableAD/Cocos/TheW/20260615_HYQ/HYQ_Project/assets/Script/functionS/ShoppIng/Buy/BuyWayBase.ts.
17:31:48.504 debug: Resolve file:///D:/%E5%B7%A5%E7%A8%8B%E9%A1%B9%E7%9B%AE/PlayableAD/Cocos/TheW/20260615_HYQ/HYQ_Project/assets/Script/functionS/ShoppIng/ShoppIngEvent.ts from cce:/internal/x/prerequisite-imports as file:///D:/%E5%B7%A5%E7%A8%8B%E9%A1%B9%E7%9B%AE/PlayableAD/Cocos/TheW/20260615_HYQ/HYQ_Project/assets/Script/functionS/ShoppIng/ShoppIngEvent.ts.
17:31:48.505 debug: Resolve file:///D:/%E5%B7%A5%E7%A8%8B%E9%A1%B9%E7%9B%AE/PlayableAD/Cocos/TheW/20260615_HYQ/HYQ_Project/assets/Script/functionS/ShoppIng/Shopping.ts from cce:/internal/x/prerequisite-imports as file:///D:/%E5%B7%A5%E7%A8%8B%E9%A1%B9%E7%9B%AE/PlayableAD/Cocos/TheW/20260615_HYQ/HYQ_Project/assets/Script/functionS/ShoppIng/Shopping.ts.
17:31:48.506 debug: Resolve file:///D:/%E5%B7%A5%E7%A8%8B%E9%A1%B9%E7%9B%AE/PlayableAD/Cocos/TheW/20260615_HYQ/HYQ_Project/assets/Script/functionS/ShoppIng/Shopping_Super.ts from cce:/internal/x/prerequisite-imports as file:///D:/%E5%B7%A5%E7%A8%8B%E9%A1%B9%E7%9B%AE/PlayableAD/Cocos/TheW/20260615_HYQ/HYQ_Project/assets/Script/functionS/ShoppIng/Shopping_Super.ts.
17:31:48.506 debug: Resolve file:///D:/%E5%B7%A5%E7%A8%8B%E9%A1%B9%E7%9B%AE/PlayableAD/Cocos/TheW/20260615_HYQ/HYQ_Project/assets/Script/functionS/SkAnim/FbxManager.ts from cce:/internal/x/prerequisite-imports as file:///D:/%E5%B7%A5%E7%A8%8B%E9%A1%B9%E7%9B%AE/PlayableAD/Cocos/TheW/20260615_HYQ/HYQ_Project/assets/Script/functionS/SkAnim/FbxManager.ts.
17:31:48.507 debug: Resolve file:///D:/%E5%B7%A5%E7%A8%8B%E9%A1%B9%E7%9B%AE/PlayableAD/Cocos/TheW/20260615_HYQ/HYQ_Project/assets/Script/functionS/SkAnim/SequenceFrameAnim/FrameAnimManager.ts from cce:/internal/x/prerequisite-imports as file:///D:/%E5%B7%A5%E7%A8%8B%E9%A1%B9%E7%9B%AE/PlayableAD/Cocos/TheW/20260615_HYQ/HYQ_Project/assets/Script/functionS/SkAnim/SequenceFrameAnim/FrameAnimManager.ts.
17:31:48.507 debug: Resolve file:///D:/%E5%B7%A5%E7%A8%8B%E9%A1%B9%E7%9B%AE/PlayableAD/Cocos/TheW/20260615_HYQ/HYQ_Project/assets/Script/functionS/SkAnim/SequenceFrameAnim/FrameManager.ts from cce:/internal/x/prerequisite-imports as file:///D:/%E5%B7%A5%E7%A8%8B%E9%A1%B9%E7%9B%AE/PlayableAD/Cocos/TheW/20260615_HYQ/HYQ_Project/assets/Script/functionS/SkAnim/SequenceFrameAnim/FrameManager.ts.
17:31:48.508 debug: Resolve file:///D:/%E5%B7%A5%E7%A8%8B%E9%A1%B9%E7%9B%AE/PlayableAD/Cocos/TheW/20260615_HYQ/HYQ_Project/assets/Script/functionS/UI/GameOver/GameOverPanel.ts from cce:/internal/x/prerequisite-imports as file:///D:/%E5%B7%A5%E7%A8%8B%E9%A1%B9%E7%9B%AE/PlayableAD/Cocos/TheW/20260615_HYQ/HYQ_Project/assets/Script/functionS/UI/GameOver/GameOverPanel.ts.
17:31:48.508 debug: Resolve file:///D:/%E5%B7%A5%E7%A8%8B%E9%A1%B9%E7%9B%AE/PlayableAD/Cocos/TheW/20260615_HYQ/HYQ_Project/assets/Script/functionS/UI/GameOver/UIButtonEvent.ts from cce:/internal/x/prerequisite-imports as file:///D:/%E5%B7%A5%E7%A8%8B%E9%A1%B9%E7%9B%AE/PlayableAD/Cocos/TheW/20260615_HYQ/HYQ_Project/assets/Script/functionS/UI/GameOver/UIButtonEvent.ts.
17:31:48.509 debug: Resolve file:///D:/%E5%B7%A5%E7%A8%8B%E9%A1%B9%E7%9B%AE/PlayableAD/Cocos/TheW/20260615_HYQ/HYQ_Project/extensions/super-packager/package_assets/Common/SuperPackage.ts from cce:/internal/x/prerequisite-imports as file:///D:/%E5%B7%A5%E7%A8%8B%E9%A1%B9%E7%9B%AE/PlayableAD/Cocos/TheW/20260615_HYQ/HYQ_Project/extensions/super-packager/package_assets/Common/SuperPackage.ts.
17:31:48.510 debug: Resolve file:///D:/%E5%B7%A5%E7%A8%8B%E9%A1%B9%E7%9B%AE/PlayableAD/Cocos/TheW/20260615_HYQ/HYQ_Project/extensions/super-packager/package_assets/Common/super_html_playable.ts from cce:/internal/x/prerequisite-imports as file:///D:/%E5%B7%A5%E7%A8%8B%E9%A1%B9%E7%9B%AE/PlayableAD/Cocos/TheW/20260615_HYQ/HYQ_Project/extensions/super-packager/package_assets/Common/super_html_playable.ts.
17:31:48.510 debug: Resolve file:///D:/%E5%B7%A5%E7%A8%8B%E9%A1%B9%E7%9B%AE/PlayableAD/Cocos/TheW/20260615_HYQ/HYQ_Project/extensions/super-packager/package_assets/JiangYv/PBASDK-v3/PBASDK.ts from cce:/internal/x/prerequisite-imports as file:///D:/%E5%B7%A5%E7%A8%8B%E9%A1%B9%E7%9B%AE/PlayableAD/Cocos/TheW/20260615_HYQ/HYQ_Project/extensions/super-packager/package_assets/JiangYv/PBASDK-v3/PBASDK.ts.
17:31:48.511 debug: Resolve file:///D:/%E5%B7%A5%E7%A8%8B%E9%A1%B9%E7%9B%AE/PlayableAD/Cocos/TheW/20260615_HYQ/HYQ_Project/extensions/super-packager/package_assets/JiangYv/PBASDK-v3/PLASDK.ts from cce:/internal/x/prerequisite-imports as file:///D:/%E5%B7%A5%E7%A8%8B%E9%A1%B9%E7%9B%AE/PlayableAD/Cocos/TheW/20260615_HYQ/HYQ_Project/extensions/super-packager/package_assets/JiangYv/PBASDK-v3/PLASDK.ts.
17:31:48.511 debug: Resolve file:///D:/%E5%B7%A5%E7%A8%8B%E9%A1%B9%E7%9B%AE/PlayableAD/Cocos/TheW/20260615_HYQ/HYQ_Project/extensions/super-packager/package_assets/JiangYv/PBASDK-v3/PrintComponent.ts from cce:/internal/x/prerequisite-imports as file:///D:/%E5%B7%A5%E7%A8%8B%E9%A1%B9%E7%9B%AE/PlayableAD/Cocos/TheW/20260615_HYQ/HYQ_Project/extensions/super-packager/package_assets/JiangYv/PBASDK-v3/PrintComponent.ts.
17:31:48.512 debug: Resolve file:///D:/%E5%B7%A5%E7%A8%8B%E9%A1%B9%E7%9B%AE/PlayableAD/Cocos/TheW/20260615_HYQ/HYQ_Project/extensions/super-packager/package_assets/JiangYv/PBASDK-v3/StutterCheck.ts from cce:/internal/x/prerequisite-imports as file:///D:/%E5%B7%A5%E7%A8%8B%E9%A1%B9%E7%9B%AE/PlayableAD/Cocos/TheW/20260615_HYQ/HYQ_Project/extensions/super-packager/package_assets/JiangYv/PBASDK-v3/StutterCheck.ts.
17:31:48.512 debug: Resolve file:///D:/%E5%B7%A5%E7%A8%8B%E9%A1%B9%E7%9B%AE/PlayableAD/Cocos/TheW/20260615_HYQ/HYQ_Project/extensions/super-packager/package_assets/JiangYv/PBASDK-v3/super_html_playable.ts from cce:/internal/x/prerequisite-imports as file:///D:/%E5%B7%A5%E7%A8%8B%E9%A1%B9%E7%9B%AE/PlayableAD/Cocos/TheW/20260615_HYQ/HYQ_Project/extensions/super-packager/package_assets/JiangYv/PBASDK-v3/super_html_playable.ts.
17:31:48.513 debug: Resolve file:///D:/%E5%B7%A5%E7%A8%8B%E9%A1%B9%E7%9B%AE/PlayableAD/Cocos/TheW/20260615_HYQ/HYQ_Project/extensions/super-packager/package_assets/JiangYv/SuperPackageJY.ts from cce:/internal/x/prerequisite-imports as file:///D:/%E5%B7%A5%E7%A8%8B%E9%A1%B9%E7%9B%AE/PlayableAD/Cocos/TheW/20260615_HYQ/HYQ_Project/extensions/super-packager/package_assets/JiangYv/SuperPackageJY.ts.
17:31:48.514 debug: Resolve cce:/internal/code-quality/cr.mjs from file:///D:/%E5%B7%A5%E7%A8%8B%E9%A1%B9%E7%9B%AE/PlayableAD/Cocos/TheW/20260615_HYQ/HYQ_Project/assets/Script/functionS/Other/PropArms.ts as cce:/internal/code-quality/cr.mjs.
17:31:48.514 debug: Resolve cc from file:///D:/%E5%B7%A5%E7%A8%8B%E9%A1%B9%E7%9B%AE/PlayableAD/Cocos/TheW/20260615_HYQ/HYQ_Project/assets/Script/functionS/Other/PropArms.ts as cce:/internal/x/cc.
17:31:48.514 debug: Resolve cc from file:///D:/%E5%B7%A5%E7%A8%8B%E9%A1%B9%E7%9B%AE/PlayableAD/Cocos/TheW/20260615_HYQ/HYQ_Project/assets/Script/functionS/Other/PropArms.ts as cce:/internal/x/cc.
17:31:48.515 debug: Resolve cc from file:///D:/%E5%B7%A5%E7%A8%8B%E9%A1%B9%E7%9B%AE/PlayableAD/Cocos/TheW/20260615_HYQ/HYQ_Project/assets/Script/functionS/Other/PropArms.ts as cce:/internal/x/cc.
17:31:48.515 debug: Resolve ../Battle/BattleTarger/BattleTarget3D from file:///D:/%E5%B7%A5%E7%A8%8B%E9%A1%B9%E7%9B%AE/PlayableAD/Cocos/TheW/20260615_HYQ/HYQ_Project/assets/Script/functionS/Other/PropArms.ts as file:///D:/%E5%B7%A5%E7%A8%8B%E9%A1%B9%E7%9B%AE/PlayableAD/Cocos/TheW/20260615_HYQ/HYQ_Project/assets/Script/functionS/Battle/BattleTarger/BattleTarget3D.ts.
17:31:48.516 debug: Resolve ../Battle/BulletMonsterCollisionManager from file:///D:/%E5%B7%A5%E7%A8%8B%E9%A1%B9%E7%9B%AE/PlayableAD/Cocos/TheW/20260615_HYQ/HYQ_Project/assets/Script/functionS/Other/PropArms.ts as file:///D:/%E5%B7%A5%E7%A8%8B%E9%A1%B9%E7%9B%AE/PlayableAD/Cocos/TheW/20260615_HYQ/HYQ_Project/assets/Script/functionS/Battle/BulletMonsterCollisionManager.ts.
17:31:48.517 debug: Resolve ../../Base/PoolManager from file:///D:/%E5%B7%A5%E7%A8%8B%E9%A1%B9%E7%9B%AE/PlayableAD/Cocos/TheW/20260615_HYQ/HYQ_Project/assets/Script/functionS/Other/PropArms.ts as file:///D:/%E5%B7%A5%E7%A8%8B%E9%A1%B9%E7%9B%AE/PlayableAD/Cocos/TheW/20260615_HYQ/HYQ_Project/assets/Script/Base/PoolManager.ts.
17:31:48.517 debug: Resolve ../../Base/EnumList from file:///D:/%E5%B7%A5%E7%A8%8B%E9%A1%B9%E7%9B%AE/PlayableAD/Cocos/TheW/20260615_HYQ/HYQ_Project/assets/Script/functionS/Other/PropArms.ts as file:///D:/%E5%B7%A5%E7%A8%8B%E9%A1%B9%E7%9B%AE/PlayableAD/Cocos/TheW/20260615_HYQ/HYQ_Project/assets/Script/Base/EnumList.ts.
17:31:48.518 debug: Resolve ../../Base/PrefabsManager from file:///D:/%E5%B7%A5%E7%A8%8B%E9%A1%B9%E7%9B%AE/PlayableAD/Cocos/TheW/20260615_HYQ/HYQ_Project/assets/Script/functionS/Other/PropArms.ts as file:///D:/%E5%B7%A5%E7%A8%8B%E9%A1%B9%E7%9B%AE/PlayableAD/Cocos/TheW/20260615_HYQ/HYQ_Project/assets/Script/Base/PrefabsManager.ts.
17:31:48.518 debug: Resolve ../../Tool/TweenTool from file:///D:/%E5%B7%A5%E7%A8%8B%E9%A1%B9%E7%9B%AE/PlayableAD/Cocos/TheW/20260615_HYQ/HYQ_Project/assets/Script/functionS/Other/PropArms.ts as file:///D:/%E5%B7%A5%E7%A8%8B%E9%A1%B9%E7%9B%AE/PlayableAD/Cocos/TheW/20260615_HYQ/HYQ_Project/assets/Script/Tool/TweenTool.ts.
17:31:48.519 debug: Resolve ../../Base/EventManager from file:///D:/%E5%B7%A5%E7%A8%8B%E9%A1%B9%E7%9B%AE/PlayableAD/Cocos/TheW/20260615_HYQ/HYQ_Project/assets/Script/functionS/Other/PropArms.ts as file:///D:/%E5%B7%A5%E7%A8%8B%E9%A1%B9%E7%9B%AE/PlayableAD/Cocos/TheW/20260615_HYQ/HYQ_Project/assets/Script/Base/EventManager.ts.
17:31:48.520 debug: Resolve ../Battle/Battle3D/AttackParkPlay from file:///D:/%E5%B7%A5%E7%A8%8B%E9%A1%B9%E7%9B%AE/PlayableAD/Cocos/TheW/20260615_HYQ/HYQ_Project/assets/Script/functionS/Other/PropArms.ts as file:///D:/%E5%B7%A5%E7%A8%8B%E9%A1%B9%E7%9B%AE/PlayableAD/Cocos/TheW/20260615_HYQ/HYQ_Project/assets/Script/functionS/Battle/Battle3D/AttackParkPlay.ts.
17:31:48.521 debug: Resolve ../Battle/Base/FlashRedManager from file:///D:/%E5%B7%A5%E7%A8%8B%E9%A1%B9%E7%9B%AE/PlayableAD/Cocos/TheW/20260615_HYQ/HYQ_Project/assets/Script/functionS/Other/PropArms.ts as file:///D:/%E5%B7%A5%E7%A8%8B%E9%A1%B9%E7%9B%AE/PlayableAD/Cocos/TheW/20260615_HYQ/HYQ_Project/assets/Script/functionS/Battle/Base/FlashRedManager.ts.
17:31:48.522 debug: Resolve ../../Base/AudioManager from file:///D:/%E5%B7%A5%E7%A8%8B%E9%A1%B9%E7%9B%AE/PlayableAD/Cocos/TheW/20260615_HYQ/HYQ_Project/assets/Script/functionS/Other/PropArms.ts as file:///D:/%E5%B7%A5%E7%A8%8B%E9%A1%B9%E7%9B%AE/PlayableAD/Cocos/TheW/20260615_HYQ/HYQ_Project/assets/Script/Base/AudioManager.ts.
17:31:48.523 debug: Resolve ../SkAnim/FbxManager from file:///D:/%E5%B7%A5%E7%A8%8B%E9%A1%B9%E7%9B%AE/PlayableAD/Cocos/TheW/20260615_HYQ/HYQ_Project/assets/Script/functionS/Other/PropArms.ts as file:///D:/%E5%B7%A5%E7%A8%8B%E9%A1%B9%E7%9B%AE/PlayableAD/Cocos/TheW/20260615_HYQ/HYQ_Project/assets/Script/functionS/SkAnim/FbxManager.ts.
17:31:48.523 debug: Resolve ../../Base/CameraMove from file:///D:/%E5%B7%A5%E7%A8%8B%E9%A1%B9%E7%9B%AE/PlayableAD/Cocos/TheW/20260615_HYQ/HYQ_Project/assets/Script/functionS/Other/PropArms.ts as file:///D:/%E5%B7%A5%E7%A8%8B%E9%A1%B9%E7%9B%AE/PlayableAD/Cocos/TheW/20260615_HYQ/HYQ_Project/assets/Script/Base/CameraMove.ts.
17:31:48.524 debug: Resolve ../Monster/MonsterCreate from file:///D:/%E5%B7%A5%E7%A8%8B%E9%A1%B9%E7%9B%AE/PlayableAD/Cocos/TheW/20260615_HYQ/HYQ_Project/assets/Script/functionS/Other/PropArms.ts as file:///D:/%E5%B7%A5%E7%A8%8B%E9%A1%B9%E7%9B%AE/PlayableAD/Cocos/TheW/20260615_HYQ/HYQ_Project/assets/Script/functionS/Monster/MonsterCreate.ts.
17:31:48.605 debug: Target(preview) ends with cost 971.3517999998294ms.
17:42:08.666 debug: Dispatch build request for time accumulated 1 asset changes.
17:42:08.673 debug: Build iteration starts.
Number of accumulated asset changes: 1
Feature changed: false
17:42:08.688 debug: Target(editor) build started.
17:42:08.715 debug: Detected change: cce:/internal/x/prerequisite-imports. Last mtime: Thu Jan 01 1970 08:25:54 GMT+0800 (中国标准时间), Current mtime: Thu Jan 01 1970 08:36:16 GMT+0800 (中国标准时间)
17:42:08.715 debug: Inspect cce:/internal/x/prerequisite-imports
17:42:08.997 debug: transform url: 'cce:/internal/x/prerequisite-imports' costs: 281.80 ms
17:42:09.000 debug: Resolve file:///C:/ProgramData/cocos/editors/Creator/3.8.7/resources/resources/3d/engine/editor/assets/default_renderpipeline/builtin-dof-pass.ts from cce:/internal/x/prerequisite-imports as file:///C:/ProgramData/cocos/editors/Creator/3.8.7/resources/resources/3d/engine/editor/assets/default_renderpipeline/builtin-dof-pass.ts.
17:42:09.001 debug: Resolve file:///C:/ProgramData/cocos/editors/Creator/3.8.7/resources/resources/3d/engine/editor/assets/default_renderpipeline/builtin-pipeline-pass.ts from cce:/internal/x/prerequisite-imports as file:///C:/ProgramData/cocos/editors/Creator/3.8.7/resources/resources/3d/engine/editor/assets/default_renderpipeline/builtin-pipeline-pass.ts.
17:42:09.002 debug: Resolve file:///C:/ProgramData/cocos/editors/Creator/3.8.7/resources/resources/3d/engine/editor/assets/default_renderpipeline/builtin-pipeline-settings.ts from cce:/internal/x/prerequisite-imports as file:///C:/ProgramData/cocos/editors/Creator/3.8.7/resources/resources/3d/engine/editor/assets/default_renderpipeline/builtin-pipeline-settings.ts.
17:42:09.006 debug: Resolve file:///C:/ProgramData/cocos/editors/Creator/3.8.7/resources/resources/3d/engine/editor/assets/default_renderpipeline/builtin-pipeline-types.ts from cce:/internal/x/prerequisite-imports as file:///C:/ProgramData/cocos/editors/Creator/3.8.7/resources/resources/3d/engine/editor/assets/default_renderpipeline/builtin-pipeline-types.ts.
17:42:09.008 debug: Resolve file:///C:/ProgramData/cocos/editors/Creator/3.8.7/resources/resources/3d/engine/editor/assets/default_renderpipeline/builtin-pipeline.ts from cce:/internal/x/prerequisite-imports as file:///C:/ProgramData/cocos/editors/Creator/3.8.7/resources/resources/3d/engine/editor/assets/default_renderpipeline/builtin-pipeline.ts.
17:42:09.009 debug: Resolve file:///C:/ProgramData/cocos/editors/Creator/3.8.7/resources/resources/3d/engine/editor/assets/tools/debug-view-runtime-control.ts from cce:/internal/x/prerequisite-imports as file:///C:/ProgramData/cocos/editors/Creator/3.8.7/resources/resources/3d/engine/editor/assets/tools/debug-view-runtime-control.ts.
17:42:09.010 debug: Resolve file:///D:/%E5%B7%A5%E7%A8%8B%E9%A1%B9%E7%9B%AE/PlayableAD/Cocos/TheW/20260615_HYQ/HYQ_Project/assets/GameRes/1219/Scene/Eff/light/Lightning.ts from cce:/internal/x/prerequisite-imports as file:///D:/%E5%B7%A5%E7%A8%8B%E9%A1%B9%E7%9B%AE/PlayableAD/Cocos/TheW/20260615_HYQ/HYQ_Project/assets/GameRes/1219/Scene/Eff/light/Lightning.ts.
17:42:09.011 debug: Resolve file:///D:/%E5%B7%A5%E7%A8%8B%E9%A1%B9%E7%9B%AE/PlayableAD/Cocos/TheW/20260615_HYQ/HYQ_Project/assets/Script/Base/AudioManager.ts from cce:/internal/x/prerequisite-imports as file:///D:/%E5%B7%A5%E7%A8%8B%E9%A1%B9%E7%9B%AE/PlayableAD/Cocos/TheW/20260615_HYQ/HYQ_Project/assets/Script/Base/AudioManager.ts.
17:42:09.012 debug: Resolve file:///D:/%E5%B7%A5%E7%A8%8B%E9%A1%B9%E7%9B%AE/PlayableAD/Cocos/TheW/20260615_HYQ/HYQ_Project/assets/Script/Base/CameraMove.ts from cce:/internal/x/prerequisite-imports as file:///D:/%E5%B7%A5%E7%A8%8B%E9%A1%B9%E7%9B%AE/PlayableAD/Cocos/TheW/20260615_HYQ/HYQ_Project/assets/Script/Base/CameraMove.ts.
17:42:09.013 debug: Resolve file:///D:/%E5%B7%A5%E7%A8%8B%E9%A1%B9%E7%9B%AE/PlayableAD/Cocos/TheW/20260615_HYQ/HYQ_Project/assets/Script/Base/EnumList.ts from cce:/internal/x/prerequisite-imports as file:///D:/%E5%B7%A5%E7%A8%8B%E9%A1%B9%E7%9B%AE/PlayableAD/Cocos/TheW/20260615_HYQ/HYQ_Project/assets/Script/Base/EnumList.ts.
17:42:09.015 debug: Resolve file:///D:/%E5%B7%A5%E7%A8%8B%E9%A1%B9%E7%9B%AE/PlayableAD/Cocos/TheW/20260615_HYQ/HYQ_Project/assets/Script/Base/EventManager.ts from cce:/internal/x/prerequisite-imports as file:///D:/%E5%B7%A5%E7%A8%8B%E9%A1%B9%E7%9B%AE/PlayableAD/Cocos/TheW/20260615_HYQ/HYQ_Project/assets/Script/Base/EventManager.ts.
17:42:09.016 debug: Resolve file:///D:/%E5%B7%A5%E7%A8%8B%E9%A1%B9%E7%9B%AE/PlayableAD/Cocos/TheW/20260615_HYQ/HYQ_Project/assets/Script/Base/LayerManager.ts from cce:/internal/x/prerequisite-imports as file:///D:/%E5%B7%A5%E7%A8%8B%E9%A1%B9%E7%9B%AE/PlayableAD/Cocos/TheW/20260615_HYQ/HYQ_Project/assets/Script/Base/LayerManager.ts.
17:42:09.022 debug: Resolve file:///D:/%E5%B7%A5%E7%A8%8B%E9%A1%B9%E7%9B%AE/PlayableAD/Cocos/TheW/20260615_HYQ/HYQ_Project/assets/Script/Base/MoveRot/MoveDrive.ts from cce:/internal/x/prerequisite-imports as file:///D:/%E5%B7%A5%E7%A8%8B%E9%A1%B9%E7%9B%AE/PlayableAD/Cocos/TheW/20260615_HYQ/HYQ_Project/assets/Script/Base/MoveRot/MoveDrive.ts.
17:42:09.024 debug: Resolve file:///D:/%E5%B7%A5%E7%A8%8B%E9%A1%B9%E7%9B%AE/PlayableAD/Cocos/TheW/20260615_HYQ/HYQ_Project/assets/Script/Base/MoveRot/RotationDrive.ts from cce:/internal/x/prerequisite-imports as file:///D:/%E5%B7%A5%E7%A8%8B%E9%A1%B9%E7%9B%AE/PlayableAD/Cocos/TheW/20260615_HYQ/HYQ_Project/assets/Script/Base/MoveRot/RotationDrive.ts.
17:42:09.029 debug: Resolve file:///D:/%E5%B7%A5%E7%A8%8B%E9%A1%B9%E7%9B%AE/PlayableAD/Cocos/TheW/20260615_HYQ/HYQ_Project/assets/Script/Base/MoveRot/RotationVector.ts from cce:/internal/x/prerequisite-imports as file:///D:/%E5%B7%A5%E7%A8%8B%E9%A1%B9%E7%9B%AE/PlayableAD/Cocos/TheW/20260615_HYQ/HYQ_Project/assets/Script/Base/MoveRot/RotationVector.ts.
17:42:09.030 debug: Resolve file:///D:/%E5%B7%A5%E7%A8%8B%E9%A1%B9%E7%9B%AE/PlayableAD/Cocos/TheW/20260615_HYQ/HYQ_Project/assets/Script/Base/PoolManager.ts from cce:/internal/x/prerequisite-imports as file:///D:/%E5%B7%A5%E7%A8%8B%E9%A1%B9%E7%9B%AE/PlayableAD/Cocos/TheW/20260615_HYQ/HYQ_Project/assets/Script/Base/PoolManager.ts.
17:42:09.031 debug: Resolve file:///D:/%E5%B7%A5%E7%A8%8B%E9%A1%B9%E7%9B%AE/PlayableAD/Cocos/TheW/20260615_HYQ/HYQ_Project/assets/Script/Base/PrefabsManager.ts from cce:/internal/x/prerequisite-imports as file:///D:/%E5%B7%A5%E7%A8%8B%E9%A1%B9%E7%9B%AE/PlayableAD/Cocos/TheW/20260615_HYQ/HYQ_Project/assets/Script/Base/PrefabsManager.ts.
17:42:09.032 debug: Resolve file:///D:/%E5%B7%A5%E7%A8%8B%E9%A1%B9%E7%9B%AE/PlayableAD/Cocos/TheW/20260615_HYQ/HYQ_Project/assets/Script/Base/Singleton.ts from cce:/internal/x/prerequisite-imports as file:///D:/%E5%B7%A5%E7%A8%8B%E9%A1%B9%E7%9B%AE/PlayableAD/Cocos/TheW/20260615_HYQ/HYQ_Project/assets/Script/Base/Singleton.ts.
17:42:09.034 debug: Resolve file:///D:/%E5%B7%A5%E7%A8%8B%E9%A1%B9%E7%9B%AE/PlayableAD/Cocos/TheW/20260615_HYQ/HYQ_Project/assets/Script/Base/TextAdaptation/DownLoadL8.ts from cce:/internal/x/prerequisite-imports as file:///D:/%E5%B7%A5%E7%A8%8B%E9%A1%B9%E7%9B%AE/PlayableAD/Cocos/TheW/20260615_HYQ/HYQ_Project/assets/Script/Base/TextAdaptation/DownLoadL8.ts.
17:42:09.035 debug: Resolve file:///D:/%E5%B7%A5%E7%A8%8B%E9%A1%B9%E7%9B%AE/PlayableAD/Cocos/TheW/20260615_HYQ/HYQ_Project/assets/Script/Base/TextAdaptation/DragAndMoveL8.ts from cce:/internal/x/prerequisite-imports as file:///D:/%E5%B7%A5%E7%A8%8B%E9%A1%B9%E7%9B%AE/PlayableAD/Cocos/TheW/20260615_HYQ/HYQ_Project/assets/Script/Base/TextAdaptation/DragAndMoveL8.ts.
17:42:09.036 debug: Resolve file:///D:/%E5%B7%A5%E7%A8%8B%E9%A1%B9%E7%9B%AE/PlayableAD/Cocos/TheW/20260615_HYQ/HYQ_Project/assets/Script/Base/TextAdaptation/L18Manager.ts from cce:/internal/x/prerequisite-imports as file:///D:/%E5%B7%A5%E7%A8%8B%E9%A1%B9%E7%9B%AE/PlayableAD/Cocos/TheW/20260615_HYQ/HYQ_Project/assets/Script/Base/TextAdaptation/L18Manager.ts.
17:42:09.038 debug: Resolve file:///D:/%E5%B7%A5%E7%A8%8B%E9%A1%B9%E7%9B%AE/PlayableAD/Cocos/TheW/20260615_HYQ/HYQ_Project/assets/Script/Base/TextAdaptation/LangArrAuto.ts from cce:/internal/x/prerequisite-imports as file:///D:/%E5%B7%A5%E7%A8%8B%E9%A1%B9%E7%9B%AE/PlayableAD/Cocos/TheW/20260615_HYQ/HYQ_Project/assets/Script/Base/TextAdaptation/LangArrAuto.ts.
17:42:09.039 debug: Resolve file:///D:/%E5%B7%A5%E7%A8%8B%E9%A1%B9%E7%9B%AE/PlayableAD/Cocos/TheW/20260615_HYQ/HYQ_Project/assets/Script/Base/TextAdaptation/LangAuto.ts from cce:/internal/x/prerequisite-imports as file:///D:/%E5%B7%A5%E7%A8%8B%E9%A1%B9%E7%9B%AE/PlayableAD/Cocos/TheW/20260615_HYQ/HYQ_Project/assets/Script/Base/TextAdaptation/LangAuto.ts.
17:42:09.039 debug: Resolve file:///D:/%E5%B7%A5%E7%A8%8B%E9%A1%B9%E7%9B%AE/PlayableAD/Cocos/TheW/20260615_HYQ/HYQ_Project/assets/Script/Base/TextAdaptation/ResurrectionL8.ts from cce:/internal/x/prerequisite-imports as file:///D:/%E5%B7%A5%E7%A8%8B%E9%A1%B9%E7%9B%AE/PlayableAD/Cocos/TheW/20260615_HYQ/HYQ_Project/assets/Script/Base/TextAdaptation/ResurrectionL8.ts.
17:42:09.040 debug: Resolve file:///D:/%E5%B7%A5%E7%A8%8B%E9%A1%B9%E7%9B%AE/PlayableAD/Cocos/TheW/20260615_HYQ/HYQ_Project/assets/Script/Base/UnityUpComponent.ts from cce:/internal/x/prerequisite-imports as file:///D:/%E5%B7%A5%E7%A8%8B%E9%A1%B9%E7%9B%AE/PlayableAD/Cocos/TheW/20260615_HYQ/HYQ_Project/assets/Script/Base/UnityUpComponent.ts.
17:42:09.041 debug: Resolve file:///D:/%E5%B7%A5%E7%A8%8B%E9%A1%B9%E7%9B%AE/PlayableAD/Cocos/TheW/20260615_HYQ/HYQ_Project/assets/Script/Tool/Index.ts from cce:/internal/x/prerequisite-imports as file:///D:/%E5%B7%A5%E7%A8%8B%E9%A1%B9%E7%9B%AE/PlayableAD/Cocos/TheW/20260615_HYQ/HYQ_Project/assets/Script/Tool/Index.ts.
17:42:09.041 debug: Resolve file:///D:/%E5%B7%A5%E7%A8%8B%E9%A1%B9%E7%9B%AE/PlayableAD/Cocos/TheW/20260615_HYQ/HYQ_Project/assets/Script/Tool/TweenTool.ts from cce:/internal/x/prerequisite-imports as file:///D:/%E5%B7%A5%E7%A8%8B%E9%A1%B9%E7%9B%AE/PlayableAD/Cocos/TheW/20260615_HYQ/HYQ_Project/assets/Script/Tool/TweenTool.ts.
17:42:09.042 debug: Resolve file:///D:/%E5%B7%A5%E7%A8%8B%E9%A1%B9%E7%9B%AE/PlayableAD/Cocos/TheW/20260615_HYQ/HYQ_Project/assets/Script/functionS/Bag/Base/BagBase.ts from cce:/internal/x/prerequisite-imports as file:///D:/%E5%B7%A5%E7%A8%8B%E9%A1%B9%E7%9B%AE/PlayableAD/Cocos/TheW/20260615_HYQ/HYQ_Project/assets/Script/functionS/Bag/Base/BagBase.ts.
17:42:09.043 debug: Resolve file:///D:/%E5%B7%A5%E7%A8%8B%E9%A1%B9%E7%9B%AE/PlayableAD/Cocos/TheW/20260615_HYQ/HYQ_Project/assets/Script/functionS/Bag/FlayPropManager.ts from cce:/internal/x/prerequisite-imports as file:///D:/%E5%B7%A5%E7%A8%8B%E9%A1%B9%E7%9B%AE/PlayableAD/Cocos/TheW/20260615_HYQ/HYQ_Project/assets/Script/functionS/Bag/FlayPropManager.ts.
17:42:09.044 debug: Resolve file:///D:/%E5%B7%A5%E7%A8%8B%E9%A1%B9%E7%9B%AE/PlayableAD/Cocos/TheW/20260615_HYQ/HYQ_Project/assets/Script/functionS/Bag/GroupBag3D.ts from cce:/internal/x/prerequisite-imports as file:///D:/%E5%B7%A5%E7%A8%8B%E9%A1%B9%E7%9B%AE/PlayableAD/Cocos/TheW/20260615_HYQ/HYQ_Project/assets/Script/functionS/Bag/GroupBag3D.ts.
17:42:09.045 debug: Resolve file:///D:/%E5%B7%A5%E7%A8%8B%E9%A1%B9%E7%9B%AE/PlayableAD/Cocos/TheW/20260615_HYQ/HYQ_Project/assets/Script/functionS/Bag/GroupPropTransform.ts from cce:/internal/x/prerequisite-imports as file:///D:/%E5%B7%A5%E7%A8%8B%E9%A1%B9%E7%9B%AE/PlayableAD/Cocos/TheW/20260615_HYQ/HYQ_Project/assets/Script/functionS/Bag/GroupPropTransform.ts.
17:42:09.045 debug: Resolve file:///D:/%E5%B7%A5%E7%A8%8B%E9%A1%B9%E7%9B%AE/PlayableAD/Cocos/TheW/20260615_HYQ/HYQ_Project/assets/Script/functionS/Bag/IPropFly.ts from cce:/internal/x/prerequisite-imports as file:///D:/%E5%B7%A5%E7%A8%8B%E9%A1%B9%E7%9B%AE/PlayableAD/Cocos/TheW/20260615_HYQ/HYQ_Project/assets/Script/functionS/Bag/IPropFly.ts.
17:42:09.046 debug: Resolve file:///D:/%E5%B7%A5%E7%A8%8B%E9%A1%B9%E7%9B%AE/PlayableAD/Cocos/TheW/20260615_HYQ/HYQ_Project/assets/Script/functionS/Bag/LabBagUp.ts from cce:/internal/x/prerequisite-imports as file:///D:/%E5%B7%A5%E7%A8%8B%E9%A1%B9%E7%9B%AE/PlayableAD/Cocos/TheW/20260615_HYQ/HYQ_Project/assets/Script/functionS/Bag/LabBagUp.ts.
17:42:09.047 debug: Resolve file:///D:/%E5%B7%A5%E7%A8%8B%E9%A1%B9%E7%9B%AE/PlayableAD/Cocos/TheW/20260615_HYQ/HYQ_Project/assets/Script/functionS/Bag/Prop.ts from cce:/internal/x/prerequisite-imports as file:///D:/%E5%B7%A5%E7%A8%8B%E9%A1%B9%E7%9B%AE/PlayableAD/Cocos/TheW/20260615_HYQ/HYQ_Project/assets/Script/functionS/Bag/Prop.ts.
17:42:09.047 debug: Resolve file:///D:/%E5%B7%A5%E7%A8%8B%E9%A1%B9%E7%9B%AE/PlayableAD/Cocos/TheW/20260615_HYQ/HYQ_Project/assets/Script/functionS/Bag/PropManager.ts from cce:/internal/x/prerequisite-imports as file:///D:/%E5%B7%A5%E7%A8%8B%E9%A1%B9%E7%9B%AE/PlayableAD/Cocos/TheW/20260615_HYQ/HYQ_Project/assets/Script/functionS/Bag/PropManager.ts.
17:42:09.048 debug: Resolve file:///D:/%E5%B7%A5%E7%A8%8B%E9%A1%B9%E7%9B%AE/PlayableAD/Cocos/TheW/20260615_HYQ/HYQ_Project/assets/Script/functionS/Battle/Attack/AreaAttack.ts from cce:/internal/x/prerequisite-imports as file:///D:/%E5%B7%A5%E7%A8%8B%E9%A1%B9%E7%9B%AE/PlayableAD/Cocos/TheW/20260615_HYQ/HYQ_Project/assets/Script/functionS/Battle/Attack/AreaAttack.ts.
17:42:09.050 debug: Resolve file:///D:/%E5%B7%A5%E7%A8%8B%E9%A1%B9%E7%9B%AE/PlayableAD/Cocos/TheW/20260615_HYQ/HYQ_Project/assets/Script/functionS/Battle/Attack/AttackState.ts from cce:/internal/x/prerequisite-imports as file:///D:/%E5%B7%A5%E7%A8%8B%E9%A1%B9%E7%9B%AE/PlayableAD/Cocos/TheW/20260615_HYQ/HYQ_Project/assets/Script/functionS/Battle/Attack/AttackState.ts.
17:42:09.051 debug: Resolve file:///D:/%E5%B7%A5%E7%A8%8B%E9%A1%B9%E7%9B%AE/PlayableAD/Cocos/TheW/20260615_HYQ/HYQ_Project/assets/Script/functionS/Battle/Attack/MeleeAttack.ts from cce:/internal/x/prerequisite-imports as file:///D:/%E5%B7%A5%E7%A8%8B%E9%A1%B9%E7%9B%AE/PlayableAD/Cocos/TheW/20260615_HYQ/HYQ_Project/assets/Script/functionS/Battle/Attack/MeleeAttack.ts.
17:42:09.052 debug: Resolve file:///D:/%E5%B7%A5%E7%A8%8B%E9%A1%B9%E7%9B%AE/PlayableAD/Cocos/TheW/20260615_HYQ/HYQ_Project/assets/Script/functionS/Battle/Base/AttackTargetBase.ts from cce:/internal/x/prerequisite-imports as file:///D:/%E5%B7%A5%E7%A8%8B%E9%A1%B9%E7%9B%AE/PlayableAD/Cocos/TheW/20260615_HYQ/HYQ_Project/assets/Script/functionS/Battle/Base/AttackTargetBase.ts.
17:42:09.053 debug: Resolve file:///D:/%E5%B7%A5%E7%A8%8B%E9%A1%B9%E7%9B%AE/PlayableAD/Cocos/TheW/20260615_HYQ/HYQ_Project/assets/Script/functionS/Battle/Base/BattleTargetBase.ts from cce:/internal/x/prerequisite-imports as file:///D:/%E5%B7%A5%E7%A8%8B%E9%A1%B9%E7%9B%AE/PlayableAD/Cocos/TheW/20260615_HYQ/HYQ_Project/assets/Script/functionS/Battle/Base/BattleTargetBase.ts.
17:42:09.054 debug: Resolve file:///D:/%E5%B7%A5%E7%A8%8B%E9%A1%B9%E7%9B%AE/PlayableAD/Cocos/TheW/20260615_HYQ/HYQ_Project/assets/Script/functionS/Battle/Base/FlashRedManager.ts from cce:/internal/x/prerequisite-imports as file:///D:/%E5%B7%A5%E7%A8%8B%E9%A1%B9%E7%9B%AE/PlayableAD/Cocos/TheW/20260615_HYQ/HYQ_Project/assets/Script/functionS/Battle/Base/FlashRedManager.ts.
17:42:09.055 debug: Resolve file:///D:/%E5%B7%A5%E7%A8%8B%E9%A1%B9%E7%9B%AE/PlayableAD/Cocos/TheW/20260615_HYQ/HYQ_Project/assets/Script/functionS/Battle/Battle2D/Attack2D/RangedAttack.ts from cce:/internal/x/prerequisite-imports as file:///D:/%E5%B7%A5%E7%A8%8B%E9%A1%B9%E7%9B%AE/PlayableAD/Cocos/TheW/20260615_HYQ/HYQ_Project/assets/Script/functionS/Battle/Battle2D/Attack2D/RangedAttack.ts.
17:42:09.056 debug: Resolve file:///D:/%E5%B7%A5%E7%A8%8B%E9%A1%B9%E7%9B%AE/PlayableAD/Cocos/TheW/20260615_HYQ/HYQ_Project/assets/Script/functionS/Battle/Battle2D/Bullet/BulletBattle2D.ts from cce:/internal/x/prerequisite-imports as file:///D:/%E5%B7%A5%E7%A8%8B%E9%A1%B9%E7%9B%AE/PlayableAD/Cocos/TheW/20260615_HYQ/HYQ_Project/assets/Script/functionS/Battle/Battle2D/Bullet/BulletBattle2D.ts.
17:42:09.057 debug: Resolve file:///D:/%E5%B7%A5%E7%A8%8B%E9%A1%B9%E7%9B%AE/PlayableAD/Cocos/TheW/20260615_HYQ/HYQ_Project/assets/Script/functionS/Battle/Battle2D/Bullet/BulletCollideBase2D.ts from cce:/internal/x/prerequisite-imports as file:///D:/%E5%B7%A5%E7%A8%8B%E9%A1%B9%E7%9B%AE/PlayableAD/Cocos/TheW/20260615_HYQ/HYQ_Project/assets/Script/functionS/Battle/Battle2D/Bullet/BulletCollideBase2D.ts.
17:42:09.058 debug: Resolve file:///D:/%E5%B7%A5%E7%A8%8B%E9%A1%B9%E7%9B%AE/PlayableAD/Cocos/TheW/20260615_HYQ/HYQ_Project/assets/Script/functionS/Battle/Battle2D/CollectBattleTarger2D.ts from cce:/internal/x/prerequisite-imports as file:///D:/%E5%B7%A5%E7%A8%8B%E9%A1%B9%E7%9B%AE/PlayableAD/Cocos/TheW/20260615_HYQ/HYQ_Project/assets/Script/functionS/Battle/Battle2D/CollectBattleTarger2D.ts.
17:42:09.059 debug: Resolve file:///D:/%E5%B7%A5%E7%A8%8B%E9%A1%B9%E7%9B%AE/PlayableAD/Cocos/TheW/20260615_HYQ/HYQ_Project/assets/Script/functionS/Battle/Battle2D/TriggerBase2D.ts from cce:/internal/x/prerequisite-imports as file:///D:/%E5%B7%A5%E7%A8%8B%E9%A1%B9%E7%9B%AE/PlayableAD/Cocos/TheW/20260615_HYQ/HYQ_Project/assets/Script/functionS/Battle/Battle2D/TriggerBase2D.ts.
17:42:09.060 debug: Resolve file:///D:/%E5%B7%A5%E7%A8%8B%E9%A1%B9%E7%9B%AE/PlayableAD/Cocos/TheW/20260615_HYQ/HYQ_Project/assets/Script/functionS/Battle/Battle3D/Attack3D/RangeTowerAttack.ts from cce:/internal/x/prerequisite-imports as file:///D:/%E5%B7%A5%E7%A8%8B%E9%A1%B9%E7%9B%AE/PlayableAD/Cocos/TheW/20260615_HYQ/HYQ_Project/assets/Script/functionS/Battle/Battle3D/Attack3D/RangeTowerAttack.ts.
17:42:09.060 debug: Resolve file:///D:/%E5%B7%A5%E7%A8%8B%E9%A1%B9%E7%9B%AE/PlayableAD/Cocos/TheW/20260615_HYQ/HYQ_Project/assets/Script/functionS/Battle/Battle3D/Attack3D/RangedAttack_Circle.ts from cce:/internal/x/prerequisite-imports as file:///D:/%E5%B7%A5%E7%A8%8B%E9%A1%B9%E7%9B%AE/PlayableAD/Cocos/TheW/20260615_HYQ/HYQ_Project/assets/Script/functionS/Battle/Battle3D/Attack3D/RangedAttack_Circle.ts.
17:42:09.061 debug: Resolve file:///D:/%E5%B7%A5%E7%A8%8B%E9%A1%B9%E7%9B%AE/PlayableAD/Cocos/TheW/20260615_HYQ/HYQ_Project/assets/Script/functionS/Battle/Battle3D/Attack3D/RangedAttack_Shrapnel.ts from cce:/internal/x/prerequisite-imports as file:///D:/%E5%B7%A5%E7%A8%8B%E9%A1%B9%E7%9B%AE/PlayableAD/Cocos/TheW/20260615_HYQ/HYQ_Project/assets/Script/functionS/Battle/Battle3D/Attack3D/RangedAttack_Shrapnel.ts.
17:42:09.062 debug: Resolve file:///D:/%E5%B7%A5%E7%A8%8B%E9%A1%B9%E7%9B%AE/PlayableAD/Cocos/TheW/20260615_HYQ/HYQ_Project/assets/Script/functionS/Battle/Battle3D/AttackParkPlay.ts from cce:/internal/x/prerequisite-imports as file:///D:/%E5%B7%A5%E7%A8%8B%E9%A1%B9%E7%9B%AE/PlayableAD/Cocos/TheW/20260615_HYQ/HYQ_Project/assets/Script/functionS/Battle/Battle3D/AttackParkPlay.ts.
17:42:09.063 debug: Resolve file:///D:/%E5%B7%A5%E7%A8%8B%E9%A1%B9%E7%9B%AE/PlayableAD/Cocos/TheW/20260615_HYQ/HYQ_Project/assets/Script/functionS/Battle/Battle3D/Bullet/BulletBattle3D.ts from cce:/internal/x/prerequisite-imports as file:///D:/%E5%B7%A5%E7%A8%8B%E9%A1%B9%E7%9B%AE/PlayableAD/Cocos/TheW/20260615_HYQ/HYQ_Project/assets/Script/functionS/Battle/Battle3D/Bullet/BulletBattle3D.ts.
17:42:09.064 debug: Resolve file:///D:/%E5%B7%A5%E7%A8%8B%E9%A1%B9%E7%9B%AE/PlayableAD/Cocos/TheW/20260615_HYQ/HYQ_Project/assets/Script/functionS/Battle/Battle3D/Bullet/BulletCollideBase3D.ts from cce:/internal/x/prerequisite-imports as file:///D:/%E5%B7%A5%E7%A8%8B%E9%A1%B9%E7%9B%AE/PlayableAD/Cocos/TheW/20260615_HYQ/HYQ_Project/assets/Script/functionS/Battle/Battle3D/Bullet/BulletCollideBase3D.ts.
17:42:09.066 debug: Resolve file:///D:/%E5%B7%A5%E7%A8%8B%E9%A1%B9%E7%9B%AE/PlayableAD/Cocos/TheW/20260615_HYQ/HYQ_Project/assets/Script/functionS/Battle/Battle3D/CollectBattleTarger3D.ts from cce:/internal/x/prerequisite-imports as file:///D:/%E5%B7%A5%E7%A8%8B%E9%A1%B9%E7%9B%AE/PlayableAD/Cocos/TheW/20260615_HYQ/HYQ_Project/assets/Script/functionS/Battle/Battle3D/CollectBattleTarger3D.ts.
17:42:09.067 debug: Resolve file:///D:/%E5%B7%A5%E7%A8%8B%E9%A1%B9%E7%9B%AE/PlayableAD/Cocos/TheW/20260615_HYQ/HYQ_Project/assets/Script/functionS/Battle/Battle3D/TriggerBase3D.ts from cce:/internal/x/prerequisite-imports as file:///D:/%E5%B7%A5%E7%A8%8B%E9%A1%B9%E7%9B%AE/PlayableAD/Cocos/TheW/20260615_HYQ/HYQ_Project/assets/Script/functionS/Battle/Battle3D/TriggerBase3D.ts.
17:42:09.067 debug: Resolve file:///D:/%E5%B7%A5%E7%A8%8B%E9%A1%B9%E7%9B%AE/PlayableAD/Cocos/TheW/20260615_HYQ/HYQ_Project/assets/Script/functionS/Battle/BattleTarger/BattleTarget2D.ts from cce:/internal/x/prerequisite-imports as file:///D:/%E5%B7%A5%E7%A8%8B%E9%A1%B9%E7%9B%AE/PlayableAD/Cocos/TheW/20260615_HYQ/HYQ_Project/assets/Script/functionS/Battle/BattleTarger/BattleTarget2D.ts.
17:42:09.068 debug: Resolve file:///D:/%E5%B7%A5%E7%A8%8B%E9%A1%B9%E7%9B%AE/PlayableAD/Cocos/TheW/20260615_HYQ/HYQ_Project/assets/Script/functionS/Battle/BattleTarger/BattleTarget3D.ts from cce:/internal/x/prerequisite-imports as file:///D:/%E5%B7%A5%E7%A8%8B%E9%A1%B9%E7%9B%AE/PlayableAD/Cocos/TheW/20260615_HYQ/HYQ_Project/assets/Script/functionS/Battle/BattleTarger/BattleTarget3D.ts.
17:42:09.069 debug: Resolve file:///D:/%E5%B7%A5%E7%A8%8B%E9%A1%B9%E7%9B%AE/PlayableAD/Cocos/TheW/20260615_HYQ/HYQ_Project/assets/Script/functionS/Battle/BulletBatchRenderer.ts from cce:/internal/x/prerequisite-imports as file:///D:/%E5%B7%A5%E7%A8%8B%E9%A1%B9%E7%9B%AE/PlayableAD/Cocos/TheW/20260615_HYQ/HYQ_Project/assets/Script/functionS/Battle/BulletBatchRenderer.ts.
17:42:09.070 debug: Resolve file:///D:/%E5%B7%A5%E7%A8%8B%E9%A1%B9%E7%9B%AE/PlayableAD/Cocos/TheW/20260615_HYQ/HYQ_Project/assets/Script/functionS/Battle/BulletManager.ts from cce:/internal/x/prerequisite-imports as file:///D:/%E5%B7%A5%E7%A8%8B%E9%A1%B9%E7%9B%AE/PlayableAD/Cocos/TheW/20260615_HYQ/HYQ_Project/assets/Script/functionS/Battle/BulletManager.ts.
17:42:09.071 debug: Resolve file:///D:/%E5%B7%A5%E7%A8%8B%E9%A1%B9%E7%9B%AE/PlayableAD/Cocos/TheW/20260615_HYQ/HYQ_Project/assets/Script/functionS/Battle/BulletMonsterCollisionManager.ts from cce:/internal/x/prerequisite-imports as file:///D:/%E5%B7%A5%E7%A8%8B%E9%A1%B9%E7%9B%AE/PlayableAD/Cocos/TheW/20260615_HYQ/HYQ_Project/assets/Script/functionS/Battle/BulletMonsterCollisionManager.ts.
17:42:09.072 debug: Resolve file:///D:/%E5%B7%A5%E7%A8%8B%E9%A1%B9%E7%9B%AE/PlayableAD/Cocos/TheW/20260615_HYQ/HYQ_Project/assets/Script/functionS/Battle/CollectBattleTarger/CollectGetTarget.ts from cce:/internal/x/prerequisite-imports as file:///D:/%E5%B7%A5%E7%A8%8B%E9%A1%B9%E7%9B%AE/PlayableAD/Cocos/TheW/20260615_HYQ/HYQ_Project/assets/Script/functionS/Battle/CollectBattleTarger/CollectGetTarget.ts.
17:42:09.072 debug: Resolve file:///D:/%E5%B7%A5%E7%A8%8B%E9%A1%B9%E7%9B%AE/PlayableAD/Cocos/TheW/20260615_HYQ/HYQ_Project/assets/Script/functionS/Battle/CollectBattleTarger/ColliderTag.ts from cce:/internal/x/prerequisite-imports as file:///D:/%E5%B7%A5%E7%A8%8B%E9%A1%B9%E7%9B%AE/PlayableAD/Cocos/TheW/20260615_HYQ/HYQ_Project/assets/Script/functionS/Battle/CollectBattleTarger/ColliderTag.ts.
17:42:09.073 debug: Resolve file:///D:/%E5%B7%A5%E7%A8%8B%E9%A1%B9%E7%9B%AE/PlayableAD/Cocos/TheW/20260615_HYQ/HYQ_Project/assets/Script/functionS/Battle/HpComponent.ts from cce:/internal/x/prerequisite-imports as file:///D:/%E5%B7%A5%E7%A8%8B%E9%A1%B9%E7%9B%AE/PlayableAD/Cocos/TheW/20260615_HYQ/HYQ_Project/assets/Script/functionS/Battle/HpComponent.ts.
17:42:09.074 debug: Resolve file:///D:/%E5%B7%A5%E7%A8%8B%E9%A1%B9%E7%9B%AE/PlayableAD/Cocos/TheW/20260615_HYQ/HYQ_Project/assets/Script/functionS/Effect/EffectManager.ts from cce:/internal/x/prerequisite-imports as file:///D:/%E5%B7%A5%E7%A8%8B%E9%A1%B9%E7%9B%AE/PlayableAD/Cocos/TheW/20260615_HYQ/HYQ_Project/assets/Script/functionS/Effect/EffectManager.ts.
17:42:09.074 debug: Resolve file:///D:/%E5%B7%A5%E7%A8%8B%E9%A1%B9%E7%9B%AE/PlayableAD/Cocos/TheW/20260615_HYQ/HYQ_Project/assets/Script/functionS/Effect/EffectRemoveBase.ts from cce:/internal/x/prerequisite-imports as file:///D:/%E5%B7%A5%E7%A8%8B%E9%A1%B9%E7%9B%AE/PlayableAD/Cocos/TheW/20260615_HYQ/HYQ_Project/assets/Script/functionS/Effect/EffectRemoveBase.ts.
17:42:09.075 debug: Resolve file:///D:/%E5%B7%A5%E7%A8%8B%E9%A1%B9%E7%9B%AE/PlayableAD/Cocos/TheW/20260615_HYQ/HYQ_Project/assets/Script/functionS/Effect/EffectTimePartRemove.ts from cce:/internal/x/prerequisite-imports as file:///D:/%E5%B7%A5%E7%A8%8B%E9%A1%B9%E7%9B%AE/PlayableAD/Cocos/TheW/20260615_HYQ/HYQ_Project/assets/Script/functionS/Effect/EffectTimePartRemove.ts.
17:42:09.076 debug: Resolve file:///D:/%E5%B7%A5%E7%A8%8B%E9%A1%B9%E7%9B%AE/PlayableAD/Cocos/TheW/20260615_HYQ/HYQ_Project/assets/Script/functionS/Effect/EffectTimeRemove.ts from cce:/internal/x/prerequisite-imports as file:///D:/%E5%B7%A5%E7%A8%8B%E9%A1%B9%E7%9B%AE/PlayableAD/Cocos/TheW/20260615_HYQ/HYQ_Project/assets/Script/functionS/Effect/EffectTimeRemove.ts.
17:42:09.077 debug: Resolve file:///D:/%E5%B7%A5%E7%A8%8B%E9%A1%B9%E7%9B%AE/PlayableAD/Cocos/TheW/20260615_HYQ/HYQ_Project/assets/Script/functionS/Guide/GuideLine.ts from cce:/internal/x/prerequisite-imports as file:///D:/%E5%B7%A5%E7%A8%8B%E9%A1%B9%E7%9B%AE/PlayableAD/Cocos/TheW/20260615_HYQ/HYQ_Project/assets/Script/functionS/Guide/GuideLine.ts.
17:42:09.078 debug: Resolve file:///D:/%E5%B7%A5%E7%A8%8B%E9%A1%B9%E7%9B%AE/PlayableAD/Cocos/TheW/20260615_HYQ/HYQ_Project/assets/Script/functionS/Guide/GuideManager.ts from cce:/internal/x/prerequisite-imports as file:///D:/%E5%B7%A5%E7%A8%8B%E9%A1%B9%E7%9B%AE/PlayableAD/Cocos/TheW/20260615_HYQ/HYQ_Project/assets/Script/functionS/Guide/GuideManager.ts.
17:42:09.079 debug: Resolve file:///D:/%E5%B7%A5%E7%A8%8B%E9%A1%B9%E7%9B%AE/PlayableAD/Cocos/TheW/20260615_HYQ/HYQ_Project/assets/Script/functionS/Jump/BezierCurve.ts from cce:/internal/x/prerequisite-imports as file:///D:/%E5%B7%A5%E7%A8%8B%E9%A1%B9%E7%9B%AE/PlayableAD/Cocos/TheW/20260615_HYQ/HYQ_Project/assets/Script/functionS/Jump/BezierCurve.ts.
17:42:09.080 debug: Resolve file:///D:/%E5%B7%A5%E7%A8%8B%E9%A1%B9%E7%9B%AE/PlayableAD/Cocos/TheW/20260615_HYQ/HYQ_Project/assets/Script/functionS/Jump/JumpCurve.ts from cce:/internal/x/prerequisite-imports as file:///D:/%E5%B7%A5%E7%A8%8B%E9%A1%B9%E7%9B%AE/PlayableAD/Cocos/TheW/20260615_HYQ/HYQ_Project/assets/Script/functionS/Jump/JumpCurve.ts.
17:42:09.082 debug: Resolve file:///D:/%E5%B7%A5%E7%A8%8B%E9%A1%B9%E7%9B%AE/PlayableAD/Cocos/TheW/20260615_HYQ/HYQ_Project/assets/Script/functionS/Jump/JumpCurve3D.ts from cce:/internal/x/prerequisite-imports as file:///D:/%E5%B7%A5%E7%A8%8B%E9%A1%B9%E7%9B%AE/PlayableAD/Cocos/TheW/20260615_HYQ/HYQ_Project/assets/Script/functionS/Jump/JumpCurve3D.ts.
17:42:09.083 debug: Resolve file:///D:/%E5%B7%A5%E7%A8%8B%E9%A1%B9%E7%9B%AE/PlayableAD/Cocos/TheW/20260615_HYQ/HYQ_Project/assets/Script/functionS/Jump/JumpDriveEngine.ts from cce:/internal/x/prerequisite-imports as file:///D:/%E5%B7%A5%E7%A8%8B%E9%A1%B9%E7%9B%AE/PlayableAD/Cocos/TheW/20260615_HYQ/HYQ_Project/assets/Script/functionS/Jump/JumpDriveEngine.ts.
17:42:09.083 debug: Resolve file:///D:/%E5%B7%A5%E7%A8%8B%E9%A1%B9%E7%9B%AE/PlayableAD/Cocos/TheW/20260615_HYQ/HYQ_Project/assets/Script/functionS/Jump/JumpManager.ts from cce:/internal/x/prerequisite-imports as file:///D:/%E5%B7%A5%E7%A8%8B%E9%A1%B9%E7%9B%AE/PlayableAD/Cocos/TheW/20260615_HYQ/HYQ_Project/assets/Script/functionS/Jump/JumpManager.ts.
17:42:09.084 debug: Resolve file:///D:/%E5%B7%A5%E7%A8%8B%E9%A1%B9%E7%9B%AE/PlayableAD/Cocos/TheW/20260615_HYQ/HYQ_Project/assets/Script/functionS/Jump/JumpParabola.ts from cce:/internal/x/prerequisite-imports as file:///D:/%E5%B7%A5%E7%A8%8B%E9%A1%B9%E7%9B%AE/PlayableAD/Cocos/TheW/20260615_HYQ/HYQ_Project/assets/Script/functionS/Jump/JumpParabola.ts.
17:42:09.084 debug: Resolve file:///D:/%E5%B7%A5%E7%A8%8B%E9%A1%B9%E7%9B%AE/PlayableAD/Cocos/TheW/20260615_HYQ/HYQ_Project/assets/Script/functionS/Jump/JumpScatter.ts from cce:/internal/x/prerequisite-imports as file:///D:/%E5%B7%A5%E7%A8%8B%E9%A1%B9%E7%9B%AE/PlayableAD/Cocos/TheW/20260615_HYQ/HYQ_Project/assets/Script/functionS/Jump/JumpScatter.ts.
17:42:09.085 debug: Resolve file:///D:/%E5%B7%A5%E7%A8%8B%E9%A1%B9%E7%9B%AE/PlayableAD/Cocos/TheW/20260615_HYQ/HYQ_Project/assets/Script/functionS/Jump/JumpSequenceBase.ts from cce:/internal/x/prerequisite-imports as file:///D:/%E5%B7%A5%E7%A8%8B%E9%A1%B9%E7%9B%AE/PlayableAD/Cocos/TheW/20260615_HYQ/HYQ_Project/assets/Script/functionS/Jump/JumpSequenceBase.ts.
17:42:09.086 debug: Resolve file:///D:/%E5%B7%A5%E7%A8%8B%E9%A1%B9%E7%9B%AE/PlayableAD/Cocos/TheW/20260615_HYQ/HYQ_Project/assets/Script/functionS/Monster/MonsterBattleTaerget.ts from cce:/internal/x/prerequisite-imports as file:///D:/%E5%B7%A5%E7%A8%8B%E9%A1%B9%E7%9B%AE/PlayableAD/Cocos/TheW/20260615_HYQ/HYQ_Project/assets/Script/functionS/Monster/MonsterBattleTaerget.ts.
17:42:09.086 debug: Resolve file:///D:/%E5%B7%A5%E7%A8%8B%E9%A1%B9%E7%9B%AE/PlayableAD/Cocos/TheW/20260615_HYQ/HYQ_Project/assets/Script/functionS/Monster/MonsterCreate.ts from cce:/internal/x/prerequisite-imports as file:///D:/%E5%B7%A5%E7%A8%8B%E9%A1%B9%E7%9B%AE/PlayableAD/Cocos/TheW/20260615_HYQ/HYQ_Project/assets/Script/functionS/Monster/MonsterCreate.ts.
17:42:09.087 debug: Resolve file:///D:/%E5%B7%A5%E7%A8%8B%E9%A1%B9%E7%9B%AE/PlayableAD/Cocos/TheW/20260615_HYQ/HYQ_Project/assets/Script/functionS/Other/ArmsUp.ts from cce:/internal/x/prerequisite-imports as file:///D:/%E5%B7%A5%E7%A8%8B%E9%A1%B9%E7%9B%AE/PlayableAD/Cocos/TheW/20260615_HYQ/HYQ_Project/assets/Script/functionS/Other/ArmsUp.ts.
17:42:09.088 debug: Resolve file:///D:/%E5%B7%A5%E7%A8%8B%E9%A1%B9%E7%9B%AE/PlayableAD/Cocos/TheW/20260615_HYQ/HYQ_Project/assets/Script/functionS/Other/CreatePropBrand.ts from cce:/internal/x/prerequisite-imports as file:///D:/%E5%B7%A5%E7%A8%8B%E9%A1%B9%E7%9B%AE/PlayableAD/Cocos/TheW/20260615_HYQ/HYQ_Project/assets/Script/functionS/Other/CreatePropBrand.ts.
17:42:09.090 debug: Resolve file:///D:/%E5%B7%A5%E7%A8%8B%E9%A1%B9%E7%9B%AE/PlayableAD/Cocos/TheW/20260615_HYQ/HYQ_Project/assets/Script/functionS/Other/PropArms.ts from cce:/internal/x/prerequisite-imports as file:///D:/%E5%B7%A5%E7%A8%8B%E9%A1%B9%E7%9B%AE/PlayableAD/Cocos/TheW/20260615_HYQ/HYQ_Project/assets/Script/functionS/Other/PropArms.ts.
17:42:09.090 debug: Detected change: file:///D:/%E5%B7%A5%E7%A8%8B%E9%A1%B9%E7%9B%AE/PlayableAD/Cocos/TheW/20260615_HYQ/HYQ_Project/assets/Script/functionS/Other/PropArms.ts. Last mtime: Wed Jun 24 2026 17:29:29 GMT+0800 (中国标准时间)@4c579f82-105c-430a-bfd7-23b68345d492, Current mtime: Wed Jun 24 2026 17:39:06 GMT+0800 (中国标准时间)@4c579f82-105c-430a-bfd7-23b68345d492
17:42:09.090 debug: Inspect file:///D:/%E5%B7%A5%E7%A8%8B%E9%A1%B9%E7%9B%AE/PlayableAD/Cocos/TheW/20260615_HYQ/HYQ_Project/assets/Script/functionS/Other/PropArms.ts
17:42:10.059 debug: transform url: 'file:///D:/%E5%B7%A5%E7%A8%8B%E9%A1%B9%E7%9B%AE/PlayableAD/Cocos/TheW/20260615_HYQ/HYQ_Project/assets/Script/functionS/Other/PropArms.ts' costs: 968.70 ms
17:42:10.066 debug: Resolve file:///D:/%E5%B7%A5%E7%A8%8B%E9%A1%B9%E7%9B%AE/PlayableAD/Cocos/TheW/20260615_HYQ/HYQ_Project/assets/Script/functionS/Other/PropBrand.ts from cce:/internal/x/prerequisite-imports as file:///D:/%E5%B7%A5%E7%A8%8B%E9%A1%B9%E7%9B%AE/PlayableAD/Cocos/TheW/20260615_HYQ/HYQ_Project/assets/Script/functionS/Other/PropBrand.ts.
17:42:10.067 debug: Resolve file:///D:/%E5%B7%A5%E7%A8%8B%E9%A1%B9%E7%9B%AE/PlayableAD/Cocos/TheW/20260615_HYQ/HYQ_Project/assets/Script/functionS/Other/PropLalianGate.ts from cce:/internal/x/prerequisite-imports as file:///D:/%E5%B7%A5%E7%A8%8B%E9%A1%B9%E7%9B%AE/PlayableAD/Cocos/TheW/20260615_HYQ/HYQ_Project/assets/Script/functionS/Other/PropLalianGate.ts.
17:42:10.067 debug: Resolve file:///D:/%E5%B7%A5%E7%A8%8B%E9%A1%B9%E7%9B%AE/PlayableAD/Cocos/TheW/20260615_HYQ/HYQ_Project/assets/Script/functionS/Other/PropTireGate.ts from cce:/internal/x/prerequisite-imports as file:///D:/%E5%B7%A5%E7%A8%8B%E9%A1%B9%E7%9B%AE/PlayableAD/Cocos/TheW/20260615_HYQ/HYQ_Project/assets/Script/functionS/Other/PropTireGate.ts.
17:42:10.068 debug: Resolve file:///D:/%E5%B7%A5%E7%A8%8B%E9%A1%B9%E7%9B%AE/PlayableAD/Cocos/TheW/20260615_HYQ/HYQ_Project/assets/Script/functionS/Player/Player.ts from cce:/internal/x/prerequisite-imports as file:///D:/%E5%B7%A5%E7%A8%8B%E9%A1%B9%E7%9B%AE/PlayableAD/Cocos/TheW/20260615_HYQ/HYQ_Project/assets/Script/functionS/Player/Player.ts.
17:42:10.069 debug: Resolve file:///D:/%E5%B7%A5%E7%A8%8B%E9%A1%B9%E7%9B%AE/PlayableAD/Cocos/TheW/20260615_HYQ/HYQ_Project/assets/Script/functionS/Player/Role.ts from cce:/internal/x/prerequisite-imports as file:///D:/%E5%B7%A5%E7%A8%8B%E9%A1%B9%E7%9B%AE/PlayableAD/Cocos/TheW/20260615_HYQ/HYQ_Project/assets/Script/functionS/Player/Role.ts.
17:42:10.069 debug: Resolve file:///D:/%E5%B7%A5%E7%A8%8B%E9%A1%B9%E7%9B%AE/PlayableAD/Cocos/TheW/20260615_HYQ/HYQ_Project/assets/Script/functionS/Rocker/RockerLogic.ts from cce:/internal/x/prerequisite-imports as file:///D:/%E5%B7%A5%E7%A8%8B%E9%A1%B9%E7%9B%AE/PlayableAD/Cocos/TheW/20260615_HYQ/HYQ_Project/assets/Script/functionS/Rocker/RockerLogic.ts.
17:42:10.071 debug: Resolve file:///D:/%E5%B7%A5%E7%A8%8B%E9%A1%B9%E7%9B%AE/PlayableAD/Cocos/TheW/20260615_HYQ/HYQ_Project/assets/Script/functionS/Rocker/RockerManager.ts from cce:/internal/x/prerequisite-imports as file:///D:/%E5%B7%A5%E7%A8%8B%E9%A1%B9%E7%9B%AE/PlayableAD/Cocos/TheW/20260615_HYQ/HYQ_Project/assets/Script/functionS/Rocker/RockerManager.ts.
17:42:10.071 debug: Resolve file:///D:/%E5%B7%A5%E7%A8%8B%E9%A1%B9%E7%9B%AE/PlayableAD/Cocos/TheW/20260615_HYQ/HYQ_Project/assets/Script/functionS/Rocker/RockerMouseEvent.ts from cce:/internal/x/prerequisite-imports as file:///D:/%E5%B7%A5%E7%A8%8B%E9%A1%B9%E7%9B%AE/PlayableAD/Cocos/TheW/20260615_HYQ/HYQ_Project/assets/Script/functionS/Rocker/RockerMouseEvent.ts.
17:42:10.072 debug: Resolve file:///D:/%E5%B7%A5%E7%A8%8B%E9%A1%B9%E7%9B%AE/PlayableAD/Cocos/TheW/20260615_HYQ/HYQ_Project/assets/Script/functionS/Rocker/RockerUI.ts from cce:/internal/x/prerequisite-imports as file:///D:/%E5%B7%A5%E7%A8%8B%E9%A1%B9%E7%9B%AE/PlayableAD/Cocos/TheW/20260615_HYQ/HYQ_Project/assets/Script/functionS/Rocker/RockerUI.ts.
17:42:10.073 debug: Resolve file:///D:/%E5%B7%A5%E7%A8%8B%E9%A1%B9%E7%9B%AE/PlayableAD/Cocos/TheW/20260615_HYQ/HYQ_Project/assets/Script/functionS/ShoppIng/Buy/BuyWay2D.ts from cce:/internal/x/prerequisite-imports as file:///D:/%E5%B7%A5%E7%A8%8B%E9%A1%B9%E7%9B%AE/PlayableAD/Cocos/TheW/20260615_HYQ/HYQ_Project/assets/Script/functionS/ShoppIng/Buy/BuyWay2D.ts.
17:42:10.074 debug: Resolve file:///D:/%E5%B7%A5%E7%A8%8B%E9%A1%B9%E7%9B%AE/PlayableAD/Cocos/TheW/20260615_HYQ/HYQ_Project/assets/Script/functionS/ShoppIng/Buy/BuyWay3D.ts from cce:/internal/x/prerequisite-imports as file:///D:/%E5%B7%A5%E7%A8%8B%E9%A1%B9%E7%9B%AE/PlayableAD/Cocos/TheW/20260615_HYQ/HYQ_Project/assets/Script/functionS/ShoppIng/Buy/BuyWay3D.ts.
17:42:10.075 debug: Resolve file:///D:/%E5%B7%A5%E7%A8%8B%E9%A1%B9%E7%9B%AE/PlayableAD/Cocos/TheW/20260615_HYQ/HYQ_Project/assets/Script/functionS/ShoppIng/Buy/BuyWayBase.ts from cce:/internal/x/prerequisite-imports as file:///D:/%E5%B7%A5%E7%A8%8B%E9%A1%B9%E7%9B%AE/PlayableAD/Cocos/TheW/20260615_HYQ/HYQ_Project/assets/Script/functionS/ShoppIng/Buy/BuyWayBase.ts.
17:42:10.076 debug: Resolve file:///D:/%E5%B7%A5%E7%A8%8B%E9%A1%B9%E7%9B%AE/PlayableAD/Cocos/TheW/20260615_HYQ/HYQ_Project/assets/Script/functionS/ShoppIng/ShoppIngEvent.ts from cce:/internal/x/prerequisite-imports as file:///D:/%E5%B7%A5%E7%A8%8B%E9%A1%B9%E7%9B%AE/PlayableAD/Cocos/TheW/20260615_HYQ/HYQ_Project/assets/Script/functionS/ShoppIng/ShoppIngEvent.ts.
17:42:10.076 debug: Resolve file:///D:/%E5%B7%A5%E7%A8%8B%E9%A1%B9%E7%9B%AE/PlayableAD/Cocos/TheW/20260615_HYQ/HYQ_Project/assets/Script/functionS/ShoppIng/Shopping.ts from cce:/internal/x/prerequisite-imports as file:///D:/%E5%B7%A5%E7%A8%8B%E9%A1%B9%E7%9B%AE/PlayableAD/Cocos/TheW/20260615_HYQ/HYQ_Project/assets/Script/functionS/ShoppIng/Shopping.ts.
17:42:10.077 debug: Resolve file:///D:/%E5%B7%A5%E7%A8%8B%E9%A1%B9%E7%9B%AE/PlayableAD/Cocos/TheW/20260615_HYQ/HYQ_Project/assets/Script/functionS/ShoppIng/Shopping_Super.ts from cce:/internal/x/prerequisite-imports as file:///D:/%E5%B7%A5%E7%A8%8B%E9%A1%B9%E7%9B%AE/PlayableAD/Cocos/TheW/20260615_HYQ/HYQ_Project/assets/Script/functionS/ShoppIng/Shopping_Super.ts.
17:42:10.078 debug: Resolve file:///D:/%E5%B7%A5%E7%A8%8B%E9%A1%B9%E7%9B%AE/PlayableAD/Cocos/TheW/20260615_HYQ/HYQ_Project/assets/Script/functionS/SkAnim/FbxManager.ts from cce:/internal/x/prerequisite-imports as file:///D:/%E5%B7%A5%E7%A8%8B%E9%A1%B9%E7%9B%AE/PlayableAD/Cocos/TheW/20260615_HYQ/HYQ_Project/assets/Script/functionS/SkAnim/FbxManager.ts.
17:42:10.079 debug: Resolve file:///D:/%E5%B7%A5%E7%A8%8B%E9%A1%B9%E7%9B%AE/PlayableAD/Cocos/TheW/20260615_HYQ/HYQ_Project/assets/Script/functionS/SkAnim/SequenceFrameAnim/FrameAnimManager.ts from cce:/internal/x/prerequisite-imports as file:///D:/%E5%B7%A5%E7%A8%8B%E9%A1%B9%E7%9B%AE/PlayableAD/Cocos/TheW/20260615_HYQ/HYQ_Project/assets/Script/functionS/SkAnim/SequenceFrameAnim/FrameAnimManager.ts.
17:42:10.080 debug: Resolve file:///D:/%E5%B7%A5%E7%A8%8B%E9%A1%B9%E7%9B%AE/PlayableAD/Cocos/TheW/20260615_HYQ/HYQ_Project/assets/Script/functionS/SkAnim/SequenceFrameAnim/FrameManager.ts from cce:/internal/x/prerequisite-imports as file:///D:/%E5%B7%A5%E7%A8%8B%E9%A1%B9%E7%9B%AE/PlayableAD/Cocos/TheW/20260615_HYQ/HYQ_Project/assets/Script/functionS/SkAnim/SequenceFrameAnim/FrameManager.ts.
17:42:10.080 debug: Resolve file:///D:/%E5%B7%A5%E7%A8%8B%E9%A1%B9%E7%9B%AE/PlayableAD/Cocos/TheW/20260615_HYQ/HYQ_Project/assets/Script/functionS/UI/GameOver/GameOverPanel.ts from cce:/internal/x/prerequisite-imports as file:///D:/%E5%B7%A5%E7%A8%8B%E9%A1%B9%E7%9B%AE/PlayableAD/Cocos/TheW/20260615_HYQ/HYQ_Project/assets/Script/functionS/UI/GameOver/GameOverPanel.ts.
17:42:10.081 debug: Resolve file:///D:/%E5%B7%A5%E7%A8%8B%E9%A1%B9%E7%9B%AE/PlayableAD/Cocos/TheW/20260615_HYQ/HYQ_Project/assets/Script/functionS/UI/GameOver/UIButtonEvent.ts from cce:/internal/x/prerequisite-imports as file:///D:/%E5%B7%A5%E7%A8%8B%E9%A1%B9%E7%9B%AE/PlayableAD/Cocos/TheW/20260615_HYQ/HYQ_Project/assets/Script/functionS/UI/GameOver/UIButtonEvent.ts.
17:42:10.082 debug: Resolve file:///D:/%E5%B7%A5%E7%A8%8B%E9%A1%B9%E7%9B%AE/PlayableAD/Cocos/TheW/20260615_HYQ/HYQ_Project/extensions/super-packager/package_assets/Common/SuperPackage.ts from cce:/internal/x/prerequisite-imports as file:///D:/%E5%B7%A5%E7%A8%8B%E9%A1%B9%E7%9B%AE/PlayableAD/Cocos/TheW/20260615_HYQ/HYQ_Project/extensions/super-packager/package_assets/Common/SuperPackage.ts.
17:42:10.083 debug: Resolve file:///D:/%E5%B7%A5%E7%A8%8B%E9%A1%B9%E7%9B%AE/PlayableAD/Cocos/TheW/20260615_HYQ/HYQ_Project/extensions/super-packager/package_assets/Common/super_html_playable.ts from cce:/internal/x/prerequisite-imports as file:///D:/%E5%B7%A5%E7%A8%8B%E9%A1%B9%E7%9B%AE/PlayableAD/Cocos/TheW/20260615_HYQ/HYQ_Project/extensions/super-packager/package_assets/Common/super_html_playable.ts.
17:42:10.084 debug: Resolve file:///D:/%E5%B7%A5%E7%A8%8B%E9%A1%B9%E7%9B%AE/PlayableAD/Cocos/TheW/20260615_HYQ/HYQ_Project/extensions/super-packager/package_assets/JiangYv/PBASDK-v3/PBASDK.ts from cce:/internal/x/prerequisite-imports as file:///D:/%E5%B7%A5%E7%A8%8B%E9%A1%B9%E7%9B%AE/PlayableAD/Cocos/TheW/20260615_HYQ/HYQ_Project/extensions/super-packager/package_assets/JiangYv/PBASDK-v3/PBASDK.ts.
17:42:10.084 debug: Resolve file:///D:/%E5%B7%A5%E7%A8%8B%E9%A1%B9%E7%9B%AE/PlayableAD/Cocos/TheW/20260615_HYQ/HYQ_Project/extensions/super-packager/package_assets/JiangYv/PBASDK-v3/PLASDK.ts from cce:/internal/x/prerequisite-imports as file:///D:/%E5%B7%A5%E7%A8%8B%E9%A1%B9%E7%9B%AE/PlayableAD/Cocos/TheW/20260615_HYQ/HYQ_Project/extensions/super-packager/package_assets/JiangYv/PBASDK-v3/PLASDK.ts.
17:42:10.085 debug: Resolve file:///D:/%E5%B7%A5%E7%A8%8B%E9%A1%B9%E7%9B%AE/PlayableAD/Cocos/TheW/20260615_HYQ/HYQ_Project/extensions/super-packager/package_assets/JiangYv/PBASDK-v3/PrintComponent.ts from cce:/internal/x/prerequisite-imports as file:///D:/%E5%B7%A5%E7%A8%8B%E9%A1%B9%E7%9B%AE/PlayableAD/Cocos/TheW/20260615_HYQ/HYQ_Project/extensions/super-packager/package_assets/JiangYv/PBASDK-v3/PrintComponent.ts.
17:42:10.086 debug: Resolve file:///D:/%E5%B7%A5%E7%A8%8B%E9%A1%B9%E7%9B%AE/PlayableAD/Cocos/TheW/20260615_HYQ/HYQ_Project/extensions/super-packager/package_assets/JiangYv/PBASDK-v3/StutterCheck.ts from cce:/internal/x/prerequisite-imports as file:///D:/%E5%B7%A5%E7%A8%8B%E9%A1%B9%E7%9B%AE/PlayableAD/Cocos/TheW/20260615_HYQ/HYQ_Project/extensions/super-packager/package_assets/JiangYv/PBASDK-v3/StutterCheck.ts.
17:42:10.087 debug: Resolve file:///D:/%E5%B7%A5%E7%A8%8B%E9%A1%B9%E7%9B%AE/PlayableAD/Cocos/TheW/20260615_HYQ/HYQ_Project/extensions/super-packager/package_assets/JiangYv/PBASDK-v3/super_html_playable.ts from cce:/internal/x/prerequisite-imports as file:///D:/%E5%B7%A5%E7%A8%8B%E9%A1%B9%E7%9B%AE/PlayableAD/Cocos/TheW/20260615_HYQ/HYQ_Project/extensions/super-packager/package_assets/JiangYv/PBASDK-v3/super_html_playable.ts.
17:42:10.088 debug: Resolve file:///D:/%E5%B7%A5%E7%A8%8B%E9%A1%B9%E7%9B%AE/PlayableAD/Cocos/TheW/20260615_HYQ/HYQ_Project/extensions/super-packager/package_assets/JiangYv/SuperPackageJY.ts from cce:/internal/x/prerequisite-imports as file:///D:/%E5%B7%A5%E7%A8%8B%E9%A1%B9%E7%9B%AE/PlayableAD/Cocos/TheW/20260615_HYQ/HYQ_Project/extensions/super-packager/package_assets/JiangYv/SuperPackageJY.ts.
17:42:10.090 debug: Resolve cce:/internal/code-quality/cr.mjs from file:///D:/%E5%B7%A5%E7%A8%8B%E9%A1%B9%E7%9B%AE/PlayableAD/Cocos/TheW/20260615_HYQ/HYQ_Project/assets/Script/functionS/Other/PropArms.ts as cce:/internal/code-quality/cr.mjs.
17:42:10.090 debug: Resolve cc from file:///D:/%E5%B7%A5%E7%A8%8B%E9%A1%B9%E7%9B%AE/PlayableAD/Cocos/TheW/20260615_HYQ/HYQ_Project/assets/Script/functionS/Other/PropArms.ts as cce:/internal/x/cc.
17:42:10.090 debug: Resolve cc from file:///D:/%E5%B7%A5%E7%A8%8B%E9%A1%B9%E7%9B%AE/PlayableAD/Cocos/TheW/20260615_HYQ/HYQ_Project/assets/Script/functionS/Other/PropArms.ts as cce:/internal/x/cc.
17:42:10.090 debug: Resolve cc from file:///D:/%E5%B7%A5%E7%A8%8B%E9%A1%B9%E7%9B%AE/PlayableAD/Cocos/TheW/20260615_HYQ/HYQ_Project/assets/Script/functionS/Other/PropArms.ts as cce:/internal/x/cc.
17:42:10.092 debug: Resolve ../Battle/BattleTarger/BattleTarget3D from file:///D:/%E5%B7%A5%E7%A8%8B%E9%A1%B9%E7%9B%AE/PlayableAD/Cocos/TheW/20260615_HYQ/HYQ_Project/assets/Script/functionS/Other/PropArms.ts as file:///D:/%E5%B7%A5%E7%A8%8B%E9%A1%B9%E7%9B%AE/PlayableAD/Cocos/TheW/20260615_HYQ/HYQ_Project/assets/Script/functionS/Battle/BattleTarger/BattleTarget3D.ts.
17:42:10.093 debug: Resolve ../Battle/BulletMonsterCollisionManager from file:///D:/%E5%B7%A5%E7%A8%8B%E9%A1%B9%E7%9B%AE/PlayableAD/Cocos/TheW/20260615_HYQ/HYQ_Project/assets/Script/functionS/Other/PropArms.ts as file:///D:/%E5%B7%A5%E7%A8%8B%E9%A1%B9%E7%9B%AE/PlayableAD/Cocos/TheW/20260615_HYQ/HYQ_Project/assets/Script/functionS/Battle/BulletMonsterCollisionManager.ts.
17:42:10.093 debug: Resolve ../../Base/PoolManager from file:///D:/%E5%B7%A5%E7%A8%8B%E9%A1%B9%E7%9B%AE/PlayableAD/Cocos/TheW/20260615_HYQ/HYQ_Project/assets/Script/functionS/Other/PropArms.ts as file:///D:/%E5%B7%A5%E7%A8%8B%E9%A1%B9%E7%9B%AE/PlayableAD/Cocos/TheW/20260615_HYQ/HYQ_Project/assets/Script/Base/PoolManager.ts.
17:42:10.094 debug: Resolve ../../Base/EnumList from file:///D:/%E5%B7%A5%E7%A8%8B%E9%A1%B9%E7%9B%AE/PlayableAD/Cocos/TheW/20260615_HYQ/HYQ_Project/assets/Script/functionS/Other/PropArms.ts as file:///D:/%E5%B7%A5%E7%A8%8B%E9%A1%B9%E7%9B%AE/PlayableAD/Cocos/TheW/20260615_HYQ/HYQ_Project/assets/Script/Base/EnumList.ts.
17:42:10.095 debug: Resolve ../../Base/PrefabsManager from file:///D:/%E5%B7%A5%E7%A8%8B%E9%A1%B9%E7%9B%AE/PlayableAD/Cocos/TheW/20260615_HYQ/HYQ_Project/assets/Script/functionS/Other/PropArms.ts as file:///D:/%E5%B7%A5%E7%A8%8B%E9%A1%B9%E7%9B%AE/PlayableAD/Cocos/TheW/20260615_HYQ/HYQ_Project/assets/Script/Base/PrefabsManager.ts.
17:42:10.095 debug: Resolve ../../Tool/TweenTool from file:///D:/%E5%B7%A5%E7%A8%8B%E9%A1%B9%E7%9B%AE/PlayableAD/Cocos/TheW/20260615_HYQ/HYQ_Project/assets/Script/functionS/Other/PropArms.ts as file:///D:/%E5%B7%A5%E7%A8%8B%E9%A1%B9%E7%9B%AE/PlayableAD/Cocos/TheW/20260615_HYQ/HYQ_Project/assets/Script/Tool/TweenTool.ts.
17:42:10.096 debug: Resolve ../../Base/EventManager from file:///D:/%E5%B7%A5%E7%A8%8B%E9%A1%B9%E7%9B%AE/PlayableAD/Cocos/TheW/20260615_HYQ/HYQ_Project/assets/Script/functionS/Other/PropArms.ts as file:///D:/%E5%B7%A5%E7%A8%8B%E9%A1%B9%E7%9B%AE/PlayableAD/Cocos/TheW/20260615_HYQ/HYQ_Project/assets/Script/Base/EventManager.ts.
17:42:10.097 debug: Resolve ../Battle/Battle3D/AttackParkPlay from file:///D:/%E5%B7%A5%E7%A8%8B%E9%A1%B9%E7%9B%AE/PlayableAD/Cocos/TheW/20260615_HYQ/HYQ_Project/assets/Script/functionS/Other/PropArms.ts as file:///D:/%E5%B7%A5%E7%A8%8B%E9%A1%B9%E7%9B%AE/PlayableAD/Cocos/TheW/20260615_HYQ/HYQ_Project/assets/Script/functionS/Battle/Battle3D/AttackParkPlay.ts.
17:42:10.098 debug: Resolve ../Battle/Base/FlashRedManager from file:///D:/%E5%B7%A5%E7%A8%8B%E9%A1%B9%E7%9B%AE/PlayableAD/Cocos/TheW/20260615_HYQ/HYQ_Project/assets/Script/functionS/Other/PropArms.ts as file:///D:/%E5%B7%A5%E7%A8%8B%E9%A1%B9%E7%9B%AE/PlayableAD/Cocos/TheW/20260615_HYQ/HYQ_Project/assets/Script/functionS/Battle/Base/FlashRedManager.ts.
17:42:10.099 debug: Resolve ../../Base/AudioManager from file:///D:/%E5%B7%A5%E7%A8%8B%E9%A1%B9%E7%9B%AE/PlayableAD/Cocos/TheW/20260615_HYQ/HYQ_Project/assets/Script/functionS/Other/PropArms.ts as file:///D:/%E5%B7%A5%E7%A8%8B%E9%A1%B9%E7%9B%AE/PlayableAD/Cocos/TheW/20260615_HYQ/HYQ_Project/assets/Script/Base/AudioManager.ts.
17:42:10.100 debug: Resolve ../SkAnim/FbxManager from file:///D:/%E5%B7%A5%E7%A8%8B%E9%A1%B9%E7%9B%AE/PlayableAD/Cocos/TheW/20260615_HYQ/HYQ_Project/assets/Script/functionS/Other/PropArms.ts as file:///D:/%E5%B7%A5%E7%A8%8B%E9%A1%B9%E7%9B%AE/PlayableAD/Cocos/TheW/20260615_HYQ/HYQ_Project/assets/Script/functionS/SkAnim/FbxManager.ts.
17:42:10.100 debug: Resolve ../../Base/CameraMove from file:///D:/%E5%B7%A5%E7%A8%8B%E9%A1%B9%E7%9B%AE/PlayableAD/Cocos/TheW/20260615_HYQ/HYQ_Project/assets/Script/functionS/Other/PropArms.ts as file:///D:/%E5%B7%A5%E7%A8%8B%E9%A1%B9%E7%9B%AE/PlayableAD/Cocos/TheW/20260615_HYQ/HYQ_Project/assets/Script/Base/CameraMove.ts.
17:42:10.102 debug: Resolve ../Monster/MonsterCreate from file:///D:/%E5%B7%A5%E7%A8%8B%E9%A1%B9%E7%9B%AE/PlayableAD/Cocos/TheW/20260615_HYQ/HYQ_Project/assets/Script/functionS/Other/PropArms.ts as file:///D:/%E5%B7%A5%E7%A8%8B%E9%A1%B9%E7%9B%AE/PlayableAD/Cocos/TheW/20260615_HYQ/HYQ_Project/assets/Script/functionS/Monster/MonsterCreate.ts.
17:42:10.207 debug: Target(editor) ends with cost 1519.5237000002526ms.
17:42:10.208 debug: Target(preview) build started.
17:42:10.212 debug: Detected change: cce:/internal/x/prerequisite-imports. Last mtime: Thu Jan 01 1970 08:25:55 GMT+0800 (中国标准时间), Current mtime: Thu Jan 01 1970 08:36:18 GMT+0800 (中国标准时间)
17:42:10.212 debug: Inspect cce:/internal/x/prerequisite-imports
17:42:10.291 debug: transform url: 'cce:/internal/x/prerequisite-imports' costs: 78.80 ms
17:42:10.572 debug: Resolve file:///C:/ProgramData/cocos/editors/Creator/3.8.7/resources/resources/3d/engine/editor/assets/default_renderpipeline/builtin-dof-pass.ts from cce:/internal/x/prerequisite-imports as file:///C:/ProgramData/cocos/editors/Creator/3.8.7/resources/resources/3d/engine/editor/assets/default_renderpipeline/builtin-dof-pass.ts.
17:42:10.575 debug: Resolve file:///C:/ProgramData/cocos/editors/Creator/3.8.7/resources/resources/3d/engine/editor/assets/default_renderpipeline/builtin-pipeline-pass.ts from cce:/internal/x/prerequisite-imports as file:///C:/ProgramData/cocos/editors/Creator/3.8.7/resources/resources/3d/engine/editor/assets/default_renderpipeline/builtin-pipeline-pass.ts.
17:42:10.577 debug: Resolve file:///C:/ProgramData/cocos/editors/Creator/3.8.7/resources/resources/3d/engine/editor/assets/default_renderpipeline/builtin-pipeline-settings.ts from cce:/internal/x/prerequisite-imports as file:///C:/ProgramData/cocos/editors/Creator/3.8.7/resources/resources/3d/engine/editor/assets/default_renderpipeline/builtin-pipeline-settings.ts.
17:42:10.585 debug: Resolve file:///C:/ProgramData/cocos/editors/Creator/3.8.7/resources/resources/3d/engine/editor/assets/default_renderpipeline/builtin-pipeline-types.ts from cce:/internal/x/prerequisite-imports as file:///C:/ProgramData/cocos/editors/Creator/3.8.7/resources/resources/3d/engine/editor/assets/default_renderpipeline/builtin-pipeline-types.ts.
17:42:10.588 debug: Resolve file:///C:/ProgramData/cocos/editors/Creator/3.8.7/resources/resources/3d/engine/editor/assets/default_renderpipeline/builtin-pipeline.ts from cce:/internal/x/prerequisite-imports as file:///C:/ProgramData/cocos/editors/Creator/3.8.7/resources/resources/3d/engine/editor/assets/default_renderpipeline/builtin-pipeline.ts.
17:42:10.591 debug: Resolve file:///C:/ProgramData/cocos/editors/Creator/3.8.7/resources/resources/3d/engine/editor/assets/tools/debug-view-runtime-control.ts from cce:/internal/x/prerequisite-imports as file:///C:/ProgramData/cocos/editors/Creator/3.8.7/resources/resources/3d/engine/editor/assets/tools/debug-view-runtime-control.ts.
17:42:10.593 debug: Resolve file:///D:/%E5%B7%A5%E7%A8%8B%E9%A1%B9%E7%9B%AE/PlayableAD/Cocos/TheW/20260615_HYQ/HYQ_Project/assets/GameRes/1219/Scene/Eff/light/Lightning.ts from cce:/internal/x/prerequisite-imports as file:///D:/%E5%B7%A5%E7%A8%8B%E9%A1%B9%E7%9B%AE/PlayableAD/Cocos/TheW/20260615_HYQ/HYQ_Project/assets/GameRes/1219/Scene/Eff/light/Lightning.ts.
17:42:10.597 debug: Resolve file:///D:/%E5%B7%A5%E7%A8%8B%E9%A1%B9%E7%9B%AE/PlayableAD/Cocos/TheW/20260615_HYQ/HYQ_Project/assets/Script/Base/AudioManager.ts from cce:/internal/x/prerequisite-imports as file:///D:/%E5%B7%A5%E7%A8%8B%E9%A1%B9%E7%9B%AE/PlayableAD/Cocos/TheW/20260615_HYQ/HYQ_Project/assets/Script/Base/AudioManager.ts.
17:42:10.602 debug: Resolve file:///D:/%E5%B7%A5%E7%A8%8B%E9%A1%B9%E7%9B%AE/PlayableAD/Cocos/TheW/20260615_HYQ/HYQ_Project/assets/Script/Base/CameraMove.ts from cce:/internal/x/prerequisite-imports as file:///D:/%E5%B7%A5%E7%A8%8B%E9%A1%B9%E7%9B%AE/PlayableAD/Cocos/TheW/20260615_HYQ/HYQ_Project/assets/Script/Base/CameraMove.ts.
17:42:10.603 debug: Resolve file:///D:/%E5%B7%A5%E7%A8%8B%E9%A1%B9%E7%9B%AE/PlayableAD/Cocos/TheW/20260615_HYQ/HYQ_Project/assets/Script/Base/EnumList.ts from cce:/internal/x/prerequisite-imports as file:///D:/%E5%B7%A5%E7%A8%8B%E9%A1%B9%E7%9B%AE/PlayableAD/Cocos/TheW/20260615_HYQ/HYQ_Project/assets/Script/Base/EnumList.ts.
17:42:10.605 debug: Resolve file:///D:/%E5%B7%A5%E7%A8%8B%E9%A1%B9%E7%9B%AE/PlayableAD/Cocos/TheW/20260615_HYQ/HYQ_Project/assets/Script/Base/EventManager.ts from cce:/internal/x/prerequisite-imports as file:///D:/%E5%B7%A5%E7%A8%8B%E9%A1%B9%E7%9B%AE/PlayableAD/Cocos/TheW/20260615_HYQ/HYQ_Project/assets/Script/Base/EventManager.ts.
17:42:10.605 debug: Resolve file:///D:/%E5%B7%A5%E7%A8%8B%E9%A1%B9%E7%9B%AE/PlayableAD/Cocos/TheW/20260615_HYQ/HYQ_Project/assets/Script/Base/LayerManager.ts from cce:/internal/x/prerequisite-imports as file:///D:/%E5%B7%A5%E7%A8%8B%E9%A1%B9%E7%9B%AE/PlayableAD/Cocos/TheW/20260615_HYQ/HYQ_Project/assets/Script/Base/LayerManager.ts.
17:42:10.608 debug: Resolve file:///D:/%E5%B7%A5%E7%A8%8B%E9%A1%B9%E7%9B%AE/PlayableAD/Cocos/TheW/20260615_HYQ/HYQ_Project/assets/Script/Base/MoveRot/MoveDrive.ts from cce:/internal/x/prerequisite-imports as file:///D:/%E5%B7%A5%E7%A8%8B%E9%A1%B9%E7%9B%AE/PlayableAD/Cocos/TheW/20260615_HYQ/HYQ_Project/assets/Script/Base/MoveRot/MoveDrive.ts.
17:42:10.609 debug: Resolve file:///D:/%E5%B7%A5%E7%A8%8B%E9%A1%B9%E7%9B%AE/PlayableAD/Cocos/TheW/20260615_HYQ/HYQ_Project/assets/Script/Base/MoveRot/RotationDrive.ts from cce:/internal/x/prerequisite-imports as file:///D:/%E5%B7%A5%E7%A8%8B%E9%A1%B9%E7%9B%AE/PlayableAD/Cocos/TheW/20260615_HYQ/HYQ_Project/assets/Script/Base/MoveRot/RotationDrive.ts.
17:42:10.611 debug: Resolve file:///D:/%E5%B7%A5%E7%A8%8B%E9%A1%B9%E7%9B%AE/PlayableAD/Cocos/TheW/20260615_HYQ/HYQ_Project/assets/Script/Base/MoveRot/RotationVector.ts from cce:/internal/x/prerequisite-imports as file:///D:/%E5%B7%A5%E7%A8%8B%E9%A1%B9%E7%9B%AE/PlayableAD/Cocos/TheW/20260615_HYQ/HYQ_Project/assets/Script/Base/MoveRot/RotationVector.ts.
17:42:10.611 debug: Resolve file:///D:/%E5%B7%A5%E7%A8%8B%E9%A1%B9%E7%9B%AE/PlayableAD/Cocos/TheW/20260615_HYQ/HYQ_Project/assets/Script/Base/PoolManager.ts from cce:/internal/x/prerequisite-imports as file:///D:/%E5%B7%A5%E7%A8%8B%E9%A1%B9%E7%9B%AE/PlayableAD/Cocos/TheW/20260615_HYQ/HYQ_Project/assets/Script/Base/PoolManager.ts.
17:42:10.612 debug: Resolve file:///D:/%E5%B7%A5%E7%A8%8B%E9%A1%B9%E7%9B%AE/PlayableAD/Cocos/TheW/20260615_HYQ/HYQ_Project/assets/Script/Base/PrefabsManager.ts from cce:/internal/x/prerequisite-imports as file:///D:/%E5%B7%A5%E7%A8%8B%E9%A1%B9%E7%9B%AE/PlayableAD/Cocos/TheW/20260615_HYQ/HYQ_Project/assets/Script/Base/PrefabsManager.ts.
17:42:10.613 debug: Resolve file:///D:/%E5%B7%A5%E7%A8%8B%E9%A1%B9%E7%9B%AE/PlayableAD/Cocos/TheW/20260615_HYQ/HYQ_Project/assets/Script/Base/Singleton.ts from cce:/internal/x/prerequisite-imports as file:///D:/%E5%B7%A5%E7%A8%8B%E9%A1%B9%E7%9B%AE/PlayableAD/Cocos/TheW/20260615_HYQ/HYQ_Project/assets/Script/Base/Singleton.ts.
17:42:10.614 debug: Resolve file:///D:/%E5%B7%A5%E7%A8%8B%E9%A1%B9%E7%9B%AE/PlayableAD/Cocos/TheW/20260615_HYQ/HYQ_Project/assets/Script/Base/TextAdaptation/DownLoadL8.ts from cce:/internal/x/prerequisite-imports as file:///D:/%E5%B7%A5%E7%A8%8B%E9%A1%B9%E7%9B%AE/PlayableAD/Cocos/TheW/20260615_HYQ/HYQ_Project/assets/Script/Base/TextAdaptation/DownLoadL8.ts.
17:42:10.667 debug: Resolve file:///D:/%E5%B7%A5%E7%A8%8B%E9%A1%B9%E7%9B%AE/PlayableAD/Cocos/TheW/20260615_HYQ/HYQ_Project/assets/Script/Base/TextAdaptation/DragAndMoveL8.ts from cce:/internal/x/prerequisite-imports as file:///D:/%E5%B7%A5%E7%A8%8B%E9%A1%B9%E7%9B%AE/PlayableAD/Cocos/TheW/20260615_HYQ/HYQ_Project/assets/Script/Base/TextAdaptation/DragAndMoveL8.ts.
17:42:10.707 debug: Resolve file:///D:/%E5%B7%A5%E7%A8%8B%E9%A1%B9%E7%9B%AE/PlayableAD/Cocos/TheW/20260615_HYQ/HYQ_Project/assets/Script/Base/TextAdaptation/L18Manager.ts from cce:/internal/x/prerequisite-imports as file:///D:/%E5%B7%A5%E7%A8%8B%E9%A1%B9%E7%9B%AE/PlayableAD/Cocos/TheW/20260615_HYQ/HYQ_Project/assets/Script/Base/TextAdaptation/L18Manager.ts.
17:42:10.711 debug: Resolve file:///D:/%E5%B7%A5%E7%A8%8B%E9%A1%B9%E7%9B%AE/PlayableAD/Cocos/TheW/20260615_HYQ/HYQ_Project/assets/Script/Base/TextAdaptation/LangArrAuto.ts from cce:/internal/x/prerequisite-imports as file:///D:/%E5%B7%A5%E7%A8%8B%E9%A1%B9%E7%9B%AE/PlayableAD/Cocos/TheW/20260615_HYQ/HYQ_Project/assets/Script/Base/TextAdaptation/LangArrAuto.ts.
17:42:10.713 debug: Resolve file:///D:/%E5%B7%A5%E7%A8%8B%E9%A1%B9%E7%9B%AE/PlayableAD/Cocos/TheW/20260615_HYQ/HYQ_Project/assets/Script/Base/TextAdaptation/LangAuto.ts from cce:/internal/x/prerequisite-imports as file:///D:/%E5%B7%A5%E7%A8%8B%E9%A1%B9%E7%9B%AE/PlayableAD/Cocos/TheW/20260615_HYQ/HYQ_Project/assets/Script/Base/TextAdaptation/LangAuto.ts.
17:42:10.714 debug: Resolve file:///D:/%E5%B7%A5%E7%A8%8B%E9%A1%B9%E7%9B%AE/PlayableAD/Cocos/TheW/20260615_HYQ/HYQ_Project/assets/Script/Base/TextAdaptation/ResurrectionL8.ts from cce:/internal/x/prerequisite-imports as file:///D:/%E5%B7%A5%E7%A8%8B%E9%A1%B9%E7%9B%AE/PlayableAD/Cocos/TheW/20260615_HYQ/HYQ_Project/assets/Script/Base/TextAdaptation/ResurrectionL8.ts.
17:42:10.715 debug: Resolve file:///D:/%E5%B7%A5%E7%A8%8B%E9%A1%B9%E7%9B%AE/PlayableAD/Cocos/TheW/20260615_HYQ/HYQ_Project/assets/Script/Base/UnityUpComponent.ts from cce:/internal/x/prerequisite-imports as file:///D:/%E5%B7%A5%E7%A8%8B%E9%A1%B9%E7%9B%AE/PlayableAD/Cocos/TheW/20260615_HYQ/HYQ_Project/assets/Script/Base/UnityUpComponent.ts.
17:42:10.716 debug: Resolve file:///D:/%E5%B7%A5%E7%A8%8B%E9%A1%B9%E7%9B%AE/PlayableAD/Cocos/TheW/20260615_HYQ/HYQ_Project/assets/Script/Tool/Index.ts from cce:/internal/x/prerequisite-imports as file:///D:/%E5%B7%A5%E7%A8%8B%E9%A1%B9%E7%9B%AE/PlayableAD/Cocos/TheW/20260615_HYQ/HYQ_Project/assets/Script/Tool/Index.ts.
17:42:10.716 debug: Resolve file:///D:/%E5%B7%A5%E7%A8%8B%E9%A1%B9%E7%9B%AE/PlayableAD/Cocos/TheW/20260615_HYQ/HYQ_Project/assets/Script/Tool/TweenTool.ts from cce:/internal/x/prerequisite-imports as file:///D:/%E5%B7%A5%E7%A8%8B%E9%A1%B9%E7%9B%AE/PlayableAD/Cocos/TheW/20260615_HYQ/HYQ_Project/assets/Script/Tool/TweenTool.ts.
17:42:10.717 debug: Resolve file:///D:/%E5%B7%A5%E7%A8%8B%E9%A1%B9%E7%9B%AE/PlayableAD/Cocos/TheW/20260615_HYQ/HYQ_Project/assets/Script/functionS/Bag/Base/BagBase.ts from cce:/internal/x/prerequisite-imports as file:///D:/%E5%B7%A5%E7%A8%8B%E9%A1%B9%E7%9B%AE/PlayableAD/Cocos/TheW/20260615_HYQ/HYQ_Project/assets/Script/functionS/Bag/Base/BagBase.ts.
17:42:10.717 debug: Resolve file:///D:/%E5%B7%A5%E7%A8%8B%E9%A1%B9%E7%9B%AE/PlayableAD/Cocos/TheW/20260615_HYQ/HYQ_Project/assets/Script/functionS/Bag/FlayPropManager.ts from cce:/internal/x/prerequisite-imports as file:///D:/%E5%B7%A5%E7%A8%8B%E9%A1%B9%E7%9B%AE/PlayableAD/Cocos/TheW/20260615_HYQ/HYQ_Project/assets/Script/functionS/Bag/FlayPropManager.ts.
17:42:10.718 debug: Resolve file:///D:/%E5%B7%A5%E7%A8%8B%E9%A1%B9%E7%9B%AE/PlayableAD/Cocos/TheW/20260615_HYQ/HYQ_Project/assets/Script/functionS/Bag/GroupBag3D.ts from cce:/internal/x/prerequisite-imports as file:///D:/%E5%B7%A5%E7%A8%8B%E9%A1%B9%E7%9B%AE/PlayableAD/Cocos/TheW/20260615_HYQ/HYQ_Project/assets/Script/functionS/Bag/GroupBag3D.ts.
17:42:10.719 debug: Resolve file:///D:/%E5%B7%A5%E7%A8%8B%E9%A1%B9%E7%9B%AE/PlayableAD/Cocos/TheW/20260615_HYQ/HYQ_Project/assets/Script/functionS/Bag/GroupPropTransform.ts from cce:/internal/x/prerequisite-imports as file:///D:/%E5%B7%A5%E7%A8%8B%E9%A1%B9%E7%9B%AE/PlayableAD/Cocos/TheW/20260615_HYQ/HYQ_Project/assets/Script/functionS/Bag/GroupPropTransform.ts.
17:42:10.720 debug: Resolve file:///D:/%E5%B7%A5%E7%A8%8B%E9%A1%B9%E7%9B%AE/PlayableAD/Cocos/TheW/20260615_HYQ/HYQ_Project/assets/Script/functionS/Bag/IPropFly.ts from cce:/internal/x/prerequisite-imports as file:///D:/%E5%B7%A5%E7%A8%8B%E9%A1%B9%E7%9B%AE/PlayableAD/Cocos/TheW/20260615_HYQ/HYQ_Project/assets/Script/functionS/Bag/IPropFly.ts.
17:42:10.721 debug: Resolve file:///D:/%E5%B7%A5%E7%A8%8B%E9%A1%B9%E7%9B%AE/PlayableAD/Cocos/TheW/20260615_HYQ/HYQ_Project/assets/Script/functionS/Bag/LabBagUp.ts from cce:/internal/x/prerequisite-imports as file:///D:/%E5%B7%A5%E7%A8%8B%E9%A1%B9%E7%9B%AE/PlayableAD/Cocos/TheW/20260615_HYQ/HYQ_Project/assets/Script/functionS/Bag/LabBagUp.ts.
17:42:10.721 debug: Resolve file:///D:/%E5%B7%A5%E7%A8%8B%E9%A1%B9%E7%9B%AE/PlayableAD/Cocos/TheW/20260615_HYQ/HYQ_Project/assets/Script/functionS/Bag/Prop.ts from cce:/internal/x/prerequisite-imports as file:///D:/%E5%B7%A5%E7%A8%8B%E9%A1%B9%E7%9B%AE/PlayableAD/Cocos/TheW/20260615_HYQ/HYQ_Project/assets/Script/functionS/Bag/Prop.ts.
17:42:10.722 debug: Resolve file:///D:/%E5%B7%A5%E7%A8%8B%E9%A1%B9%E7%9B%AE/PlayableAD/Cocos/TheW/20260615_HYQ/HYQ_Project/assets/Script/functionS/Bag/PropManager.ts from cce:/internal/x/prerequisite-imports as file:///D:/%E5%B7%A5%E7%A8%8B%E9%A1%B9%E7%9B%AE/PlayableAD/Cocos/TheW/20260615_HYQ/HYQ_Project/assets/Script/functionS/Bag/PropManager.ts.
17:42:10.724 debug: Resolve file:///D:/%E5%B7%A5%E7%A8%8B%E9%A1%B9%E7%9B%AE/PlayableAD/Cocos/TheW/20260615_HYQ/HYQ_Project/assets/Script/functionS/Battle/Attack/AreaAttack.ts from cce:/internal/x/prerequisite-imports as file:///D:/%E5%B7%A5%E7%A8%8B%E9%A1%B9%E7%9B%AE/PlayableAD/Cocos/TheW/20260615_HYQ/HYQ_Project/assets/Script/functionS/Battle/Attack/AreaAttack.ts.
17:42:10.725 debug: Resolve file:///D:/%E5%B7%A5%E7%A8%8B%E9%A1%B9%E7%9B%AE/PlayableAD/Cocos/TheW/20260615_HYQ/HYQ_Project/assets/Script/functionS/Battle/Attack/AttackState.ts from cce:/internal/x/prerequisite-imports as file:///D:/%E5%B7%A5%E7%A8%8B%E9%A1%B9%E7%9B%AE/PlayableAD/Cocos/TheW/20260615_HYQ/HYQ_Project/assets/Script/functionS/Battle/Attack/AttackState.ts.
17:42:10.726 debug: Resolve file:///D:/%E5%B7%A5%E7%A8%8B%E9%A1%B9%E7%9B%AE/PlayableAD/Cocos/TheW/20260615_HYQ/HYQ_Project/assets/Script/functionS/Battle/Attack/MeleeAttack.ts from cce:/internal/x/prerequisite-imports as file:///D:/%E5%B7%A5%E7%A8%8B%E9%A1%B9%E7%9B%AE/PlayableAD/Cocos/TheW/20260615_HYQ/HYQ_Project/assets/Script/functionS/Battle/Attack/MeleeAttack.ts.
17:42:10.727 debug: Resolve file:///D:/%E5%B7%A5%E7%A8%8B%E9%A1%B9%E7%9B%AE/PlayableAD/Cocos/TheW/20260615_HYQ/HYQ_Project/assets/Script/functionS/Battle/Base/AttackTargetBase.ts from cce:/internal/x/prerequisite-imports as file:///D:/%E5%B7%A5%E7%A8%8B%E9%A1%B9%E7%9B%AE/PlayableAD/Cocos/TheW/20260615_HYQ/HYQ_Project/assets/Script/functionS/Battle/Base/AttackTargetBase.ts.
17:42:10.728 debug: Resolve file:///D:/%E5%B7%A5%E7%A8%8B%E9%A1%B9%E7%9B%AE/PlayableAD/Cocos/TheW/20260615_HYQ/HYQ_Project/assets/Script/functionS/Battle/Base/BattleTargetBase.ts from cce:/internal/x/prerequisite-imports as file:///D:/%E5%B7%A5%E7%A8%8B%E9%A1%B9%E7%9B%AE/PlayableAD/Cocos/TheW/20260615_HYQ/HYQ_Project/assets/Script/functionS/Battle/Base/BattleTargetBase.ts.
17:42:10.729 debug: Resolve file:///D:/%E5%B7%A5%E7%A8%8B%E9%A1%B9%E7%9B%AE/PlayableAD/Cocos/TheW/20260615_HYQ/HYQ_Project/assets/Script/functionS/Battle/Base/FlashRedManager.ts from cce:/internal/x/prerequisite-imports as file:///D:/%E5%B7%A5%E7%A8%8B%E9%A1%B9%E7%9B%AE/PlayableAD/Cocos/TheW/20260615_HYQ/HYQ_Project/assets/Script/functionS/Battle/Base/FlashRedManager.ts.
17:42:10.730 debug: Resolve file:///D:/%E5%B7%A5%E7%A8%8B%E9%A1%B9%E7%9B%AE/PlayableAD/Cocos/TheW/20260615_HYQ/HYQ_Project/assets/Script/functionS/Battle/Battle2D/Attack2D/RangedAttack.ts from cce:/internal/x/prerequisite-imports as file:///D:/%E5%B7%A5%E7%A8%8B%E9%A1%B9%E7%9B%AE/PlayableAD/Cocos/TheW/20260615_HYQ/HYQ_Project/assets/Script/functionS/Battle/Battle2D/Attack2D/RangedAttack.ts.
17:42:10.731 debug: Resolve file:///D:/%E5%B7%A5%E7%A8%8B%E9%A1%B9%E7%9B%AE/PlayableAD/Cocos/TheW/20260615_HYQ/HYQ_Project/assets/Script/functionS/Battle/Battle2D/Bullet/BulletBattle2D.ts from cce:/internal/x/prerequisite-imports as file:///D:/%E5%B7%A5%E7%A8%8B%E9%A1%B9%E7%9B%AE/PlayableAD/Cocos/TheW/20260615_HYQ/HYQ_Project/assets/Script/functionS/Battle/Battle2D/Bullet/BulletBattle2D.ts.
17:42:10.732 debug: Resolve file:///D:/%E5%B7%A5%E7%A8%8B%E9%A1%B9%E7%9B%AE/PlayableAD/Cocos/TheW/20260615_HYQ/HYQ_Project/assets/Script/functionS/Battle/Battle2D/Bullet/BulletCollideBase2D.ts from cce:/internal/x/prerequisite-imports as file:///D:/%E5%B7%A5%E7%A8%8B%E9%A1%B9%E7%9B%AE/PlayableAD/Cocos/TheW/20260615_HYQ/HYQ_Project/assets/Script/functionS/Battle/Battle2D/Bullet/BulletCollideBase2D.ts.
17:42:10.733 debug: Resolve file:///D:/%E5%B7%A5%E7%A8%8B%E9%A1%B9%E7%9B%AE/PlayableAD/Cocos/TheW/20260615_HYQ/HYQ_Project/assets/Script/functionS/Battle/Battle2D/CollectBattleTarger2D.ts from cce:/internal/x/prerequisite-imports as file:///D:/%E5%B7%A5%E7%A8%8B%E9%A1%B9%E7%9B%AE/PlayableAD/Cocos/TheW/20260615_HYQ/HYQ_Project/assets/Script/functionS/Battle/Battle2D/CollectBattleTarger2D.ts.
17:42:10.734 debug: Resolve file:///D:/%E5%B7%A5%E7%A8%8B%E9%A1%B9%E7%9B%AE/PlayableAD/Cocos/TheW/20260615_HYQ/HYQ_Project/assets/Script/functionS/Battle/Battle2D/TriggerBase2D.ts from cce:/internal/x/prerequisite-imports as file:///D:/%E5%B7%A5%E7%A8%8B%E9%A1%B9%E7%9B%AE/PlayableAD/Cocos/TheW/20260615_HYQ/HYQ_Project/assets/Script/functionS/Battle/Battle2D/TriggerBase2D.ts.
17:42:10.735 debug: Resolve file:///D:/%E5%B7%A5%E7%A8%8B%E9%A1%B9%E7%9B%AE/PlayableAD/Cocos/TheW/20260615_HYQ/HYQ_Project/assets/Script/functionS/Battle/Battle3D/Attack3D/RangeTowerAttack.ts from cce:/internal/x/prerequisite-imports as file:///D:/%E5%B7%A5%E7%A8%8B%E9%A1%B9%E7%9B%AE/PlayableAD/Cocos/TheW/20260615_HYQ/HYQ_Project/assets/Script/functionS/Battle/Battle3D/Attack3D/RangeTowerAttack.ts.
17:42:10.737 debug: Resolve file:///D:/%E5%B7%A5%E7%A8%8B%E9%A1%B9%E7%9B%AE/PlayableAD/Cocos/TheW/20260615_HYQ/HYQ_Project/assets/Script/functionS/Battle/Battle3D/Attack3D/RangedAttack_Circle.ts from cce:/internal/x/prerequisite-imports as file:///D:/%E5%B7%A5%E7%A8%8B%E9%A1%B9%E7%9B%AE/PlayableAD/Cocos/TheW/20260615_HYQ/HYQ_Project/assets/Script/functionS/Battle/Battle3D/Attack3D/RangedAttack_Circle.ts.
17:42:10.738 debug: Resolve file:///D:/%E5%B7%A5%E7%A8%8B%E9%A1%B9%E7%9B%AE/PlayableAD/Cocos/TheW/20260615_HYQ/HYQ_Project/assets/Script/functionS/Battle/Battle3D/Attack3D/RangedAttack_Shrapnel.ts from cce:/internal/x/prerequisite-imports as file:///D:/%E5%B7%A5%E7%A8%8B%E9%A1%B9%E7%9B%AE/PlayableAD/Cocos/TheW/20260615_HYQ/HYQ_Project/assets/Script/functionS/Battle/Battle3D/Attack3D/RangedAttack_Shrapnel.ts.
17:42:10.739 debug: Resolve file:///D:/%E5%B7%A5%E7%A8%8B%E9%A1%B9%E7%9B%AE/PlayableAD/Cocos/TheW/20260615_HYQ/HYQ_Project/assets/Script/functionS/Battle/Battle3D/AttackParkPlay.ts from cce:/internal/x/prerequisite-imports as file:///D:/%E5%B7%A5%E7%A8%8B%E9%A1%B9%E7%9B%AE/PlayableAD/Cocos/TheW/20260615_HYQ/HYQ_Project/assets/Script/functionS/Battle/Battle3D/AttackParkPlay.ts.
17:42:10.742 debug: Resolve file:///D:/%E5%B7%A5%E7%A8%8B%E9%A1%B9%E7%9B%AE/PlayableAD/Cocos/TheW/20260615_HYQ/HYQ_Project/assets/Script/functionS/Battle/Battle3D/Bullet/BulletBattle3D.ts from cce:/internal/x/prerequisite-imports as file:///D:/%E5%B7%A5%E7%A8%8B%E9%A1%B9%E7%9B%AE/PlayableAD/Cocos/TheW/20260615_HYQ/HYQ_Project/assets/Script/functionS/Battle/Battle3D/Bullet/BulletBattle3D.ts.
17:42:10.744 debug: Resolve file:///D:/%E5%B7%A5%E7%A8%8B%E9%A1%B9%E7%9B%AE/PlayableAD/Cocos/TheW/20260615_HYQ/HYQ_Project/assets/Script/functionS/Battle/Battle3D/Bullet/BulletCollideBase3D.ts from cce:/internal/x/prerequisite-imports as file:///D:/%E5%B7%A5%E7%A8%8B%E9%A1%B9%E7%9B%AE/PlayableAD/Cocos/TheW/20260615_HYQ/HYQ_Project/assets/Script/functionS/Battle/Battle3D/Bullet/BulletCollideBase3D.ts.
17:42:10.746 debug: Resolve file:///D:/%E5%B7%A5%E7%A8%8B%E9%A1%B9%E7%9B%AE/PlayableAD/Cocos/TheW/20260615_HYQ/HYQ_Project/assets/Script/functionS/Battle/Battle3D/CollectBattleTarger3D.ts from cce:/internal/x/prerequisite-imports as file:///D:/%E5%B7%A5%E7%A8%8B%E9%A1%B9%E7%9B%AE/PlayableAD/Cocos/TheW/20260615_HYQ/HYQ_Project/assets/Script/functionS/Battle/Battle3D/CollectBattleTarger3D.ts.
17:42:10.747 debug: Resolve file:///D:/%E5%B7%A5%E7%A8%8B%E9%A1%B9%E7%9B%AE/PlayableAD/Cocos/TheW/20260615_HYQ/HYQ_Project/assets/Script/functionS/Battle/Battle3D/TriggerBase3D.ts from cce:/internal/x/prerequisite-imports as file:///D:/%E5%B7%A5%E7%A8%8B%E9%A1%B9%E7%9B%AE/PlayableAD/Cocos/TheW/20260615_HYQ/HYQ_Project/assets/Script/functionS/Battle/Battle3D/TriggerBase3D.ts.
17:42:10.751 debug: Resolve file:///D:/%E5%B7%A5%E7%A8%8B%E9%A1%B9%E7%9B%AE/PlayableAD/Cocos/TheW/20260615_HYQ/HYQ_Project/assets/Script/functionS/Battle/BattleTarger/BattleTarget2D.ts from cce:/internal/x/prerequisite-imports as file:///D:/%E5%B7%A5%E7%A8%8B%E9%A1%B9%E7%9B%AE/PlayableAD/Cocos/TheW/20260615_HYQ/HYQ_Project/assets/Script/functionS/Battle/BattleTarger/BattleTarget2D.ts.
17:42:10.752 debug: Resolve file:///D:/%E5%B7%A5%E7%A8%8B%E9%A1%B9%E7%9B%AE/PlayableAD/Cocos/TheW/20260615_HYQ/HYQ_Project/assets/Script/functionS/Battle/BattleTarger/BattleTarget3D.ts from cce:/internal/x/prerequisite-imports as file:///D:/%E5%B7%A5%E7%A8%8B%E9%A1%B9%E7%9B%AE/PlayableAD/Cocos/TheW/20260615_HYQ/HYQ_Project/assets/Script/functionS/Battle/BattleTarger/BattleTarget3D.ts.
17:42:10.753 debug: Resolve file:///D:/%E5%B7%A5%E7%A8%8B%E9%A1%B9%E7%9B%AE/PlayableAD/Cocos/TheW/20260615_HYQ/HYQ_Project/assets/Script/functionS/Battle/BulletBatchRenderer.ts from cce:/internal/x/prerequisite-imports as file:///D:/%E5%B7%A5%E7%A8%8B%E9%A1%B9%E7%9B%AE/PlayableAD/Cocos/TheW/20260615_HYQ/HYQ_Project/assets/Script/functionS/Battle/BulletBatchRenderer.ts.
17:42:10.756 debug: Resolve file:///D:/%E5%B7%A5%E7%A8%8B%E9%A1%B9%E7%9B%AE/PlayableAD/Cocos/TheW/20260615_HYQ/HYQ_Project/assets/Script/functionS/Battle/BulletManager.ts from cce:/internal/x/prerequisite-imports as file:///D:/%E5%B7%A5%E7%A8%8B%E9%A1%B9%E7%9B%AE/PlayableAD/Cocos/TheW/20260615_HYQ/HYQ_Project/assets/Script/functionS/Battle/BulletManager.ts.
17:42:10.757 debug: Resolve file:///D:/%E5%B7%A5%E7%A8%8B%E9%A1%B9%E7%9B%AE/PlayableAD/Cocos/TheW/20260615_HYQ/HYQ_Project/assets/Script/functionS/Battle/BulletMonsterCollisionManager.ts from cce:/internal/x/prerequisite-imports as file:///D:/%E5%B7%A5%E7%A8%8B%E9%A1%B9%E7%9B%AE/PlayableAD/Cocos/TheW/20260615_HYQ/HYQ_Project/assets/Script/functionS/Battle/BulletMonsterCollisionManager.ts.
17:42:10.758 debug: Resolve file:///D:/%E5%B7%A5%E7%A8%8B%E9%A1%B9%E7%9B%AE/PlayableAD/Cocos/TheW/20260615_HYQ/HYQ_Project/assets/Script/functionS/Battle/CollectBattleTarger/CollectGetTarget.ts from cce:/internal/x/prerequisite-imports as file:///D:/%E5%B7%A5%E7%A8%8B%E9%A1%B9%E7%9B%AE/PlayableAD/Cocos/TheW/20260615_HYQ/HYQ_Project/assets/Script/functionS/Battle/CollectBattleTarger/CollectGetTarget.ts.
17:42:10.760 debug: Resolve file:///D:/%E5%B7%A5%E7%A8%8B%E9%A1%B9%E7%9B%AE/PlayableAD/Cocos/TheW/20260615_HYQ/HYQ_Project/assets/Script/functionS/Battle/CollectBattleTarger/ColliderTag.ts from cce:/internal/x/prerequisite-imports as file:///D:/%E5%B7%A5%E7%A8%8B%E9%A1%B9%E7%9B%AE/PlayableAD/Cocos/TheW/20260615_HYQ/HYQ_Project/assets/Script/functionS/Battle/CollectBattleTarger/ColliderTag.ts.
17:42:10.761 debug: Resolve file:///D:/%E5%B7%A5%E7%A8%8B%E9%A1%B9%E7%9B%AE/PlayableAD/Cocos/TheW/20260615_HYQ/HYQ_Project/assets/Script/functionS/Battle/HpComponent.ts from cce:/internal/x/prerequisite-imports as file:///D:/%E5%B7%A5%E7%A8%8B%E9%A1%B9%E7%9B%AE/PlayableAD/Cocos/TheW/20260615_HYQ/HYQ_Project/assets/Script/functionS/Battle/HpComponent.ts.
17:42:10.762 debug: Resolve file:///D:/%E5%B7%A5%E7%A8%8B%E9%A1%B9%E7%9B%AE/PlayableAD/Cocos/TheW/20260615_HYQ/HYQ_Project/assets/Script/functionS/Effect/EffectManager.ts from cce:/internal/x/prerequisite-imports as file:///D:/%E5%B7%A5%E7%A8%8B%E9%A1%B9%E7%9B%AE/PlayableAD/Cocos/TheW/20260615_HYQ/HYQ_Project/assets/Script/functionS/Effect/EffectManager.ts.
17:42:10.762 debug: Resolve file:///D:/%E5%B7%A5%E7%A8%8B%E9%A1%B9%E7%9B%AE/PlayableAD/Cocos/TheW/20260615_HYQ/HYQ_Project/assets/Script/functionS/Effect/EffectRemoveBase.ts from cce:/internal/x/prerequisite-imports as file:///D:/%E5%B7%A5%E7%A8%8B%E9%A1%B9%E7%9B%AE/PlayableAD/Cocos/TheW/20260615_HYQ/HYQ_Project/assets/Script/functionS/Effect/EffectRemoveBase.ts.
17:42:10.763 debug: Resolve file:///D:/%E5%B7%A5%E7%A8%8B%E9%A1%B9%E7%9B%AE/PlayableAD/Cocos/TheW/20260615_HYQ/HYQ_Project/assets/Script/functionS/Effect/EffectTimePartRemove.ts from cce:/internal/x/prerequisite-imports as file:///D:/%E5%B7%A5%E7%A8%8B%E9%A1%B9%E7%9B%AE/PlayableAD/Cocos/TheW/20260615_HYQ/HYQ_Project/assets/Script/functionS/Effect/EffectTimePartRemove.ts.
17:42:10.764 debug: Resolve file:///D:/%E5%B7%A5%E7%A8%8B%E9%A1%B9%E7%9B%AE/PlayableAD/Cocos/TheW/20260615_HYQ/HYQ_Project/assets/Script/functionS/Effect/EffectTimeRemove.ts from cce:/internal/x/prerequisite-imports as file:///D:/%E5%B7%A5%E7%A8%8B%E9%A1%B9%E7%9B%AE/PlayableAD/Cocos/TheW/20260615_HYQ/HYQ_Project/assets/Script/functionS/Effect/EffectTimeRemove.ts.
17:42:10.766 debug: Resolve file:///D:/%E5%B7%A5%E7%A8%8B%E9%A1%B9%E7%9B%AE/PlayableAD/Cocos/TheW/20260615_HYQ/HYQ_Project/assets/Script/functionS/Guide/GuideLine.ts from cce:/internal/x/prerequisite-imports as file:///D:/%E5%B7%A5%E7%A8%8B%E9%A1%B9%E7%9B%AE/PlayableAD/Cocos/TheW/20260615_HYQ/HYQ_Project/assets/Script/functionS/Guide/GuideLine.ts.
17:42:10.767 debug: Resolve file:///D:/%E5%B7%A5%E7%A8%8B%E9%A1%B9%E7%9B%AE/PlayableAD/Cocos/TheW/20260615_HYQ/HYQ_Project/assets/Script/functionS/Guide/GuideManager.ts from cce:/internal/x/prerequisite-imports as file:///D:/%E5%B7%A5%E7%A8%8B%E9%A1%B9%E7%9B%AE/PlayableAD/Cocos/TheW/20260615_HYQ/HYQ_Project/assets/Script/functionS/Guide/GuideManager.ts.
17:42:10.768 debug: Resolve file:///D:/%E5%B7%A5%E7%A8%8B%E9%A1%B9%E7%9B%AE/PlayableAD/Cocos/TheW/20260615_HYQ/HYQ_Project/assets/Script/functionS/Jump/BezierCurve.ts from cce:/internal/x/prerequisite-imports as file:///D:/%E5%B7%A5%E7%A8%8B%E9%A1%B9%E7%9B%AE/PlayableAD/Cocos/TheW/20260615_HYQ/HYQ_Project/assets/Script/functionS/Jump/BezierCurve.ts.
17:42:10.769 debug: Resolve file:///D:/%E5%B7%A5%E7%A8%8B%E9%A1%B9%E7%9B%AE/PlayableAD/Cocos/TheW/20260615_HYQ/HYQ_Project/assets/Script/functionS/Jump/JumpCurve.ts from cce:/internal/x/prerequisite-imports as file:///D:/%E5%B7%A5%E7%A8%8B%E9%A1%B9%E7%9B%AE/PlayableAD/Cocos/TheW/20260615_HYQ/HYQ_Project/assets/Script/functionS/Jump/JumpCurve.ts.
17:42:10.770 debug: Resolve file:///D:/%E5%B7%A5%E7%A8%8B%E9%A1%B9%E7%9B%AE/PlayableAD/Cocos/TheW/20260615_HYQ/HYQ_Project/assets/Script/functionS/Jump/JumpCurve3D.ts from cce:/internal/x/prerequisite-imports as file:///D:/%E5%B7%A5%E7%A8%8B%E9%A1%B9%E7%9B%AE/PlayableAD/Cocos/TheW/20260615_HYQ/HYQ_Project/assets/Script/functionS/Jump/JumpCurve3D.ts.
17:42:10.771 debug: Resolve file:///D:/%E5%B7%A5%E7%A8%8B%E9%A1%B9%E7%9B%AE/PlayableAD/Cocos/TheW/20260615_HYQ/HYQ_Project/assets/Script/functionS/Jump/JumpDriveEngine.ts from cce:/internal/x/prerequisite-imports as file:///D:/%E5%B7%A5%E7%A8%8B%E9%A1%B9%E7%9B%AE/PlayableAD/Cocos/TheW/20260615_HYQ/HYQ_Project/assets/Script/functionS/Jump/JumpDriveEngine.ts.
17:42:10.772 debug: Resolve file:///D:/%E5%B7%A5%E7%A8%8B%E9%A1%B9%E7%9B%AE/PlayableAD/Cocos/TheW/20260615_HYQ/HYQ_Project/assets/Script/functionS/Jump/JumpManager.ts from cce:/internal/x/prerequisite-imports as file:///D:/%E5%B7%A5%E7%A8%8B%E9%A1%B9%E7%9B%AE/PlayableAD/Cocos/TheW/20260615_HYQ/HYQ_Project/assets/Script/functionS/Jump/JumpManager.ts.
17:42:10.791 debug: Resolve file:///D:/%E5%B7%A5%E7%A8%8B%E9%A1%B9%E7%9B%AE/PlayableAD/Cocos/TheW/20260615_HYQ/HYQ_Project/assets/Script/functionS/Jump/JumpParabola.ts from cce:/internal/x/prerequisite-imports as file:///D:/%E5%B7%A5%E7%A8%8B%E9%A1%B9%E7%9B%AE/PlayableAD/Cocos/TheW/20260615_HYQ/HYQ_Project/assets/Script/functionS/Jump/JumpParabola.ts.
17:42:10.810 debug: Resolve file:///D:/%E5%B7%A5%E7%A8%8B%E9%A1%B9%E7%9B%AE/PlayableAD/Cocos/TheW/20260615_HYQ/HYQ_Project/assets/Script/functionS/Jump/JumpScatter.ts from cce:/internal/x/prerequisite-imports as file:///D:/%E5%B7%A5%E7%A8%8B%E9%A1%B9%E7%9B%AE/PlayableAD/Cocos/TheW/20260615_HYQ/HYQ_Project/assets/Script/functionS/Jump/JumpScatter.ts.
17:42:10.812 debug: Resolve file:///D:/%E5%B7%A5%E7%A8%8B%E9%A1%B9%E7%9B%AE/PlayableAD/Cocos/TheW/20260615_HYQ/HYQ_Project/assets/Script/functionS/Jump/JumpSequenceBase.ts from cce:/internal/x/prerequisite-imports as file:///D:/%E5%B7%A5%E7%A8%8B%E9%A1%B9%E7%9B%AE/PlayableAD/Cocos/TheW/20260615_HYQ/HYQ_Project/assets/Script/functionS/Jump/JumpSequenceBase.ts.
17:42:10.812 debug: Resolve file:///D:/%E5%B7%A5%E7%A8%8B%E9%A1%B9%E7%9B%AE/PlayableAD/Cocos/TheW/20260615_HYQ/HYQ_Project/assets/Script/functionS/Monster/MonsterBattleTaerget.ts from cce:/internal/x/prerequisite-imports as file:///D:/%E5%B7%A5%E7%A8%8B%E9%A1%B9%E7%9B%AE/PlayableAD/Cocos/TheW/20260615_HYQ/HYQ_Project/assets/Script/functionS/Monster/MonsterBattleTaerget.ts.
17:42:10.813 debug: Resolve file:///D:/%E5%B7%A5%E7%A8%8B%E9%A1%B9%E7%9B%AE/PlayableAD/Cocos/TheW/20260615_HYQ/HYQ_Project/assets/Script/functionS/Monster/MonsterCreate.ts from cce:/internal/x/prerequisite-imports as file:///D:/%E5%B7%A5%E7%A8%8B%E9%A1%B9%E7%9B%AE/PlayableAD/Cocos/TheW/20260615_HYQ/HYQ_Project/assets/Script/functionS/Monster/MonsterCreate.ts.
17:42:10.814 debug: Resolve file:///D:/%E5%B7%A5%E7%A8%8B%E9%A1%B9%E7%9B%AE/PlayableAD/Cocos/TheW/20260615_HYQ/HYQ_Project/assets/Script/functionS/Other/ArmsUp.ts from cce:/internal/x/prerequisite-imports as file:///D:/%E5%B7%A5%E7%A8%8B%E9%A1%B9%E7%9B%AE/PlayableAD/Cocos/TheW/20260615_HYQ/HYQ_Project/assets/Script/functionS/Other/ArmsUp.ts.
17:42:10.815 debug: Resolve file:///D:/%E5%B7%A5%E7%A8%8B%E9%A1%B9%E7%9B%AE/PlayableAD/Cocos/TheW/20260615_HYQ/HYQ_Project/assets/Script/functionS/Other/CreatePropBrand.ts from cce:/internal/x/prerequisite-imports as file:///D:/%E5%B7%A5%E7%A8%8B%E9%A1%B9%E7%9B%AE/PlayableAD/Cocos/TheW/20260615_HYQ/HYQ_Project/assets/Script/functionS/Other/CreatePropBrand.ts.
17:42:10.823 debug: Resolve file:///D:/%E5%B7%A5%E7%A8%8B%E9%A1%B9%E7%9B%AE/PlayableAD/Cocos/TheW/20260615_HYQ/HYQ_Project/assets/Script/functionS/Other/PropArms.ts from cce:/internal/x/prerequisite-imports as file:///D:/%E5%B7%A5%E7%A8%8B%E9%A1%B9%E7%9B%AE/PlayableAD/Cocos/TheW/20260615_HYQ/HYQ_Project/assets/Script/functionS/Other/PropArms.ts.
17:42:10.824 debug: Detected change: file:///D:/%E5%B7%A5%E7%A8%8B%E9%A1%B9%E7%9B%AE/PlayableAD/Cocos/TheW/20260615_HYQ/HYQ_Project/assets/Script/functionS/Other/PropArms.ts. Last mtime: Wed Jun 24 2026 17:29:29 GMT+0800 (中国标准时间)@4c579f82-105c-430a-bfd7-23b68345d492, Current mtime: Wed Jun 24 2026 17:39:06 GMT+0800 (中国标准时间)@4c579f82-105c-430a-bfd7-23b68345d492
17:42:10.824 debug: Inspect file:///D:/%E5%B7%A5%E7%A8%8B%E9%A1%B9%E7%9B%AE/PlayableAD/Cocos/TheW/20260615_HYQ/HYQ_Project/assets/Script/functionS/Other/PropArms.ts
17:42:12.615 debug: transform url: 'file:///D:/%E5%B7%A5%E7%A8%8B%E9%A1%B9%E7%9B%AE/PlayableAD/Cocos/TheW/20260615_HYQ/HYQ_Project/assets/Script/functionS/Other/PropArms.ts' costs: 1790.60 ms
17:42:12.623 debug: Resolve file:///D:/%E5%B7%A5%E7%A8%8B%E9%A1%B9%E7%9B%AE/PlayableAD/Cocos/TheW/20260615_HYQ/HYQ_Project/assets/Script/functionS/Other/PropBrand.ts from cce:/internal/x/prerequisite-imports as file:///D:/%E5%B7%A5%E7%A8%8B%E9%A1%B9%E7%9B%AE/PlayableAD/Cocos/TheW/20260615_HYQ/HYQ_Project/assets/Script/functionS/Other/PropBrand.ts.
17:42:12.624 debug: Resolve file:///D:/%E5%B7%A5%E7%A8%8B%E9%A1%B9%E7%9B%AE/PlayableAD/Cocos/TheW/20260615_HYQ/HYQ_Project/assets/Script/functionS/Other/PropLalianGate.ts from cce:/internal/x/prerequisite-imports as file:///D:/%E5%B7%A5%E7%A8%8B%E9%A1%B9%E7%9B%AE/PlayableAD/Cocos/TheW/20260615_HYQ/HYQ_Project/assets/Script/functionS/Other/PropLalianGate.ts.
17:42:12.624 debug: Resolve file:///D:/%E5%B7%A5%E7%A8%8B%E9%A1%B9%E7%9B%AE/PlayableAD/Cocos/TheW/20260615_HYQ/HYQ_Project/assets/Script/functionS/Other/PropTireGate.ts from cce:/internal/x/prerequisite-imports as file:///D:/%E5%B7%A5%E7%A8%8B%E9%A1%B9%E7%9B%AE/PlayableAD/Cocos/TheW/20260615_HYQ/HYQ_Project/assets/Script/functionS/Other/PropTireGate.ts.
17:42:12.625 debug: Resolve file:///D:/%E5%B7%A5%E7%A8%8B%E9%A1%B9%E7%9B%AE/PlayableAD/Cocos/TheW/20260615_HYQ/HYQ_Project/assets/Script/functionS/Player/Player.ts from cce:/internal/x/prerequisite-imports as file:///D:/%E5%B7%A5%E7%A8%8B%E9%A1%B9%E7%9B%AE/PlayableAD/Cocos/TheW/20260615_HYQ/HYQ_Project/assets/Script/functionS/Player/Player.ts.
17:42:12.626 debug: Resolve file:///D:/%E5%B7%A5%E7%A8%8B%E9%A1%B9%E7%9B%AE/PlayableAD/Cocos/TheW/20260615_HYQ/HYQ_Project/assets/Script/functionS/Player/Role.ts from cce:/internal/x/prerequisite-imports as file:///D:/%E5%B7%A5%E7%A8%8B%E9%A1%B9%E7%9B%AE/PlayableAD/Cocos/TheW/20260615_HYQ/HYQ_Project/assets/Script/functionS/Player/Role.ts.
17:42:12.627 debug: Resolve file:///D:/%E5%B7%A5%E7%A8%8B%E9%A1%B9%E7%9B%AE/PlayableAD/Cocos/TheW/20260615_HYQ/HYQ_Project/assets/Script/functionS/Rocker/RockerLogic.ts from cce:/internal/x/prerequisite-imports as file:///D:/%E5%B7%A5%E7%A8%8B%E9%A1%B9%E7%9B%AE/PlayableAD/Cocos/TheW/20260615_HYQ/HYQ_Project/assets/Script/functionS/Rocker/RockerLogic.ts.
17:42:12.628 debug: Resolve file:///D:/%E5%B7%A5%E7%A8%8B%E9%A1%B9%E7%9B%AE/PlayableAD/Cocos/TheW/20260615_HYQ/HYQ_Project/assets/Script/functionS/Rocker/RockerManager.ts from cce:/internal/x/prerequisite-imports as file:///D:/%E5%B7%A5%E7%A8%8B%E9%A1%B9%E7%9B%AE/PlayableAD/Cocos/TheW/20260615_HYQ/HYQ_Project/assets/Script/functionS/Rocker/RockerManager.ts.
17:42:12.629 debug: Resolve file:///D:/%E5%B7%A5%E7%A8%8B%E9%A1%B9%E7%9B%AE/PlayableAD/Cocos/TheW/20260615_HYQ/HYQ_Project/assets/Script/functionS/Rocker/RockerMouseEvent.ts from cce:/internal/x/prerequisite-imports as file:///D:/%E5%B7%A5%E7%A8%8B%E9%A1%B9%E7%9B%AE/PlayableAD/Cocos/TheW/20260615_HYQ/HYQ_Project/assets/Script/functionS/Rocker/RockerMouseEvent.ts.
17:42:12.629 debug: Resolve file:///D:/%E5%B7%A5%E7%A8%8B%E9%A1%B9%E7%9B%AE/PlayableAD/Cocos/TheW/20260615_HYQ/HYQ_Project/assets/Script/functionS/Rocker/RockerUI.ts from cce:/internal/x/prerequisite-imports as file:///D:/%E5%B7%A5%E7%A8%8B%E9%A1%B9%E7%9B%AE/PlayableAD/Cocos/TheW/20260615_HYQ/HYQ_Project/assets/Script/functionS/Rocker/RockerUI.ts.
17:42:12.630 debug: Resolve file:///D:/%E5%B7%A5%E7%A8%8B%E9%A1%B9%E7%9B%AE/PlayableAD/Cocos/TheW/20260615_HYQ/HYQ_Project/assets/Script/functionS/ShoppIng/Buy/BuyWay2D.ts from cce:/internal/x/prerequisite-imports as file:///D:/%E5%B7%A5%E7%A8%8B%E9%A1%B9%E7%9B%AE/PlayableAD/Cocos/TheW/20260615_HYQ/HYQ_Project/assets/Script/functionS/ShoppIng/Buy/BuyWay2D.ts.
17:42:12.630 debug: Resolve file:///D:/%E5%B7%A5%E7%A8%8B%E9%A1%B9%E7%9B%AE/PlayableAD/Cocos/TheW/20260615_HYQ/HYQ_Project/assets/Script/functionS/ShoppIng/Buy/BuyWay3D.ts from cce:/internal/x/prerequisite-imports as file:///D:/%E5%B7%A5%E7%A8%8B%E9%A1%B9%E7%9B%AE/PlayableAD/Cocos/TheW/20260615_HYQ/HYQ_Project/assets/Script/functionS/ShoppIng/Buy/BuyWay3D.ts.
17:42:12.631 debug: Resolve file:///D:/%E5%B7%A5%E7%A8%8B%E9%A1%B9%E7%9B%AE/PlayableAD/Cocos/TheW/20260615_HYQ/HYQ_Project/assets/Script/functionS/ShoppIng/Buy/BuyWayBase.ts from cce:/internal/x/prerequisite-imports as file:///D:/%E5%B7%A5%E7%A8%8B%E9%A1%B9%E7%9B%AE/PlayableAD/Cocos/TheW/20260615_HYQ/HYQ_Project/assets/Script/functionS/ShoppIng/Buy/BuyWayBase.ts.
17:42:12.632 debug: Resolve file:///D:/%E5%B7%A5%E7%A8%8B%E9%A1%B9%E7%9B%AE/PlayableAD/Cocos/TheW/20260615_HYQ/HYQ_Project/assets/Script/functionS/ShoppIng/ShoppIngEvent.ts from cce:/internal/x/prerequisite-imports as file:///D:/%E5%B7%A5%E7%A8%8B%E9%A1%B9%E7%9B%AE/PlayableAD/Cocos/TheW/20260615_HYQ/HYQ_Project/assets/Script/functionS/ShoppIng/ShoppIngEvent.ts.
17:42:12.632 debug: Resolve file:///D:/%E5%B7%A5%E7%A8%8B%E9%A1%B9%E7%9B%AE/PlayableAD/Cocos/TheW/20260615_HYQ/HYQ_Project/assets/Script/functionS/ShoppIng/Shopping.ts from cce:/internal/x/prerequisite-imports as file:///D:/%E5%B7%A5%E7%A8%8B%E9%A1%B9%E7%9B%AE/PlayableAD/Cocos/TheW/20260615_HYQ/HYQ_Project/assets/Script/functionS/ShoppIng/Shopping.ts.
17:42:12.633 debug: Resolve file:///D:/%E5%B7%A5%E7%A8%8B%E9%A1%B9%E7%9B%AE/PlayableAD/Cocos/TheW/20260615_HYQ/HYQ_Project/assets/Script/functionS/ShoppIng/Shopping_Super.ts from cce:/internal/x/prerequisite-imports as file:///D:/%E5%B7%A5%E7%A8%8B%E9%A1%B9%E7%9B%AE/PlayableAD/Cocos/TheW/20260615_HYQ/HYQ_Project/assets/Script/functionS/ShoppIng/Shopping_Super.ts.
17:42:12.634 debug: Resolve file:///D:/%E5%B7%A5%E7%A8%8B%E9%A1%B9%E7%9B%AE/PlayableAD/Cocos/TheW/20260615_HYQ/HYQ_Project/assets/Script/functionS/SkAnim/FbxManager.ts from cce:/internal/x/prerequisite-imports as file:///D:/%E5%B7%A5%E7%A8%8B%E9%A1%B9%E7%9B%AE/PlayableAD/Cocos/TheW/20260615_HYQ/HYQ_Project/assets/Script/functionS/SkAnim/FbxManager.ts.
17:42:12.635 debug: Resolve file:///D:/%E5%B7%A5%E7%A8%8B%E9%A1%B9%E7%9B%AE/PlayableAD/Cocos/TheW/20260615_HYQ/HYQ_Project/assets/Script/functionS/SkAnim/SequenceFrameAnim/FrameAnimManager.ts from cce:/internal/x/prerequisite-imports as file:///D:/%E5%B7%A5%E7%A8%8B%E9%A1%B9%E7%9B%AE/PlayableAD/Cocos/TheW/20260615_HYQ/HYQ_Project/assets/Script/functionS/SkAnim/SequenceFrameAnim/FrameAnimManager.ts.
17:42:12.636 debug: Resolve file:///D:/%E5%B7%A5%E7%A8%8B%E9%A1%B9%E7%9B%AE/PlayableAD/Cocos/TheW/20260615_HYQ/HYQ_Project/assets/Script/functionS/SkAnim/SequenceFrameAnim/FrameManager.ts from cce:/internal/x/prerequisite-imports as file:///D:/%E5%B7%A5%E7%A8%8B%E9%A1%B9%E7%9B%AE/PlayableAD/Cocos/TheW/20260615_HYQ/HYQ_Project/assets/Script/functionS/SkAnim/SequenceFrameAnim/FrameManager.ts.
17:42:12.636 debug: Resolve file:///D:/%E5%B7%A5%E7%A8%8B%E9%A1%B9%E7%9B%AE/PlayableAD/Cocos/TheW/20260615_HYQ/HYQ_Project/assets/Script/functionS/UI/GameOver/GameOverPanel.ts from cce:/internal/x/prerequisite-imports as file:///D:/%E5%B7%A5%E7%A8%8B%E9%A1%B9%E7%9B%AE/PlayableAD/Cocos/TheW/20260615_HYQ/HYQ_Project/assets/Script/functionS/UI/GameOver/GameOverPanel.ts.
17:42:12.637 debug: Resolve file:///D:/%E5%B7%A5%E7%A8%8B%E9%A1%B9%E7%9B%AE/PlayableAD/Cocos/TheW/20260615_HYQ/HYQ_Project/assets/Script/functionS/UI/GameOver/UIButtonEvent.ts from cce:/internal/x/prerequisite-imports as file:///D:/%E5%B7%A5%E7%A8%8B%E9%A1%B9%E7%9B%AE/PlayableAD/Cocos/TheW/20260615_HYQ/HYQ_Project/assets/Script/functionS/UI/GameOver/UIButtonEvent.ts.
17:42:12.638 debug: Resolve file:///D:/%E5%B7%A5%E7%A8%8B%E9%A1%B9%E7%9B%AE/PlayableAD/Cocos/TheW/20260615_HYQ/HYQ_Project/extensions/super-packager/package_assets/Common/SuperPackage.ts from cce:/internal/x/prerequisite-imports as file:///D:/%E5%B7%A5%E7%A8%8B%E9%A1%B9%E7%9B%AE/PlayableAD/Cocos/TheW/20260615_HYQ/HYQ_Project/extensions/super-packager/package_assets/Common/SuperPackage.ts.
17:42:12.638 debug: Resolve file:///D:/%E5%B7%A5%E7%A8%8B%E9%A1%B9%E7%9B%AE/PlayableAD/Cocos/TheW/20260615_HYQ/HYQ_Project/extensions/super-packager/package_assets/Common/super_html_playable.ts from cce:/internal/x/prerequisite-imports as file:///D:/%E5%B7%A5%E7%A8%8B%E9%A1%B9%E7%9B%AE/PlayableAD/Cocos/TheW/20260615_HYQ/HYQ_Project/extensions/super-packager/package_assets/Common/super_html_playable.ts.
17:42:12.639 debug: Resolve file:///D:/%E5%B7%A5%E7%A8%8B%E9%A1%B9%E7%9B%AE/PlayableAD/Cocos/TheW/20260615_HYQ/HYQ_Project/extensions/super-packager/package_assets/JiangYv/PBASDK-v3/PBASDK.ts from cce:/internal/x/prerequisite-imports as file:///D:/%E5%B7%A5%E7%A8%8B%E9%A1%B9%E7%9B%AE/PlayableAD/Cocos/TheW/20260615_HYQ/HYQ_Project/extensions/super-packager/package_assets/JiangYv/PBASDK-v3/PBASDK.ts.
17:42:12.640 debug: Resolve file:///D:/%E5%B7%A5%E7%A8%8B%E9%A1%B9%E7%9B%AE/PlayableAD/Cocos/TheW/20260615_HYQ/HYQ_Project/extensions/super-packager/package_assets/JiangYv/PBASDK-v3/PLASDK.ts from cce:/internal/x/prerequisite-imports as file:///D:/%E5%B7%A5%E7%A8%8B%E9%A1%B9%E7%9B%AE/PlayableAD/Cocos/TheW/20260615_HYQ/HYQ_Project/extensions/super-packager/package_assets/JiangYv/PBASDK-v3/PLASDK.ts.
17:42:12.641 debug: Resolve file:///D:/%E5%B7%A5%E7%A8%8B%E9%A1%B9%E7%9B%AE/PlayableAD/Cocos/TheW/20260615_HYQ/HYQ_Project/extensions/super-packager/package_assets/JiangYv/PBASDK-v3/PrintComponent.ts from cce:/internal/x/prerequisite-imports as file:///D:/%E5%B7%A5%E7%A8%8B%E9%A1%B9%E7%9B%AE/PlayableAD/Cocos/TheW/20260615_HYQ/HYQ_Project/extensions/super-packager/package_assets/JiangYv/PBASDK-v3/PrintComponent.ts.
17:42:12.642 debug: Resolve file:///D:/%E5%B7%A5%E7%A8%8B%E9%A1%B9%E7%9B%AE/PlayableAD/Cocos/TheW/20260615_HYQ/HYQ_Project/extensions/super-packager/package_assets/JiangYv/PBASDK-v3/StutterCheck.ts from cce:/internal/x/prerequisite-imports as file:///D:/%E5%B7%A5%E7%A8%8B%E9%A1%B9%E7%9B%AE/PlayableAD/Cocos/TheW/20260615_HYQ/HYQ_Project/extensions/super-packager/package_assets/JiangYv/PBASDK-v3/StutterCheck.ts.
17:42:12.643 debug: Resolve file:///D:/%E5%B7%A5%E7%A8%8B%E9%A1%B9%E7%9B%AE/PlayableAD/Cocos/TheW/20260615_HYQ/HYQ_Project/extensions/super-packager/package_assets/JiangYv/PBASDK-v3/super_html_playable.ts from cce:/internal/x/prerequisite-imports as file:///D:/%E5%B7%A5%E7%A8%8B%E9%A1%B9%E7%9B%AE/PlayableAD/Cocos/TheW/20260615_HYQ/HYQ_Project/extensions/super-packager/package_assets/JiangYv/PBASDK-v3/super_html_playable.ts.
17:42:12.644 debug: Resolve file:///D:/%E5%B7%A5%E7%A8%8B%E9%A1%B9%E7%9B%AE/PlayableAD/Cocos/TheW/20260615_HYQ/HYQ_Project/extensions/super-packager/package_assets/JiangYv/SuperPackageJY.ts from cce:/internal/x/prerequisite-imports as file:///D:/%E5%B7%A5%E7%A8%8B%E9%A1%B9%E7%9B%AE/PlayableAD/Cocos/TheW/20260615_HYQ/HYQ_Project/extensions/super-packager/package_assets/JiangYv/SuperPackageJY.ts.
17:42:12.645 debug: Resolve cce:/internal/code-quality/cr.mjs from file:///D:/%E5%B7%A5%E7%A8%8B%E9%A1%B9%E7%9B%AE/PlayableAD/Cocos/TheW/20260615_HYQ/HYQ_Project/assets/Script/functionS/Other/PropArms.ts as cce:/internal/code-quality/cr.mjs.
17:42:12.645 debug: Resolve cc from file:///D:/%E5%B7%A5%E7%A8%8B%E9%A1%B9%E7%9B%AE/PlayableAD/Cocos/TheW/20260615_HYQ/HYQ_Project/assets/Script/functionS/Other/PropArms.ts as cce:/internal/x/cc.
17:42:12.645 debug: Resolve cc from file:///D:/%E5%B7%A5%E7%A8%8B%E9%A1%B9%E7%9B%AE/PlayableAD/Cocos/TheW/20260615_HYQ/HYQ_Project/assets/Script/functionS/Other/PropArms.ts as cce:/internal/x/cc.
17:42:12.645 debug: Resolve cc from file:///D:/%E5%B7%A5%E7%A8%8B%E9%A1%B9%E7%9B%AE/PlayableAD/Cocos/TheW/20260615_HYQ/HYQ_Project/assets/Script/functionS/Other/PropArms.ts as cce:/internal/x/cc.
17:42:12.646 debug: Resolve ../Battle/BattleTarger/BattleTarget3D from file:///D:/%E5%B7%A5%E7%A8%8B%E9%A1%B9%E7%9B%AE/PlayableAD/Cocos/TheW/20260615_HYQ/HYQ_Project/assets/Script/functionS/Other/PropArms.ts as file:///D:/%E5%B7%A5%E7%A8%8B%E9%A1%B9%E7%9B%AE/PlayableAD/Cocos/TheW/20260615_HYQ/HYQ_Project/assets/Script/functionS/Battle/BattleTarger/BattleTarget3D.ts.
17:42:12.650 debug: Resolve ../Battle/BulletMonsterCollisionManager from file:///D:/%E5%B7%A5%E7%A8%8B%E9%A1%B9%E7%9B%AE/PlayableAD/Cocos/TheW/20260615_HYQ/HYQ_Project/assets/Script/functionS/Other/PropArms.ts as file:///D:/%E5%B7%A5%E7%A8%8B%E9%A1%B9%E7%9B%AE/PlayableAD/Cocos/TheW/20260615_HYQ/HYQ_Project/assets/Script/functionS/Battle/BulletMonsterCollisionManager.ts.
17:42:12.651 debug: Resolve ../../Base/PoolManager from file:///D:/%E5%B7%A5%E7%A8%8B%E9%A1%B9%E7%9B%AE/PlayableAD/Cocos/TheW/20260615_HYQ/HYQ_Project/assets/Script/functionS/Other/PropArms.ts as file:///D:/%E5%B7%A5%E7%A8%8B%E9%A1%B9%E7%9B%AE/PlayableAD/Cocos/TheW/20260615_HYQ/HYQ_Project/assets/Script/Base/PoolManager.ts.
17:42:12.652 debug: Resolve ../../Base/EnumList from file:///D:/%E5%B7%A5%E7%A8%8B%E9%A1%B9%E7%9B%AE/PlayableAD/Cocos/TheW/20260615_HYQ/HYQ_Project/assets/Script/functionS/Other/PropArms.ts as file:///D:/%E5%B7%A5%E7%A8%8B%E9%A1%B9%E7%9B%AE/PlayableAD/Cocos/TheW/20260615_HYQ/HYQ_Project/assets/Script/Base/EnumList.ts.
17:42:12.652 debug: Resolve ../../Base/PrefabsManager from file:///D:/%E5%B7%A5%E7%A8%8B%E9%A1%B9%E7%9B%AE/PlayableAD/Cocos/TheW/20260615_HYQ/HYQ_Project/assets/Script/functionS/Other/PropArms.ts as file:///D:/%E5%B7%A5%E7%A8%8B%E9%A1%B9%E7%9B%AE/PlayableAD/Cocos/TheW/20260615_HYQ/HYQ_Project/assets/Script/Base/PrefabsManager.ts.
17:42:12.653 debug: Resolve ../../Tool/TweenTool from file:///D:/%E5%B7%A5%E7%A8%8B%E9%A1%B9%E7%9B%AE/PlayableAD/Cocos/TheW/20260615_HYQ/HYQ_Project/assets/Script/functionS/Other/PropArms.ts as file:///D:/%E5%B7%A5%E7%A8%8B%E9%A1%B9%E7%9B%AE/PlayableAD/Cocos/TheW/20260615_HYQ/HYQ_Project/assets/Script/Tool/TweenTool.ts.
17:42:12.654 debug: Resolve ../../Base/EventManager from file:///D:/%E5%B7%A5%E7%A8%8B%E9%A1%B9%E7%9B%AE/PlayableAD/Cocos/TheW/20260615_HYQ/HYQ_Project/assets/Script/functionS/Other/PropArms.ts as file:///D:/%E5%B7%A5%E7%A8%8B%E9%A1%B9%E7%9B%AE/PlayableAD/Cocos/TheW/20260615_HYQ/HYQ_Project/assets/Script/Base/EventManager.ts.
17:42:12.655 debug: Resolve ../Battle/Battle3D/AttackParkPlay from file:///D:/%E5%B7%A5%E7%A8%8B%E9%A1%B9%E7%9B%AE/PlayableAD/Cocos/TheW/20260615_HYQ/HYQ_Project/assets/Script/functionS/Other/PropArms.ts as file:///D:/%E5%B7%A5%E7%A8%8B%E9%A1%B9%E7%9B%AE/PlayableAD/Cocos/TheW/20260615_HYQ/HYQ_Project/assets/Script/functionS/Battle/Battle3D/AttackParkPlay.ts.
17:42:12.656 debug: Resolve ../Battle/Base/FlashRedManager from file:///D:/%E5%B7%A5%E7%A8%8B%E9%A1%B9%E7%9B%AE/PlayableAD/Cocos/TheW/20260615_HYQ/HYQ_Project/assets/Script/functionS/Other/PropArms.ts as file:///D:/%E5%B7%A5%E7%A8%8B%E9%A1%B9%E7%9B%AE/PlayableAD/Cocos/TheW/20260615_HYQ/HYQ_Project/assets/Script/functionS/Battle/Base/FlashRedManager.ts.
17:42:12.656 debug: Resolve ../../Base/AudioManager from file:///D:/%E5%B7%A5%E7%A8%8B%E9%A1%B9%E7%9B%AE/PlayableAD/Cocos/TheW/20260615_HYQ/HYQ_Project/assets/Script/functionS/Other/PropArms.ts as file:///D:/%E5%B7%A5%E7%A8%8B%E9%A1%B9%E7%9B%AE/PlayableAD/Cocos/TheW/20260615_HYQ/HYQ_Project/assets/Script/Base/AudioManager.ts.
17:42:12.657 debug: Resolve ../SkAnim/FbxManager from file:///D:/%E5%B7%A5%E7%A8%8B%E9%A1%B9%E7%9B%AE/PlayableAD/Cocos/TheW/20260615_HYQ/HYQ_Project/assets/Script/functionS/Other/PropArms.ts as file:///D:/%E5%B7%A5%E7%A8%8B%E9%A1%B9%E7%9B%AE/PlayableAD/Cocos/TheW/20260615_HYQ/HYQ_Project/assets/Script/functionS/SkAnim/FbxManager.ts.
17:42:12.657 debug: Resolve ../../Base/CameraMove from file:///D:/%E5%B7%A5%E7%A8%8B%E9%A1%B9%E7%9B%AE/PlayableAD/Cocos/TheW/20260615_HYQ/HYQ_Project/assets/Script/functionS/Other/PropArms.ts as file:///D:/%E5%B7%A5%E7%A8%8B%E9%A1%B9%E7%9B%AE/PlayableAD/Cocos/TheW/20260615_HYQ/HYQ_Project/assets/Script/Base/CameraMove.ts.
17:42:12.658 debug: Resolve ../Monster/MonsterCreate from file:///D:/%E5%B7%A5%E7%A8%8B%E9%A1%B9%E7%9B%AE/PlayableAD/Cocos/TheW/20260615_HYQ/HYQ_Project/assets/Script/functionS/Other/PropArms.ts as file:///D:/%E5%B7%A5%E7%A8%8B%E9%A1%B9%E7%9B%AE/PlayableAD/Cocos/TheW/20260615_HYQ/HYQ_Project/assets/Script/functionS/Monster/MonsterCreate.ts.
17:42:12.750 debug: Target(preview) ends with cost 2540.9821999999695ms.
