2026-6-12 11:36:51 - log: Load engine in C:\ProgramData\cocos\editors\Creator\3.8.7\resources\resources\3d\engine
2026-6-12 11:36:51 - log: Register native engine in C:\ProgramData\cocos\editors\Creator\3.8.7\resources\resources\3d\engine\native
2026-6-12 11:36:53 - log: Request namespace: device-list
2026-6-12 11:37:06 - log: waiting the ready of builder worker...
2026-6-12 11:37:32 - warn: [Assets] Attribute a_joints has different format from origin, quantization may not work.Warn: [Assets] Attribute a_joints has different format from origin, quantization may not work.
    at console.warn (C:\ProgramData\cocos\editors\Creator\3.8.7\resources\app.asar\node_modules\@sentry\core\src\utils-hoist\instrument\console.ts:40:14)
    at NewConsole.warn (C:\ProgramData\cocos\editors\Creator\3.8.7\resources\app.asar\builtin\asset-db\dist\worker\console.ccc:1:1637)
    at quantizeSize (C:\ProgramData\cocos\editors\Creator\3.8.7\resources\app.asar\modules\engine-extensions\extensions\engine-extends\dist\handler\assets\gltf\meshOptimizer.ccc:1:16035)
    at quantizeMesh (C:\ProgramData\cocos\editors\Creator\3.8.7\resources\app.asar\modules\engine-extensions\extensions\engine-extends\dist\handler\assets\gltf\meshOptimizer.ccc:1:16611)
    at compressMesh (C:\ProgramData\cocos\editors\Creator\3.8.7\resources\app.asar\modules\engine-extensions\extensions\engine-extends\dist\handler\assets\gltf\meshOptimizer.ccc:1:11757)
    at import (C:\ProgramData\cocos\editors\Creator\3.8.7\resources\app.asar\modules\engine-extensions\extensions\engine-extends\dist\handler\assets\gltf\mesh.ccc:1:3447)
    at CustomImporter.import (C:\ProgramData\cocos\editors\Creator\3.8.7\resources\app.asar\builtin\asset-db\dist\worker\manager\asset-handler-manager.ccc:1:1243)
2026-6-12 11:37:32 - warn: [Assets] Attribute a_joints has different format from origin, quantization may not work.Warn: [Assets] Attribute a_joints has different format from origin, quantization may not work.
    at console.warn (C:\ProgramData\cocos\editors\Creator\3.8.7\resources\app.asar\node_modules\@sentry\core\src\utils-hoist\instrument\console.ts:40:14)
    at NewConsole.warn (C:\ProgramData\cocos\editors\Creator\3.8.7\resources\app.asar\builtin\asset-db\dist\worker\console.ccc:1:1637)
    at quantizeSize (C:\ProgramData\cocos\editors\Creator\3.8.7\resources\app.asar\modules\engine-extensions\extensions\engine-extends\dist\handler\assets\gltf\meshOptimizer.ccc:1:16035)
    at quantizeMesh (C:\ProgramData\cocos\editors\Creator\3.8.7\resources\app.asar\modules\engine-extensions\extensions\engine-extends\dist\handler\assets\gltf\meshOptimizer.ccc:1:16611)
    at compressMesh (C:\ProgramData\cocos\editors\Creator\3.8.7\resources\app.asar\modules\engine-extensions\extensions\engine-extends\dist\handler\assets\gltf\meshOptimizer.ccc:1:11757)
    at import (C:\ProgramData\cocos\editors\Creator\3.8.7\resources\app.asar\modules\engine-extensions\extensions\engine-extends\dist\handler\assets\gltf\mesh.ccc:1:3447)
    at CustomImporter.import (C:\ProgramData\cocos\editors\Creator\3.8.7\resources\app.asar\builtin\asset-db\dist\worker\manager\asset-handler-manager.ccc:1:1243)
2026-6-12 11:37:33 - warn: [Assets] Attribute a_joints has different format from origin, quantization may not work.Warn: [Assets] Attribute a_joints has different format from origin, quantization may not work.
    at console.warn (C:\ProgramData\cocos\editors\Creator\3.8.7\resources\app.asar\node_modules\@sentry\core\src\utils-hoist\instrument\console.ts:40:14)
    at NewConsole.warn (C:\ProgramData\cocos\editors\Creator\3.8.7\resources\app.asar\builtin\asset-db\dist\worker\console.ccc:1:1637)
    at quantizeSize (C:\ProgramData\cocos\editors\Creator\3.8.7\resources\app.asar\modules\engine-extensions\extensions\engine-extends\dist\handler\assets\gltf\meshOptimizer.ccc:1:16035)
    at quantizeMesh (C:\ProgramData\cocos\editors\Creator\3.8.7\resources\app.asar\modules\engine-extensions\extensions\engine-extends\dist\handler\assets\gltf\meshOptimizer.ccc:1:16611)
    at compressMesh (C:\ProgramData\cocos\editors\Creator\3.8.7\resources\app.asar\modules\engine-extensions\extensions\engine-extends\dist\handler\assets\gltf\meshOptimizer.ccc:1:11757)
    at import (C:\ProgramData\cocos\editors\Creator\3.8.7\resources\app.asar\modules\engine-extensions\extensions\engine-extends\dist\handler\assets\gltf\mesh.ccc:1:3447)
    at CustomImporter.import (C:\ProgramData\cocos\editors\Creator\3.8.7\resources\app.asar\builtin\asset-db\dist\worker\manager\asset-handler-manager.ccc:1:1243)
2026-6-12 11:37:33 - warn: [Assets] Attribute a_joints has different format from origin, quantization may not work.Warn: [Assets] Attribute a_joints has different format from origin, quantization may not work.
    at console.warn (C:\ProgramData\cocos\editors\Creator\3.8.7\resources\app.asar\node_modules\@sentry\core\src\utils-hoist\instrument\console.ts:40:14)
    at NewConsole.warn (C:\ProgramData\cocos\editors\Creator\3.8.7\resources\app.asar\builtin\asset-db\dist\worker\console.ccc:1:1637)
    at quantizeSize (C:\ProgramData\cocos\editors\Creator\3.8.7\resources\app.asar\modules\engine-extensions\extensions\engine-extends\dist\handler\assets\gltf\meshOptimizer.ccc:1:16035)
    at quantizeMesh (C:\ProgramData\cocos\editors\Creator\3.8.7\resources\app.asar\modules\engine-extensions\extensions\engine-extends\dist\handler\assets\gltf\meshOptimizer.ccc:1:16611)
    at compressMesh (C:\ProgramData\cocos\editors\Creator\3.8.7\resources\app.asar\modules\engine-extensions\extensions\engine-extends\dist\handler\assets\gltf\meshOptimizer.ccc:1:11757)
    at import (C:\ProgramData\cocos\editors\Creator\3.8.7\resources\app.asar\modules\engine-extensions\extensions\engine-extends\dist\handler\assets\gltf\mesh.ccc:1:3447)
    at CustomImporter.import (C:\ProgramData\cocos\editors\Creator\3.8.7\resources\app.asar\builtin\asset-db\dist\worker\manager\asset-handler-manager.ccc:1:1243)
2026-6-12 11:37:33 - warn: [Assets] Attribute a_joints has different format from origin, quantization may not work.Warn: [Assets] Attribute a_joints has different format from origin, quantization may not work.
    at console.warn (C:\ProgramData\cocos\editors\Creator\3.8.7\resources\app.asar\node_modules\@sentry\core\src\utils-hoist\instrument\console.ts:40:14)
    at NewConsole.warn (C:\ProgramData\cocos\editors\Creator\3.8.7\resources\app.asar\builtin\asset-db\dist\worker\console.ccc:1:1637)
    at quantizeSize (C:\ProgramData\cocos\editors\Creator\3.8.7\resources\app.asar\modules\engine-extensions\extensions\engine-extends\dist\handler\assets\gltf\meshOptimizer.ccc:1:16035)
    at quantizeMesh (C:\ProgramData\cocos\editors\Creator\3.8.7\resources\app.asar\modules\engine-extensions\extensions\engine-extends\dist\handler\assets\gltf\meshOptimizer.ccc:1:16611)
    at compressMesh (C:\ProgramData\cocos\editors\Creator\3.8.7\resources\app.asar\modules\engine-extensions\extensions\engine-extends\dist\handler\assets\gltf\meshOptimizer.ccc:1:11757)
    at import (C:\ProgramData\cocos\editors\Creator\3.8.7\resources\app.asar\modules\engine-extensions\extensions\engine-extends\dist\handler\assets\gltf\mesh.ccc:1:3447)
    at CustomImporter.import (C:\ProgramData\cocos\editors\Creator\3.8.7\resources\app.asar\builtin\asset-db\dist\worker\manager\asset-handler-manager.ccc:1:1243)
2026-6-12 11:37:34 - warn: [Assets] Attribute a_joints has different format from origin, quantization may not work.Warn: [Assets] Attribute a_joints has different format from origin, quantization may not work.
    at console.warn (C:\ProgramData\cocos\editors\Creator\3.8.7\resources\app.asar\node_modules\@sentry\core\src\utils-hoist\instrument\console.ts:40:14)
    at NewConsole.warn (C:\ProgramData\cocos\editors\Creator\3.8.7\resources\app.asar\builtin\asset-db\dist\worker\console.ccc:1:1637)
    at quantizeSize (C:\ProgramData\cocos\editors\Creator\3.8.7\resources\app.asar\modules\engine-extensions\extensions\engine-extends\dist\handler\assets\gltf\meshOptimizer.ccc:1:16035)
    at quantizeMesh (C:\ProgramData\cocos\editors\Creator\3.8.7\resources\app.asar\modules\engine-extensions\extensions\engine-extends\dist\handler\assets\gltf\meshOptimizer.ccc:1:16611)
    at compressMesh (C:\ProgramData\cocos\editors\Creator\3.8.7\resources\app.asar\modules\engine-extensions\extensions\engine-extends\dist\handler\assets\gltf\meshOptimizer.ccc:1:11757)
    at import (C:\ProgramData\cocos\editors\Creator\3.8.7\resources\app.asar\modules\engine-extensions\extensions\engine-extends\dist\handler\assets\gltf\mesh.ccc:1:3447)
    at CustomImporter.import (C:\ProgramData\cocos\editors\Creator\3.8.7\resources\app.asar\builtin\asset-db\dist\worker\manager\asset-handler-manager.ccc:1:1243)
2026-6-12 11:37:37 - log: [Scene] meshopt wasm decoder initialized
2026-6-12 11:37:37 - log: [Scene] [box2d]:box2d wasm lib loaded.
2026-6-12 11:37:37 - log: [Scene] [bullet]:bullet wasm lib loaded.
2026-6-12 11:37:37 - log: [Scene] [PHYSICS]: using builtin.
2026-6-12 11:37:37 - log: [Scene] Cocos Creator v3.8.7
2026-6-12 11:37:43 - log: [Scene] No need to specify the "type" of "MoveDrive.rotLock" because cc.Vec3 is a child class of ValueType.
2026-6-12 11:37:43 - error: [Scene] {hidden(::SceneExecutorImportExceptionHandler::)} Error: Error: 无法加载模块 db://super-packager/Common/SuperPackage，这是因为：资产数据库 super-packager 未挂载，请检查相关的插件是否正确启用。
    at Object.execute (file:///D:/%E5%B7%A5%E7%A8%8B%E9%A1%B9%E7%9B%AE/test_pro/test_pro/HYQ_Project/temp/programming/packer-driver/targets/editor/chunks/5e/5ee56b64028dedbb7e74630c7122b1b327d597ca.js:8:13)
    at doExec (C:\ProgramData\cocos\editors\Creator\3.8.7\resources\app.asar\node_modules\@editor\lib-programming\static\executor\systemjs-bridge\out\index.js:517:30)
    at postOrderExec (C:\ProgramData\cocos\editors\Creator\3.8.7\resources\app.asar\node_modules\@editor\lib-programming\static\executor\systemjs-bridge\out\index.js:508:21)
    at C:\ProgramData\cocos\editors\Creator\3.8.7\resources\app.asar\node_modules\@editor\lib-programming\static\executor\systemjs-bridge\out\index.js:493:28
    at Array.forEach (<anonymous>)
    at postOrderExec (C:\ProgramData\cocos\editors\Creator\3.8.7\resources\app.asar\node_modules\@editor\lib-programming\static\executor\systemjs-bridge\out\index.js:491:10)
    at C:\ProgramData\cocos\editors\Creator\3.8.7\resources\app.asar\node_modules\@editor\lib-programming\static\executor\systemjs-bridge\out\index.js:493:28
    at Array.forEach (<anonymous>)
    at postOrderExec (C:\ProgramData\cocos\editors\Creator\3.8.7\resources\app.asar\node_modules\@editor\lib-programming\static\executor\systemjs-bridge\out\index.js:491:10)
    at C:\ProgramData\cocos\editors\Creator\3.8.7\resources\app.asar\node_modules\@editor\lib-programming\static\executor\systemjs-bridge\out\index.js:493:28
    at Array.forEach (<anonymous>)
    at postOrderExec (C:\ProgramData\cocos\editors\Creator\3.8.7\resources\app.asar\node_modules\@editor\lib-programming\static\executor\systemjs-bridge\out\index.js:491:10)
    at C:\ProgramData\cocos\editors\Creator\3.8.7\resources\app.asar\node_modules\@editor\lib-programming\static\executor\systemjs-bridge\out\index.js:440:12
    at file:///D:/%E5%B7%A5%E7%A8%8B%E9%A1%B9%E7%9B%AE/test_pro/test_pro/HYQ_Project/temp/programming/packer-driver/targets/editor/chunks/6d/6d8fd2b0177941b032ddc0733af48a561fb60657.js:13:13
    at Object.execute (file:///D:/%E5%B7%A5%E7%A8%8B%E9%A1%B9%E7%9B%AE/test_pro/test_pro/HYQ_Project/temp/programming/packer-driver/targets/editor/chunks/6d/6d8fd2b0177941b032ddc0733af48a561fb60657.js:8:7)
    at Executor._importPrerequisiteModules (C:\ProgramData\cocos\editors\Creator\3.8.7\resources\app.asar\node_modules\@editor\lib-programming\src\executor\index.ts:358:13)
    at Executor.reload (C:\ProgramData\cocos\editors\Creator\3.8.7\resources\app.asar\node_modules\@editor\lib-programming\src\executor\index.ts:235:13)
    at C:\ProgramData\cocos\editors\Creator\3.8.7\resources\app.asar\builtin\scene\dist\script\3d\manager\scripts.ccc:1:1893
    at GlobalEnv.processQueue (C:\ProgramData\cocos\editors\Creator\3.8.7\resources\app.asar\builtin\scene\dist\script\3d\manager\scripts.ccc:1:2290)
    at GlobalEnv.record (C:\ProgramData\cocos\editors\Creator\3.8.7\resources\app.asar\builtin\scene\dist\script\3d\manager\scripts.ccc:1:2061)
    at ScriptManager.init (C:\ProgramData\cocos\editors\Creator\3.8.7\resources\app.asar\builtin\scene\dist\script\3d\manager\scripts.ccc:1:4024)Error: [Scene] {hidden(::SceneExecutorImportExceptionHandler::)} Error: Error: 无法加载模块 db://super-packager/Common/SuperPackage，这是因为：资产数据库 super-packager 未挂载，请检查相关的插件是否正确启用。
    at C:\ProgramData\cocos\editors\Creator\3.8.7\resources\app.asar\node_modules\@editor\lib-programming\static\executor\systemjs-bridge\out\index.js:493:28
    at Array.forEach (<anonymous>)
    at postOrderExec (C:\ProgramData\cocos\editors\Creator\3.8.7\resources\app.asar\node_modules\@editor\lib-programming\static\executor\systemjs-bridge\out\index.js:491:10)
    at C:\ProgramData\cocos\editors\Creator\3.8.7\resources\app.asar\node_modules\@editor\lib-programming\static\executor\systemjs-bridge\out\index.js:493:28
    at Array.forEach (<anonymous>)
    at postOrderExec (C:\ProgramData\cocos\editors\Creator\3.8.7\resources\app.asar\node_modules\@editor\lib-programming\static\executor\systemjs-bridge\out\index.js:491:10)
    at C:\ProgramData\cocos\editors\Creator\3.8.7\resources\app.asar\node_modules\@editor\lib-programming\static\executor\systemjs-bridge\out\index.js:493:28
    at Array.forEach (<anonymous>)
    at postOrderExec (C:\ProgramData\cocos\editors\Creator\3.8.7\resources\app.asar\node_modules\@editor\lib-programming\static\executor\systemjs-bridge\out\index.js:491:10)
    at C:\ProgramData\cocos\editors\Creator\3.8.7\resources\app.asar\node_modules\@editor\lib-programming\static\executor\systemjs-bridge\out\index.js:440:12
    at file:///D:/%E5%B7%A5%E7%A8%8B%E9%A1%B9%E7%9B%AE/test_pro/test_pro/HYQ_Project/temp/programming/packer-driver/targets/editor/chunks/6d/6d8fd2b0177941b032ddc0733af48a561fb60657.js:13:13
    at Object.execute (file:///D:/%E5%B7%A5%E7%A8%8B%E9%A1%B9%E7%9B%AE/test_pro/test_pro/HYQ_Project/temp/programming/packer-driver/targets/editor/chunks/6d/6d8fd2b0177941b032ddc0733af48a561fb60657.js:8:7)
    at Executor._importPrerequisiteModules (C:\ProgramData\cocos\editors\Creator\3.8.7\resources\app.asar\node_modules\@editor\lib-programming\src\executor\index.ts:358:13)
    at Executor.reload (C:\ProgramData\cocos\editors\Creator\3.8.7\resources\app.asar\node_modules\@editor\lib-programming\src\executor\index.ts:235:13)
    at C:\ProgramData\cocos\editors\Creator\3.8.7\resources\app.asar\builtin\scene\dist\script\3d\manager\scripts.ccc:1:1893
    at GlobalEnv.processQueue (C:\ProgramData\cocos\editors\Creator\3.8.7\resources\app.asar\builtin\scene\dist\script\3d\manager\scripts.ccc:1:2290)
    at GlobalEnv.record (C:\ProgramData\cocos\editors\Creator\3.8.7\resources\app.asar\builtin\scene\dist\script\3d\manager\scripts.ccc:1:2061)
    at ScriptManager.init (C:\ProgramData\cocos\editors\Creator\3.8.7\resources\app.asar\builtin\scene\dist\script\3d\manager\scripts.ccc:1:4024)
    at Logger._logHandler (C:\ProgramData\cocos\editors\Creator\3.8.7\resources\app.asar\builtin\scene\dist\script\3d\manager\startup\log.ccc:1:487)
    at Logger.record (C:\ProgramData\cocos\editors\Creator\3.8.7\resources\app.asar\node_modules\@base\electron-logger\lib\renderer.ccc:1:458)
    at console.<anonymous> (C:\ProgramData\cocos\editors\Creator\3.8.7\resources\app.asar\node_modules\@base\electron-logger\lib\renderer.ccc:1:1414)
    at console.error (C:\ProgramData\cocos\editors\Creator\3.8.7\resources\app.asar\node_modules\@sentry\core\src\utils-hoist\instrument\console.ts:40:14)
    at ScriptManager._handleImportException (C:\ProgramData\cocos\editors\Creator\3.8.7\resources\app.asar\builtin\scene\dist\script\3d\manager\scripts.ccc:1:5678)
    at Executor.importExceptionHandler [as _importExceptionHandler] (C:\ProgramData\cocos\editors\Creator\3.8.7\resources\app.asar\builtin\scene\dist\script\3d\manager\scripts.ccc:1:3834)
    at Executor._onModuleLoaded (C:\ProgramData\cocos\editors\Creator\3.8.7\resources\app.asar\node_modules\@editor\lib-programming\src\executor\index.ts:401:22)
    at SystemJS.onload (C:\ProgramData\cocos\editors\Creator\3.8.7\resources\app.asar\node_modules\@editor\lib-programming\src\executor\index.ts:99:18)
    at triggerOnload (C:\ProgramData\cocos\editors\Creator\3.8.7\resources\app.asar\node_modules\@editor\lib-programming\static\executor\systemjs-bridge\out\index.js:270:10)
    at doExec (C:\ProgramData\cocos\editors\Creator\3.8.7\resources\app.asar\node_modules\@editor\lib-programming\static\executor\systemjs-bridge\out\index.js:538:7)
    at postOrderExec (C:\ProgramData\cocos\editors\Creator\3.8.7\resources\app.asar\node_modules\@editor\lib-programming\static\executor\systemjs-bridge\out\index.js:508:21)
    at C:\ProgramData\cocos\editors\Creator\3.8.7\resources\app.asar\node_modules\@editor\lib-programming\static\executor\systemjs-bridge\out\index.js:493:28
    at Array.forEach (<anonymous>)
    at postOrderExec (C:\ProgramData\cocos\editors\Creator\3.8.7\resources\app.asar\node_modules\@editor\lib-programming\static\executor\systemjs-bridge\out\index.js:491:10)
    at C:\ProgramData\cocos\editors\Creator\3.8.7\resources\app.asar\node_modules\@editor\lib-programming\static\executor\systemjs-bridge\out\index.js:493:28
    at Array.forEach (<anonymous>)
    at postOrderExec (C:\ProgramData\cocos\editors\Creator\3.8.7\resources\app.asar\node_modules\@editor\lib-programming\static\executor\systemjs-bridge\out\index.js:491:10)
    at C:\ProgramData\cocos\editors\Creator\3.8.7\resources\app.asar\node_modules\@editor\lib-programming\static\executor\systemjs-bridge\out\index.js:493:28
    at Array.forEach (<anonymous>)
    at postOrderExec (C:\ProgramData\cocos\editors\Creator\3.8.7\resources\app.asar\node_modules\@editor\lib-programming\static\executor\systemjs-bridge\out\index.js:491:10)
    at C:\ProgramData\cocos\editors\Creator\3.8.7\resources\app.asar\node_modules\@editor\lib-programming\static\executor\systemjs-bridge\out\index.js:440:12
    at file:///D:/%E5%B7%A5%E7%A8%8B%E9%A1%B9%E7%9B%AE/test_pro/test_pro/HYQ_Project/temp/programming/packer-driver/targets/editor/chunks/6d/6d8fd2b0177941b032ddc0733af48a561fb60657.js:13:13
    at Object.execute (file:///D:/%E5%B7%A5%E7%A8%8B%E9%A1%B9%E7%9B%AE/test_pro/test_pro/HYQ_Project/temp/programming/packer-driver/targets/editor/chunks/6d/6d8fd2b0177941b032ddc0733af48a561fb60657.js:8:7)
    at Executor._importPrerequisiteModules (C:\ProgramData\cocos\editors\Creator\3.8.7\resources\app.asar\node_modules\@editor\lib-programming\src\executor\index.ts:358:13)
    at Executor.reload (C:\ProgramData\cocos\editors\Creator\3.8.7\resources\app.asar\node_modules\@editor\lib-programming\src\executor\index.ts:235:13)
    at C:\ProgramData\cocos\editors\Creator\3.8.7\resources\app.asar\builtin\scene\dist\script\3d\manager\scripts.ccc:1:1893
    at GlobalEnv.processQueue (C:\ProgramData\cocos\editors\Creator\3.8.7\resources\app.asar\builtin\scene\dist\script\3d\manager\scripts.ccc:1:2290)
    at GlobalEnv.record (C:\ProgramData\cocos\editors\Creator\3.8.7\resources\app.asar\builtin\scene\dist\script\3d\manager\scripts.ccc:1:2061)
    at ScriptManager.init (C:\ProgramData\cocos\editors\Creator\3.8.7\resources\app.asar\builtin\scene\dist\script\3d\manager\scripts.ccc:1:4024)
2026-6-12 11:37:43 - log: [Scene] Using custom pipeline: Builtin
2026-6-12 11:37:43 - log: [Scene] [PHYSICS]: switch from builtin to bullet.
2026-6-12 11:37:43 - log: [Scene] [PHYSICS2D]: switch from builtin to box2d.
2026-6-12 11:38:24 - log: load super-packager
2026-6-12 11:38:26 - log: [Scene] No need to specify the "type" of "MoveDrive.rotLock" because cc.Vec3 is a child class of ValueType.
2026-6-12 11:38:26 - error: [Scene] {hidden(::SceneExecutorImportExceptionHandler::)} Error: Error: 无法加载模块 db://super-packager/Common/SuperPackage，这是因为：资产数据库 super-packager 未挂载，请检查相关的插件是否正确启用。
    at Object.execute (file:///D:/%E5%B7%A5%E7%A8%8B%E9%A1%B9%E7%9B%AE/test_pro/test_pro/HYQ_Project/temp/programming/packer-driver/targets/editor/chunks/5e/5ee56b64028dedbb7e74630c7122b1b327d597ca.js:8:13)
    at doExec (C:\ProgramData\cocos\editors\Creator\3.8.7\resources\app.asar\node_modules\@editor\lib-programming\static\executor\systemjs-bridge\out\index.js:517:30)
    at postOrderExec (C:\ProgramData\cocos\editors\Creator\3.8.7\resources\app.asar\node_modules\@editor\lib-programming\static\executor\systemjs-bridge\out\index.js:508:21)
    at C:\ProgramData\cocos\editors\Creator\3.8.7\resources\app.asar\node_modules\@editor\lib-programming\static\executor\systemjs-bridge\out\index.js:493:28
    at Array.forEach (<anonymous>)
    at postOrderExec (C:\ProgramData\cocos\editors\Creator\3.8.7\resources\app.asar\node_modules\@editor\lib-programming\static\executor\systemjs-bridge\out\index.js:491:10)
    at C:\ProgramData\cocos\editors\Creator\3.8.7\resources\app.asar\node_modules\@editor\lib-programming\static\executor\systemjs-bridge\out\index.js:493:28
    at Array.forEach (<anonymous>)
    at postOrderExec (C:\ProgramData\cocos\editors\Creator\3.8.7\resources\app.asar\node_modules\@editor\lib-programming\static\executor\systemjs-bridge\out\index.js:491:10)
    at C:\ProgramData\cocos\editors\Creator\3.8.7\resources\app.asar\node_modules\@editor\lib-programming\static\executor\systemjs-bridge\out\index.js:493:28
    at Array.forEach (<anonymous>)
    at postOrderExec (C:\ProgramData\cocos\editors\Creator\3.8.7\resources\app.asar\node_modules\@editor\lib-programming\static\executor\systemjs-bridge\out\index.js:491:10)
    at C:\ProgramData\cocos\editors\Creator\3.8.7\resources\app.asar\node_modules\@editor\lib-programming\static\executor\systemjs-bridge\out\index.js:440:12
    at file:///D:/%E5%B7%A5%E7%A8%8B%E9%A1%B9%E7%9B%AE/test_pro/test_pro/HYQ_Project/temp/programming/packer-driver/targets/editor/chunks/6d/6d8fd2b0177941b032ddc0733af48a561fb60657.js:13:13
    at Object.execute (file:///D:/%E5%B7%A5%E7%A8%8B%E9%A1%B9%E7%9B%AE/test_pro/test_pro/HYQ_Project/temp/programming/packer-driver/targets/editor/chunks/6d/6d8fd2b0177941b032ddc0733af48a561fb60657.js:8:7)
    at Executor._importPrerequisiteModules (C:\ProgramData\cocos\editors\Creator\3.8.7\resources\app.asar\node_modules\@editor\lib-programming\src\executor\index.ts:358:13)
    at Executor.reload (C:\ProgramData\cocos\editors\Creator\3.8.7\resources\app.asar\node_modules\@editor\lib-programming\src\executor\index.ts:235:13)
    at C:\ProgramData\cocos\editors\Creator\3.8.7\resources\app.asar\builtin\scene\dist\script\3d\manager\scripts.ccc:1:1893
    at GlobalEnv.processQueue (C:\ProgramData\cocos\editors\Creator\3.8.7\resources\app.asar\builtin\scene\dist\script\3d\manager\scripts.ccc:1:2290)
    at GlobalEnv.record (C:\ProgramData\cocos\editors\Creator\3.8.7\resources\app.asar\builtin\scene\dist\script\3d\manager\scripts.ccc:1:2061)Error: [Scene] {hidden(::SceneExecutorImportExceptionHandler::)} Error: Error: 无法加载模块 db://super-packager/Common/SuperPackage，这是因为：资产数据库 super-packager 未挂载，请检查相关的插件是否正确启用。
    at C:\ProgramData\cocos\editors\Creator\3.8.7\resources\app.asar\node_modules\@editor\lib-programming\static\executor\systemjs-bridge\out\index.js:493:28
    at Array.forEach (<anonymous>)
    at postOrderExec (C:\ProgramData\cocos\editors\Creator\3.8.7\resources\app.asar\node_modules\@editor\lib-programming\static\executor\systemjs-bridge\out\index.js:491:10)
    at C:\ProgramData\cocos\editors\Creator\3.8.7\resources\app.asar\node_modules\@editor\lib-programming\static\executor\systemjs-bridge\out\index.js:493:28
    at Array.forEach (<anonymous>)
    at postOrderExec (C:\ProgramData\cocos\editors\Creator\3.8.7\resources\app.asar\node_modules\@editor\lib-programming\static\executor\systemjs-bridge\out\index.js:491:10)
    at C:\ProgramData\cocos\editors\Creator\3.8.7\resources\app.asar\node_modules\@editor\lib-programming\static\executor\systemjs-bridge\out\index.js:493:28
    at Array.forEach (<anonymous>)
    at postOrderExec (C:\ProgramData\cocos\editors\Creator\3.8.7\resources\app.asar\node_modules\@editor\lib-programming\static\executor\systemjs-bridge\out\index.js:491:10)
    at C:\ProgramData\cocos\editors\Creator\3.8.7\resources\app.asar\node_modules\@editor\lib-programming\static\executor\systemjs-bridge\out\index.js:440:12
    at file:///D:/%E5%B7%A5%E7%A8%8B%E9%A1%B9%E7%9B%AE/test_pro/test_pro/HYQ_Project/temp/programming/packer-driver/targets/editor/chunks/6d/6d8fd2b0177941b032ddc0733af48a561fb60657.js:13:13
    at Object.execute (file:///D:/%E5%B7%A5%E7%A8%8B%E9%A1%B9%E7%9B%AE/test_pro/test_pro/HYQ_Project/temp/programming/packer-driver/targets/editor/chunks/6d/6d8fd2b0177941b032ddc0733af48a561fb60657.js:8:7)
    at Executor._importPrerequisiteModules (C:\ProgramData\cocos\editors\Creator\3.8.7\resources\app.asar\node_modules\@editor\lib-programming\src\executor\index.ts:358:13)
    at Executor.reload (C:\ProgramData\cocos\editors\Creator\3.8.7\resources\app.asar\node_modules\@editor\lib-programming\src\executor\index.ts:235:13)
    at C:\ProgramData\cocos\editors\Creator\3.8.7\resources\app.asar\builtin\scene\dist\script\3d\manager\scripts.ccc:1:1893
    at GlobalEnv.processQueue (C:\ProgramData\cocos\editors\Creator\3.8.7\resources\app.asar\builtin\scene\dist\script\3d\manager\scripts.ccc:1:2290)
    at GlobalEnv.record (C:\ProgramData\cocos\editors\Creator\3.8.7\resources\app.asar\builtin\scene\dist\script\3d\manager\scripts.ccc:1:2061)
    at Logger._logHandler (C:\ProgramData\cocos\editors\Creator\3.8.7\resources\app.asar\builtin\scene\dist\script\3d\manager\startup\log.ccc:1:487)
    at Logger.record (C:\ProgramData\cocos\editors\Creator\3.8.7\resources\app.asar\node_modules\@base\electron-logger\lib\renderer.ccc:1:458)
    at console.<anonymous> (C:\ProgramData\cocos\editors\Creator\3.8.7\resources\app.asar\node_modules\@base\electron-logger\lib\renderer.ccc:1:1414)
    at console.error (C:\ProgramData\cocos\editors\Creator\3.8.7\resources\app.asar\node_modules\@sentry\core\src\utils-hoist\instrument\console.ts:40:14)
    at ScriptManager._handleImportException (C:\ProgramData\cocos\editors\Creator\3.8.7\resources\app.asar\builtin\scene\dist\script\3d\manager\scripts.ccc:1:5678)
    at Executor.importExceptionHandler [as _importExceptionHandler] (C:\ProgramData\cocos\editors\Creator\3.8.7\resources\app.asar\builtin\scene\dist\script\3d\manager\scripts.ccc:1:3834)
    at Executor._onModuleLoaded (C:\ProgramData\cocos\editors\Creator\3.8.7\resources\app.asar\node_modules\@editor\lib-programming\src\executor\index.ts:401:22)
    at SystemJS.onload (C:\ProgramData\cocos\editors\Creator\3.8.7\resources\app.asar\node_modules\@editor\lib-programming\src\executor\index.ts:99:18)
    at triggerOnload (C:\ProgramData\cocos\editors\Creator\3.8.7\resources\app.asar\node_modules\@editor\lib-programming\static\executor\systemjs-bridge\out\index.js:270:10)
    at doExec (C:\ProgramData\cocos\editors\Creator\3.8.7\resources\app.asar\node_modules\@editor\lib-programming\static\executor\systemjs-bridge\out\index.js:538:7)
    at postOrderExec (C:\ProgramData\cocos\editors\Creator\3.8.7\resources\app.asar\node_modules\@editor\lib-programming\static\executor\systemjs-bridge\out\index.js:508:21)
    at C:\ProgramData\cocos\editors\Creator\3.8.7\resources\app.asar\node_modules\@editor\lib-programming\static\executor\systemjs-bridge\out\index.js:493:28
    at Array.forEach (<anonymous>)
    at postOrderExec (C:\ProgramData\cocos\editors\Creator\3.8.7\resources\app.asar\node_modules\@editor\lib-programming\static\executor\systemjs-bridge\out\index.js:491:10)
    at C:\ProgramData\cocos\editors\Creator\3.8.7\resources\app.asar\node_modules\@editor\lib-programming\static\executor\systemjs-bridge\out\index.js:493:28
    at Array.forEach (<anonymous>)
    at postOrderExec (C:\ProgramData\cocos\editors\Creator\3.8.7\resources\app.asar\node_modules\@editor\lib-programming\static\executor\systemjs-bridge\out\index.js:491:10)
    at C:\ProgramData\cocos\editors\Creator\3.8.7\resources\app.asar\node_modules\@editor\lib-programming\static\executor\systemjs-bridge\out\index.js:493:28
    at Array.forEach (<anonymous>)
    at postOrderExec (C:\ProgramData\cocos\editors\Creator\3.8.7\resources\app.asar\node_modules\@editor\lib-programming\static\executor\systemjs-bridge\out\index.js:491:10)
    at C:\ProgramData\cocos\editors\Creator\3.8.7\resources\app.asar\node_modules\@editor\lib-programming\static\executor\systemjs-bridge\out\index.js:440:12
    at file:///D:/%E5%B7%A5%E7%A8%8B%E9%A1%B9%E7%9B%AE/test_pro/test_pro/HYQ_Project/temp/programming/packer-driver/targets/editor/chunks/6d/6d8fd2b0177941b032ddc0733af48a561fb60657.js:13:13
    at Object.execute (file:///D:/%E5%B7%A5%E7%A8%8B%E9%A1%B9%E7%9B%AE/test_pro/test_pro/HYQ_Project/temp/programming/packer-driver/targets/editor/chunks/6d/6d8fd2b0177941b032ddc0733af48a561fb60657.js:8:7)
    at Executor._importPrerequisiteModules (C:\ProgramData\cocos\editors\Creator\3.8.7\resources\app.asar\node_modules\@editor\lib-programming\src\executor\index.ts:358:13)
    at Executor.reload (C:\ProgramData\cocos\editors\Creator\3.8.7\resources\app.asar\node_modules\@editor\lib-programming\src\executor\index.ts:235:13)
    at C:\ProgramData\cocos\editors\Creator\3.8.7\resources\app.asar\builtin\scene\dist\script\3d\manager\scripts.ccc:1:1893
    at GlobalEnv.processQueue (C:\ProgramData\cocos\editors\Creator\3.8.7\resources\app.asar\builtin\scene\dist\script\3d\manager\scripts.ccc:1:2290)
    at GlobalEnv.record (C:\ProgramData\cocos\editors\Creator\3.8.7\resources\app.asar\builtin\scene\dist\script\3d\manager\scripts.ccc:1:2061)
2026-6-12 11:38:26 - warn: [Scene] 你是否遗漏了扩展名？请注意你不能在模块说明符中省略扩展名。Error: [Scene] 你是否遗漏了扩展名？请注意你不能在模块说明符中省略扩展名。
    at console.warn (C:\ProgramData\cocos\editors\Creator\3.8.7\resources\app.asar\node_modules\@sentry\core\src\utils-hoist\instrument\console.ts:40:14)
    at logger (C:\ProgramData\cocos\editors\Creator\3.8.7\resources\app.asar\node_modules\@editor\lib-programming\static\executor\systemjs-bridge\out\index.js:755:13)
    at ExecutorSystem.resolve [as _detailResolve] (C:\ProgramData\cocos\editors\Creator\3.8.7\resources\app.asar\node_modules\@editor\lib-programming\static\executor\systemjs-bridge\out\index.js:772:17)
    at ExecutorSystem._resolve (C:\ProgramData\cocos\editors\Creator\3.8.7\resources\app.asar\node_modules\@editor\lib-programming\src\editor-systemjs\index.ts:137:14)
    at SystemJS.resolve (C:\ProgramData\cocos\editors\Creator\3.8.7\resources\app.asar\node_modules\@editor\lib-programming\src\editor-systemjs\index.ts:36:23)
    at C:\ProgramData\cocos\editors\Creator\3.8.7\resources\app.asar\node_modules\@editor\lib-programming\static\executor\systemjs-bridge\out\index.js:355:37
    at Array.map (<anonymous>)
    at C:\ProgramData\cocos\editors\Creator\3.8.7\resources\app.asar\node_modules\@editor\lib-programming\static\executor\systemjs-bridge\out\index.js:353:41
    at file:///D:/%E5%B7%A5%E7%A8%8B%E9%A1%B9%E7%9B%AE/test_pro/test_pro/HYQ_Project/temp/programming/packer-driver/targets/editor/chunks/6d/6d8fd2b0177941b032ddc0733af48a561fb60657.js:13:13
    at Object.execute (file:///D:/%E5%B7%A5%E7%A8%8B%E9%A1%B9%E7%9B%AE/test_pro/test_pro/HYQ_Project/temp/programming/packer-driver/targets/editor/chunks/6d/6d8fd2b0177941b032ddc0733af48a561fb60657.js:8:7)
    at Executor._importPrerequisiteModules (C:\ProgramData\cocos\editors\Creator\3.8.7\resources\app.asar\node_modules\@editor\lib-programming\src\executor\index.ts:358:13)
    at Executor.reload (C:\ProgramData\cocos\editors\Creator\3.8.7\resources\app.asar\node_modules\@editor\lib-programming\src\executor\index.ts:235:13)
    at C:\ProgramData\cocos\editors\Creator\3.8.7\resources\app.asar\builtin\scene\dist\script\3d\manager\scripts.ccc:1:1893
    at GlobalEnv.processQueue (C:\ProgramData\cocos\editors\Creator\3.8.7\resources\app.asar\builtin\scene\dist\script\3d\manager\scripts.ccc:1:2290)
    at GlobalEnv.record (C:\ProgramData\cocos\editors\Creator\3.8.7\resources\app.asar\builtin\scene\dist\script\3d\manager\scripts.ccc:1:2061)
2026-6-12 11:38:26 - error: [Scene] {hidden(::SceneExecutorImportExceptionHandler::)} Error: Error: 以 file:///D:/%E5%B7%A5%E7%A8%8B%E9%A1%B9%E7%9B%AE/test_pro/test_pro/HYQ_Project/extensions/super-packager/package_assets/Common/SuperPackage.ts 为起点找不到模块 "./super_html_playable"
    at rejector (C:\ProgramData\cocos\editors\Creator\3.8.7\resources\app.asar\node_modules\@editor\lib-programming\static\executor\systemjs-bridge\out\index.js:759:15)
    at ExecutorSystem.resolve [as _detailResolve] (C:\ProgramData\cocos\editors\Creator\3.8.7\resources\app.asar\node_modules\@editor\lib-programming\static\executor\systemjs-bridge\out\index.js:777:13)
    at ExecutorSystem._resolve (C:\ProgramData\cocos\editors\Creator\3.8.7\resources\app.asar\node_modules\@editor\lib-programming\src\editor-systemjs\index.ts:137:14)
    at SystemJS.resolve (C:\ProgramData\cocos\editors\Creator\3.8.7\resources\app.asar\node_modules\@editor\lib-programming\src\editor-systemjs\index.ts:36:23)
    at C:\ProgramData\cocos\editors\Creator\3.8.7\resources\app.asar\node_modules\@editor\lib-programming\static\executor\systemjs-bridge\out\index.js:355:37
    at Array.map (<anonymous>)
    at C:\ProgramData\cocos\editors\Creator\3.8.7\resources\app.asar\node_modules\@editor\lib-programming\static\executor\systemjs-bridge\out\index.js:353:41
    at file:///D:/%E5%B7%A5%E7%A8%8B%E9%A1%B9%E7%9B%AE/test_pro/test_pro/HYQ_Project/temp/programming/packer-driver/targets/editor/chunks/6d/6d8fd2b0177941b032ddc0733af48a561fb60657.js:13:13
    at Object.execute (file:///D:/%E5%B7%A5%E7%A8%8B%E9%A1%B9%E7%9B%AE/test_pro/test_pro/HYQ_Project/temp/programming/packer-driver/targets/editor/chunks/6d/6d8fd2b0177941b032ddc0733af48a561fb60657.js:8:7)
    at Executor._importPrerequisiteModules (C:\ProgramData\cocos\editors\Creator\3.8.7\resources\app.asar\node_modules\@editor\lib-programming\src\executor\index.ts:358:13)
    at Executor.reload (C:\ProgramData\cocos\editors\Creator\3.8.7\resources\app.asar\node_modules\@editor\lib-programming\src\executor\index.ts:235:13)
    at C:\ProgramData\cocos\editors\Creator\3.8.7\resources\app.asar\builtin\scene\dist\script\3d\manager\scripts.ccc:1:1893
    at GlobalEnv.processQueue (C:\ProgramData\cocos\editors\Creator\3.8.7\resources\app.asar\builtin\scene\dist\script\3d\manager\scripts.ccc:1:2290)
    at GlobalEnv.record (C:\ProgramData\cocos\editors\Creator\3.8.7\resources\app.asar\builtin\scene\dist\script\3d\manager\scripts.ccc:1:2061)Error: [Scene] {hidden(::SceneExecutorImportExceptionHandler::)} Error: Error: 以 file:///D:/%E5%B7%A5%E7%A8%8B%E9%A1%B9%E7%9B%AE/test_pro/test_pro/HYQ_Project/extensions/super-packager/package_assets/Common/SuperPackage.ts 为起点找不到模块 "./super_html_playable"
    at SystemJS.resolve (C:\ProgramData\cocos\editors\Creator\3.8.7\resources\app.asar\node_modules\@editor\lib-programming\src\editor-systemjs\index.ts:36:23)
    at C:\ProgramData\cocos\editors\Creator\3.8.7\resources\app.asar\node_modules\@editor\lib-programming\static\executor\systemjs-bridge\out\index.js:355:37
    at Array.map (<anonymous>)
    at C:\ProgramData\cocos\editors\Creator\3.8.7\resources\app.asar\node_modules\@editor\lib-programming\static\executor\systemjs-bridge\out\index.js:353:41
    at file:///D:/%E5%B7%A5%E7%A8%8B%E9%A1%B9%E7%9B%AE/test_pro/test_pro/HYQ_Project/temp/programming/packer-driver/targets/editor/chunks/6d/6d8fd2b0177941b032ddc0733af48a561fb60657.js:13:13
    at Object.execute (file:///D:/%E5%B7%A5%E7%A8%8B%E9%A1%B9%E7%9B%AE/test_pro/test_pro/HYQ_Project/temp/programming/packer-driver/targets/editor/chunks/6d/6d8fd2b0177941b032ddc0733af48a561fb60657.js:8:7)
    at Executor._importPrerequisiteModules (C:\ProgramData\cocos\editors\Creator\3.8.7\resources\app.asar\node_modules\@editor\lib-programming\src\executor\index.ts:358:13)
    at Executor.reload (C:\ProgramData\cocos\editors\Creator\3.8.7\resources\app.asar\node_modules\@editor\lib-programming\src\executor\index.ts:235:13)
    at C:\ProgramData\cocos\editors\Creator\3.8.7\resources\app.asar\builtin\scene\dist\script\3d\manager\scripts.ccc:1:1893
    at GlobalEnv.processQueue (C:\ProgramData\cocos\editors\Creator\3.8.7\resources\app.asar\builtin\scene\dist\script\3d\manager\scripts.ccc:1:2290)
    at GlobalEnv.record (C:\ProgramData\cocos\editors\Creator\3.8.7\resources\app.asar\builtin\scene\dist\script\3d\manager\scripts.ccc:1:2061)
    at Logger._logHandler (C:\ProgramData\cocos\editors\Creator\3.8.7\resources\app.asar\builtin\scene\dist\script\3d\manager\startup\log.ccc:1:487)
    at Logger.record (C:\ProgramData\cocos\editors\Creator\3.8.7\resources\app.asar\node_modules\@base\electron-logger\lib\renderer.ccc:1:458)
    at console.<anonymous> (C:\ProgramData\cocos\editors\Creator\3.8.7\resources\app.asar\node_modules\@base\electron-logger\lib\renderer.ccc:1:1414)
    at console.error (C:\ProgramData\cocos\editors\Creator\3.8.7\resources\app.asar\node_modules\@sentry\core\src\utils-hoist\instrument\console.ts:40:14)
    at ScriptManager._handleImportException (C:\ProgramData\cocos\editors\Creator\3.8.7\resources\app.asar\builtin\scene\dist\script\3d\manager\scripts.ccc:1:5678)
    at Executor.importExceptionHandler [as _importExceptionHandler] (C:\ProgramData\cocos\editors\Creator\3.8.7\resources\app.asar\builtin\scene\dist\script\3d\manager\scripts.ccc:1:3834)
    at Executor._onModuleLoaded (C:\ProgramData\cocos\editors\Creator\3.8.7\resources\app.asar\node_modules\@editor\lib-programming\src\executor\index.ts:401:22)
    at SystemJS.onload (C:\ProgramData\cocos\editors\Creator\3.8.7\resources\app.asar\node_modules\@editor\lib-programming\src\executor\index.ts:99:18)
    at triggerOnload (C:\ProgramData\cocos\editors\Creator\3.8.7\resources\app.asar\node_modules\@editor\lib-programming\static\executor\systemjs-bridge\out\index.js:270:10)
    at C:\ProgramData\cocos\editors\Creator\3.8.7\resources\app.asar\node_modules\@editor\lib-programming\static\executor\systemjs-bridge\out\index.js:431:7
    at file:///D:/%E5%B7%A5%E7%A8%8B%E9%A1%B9%E7%9B%AE/test_pro/test_pro/HYQ_Project/temp/programming/packer-driver/targets/editor/chunks/6d/6d8fd2b0177941b032ddc0733af48a561fb60657.js:13:13
    at Object.execute (file:///D:/%E5%B7%A5%E7%A8%8B%E9%A1%B9%E7%9B%AE/test_pro/test_pro/HYQ_Project/temp/programming/packer-driver/targets/editor/chunks/6d/6d8fd2b0177941b032ddc0733af48a561fb60657.js:8:7)
    at Executor._importPrerequisiteModules (C:\ProgramData\cocos\editors\Creator\3.8.7\resources\app.asar\node_modules\@editor\lib-programming\src\executor\index.ts:358:13)
    at Executor.reload (C:\ProgramData\cocos\editors\Creator\3.8.7\resources\app.asar\node_modules\@editor\lib-programming\src\executor\index.ts:235:13)
    at C:\ProgramData\cocos\editors\Creator\3.8.7\resources\app.asar\builtin\scene\dist\script\3d\manager\scripts.ccc:1:1893
    at GlobalEnv.processQueue (C:\ProgramData\cocos\editors\Creator\3.8.7\resources\app.asar\builtin\scene\dist\script\3d\manager\scripts.ccc:1:2290)
    at GlobalEnv.record (C:\ProgramData\cocos\editors\Creator\3.8.7\resources\app.asar\builtin\scene\dist\script\3d\manager\scripts.ccc:1:2061)
2026-6-12 11:38:26 - warn: [Scene] 你是否遗漏了扩展名？请注意你不能在模块说明符中省略扩展名。Error: [Scene] 你是否遗漏了扩展名？请注意你不能在模块说明符中省略扩展名。
    at console.warn (C:\ProgramData\cocos\editors\Creator\3.8.7\resources\app.asar\node_modules\@sentry\core\src\utils-hoist\instrument\console.ts:40:14)
    at logger (C:\ProgramData\cocos\editors\Creator\3.8.7\resources\app.asar\node_modules\@editor\lib-programming\static\executor\systemjs-bridge\out\index.js:755:13)
    at ExecutorSystem.resolve [as _detailResolve] (C:\ProgramData\cocos\editors\Creator\3.8.7\resources\app.asar\node_modules\@editor\lib-programming\static\executor\systemjs-bridge\out\index.js:772:17)
    at ExecutorSystem._resolve (C:\ProgramData\cocos\editors\Creator\3.8.7\resources\app.asar\node_modules\@editor\lib-programming\src\editor-systemjs\index.ts:137:14)
    at SystemJS.resolve (C:\ProgramData\cocos\editors\Creator\3.8.7\resources\app.asar\node_modules\@editor\lib-programming\src\editor-systemjs\index.ts:36:23)
    at C:\ProgramData\cocos\editors\Creator\3.8.7\resources\app.asar\node_modules\@editor\lib-programming\static\executor\systemjs-bridge\out\index.js:355:37
    at Array.map (<anonymous>)
    at C:\ProgramData\cocos\editors\Creator\3.8.7\resources\app.asar\node_modules\@editor\lib-programming\static\executor\systemjs-bridge\out\index.js:353:41
    at file:///D:/%E5%B7%A5%E7%A8%8B%E9%A1%B9%E7%9B%AE/test_pro/test_pro/HYQ_Project/temp/programming/packer-driver/targets/editor/chunks/6d/6d8fd2b0177941b032ddc0733af48a561fb60657.js:13:13
    at Object.execute (file:///D:/%E5%B7%A5%E7%A8%8B%E9%A1%B9%E7%9B%AE/test_pro/test_pro/HYQ_Project/temp/programming/packer-driver/targets/editor/chunks/6d/6d8fd2b0177941b032ddc0733af48a561fb60657.js:8:7)
    at Executor._importPrerequisiteModules (C:\ProgramData\cocos\editors\Creator\3.8.7\resources\app.asar\node_modules\@editor\lib-programming\src\executor\index.ts:358:13)
    at Executor.reload (C:\ProgramData\cocos\editors\Creator\3.8.7\resources\app.asar\node_modules\@editor\lib-programming\src\executor\index.ts:235:13)
    at C:\ProgramData\cocos\editors\Creator\3.8.7\resources\app.asar\builtin\scene\dist\script\3d\manager\scripts.ccc:1:1893
    at GlobalEnv.processQueue (C:\ProgramData\cocos\editors\Creator\3.8.7\resources\app.asar\builtin\scene\dist\script\3d\manager\scripts.ccc:1:2290)
    at GlobalEnv.record (C:\ProgramData\cocos\editors\Creator\3.8.7\resources\app.asar\builtin\scene\dist\script\3d\manager\scripts.ccc:1:2061)
2026-6-12 11:38:26 - error: [Scene] {hidden(::SceneExecutorImportExceptionHandler::)} Error: Error: 以 file:///D:/%E5%B7%A5%E7%A8%8B%E9%A1%B9%E7%9B%AE/test_pro/test_pro/HYQ_Project/extensions/super-packager/package_assets/JiangYv/PBASDK-v3/PBASDK.ts 为起点找不到模块 "./super_html_playable"
    at rejector (C:\ProgramData\cocos\editors\Creator\3.8.7\resources\app.asar\node_modules\@editor\lib-programming\static\executor\systemjs-bridge\out\index.js:759:15)
    at ExecutorSystem.resolve [as _detailResolve] (C:\ProgramData\cocos\editors\Creator\3.8.7\resources\app.asar\node_modules\@editor\lib-programming\static\executor\systemjs-bridge\out\index.js:777:13)
    at ExecutorSystem._resolve (C:\ProgramData\cocos\editors\Creator\3.8.7\resources\app.asar\node_modules\@editor\lib-programming\src\editor-systemjs\index.ts:137:14)
    at SystemJS.resolve (C:\ProgramData\cocos\editors\Creator\3.8.7\resources\app.asar\node_modules\@editor\lib-programming\src\editor-systemjs\index.ts:36:23)
    at C:\ProgramData\cocos\editors\Creator\3.8.7\resources\app.asar\node_modules\@editor\lib-programming\static\executor\systemjs-bridge\out\index.js:355:37
    at Array.map (<anonymous>)
    at C:\ProgramData\cocos\editors\Creator\3.8.7\resources\app.asar\node_modules\@editor\lib-programming\static\executor\systemjs-bridge\out\index.js:353:41
    at file:///D:/%E5%B7%A5%E7%A8%8B%E9%A1%B9%E7%9B%AE/test_pro/test_pro/HYQ_Project/temp/programming/packer-driver/targets/editor/chunks/6d/6d8fd2b0177941b032ddc0733af48a561fb60657.js:13:13
    at Object.execute (file:///D:/%E5%B7%A5%E7%A8%8B%E9%A1%B9%E7%9B%AE/test_pro/test_pro/HYQ_Project/temp/programming/packer-driver/targets/editor/chunks/6d/6d8fd2b0177941b032ddc0733af48a561fb60657.js:8:7)
    at Executor._importPrerequisiteModules (C:\ProgramData\cocos\editors\Creator\3.8.7\resources\app.asar\node_modules\@editor\lib-programming\src\executor\index.ts:358:13)
    at Executor.reload (C:\ProgramData\cocos\editors\Creator\3.8.7\resources\app.asar\node_modules\@editor\lib-programming\src\executor\index.ts:235:13)
    at C:\ProgramData\cocos\editors\Creator\3.8.7\resources\app.asar\builtin\scene\dist\script\3d\manager\scripts.ccc:1:1893
    at GlobalEnv.processQueue (C:\ProgramData\cocos\editors\Creator\3.8.7\resources\app.asar\builtin\scene\dist\script\3d\manager\scripts.ccc:1:2290)
    at GlobalEnv.record (C:\ProgramData\cocos\editors\Creator\3.8.7\resources\app.asar\builtin\scene\dist\script\3d\manager\scripts.ccc:1:2061)Error: [Scene] {hidden(::SceneExecutorImportExceptionHandler::)} Error: Error: 以 file:///D:/%E5%B7%A5%E7%A8%8B%E9%A1%B9%E7%9B%AE/test_pro/test_pro/HYQ_Project/extensions/super-packager/package_assets/JiangYv/PBASDK-v3/PBASDK.ts 为起点找不到模块 "./super_html_playable"
    at SystemJS.resolve (C:\ProgramData\cocos\editors\Creator\3.8.7\resources\app.asar\node_modules\@editor\lib-programming\src\editor-systemjs\index.ts:36:23)
    at C:\ProgramData\cocos\editors\Creator\3.8.7\resources\app.asar\node_modules\@editor\lib-programming\static\executor\systemjs-bridge\out\index.js:355:37
    at Array.map (<anonymous>)
    at C:\ProgramData\cocos\editors\Creator\3.8.7\resources\app.asar\node_modules\@editor\lib-programming\static\executor\systemjs-bridge\out\index.js:353:41
    at file:///D:/%E5%B7%A5%E7%A8%8B%E9%A1%B9%E7%9B%AE/test_pro/test_pro/HYQ_Project/temp/programming/packer-driver/targets/editor/chunks/6d/6d8fd2b0177941b032ddc0733af48a561fb60657.js:13:13
    at Object.execute (file:///D:/%E5%B7%A5%E7%A8%8B%E9%A1%B9%E7%9B%AE/test_pro/test_pro/HYQ_Project/temp/programming/packer-driver/targets/editor/chunks/6d/6d8fd2b0177941b032ddc0733af48a561fb60657.js:8:7)
    at Executor._importPrerequisiteModules (C:\ProgramData\cocos\editors\Creator\3.8.7\resources\app.asar\node_modules\@editor\lib-programming\src\executor\index.ts:358:13)
    at Executor.reload (C:\ProgramData\cocos\editors\Creator\3.8.7\resources\app.asar\node_modules\@editor\lib-programming\src\executor\index.ts:235:13)
    at C:\ProgramData\cocos\editors\Creator\3.8.7\resources\app.asar\builtin\scene\dist\script\3d\manager\scripts.ccc:1:1893
    at GlobalEnv.processQueue (C:\ProgramData\cocos\editors\Creator\3.8.7\resources\app.asar\builtin\scene\dist\script\3d\manager\scripts.ccc:1:2290)
    at GlobalEnv.record (C:\ProgramData\cocos\editors\Creator\3.8.7\resources\app.asar\builtin\scene\dist\script\3d\manager\scripts.ccc:1:2061)
    at Logger._logHandler (C:\ProgramData\cocos\editors\Creator\3.8.7\resources\app.asar\builtin\scene\dist\script\3d\manager\startup\log.ccc:1:487)
    at Logger.record (C:\ProgramData\cocos\editors\Creator\3.8.7\resources\app.asar\node_modules\@base\electron-logger\lib\renderer.ccc:1:458)
    at console.<anonymous> (C:\ProgramData\cocos\editors\Creator\3.8.7\resources\app.asar\node_modules\@base\electron-logger\lib\renderer.ccc:1:1414)
    at console.error (C:\ProgramData\cocos\editors\Creator\3.8.7\resources\app.asar\node_modules\@sentry\core\src\utils-hoist\instrument\console.ts:40:14)
    at ScriptManager._handleImportException (C:\ProgramData\cocos\editors\Creator\3.8.7\resources\app.asar\builtin\scene\dist\script\3d\manager\scripts.ccc:1:5678)
    at Executor.importExceptionHandler [as _importExceptionHandler] (C:\ProgramData\cocos\editors\Creator\3.8.7\resources\app.asar\builtin\scene\dist\script\3d\manager\scripts.ccc:1:3834)
    at Executor._onModuleLoaded (C:\ProgramData\cocos\editors\Creator\3.8.7\resources\app.asar\node_modules\@editor\lib-programming\src\executor\index.ts:401:22)
    at SystemJS.onload (C:\ProgramData\cocos\editors\Creator\3.8.7\resources\app.asar\node_modules\@editor\lib-programming\src\executor\index.ts:99:18)
    at triggerOnload (C:\ProgramData\cocos\editors\Creator\3.8.7\resources\app.asar\node_modules\@editor\lib-programming\static\executor\systemjs-bridge\out\index.js:270:10)
    at C:\ProgramData\cocos\editors\Creator\3.8.7\resources\app.asar\node_modules\@editor\lib-programming\static\executor\systemjs-bridge\out\index.js:431:7
    at file:///D:/%E5%B7%A5%E7%A8%8B%E9%A1%B9%E7%9B%AE/test_pro/test_pro/HYQ_Project/temp/programming/packer-driver/targets/editor/chunks/6d/6d8fd2b0177941b032ddc0733af48a561fb60657.js:13:13
    at Object.execute (file:///D:/%E5%B7%A5%E7%A8%8B%E9%A1%B9%E7%9B%AE/test_pro/test_pro/HYQ_Project/temp/programming/packer-driver/targets/editor/chunks/6d/6d8fd2b0177941b032ddc0733af48a561fb60657.js:8:7)
    at Executor._importPrerequisiteModules (C:\ProgramData\cocos\editors\Creator\3.8.7\resources\app.asar\node_modules\@editor\lib-programming\src\executor\index.ts:358:13)
    at Executor.reload (C:\ProgramData\cocos\editors\Creator\3.8.7\resources\app.asar\node_modules\@editor\lib-programming\src\executor\index.ts:235:13)
    at C:\ProgramData\cocos\editors\Creator\3.8.7\resources\app.asar\builtin\scene\dist\script\3d\manager\scripts.ccc:1:1893
    at GlobalEnv.processQueue (C:\ProgramData\cocos\editors\Creator\3.8.7\resources\app.asar\builtin\scene\dist\script\3d\manager\scripts.ccc:1:2290)
    at GlobalEnv.record (C:\ProgramData\cocos\editors\Creator\3.8.7\resources\app.asar\builtin\scene\dist\script\3d\manager\scripts.ccc:1:2061)
2026-6-12 11:38:26 - warn: [Scene] 你是否遗漏了扩展名？请注意你不能在模块说明符中省略扩展名。Error: [Scene] 你是否遗漏了扩展名？请注意你不能在模块说明符中省略扩展名。
    at console.warn (C:\ProgramData\cocos\editors\Creator\3.8.7\resources\app.asar\node_modules\@sentry\core\src\utils-hoist\instrument\console.ts:40:14)
    at logger (C:\ProgramData\cocos\editors\Creator\3.8.7\resources\app.asar\node_modules\@editor\lib-programming\static\executor\systemjs-bridge\out\index.js:755:13)
    at ExecutorSystem.resolve [as _detailResolve] (C:\ProgramData\cocos\editors\Creator\3.8.7\resources\app.asar\node_modules\@editor\lib-programming\static\executor\systemjs-bridge\out\index.js:772:17)
    at ExecutorSystem._resolve (C:\ProgramData\cocos\editors\Creator\3.8.7\resources\app.asar\node_modules\@editor\lib-programming\src\editor-systemjs\index.ts:137:14)
    at SystemJS.resolve (C:\ProgramData\cocos\editors\Creator\3.8.7\resources\app.asar\node_modules\@editor\lib-programming\src\editor-systemjs\index.ts:36:23)
    at C:\ProgramData\cocos\editors\Creator\3.8.7\resources\app.asar\node_modules\@editor\lib-programming\static\executor\systemjs-bridge\out\index.js:355:37
    at Array.map (<anonymous>)
    at C:\ProgramData\cocos\editors\Creator\3.8.7\resources\app.asar\node_modules\@editor\lib-programming\static\executor\systemjs-bridge\out\index.js:353:41
    at file:///D:/%E5%B7%A5%E7%A8%8B%E9%A1%B9%E7%9B%AE/test_pro/test_pro/HYQ_Project/temp/programming/packer-driver/targets/editor/chunks/6d/6d8fd2b0177941b032ddc0733af48a561fb60657.js:13:13
    at Object.execute (file:///D:/%E5%B7%A5%E7%A8%8B%E9%A1%B9%E7%9B%AE/test_pro/test_pro/HYQ_Project/temp/programming/packer-driver/targets/editor/chunks/6d/6d8fd2b0177941b032ddc0733af48a561fb60657.js:8:7)
    at Executor._importPrerequisiteModules (C:\ProgramData\cocos\editors\Creator\3.8.7\resources\app.asar\node_modules\@editor\lib-programming\src\executor\index.ts:358:13)
    at Executor.reload (C:\ProgramData\cocos\editors\Creator\3.8.7\resources\app.asar\node_modules\@editor\lib-programming\src\executor\index.ts:235:13)
    at C:\ProgramData\cocos\editors\Creator\3.8.7\resources\app.asar\builtin\scene\dist\script\3d\manager\scripts.ccc:1:1893
    at GlobalEnv.processQueue (C:\ProgramData\cocos\editors\Creator\3.8.7\resources\app.asar\builtin\scene\dist\script\3d\manager\scripts.ccc:1:2290)
    at GlobalEnv.record (C:\ProgramData\cocos\editors\Creator\3.8.7\resources\app.asar\builtin\scene\dist\script\3d\manager\scripts.ccc:1:2061)
2026-6-12 11:38:26 - error: [Scene] {hidden(::SceneExecutorImportExceptionHandler::)} Error: Error: 以 file:///D:/%E5%B7%A5%E7%A8%8B%E9%A1%B9%E7%9B%AE/test_pro/test_pro/HYQ_Project/extensions/super-packager/package_assets/JiangYv/PBASDK-v3/PrintComponent.ts 为起点找不到模块 "./StutterCheck"
    at rejector (C:\ProgramData\cocos\editors\Creator\3.8.7\resources\app.asar\node_modules\@editor\lib-programming\static\executor\systemjs-bridge\out\index.js:759:15)
    at ExecutorSystem.resolve [as _detailResolve] (C:\ProgramData\cocos\editors\Creator\3.8.7\resources\app.asar\node_modules\@editor\lib-programming\static\executor\systemjs-bridge\out\index.js:777:13)
    at ExecutorSystem._resolve (C:\ProgramData\cocos\editors\Creator\3.8.7\resources\app.asar\node_modules\@editor\lib-programming\src\editor-systemjs\index.ts:137:14)
    at SystemJS.resolve (C:\ProgramData\cocos\editors\Creator\3.8.7\resources\app.asar\node_modules\@editor\lib-programming\src\editor-systemjs\index.ts:36:23)
    at C:\ProgramData\cocos\editors\Creator\3.8.7\resources\app.asar\node_modules\@editor\lib-programming\static\executor\systemjs-bridge\out\index.js:355:37
    at Array.map (<anonymous>)
    at C:\ProgramData\cocos\editors\Creator\3.8.7\resources\app.asar\node_modules\@editor\lib-programming\static\executor\systemjs-bridge\out\index.js:353:41
    at file:///D:/%E5%B7%A5%E7%A8%8B%E9%A1%B9%E7%9B%AE/test_pro/test_pro/HYQ_Project/temp/programming/packer-driver/targets/editor/chunks/6d/6d8fd2b0177941b032ddc0733af48a561fb60657.js:13:13
    at Object.execute (file:///D:/%E5%B7%A5%E7%A8%8B%E9%A1%B9%E7%9B%AE/test_pro/test_pro/HYQ_Project/temp/programming/packer-driver/targets/editor/chunks/6d/6d8fd2b0177941b032ddc0733af48a561fb60657.js:8:7)
    at Executor._importPrerequisiteModules (C:\ProgramData\cocos\editors\Creator\3.8.7\resources\app.asar\node_modules\@editor\lib-programming\src\executor\index.ts:358:13)
    at Executor.reload (C:\ProgramData\cocos\editors\Creator\3.8.7\resources\app.asar\node_modules\@editor\lib-programming\src\executor\index.ts:235:13)
    at C:\ProgramData\cocos\editors\Creator\3.8.7\resources\app.asar\builtin\scene\dist\script\3d\manager\scripts.ccc:1:1893
    at GlobalEnv.processQueue (C:\ProgramData\cocos\editors\Creator\3.8.7\resources\app.asar\builtin\scene\dist\script\3d\manager\scripts.ccc:1:2290)
    at GlobalEnv.record (C:\ProgramData\cocos\editors\Creator\3.8.7\resources\app.asar\builtin\scene\dist\script\3d\manager\scripts.ccc:1:2061)Error: [Scene] {hidden(::SceneExecutorImportExceptionHandler::)} Error: Error: 以 file:///D:/%E5%B7%A5%E7%A8%8B%E9%A1%B9%E7%9B%AE/test_pro/test_pro/HYQ_Project/extensions/super-packager/package_assets/JiangYv/PBASDK-v3/PrintComponent.ts 为起点找不到模块 "./StutterCheck"
    at SystemJS.resolve (C:\ProgramData\cocos\editors\Creator\3.8.7\resources\app.asar\node_modules\@editor\lib-programming\src\editor-systemjs\index.ts:36:23)
    at C:\ProgramData\cocos\editors\Creator\3.8.7\resources\app.asar\node_modules\@editor\lib-programming\static\executor\systemjs-bridge\out\index.js:355:37
    at Array.map (<anonymous>)
    at C:\ProgramData\cocos\editors\Creator\3.8.7\resources\app.asar\node_modules\@editor\lib-programming\static\executor\systemjs-bridge\out\index.js:353:41
    at file:///D:/%E5%B7%A5%E7%A8%8B%E9%A1%B9%E7%9B%AE/test_pro/test_pro/HYQ_Project/temp/programming/packer-driver/targets/editor/chunks/6d/6d8fd2b0177941b032ddc0733af48a561fb60657.js:13:13
    at Object.execute (file:///D:/%E5%B7%A5%E7%A8%8B%E9%A1%B9%E7%9B%AE/test_pro/test_pro/HYQ_Project/temp/programming/packer-driver/targets/editor/chunks/6d/6d8fd2b0177941b032ddc0733af48a561fb60657.js:8:7)
    at Executor._importPrerequisiteModules (C:\ProgramData\cocos\editors\Creator\3.8.7\resources\app.asar\node_modules\@editor\lib-programming\src\executor\index.ts:358:13)
    at Executor.reload (C:\ProgramData\cocos\editors\Creator\3.8.7\resources\app.asar\node_modules\@editor\lib-programming\src\executor\index.ts:235:13)
    at C:\ProgramData\cocos\editors\Creator\3.8.7\resources\app.asar\builtin\scene\dist\script\3d\manager\scripts.ccc:1:1893
    at GlobalEnv.processQueue (C:\ProgramData\cocos\editors\Creator\3.8.7\resources\app.asar\builtin\scene\dist\script\3d\manager\scripts.ccc:1:2290)
    at GlobalEnv.record (C:\ProgramData\cocos\editors\Creator\3.8.7\resources\app.asar\builtin\scene\dist\script\3d\manager\scripts.ccc:1:2061)
    at Logger._logHandler (C:\ProgramData\cocos\editors\Creator\3.8.7\resources\app.asar\builtin\scene\dist\script\3d\manager\startup\log.ccc:1:487)
    at Logger.record (C:\ProgramData\cocos\editors\Creator\3.8.7\resources\app.asar\node_modules\@base\electron-logger\lib\renderer.ccc:1:458)
    at console.<anonymous> (C:\ProgramData\cocos\editors\Creator\3.8.7\resources\app.asar\node_modules\@base\electron-logger\lib\renderer.ccc:1:1414)
    at console.error (C:\ProgramData\cocos\editors\Creator\3.8.7\resources\app.asar\node_modules\@sentry\core\src\utils-hoist\instrument\console.ts:40:14)
    at ScriptManager._handleImportException (C:\ProgramData\cocos\editors\Creator\3.8.7\resources\app.asar\builtin\scene\dist\script\3d\manager\scripts.ccc:1:5678)
    at Executor.importExceptionHandler [as _importExceptionHandler] (C:\ProgramData\cocos\editors\Creator\3.8.7\resources\app.asar\builtin\scene\dist\script\3d\manager\scripts.ccc:1:3834)
    at Executor._onModuleLoaded (C:\ProgramData\cocos\editors\Creator\3.8.7\resources\app.asar\node_modules\@editor\lib-programming\src\executor\index.ts:401:22)
    at SystemJS.onload (C:\ProgramData\cocos\editors\Creator\3.8.7\resources\app.asar\node_modules\@editor\lib-programming\src\executor\index.ts:99:18)
    at triggerOnload (C:\ProgramData\cocos\editors\Creator\3.8.7\resources\app.asar\node_modules\@editor\lib-programming\static\executor\systemjs-bridge\out\index.js:270:10)
    at C:\ProgramData\cocos\editors\Creator\3.8.7\resources\app.asar\node_modules\@editor\lib-programming\static\executor\systemjs-bridge\out\index.js:431:7
    at file:///D:/%E5%B7%A5%E7%A8%8B%E9%A1%B9%E7%9B%AE/test_pro/test_pro/HYQ_Project/temp/programming/packer-driver/targets/editor/chunks/6d/6d8fd2b0177941b032ddc0733af48a561fb60657.js:13:13
    at Object.execute (file:///D:/%E5%B7%A5%E7%A8%8B%E9%A1%B9%E7%9B%AE/test_pro/test_pro/HYQ_Project/temp/programming/packer-driver/targets/editor/chunks/6d/6d8fd2b0177941b032ddc0733af48a561fb60657.js:8:7)
    at Executor._importPrerequisiteModules (C:\ProgramData\cocos\editors\Creator\3.8.7\resources\app.asar\node_modules\@editor\lib-programming\src\executor\index.ts:358:13)
    at Executor.reload (C:\ProgramData\cocos\editors\Creator\3.8.7\resources\app.asar\node_modules\@editor\lib-programming\src\executor\index.ts:235:13)
    at C:\ProgramData\cocos\editors\Creator\3.8.7\resources\app.asar\builtin\scene\dist\script\3d\manager\scripts.ccc:1:1893
    at GlobalEnv.processQueue (C:\ProgramData\cocos\editors\Creator\3.8.7\resources\app.asar\builtin\scene\dist\script\3d\manager\scripts.ccc:1:2290)
    at GlobalEnv.record (C:\ProgramData\cocos\editors\Creator\3.8.7\resources\app.asar\builtin\scene\dist\script\3d\manager\scripts.ccc:1:2061)
2026-6-12 11:38:26 - warn: [Scene] 你是否遗漏了扩展名？请注意你不能在模块说明符中省略扩展名。Error: [Scene] 你是否遗漏了扩展名？请注意你不能在模块说明符中省略扩展名。
    at console.warn (C:\ProgramData\cocos\editors\Creator\3.8.7\resources\app.asar\node_modules\@sentry\core\src\utils-hoist\instrument\console.ts:40:14)
    at logger (C:\ProgramData\cocos\editors\Creator\3.8.7\resources\app.asar\node_modules\@editor\lib-programming\static\executor\systemjs-bridge\out\index.js:755:13)
    at ExecutorSystem.resolve [as _detailResolve] (C:\ProgramData\cocos\editors\Creator\3.8.7\resources\app.asar\node_modules\@editor\lib-programming\static\executor\systemjs-bridge\out\index.js:772:17)
    at ExecutorSystem._resolve (C:\ProgramData\cocos\editors\Creator\3.8.7\resources\app.asar\node_modules\@editor\lib-programming\src\editor-systemjs\index.ts:137:14)
    at SystemJS.resolve (C:\ProgramData\cocos\editors\Creator\3.8.7\resources\app.asar\node_modules\@editor\lib-programming\src\editor-systemjs\index.ts:36:23)
    at C:\ProgramData\cocos\editors\Creator\3.8.7\resources\app.asar\node_modules\@editor\lib-programming\static\executor\systemjs-bridge\out\index.js:355:37
    at Array.map (<anonymous>)
    at C:\ProgramData\cocos\editors\Creator\3.8.7\resources\app.asar\node_modules\@editor\lib-programming\static\executor\systemjs-bridge\out\index.js:353:41
    at file:///D:/%E5%B7%A5%E7%A8%8B%E9%A1%B9%E7%9B%AE/test_pro/test_pro/HYQ_Project/temp/programming/packer-driver/targets/editor/chunks/6d/6d8fd2b0177941b032ddc0733af48a561fb60657.js:13:13
    at Object.execute (file:///D:/%E5%B7%A5%E7%A8%8B%E9%A1%B9%E7%9B%AE/test_pro/test_pro/HYQ_Project/temp/programming/packer-driver/targets/editor/chunks/6d/6d8fd2b0177941b032ddc0733af48a561fb60657.js:8:7)
    at Executor._importPrerequisiteModules (C:\ProgramData\cocos\editors\Creator\3.8.7\resources\app.asar\node_modules\@editor\lib-programming\src\executor\index.ts:358:13)
    at Executor.reload (C:\ProgramData\cocos\editors\Creator\3.8.7\resources\app.asar\node_modules\@editor\lib-programming\src\executor\index.ts:235:13)
    at C:\ProgramData\cocos\editors\Creator\3.8.7\resources\app.asar\builtin\scene\dist\script\3d\manager\scripts.ccc:1:1893
    at GlobalEnv.processQueue (C:\ProgramData\cocos\editors\Creator\3.8.7\resources\app.asar\builtin\scene\dist\script\3d\manager\scripts.ccc:1:2290)
    at GlobalEnv.record (C:\ProgramData\cocos\editors\Creator\3.8.7\resources\app.asar\builtin\scene\dist\script\3d\manager\scripts.ccc:1:2061)
2026-6-12 11:38:26 - error: [Scene] {hidden(::SceneExecutorImportExceptionHandler::)} Error: Error: 以 file:///D:/%E5%B7%A5%E7%A8%8B%E9%A1%B9%E7%9B%AE/test_pro/test_pro/HYQ_Project/extensions/super-packager/package_assets/JiangYv/PBASDK-v3/StutterCheck.ts 为起点找不到模块 "./PrintComponent"
    at rejector (C:\ProgramData\cocos\editors\Creator\3.8.7\resources\app.asar\node_modules\@editor\lib-programming\static\executor\systemjs-bridge\out\index.js:759:15)
    at ExecutorSystem.resolve [as _detailResolve] (C:\ProgramData\cocos\editors\Creator\3.8.7\resources\app.asar\node_modules\@editor\lib-programming\static\executor\systemjs-bridge\out\index.js:777:13)
    at ExecutorSystem._resolve (C:\ProgramData\cocos\editors\Creator\3.8.7\resources\app.asar\node_modules\@editor\lib-programming\src\editor-systemjs\index.ts:137:14)
    at SystemJS.resolve (C:\ProgramData\cocos\editors\Creator\3.8.7\resources\app.asar\node_modules\@editor\lib-programming\src\editor-systemjs\index.ts:36:23)
    at C:\ProgramData\cocos\editors\Creator\3.8.7\resources\app.asar\node_modules\@editor\lib-programming\static\executor\systemjs-bridge\out\index.js:355:37
    at Array.map (<anonymous>)
    at C:\ProgramData\cocos\editors\Creator\3.8.7\resources\app.asar\node_modules\@editor\lib-programming\static\executor\systemjs-bridge\out\index.js:353:41
    at file:///D:/%E5%B7%A5%E7%A8%8B%E9%A1%B9%E7%9B%AE/test_pro/test_pro/HYQ_Project/temp/programming/packer-driver/targets/editor/chunks/6d/6d8fd2b0177941b032ddc0733af48a561fb60657.js:13:13
    at Object.execute (file:///D:/%E5%B7%A5%E7%A8%8B%E9%A1%B9%E7%9B%AE/test_pro/test_pro/HYQ_Project/temp/programming/packer-driver/targets/editor/chunks/6d/6d8fd2b0177941b032ddc0733af48a561fb60657.js:8:7)
    at Executor._importPrerequisiteModules (C:\ProgramData\cocos\editors\Creator\3.8.7\resources\app.asar\node_modules\@editor\lib-programming\src\executor\index.ts:358:13)
    at Executor.reload (C:\ProgramData\cocos\editors\Creator\3.8.7\resources\app.asar\node_modules\@editor\lib-programming\src\executor\index.ts:235:13)
    at C:\ProgramData\cocos\editors\Creator\3.8.7\resources\app.asar\builtin\scene\dist\script\3d\manager\scripts.ccc:1:1893
    at GlobalEnv.processQueue (C:\ProgramData\cocos\editors\Creator\3.8.7\resources\app.asar\builtin\scene\dist\script\3d\manager\scripts.ccc:1:2290)
    at GlobalEnv.record (C:\ProgramData\cocos\editors\Creator\3.8.7\resources\app.asar\builtin\scene\dist\script\3d\manager\scripts.ccc:1:2061)Error: [Scene] {hidden(::SceneExecutorImportExceptionHandler::)} Error: Error: 以 file:///D:/%E5%B7%A5%E7%A8%8B%E9%A1%B9%E7%9B%AE/test_pro/test_pro/HYQ_Project/extensions/super-packager/package_assets/JiangYv/PBASDK-v3/StutterCheck.ts 为起点找不到模块 "./PrintComponent"
    at SystemJS.resolve (C:\ProgramData\cocos\editors\Creator\3.8.7\resources\app.asar\node_modules\@editor\lib-programming\src\editor-systemjs\index.ts:36:23)
    at C:\ProgramData\cocos\editors\Creator\3.8.7\resources\app.asar\node_modules\@editor\lib-programming\static\executor\systemjs-bridge\out\index.js:355:37
    at Array.map (<anonymous>)
    at C:\ProgramData\cocos\editors\Creator\3.8.7\resources\app.asar\node_modules\@editor\lib-programming\static\executor\systemjs-bridge\out\index.js:353:41
    at file:///D:/%E5%B7%A5%E7%A8%8B%E9%A1%B9%E7%9B%AE/test_pro/test_pro/HYQ_Project/temp/programming/packer-driver/targets/editor/chunks/6d/6d8fd2b0177941b032ddc0733af48a561fb60657.js:13:13
    at Object.execute (file:///D:/%E5%B7%A5%E7%A8%8B%E9%A1%B9%E7%9B%AE/test_pro/test_pro/HYQ_Project/temp/programming/packer-driver/targets/editor/chunks/6d/6d8fd2b0177941b032ddc0733af48a561fb60657.js:8:7)
    at Executor._importPrerequisiteModules (C:\ProgramData\cocos\editors\Creator\3.8.7\resources\app.asar\node_modules\@editor\lib-programming\src\executor\index.ts:358:13)
    at Executor.reload (C:\ProgramData\cocos\editors\Creator\3.8.7\resources\app.asar\node_modules\@editor\lib-programming\src\executor\index.ts:235:13)
    at C:\ProgramData\cocos\editors\Creator\3.8.7\resources\app.asar\builtin\scene\dist\script\3d\manager\scripts.ccc:1:1893
    at GlobalEnv.processQueue (C:\ProgramData\cocos\editors\Creator\3.8.7\resources\app.asar\builtin\scene\dist\script\3d\manager\scripts.ccc:1:2290)
    at GlobalEnv.record (C:\ProgramData\cocos\editors\Creator\3.8.7\resources\app.asar\builtin\scene\dist\script\3d\manager\scripts.ccc:1:2061)
    at Logger._logHandler (C:\ProgramData\cocos\editors\Creator\3.8.7\resources\app.asar\builtin\scene\dist\script\3d\manager\startup\log.ccc:1:487)
    at Logger.record (C:\ProgramData\cocos\editors\Creator\3.8.7\resources\app.asar\node_modules\@base\electron-logger\lib\renderer.ccc:1:458)
    at console.<anonymous> (C:\ProgramData\cocos\editors\Creator\3.8.7\resources\app.asar\node_modules\@base\electron-logger\lib\renderer.ccc:1:1414)
    at console.error (C:\ProgramData\cocos\editors\Creator\3.8.7\resources\app.asar\node_modules\@sentry\core\src\utils-hoist\instrument\console.ts:40:14)
    at ScriptManager._handleImportException (C:\ProgramData\cocos\editors\Creator\3.8.7\resources\app.asar\builtin\scene\dist\script\3d\manager\scripts.ccc:1:5678)
    at Executor.importExceptionHandler [as _importExceptionHandler] (C:\ProgramData\cocos\editors\Creator\3.8.7\resources\app.asar\builtin\scene\dist\script\3d\manager\scripts.ccc:1:3834)
    at Executor._onModuleLoaded (C:\ProgramData\cocos\editors\Creator\3.8.7\resources\app.asar\node_modules\@editor\lib-programming\src\executor\index.ts:401:22)
    at SystemJS.onload (C:\ProgramData\cocos\editors\Creator\3.8.7\resources\app.asar\node_modules\@editor\lib-programming\src\executor\index.ts:99:18)
    at triggerOnload (C:\ProgramData\cocos\editors\Creator\3.8.7\resources\app.asar\node_modules\@editor\lib-programming\static\executor\systemjs-bridge\out\index.js:270:10)
    at C:\ProgramData\cocos\editors\Creator\3.8.7\resources\app.asar\node_modules\@editor\lib-programming\static\executor\systemjs-bridge\out\index.js:431:7
    at file:///D:/%E5%B7%A5%E7%A8%8B%E9%A1%B9%E7%9B%AE/test_pro/test_pro/HYQ_Project/temp/programming/packer-driver/targets/editor/chunks/6d/6d8fd2b0177941b032ddc0733af48a561fb60657.js:13:13
    at Object.execute (file:///D:/%E5%B7%A5%E7%A8%8B%E9%A1%B9%E7%9B%AE/test_pro/test_pro/HYQ_Project/temp/programming/packer-driver/targets/editor/chunks/6d/6d8fd2b0177941b032ddc0733af48a561fb60657.js:8:7)
    at Executor._importPrerequisiteModules (C:\ProgramData\cocos\editors\Creator\3.8.7\resources\app.asar\node_modules\@editor\lib-programming\src\executor\index.ts:358:13)
    at Executor.reload (C:\ProgramData\cocos\editors\Creator\3.8.7\resources\app.asar\node_modules\@editor\lib-programming\src\executor\index.ts:235:13)
    at C:\ProgramData\cocos\editors\Creator\3.8.7\resources\app.asar\builtin\scene\dist\script\3d\manager\scripts.ccc:1:1893
    at GlobalEnv.processQueue (C:\ProgramData\cocos\editors\Creator\3.8.7\resources\app.asar\builtin\scene\dist\script\3d\manager\scripts.ccc:1:2290)
    at GlobalEnv.record (C:\ProgramData\cocos\editors\Creator\3.8.7\resources\app.asar\builtin\scene\dist\script\3d\manager\scripts.ccc:1:2061)
2026-6-12 11:38:26 - warn: [Scene] 你是否遗漏了扩展名？请注意你不能在模块说明符中省略扩展名。Error: [Scene] 你是否遗漏了扩展名？请注意你不能在模块说明符中省略扩展名。
    at console.warn (C:\ProgramData\cocos\editors\Creator\3.8.7\resources\app.asar\node_modules\@sentry\core\src\utils-hoist\instrument\console.ts:40:14)
    at logger (C:\ProgramData\cocos\editors\Creator\3.8.7\resources\app.asar\node_modules\@editor\lib-programming\static\executor\systemjs-bridge\out\index.js:755:13)
    at ExecutorSystem.resolve [as _detailResolve] (C:\ProgramData\cocos\editors\Creator\3.8.7\resources\app.asar\node_modules\@editor\lib-programming\static\executor\systemjs-bridge\out\index.js:772:17)
    at ExecutorSystem._resolve (C:\ProgramData\cocos\editors\Creator\3.8.7\resources\app.asar\node_modules\@editor\lib-programming\src\editor-systemjs\index.ts:137:14)
    at SystemJS.resolve (C:\ProgramData\cocos\editors\Creator\3.8.7\resources\app.asar\node_modules\@editor\lib-programming\src\editor-systemjs\index.ts:36:23)
    at C:\ProgramData\cocos\editors\Creator\3.8.7\resources\app.asar\node_modules\@editor\lib-programming\static\executor\systemjs-bridge\out\index.js:355:37
    at Array.map (<anonymous>)
    at C:\ProgramData\cocos\editors\Creator\3.8.7\resources\app.asar\node_modules\@editor\lib-programming\static\executor\systemjs-bridge\out\index.js:353:41
    at file:///D:/%E5%B7%A5%E7%A8%8B%E9%A1%B9%E7%9B%AE/test_pro/test_pro/HYQ_Project/temp/programming/packer-driver/targets/editor/chunks/6d/6d8fd2b0177941b032ddc0733af48a561fb60657.js:13:13
    at Object.execute (file:///D:/%E5%B7%A5%E7%A8%8B%E9%A1%B9%E7%9B%AE/test_pro/test_pro/HYQ_Project/temp/programming/packer-driver/targets/editor/chunks/6d/6d8fd2b0177941b032ddc0733af48a561fb60657.js:8:7)
    at Executor._importPrerequisiteModules (C:\ProgramData\cocos\editors\Creator\3.8.7\resources\app.asar\node_modules\@editor\lib-programming\src\executor\index.ts:358:13)
    at Executor.reload (C:\ProgramData\cocos\editors\Creator\3.8.7\resources\app.asar\node_modules\@editor\lib-programming\src\executor\index.ts:235:13)
    at C:\ProgramData\cocos\editors\Creator\3.8.7\resources\app.asar\builtin\scene\dist\script\3d\manager\scripts.ccc:1:1893
    at GlobalEnv.processQueue (C:\ProgramData\cocos\editors\Creator\3.8.7\resources\app.asar\builtin\scene\dist\script\3d\manager\scripts.ccc:1:2290)
    at GlobalEnv.record (C:\ProgramData\cocos\editors\Creator\3.8.7\resources\app.asar\builtin\scene\dist\script\3d\manager\scripts.ccc:1:2061)
2026-6-12 11:38:26 - error: [Scene] {hidden(::SceneExecutorImportExceptionHandler::)} Error: Error: 以 file:///D:/%E5%B7%A5%E7%A8%8B%E9%A1%B9%E7%9B%AE/test_pro/test_pro/HYQ_Project/extensions/super-packager/package_assets/JiangYv/SuperPackageJY.ts 为起点找不到模块 "./PBASDK-v3/PBASDK"
    at rejector (C:\ProgramData\cocos\editors\Creator\3.8.7\resources\app.asar\node_modules\@editor\lib-programming\static\executor\systemjs-bridge\out\index.js:759:15)
    at ExecutorSystem.resolve [as _detailResolve] (C:\ProgramData\cocos\editors\Creator\3.8.7\resources\app.asar\node_modules\@editor\lib-programming\static\executor\systemjs-bridge\out\index.js:777:13)
    at ExecutorSystem._resolve (C:\ProgramData\cocos\editors\Creator\3.8.7\resources\app.asar\node_modules\@editor\lib-programming\src\editor-systemjs\index.ts:137:14)
    at SystemJS.resolve (C:\ProgramData\cocos\editors\Creator\3.8.7\resources\app.asar\node_modules\@editor\lib-programming\src\editor-systemjs\index.ts:36:23)
    at C:\ProgramData\cocos\editors\Creator\3.8.7\resources\app.asar\node_modules\@editor\lib-programming\static\executor\systemjs-bridge\out\index.js:355:37
    at Array.map (<anonymous>)
    at C:\ProgramData\cocos\editors\Creator\3.8.7\resources\app.asar\node_modules\@editor\lib-programming\static\executor\systemjs-bridge\out\index.js:353:41
    at file:///D:/%E5%B7%A5%E7%A8%8B%E9%A1%B9%E7%9B%AE/test_pro/test_pro/HYQ_Project/temp/programming/packer-driver/targets/editor/chunks/6d/6d8fd2b0177941b032ddc0733af48a561fb60657.js:13:13
    at Object.execute (file:///D:/%E5%B7%A5%E7%A8%8B%E9%A1%B9%E7%9B%AE/test_pro/test_pro/HYQ_Project/temp/programming/packer-driver/targets/editor/chunks/6d/6d8fd2b0177941b032ddc0733af48a561fb60657.js:8:7)
    at Executor._importPrerequisiteModules (C:\ProgramData\cocos\editors\Creator\3.8.7\resources\app.asar\node_modules\@editor\lib-programming\src\executor\index.ts:358:13)
    at Executor.reload (C:\ProgramData\cocos\editors\Creator\3.8.7\resources\app.asar\node_modules\@editor\lib-programming\src\executor\index.ts:235:13)
    at C:\ProgramData\cocos\editors\Creator\3.8.7\resources\app.asar\builtin\scene\dist\script\3d\manager\scripts.ccc:1:1893
    at GlobalEnv.processQueue (C:\ProgramData\cocos\editors\Creator\3.8.7\resources\app.asar\builtin\scene\dist\script\3d\manager\scripts.ccc:1:2290)
    at GlobalEnv.record (C:\ProgramData\cocos\editors\Creator\3.8.7\resources\app.asar\builtin\scene\dist\script\3d\manager\scripts.ccc:1:2061)Error: [Scene] {hidden(::SceneExecutorImportExceptionHandler::)} Error: Error: 以 file:///D:/%E5%B7%A5%E7%A8%8B%E9%A1%B9%E7%9B%AE/test_pro/test_pro/HYQ_Project/extensions/super-packager/package_assets/JiangYv/SuperPackageJY.ts 为起点找不到模块 "./PBASDK-v3/PBASDK"
    at SystemJS.resolve (C:\ProgramData\cocos\editors\Creator\3.8.7\resources\app.asar\node_modules\@editor\lib-programming\src\editor-systemjs\index.ts:36:23)
    at C:\ProgramData\cocos\editors\Creator\3.8.7\resources\app.asar\node_modules\@editor\lib-programming\static\executor\systemjs-bridge\out\index.js:355:37
    at Array.map (<anonymous>)
    at C:\ProgramData\cocos\editors\Creator\3.8.7\resources\app.asar\node_modules\@editor\lib-programming\static\executor\systemjs-bridge\out\index.js:353:41
    at file:///D:/%E5%B7%A5%E7%A8%8B%E9%A1%B9%E7%9B%AE/test_pro/test_pro/HYQ_Project/temp/programming/packer-driver/targets/editor/chunks/6d/6d8fd2b0177941b032ddc0733af48a561fb60657.js:13:13
    at Object.execute (file:///D:/%E5%B7%A5%E7%A8%8B%E9%A1%B9%E7%9B%AE/test_pro/test_pro/HYQ_Project/temp/programming/packer-driver/targets/editor/chunks/6d/6d8fd2b0177941b032ddc0733af48a561fb60657.js:8:7)
    at Executor._importPrerequisiteModules (C:\ProgramData\cocos\editors\Creator\3.8.7\resources\app.asar\node_modules\@editor\lib-programming\src\executor\index.ts:358:13)
    at Executor.reload (C:\ProgramData\cocos\editors\Creator\3.8.7\resources\app.asar\node_modules\@editor\lib-programming\src\executor\index.ts:235:13)
    at C:\ProgramData\cocos\editors\Creator\3.8.7\resources\app.asar\builtin\scene\dist\script\3d\manager\scripts.ccc:1:1893
    at GlobalEnv.processQueue (C:\ProgramData\cocos\editors\Creator\3.8.7\resources\app.asar\builtin\scene\dist\script\3d\manager\scripts.ccc:1:2290)
    at GlobalEnv.record (C:\ProgramData\cocos\editors\Creator\3.8.7\resources\app.asar\builtin\scene\dist\script\3d\manager\scripts.ccc:1:2061)
    at Logger._logHandler (C:\ProgramData\cocos\editors\Creator\3.8.7\resources\app.asar\builtin\scene\dist\script\3d\manager\startup\log.ccc:1:487)
    at Logger.record (C:\ProgramData\cocos\editors\Creator\3.8.7\resources\app.asar\node_modules\@base\electron-logger\lib\renderer.ccc:1:458)
    at console.<anonymous> (C:\ProgramData\cocos\editors\Creator\3.8.7\resources\app.asar\node_modules\@base\electron-logger\lib\renderer.ccc:1:1414)
    at console.error (C:\ProgramData\cocos\editors\Creator\3.8.7\resources\app.asar\node_modules\@sentry\core\src\utils-hoist\instrument\console.ts:40:14)
    at ScriptManager._handleImportException (C:\ProgramData\cocos\editors\Creator\3.8.7\resources\app.asar\builtin\scene\dist\script\3d\manager\scripts.ccc:1:5678)
    at Executor.importExceptionHandler [as _importExceptionHandler] (C:\ProgramData\cocos\editors\Creator\3.8.7\resources\app.asar\builtin\scene\dist\script\3d\manager\scripts.ccc:1:3834)
    at Executor._onModuleLoaded (C:\ProgramData\cocos\editors\Creator\3.8.7\resources\app.asar\node_modules\@editor\lib-programming\src\executor\index.ts:401:22)
    at SystemJS.onload (C:\ProgramData\cocos\editors\Creator\3.8.7\resources\app.asar\node_modules\@editor\lib-programming\src\executor\index.ts:99:18)
    at triggerOnload (C:\ProgramData\cocos\editors\Creator\3.8.7\resources\app.asar\node_modules\@editor\lib-programming\static\executor\systemjs-bridge\out\index.js:270:10)
    at C:\ProgramData\cocos\editors\Creator\3.8.7\resources\app.asar\node_modules\@editor\lib-programming\static\executor\systemjs-bridge\out\index.js:431:7
    at file:///D:/%E5%B7%A5%E7%A8%8B%E9%A1%B9%E7%9B%AE/test_pro/test_pro/HYQ_Project/temp/programming/packer-driver/targets/editor/chunks/6d/6d8fd2b0177941b032ddc0733af48a561fb60657.js:13:13
    at Object.execute (file:///D:/%E5%B7%A5%E7%A8%8B%E9%A1%B9%E7%9B%AE/test_pro/test_pro/HYQ_Project/temp/programming/packer-driver/targets/editor/chunks/6d/6d8fd2b0177941b032ddc0733af48a561fb60657.js:8:7)
    at Executor._importPrerequisiteModules (C:\ProgramData\cocos\editors\Creator\3.8.7\resources\app.asar\node_modules\@editor\lib-programming\src\executor\index.ts:358:13)
    at Executor.reload (C:\ProgramData\cocos\editors\Creator\3.8.7\resources\app.asar\node_modules\@editor\lib-programming\src\executor\index.ts:235:13)
    at C:\ProgramData\cocos\editors\Creator\3.8.7\resources\app.asar\builtin\scene\dist\script\3d\manager\scripts.ccc:1:1893
    at GlobalEnv.processQueue (C:\ProgramData\cocos\editors\Creator\3.8.7\resources\app.asar\builtin\scene\dist\script\3d\manager\scripts.ccc:1:2290)
    at GlobalEnv.record (C:\ProgramData\cocos\editors\Creator\3.8.7\resources\app.asar\builtin\scene\dist\script\3d\manager\scripts.ccc:1:2061)
2026-6-12 11:38:27 - log: [Scene] No need to specify the "type" of "MoveDrive.rotLock" because cc.Vec3 is a child class of ValueType.
2026-6-12 11:39:01 - warn: [Scene] Node "Role_0" has no path "zhujue".Error: [Scene] Node "Role_0" has no path "zhujue".
    at console.warn (C:\ProgramData\cocos\editors\Creator\3.8.7\resources\app.asar\node_modules\@sentry\core\src\utils-hoist\instrument\console.ts:40:14)
    at warn (C:\ProgramData\cocos\editors\Creator\3.8.7\resources\resources\3d\engine\bin\.cache\dev\editor\bundled\index.js:165229:12)
    at warnID (C:\ProgramData\cocos\editors\Creator\3.8.7\resources\resources\3d\engine\bin\.cache\dev\editor\bundled\index.js:165417:5)
    at HierarchyPath.get (C:\ProgramData\cocos\editors\Creator\3.8.7\resources\resources\3d\engine\bin\.cache\dev\editor\bundled\index.js:12248:13)
    at TrackPath.[NormalizedFollow] (C:\ProgramData\cocos\editors\Creator\3.8.7\resources\resources\3d\engine\bin\.cache\dev\editor\bundled\index.js:125941:29)
    at TrackBinding.createRuntimeBinding (C:\ProgramData\cocos\editors\Creator\3.8.7\resources\resources\3d\engine\bin\.cache\dev\editor\bundled\index.js:125978:59)
    at binder (C:\ProgramData\cocos\editors\Creator\3.8.7\resources\resources\3d\engine\bin\.cache\dev\editor\bundled\index.js:8066:41)
    at createExoticTrackEvaluationRecord (C:\ProgramData\cocos\editors\Creator\3.8.7\resources\resources\3d\engine\bin\.cache\dev\editor\bundled\index.js:121093:28)
    at new ExoticNodeAnimationEvaluator (C:\ProgramData\cocos\editors\Creator\3.8.7\resources\resources\3d\engine\bin\.cache\dev\editor\bundled\index.js:121457:30)
    at ExoticNodeAnimation.createEvaluator (C:\ProgramData\cocos\editors\Creator\3.8.7\resources\resources\3d\engine\bin\.cache\dev\editor\bundled\index.js:121191:18)
    at eval (C:\ProgramData\cocos\editors\Creator\3.8.7\resources\resources\3d\engine\bin\.cache\dev\editor\bundled\index.js:121443:85)
    at Array.map (<anonymous>)
    at new ExoticTrsAnimationEvaluator (C:\ProgramData\cocos\editors\Creator\3.8.7\resources\resources\3d\engine\bin\.cache\dev\editor\bundled\index.js:121443:50)
    at ExoticAnimation.createEvaluator (C:\ProgramData\cocos\editors\Creator\3.8.7\resources\resources\3d\engine\bin\.cache\dev\editor\bundled\index.js:121139:18)
    at AnimationClip._createEvalWithBinder (C:\ProgramData\cocos\editors\Creator\3.8.7\resources\resources\3d\engine\bin\.cache\dev\editor\bundled\index.js:8460:62)
    at AnimationClip.createEvaluator (C:\ProgramData\cocos\editors\Creator\3.8.7\resources\resources\3d\engine\bin\.cache\dev\editor\bundled\index.js:8076:23)
    at SkeletalAnimationState.initialize (C:\ProgramData\cocos\editors\Creator\3.8.7\resources\resources\3d\engine\bin\.cache\dev\editor\bundled\index.js:10001:35)
    at SkeletalAnimationState.initialize (C:\ProgramData\cocos\editors\Creator\3.8.7\resources\resources\3d\engine\bin\.cache\dev\editor\bundled\index.js:117846:17)
    at SkeletalAnimation._doCreateState (C:\ProgramData\cocos\editors\Creator\3.8.7\resources\resources\3d\engine\bin\.cache\dev\editor\bundled\index.js:7590:19)
    at SkeletalAnimation._doCreateState (C:\ProgramData\cocos\editors\Creator\3.8.7\resources\resources\3d\engine\bin\.cache\dev\editor\bundled\index.js:118324:31)
    at SkeletalAnimation.createState (C:\ProgramData\cocos\editors\Creator\3.8.7\resources\resources\3d\engine\bin\.cache\dev\editor\bundled\index.js:7432:23)
    at eval (C:\ProgramData\cocos\editors\Creator\3.8.7\resources\resources\3d\engine\bin\.cache\dev\editor\bundled\index.js:7274:20)
    at Array.forEach (<anonymous>)
    at SkeletalAnimation.set clips [as clips] (C:\ProgramData\cocos\editors\Creator\3.8.7\resources\resources\3d\engine\bin\.cache\dev\editor\bundled\index.js:7272:17)
    at SkeletalAnimation.onLoad (C:\ProgramData\cocos\editors\Creator\3.8.7\resources\resources\3d\engine\bin\.cache\dev\editor\bundled\index.js:7312:22)
    at SkeletalAnimation.onLoad (C:\ProgramData\cocos\editors\Creator\3.8.7\resources\resources\3d\engine\bin\.cache\dev\editor\bundled\index.js:118149:17)
    at eval (C:\ProgramData\cocos\editors\Creator\3.8.7\resources\resources\3d\engine\bin\.cache\dev\editor\bundled\index.js:48429:132)
    at OneOffInvoker.eval [as _invoke] (C:\ProgramData\cocos\editors\Creator\3.8.7\resources\resources\3d\engine\bin\.cache\dev\editor\bundled\index.js:46343:9)
    at OneOffInvoker.invoke (C:\ProgramData\cocos\editors\Creator\3.8.7\resources\resources\3d\engine\bin\.cache\dev\editor\bundled\index.js:46462:18)
    at NodeActivator.activateNode (C:\ProgramData\cocos\editors\Creator\3.8.7\resources\resources\3d\engine\bin\.cache\dev\editor\bundled\index.js:48480:27)
    at Scene._activate (C:\ProgramData\cocos\editors\Creator\3.8.7\resources\resources\3d\engine\bin\.cache\dev\editor\bundled\index.js:56317:44)
    at Director.runSceneImmediate (C:\ProgramData\cocos\editors\Creator\3.8.7\resources\resources\3d\engine\bin\.cache\dev\editor\bundled\index.js:88394:17)
    at C:\ProgramData\cocos\editors\Creator\3.8.7\resources\app.asar\builtin\scene\dist\script\3d\manager\scene\utils.ccc:1:381
    at eval (C:\ProgramData\cocos\editors\Creator\3.8.7\resources\resources\3d\engine\bin\.cache\dev\editor\bundled\index.js:135368:9)
    at eval (C:\ProgramData\cocos\editors\Creator\3.8.7\resources\resources\3d\engine\bin\.cache\dev\editor\bundled\index.js:169410:9)
    at sentryWrapped (C:\ProgramData\cocos\editors\Creator\3.8.7\resources\app.asar\node_modules\@sentry\browser\src\helpers.ts:116:17)
2026-6-12 11:39:02 - warn: [Scene] Previous error occurred when instantiating animation clip idle on node Role_0.Error: [Scene] Previous error occurred when instantiating animation clip idle on node Role_0.
    at console.warn (C:\ProgramData\cocos\editors\Creator\3.8.7\resources\app.asar\node_modules\@sentry\core\src\utils-hoist\instrument\console.ts:40:14)
    at warn (C:\ProgramData\cocos\editors\Creator\3.8.7\resources\resources\3d\engine\bin\.cache\dev\editor\bundled\index.js:165229:12)
    at warnID (C:\ProgramData\cocos\editors\Creator\3.8.7\resources\resources\3d\engine\bin\.cache\dev\editor\bundled\index.js:165417:5)
    at binder (C:\ProgramData\cocos\editors\Creator\3.8.7\resources\resources\3d\engine\bin\.cache\dev\editor\bundled\index.js:8072:15)
    at createExoticTrackEvaluationRecord (C:\ProgramData\cocos\editors\Creator\3.8.7\resources\resources\3d\engine\bin\.cache\dev\editor\bundled\index.js:121093:28)
    at new ExoticNodeAnimationEvaluator (C:\ProgramData\cocos\editors\Creator\3.8.7\resources\resources\3d\engine\bin\.cache\dev\editor\bundled\index.js:121457:30)
    at ExoticNodeAnimation.createEvaluator (C:\ProgramData\cocos\editors\Creator\3.8.7\resources\resources\3d\engine\bin\.cache\dev\editor\bundled\index.js:121191:18)
    at eval (C:\ProgramData\cocos\editors\Creator\3.8.7\resources\resources\3d\engine\bin\.cache\dev\editor\bundled\index.js:121443:85)
    at Array.map (<anonymous>)
    at new ExoticTrsAnimationEvaluator (C:\ProgramData\cocos\editors\Creator\3.8.7\resources\resources\3d\engine\bin\.cache\dev\editor\bundled\index.js:121443:50)
    at ExoticAnimation.createEvaluator (C:\ProgramData\cocos\editors\Creator\3.8.7\resources\resources\3d\engine\bin\.cache\dev\editor\bundled\index.js:121139:18)
    at AnimationClip._createEvalWithBinder (C:\ProgramData\cocos\editors\Creator\3.8.7\resources\resources\3d\engine\bin\.cache\dev\editor\bundled\index.js:8460:62)
    at AnimationClip.createEvaluator (C:\ProgramData\cocos\editors\Creator\3.8.7\resources\resources\3d\engine\bin\.cache\dev\editor\bundled\index.js:8076:23)
    at SkeletalAnimationState.initialize (C:\ProgramData\cocos\editors\Creator\3.8.7\resources\resources\3d\engine\bin\.cache\dev\editor\bundled\index.js:10001:35)
    at SkeletalAnimationState.initialize (C:\ProgramData\cocos\editors\Creator\3.8.7\resources\resources\3d\engine\bin\.cache\dev\editor\bundled\index.js:117846:17)
    at SkeletalAnimation._doCreateState (C:\ProgramData\cocos\editors\Creator\3.8.7\resources\resources\3d\engine\bin\.cache\dev\editor\bundled\index.js:7590:19)
    at SkeletalAnimation._doCreateState (C:\ProgramData\cocos\editors\Creator\3.8.7\resources\resources\3d\engine\bin\.cache\dev\editor\bundled\index.js:118324:31)
    at SkeletalAnimation.createState (C:\ProgramData\cocos\editors\Creator\3.8.7\resources\resources\3d\engine\bin\.cache\dev\editor\bundled\index.js:7432:23)
    at eval (C:\ProgramData\cocos\editors\Creator\3.8.7\resources\resources\3d\engine\bin\.cache\dev\editor\bundled\index.js:7274:20)
    at Array.forEach (<anonymous>)
    at SkeletalAnimation.set clips [as clips] (C:\ProgramData\cocos\editors\Creator\3.8.7\resources\resources\3d\engine\bin\.cache\dev\editor\bundled\index.js:7272:17)
    at SkeletalAnimation.onLoad (C:\ProgramData\cocos\editors\Creator\3.8.7\resources\resources\3d\engine\bin\.cache\dev\editor\bundled\index.js:7312:22)
    at SkeletalAnimation.onLoad (C:\ProgramData\cocos\editors\Creator\3.8.7\resources\resources\3d\engine\bin\.cache\dev\editor\bundled\index.js:118149:17)
    at eval (C:\ProgramData\cocos\editors\Creator\3.8.7\resources\resources\3d\engine\bin\.cache\dev\editor\bundled\index.js:48429:132)
    at OneOffInvoker.eval [as _invoke] (C:\ProgramData\cocos\editors\Creator\3.8.7\resources\resources\3d\engine\bin\.cache\dev\editor\bundled\index.js:46343:9)
    at OneOffInvoker.invoke (C:\ProgramData\cocos\editors\Creator\3.8.7\resources\resources\3d\engine\bin\.cache\dev\editor\bundled\index.js:46462:18)
    at NodeActivator.activateNode (C:\ProgramData\cocos\editors\Creator\3.8.7\resources\resources\3d\engine\bin\.cache\dev\editor\bundled\index.js:48480:27)
    at Scene._activate (C:\ProgramData\cocos\editors\Creator\3.8.7\resources\resources\3d\engine\bin\.cache\dev\editor\bundled\index.js:56317:44)
    at Director.runSceneImmediate (C:\ProgramData\cocos\editors\Creator\3.8.7\resources\resources\3d\engine\bin\.cache\dev\editor\bundled\index.js:88394:17)
    at C:\ProgramData\cocos\editors\Creator\3.8.7\resources\app.asar\builtin\scene\dist\script\3d\manager\scene\utils.ccc:1:381
    at eval (C:\ProgramData\cocos\editors\Creator\3.8.7\resources\resources\3d\engine\bin\.cache\dev\editor\bundled\index.js:135368:9)
    at eval (C:\ProgramData\cocos\editors\Creator\3.8.7\resources\resources\3d\engine\bin\.cache\dev\editor\bundled\index.js:169410:9)
    at sentryWrapped (C:\ProgramData\cocos\editors\Creator\3.8.7\resources\app.asar\node_modules\@sentry\browser\src\helpers.ts:116:17)
2026-6-12 11:39:02 - warn: [Scene] Node "Role_0" has no path "zhujue".Error: [Scene] Node "Role_0" has no path "zhujue".
    at console.warn (C:\ProgramData\cocos\editors\Creator\3.8.7\resources\app.asar\node_modules\@sentry\core\src\utils-hoist\instrument\console.ts:40:14)
    at warn (C:\ProgramData\cocos\editors\Creator\3.8.7\resources\resources\3d\engine\bin\.cache\dev\editor\bundled\index.js:165229:12)
    at warnID (C:\ProgramData\cocos\editors\Creator\3.8.7\resources\resources\3d\engine\bin\.cache\dev\editor\bundled\index.js:165417:5)
    at HierarchyPath.get (C:\ProgramData\cocos\editors\Creator\3.8.7\resources\resources\3d\engine\bin\.cache\dev\editor\bundled\index.js:12248:13)
    at TrackPath.[NormalizedFollow] (C:\ProgramData\cocos\editors\Creator\3.8.7\resources\resources\3d\engine\bin\.cache\dev\editor\bundled\index.js:125941:29)
    at TrackBinding.createRuntimeBinding (C:\ProgramData\cocos\editors\Creator\3.8.7\resources\resources\3d\engine\bin\.cache\dev\editor\bundled\index.js:125978:59)
    at binder (C:\ProgramData\cocos\editors\Creator\3.8.7\resources\resources\3d\engine\bin\.cache\dev\editor\bundled\index.js:8066:41)
    at createExoticTrackEvaluationRecord (C:\ProgramData\cocos\editors\Creator\3.8.7\resources\resources\3d\engine\bin\.cache\dev\editor\bundled\index.js:121093:28)
    at new ExoticNodeAnimationEvaluator (C:\ProgramData\cocos\editors\Creator\3.8.7\resources\resources\3d\engine\bin\.cache\dev\editor\bundled\index.js:121460:30)
    at ExoticNodeAnimation.createEvaluator (C:\ProgramData\cocos\editors\Creator\3.8.7\resources\resources\3d\engine\bin\.cache\dev\editor\bundled\index.js:121191:18)
    at eval (C:\ProgramData\cocos\editors\Creator\3.8.7\resources\resources\3d\engine\bin\.cache\dev\editor\bundled\index.js:121443:85)
    at Array.map (<anonymous>)
    at new ExoticTrsAnimationEvaluator (C:\ProgramData\cocos\editors\Creator\3.8.7\resources\resources\3d\engine\bin\.cache\dev\editor\bundled\index.js:121443:50)
    at ExoticAnimation.createEvaluator (C:\ProgramData\cocos\editors\Creator\3.8.7\resources\resources\3d\engine\bin\.cache\dev\editor\bundled\index.js:121139:18)
    at AnimationClip._createEvalWithBinder (C:\ProgramData\cocos\editors\Creator\3.8.7\resources\resources\3d\engine\bin\.cache\dev\editor\bundled\index.js:8460:62)
    at AnimationClip.createEvaluator (C:\ProgramData\cocos\editors\Creator\3.8.7\resources\resources\3d\engine\bin\.cache\dev\editor\bundled\index.js:8076:23)
    at SkeletalAnimationState.initialize (C:\ProgramData\cocos\editors\Creator\3.8.7\resources\resources\3d\engine\bin\.cache\dev\editor\bundled\index.js:10001:35)
    at SkeletalAnimationState.initialize (C:\ProgramData\cocos\editors\Creator\3.8.7\resources\resources\3d\engine\bin\.cache\dev\editor\bundled\index.js:117846:17)
    at SkeletalAnimation._doCreateState (C:\ProgramData\cocos\editors\Creator\3.8.7\resources\resources\3d\engine\bin\.cache\dev\editor\bundled\index.js:7590:19)
    at SkeletalAnimation._doCreateState (C:\ProgramData\cocos\editors\Creator\3.8.7\resources\resources\3d\engine\bin\.cache\dev\editor\bundled\index.js:118324:31)
    at SkeletalAnimation.createState (C:\ProgramData\cocos\editors\Creator\3.8.7\resources\resources\3d\engine\bin\.cache\dev\editor\bundled\index.js:7432:23)
    at eval (C:\ProgramData\cocos\editors\Creator\3.8.7\resources\resources\3d\engine\bin\.cache\dev\editor\bundled\index.js:7274:20)
    at Array.forEach (<anonymous>)
    at SkeletalAnimation.set clips [as clips] (C:\ProgramData\cocos\editors\Creator\3.8.7\resources\resources\3d\engine\bin\.cache\dev\editor\bundled\index.js:7272:17)
    at SkeletalAnimation.onLoad (C:\ProgramData\cocos\editors\Creator\3.8.7\resources\resources\3d\engine\bin\.cache\dev\editor\bundled\index.js:7312:22)
    at SkeletalAnimation.onLoad (C:\ProgramData\cocos\editors\Creator\3.8.7\resources\resources\3d\engine\bin\.cache\dev\editor\bundled\index.js:118149:17)
    at eval (C:\ProgramData\cocos\editors\Creator\3.8.7\resources\resources\3d\engine\bin\.cache\dev\editor\bundled\index.js:48429:132)
    at OneOffInvoker.eval [as _invoke] (C:\ProgramData\cocos\editors\Creator\3.8.7\resources\resources\3d\engine\bin\.cache\dev\editor\bundled\index.js:46343:9)
    at OneOffInvoker.invoke (C:\ProgramData\cocos\editors\Creator\3.8.7\resources\resources\3d\engine\bin\.cache\dev\editor\bundled\index.js:46462:18)
    at NodeActivator.activateNode (C:\ProgramData\cocos\editors\Creator\3.8.7\resources\resources\3d\engine\bin\.cache\dev\editor\bundled\index.js:48480:27)
    at Scene._activate (C:\ProgramData\cocos\editors\Creator\3.8.7\resources\resources\3d\engine\bin\.cache\dev\editor\bundled\index.js:56317:44)
    at Director.runSceneImmediate (C:\ProgramData\cocos\editors\Creator\3.8.7\resources\resources\3d\engine\bin\.cache\dev\editor\bundled\index.js:88394:17)
    at C:\ProgramData\cocos\editors\Creator\3.8.7\resources\app.asar\builtin\scene\dist\script\3d\manager\scene\utils.ccc:1:381
    at eval (C:\ProgramData\cocos\editors\Creator\3.8.7\resources\resources\3d\engine\bin\.cache\dev\editor\bundled\index.js:135368:9)
    at eval (C:\ProgramData\cocos\editors\Creator\3.8.7\resources\resources\3d\engine\bin\.cache\dev\editor\bundled\index.js:169410:9)
    at sentryWrapped (C:\ProgramData\cocos\editors\Creator\3.8.7\resources\app.asar\node_modules\@sentry\browser\src\helpers.ts:116:17)
2026-6-12 11:39:02 - warn: [Scene] Previous error occurred when instantiating animation clip idle on node Role_0.Error: [Scene] Previous error occurred when instantiating animation clip idle on node Role_0.
    at console.warn (C:\ProgramData\cocos\editors\Creator\3.8.7\resources\app.asar\node_modules\@sentry\core\src\utils-hoist\instrument\console.ts:40:14)
    at warn (C:\ProgramData\cocos\editors\Creator\3.8.7\resources\resources\3d\engine\bin\.cache\dev\editor\bundled\index.js:165229:12)
    at warnID (C:\ProgramData\cocos\editors\Creator\3.8.7\resources\resources\3d\engine\bin\.cache\dev\editor\bundled\index.js:165417:5)
    at binder (C:\ProgramData\cocos\editors\Creator\3.8.7\resources\resources\3d\engine\bin\.cache\dev\editor\bundled\index.js:8072:15)
    at createExoticTrackEvaluationRecord (C:\ProgramData\cocos\editors\Creator\3.8.7\resources\resources\3d\engine\bin\.cache\dev\editor\bundled\index.js:121093:28)
    at new ExoticNodeAnimationEvaluator (C:\ProgramData\cocos\editors\Creator\3.8.7\resources\resources\3d\engine\bin\.cache\dev\editor\bundled\index.js:121460:30)
    at ExoticNodeAnimation.createEvaluator (C:\ProgramData\cocos\editors\Creator\3.8.7\resources\resources\3d\engine\bin\.cache\dev\editor\bundled\index.js:121191:18)
    at eval (C:\ProgramData\cocos\editors\Creator\3.8.7\resources\resources\3d\engine\bin\.cache\dev\editor\bundled\index.js:121443:85)
    at Array.map (<anonymous>)
    at new ExoticTrsAnimationEvaluator (C:\ProgramData\cocos\editors\Creator\3.8.7\resources\resources\3d\engine\bin\.cache\dev\editor\bundled\index.js:121443:50)
    at ExoticAnimation.createEvaluator (C:\ProgramData\cocos\editors\Creator\3.8.7\resources\resources\3d\engine\bin\.cache\dev\editor\bundled\index.js:121139:18)
    at AnimationClip._createEvalWithBinder (C:\ProgramData\cocos\editors\Creator\3.8.7\resources\resources\3d\engine\bin\.cache\dev\editor\bundled\index.js:8460:62)
    at AnimationClip.createEvaluator (C:\ProgramData\cocos\editors\Creator\3.8.7\resources\resources\3d\engine\bin\.cache\dev\editor\bundled\index.js:8076:23)
    at SkeletalAnimationState.initialize (C:\ProgramData\cocos\editors\Creator\3.8.7\resources\resources\3d\engine\bin\.cache\dev\editor\bundled\index.js:10001:35)
    at SkeletalAnimationState.initialize (C:\ProgramData\cocos\editors\Creator\3.8.7\resources\resources\3d\engine\bin\.cache\dev\editor\bundled\index.js:117846:17)
    at SkeletalAnimation._doCreateState (C:\ProgramData\cocos\editors\Creator\3.8.7\resources\resources\3d\engine\bin\.cache\dev\editor\bundled\index.js:7590:19)
    at SkeletalAnimation._doCreateState (C:\ProgramData\cocos\editors\Creator\3.8.7\resources\resources\3d\engine\bin\.cache\dev\editor\bundled\index.js:118324:31)
    at SkeletalAnimation.createState (C:\ProgramData\cocos\editors\Creator\3.8.7\resources\resources\3d\engine\bin\.cache\dev\editor\bundled\index.js:7432:23)
    at eval (C:\ProgramData\cocos\editors\Creator\3.8.7\resources\resources\3d\engine\bin\.cache\dev\editor\bundled\index.js:7274:20)
    at Array.forEach (<anonymous>)
    at SkeletalAnimation.set clips [as clips] (C:\ProgramData\cocos\editors\Creator\3.8.7\resources\resources\3d\engine\bin\.cache\dev\editor\bundled\index.js:7272:17)
    at SkeletalAnimation.onLoad (C:\ProgramData\cocos\editors\Creator\3.8.7\resources\resources\3d\engine\bin\.cache\dev\editor\bundled\index.js:7312:22)
    at SkeletalAnimation.onLoad (C:\ProgramData\cocos\editors\Creator\3.8.7\resources\resources\3d\engine\bin\.cache\dev\editor\bundled\index.js:118149:17)
    at eval (C:\ProgramData\cocos\editors\Creator\3.8.7\resources\resources\3d\engine\bin\.cache\dev\editor\bundled\index.js:48429:132)
    at OneOffInvoker.eval [as _invoke] (C:\ProgramData\cocos\editors\Creator\3.8.7\resources\resources\3d\engine\bin\.cache\dev\editor\bundled\index.js:46343:9)
    at OneOffInvoker.invoke (C:\ProgramData\cocos\editors\Creator\3.8.7\resources\resources\3d\engine\bin\.cache\dev\editor\bundled\index.js:46462:18)
    at NodeActivator.activateNode (C:\ProgramData\cocos\editors\Creator\3.8.7\resources\resources\3d\engine\bin\.cache\dev\editor\bundled\index.js:48480:27)
    at Scene._activate (C:\ProgramData\cocos\editors\Creator\3.8.7\resources\resources\3d\engine\bin\.cache\dev\editor\bundled\index.js:56317:44)
    at Director.runSceneImmediate (C:\ProgramData\cocos\editors\Creator\3.8.7\resources\resources\3d\engine\bin\.cache\dev\editor\bundled\index.js:88394:17)
    at C:\ProgramData\cocos\editors\Creator\3.8.7\resources\app.asar\builtin\scene\dist\script\3d\manager\scene\utils.ccc:1:381
    at eval (C:\ProgramData\cocos\editors\Creator\3.8.7\resources\resources\3d\engine\bin\.cache\dev\editor\bundled\index.js:135368:9)
    at eval (C:\ProgramData\cocos\editors\Creator\3.8.7\resources\resources\3d\engine\bin\.cache\dev\editor\bundled\index.js:169410:9)
    at sentryWrapped (C:\ProgramData\cocos\editors\Creator\3.8.7\resources\app.asar\node_modules\@sentry\browser\src\helpers.ts:116:17)
2026-6-12 11:39:02 - warn: [Scene] Node "Role_0" has no path "zhujue".Error: [Scene] Node "Role_0" has no path "zhujue".
    at console.warn (C:\ProgramData\cocos\editors\Creator\3.8.7\resources\app.asar\node_modules\@sentry\core\src\utils-hoist\instrument\console.ts:40:14)
    at warn (C:\ProgramData\cocos\editors\Creator\3.8.7\resources\resources\3d\engine\bin\.cache\dev\editor\bundled\index.js:165229:12)
    at warnID (C:\ProgramData\cocos\editors\Creator\3.8.7\resources\resources\3d\engine\bin\.cache\dev\editor\bundled\index.js:165417:5)
    at HierarchyPath.get (C:\ProgramData\cocos\editors\Creator\3.8.7\resources\resources\3d\engine\bin\.cache\dev\editor\bundled\index.js:12248:13)
    at TrackPath.[NormalizedFollow] (C:\ProgramData\cocos\editors\Creator\3.8.7\resources\resources\3d\engine\bin\.cache\dev\editor\bundled\index.js:125941:29)
    at TrackBinding.createRuntimeBinding (C:\ProgramData\cocos\editors\Creator\3.8.7\resources\resources\3d\engine\bin\.cache\dev\editor\bundled\index.js:125978:59)
    at binder (C:\ProgramData\cocos\editors\Creator\3.8.7\resources\resources\3d\engine\bin\.cache\dev\editor\bundled\index.js:8066:41)
    at createExoticTrackEvaluationRecord (C:\ProgramData\cocos\editors\Creator\3.8.7\resources\resources\3d\engine\bin\.cache\dev\editor\bundled\index.js:121093:28)
    at new ExoticNodeAnimationEvaluator (C:\ProgramData\cocos\editors\Creator\3.8.7\resources\resources\3d\engine\bin\.cache\dev\editor\bundled\index.js:121463:27)
    at ExoticNodeAnimation.createEvaluator (C:\ProgramData\cocos\editors\Creator\3.8.7\resources\resources\3d\engine\bin\.cache\dev\editor\bundled\index.js:121191:18)
    at eval (C:\ProgramData\cocos\editors\Creator\3.8.7\resources\resources\3d\engine\bin\.cache\dev\editor\bundled\index.js:121443:85)
    at Array.map (<anonymous>)
    at new ExoticTrsAnimationEvaluator (C:\ProgramData\cocos\editors\Creator\3.8.7\resources\resources\3d\engine\bin\.cache\dev\editor\bundled\index.js:121443:50)
    at ExoticAnimation.createEvaluator (C:\ProgramData\cocos\editors\Creator\3.8.7\resources\resources\3d\engine\bin\.cache\dev\editor\bundled\index.js:121139:18)
    at AnimationClip._createEvalWithBinder (C:\ProgramData\cocos\editors\Creator\3.8.7\resources\resources\3d\engine\bin\.cache\dev\editor\bundled\index.js:8460:62)
    at AnimationClip.createEvaluator (C:\ProgramData\cocos\editors\Creator\3.8.7\resources\resources\3d\engine\bin\.cache\dev\editor\bundled\index.js:8076:23)
    at SkeletalAnimationState.initialize (C:\ProgramData\cocos\editors\Creator\3.8.7\resources\resources\3d\engine\bin\.cache\dev\editor\bundled\index.js:10001:35)
    at SkeletalAnimationState.initialize (C:\ProgramData\cocos\editors\Creator\3.8.7\resources\resources\3d\engine\bin\.cache\dev\editor\bundled\index.js:117846:17)
    at SkeletalAnimation._doCreateState (C:\ProgramData\cocos\editors\Creator\3.8.7\resources\resources\3d\engine\bin\.cache\dev\editor\bundled\index.js:7590:19)
    at SkeletalAnimation._doCreateState (C:\ProgramData\cocos\editors\Creator\3.8.7\resources\resources\3d\engine\bin\.cache\dev\editor\bundled\index.js:118324:31)
    at SkeletalAnimation.createState (C:\ProgramData\cocos\editors\Creator\3.8.7\resources\resources\3d\engine\bin\.cache\dev\editor\bundled\index.js:7432:23)
    at eval (C:\ProgramData\cocos\editors\Creator\3.8.7\resources\resources\3d\engine\bin\.cache\dev\editor\bundled\index.js:7274:20)
    at Array.forEach (<anonymous>)
    at SkeletalAnimation.set clips [as clips] (C:\ProgramData\cocos\editors\Creator\3.8.7\resources\resources\3d\engine\bin\.cache\dev\editor\bundled\index.js:7272:17)
    at SkeletalAnimation.onLoad (C:\ProgramData\cocos\editors\Creator\3.8.7\resources\resources\3d\engine\bin\.cache\dev\editor\bundled\index.js:7312:22)
    at SkeletalAnimation.onLoad (C:\ProgramData\cocos\editors\Creator\3.8.7\resources\resources\3d\engine\bin\.cache\dev\editor\bundled\index.js:118149:17)
    at eval (C:\ProgramData\cocos\editors\Creator\3.8.7\resources\resources\3d\engine\bin\.cache\dev\editor\bundled\index.js:48429:132)
    at OneOffInvoker.eval [as _invoke] (C:\ProgramData\cocos\editors\Creator\3.8.7\resources\resources\3d\engine\bin\.cache\dev\editor\bundled\index.js:46343:9)
    at OneOffInvoker.invoke (C:\ProgramData\cocos\editors\Creator\3.8.7\resources\resources\3d\engine\bin\.cache\dev\editor\bundled\index.js:46462:18)
    at NodeActivator.activateNode (C:\ProgramData\cocos\editors\Creator\3.8.7\resources\resources\3d\engine\bin\.cache\dev\editor\bundled\index.js:48480:27)
    at Scene._activate (C:\ProgramData\cocos\editors\Creator\3.8.7\resources\resources\3d\engine\bin\.cache\dev\editor\bundled\index.js:56317:44)
    at Director.runSceneImmediate (C:\ProgramData\cocos\editors\Creator\3.8.7\resources\resources\3d\engine\bin\.cache\dev\editor\bundled\index.js:88394:17)
    at C:\ProgramData\cocos\editors\Creator\3.8.7\resources\app.asar\builtin\scene\dist\script\3d\manager\scene\utils.ccc:1:381
    at eval (C:\ProgramData\cocos\editors\Creator\3.8.7\resources\resources\3d\engine\bin\.cache\dev\editor\bundled\index.js:135368:9)
    at eval (C:\ProgramData\cocos\editors\Creator\3.8.7\resources\resources\3d\engine\bin\.cache\dev\editor\bundled\index.js:169410:9)
    at sentryWrapped (C:\ProgramData\cocos\editors\Creator\3.8.7\resources\app.asar\node_modules\@sentry\browser\src\helpers.ts:116:17)
2026-6-12 11:39:02 - warn: [Scene] Previous error occurred when instantiating animation clip idle on node Role_0.Error: [Scene] Previous error occurred when instantiating animation clip idle on node Role_0.
    at console.warn (C:\ProgramData\cocos\editors\Creator\3.8.7\resources\app.asar\node_modules\@sentry\core\src\utils-hoist\instrument\console.ts:40:14)
    at warn (C:\ProgramData\cocos\editors\Creator\3.8.7\resources\resources\3d\engine\bin\.cache\dev\editor\bundled\index.js:165229:12)
    at warnID (C:\ProgramData\cocos\editors\Creator\3.8.7\resources\resources\3d\engine\bin\.cache\dev\editor\bundled\index.js:165417:5)
    at binder (C:\ProgramData\cocos\editors\Creator\3.8.7\resources\resources\3d\engine\bin\.cache\dev\editor\bundled\index.js:8072:15)
    at createExoticTrackEvaluationRecord (C:\ProgramData\cocos\editors\Creator\3.8.7\resources\resources\3d\engine\bin\.cache\dev\editor\bundled\index.js:121093:28)
    at new ExoticNodeAnimationEvaluator (C:\ProgramData\cocos\editors\Creator\3.8.7\resources\resources\3d\engine\bin\.cache\dev\editor\bundled\index.js:121463:27)
    at ExoticNodeAnimation.createEvaluator (C:\ProgramData\cocos\editors\Creator\3.8.7\resources\resources\3d\engine\bin\.cache\dev\editor\bundled\index.js:121191:18)
    at eval (C:\ProgramData\cocos\editors\Creator\3.8.7\resources\resources\3d\engine\bin\.cache\dev\editor\bundled\index.js:121443:85)
    at Array.map (<anonymous>)
    at new ExoticTrsAnimationEvaluator (C:\ProgramData\cocos\editors\Creator\3.8.7\resources\resources\3d\engine\bin\.cache\dev\editor\bundled\index.js:121443:50)
    at ExoticAnimation.createEvaluator (C:\ProgramData\cocos\editors\Creator\3.8.7\resources\resources\3d\engine\bin\.cache\dev\editor\bundled\index.js:121139:18)
    at AnimationClip._createEvalWithBinder (C:\ProgramData\cocos\editors\Creator\3.8.7\resources\resources\3d\engine\bin\.cache\dev\editor\bundled\index.js:8460:62)
    at AnimationClip.createEvaluator (C:\ProgramData\cocos\editors\Creator\3.8.7\resources\resources\3d\engine\bin\.cache\dev\editor\bundled\index.js:8076:23)
    at SkeletalAnimationState.initialize (C:\ProgramData\cocos\editors\Creator\3.8.7\resources\resources\3d\engine\bin\.cache\dev\editor\bundled\index.js:10001:35)
    at SkeletalAnimationState.initialize (C:\ProgramData\cocos\editors\Creator\3.8.7\resources\resources\3d\engine\bin\.cache\dev\editor\bundled\index.js:117846:17)
    at SkeletalAnimation._doCreateState (C:\ProgramData\cocos\editors\Creator\3.8.7\resources\resources\3d\engine\bin\.cache\dev\editor\bundled\index.js:7590:19)
    at SkeletalAnimation._doCreateState (C:\ProgramData\cocos\editors\Creator\3.8.7\resources\resources\3d\engine\bin\.cache\dev\editor\bundled\index.js:118324:31)
    at SkeletalAnimation.createState (C:\ProgramData\cocos\editors\Creator\3.8.7\resources\resources\3d\engine\bin\.cache\dev\editor\bundled\index.js:7432:23)
    at eval (C:\ProgramData\cocos\editors\Creator\3.8.7\resources\resources\3d\engine\bin\.cache\dev\editor\bundled\index.js:7274:20)
    at Array.forEach (<anonymous>)
    at SkeletalAnimation.set clips [as clips] (C:\ProgramData\cocos\editors\Creator\3.8.7\resources\resources\3d\engine\bin\.cache\dev\editor\bundled\index.js:7272:17)
    at SkeletalAnimation.onLoad (C:\ProgramData\cocos\editors\Creator\3.8.7\resources\resources\3d\engine\bin\.cache\dev\editor\bundled\index.js:7312:22)
    at SkeletalAnimation.onLoad (C:\ProgramData\cocos\editors\Creator\3.8.7\resources\resources\3d\engine\bin\.cache\dev\editor\bundled\index.js:118149:17)
    at eval (C:\ProgramData\cocos\editors\Creator\3.8.7\resources\resources\3d\engine\bin\.cache\dev\editor\bundled\index.js:48429:132)
    at OneOffInvoker.eval [as _invoke] (C:\ProgramData\cocos\editors\Creator\3.8.7\resources\resources\3d\engine\bin\.cache\dev\editor\bundled\index.js:46343:9)
    at OneOffInvoker.invoke (C:\ProgramData\cocos\editors\Creator\3.8.7\resources\resources\3d\engine\bin\.cache\dev\editor\bundled\index.js:46462:18)
    at NodeActivator.activateNode (C:\ProgramData\cocos\editors\Creator\3.8.7\resources\resources\3d\engine\bin\.cache\dev\editor\bundled\index.js:48480:27)
    at Scene._activate (C:\ProgramData\cocos\editors\Creator\3.8.7\resources\resources\3d\engine\bin\.cache\dev\editor\bundled\index.js:56317:44)
    at Director.runSceneImmediate (C:\ProgramData\cocos\editors\Creator\3.8.7\resources\resources\3d\engine\bin\.cache\dev\editor\bundled\index.js:88394:17)
    at C:\ProgramData\cocos\editors\Creator\3.8.7\resources\app.asar\builtin\scene\dist\script\3d\manager\scene\utils.ccc:1:381
    at eval (C:\ProgramData\cocos\editors\Creator\3.8.7\resources\resources\3d\engine\bin\.cache\dev\editor\bundled\index.js:135368:9)
    at eval (C:\ProgramData\cocos\editors\Creator\3.8.7\resources\resources\3d\engine\bin\.cache\dev\editor\bundled\index.js:169410:9)
    at sentryWrapped (C:\ProgramData\cocos\editors\Creator\3.8.7\resources\app.asar\node_modules\@sentry\browser\src\helpers.ts:116:17)
2026-6-12 11:39:02 - warn: [Scene] Node "Role_0" has no path "Bip001 Prop1 Socket/AK".Error: [Scene] Node "Role_0" has no path "Bip001 Prop1 Socket/AK".
    at console.warn (C:\ProgramData\cocos\editors\Creator\3.8.7\resources\app.asar\node_modules\@sentry\core\src\utils-hoist\instrument\console.ts:40:14)
    at warn (C:\ProgramData\cocos\editors\Creator\3.8.7\resources\resources\3d\engine\bin\.cache\dev\editor\bundled\index.js:165229:12)
    at warnID (C:\ProgramData\cocos\editors\Creator\3.8.7\resources\resources\3d\engine\bin\.cache\dev\editor\bundled\index.js:165417:5)
    at HierarchyPath.get (C:\ProgramData\cocos\editors\Creator\3.8.7\resources\resources\3d\engine\bin\.cache\dev\editor\bundled\index.js:12248:13)
    at TrackPath.[NormalizedFollow] (C:\ProgramData\cocos\editors\Creator\3.8.7\resources\resources\3d\engine\bin\.cache\dev\editor\bundled\index.js:125941:29)
    at TrackBinding.createRuntimeBinding (C:\ProgramData\cocos\editors\Creator\3.8.7\resources\resources\3d\engine\bin\.cache\dev\editor\bundled\index.js:125978:59)
    at binder (C:\ProgramData\cocos\editors\Creator\3.8.7\resources\resources\3d\engine\bin\.cache\dev\editor\bundled\index.js:8066:41)
    at createExoticTrackEvaluationRecord (C:\ProgramData\cocos\editors\Creator\3.8.7\resources\resources\3d\engine\bin\.cache\dev\editor\bundled\index.js:121093:28)
    at new ExoticNodeAnimationEvaluator (C:\ProgramData\cocos\editors\Creator\3.8.7\resources\resources\3d\engine\bin\.cache\dev\editor\bundled\index.js:121457:30)
    at ExoticNodeAnimation.createEvaluator (C:\ProgramData\cocos\editors\Creator\3.8.7\resources\resources\3d\engine\bin\.cache\dev\editor\bundled\index.js:121191:18)
    at eval (C:\ProgramData\cocos\editors\Creator\3.8.7\resources\resources\3d\engine\bin\.cache\dev\editor\bundled\index.js:121443:85)
    at Array.map (<anonymous>)
    at new ExoticTrsAnimationEvaluator (C:\ProgramData\cocos\editors\Creator\3.8.7\resources\resources\3d\engine\bin\.cache\dev\editor\bundled\index.js:121443:50)
    at ExoticAnimation.createEvaluator (C:\ProgramData\cocos\editors\Creator\3.8.7\resources\resources\3d\engine\bin\.cache\dev\editor\bundled\index.js:121139:18)
    at AnimationClip._createEvalWithBinder (C:\ProgramData\cocos\editors\Creator\3.8.7\resources\resources\3d\engine\bin\.cache\dev\editor\bundled\index.js:8460:62)
    at AnimationClip.createEvaluator (C:\ProgramData\cocos\editors\Creator\3.8.7\resources\resources\3d\engine\bin\.cache\dev\editor\bundled\index.js:8076:23)
    at SkeletalAnimationState.initialize (C:\ProgramData\cocos\editors\Creator\3.8.7\resources\resources\3d\engine\bin\.cache\dev\editor\bundled\index.js:10001:35)
    at SkeletalAnimationState.initialize (C:\ProgramData\cocos\editors\Creator\3.8.7\resources\resources\3d\engine\bin\.cache\dev\editor\bundled\index.js:117846:17)
    at SkeletalAnimation._doCreateState (C:\ProgramData\cocos\editors\Creator\3.8.7\resources\resources\3d\engine\bin\.cache\dev\editor\bundled\index.js:7590:19)
    at SkeletalAnimation._doCreateState (C:\ProgramData\cocos\editors\Creator\3.8.7\resources\resources\3d\engine\bin\.cache\dev\editor\bundled\index.js:118324:31)
    at SkeletalAnimation.createState (C:\ProgramData\cocos\editors\Creator\3.8.7\resources\resources\3d\engine\bin\.cache\dev\editor\bundled\index.js:7432:23)
    at eval (C:\ProgramData\cocos\editors\Creator\3.8.7\resources\resources\3d\engine\bin\.cache\dev\editor\bundled\index.js:7274:20)
    at Array.forEach (<anonymous>)
    at SkeletalAnimation.set clips [as clips] (C:\ProgramData\cocos\editors\Creator\3.8.7\resources\resources\3d\engine\bin\.cache\dev\editor\bundled\index.js:7272:17)
    at SkeletalAnimation.onLoad (C:\ProgramData\cocos\editors\Creator\3.8.7\resources\resources\3d\engine\bin\.cache\dev\editor\bundled\index.js:7312:22)
    at SkeletalAnimation.onLoad (C:\ProgramData\cocos\editors\Creator\3.8.7\resources\resources\3d\engine\bin\.cache\dev\editor\bundled\index.js:118149:17)
    at eval (C:\ProgramData\cocos\editors\Creator\3.8.7\resources\resources\3d\engine\bin\.cache\dev\editor\bundled\index.js:48429:132)
    at OneOffInvoker.eval [as _invoke] (C:\ProgramData\cocos\editors\Creator\3.8.7\resources\resources\3d\engine\bin\.cache\dev\editor\bundled\index.js:46343:9)
    at OneOffInvoker.invoke (C:\ProgramData\cocos\editors\Creator\3.8.7\resources\resources\3d\engine\bin\.cache\dev\editor\bundled\index.js:46462:18)
    at NodeActivator.activateNode (C:\ProgramData\cocos\editors\Creator\3.8.7\resources\resources\3d\engine\bin\.cache\dev\editor\bundled\index.js:48480:27)
    at Scene._activate (C:\ProgramData\cocos\editors\Creator\3.8.7\resources\resources\3d\engine\bin\.cache\dev\editor\bundled\index.js:56317:44)
    at Director.runSceneImmediate (C:\ProgramData\cocos\editors\Creator\3.8.7\resources\resources\3d\engine\bin\.cache\dev\editor\bundled\index.js:88394:17)
    at C:\ProgramData\cocos\editors\Creator\3.8.7\resources\app.asar\builtin\scene\dist\script\3d\manager\scene\utils.ccc:1:381
    at eval (C:\ProgramData\cocos\editors\Creator\3.8.7\resources\resources\3d\engine\bin\.cache\dev\editor\bundled\index.js:135368:9)
    at eval (C:\ProgramData\cocos\editors\Creator\3.8.7\resources\resources\3d\engine\bin\.cache\dev\editor\bundled\index.js:169410:9)
    at sentryWrapped (C:\ProgramData\cocos\editors\Creator\3.8.7\resources\app.asar\node_modules\@sentry\browser\src\helpers.ts:116:17)
2026-6-12 11:39:02 - warn: [Scene] Previous error occurred when instantiating animation clip idle on node Role_0.Error: [Scene] Previous error occurred when instantiating animation clip idle on node Role_0.
    at console.warn (C:\ProgramData\cocos\editors\Creator\3.8.7\resources\app.asar\node_modules\@sentry\core\src\utils-hoist\instrument\console.ts:40:14)
    at warn (C:\ProgramData\cocos\editors\Creator\3.8.7\resources\resources\3d\engine\bin\.cache\dev\editor\bundled\index.js:165229:12)
    at warnID (C:\ProgramData\cocos\editors\Creator\3.8.7\resources\resources\3d\engine\bin\.cache\dev\editor\bundled\index.js:165417:5)
    at binder (C:\ProgramData\cocos\editors\Creator\3.8.7\resources\resources\3d\engine\bin\.cache\dev\editor\bundled\index.js:8072:15)
    at createExoticTrackEvaluationRecord (C:\ProgramData\cocos\editors\Creator\3.8.7\resources\resources\3d\engine\bin\.cache\dev\editor\bundled\index.js:121093:28)
    at new ExoticNodeAnimationEvaluator (C:\ProgramData\cocos\editors\Creator\3.8.7\resources\resources\3d\engine\bin\.cache\dev\editor\bundled\index.js:121457:30)
    at ExoticNodeAnimation.createEvaluator (C:\ProgramData\cocos\editors\Creator\3.8.7\resources\resources\3d\engine\bin\.cache\dev\editor\bundled\index.js:121191:18)
    at eval (C:\ProgramData\cocos\editors\Creator\3.8.7\resources\resources\3d\engine\bin\.cache\dev\editor\bundled\index.js:121443:85)
    at Array.map (<anonymous>)
    at new ExoticTrsAnimationEvaluator (C:\ProgramData\cocos\editors\Creator\3.8.7\resources\resources\3d\engine\bin\.cache\dev\editor\bundled\index.js:121443:50)
    at ExoticAnimation.createEvaluator (C:\ProgramData\cocos\editors\Creator\3.8.7\resources\resources\3d\engine\bin\.cache\dev\editor\bundled\index.js:121139:18)
    at AnimationClip._createEvalWithBinder (C:\ProgramData\cocos\editors\Creator\3.8.7\resources\resources\3d\engine\bin\.cache\dev\editor\bundled\index.js:8460:62)
    at AnimationClip.createEvaluator (C:\ProgramData\cocos\editors\Creator\3.8.7\resources\resources\3d\engine\bin\.cache\dev\editor\bundled\index.js:8076:23)
    at SkeletalAnimationState.initialize (C:\ProgramData\cocos\editors\Creator\3.8.7\resources\resources\3d\engine\bin\.cache\dev\editor\bundled\index.js:10001:35)
    at SkeletalAnimationState.initialize (C:\ProgramData\cocos\editors\Creator\3.8.7\resources\resources\3d\engine\bin\.cache\dev\editor\bundled\index.js:117846:17)
    at SkeletalAnimation._doCreateState (C:\ProgramData\cocos\editors\Creator\3.8.7\resources\resources\3d\engine\bin\.cache\dev\editor\bundled\index.js:7590:19)
    at SkeletalAnimation._doCreateState (C:\ProgramData\cocos\editors\Creator\3.8.7\resources\resources\3d\engine\bin\.cache\dev\editor\bundled\index.js:118324:31)
    at SkeletalAnimation.createState (C:\ProgramData\cocos\editors\Creator\3.8.7\resources\resources\3d\engine\bin\.cache\dev\editor\bundled\index.js:7432:23)
    at eval (C:\ProgramData\cocos\editors\Creator\3.8.7\resources\resources\3d\engine\bin\.cache\dev\editor\bundled\index.js:7274:20)
    at Array.forEach (<anonymous>)
    at SkeletalAnimation.set clips [as clips] (C:\ProgramData\cocos\editors\Creator\3.8.7\resources\resources\3d\engine\bin\.cache\dev\editor\bundled\index.js:7272:17)
    at SkeletalAnimation.onLoad (C:\ProgramData\cocos\editors\Creator\3.8.7\resources\resources\3d\engine\bin\.cache\dev\editor\bundled\index.js:7312:22)
    at SkeletalAnimation.onLoad (C:\ProgramData\cocos\editors\Creator\3.8.7\resources\resources\3d\engine\bin\.cache\dev\editor\bundled\index.js:118149:17)
    at eval (C:\ProgramData\cocos\editors\Creator\3.8.7\resources\resources\3d\engine\bin\.cache\dev\editor\bundled\index.js:48429:132)
    at OneOffInvoker.eval [as _invoke] (C:\ProgramData\cocos\editors\Creator\3.8.7\resources\resources\3d\engine\bin\.cache\dev\editor\bundled\index.js:46343:9)
    at OneOffInvoker.invoke (C:\ProgramData\cocos\editors\Creator\3.8.7\resources\resources\3d\engine\bin\.cache\dev\editor\bundled\index.js:46462:18)
    at NodeActivator.activateNode (C:\ProgramData\cocos\editors\Creator\3.8.7\resources\resources\3d\engine\bin\.cache\dev\editor\bundled\index.js:48480:27)
    at Scene._activate (C:\ProgramData\cocos\editors\Creator\3.8.7\resources\resources\3d\engine\bin\.cache\dev\editor\bundled\index.js:56317:44)
    at Director.runSceneImmediate (C:\ProgramData\cocos\editors\Creator\3.8.7\resources\resources\3d\engine\bin\.cache\dev\editor\bundled\index.js:88394:17)
    at C:\ProgramData\cocos\editors\Creator\3.8.7\resources\app.asar\builtin\scene\dist\script\3d\manager\scene\utils.ccc:1:381
    at eval (C:\ProgramData\cocos\editors\Creator\3.8.7\resources\resources\3d\engine\bin\.cache\dev\editor\bundled\index.js:135368:9)
    at eval (C:\ProgramData\cocos\editors\Creator\3.8.7\resources\resources\3d\engine\bin\.cache\dev\editor\bundled\index.js:169410:9)
    at sentryWrapped (C:\ProgramData\cocos\editors\Creator\3.8.7\resources\app.asar\node_modules\@sentry\browser\src\helpers.ts:116:17)
2026-6-12 11:39:02 - warn: [Scene] Node "Role_0" has no path "Bip001 Prop1 Socket/AK".Error: [Scene] Node "Role_0" has no path "Bip001 Prop1 Socket/AK".
    at console.warn (C:\ProgramData\cocos\editors\Creator\3.8.7\resources\app.asar\node_modules\@sentry\core\src\utils-hoist\instrument\console.ts:40:14)
    at warn (C:\ProgramData\cocos\editors\Creator\3.8.7\resources\resources\3d\engine\bin\.cache\dev\editor\bundled\index.js:165229:12)
    at warnID (C:\ProgramData\cocos\editors\Creator\3.8.7\resources\resources\3d\engine\bin\.cache\dev\editor\bundled\index.js:165417:5)
    at HierarchyPath.get (C:\ProgramData\cocos\editors\Creator\3.8.7\resources\resources\3d\engine\bin\.cache\dev\editor\bundled\index.js:12248:13)
    at TrackPath.[NormalizedFollow] (C:\ProgramData\cocos\editors\Creator\3.8.7\resources\resources\3d\engine\bin\.cache\dev\editor\bundled\index.js:125941:29)
    at TrackBinding.createRuntimeBinding (C:\ProgramData\cocos\editors\Creator\3.8.7\resources\resources\3d\engine\bin\.cache\dev\editor\bundled\index.js:125978:59)
    at binder (C:\ProgramData\cocos\editors\Creator\3.8.7\resources\resources\3d\engine\bin\.cache\dev\editor\bundled\index.js:8066:41)
    at createExoticTrackEvaluationRecord (C:\ProgramData\cocos\editors\Creator\3.8.7\resources\resources\3d\engine\bin\.cache\dev\editor\bundled\index.js:121093:28)
    at new ExoticNodeAnimationEvaluator (C:\ProgramData\cocos\editors\Creator\3.8.7\resources\resources\3d\engine\bin\.cache\dev\editor\bundled\index.js:121460:30)
    at ExoticNodeAnimation.createEvaluator (C:\ProgramData\cocos\editors\Creator\3.8.7\resources\resources\3d\engine\bin\.cache\dev\editor\bundled\index.js:121191:18)
    at eval (C:\ProgramData\cocos\editors\Creator\3.8.7\resources\resources\3d\engine\bin\.cache\dev\editor\bundled\index.js:121443:85)
    at Array.map (<anonymous>)
    at new ExoticTrsAnimationEvaluator (C:\ProgramData\cocos\editors\Creator\3.8.7\resources\resources\3d\engine\bin\.cache\dev\editor\bundled\index.js:121443:50)
    at ExoticAnimation.createEvaluator (C:\ProgramData\cocos\editors\Creator\3.8.7\resources\resources\3d\engine\bin\.cache\dev\editor\bundled\index.js:121139:18)
    at AnimationClip._createEvalWithBinder (C:\ProgramData\cocos\editors\Creator\3.8.7\resources\resources\3d\engine\bin\.cache\dev\editor\bundled\index.js:8460:62)
    at AnimationClip.createEvaluator (C:\ProgramData\cocos\editors\Creator\3.8.7\resources\resources\3d\engine\bin\.cache\dev\editor\bundled\index.js:8076:23)
    at SkeletalAnimationState.initialize (C:\ProgramData\cocos\editors\Creator\3.8.7\resources\resources\3d\engine\bin\.cache\dev\editor\bundled\index.js:10001:35)
    at SkeletalAnimationState.initialize (C:\ProgramData\cocos\editors\Creator\3.8.7\resources\resources\3d\engine\bin\.cache\dev\editor\bundled\index.js:117846:17)
    at SkeletalAnimation._doCreateState (C:\ProgramData\cocos\editors\Creator\3.8.7\resources\resources\3d\engine\bin\.cache\dev\editor\bundled\index.js:7590:19)
    at SkeletalAnimation._doCreateState (C:\ProgramData\cocos\editors\Creator\3.8.7\resources\resources\3d\engine\bin\.cache\dev\editor\bundled\index.js:118324:31)
    at SkeletalAnimation.createState (C:\ProgramData\cocos\editors\Creator\3.8.7\resources\resources\3d\engine\bin\.cache\dev\editor\bundled\index.js:7432:23)
    at eval (C:\ProgramData\cocos\editors\Creator\3.8.7\resources\resources\3d\engine\bin\.cache\dev\editor\bundled\index.js:7274:20)
    at Array.forEach (<anonymous>)
    at SkeletalAnimation.set clips [as clips] (C:\ProgramData\cocos\editors\Creator\3.8.7\resources\resources\3d\engine\bin\.cache\dev\editor\bundled\index.js:7272:17)
    at SkeletalAnimation.onLoad (C:\ProgramData\cocos\editors\Creator\3.8.7\resources\resources\3d\engine\bin\.cache\dev\editor\bundled\index.js:7312:22)
    at SkeletalAnimation.onLoad (C:\ProgramData\cocos\editors\Creator\3.8.7\resources\resources\3d\engine\bin\.cache\dev\editor\bundled\index.js:118149:17)
    at eval (C:\ProgramData\cocos\editors\Creator\3.8.7\resources\resources\3d\engine\bin\.cache\dev\editor\bundled\index.js:48429:132)
    at OneOffInvoker.eval [as _invoke] (C:\ProgramData\cocos\editors\Creator\3.8.7\resources\resources\3d\engine\bin\.cache\dev\editor\bundled\index.js:46343:9)
    at OneOffInvoker.invoke (C:\ProgramData\cocos\editors\Creator\3.8.7\resources\resources\3d\engine\bin\.cache\dev\editor\bundled\index.js:46462:18)
    at NodeActivator.activateNode (C:\ProgramData\cocos\editors\Creator\3.8.7\resources\resources\3d\engine\bin\.cache\dev\editor\bundled\index.js:48480:27)
    at Scene._activate (C:\ProgramData\cocos\editors\Creator\3.8.7\resources\resources\3d\engine\bin\.cache\dev\editor\bundled\index.js:56317:44)
    at Director.runSceneImmediate (C:\ProgramData\cocos\editors\Creator\3.8.7\resources\resources\3d\engine\bin\.cache\dev\editor\bundled\index.js:88394:17)
    at C:\ProgramData\cocos\editors\Creator\3.8.7\resources\app.asar\builtin\scene\dist\script\3d\manager\scene\utils.ccc:1:381
    at eval (C:\ProgramData\cocos\editors\Creator\3.8.7\resources\resources\3d\engine\bin\.cache\dev\editor\bundled\index.js:135368:9)
    at eval (C:\ProgramData\cocos\editors\Creator\3.8.7\resources\resources\3d\engine\bin\.cache\dev\editor\bundled\index.js:169410:9)
    at sentryWrapped (C:\ProgramData\cocos\editors\Creator\3.8.7\resources\app.asar\node_modules\@sentry\browser\src\helpers.ts:116:17)
2026-6-12 11:39:02 - warn: [Scene] Previous error occurred when instantiating animation clip idle on node Role_0.Error: [Scene] Previous error occurred when instantiating animation clip idle on node Role_0.
    at console.warn (C:\ProgramData\cocos\editors\Creator\3.8.7\resources\app.asar\node_modules\@sentry\core\src\utils-hoist\instrument\console.ts:40:14)
    at warn (C:\ProgramData\cocos\editors\Creator\3.8.7\resources\resources\3d\engine\bin\.cache\dev\editor\bundled\index.js:165229:12)
    at warnID (C:\ProgramData\cocos\editors\Creator\3.8.7\resources\resources\3d\engine\bin\.cache\dev\editor\bundled\index.js:165417:5)
    at binder (C:\ProgramData\cocos\editors\Creator\3.8.7\resources\resources\3d\engine\bin\.cache\dev\editor\bundled\index.js:8072:15)
    at createExoticTrackEvaluationRecord (C:\ProgramData\cocos\editors\Creator\3.8.7\resources\resources\3d\engine\bin\.cache\dev\editor\bundled\index.js:121093:28)
    at new ExoticNodeAnimationEvaluator (C:\ProgramData\cocos\editors\Creator\3.8.7\resources\resources\3d\engine\bin\.cache\dev\editor\bundled\index.js:121460:30)
    at ExoticNodeAnimation.createEvaluator (C:\ProgramData\cocos\editors\Creator\3.8.7\resources\resources\3d\engine\bin\.cache\dev\editor\bundled\index.js:121191:18)
    at eval (C:\ProgramData\cocos\editors\Creator\3.8.7\resources\resources\3d\engine\bin\.cache\dev\editor\bundled\index.js:121443:85)
    at Array.map (<anonymous>)
    at new ExoticTrsAnimationEvaluator (C:\ProgramData\cocos\editors\Creator\3.8.7\resources\resources\3d\engine\bin\.cache\dev\editor\bundled\index.js:121443:50)
    at ExoticAnimation.createEvaluator (C:\ProgramData\cocos\editors\Creator\3.8.7\resources\resources\3d\engine\bin\.cache\dev\editor\bundled\index.js:121139:18)
    at AnimationClip._createEvalWithBinder (C:\ProgramData\cocos\editors\Creator\3.8.7\resources\resources\3d\engine\bin\.cache\dev\editor\bundled\index.js:8460:62)
    at AnimationClip.createEvaluator (C:\ProgramData\cocos\editors\Creator\3.8.7\resources\resources\3d\engine\bin\.cache\dev\editor\bundled\index.js:8076:23)
    at SkeletalAnimationState.initialize (C:\ProgramData\cocos\editors\Creator\3.8.7\resources\resources\3d\engine\bin\.cache\dev\editor\bundled\index.js:10001:35)
    at SkeletalAnimationState.initialize (C:\ProgramData\cocos\editors\Creator\3.8.7\resources\resources\3d\engine\bin\.cache\dev\editor\bundled\index.js:117846:17)
    at SkeletalAnimation._doCreateState (C:\ProgramData\cocos\editors\Creator\3.8.7\resources\resources\3d\engine\bin\.cache\dev\editor\bundled\index.js:7590:19)
    at SkeletalAnimation._doCreateState (C:\ProgramData\cocos\editors\Creator\3.8.7\resources\resources\3d\engine\bin\.cache\dev\editor\bundled\index.js:118324:31)
    at SkeletalAnimation.createState (C:\ProgramData\cocos\editors\Creator\3.8.7\resources\resources\3d\engine\bin\.cache\dev\editor\bundled\index.js:7432:23)
    at eval (C:\ProgramData\cocos\editors\Creator\3.8.7\resources\resources\3d\engine\bin\.cache\dev\editor\bundled\index.js:7274:20)
    at Array.forEach (<anonymous>)
    at SkeletalAnimation.set clips [as clips] (C:\ProgramData\cocos\editors\Creator\3.8.7\resources\resources\3d\engine\bin\.cache\dev\editor\bundled\index.js:7272:17)
    at SkeletalAnimation.onLoad (C:\ProgramData\cocos\editors\Creator\3.8.7\resources\resources\3d\engine\bin\.cache\dev\editor\bundled\index.js:7312:22)
    at SkeletalAnimation.onLoad (C:\ProgramData\cocos\editors\Creator\3.8.7\resources\resources\3d\engine\bin\.cache\dev\editor\bundled\index.js:118149:17)
    at eval (C:\ProgramData\cocos\editors\Creator\3.8.7\resources\resources\3d\engine\bin\.cache\dev\editor\bundled\index.js:48429:132)
    at OneOffInvoker.eval [as _invoke] (C:\ProgramData\cocos\editors\Creator\3.8.7\resources\resources\3d\engine\bin\.cache\dev\editor\bundled\index.js:46343:9)
    at OneOffInvoker.invoke (C:\ProgramData\cocos\editors\Creator\3.8.7\resources\resources\3d\engine\bin\.cache\dev\editor\bundled\index.js:46462:18)
    at NodeActivator.activateNode (C:\ProgramData\cocos\editors\Creator\3.8.7\resources\resources\3d\engine\bin\.cache\dev\editor\bundled\index.js:48480:27)
    at Scene._activate (C:\ProgramData\cocos\editors\Creator\3.8.7\resources\resources\3d\engine\bin\.cache\dev\editor\bundled\index.js:56317:44)
    at Director.runSceneImmediate (C:\ProgramData\cocos\editors\Creator\3.8.7\resources\resources\3d\engine\bin\.cache\dev\editor\bundled\index.js:88394:17)
    at C:\ProgramData\cocos\editors\Creator\3.8.7\resources\app.asar\builtin\scene\dist\script\3d\manager\scene\utils.ccc:1:381
    at eval (C:\ProgramData\cocos\editors\Creator\3.8.7\resources\resources\3d\engine\bin\.cache\dev\editor\bundled\index.js:135368:9)
    at eval (C:\ProgramData\cocos\editors\Creator\3.8.7\resources\resources\3d\engine\bin\.cache\dev\editor\bundled\index.js:169410:9)
    at sentryWrapped (C:\ProgramData\cocos\editors\Creator\3.8.7\resources\app.asar\node_modules\@sentry\browser\src\helpers.ts:116:17)
2026-6-12 11:39:02 - warn: [Scene] Node "Role_0" has no path "Bip001 Prop1 Socket/AK".Error: [Scene] Node "Role_0" has no path "Bip001 Prop1 Socket/AK".
    at console.warn (C:\ProgramData\cocos\editors\Creator\3.8.7\resources\app.asar\node_modules\@sentry\core\src\utils-hoist\instrument\console.ts:40:14)
    at warn (C:\ProgramData\cocos\editors\Creator\3.8.7\resources\resources\3d\engine\bin\.cache\dev\editor\bundled\index.js:165229:12)
    at warnID (C:\ProgramData\cocos\editors\Creator\3.8.7\resources\resources\3d\engine\bin\.cache\dev\editor\bundled\index.js:165417:5)
    at HierarchyPath.get (C:\ProgramData\cocos\editors\Creator\3.8.7\resources\resources\3d\engine\bin\.cache\dev\editor\bundled\index.js:12248:13)
    at TrackPath.[NormalizedFollow] (C:\ProgramData\cocos\editors\Creator\3.8.7\resources\resources\3d\engine\bin\.cache\dev\editor\bundled\index.js:125941:29)
    at TrackBinding.createRuntimeBinding (C:\ProgramData\cocos\editors\Creator\3.8.7\resources\resources\3d\engine\bin\.cache\dev\editor\bundled\index.js:125978:59)
    at binder (C:\ProgramData\cocos\editors\Creator\3.8.7\resources\resources\3d\engine\bin\.cache\dev\editor\bundled\index.js:8066:41)
    at createExoticTrackEvaluationRecord (C:\ProgramData\cocos\editors\Creator\3.8.7\resources\resources\3d\engine\bin\.cache\dev\editor\bundled\index.js:121093:28)
    at new ExoticNodeAnimationEvaluator (C:\ProgramData\cocos\editors\Creator\3.8.7\resources\resources\3d\engine\bin\.cache\dev\editor\bundled\index.js:121463:27)
    at ExoticNodeAnimation.createEvaluator (C:\ProgramData\cocos\editors\Creator\3.8.7\resources\resources\3d\engine\bin\.cache\dev\editor\bundled\index.js:121191:18)
    at eval (C:\ProgramData\cocos\editors\Creator\3.8.7\resources\resources\3d\engine\bin\.cache\dev\editor\bundled\index.js:121443:85)
    at Array.map (<anonymous>)
    at new ExoticTrsAnimationEvaluator (C:\ProgramData\cocos\editors\Creator\3.8.7\resources\resources\3d\engine\bin\.cache\dev\editor\bundled\index.js:121443:50)
    at ExoticAnimation.createEvaluator (C:\ProgramData\cocos\editors\Creator\3.8.7\resources\resources\3d\engine\bin\.cache\dev\editor\bundled\index.js:121139:18)
    at AnimationClip._createEvalWithBinder (C:\ProgramData\cocos\editors\Creator\3.8.7\resources\resources\3d\engine\bin\.cache\dev\editor\bundled\index.js:8460:62)
    at AnimationClip.createEvaluator (C:\ProgramData\cocos\editors\Creator\3.8.7\resources\resources\3d\engine\bin\.cache\dev\editor\bundled\index.js:8076:23)
    at SkeletalAnimationState.initialize (C:\ProgramData\cocos\editors\Creator\3.8.7\resources\resources\3d\engine\bin\.cache\dev\editor\bundled\index.js:10001:35)
    at SkeletalAnimationState.initialize (C:\ProgramData\cocos\editors\Creator\3.8.7\resources\resources\3d\engine\bin\.cache\dev\editor\bundled\index.js:117846:17)
    at SkeletalAnimation._doCreateState (C:\ProgramData\cocos\editors\Creator\3.8.7\resources\resources\3d\engine\bin\.cache\dev\editor\bundled\index.js:7590:19)
    at SkeletalAnimation._doCreateState (C:\ProgramData\cocos\editors\Creator\3.8.7\resources\resources\3d\engine\bin\.cache\dev\editor\bundled\index.js:118324:31)
    at SkeletalAnimation.createState (C:\ProgramData\cocos\editors\Creator\3.8.7\resources\resources\3d\engine\bin\.cache\dev\editor\bundled\index.js:7432:23)
    at eval (C:\ProgramData\cocos\editors\Creator\3.8.7\resources\resources\3d\engine\bin\.cache\dev\editor\bundled\index.js:7274:20)
    at Array.forEach (<anonymous>)
    at SkeletalAnimation.set clips [as clips] (C:\ProgramData\cocos\editors\Creator\3.8.7\resources\resources\3d\engine\bin\.cache\dev\editor\bundled\index.js:7272:17)
    at SkeletalAnimation.onLoad (C:\ProgramData\cocos\editors\Creator\3.8.7\resources\resources\3d\engine\bin\.cache\dev\editor\bundled\index.js:7312:22)
    at SkeletalAnimation.onLoad (C:\ProgramData\cocos\editors\Creator\3.8.7\resources\resources\3d\engine\bin\.cache\dev\editor\bundled\index.js:118149:17)
    at eval (C:\ProgramData\cocos\editors\Creator\3.8.7\resources\resources\3d\engine\bin\.cache\dev\editor\bundled\index.js:48429:132)
    at OneOffInvoker.eval [as _invoke] (C:\ProgramData\cocos\editors\Creator\3.8.7\resources\resources\3d\engine\bin\.cache\dev\editor\bundled\index.js:46343:9)
    at OneOffInvoker.invoke (C:\ProgramData\cocos\editors\Creator\3.8.7\resources\resources\3d\engine\bin\.cache\dev\editor\bundled\index.js:46462:18)
    at NodeActivator.activateNode (C:\ProgramData\cocos\editors\Creator\3.8.7\resources\resources\3d\engine\bin\.cache\dev\editor\bundled\index.js:48480:27)
    at Scene._activate (C:\ProgramData\cocos\editors\Creator\3.8.7\resources\resources\3d\engine\bin\.cache\dev\editor\bundled\index.js:56317:44)
    at Director.runSceneImmediate (C:\ProgramData\cocos\editors\Creator\3.8.7\resources\resources\3d\engine\bin\.cache\dev\editor\bundled\index.js:88394:17)
    at C:\ProgramData\cocos\editors\Creator\3.8.7\resources\app.asar\builtin\scene\dist\script\3d\manager\scene\utils.ccc:1:381
    at eval (C:\ProgramData\cocos\editors\Creator\3.8.7\resources\resources\3d\engine\bin\.cache\dev\editor\bundled\index.js:135368:9)
    at eval (C:\ProgramData\cocos\editors\Creator\3.8.7\resources\resources\3d\engine\bin\.cache\dev\editor\bundled\index.js:169410:9)
    at sentryWrapped (C:\ProgramData\cocos\editors\Creator\3.8.7\resources\app.asar\node_modules\@sentry\browser\src\helpers.ts:116:17)
2026-6-12 11:39:02 - warn: [Scene] Previous error occurred when instantiating animation clip idle on node Role_0.Error: [Scene] Previous error occurred when instantiating animation clip idle on node Role_0.
    at console.warn (C:\ProgramData\cocos\editors\Creator\3.8.7\resources\app.asar\node_modules\@sentry\core\src\utils-hoist\instrument\console.ts:40:14)
    at warn (C:\ProgramData\cocos\editors\Creator\3.8.7\resources\resources\3d\engine\bin\.cache\dev\editor\bundled\index.js:165229:12)
    at warnID (C:\ProgramData\cocos\editors\Creator\3.8.7\resources\resources\3d\engine\bin\.cache\dev\editor\bundled\index.js:165417:5)
    at binder (C:\ProgramData\cocos\editors\Creator\3.8.7\resources\resources\3d\engine\bin\.cache\dev\editor\bundled\index.js:8072:15)
    at createExoticTrackEvaluationRecord (C:\ProgramData\cocos\editors\Creator\3.8.7\resources\resources\3d\engine\bin\.cache\dev\editor\bundled\index.js:121093:28)
    at new ExoticNodeAnimationEvaluator (C:\ProgramData\cocos\editors\Creator\3.8.7\resources\resources\3d\engine\bin\.cache\dev\editor\bundled\index.js:121463:27)
    at ExoticNodeAnimation.createEvaluator (C:\ProgramData\cocos\editors\Creator\3.8.7\resources\resources\3d\engine\bin\.cache\dev\editor\bundled\index.js:121191:18)
    at eval (C:\ProgramData\cocos\editors\Creator\3.8.7\resources\resources\3d\engine\bin\.cache\dev\editor\bundled\index.js:121443:85)
    at Array.map (<anonymous>)
    at new ExoticTrsAnimationEvaluator (C:\ProgramData\cocos\editors\Creator\3.8.7\resources\resources\3d\engine\bin\.cache\dev\editor\bundled\index.js:121443:50)
    at ExoticAnimation.createEvaluator (C:\ProgramData\cocos\editors\Creator\3.8.7\resources\resources\3d\engine\bin\.cache\dev\editor\bundled\index.js:121139:18)
    at AnimationClip._createEvalWithBinder (C:\ProgramData\cocos\editors\Creator\3.8.7\resources\resources\3d\engine\bin\.cache\dev\editor\bundled\index.js:8460:62)
    at AnimationClip.createEvaluator (C:\ProgramData\cocos\editors\Creator\3.8.7\resources\resources\3d\engine\bin\.cache\dev\editor\bundled\index.js:8076:23)
    at SkeletalAnimationState.initialize (C:\ProgramData\cocos\editors\Creator\3.8.7\resources\resources\3d\engine\bin\.cache\dev\editor\bundled\index.js:10001:35)
    at SkeletalAnimationState.initialize (C:\ProgramData\cocos\editors\Creator\3.8.7\resources\resources\3d\engine\bin\.cache\dev\editor\bundled\index.js:117846:17)
    at SkeletalAnimation._doCreateState (C:\ProgramData\cocos\editors\Creator\3.8.7\resources\resources\3d\engine\bin\.cache\dev\editor\bundled\index.js:7590:19)
    at SkeletalAnimation._doCreateState (C:\ProgramData\cocos\editors\Creator\3.8.7\resources\resources\3d\engine\bin\.cache\dev\editor\bundled\index.js:118324:31)
    at SkeletalAnimation.createState (C:\ProgramData\cocos\editors\Creator\3.8.7\resources\resources\3d\engine\bin\.cache\dev\editor\bundled\index.js:7432:23)
    at eval (C:\ProgramData\cocos\editors\Creator\3.8.7\resources\resources\3d\engine\bin\.cache\dev\editor\bundled\index.js:7274:20)
    at Array.forEach (<anonymous>)
    at SkeletalAnimation.set clips [as clips] (C:\ProgramData\cocos\editors\Creator\3.8.7\resources\resources\3d\engine\bin\.cache\dev\editor\bundled\index.js:7272:17)
    at SkeletalAnimation.onLoad (C:\ProgramData\cocos\editors\Creator\3.8.7\resources\resources\3d\engine\bin\.cache\dev\editor\bundled\index.js:7312:22)
    at SkeletalAnimation.onLoad (C:\ProgramData\cocos\editors\Creator\3.8.7\resources\resources\3d\engine\bin\.cache\dev\editor\bundled\index.js:118149:17)
    at eval (C:\ProgramData\cocos\editors\Creator\3.8.7\resources\resources\3d\engine\bin\.cache\dev\editor\bundled\index.js:48429:132)
    at OneOffInvoker.eval [as _invoke] (C:\ProgramData\cocos\editors\Creator\3.8.7\resources\resources\3d\engine\bin\.cache\dev\editor\bundled\index.js:46343:9)
    at OneOffInvoker.invoke (C:\ProgramData\cocos\editors\Creator\3.8.7\resources\resources\3d\engine\bin\.cache\dev\editor\bundled\index.js:46462:18)
    at NodeActivator.activateNode (C:\ProgramData\cocos\editors\Creator\3.8.7\resources\resources\3d\engine\bin\.cache\dev\editor\bundled\index.js:48480:27)
    at Scene._activate (C:\ProgramData\cocos\editors\Creator\3.8.7\resources\resources\3d\engine\bin\.cache\dev\editor\bundled\index.js:56317:44)
    at Director.runSceneImmediate (C:\ProgramData\cocos\editors\Creator\3.8.7\resources\resources\3d\engine\bin\.cache\dev\editor\bundled\index.js:88394:17)
    at C:\ProgramData\cocos\editors\Creator\3.8.7\resources\app.asar\builtin\scene\dist\script\3d\manager\scene\utils.ccc:1:381
    at eval (C:\ProgramData\cocos\editors\Creator\3.8.7\resources\resources\3d\engine\bin\.cache\dev\editor\bundled\index.js:135368:9)
    at eval (C:\ProgramData\cocos\editors\Creator\3.8.7\resources\resources\3d\engine\bin\.cache\dev\editor\bundled\index.js:169410:9)
    at sentryWrapped (C:\ProgramData\cocos\editors\Creator\3.8.7\resources\app.asar\node_modules\@sentry\browser\src\helpers.ts:116:17)
2026-6-12 11:39:02 - warn: [Scene] Node "Role_0" has no path "Bip001/Bip001 Footsteps".Error: [Scene] Node "Role_0" has no path "Bip001/Bip001 Footsteps".
    at console.warn (C:\ProgramData\cocos\editors\Creator\3.8.7\resources\app.asar\node_modules\@sentry\core\src\utils-hoist\instrument\console.ts:40:14)
    at warn (C:\ProgramData\cocos\editors\Creator\3.8.7\resources\resources\3d\engine\bin\.cache\dev\editor\bundled\index.js:165229:12)
    at warnID (C:\ProgramData\cocos\editors\Creator\3.8.7\resources\resources\3d\engine\bin\.cache\dev\editor\bundled\index.js:165417:5)
    at HierarchyPath.get (C:\ProgramData\cocos\editors\Creator\3.8.7\resources\resources\3d\engine\bin\.cache\dev\editor\bundled\index.js:12248:13)
    at TrackPath.[NormalizedFollow] (C:\ProgramData\cocos\editors\Creator\3.8.7\resources\resources\3d\engine\bin\.cache\dev\editor\bundled\index.js:125941:29)
    at TrackBinding.createRuntimeBinding (C:\ProgramData\cocos\editors\Creator\3.8.7\resources\resources\3d\engine\bin\.cache\dev\editor\bundled\index.js:125978:59)
    at binder (C:\ProgramData\cocos\editors\Creator\3.8.7\resources\resources\3d\engine\bin\.cache\dev\editor\bundled\index.js:8066:41)
    at createExoticTrackEvaluationRecord (C:\ProgramData\cocos\editors\Creator\3.8.7\resources\resources\3d\engine\bin\.cache\dev\editor\bundled\index.js:121093:28)
    at new ExoticNodeAnimationEvaluator (C:\ProgramData\cocos\editors\Creator\3.8.7\resources\resources\3d\engine\bin\.cache\dev\editor\bundled\index.js:121457:30)
    at ExoticNodeAnimation.createEvaluator (C:\ProgramData\cocos\editors\Creator\3.8.7\resources\resources\3d\engine\bin\.cache\dev\editor\bundled\index.js:121191:18)
    at eval (C:\ProgramData\cocos\editors\Creator\3.8.7\resources\resources\3d\engine\bin\.cache\dev\editor\bundled\index.js:121443:85)
    at Array.map (<anonymous>)
    at new ExoticTrsAnimationEvaluator (C:\ProgramData\cocos\editors\Creator\3.8.7\resources\resources\3d\engine\bin\.cache\dev\editor\bundled\index.js:121443:50)
    at ExoticAnimation.createEvaluator (C:\ProgramData\cocos\editors\Creator\3.8.7\resources\resources\3d\engine\bin\.cache\dev\editor\bundled\index.js:121139:18)
    at AnimationClip._createEvalWithBinder (C:\ProgramData\cocos\editors\Creator\3.8.7\resources\resources\3d\engine\bin\.cache\dev\editor\bundled\index.js:8460:62)
    at AnimationClip.createEvaluator (C:\ProgramData\cocos\editors\Creator\3.8.7\resources\resources\3d\engine\bin\.cache\dev\editor\bundled\index.js:8076:23)
    at SkeletalAnimationState.initialize (C:\ProgramData\cocos\editors\Creator\3.8.7\resources\resources\3d\engine\bin\.cache\dev\editor\bundled\index.js:10001:35)
    at SkeletalAnimationState.initialize (C:\ProgramData\cocos\editors\Creator\3.8.7\resources\resources\3d\engine\bin\.cache\dev\editor\bundled\index.js:117846:17)
    at SkeletalAnimation._doCreateState (C:\ProgramData\cocos\editors\Creator\3.8.7\resources\resources\3d\engine\bin\.cache\dev\editor\bundled\index.js:7590:19)
    at SkeletalAnimation._doCreateState (C:\ProgramData\cocos\editors\Creator\3.8.7\resources\resources\3d\engine\bin\.cache\dev\editor\bundled\index.js:118324:31)
    at SkeletalAnimation.createState (C:\ProgramData\cocos\editors\Creator\3.8.7\resources\resources\3d\engine\bin\.cache\dev\editor\bundled\index.js:7432:23)
    at eval (C:\ProgramData\cocos\editors\Creator\3.8.7\resources\resources\3d\engine\bin\.cache\dev\editor\bundled\index.js:7274:20)
    at Array.forEach (<anonymous>)
    at SkeletalAnimation.set clips [as clips] (C:\ProgramData\cocos\editors\Creator\3.8.7\resources\resources\3d\engine\bin\.cache\dev\editor\bundled\index.js:7272:17)
    at SkeletalAnimation.onLoad (C:\ProgramData\cocos\editors\Creator\3.8.7\resources\resources\3d\engine\bin\.cache\dev\editor\bundled\index.js:7312:22)
    at SkeletalAnimation.onLoad (C:\ProgramData\cocos\editors\Creator\3.8.7\resources\resources\3d\engine\bin\.cache\dev\editor\bundled\index.js:118149:17)
    at eval (C:\ProgramData\cocos\editors\Creator\3.8.7\resources\resources\3d\engine\bin\.cache\dev\editor\bundled\index.js:48429:132)
    at OneOffInvoker.eval [as _invoke] (C:\ProgramData\cocos\editors\Creator\3.8.7\resources\resources\3d\engine\bin\.cache\dev\editor\bundled\index.js:46343:9)
    at OneOffInvoker.invoke (C:\ProgramData\cocos\editors\Creator\3.8.7\resources\resources\3d\engine\bin\.cache\dev\editor\bundled\index.js:46462:18)
    at NodeActivator.activateNode (C:\ProgramData\cocos\editors\Creator\3.8.7\resources\resources\3d\engine\bin\.cache\dev\editor\bundled\index.js:48480:27)
    at Scene._activate (C:\ProgramData\cocos\editors\Creator\3.8.7\resources\resources\3d\engine\bin\.cache\dev\editor\bundled\index.js:56317:44)
    at Director.runSceneImmediate (C:\ProgramData\cocos\editors\Creator\3.8.7\resources\resources\3d\engine\bin\.cache\dev\editor\bundled\index.js:88394:17)
    at C:\ProgramData\cocos\editors\Creator\3.8.7\resources\app.asar\builtin\scene\dist\script\3d\manager\scene\utils.ccc:1:381
    at eval (C:\ProgramData\cocos\editors\Creator\3.8.7\resources\resources\3d\engine\bin\.cache\dev\editor\bundled\index.js:135368:9)
    at eval (C:\ProgramData\cocos\editors\Creator\3.8.7\resources\resources\3d\engine\bin\.cache\dev\editor\bundled\index.js:169410:9)
    at sentryWrapped (C:\ProgramData\cocos\editors\Creator\3.8.7\resources\app.asar\node_modules\@sentry\browser\src\helpers.ts:116:17)
2026-6-12 11:39:02 - warn: [Scene] Previous error occurred when instantiating animation clip up_ju on node Role_0.Error: [Scene] Previous error occurred when instantiating animation clip up_ju on node Role_0.
    at console.warn (C:\ProgramData\cocos\editors\Creator\3.8.7\resources\app.asar\node_modules\@sentry\core\src\utils-hoist\instrument\console.ts:40:14)
    at warn (C:\ProgramData\cocos\editors\Creator\3.8.7\resources\resources\3d\engine\bin\.cache\dev\editor\bundled\index.js:165229:12)
    at warnID (C:\ProgramData\cocos\editors\Creator\3.8.7\resources\resources\3d\engine\bin\.cache\dev\editor\bundled\index.js:165417:5)
    at binder (C:\ProgramData\cocos\editors\Creator\3.8.7\resources\resources\3d\engine\bin\.cache\dev\editor\bundled\index.js:8072:15)
    at createExoticTrackEvaluationRecord (C:\ProgramData\cocos\editors\Creator\3.8.7\resources\resources\3d\engine\bin\.cache\dev\editor\bundled\index.js:121093:28)
    at new ExoticNodeAnimationEvaluator (C:\ProgramData\cocos\editors\Creator\3.8.7\resources\resources\3d\engine\bin\.cache\dev\editor\bundled\index.js:121457:30)
    at ExoticNodeAnimation.createEvaluator (C:\ProgramData\cocos\editors\Creator\3.8.7\resources\resources\3d\engine\bin\.cache\dev\editor\bundled\index.js:121191:18)
    at eval (C:\ProgramData\cocos\editors\Creator\3.8.7\resources\resources\3d\engine\bin\.cache\dev\editor\bundled\index.js:121443:85)
    at Array.map (<anonymous>)
    at new ExoticTrsAnimationEvaluator (C:\ProgramData\cocos\editors\Creator\3.8.7\resources\resources\3d\engine\bin\.cache\dev\editor\bundled\index.js:121443:50)
    at ExoticAnimation.createEvaluator (C:\ProgramData\cocos\editors\Creator\3.8.7\resources\resources\3d\engine\bin\.cache\dev\editor\bundled\index.js:121139:18)
    at AnimationClip._createEvalWithBinder (C:\ProgramData\cocos\editors\Creator\3.8.7\resources\resources\3d\engine\bin\.cache\dev\editor\bundled\index.js:8460:62)
    at AnimationClip.createEvaluator (C:\ProgramData\cocos\editors\Creator\3.8.7\resources\resources\3d\engine\bin\.cache\dev\editor\bundled\index.js:8076:23)
    at SkeletalAnimationState.initialize (C:\ProgramData\cocos\editors\Creator\3.8.7\resources\resources\3d\engine\bin\.cache\dev\editor\bundled\index.js:10001:35)
    at SkeletalAnimationState.initialize (C:\ProgramData\cocos\editors\Creator\3.8.7\resources\resources\3d\engine\bin\.cache\dev\editor\bundled\index.js:117846:17)
    at SkeletalAnimation._doCreateState (C:\ProgramData\cocos\editors\Creator\3.8.7\resources\resources\3d\engine\bin\.cache\dev\editor\bundled\index.js:7590:19)
    at SkeletalAnimation._doCreateState (C:\ProgramData\cocos\editors\Creator\3.8.7\resources\resources\3d\engine\bin\.cache\dev\editor\bundled\index.js:118324:31)
    at SkeletalAnimation.createState (C:\ProgramData\cocos\editors\Creator\3.8.7\resources\resources\3d\engine\bin\.cache\dev\editor\bundled\index.js:7432:23)
    at eval (C:\ProgramData\cocos\editors\Creator\3.8.7\resources\resources\3d\engine\bin\.cache\dev\editor\bundled\index.js:7274:20)
    at Array.forEach (<anonymous>)
    at SkeletalAnimation.set clips [as clips] (C:\ProgramData\cocos\editors\Creator\3.8.7\resources\resources\3d\engine\bin\.cache\dev\editor\bundled\index.js:7272:17)
    at SkeletalAnimation.onLoad (C:\ProgramData\cocos\editors\Creator\3.8.7\resources\resources\3d\engine\bin\.cache\dev\editor\bundled\index.js:7312:22)
    at SkeletalAnimation.onLoad (C:\ProgramData\cocos\editors\Creator\3.8.7\resources\resources\3d\engine\bin\.cache\dev\editor\bundled\index.js:118149:17)
    at eval (C:\ProgramData\cocos\editors\Creator\3.8.7\resources\resources\3d\engine\bin\.cache\dev\editor\bundled\index.js:48429:132)
    at OneOffInvoker.eval [as _invoke] (C:\ProgramData\cocos\editors\Creator\3.8.7\resources\resources\3d\engine\bin\.cache\dev\editor\bundled\index.js:46343:9)
    at OneOffInvoker.invoke (C:\ProgramData\cocos\editors\Creator\3.8.7\resources\resources\3d\engine\bin\.cache\dev\editor\bundled\index.js:46462:18)
    at NodeActivator.activateNode (C:\ProgramData\cocos\editors\Creator\3.8.7\resources\resources\3d\engine\bin\.cache\dev\editor\bundled\index.js:48480:27)
    at Scene._activate (C:\ProgramData\cocos\editors\Creator\3.8.7\resources\resources\3d\engine\bin\.cache\dev\editor\bundled\index.js:56317:44)
    at Director.runSceneImmediate (C:\ProgramData\cocos\editors\Creator\3.8.7\resources\resources\3d\engine\bin\.cache\dev\editor\bundled\index.js:88394:17)
    at C:\ProgramData\cocos\editors\Creator\3.8.7\resources\app.asar\builtin\scene\dist\script\3d\manager\scene\utils.ccc:1:381
    at eval (C:\ProgramData\cocos\editors\Creator\3.8.7\resources\resources\3d\engine\bin\.cache\dev\editor\bundled\index.js:135368:9)
    at eval (C:\ProgramData\cocos\editors\Creator\3.8.7\resources\resources\3d\engine\bin\.cache\dev\editor\bundled\index.js:169410:9)
    at sentryWrapped (C:\ProgramData\cocos\editors\Creator\3.8.7\resources\app.asar\node_modules\@sentry\browser\src\helpers.ts:116:17)
2026-6-12 11:39:02 - warn: [Scene] Node "Role_0" has no path "Bip001/Bip001 Footsteps".Error: [Scene] Node "Role_0" has no path "Bip001/Bip001 Footsteps".
    at console.warn (C:\ProgramData\cocos\editors\Creator\3.8.7\resources\app.asar\node_modules\@sentry\core\src\utils-hoist\instrument\console.ts:40:14)
    at warn (C:\ProgramData\cocos\editors\Creator\3.8.7\resources\resources\3d\engine\bin\.cache\dev\editor\bundled\index.js:165229:12)
    at warnID (C:\ProgramData\cocos\editors\Creator\3.8.7\resources\resources\3d\engine\bin\.cache\dev\editor\bundled\index.js:165417:5)
    at HierarchyPath.get (C:\ProgramData\cocos\editors\Creator\3.8.7\resources\resources\3d\engine\bin\.cache\dev\editor\bundled\index.js:12248:13)
    at TrackPath.[NormalizedFollow] (C:\ProgramData\cocos\editors\Creator\3.8.7\resources\resources\3d\engine\bin\.cache\dev\editor\bundled\index.js:125941:29)
    at TrackBinding.createRuntimeBinding (C:\ProgramData\cocos\editors\Creator\3.8.7\resources\resources\3d\engine\bin\.cache\dev\editor\bundled\index.js:125978:59)
    at binder (C:\ProgramData\cocos\editors\Creator\3.8.7\resources\resources\3d\engine\bin\.cache\dev\editor\bundled\index.js:8066:41)
    at createExoticTrackEvaluationRecord (C:\ProgramData\cocos\editors\Creator\3.8.7\resources\resources\3d\engine\bin\.cache\dev\editor\bundled\index.js:121093:28)
    at new ExoticNodeAnimationEvaluator (C:\ProgramData\cocos\editors\Creator\3.8.7\resources\resources\3d\engine\bin\.cache\dev\editor\bundled\index.js:121460:30)
    at ExoticNodeAnimation.createEvaluator (C:\ProgramData\cocos\editors\Creator\3.8.7\resources\resources\3d\engine\bin\.cache\dev\editor\bundled\index.js:121191:18)
    at eval (C:\ProgramData\cocos\editors\Creator\3.8.7\resources\resources\3d\engine\bin\.cache\dev\editor\bundled\index.js:121443:85)
    at Array.map (<anonymous>)
    at new ExoticTrsAnimationEvaluator (C:\ProgramData\cocos\editors\Creator\3.8.7\resources\resources\3d\engine\bin\.cache\dev\editor\bundled\index.js:121443:50)
    at ExoticAnimation.createEvaluator (C:\ProgramData\cocos\editors\Creator\3.8.7\resources\resources\3d\engine\bin\.cache\dev\editor\bundled\index.js:121139:18)
    at AnimationClip._createEvalWithBinder (C:\ProgramData\cocos\editors\Creator\3.8.7\resources\resources\3d\engine\bin\.cache\dev\editor\bundled\index.js:8460:62)
    at AnimationClip.createEvaluator (C:\ProgramData\cocos\editors\Creator\3.8.7\resources\resources\3d\engine\bin\.cache\dev\editor\bundled\index.js:8076:23)
    at SkeletalAnimationState.initialize (C:\ProgramData\cocos\editors\Creator\3.8.7\resources\resources\3d\engine\bin\.cache\dev\editor\bundled\index.js:10001:35)
    at SkeletalAnimationState.initialize (C:\ProgramData\cocos\editors\Creator\3.8.7\resources\resources\3d\engine\bin\.cache\dev\editor\bundled\index.js:117846:17)
    at SkeletalAnimation._doCreateState (C:\ProgramData\cocos\editors\Creator\3.8.7\resources\resources\3d\engine\bin\.cache\dev\editor\bundled\index.js:7590:19)
    at SkeletalAnimation._doCreateState (C:\ProgramData\cocos\editors\Creator\3.8.7\resources\resources\3d\engine\bin\.cache\dev\editor\bundled\index.js:118324:31)
    at SkeletalAnimation.createState (C:\ProgramData\cocos\editors\Creator\3.8.7\resources\resources\3d\engine\bin\.cache\dev\editor\bundled\index.js:7432:23)
    at eval (C:\ProgramData\cocos\editors\Creator\3.8.7\resources\resources\3d\engine\bin\.cache\dev\editor\bundled\index.js:7274:20)
    at Array.forEach (<anonymous>)
    at SkeletalAnimation.set clips [as clips] (C:\ProgramData\cocos\editors\Creator\3.8.7\resources\resources\3d\engine\bin\.cache\dev\editor\bundled\index.js:7272:17)
    at SkeletalAnimation.onLoad (C:\ProgramData\cocos\editors\Creator\3.8.7\resources\resources\3d\engine\bin\.cache\dev\editor\bundled\index.js:7312:22)
    at SkeletalAnimation.onLoad (C:\ProgramData\cocos\editors\Creator\3.8.7\resources\resources\3d\engine\bin\.cache\dev\editor\bundled\index.js:118149:17)
    at eval (C:\ProgramData\cocos\editors\Creator\3.8.7\resources\resources\3d\engine\bin\.cache\dev\editor\bundled\index.js:48429:132)
    at OneOffInvoker.eval [as _invoke] (C:\ProgramData\cocos\editors\Creator\3.8.7\resources\resources\3d\engine\bin\.cache\dev\editor\bundled\index.js:46343:9)
    at OneOffInvoker.invoke (C:\ProgramData\cocos\editors\Creator\3.8.7\resources\resources\3d\engine\bin\.cache\dev\editor\bundled\index.js:46462:18)
    at NodeActivator.activateNode (C:\ProgramData\cocos\editors\Creator\3.8.7\resources\resources\3d\engine\bin\.cache\dev\editor\bundled\index.js:48480:27)
    at Scene._activate (C:\ProgramData\cocos\editors\Creator\3.8.7\resources\resources\3d\engine\bin\.cache\dev\editor\bundled\index.js:56317:44)
    at Director.runSceneImmediate (C:\ProgramData\cocos\editors\Creator\3.8.7\resources\resources\3d\engine\bin\.cache\dev\editor\bundled\index.js:88394:17)
    at C:\ProgramData\cocos\editors\Creator\3.8.7\resources\app.asar\builtin\scene\dist\script\3d\manager\scene\utils.ccc:1:381
    at eval (C:\ProgramData\cocos\editors\Creator\3.8.7\resources\resources\3d\engine\bin\.cache\dev\editor\bundled\index.js:135368:9)
    at eval (C:\ProgramData\cocos\editors\Creator\3.8.7\resources\resources\3d\engine\bin\.cache\dev\editor\bundled\index.js:169410:9)
    at sentryWrapped (C:\ProgramData\cocos\editors\Creator\3.8.7\resources\app.asar\node_modules\@sentry\browser\src\helpers.ts:116:17)
2026-6-12 11:39:02 - warn: [Scene] Previous error occurred when instantiating animation clip up_ju on node Role_0.Error: [Scene] Previous error occurred when instantiating animation clip up_ju on node Role_0.
    at console.warn (C:\ProgramData\cocos\editors\Creator\3.8.7\resources\app.asar\node_modules\@sentry\core\src\utils-hoist\instrument\console.ts:40:14)
    at warn (C:\ProgramData\cocos\editors\Creator\3.8.7\resources\resources\3d\engine\bin\.cache\dev\editor\bundled\index.js:165229:12)
    at warnID (C:\ProgramData\cocos\editors\Creator\3.8.7\resources\resources\3d\engine\bin\.cache\dev\editor\bundled\index.js:165417:5)
    at binder (C:\ProgramData\cocos\editors\Creator\3.8.7\resources\resources\3d\engine\bin\.cache\dev\editor\bundled\index.js:8072:15)
    at createExoticTrackEvaluationRecord (C:\ProgramData\cocos\editors\Creator\3.8.7\resources\resources\3d\engine\bin\.cache\dev\editor\bundled\index.js:121093:28)
    at new ExoticNodeAnimationEvaluator (C:\ProgramData\cocos\editors\Creator\3.8.7\resources\resources\3d\engine\bin\.cache\dev\editor\bundled\index.js:121460:30)
    at ExoticNodeAnimation.createEvaluator (C:\ProgramData\cocos\editors\Creator\3.8.7\resources\resources\3d\engine\bin\.cache\dev\editor\bundled\index.js:121191:18)
    at eval (C:\ProgramData\cocos\editors\Creator\3.8.7\resources\resources\3d\engine\bin\.cache\dev\editor\bundled\index.js:121443:85)
    at Array.map (<anonymous>)
    at new ExoticTrsAnimationEvaluator (C:\ProgramData\cocos\editors\Creator\3.8.7\resources\resources\3d\engine\bin\.cache\dev\editor\bundled\index.js:121443:50)
    at ExoticAnimation.createEvaluator (C:\ProgramData\cocos\editors\Creator\3.8.7\resources\resources\3d\engine\bin\.cache\dev\editor\bundled\index.js:121139:18)
    at AnimationClip._createEvalWithBinder (C:\ProgramData\cocos\editors\Creator\3.8.7\resources\resources\3d\engine\bin\.cache\dev\editor\bundled\index.js:8460:62)
    at AnimationClip.createEvaluator (C:\ProgramData\cocos\editors\Creator\3.8.7\resources\resources\3d\engine\bin\.cache\dev\editor\bundled\index.js:8076:23)
    at SkeletalAnimationState.initialize (C:\ProgramData\cocos\editors\Creator\3.8.7\resources\resources\3d\engine\bin\.cache\dev\editor\bundled\index.js:10001:35)
    at SkeletalAnimationState.initialize (C:\ProgramData\cocos\editors\Creator\3.8.7\resources\resources\3d\engine\bin\.cache\dev\editor\bundled\index.js:117846:17)
    at SkeletalAnimation._doCreateState (C:\ProgramData\cocos\editors\Creator\3.8.7\resources\resources\3d\engine\bin\.cache\dev\editor\bundled\index.js:7590:19)
    at SkeletalAnimation._doCreateState (C:\ProgramData\cocos\editors\Creator\3.8.7\resources\resources\3d\engine\bin\.cache\dev\editor\bundled\index.js:118324:31)
    at SkeletalAnimation.createState (C:\ProgramData\cocos\editors\Creator\3.8.7\resources\resources\3d\engine\bin\.cache\dev\editor\bundled\index.js:7432:23)
    at eval (C:\ProgramData\cocos\editors\Creator\3.8.7\resources\resources\3d\engine\bin\.cache\dev\editor\bundled\index.js:7274:20)
    at Array.forEach (<anonymous>)
    at SkeletalAnimation.set clips [as clips] (C:\ProgramData\cocos\editors\Creator\3.8.7\resources\resources\3d\engine\bin\.cache\dev\editor\bundled\index.js:7272:17)
    at SkeletalAnimation.onLoad (C:\ProgramData\cocos\editors\Creator\3.8.7\resources\resources\3d\engine\bin\.cache\dev\editor\bundled\index.js:7312:22)
    at SkeletalAnimation.onLoad (C:\ProgramData\cocos\editors\Creator\3.8.7\resources\resources\3d\engine\bin\.cache\dev\editor\bundled\index.js:118149:17)
    at eval (C:\ProgramData\cocos\editors\Creator\3.8.7\resources\resources\3d\engine\bin\.cache\dev\editor\bundled\index.js:48429:132)
    at OneOffInvoker.eval [as _invoke] (C:\ProgramData\cocos\editors\Creator\3.8.7\resources\resources\3d\engine\bin\.cache\dev\editor\bundled\index.js:46343:9)
    at OneOffInvoker.invoke (C:\ProgramData\cocos\editors\Creator\3.8.7\resources\resources\3d\engine\bin\.cache\dev\editor\bundled\index.js:46462:18)
    at NodeActivator.activateNode (C:\ProgramData\cocos\editors\Creator\3.8.7\resources\resources\3d\engine\bin\.cache\dev\editor\bundled\index.js:48480:27)
    at Scene._activate (C:\ProgramData\cocos\editors\Creator\3.8.7\resources\resources\3d\engine\bin\.cache\dev\editor\bundled\index.js:56317:44)
    at Director.runSceneImmediate (C:\ProgramData\cocos\editors\Creator\3.8.7\resources\resources\3d\engine\bin\.cache\dev\editor\bundled\index.js:88394:17)
    at C:\ProgramData\cocos\editors\Creator\3.8.7\resources\app.asar\builtin\scene\dist\script\3d\manager\scene\utils.ccc:1:381
    at eval (C:\ProgramData\cocos\editors\Creator\3.8.7\resources\resources\3d\engine\bin\.cache\dev\editor\bundled\index.js:135368:9)
    at eval (C:\ProgramData\cocos\editors\Creator\3.8.7\resources\resources\3d\engine\bin\.cache\dev\editor\bundled\index.js:169410:9)
    at sentryWrapped (C:\ProgramData\cocos\editors\Creator\3.8.7\resources\app.asar\node_modules\@sentry\browser\src\helpers.ts:116:17)
2026-6-12 11:39:02 - warn: [Scene] Node "Role_0" has no path "Bip001/Bip001 Footsteps".Error: [Scene] Node "Role_0" has no path "Bip001/Bip001 Footsteps".
    at console.warn (C:\ProgramData\cocos\editors\Creator\3.8.7\resources\app.asar\node_modules\@sentry\core\src\utils-hoist\instrument\console.ts:40:14)
    at warn (C:\ProgramData\cocos\editors\Creator\3.8.7\resources\resources\3d\engine\bin\.cache\dev\editor\bundled\index.js:165229:12)
    at warnID (C:\ProgramData\cocos\editors\Creator\3.8.7\resources\resources\3d\engine\bin\.cache\dev\editor\bundled\index.js:165417:5)
    at HierarchyPath.get (C:\ProgramData\cocos\editors\Creator\3.8.7\resources\resources\3d\engine\bin\.cache\dev\editor\bundled\index.js:12248:13)
    at TrackPath.[NormalizedFollow] (C:\ProgramData\cocos\editors\Creator\3.8.7\resources\resources\3d\engine\bin\.cache\dev\editor\bundled\index.js:125941:29)
    at TrackBinding.createRuntimeBinding (C:\ProgramData\cocos\editors\Creator\3.8.7\resources\resources\3d\engine\bin\.cache\dev\editor\bundled\index.js:125978:59)
    at binder (C:\ProgramData\cocos\editors\Creator\3.8.7\resources\resources\3d\engine\bin\.cache\dev\editor\bundled\index.js:8066:41)
    at createExoticTrackEvaluationRecord (C:\ProgramData\cocos\editors\Creator\3.8.7\resources\resources\3d\engine\bin\.cache\dev\editor\bundled\index.js:121093:28)
    at new ExoticNodeAnimationEvaluator (C:\ProgramData\cocos\editors\Creator\3.8.7\resources\resources\3d\engine\bin\.cache\dev\editor\bundled\index.js:121463:27)
    at ExoticNodeAnimation.createEvaluator (C:\ProgramData\cocos\editors\Creator\3.8.7\resources\resources\3d\engine\bin\.cache\dev\editor\bundled\index.js:121191:18)
    at eval (C:\ProgramData\cocos\editors\Creator\3.8.7\resources\resources\3d\engine\bin\.cache\dev\editor\bundled\index.js:121443:85)
    at Array.map (<anonymous>)
    at new ExoticTrsAnimationEvaluator (C:\ProgramData\cocos\editors\Creator\3.8.7\resources\resources\3d\engine\bin\.cache\dev\editor\bundled\index.js:121443:50)
    at ExoticAnimation.createEvaluator (C:\ProgramData\cocos\editors\Creator\3.8.7\resources\resources\3d\engine\bin\.cache\dev\editor\bundled\index.js:121139:18)
    at AnimationClip._createEvalWithBinder (C:\ProgramData\cocos\editors\Creator\3.8.7\resources\resources\3d\engine\bin\.cache\dev\editor\bundled\index.js:8460:62)
    at AnimationClip.createEvaluator (C:\ProgramData\cocos\editors\Creator\3.8.7\resources\resources\3d\engine\bin\.cache\dev\editor\bundled\index.js:8076:23)
    at SkeletalAnimationState.initialize (C:\ProgramData\cocos\editors\Creator\3.8.7\resources\resources\3d\engine\bin\.cache\dev\editor\bundled\index.js:10001:35)
    at SkeletalAnimationState.initialize (C:\ProgramData\cocos\editors\Creator\3.8.7\resources\resources\3d\engine\bin\.cache\dev\editor\bundled\index.js:117846:17)
    at SkeletalAnimation._doCreateState (C:\ProgramData\cocos\editors\Creator\3.8.7\resources\resources\3d\engine\bin\.cache\dev\editor\bundled\index.js:7590:19)
    at SkeletalAnimation._doCreateState (C:\ProgramData\cocos\editors\Creator\3.8.7\resources\resources\3d\engine\bin\.cache\dev\editor\bundled\index.js:118324:31)
    at SkeletalAnimation.createState (C:\ProgramData\cocos\editors\Creator\3.8.7\resources\resources\3d\engine\bin\.cache\dev\editor\bundled\index.js:7432:23)
    at eval (C:\ProgramData\cocos\editors\Creator\3.8.7\resources\resources\3d\engine\bin\.cache\dev\editor\bundled\index.js:7274:20)
    at Array.forEach (<anonymous>)
    at SkeletalAnimation.set clips [as clips] (C:\ProgramData\cocos\editors\Creator\3.8.7\resources\resources\3d\engine\bin\.cache\dev\editor\bundled\index.js:7272:17)
    at SkeletalAnimation.onLoad (C:\ProgramData\cocos\editors\Creator\3.8.7\resources\resources\3d\engine\bin\.cache\dev\editor\bundled\index.js:7312:22)
    at SkeletalAnimation.onLoad (C:\ProgramData\cocos\editors\Creator\3.8.7\resources\resources\3d\engine\bin\.cache\dev\editor\bundled\index.js:118149:17)
    at eval (C:\ProgramData\cocos\editors\Creator\3.8.7\resources\resources\3d\engine\bin\.cache\dev\editor\bundled\index.js:48429:132)
    at OneOffInvoker.eval [as _invoke] (C:\ProgramData\cocos\editors\Creator\3.8.7\resources\resources\3d\engine\bin\.cache\dev\editor\bundled\index.js:46343:9)
    at OneOffInvoker.invoke (C:\ProgramData\cocos\editors\Creator\3.8.7\resources\resources\3d\engine\bin\.cache\dev\editor\bundled\index.js:46462:18)
    at NodeActivator.activateNode (C:\ProgramData\cocos\editors\Creator\3.8.7\resources\resources\3d\engine\bin\.cache\dev\editor\bundled\index.js:48480:27)
    at Scene._activate (C:\ProgramData\cocos\editors\Creator\3.8.7\resources\resources\3d\engine\bin\.cache\dev\editor\bundled\index.js:56317:44)
    at Director.runSceneImmediate (C:\ProgramData\cocos\editors\Creator\3.8.7\resources\resources\3d\engine\bin\.cache\dev\editor\bundled\index.js:88394:17)
    at C:\ProgramData\cocos\editors\Creator\3.8.7\resources\app.asar\builtin\scene\dist\script\3d\manager\scene\utils.ccc:1:381
    at eval (C:\ProgramData\cocos\editors\Creator\3.8.7\resources\resources\3d\engine\bin\.cache\dev\editor\bundled\index.js:135368:9)
    at eval (C:\ProgramData\cocos\editors\Creator\3.8.7\resources\resources\3d\engine\bin\.cache\dev\editor\bundled\index.js:169410:9)
    at sentryWrapped (C:\ProgramData\cocos\editors\Creator\3.8.7\resources\app.asar\node_modules\@sentry\browser\src\helpers.ts:116:17)
2026-6-12 11:39:02 - warn: [Scene] Previous error occurred when instantiating animation clip up_ju on node Role_0.Error: [Scene] Previous error occurred when instantiating animation clip up_ju on node Role_0.
    at console.warn (C:\ProgramData\cocos\editors\Creator\3.8.7\resources\app.asar\node_modules\@sentry\core\src\utils-hoist\instrument\console.ts:40:14)
    at warn (C:\ProgramData\cocos\editors\Creator\3.8.7\resources\resources\3d\engine\bin\.cache\dev\editor\bundled\index.js:165229:12)
    at warnID (C:\ProgramData\cocos\editors\Creator\3.8.7\resources\resources\3d\engine\bin\.cache\dev\editor\bundled\index.js:165417:5)
    at binder (C:\ProgramData\cocos\editors\Creator\3.8.7\resources\resources\3d\engine\bin\.cache\dev\editor\bundled\index.js:8072:15)
    at createExoticTrackEvaluationRecord (C:\ProgramData\cocos\editors\Creator\3.8.7\resources\resources\3d\engine\bin\.cache\dev\editor\bundled\index.js:121093:28)
    at new ExoticNodeAnimationEvaluator (C:\ProgramData\cocos\editors\Creator\3.8.7\resources\resources\3d\engine\bin\.cache\dev\editor\bundled\index.js:121463:27)
    at ExoticNodeAnimation.createEvaluator (C:\ProgramData\cocos\editors\Creator\3.8.7\resources\resources\3d\engine\bin\.cache\dev\editor\bundled\index.js:121191:18)
    at eval (C:\ProgramData\cocos\editors\Creator\3.8.7\resources\resources\3d\engine\bin\.cache\dev\editor\bundled\index.js:121443:85)
    at Array.map (<anonymous>)
    at new ExoticTrsAnimationEvaluator (C:\ProgramData\cocos\editors\Creator\3.8.7\resources\resources\3d\engine\bin\.cache\dev\editor\bundled\index.js:121443:50)
    at ExoticAnimation.createEvaluator (C:\ProgramData\cocos\editors\Creator\3.8.7\resources\resources\3d\engine\bin\.cache\dev\editor\bundled\index.js:121139:18)
    at AnimationClip._createEvalWithBinder (C:\ProgramData\cocos\editors\Creator\3.8.7\resources\resources\3d\engine\bin\.cache\dev\editor\bundled\index.js:8460:62)
    at AnimationClip.createEvaluator (C:\ProgramData\cocos\editors\Creator\3.8.7\resources\resources\3d\engine\bin\.cache\dev\editor\bundled\index.js:8076:23)
    at SkeletalAnimationState.initialize (C:\ProgramData\cocos\editors\Creator\3.8.7\resources\resources\3d\engine\bin\.cache\dev\editor\bundled\index.js:10001:35)
    at SkeletalAnimationState.initialize (C:\ProgramData\cocos\editors\Creator\3.8.7\resources\resources\3d\engine\bin\.cache\dev\editor\bundled\index.js:117846:17)
    at SkeletalAnimation._doCreateState (C:\ProgramData\cocos\editors\Creator\3.8.7\resources\resources\3d\engine\bin\.cache\dev\editor\bundled\index.js:7590:19)
    at SkeletalAnimation._doCreateState (C:\ProgramData\cocos\editors\Creator\3.8.7\resources\resources\3d\engine\bin\.cache\dev\editor\bundled\index.js:118324:31)
    at SkeletalAnimation.createState (C:\ProgramData\cocos\editors\Creator\3.8.7\resources\resources\3d\engine\bin\.cache\dev\editor\bundled\index.js:7432:23)
    at eval (C:\ProgramData\cocos\editors\Creator\3.8.7\resources\resources\3d\engine\bin\.cache\dev\editor\bundled\index.js:7274:20)
    at Array.forEach (<anonymous>)
    at SkeletalAnimation.set clips [as clips] (C:\ProgramData\cocos\editors\Creator\3.8.7\resources\resources\3d\engine\bin\.cache\dev\editor\bundled\index.js:7272:17)
    at SkeletalAnimation.onLoad (C:\ProgramData\cocos\editors\Creator\3.8.7\resources\resources\3d\engine\bin\.cache\dev\editor\bundled\index.js:7312:22)
    at SkeletalAnimation.onLoad (C:\ProgramData\cocos\editors\Creator\3.8.7\resources\resources\3d\engine\bin\.cache\dev\editor\bundled\index.js:118149:17)
    at eval (C:\ProgramData\cocos\editors\Creator\3.8.7\resources\resources\3d\engine\bin\.cache\dev\editor\bundled\index.js:48429:132)
    at OneOffInvoker.eval [as _invoke] (C:\ProgramData\cocos\editors\Creator\3.8.7\resources\resources\3d\engine\bin\.cache\dev\editor\bundled\index.js:46343:9)
    at OneOffInvoker.invoke (C:\ProgramData\cocos\editors\Creator\3.8.7\resources\resources\3d\engine\bin\.cache\dev\editor\bundled\index.js:46462:18)
    at NodeActivator.activateNode (C:\ProgramData\cocos\editors\Creator\3.8.7\resources\resources\3d\engine\bin\.cache\dev\editor\bundled\index.js:48480:27)
    at Scene._activate (C:\ProgramData\cocos\editors\Creator\3.8.7\resources\resources\3d\engine\bin\.cache\dev\editor\bundled\index.js:56317:44)
    at Director.runSceneImmediate (C:\ProgramData\cocos\editors\Creator\3.8.7\resources\resources\3d\engine\bin\.cache\dev\editor\bundled\index.js:88394:17)
    at C:\ProgramData\cocos\editors\Creator\3.8.7\resources\app.asar\builtin\scene\dist\script\3d\manager\scene\utils.ccc:1:381
    at eval (C:\ProgramData\cocos\editors\Creator\3.8.7\resources\resources\3d\engine\bin\.cache\dev\editor\bundled\index.js:135368:9)
    at eval (C:\ProgramData\cocos\editors\Creator\3.8.7\resources\resources\3d\engine\bin\.cache\dev\editor\bundled\index.js:169410:9)
    at sentryWrapped (C:\ProgramData\cocos\editors\Creator\3.8.7\resources\app.asar\node_modules\@sentry\browser\src\helpers.ts:116:17)
2026-6-12 11:39:02 - warn: [Scene] Node "Role_1" has no path "zhujue".Error: [Scene] Node "Role_1" has no path "zhujue".
    at console.warn (C:\ProgramData\cocos\editors\Creator\3.8.7\resources\app.asar\node_modules\@sentry\core\src\utils-hoist\instrument\console.ts:40:14)
    at warn (C:\ProgramData\cocos\editors\Creator\3.8.7\resources\resources\3d\engine\bin\.cache\dev\editor\bundled\index.js:165229:12)
    at warnID (C:\ProgramData\cocos\editors\Creator\3.8.7\resources\resources\3d\engine\bin\.cache\dev\editor\bundled\index.js:165417:5)
    at HierarchyPath.get (C:\ProgramData\cocos\editors\Creator\3.8.7\resources\resources\3d\engine\bin\.cache\dev\editor\bundled\index.js:12248:13)
    at TrackPath.[NormalizedFollow] (C:\ProgramData\cocos\editors\Creator\3.8.7\resources\resources\3d\engine\bin\.cache\dev\editor\bundled\index.js:125941:29)
    at TrackBinding.createRuntimeBinding (C:\ProgramData\cocos\editors\Creator\3.8.7\resources\resources\3d\engine\bin\.cache\dev\editor\bundled\index.js:125978:59)
    at binder (C:\ProgramData\cocos\editors\Creator\3.8.7\resources\resources\3d\engine\bin\.cache\dev\editor\bundled\index.js:8066:41)
    at createExoticTrackEvaluationRecord (C:\ProgramData\cocos\editors\Creator\3.8.7\resources\resources\3d\engine\bin\.cache\dev\editor\bundled\index.js:121093:28)
    at new ExoticNodeAnimationEvaluator (C:\ProgramData\cocos\editors\Creator\3.8.7\resources\resources\3d\engine\bin\.cache\dev\editor\bundled\index.js:121457:30)
    at ExoticNodeAnimation.createEvaluator (C:\ProgramData\cocos\editors\Creator\3.8.7\resources\resources\3d\engine\bin\.cache\dev\editor\bundled\index.js:121191:18)
    at eval (C:\ProgramData\cocos\editors\Creator\3.8.7\resources\resources\3d\engine\bin\.cache\dev\editor\bundled\index.js:121443:85)
    at Array.map (<anonymous>)
    at new ExoticTrsAnimationEvaluator (C:\ProgramData\cocos\editors\Creator\3.8.7\resources\resources\3d\engine\bin\.cache\dev\editor\bundled\index.js:121443:50)
    at ExoticAnimation.createEvaluator (C:\ProgramData\cocos\editors\Creator\3.8.7\resources\resources\3d\engine\bin\.cache\dev\editor\bundled\index.js:121139:18)
    at AnimationClip._createEvalWithBinder (C:\ProgramData\cocos\editors\Creator\3.8.7\resources\resources\3d\engine\bin\.cache\dev\editor\bundled\index.js:8460:62)
    at AnimationClip.createEvaluator (C:\ProgramData\cocos\editors\Creator\3.8.7\resources\resources\3d\engine\bin\.cache\dev\editor\bundled\index.js:8076:23)
    at SkeletalAnimationState.initialize (C:\ProgramData\cocos\editors\Creator\3.8.7\resources\resources\3d\engine\bin\.cache\dev\editor\bundled\index.js:10001:35)
    at SkeletalAnimationState.initialize (C:\ProgramData\cocos\editors\Creator\3.8.7\resources\resources\3d\engine\bin\.cache\dev\editor\bundled\index.js:117846:17)
    at SkeletalAnimation._doCreateState (C:\ProgramData\cocos\editors\Creator\3.8.7\resources\resources\3d\engine\bin\.cache\dev\editor\bundled\index.js:7590:19)
    at SkeletalAnimation._doCreateState (C:\ProgramData\cocos\editors\Creator\3.8.7\resources\resources\3d\engine\bin\.cache\dev\editor\bundled\index.js:118324:31)
    at SkeletalAnimation.createState (C:\ProgramData\cocos\editors\Creator\3.8.7\resources\resources\3d\engine\bin\.cache\dev\editor\bundled\index.js:7432:23)
    at eval (C:\ProgramData\cocos\editors\Creator\3.8.7\resources\resources\3d\engine\bin\.cache\dev\editor\bundled\index.js:7274:20)
    at Array.forEach (<anonymous>)
    at SkeletalAnimation.set clips [as clips] (C:\ProgramData\cocos\editors\Creator\3.8.7\resources\resources\3d\engine\bin\.cache\dev\editor\bundled\index.js:7272:17)
    at SkeletalAnimation.onLoad (C:\ProgramData\cocos\editors\Creator\3.8.7\resources\resources\3d\engine\bin\.cache\dev\editor\bundled\index.js:7312:22)
    at SkeletalAnimation.onLoad (C:\ProgramData\cocos\editors\Creator\3.8.7\resources\resources\3d\engine\bin\.cache\dev\editor\bundled\index.js:118149:17)
    at eval (C:\ProgramData\cocos\editors\Creator\3.8.7\resources\resources\3d\engine\bin\.cache\dev\editor\bundled\index.js:48429:132)
    at OneOffInvoker.eval [as _invoke] (C:\ProgramData\cocos\editors\Creator\3.8.7\resources\resources\3d\engine\bin\.cache\dev\editor\bundled\index.js:46343:9)
    at OneOffInvoker.invoke (C:\ProgramData\cocos\editors\Creator\3.8.7\resources\resources\3d\engine\bin\.cache\dev\editor\bundled\index.js:46462:18)
    at NodeActivator.activateNode (C:\ProgramData\cocos\editors\Creator\3.8.7\resources\resources\3d\engine\bin\.cache\dev\editor\bundled\index.js:48480:27)
    at Scene._activate (C:\ProgramData\cocos\editors\Creator\3.8.7\resources\resources\3d\engine\bin\.cache\dev\editor\bundled\index.js:56317:44)
    at Director.runSceneImmediate (C:\ProgramData\cocos\editors\Creator\3.8.7\resources\resources\3d\engine\bin\.cache\dev\editor\bundled\index.js:88394:17)
    at C:\ProgramData\cocos\editors\Creator\3.8.7\resources\app.asar\builtin\scene\dist\script\3d\manager\scene\utils.ccc:1:381
    at eval (C:\ProgramData\cocos\editors\Creator\3.8.7\resources\resources\3d\engine\bin\.cache\dev\editor\bundled\index.js:135368:9)
    at eval (C:\ProgramData\cocos\editors\Creator\3.8.7\resources\resources\3d\engine\bin\.cache\dev\editor\bundled\index.js:169410:9)
    at sentryWrapped (C:\ProgramData\cocos\editors\Creator\3.8.7\resources\app.asar\node_modules\@sentry\browser\src\helpers.ts:116:17)
2026-6-12 11:39:02 - warn: [Scene] Previous error occurred when instantiating animation clip idle on node Role_1.Error: [Scene] Previous error occurred when instantiating animation clip idle on node Role_1.
    at console.warn (C:\ProgramData\cocos\editors\Creator\3.8.7\resources\app.asar\node_modules\@sentry\core\src\utils-hoist\instrument\console.ts:40:14)
    at warn (C:\ProgramData\cocos\editors\Creator\3.8.7\resources\resources\3d\engine\bin\.cache\dev\editor\bundled\index.js:165229:12)
    at warnID (C:\ProgramData\cocos\editors\Creator\3.8.7\resources\resources\3d\engine\bin\.cache\dev\editor\bundled\index.js:165417:5)
    at binder (C:\ProgramData\cocos\editors\Creator\3.8.7\resources\resources\3d\engine\bin\.cache\dev\editor\bundled\index.js:8072:15)
    at createExoticTrackEvaluationRecord (C:\ProgramData\cocos\editors\Creator\3.8.7\resources\resources\3d\engine\bin\.cache\dev\editor\bundled\index.js:121093:28)
    at new ExoticNodeAnimationEvaluator (C:\ProgramData\cocos\editors\Creator\3.8.7\resources\resources\3d\engine\bin\.cache\dev\editor\bundled\index.js:121457:30)
    at ExoticNodeAnimation.createEvaluator (C:\ProgramData\cocos\editors\Creator\3.8.7\resources\resources\3d\engine\bin\.cache\dev\editor\bundled\index.js:121191:18)
    at eval (C:\ProgramData\cocos\editors\Creator\3.8.7\resources\resources\3d\engine\bin\.cache\dev\editor\bundled\index.js:121443:85)
    at Array.map (<anonymous>)
    at new ExoticTrsAnimationEvaluator (C:\ProgramData\cocos\editors\Creator\3.8.7\resources\resources\3d\engine\bin\.cache\dev\editor\bundled\index.js:121443:50)
    at ExoticAnimation.createEvaluator (C:\ProgramData\cocos\editors\Creator\3.8.7\resources\resources\3d\engine\bin\.cache\dev\editor\bundled\index.js:121139:18)
    at AnimationClip._createEvalWithBinder (C:\ProgramData\cocos\editors\Creator\3.8.7\resources\resources\3d\engine\bin\.cache\dev\editor\bundled\index.js:8460:62)
    at AnimationClip.createEvaluator (C:\ProgramData\cocos\editors\Creator\3.8.7\resources\resources\3d\engine\bin\.cache\dev\editor\bundled\index.js:8076:23)
    at SkeletalAnimationState.initialize (C:\ProgramData\cocos\editors\Creator\3.8.7\resources\resources\3d\engine\bin\.cache\dev\editor\bundled\index.js:10001:35)
    at SkeletalAnimationState.initialize (C:\ProgramData\cocos\editors\Creator\3.8.7\resources\resources\3d\engine\bin\.cache\dev\editor\bundled\index.js:117846:17)
    at SkeletalAnimation._doCreateState (C:\ProgramData\cocos\editors\Creator\3.8.7\resources\resources\3d\engine\bin\.cache\dev\editor\bundled\index.js:7590:19)
    at SkeletalAnimation._doCreateState (C:\ProgramData\cocos\editors\Creator\3.8.7\resources\resources\3d\engine\bin\.cache\dev\editor\bundled\index.js:118324:31)
    at SkeletalAnimation.createState (C:\ProgramData\cocos\editors\Creator\3.8.7\resources\resources\3d\engine\bin\.cache\dev\editor\bundled\index.js:7432:23)
    at eval (C:\ProgramData\cocos\editors\Creator\3.8.7\resources\resources\3d\engine\bin\.cache\dev\editor\bundled\index.js:7274:20)
    at Array.forEach (<anonymous>)
    at SkeletalAnimation.set clips [as clips] (C:\ProgramData\cocos\editors\Creator\3.8.7\resources\resources\3d\engine\bin\.cache\dev\editor\bundled\index.js:7272:17)
    at SkeletalAnimation.onLoad (C:\ProgramData\cocos\editors\Creator\3.8.7\resources\resources\3d\engine\bin\.cache\dev\editor\bundled\index.js:7312:22)
    at SkeletalAnimation.onLoad (C:\ProgramData\cocos\editors\Creator\3.8.7\resources\resources\3d\engine\bin\.cache\dev\editor\bundled\index.js:118149:17)
    at eval (C:\ProgramData\cocos\editors\Creator\3.8.7\resources\resources\3d\engine\bin\.cache\dev\editor\bundled\index.js:48429:132)
    at OneOffInvoker.eval [as _invoke] (C:\ProgramData\cocos\editors\Creator\3.8.7\resources\resources\3d\engine\bin\.cache\dev\editor\bundled\index.js:46343:9)
    at OneOffInvoker.invoke (C:\ProgramData\cocos\editors\Creator\3.8.7\resources\resources\3d\engine\bin\.cache\dev\editor\bundled\index.js:46462:18)
    at NodeActivator.activateNode (C:\ProgramData\cocos\editors\Creator\3.8.7\resources\resources\3d\engine\bin\.cache\dev\editor\bundled\index.js:48480:27)
    at Scene._activate (C:\ProgramData\cocos\editors\Creator\3.8.7\resources\resources\3d\engine\bin\.cache\dev\editor\bundled\index.js:56317:44)
    at Director.runSceneImmediate (C:\ProgramData\cocos\editors\Creator\3.8.7\resources\resources\3d\engine\bin\.cache\dev\editor\bundled\index.js:88394:17)
    at C:\ProgramData\cocos\editors\Creator\3.8.7\resources\app.asar\builtin\scene\dist\script\3d\manager\scene\utils.ccc:1:381
    at eval (C:\ProgramData\cocos\editors\Creator\3.8.7\resources\resources\3d\engine\bin\.cache\dev\editor\bundled\index.js:135368:9)
    at eval (C:\ProgramData\cocos\editors\Creator\3.8.7\resources\resources\3d\engine\bin\.cache\dev\editor\bundled\index.js:169410:9)
    at sentryWrapped (C:\ProgramData\cocos\editors\Creator\3.8.7\resources\app.asar\node_modules\@sentry\browser\src\helpers.ts:116:17)
2026-6-12 11:39:02 - warn: [Scene] Node "Role_1" has no path "zhujue".Error: [Scene] Node "Role_1" has no path "zhujue".
    at console.warn (C:\ProgramData\cocos\editors\Creator\3.8.7\resources\app.asar\node_modules\@sentry\core\src\utils-hoist\instrument\console.ts:40:14)
    at warn (C:\ProgramData\cocos\editors\Creator\3.8.7\resources\resources\3d\engine\bin\.cache\dev\editor\bundled\index.js:165229:12)
    at warnID (C:\ProgramData\cocos\editors\Creator\3.8.7\resources\resources\3d\engine\bin\.cache\dev\editor\bundled\index.js:165417:5)
    at HierarchyPath.get (C:\ProgramData\cocos\editors\Creator\3.8.7\resources\resources\3d\engine\bin\.cache\dev\editor\bundled\index.js:12248:13)
    at TrackPath.[NormalizedFollow] (C:\ProgramData\cocos\editors\Creator\3.8.7\resources\resources\3d\engine\bin\.cache\dev\editor\bundled\index.js:125941:29)
    at TrackBinding.createRuntimeBinding (C:\ProgramData\cocos\editors\Creator\3.8.7\resources\resources\3d\engine\bin\.cache\dev\editor\bundled\index.js:125978:59)
    at binder (C:\ProgramData\cocos\editors\Creator\3.8.7\resources\resources\3d\engine\bin\.cache\dev\editor\bundled\index.js:8066:41)
    at createExoticTrackEvaluationRecord (C:\ProgramData\cocos\editors\Creator\3.8.7\resources\resources\3d\engine\bin\.cache\dev\editor\bundled\index.js:121093:28)
    at new ExoticNodeAnimationEvaluator (C:\ProgramData\cocos\editors\Creator\3.8.7\resources\resources\3d\engine\bin\.cache\dev\editor\bundled\index.js:121460:30)
    at ExoticNodeAnimation.createEvaluator (C:\ProgramData\cocos\editors\Creator\3.8.7\resources\resources\3d\engine\bin\.cache\dev\editor\bundled\index.js:121191:18)
    at eval (C:\ProgramData\cocos\editors\Creator\3.8.7\resources\resources\3d\engine\bin\.cache\dev\editor\bundled\index.js:121443:85)
    at Array.map (<anonymous>)
    at new ExoticTrsAnimationEvaluator (C:\ProgramData\cocos\editors\Creator\3.8.7\resources\resources\3d\engine\bin\.cache\dev\editor\bundled\index.js:121443:50)
    at ExoticAnimation.createEvaluator (C:\ProgramData\cocos\editors\Creator\3.8.7\resources\resources\3d\engine\bin\.cache\dev\editor\bundled\index.js:121139:18)
    at AnimationClip._createEvalWithBinder (C:\ProgramData\cocos\editors\Creator\3.8.7\resources\resources\3d\engine\bin\.cache\dev\editor\bundled\index.js:8460:62)
    at AnimationClip.createEvaluator (C:\ProgramData\cocos\editors\Creator\3.8.7\resources\resources\3d\engine\bin\.cache\dev\editor\bundled\index.js:8076:23)
    at SkeletalAnimationState.initialize (C:\ProgramData\cocos\editors\Creator\3.8.7\resources\resources\3d\engine\bin\.cache\dev\editor\bundled\index.js:10001:35)
    at SkeletalAnimationState.initialize (C:\ProgramData\cocos\editors\Creator\3.8.7\resources\resources\3d\engine\bin\.cache\dev\editor\bundled\index.js:117846:17)
    at SkeletalAnimation._doCreateState (C:\ProgramData\cocos\editors\Creator\3.8.7\resources\resources\3d\engine\bin\.cache\dev\editor\bundled\index.js:7590:19)
    at SkeletalAnimation._doCreateState (C:\ProgramData\cocos\editors\Creator\3.8.7\resources\resources\3d\engine\bin\.cache\dev\editor\bundled\index.js:118324:31)
    at SkeletalAnimation.createState (C:\ProgramData\cocos\editors\Creator\3.8.7\resources\resources\3d\engine\bin\.cache\dev\editor\bundled\index.js:7432:23)
    at eval (C:\ProgramData\cocos\editors\Creator\3.8.7\resources\resources\3d\engine\bin\.cache\dev\editor\bundled\index.js:7274:20)
    at Array.forEach (<anonymous>)
    at SkeletalAnimation.set clips [as clips] (C:\ProgramData\cocos\editors\Creator\3.8.7\resources\resources\3d\engine\bin\.cache\dev\editor\bundled\index.js:7272:17)
    at SkeletalAnimation.onLoad (C:\ProgramData\cocos\editors\Creator\3.8.7\resources\resources\3d\engine\bin\.cache\dev\editor\bundled\index.js:7312:22)
    at SkeletalAnimation.onLoad (C:\ProgramData\cocos\editors\Creator\3.8.7\resources\resources\3d\engine\bin\.cache\dev\editor\bundled\index.js:118149:17)
    at eval (C:\ProgramData\cocos\editors\Creator\3.8.7\resources\resources\3d\engine\bin\.cache\dev\editor\bundled\index.js:48429:132)
    at OneOffInvoker.eval [as _invoke] (C:\ProgramData\cocos\editors\Creator\3.8.7\resources\resources\3d\engine\bin\.cache\dev\editor\bundled\index.js:46343:9)
    at OneOffInvoker.invoke (C:\ProgramData\cocos\editors\Creator\3.8.7\resources\resources\3d\engine\bin\.cache\dev\editor\bundled\index.js:46462:18)
    at NodeActivator.activateNode (C:\ProgramData\cocos\editors\Creator\3.8.7\resources\resources\3d\engine\bin\.cache\dev\editor\bundled\index.js:48480:27)
    at Scene._activate (C:\ProgramData\cocos\editors\Creator\3.8.7\resources\resources\3d\engine\bin\.cache\dev\editor\bundled\index.js:56317:44)
    at Director.runSceneImmediate (C:\ProgramData\cocos\editors\Creator\3.8.7\resources\resources\3d\engine\bin\.cache\dev\editor\bundled\index.js:88394:17)
    at C:\ProgramData\cocos\editors\Creator\3.8.7\resources\app.asar\builtin\scene\dist\script\3d\manager\scene\utils.ccc:1:381
    at eval (C:\ProgramData\cocos\editors\Creator\3.8.7\resources\resources\3d\engine\bin\.cache\dev\editor\bundled\index.js:135368:9)
    at eval (C:\ProgramData\cocos\editors\Creator\3.8.7\resources\resources\3d\engine\bin\.cache\dev\editor\bundled\index.js:169410:9)
    at sentryWrapped (C:\ProgramData\cocos\editors\Creator\3.8.7\resources\app.asar\node_modules\@sentry\browser\src\helpers.ts:116:17)
2026-6-12 11:39:02 - warn: [Scene] Previous error occurred when instantiating animation clip idle on node Role_1.Error: [Scene] Previous error occurred when instantiating animation clip idle on node Role_1.
    at console.warn (C:\ProgramData\cocos\editors\Creator\3.8.7\resources\app.asar\node_modules\@sentry\core\src\utils-hoist\instrument\console.ts:40:14)
    at warn (C:\ProgramData\cocos\editors\Creator\3.8.7\resources\resources\3d\engine\bin\.cache\dev\editor\bundled\index.js:165229:12)
    at warnID (C:\ProgramData\cocos\editors\Creator\3.8.7\resources\resources\3d\engine\bin\.cache\dev\editor\bundled\index.js:165417:5)
    at binder (C:\ProgramData\cocos\editors\Creator\3.8.7\resources\resources\3d\engine\bin\.cache\dev\editor\bundled\index.js:8072:15)
    at createExoticTrackEvaluationRecord (C:\ProgramData\cocos\editors\Creator\3.8.7\resources\resources\3d\engine\bin\.cache\dev\editor\bundled\index.js:121093:28)
    at new ExoticNodeAnimationEvaluator (C:\ProgramData\cocos\editors\Creator\3.8.7\resources\resources\3d\engine\bin\.cache\dev\editor\bundled\index.js:121460:30)
    at ExoticNodeAnimation.createEvaluator (C:\ProgramData\cocos\editors\Creator\3.8.7\resources\resources\3d\engine\bin\.cache\dev\editor\bundled\index.js:121191:18)
    at eval (C:\ProgramData\cocos\editors\Creator\3.8.7\resources\resources\3d\engine\bin\.cache\dev\editor\bundled\index.js:121443:85)
    at Array.map (<anonymous>)
    at new ExoticTrsAnimationEvaluator (C:\ProgramData\cocos\editors\Creator\3.8.7\resources\resources\3d\engine\bin\.cache\dev\editor\bundled\index.js:121443:50)
    at ExoticAnimation.createEvaluator (C:\ProgramData\cocos\editors\Creator\3.8.7\resources\resources\3d\engine\bin\.cache\dev\editor\bundled\index.js:121139:18)
    at AnimationClip._createEvalWithBinder (C:\ProgramData\cocos\editors\Creator\3.8.7\resources\resources\3d\engine\bin\.cache\dev\editor\bundled\index.js:8460:62)
    at AnimationClip.createEvaluator (C:\ProgramData\cocos\editors\Creator\3.8.7\resources\resources\3d\engine\bin\.cache\dev\editor\bundled\index.js:8076:23)
    at SkeletalAnimationState.initialize (C:\ProgramData\cocos\editors\Creator\3.8.7\resources\resources\3d\engine\bin\.cache\dev\editor\bundled\index.js:10001:35)
    at SkeletalAnimationState.initialize (C:\ProgramData\cocos\editors\Creator\3.8.7\resources\resources\3d\engine\bin\.cache\dev\editor\bundled\index.js:117846:17)
    at SkeletalAnimation._doCreateState (C:\ProgramData\cocos\editors\Creator\3.8.7\resources\resources\3d\engine\bin\.cache\dev\editor\bundled\index.js:7590:19)
    at SkeletalAnimation._doCreateState (C:\ProgramData\cocos\editors\Creator\3.8.7\resources\resources\3d\engine\bin\.cache\dev\editor\bundled\index.js:118324:31)
    at SkeletalAnimation.createState (C:\ProgramData\cocos\editors\Creator\3.8.7\resources\resources\3d\engine\bin\.cache\dev\editor\bundled\index.js:7432:23)
    at eval (C:\ProgramData\cocos\editors\Creator\3.8.7\resources\resources\3d\engine\bin\.cache\dev\editor\bundled\index.js:7274:20)
    at Array.forEach (<anonymous>)
    at SkeletalAnimation.set clips [as clips] (C:\ProgramData\cocos\editors\Creator\3.8.7\resources\resources\3d\engine\bin\.cache\dev\editor\bundled\index.js:7272:17)
    at SkeletalAnimation.onLoad (C:\ProgramData\cocos\editors\Creator\3.8.7\resources\resources\3d\engine\bin\.cache\dev\editor\bundled\index.js:7312:22)
    at SkeletalAnimation.onLoad (C:\ProgramData\cocos\editors\Creator\3.8.7\resources\resources\3d\engine\bin\.cache\dev\editor\bundled\index.js:118149:17)
    at eval (C:\ProgramData\cocos\editors\Creator\3.8.7\resources\resources\3d\engine\bin\.cache\dev\editor\bundled\index.js:48429:132)
    at OneOffInvoker.eval [as _invoke] (C:\ProgramData\cocos\editors\Creator\3.8.7\resources\resources\3d\engine\bin\.cache\dev\editor\bundled\index.js:46343:9)
    at OneOffInvoker.invoke (C:\ProgramData\cocos\editors\Creator\3.8.7\resources\resources\3d\engine\bin\.cache\dev\editor\bundled\index.js:46462:18)
    at NodeActivator.activateNode (C:\ProgramData\cocos\editors\Creator\3.8.7\resources\resources\3d\engine\bin\.cache\dev\editor\bundled\index.js:48480:27)
    at Scene._activate (C:\ProgramData\cocos\editors\Creator\3.8.7\resources\resources\3d\engine\bin\.cache\dev\editor\bundled\index.js:56317:44)
    at Director.runSceneImmediate (C:\ProgramData\cocos\editors\Creator\3.8.7\resources\resources\3d\engine\bin\.cache\dev\editor\bundled\index.js:88394:17)
    at C:\ProgramData\cocos\editors\Creator\3.8.7\resources\app.asar\builtin\scene\dist\script\3d\manager\scene\utils.ccc:1:381
    at eval (C:\ProgramData\cocos\editors\Creator\3.8.7\resources\resources\3d\engine\bin\.cache\dev\editor\bundled\index.js:135368:9)
    at eval (C:\ProgramData\cocos\editors\Creator\3.8.7\resources\resources\3d\engine\bin\.cache\dev\editor\bundled\index.js:169410:9)
    at sentryWrapped (C:\ProgramData\cocos\editors\Creator\3.8.7\resources\app.asar\node_modules\@sentry\browser\src\helpers.ts:116:17)
2026-6-12 11:39:02 - warn: [Scene] Node "Role_1" has no path "zhujue".Error: [Scene] Node "Role_1" has no path "zhujue".
    at console.warn (C:\ProgramData\cocos\editors\Creator\3.8.7\resources\app.asar\node_modules\@sentry\core\src\utils-hoist\instrument\console.ts:40:14)
    at warn (C:\ProgramData\cocos\editors\Creator\3.8.7\resources\resources\3d\engine\bin\.cache\dev\editor\bundled\index.js:165229:12)
    at warnID (C:\ProgramData\cocos\editors\Creator\3.8.7\resources\resources\3d\engine\bin\.cache\dev\editor\bundled\index.js:165417:5)
    at HierarchyPath.get (C:\ProgramData\cocos\editors\Creator\3.8.7\resources\resources\3d\engine\bin\.cache\dev\editor\bundled\index.js:12248:13)
    at TrackPath.[NormalizedFollow] (C:\ProgramData\cocos\editors\Creator\3.8.7\resources\resources\3d\engine\bin\.cache\dev\editor\bundled\index.js:125941:29)
    at TrackBinding.createRuntimeBinding (C:\ProgramData\cocos\editors\Creator\3.8.7\resources\resources\3d\engine\bin\.cache\dev\editor\bundled\index.js:125978:59)
    at binder (C:\ProgramData\cocos\editors\Creator\3.8.7\resources\resources\3d\engine\bin\.cache\dev\editor\bundled\index.js:8066:41)
    at createExoticTrackEvaluationRecord (C:\ProgramData\cocos\editors\Creator\3.8.7\resources\resources\3d\engine\bin\.cache\dev\editor\bundled\index.js:121093:28)
    at new ExoticNodeAnimationEvaluator (C:\ProgramData\cocos\editors\Creator\3.8.7\resources\resources\3d\engine\bin\.cache\dev\editor\bundled\index.js:121463:27)
    at ExoticNodeAnimation.createEvaluator (C:\ProgramData\cocos\editors\Creator\3.8.7\resources\resources\3d\engine\bin\.cache\dev\editor\bundled\index.js:121191:18)
    at eval (C:\ProgramData\cocos\editors\Creator\3.8.7\resources\resources\3d\engine\bin\.cache\dev\editor\bundled\index.js:121443:85)
    at Array.map (<anonymous>)
    at new ExoticTrsAnimationEvaluator (C:\ProgramData\cocos\editors\Creator\3.8.7\resources\resources\3d\engine\bin\.cache\dev\editor\bundled\index.js:121443:50)
    at ExoticAnimation.createEvaluator (C:\ProgramData\cocos\editors\Creator\3.8.7\resources\resources\3d\engine\bin\.cache\dev\editor\bundled\index.js:121139:18)
    at AnimationClip._createEvalWithBinder (C:\ProgramData\cocos\editors\Creator\3.8.7\resources\resources\3d\engine\bin\.cache\dev\editor\bundled\index.js:8460:62)
    at AnimationClip.createEvaluator (C:\ProgramData\cocos\editors\Creator\3.8.7\resources\resources\3d\engine\bin\.cache\dev\editor\bundled\index.js:8076:23)
    at SkeletalAnimationState.initialize (C:\ProgramData\cocos\editors\Creator\3.8.7\resources\resources\3d\engine\bin\.cache\dev\editor\bundled\index.js:10001:35)
    at SkeletalAnimationState.initialize (C:\ProgramData\cocos\editors\Creator\3.8.7\resources\resources\3d\engine\bin\.cache\dev\editor\bundled\index.js:117846:17)
    at SkeletalAnimation._doCreateState (C:\ProgramData\cocos\editors\Creator\3.8.7\resources\resources\3d\engine\bin\.cache\dev\editor\bundled\index.js:7590:19)
    at SkeletalAnimation._doCreateState (C:\ProgramData\cocos\editors\Creator\3.8.7\resources\resources\3d\engine\bin\.cache\dev\editor\bundled\index.js:118324:31)
    at SkeletalAnimation.createState (C:\ProgramData\cocos\editors\Creator\3.8.7\resources\resources\3d\engine\bin\.cache\dev\editor\bundled\index.js:7432:23)
    at eval (C:\ProgramData\cocos\editors\Creator\3.8.7\resources\resources\3d\engine\bin\.cache\dev\editor\bundled\index.js:7274:20)
    at Array.forEach (<anonymous>)
    at SkeletalAnimation.set clips [as clips] (C:\ProgramData\cocos\editors\Creator\3.8.7\resources\resources\3d\engine\bin\.cache\dev\editor\bundled\index.js:7272:17)
    at SkeletalAnimation.onLoad (C:\ProgramData\cocos\editors\Creator\3.8.7\resources\resources\3d\engine\bin\.cache\dev\editor\bundled\index.js:7312:22)
    at SkeletalAnimation.onLoad (C:\ProgramData\cocos\editors\Creator\3.8.7\resources\resources\3d\engine\bin\.cache\dev\editor\bundled\index.js:118149:17)
    at eval (C:\ProgramData\cocos\editors\Creator\3.8.7\resources\resources\3d\engine\bin\.cache\dev\editor\bundled\index.js:48429:132)
    at OneOffInvoker.eval [as _invoke] (C:\ProgramData\cocos\editors\Creator\3.8.7\resources\resources\3d\engine\bin\.cache\dev\editor\bundled\index.js:46343:9)
    at OneOffInvoker.invoke (C:\ProgramData\cocos\editors\Creator\3.8.7\resources\resources\3d\engine\bin\.cache\dev\editor\bundled\index.js:46462:18)
    at NodeActivator.activateNode (C:\ProgramData\cocos\editors\Creator\3.8.7\resources\resources\3d\engine\bin\.cache\dev\editor\bundled\index.js:48480:27)
    at Scene._activate (C:\ProgramData\cocos\editors\Creator\3.8.7\resources\resources\3d\engine\bin\.cache\dev\editor\bundled\index.js:56317:44)
    at Director.runSceneImmediate (C:\ProgramData\cocos\editors\Creator\3.8.7\resources\resources\3d\engine\bin\.cache\dev\editor\bundled\index.js:88394:17)
    at C:\ProgramData\cocos\editors\Creator\3.8.7\resources\app.asar\builtin\scene\dist\script\3d\manager\scene\utils.ccc:1:381
    at eval (C:\ProgramData\cocos\editors\Creator\3.8.7\resources\resources\3d\engine\bin\.cache\dev\editor\bundled\index.js:135368:9)
    at eval (C:\ProgramData\cocos\editors\Creator\3.8.7\resources\resources\3d\engine\bin\.cache\dev\editor\bundled\index.js:169410:9)
    at sentryWrapped (C:\ProgramData\cocos\editors\Creator\3.8.7\resources\app.asar\node_modules\@sentry\browser\src\helpers.ts:116:17)
2026-6-12 11:39:02 - warn: [Scene] Previous error occurred when instantiating animation clip idle on node Role_1.Error: [Scene] Previous error occurred when instantiating animation clip idle on node Role_1.
    at console.warn (C:\ProgramData\cocos\editors\Creator\3.8.7\resources\app.asar\node_modules\@sentry\core\src\utils-hoist\instrument\console.ts:40:14)
    at warn (C:\ProgramData\cocos\editors\Creator\3.8.7\resources\resources\3d\engine\bin\.cache\dev\editor\bundled\index.js:165229:12)
    at warnID (C:\ProgramData\cocos\editors\Creator\3.8.7\resources\resources\3d\engine\bin\.cache\dev\editor\bundled\index.js:165417:5)
    at binder (C:\ProgramData\cocos\editors\Creator\3.8.7\resources\resources\3d\engine\bin\.cache\dev\editor\bundled\index.js:8072:15)
    at createExoticTrackEvaluationRecord (C:\ProgramData\cocos\editors\Creator\3.8.7\resources\resources\3d\engine\bin\.cache\dev\editor\bundled\index.js:121093:28)
    at new ExoticNodeAnimationEvaluator (C:\ProgramData\cocos\editors\Creator\3.8.7\resources\resources\3d\engine\bin\.cache\dev\editor\bundled\index.js:121463:27)
    at ExoticNodeAnimation.createEvaluator (C:\ProgramData\cocos\editors\Creator\3.8.7\resources\resources\3d\engine\bin\.cache\dev\editor\bundled\index.js:121191:18)
    at eval (C:\ProgramData\cocos\editors\Creator\3.8.7\resources\resources\3d\engine\bin\.cache\dev\editor\bundled\index.js:121443:85)
    at Array.map (<anonymous>)
    at new ExoticTrsAnimationEvaluator (C:\ProgramData\cocos\editors\Creator\3.8.7\resources\resources\3d\engine\bin\.cache\dev\editor\bundled\index.js:121443:50)
    at ExoticAnimation.createEvaluator (C:\ProgramData\cocos\editors\Creator\3.8.7\resources\resources\3d\engine\bin\.cache\dev\editor\bundled\index.js:121139:18)
    at AnimationClip._createEvalWithBinder (C:\ProgramData\cocos\editors\Creator\3.8.7\resources\resources\3d\engine\bin\.cache\dev\editor\bundled\index.js:8460:62)
    at AnimationClip.createEvaluator (C:\ProgramData\cocos\editors\Creator\3.8.7\resources\resources\3d\engine\bin\.cache\dev\editor\bundled\index.js:8076:23)
    at SkeletalAnimationState.initialize (C:\ProgramData\cocos\editors\Creator\3.8.7\resources\resources\3d\engine\bin\.cache\dev\editor\bundled\index.js:10001:35)
    at SkeletalAnimationState.initialize (C:\ProgramData\cocos\editors\Creator\3.8.7\resources\resources\3d\engine\bin\.cache\dev\editor\bundled\index.js:117846:17)
    at SkeletalAnimation._doCreateState (C:\ProgramData\cocos\editors\Creator\3.8.7\resources\resources\3d\engine\bin\.cache\dev\editor\bundled\index.js:7590:19)
    at SkeletalAnimation._doCreateState (C:\ProgramData\cocos\editors\Creator\3.8.7\resources\resources\3d\engine\bin\.cache\dev\editor\bundled\index.js:118324:31)
    at SkeletalAnimation.createState (C:\ProgramData\cocos\editors\Creator\3.8.7\resources\resources\3d\engine\bin\.cache\dev\editor\bundled\index.js:7432:23)
    at eval (C:\ProgramData\cocos\editors\Creator\3.8.7\resources\resources\3d\engine\bin\.cache\dev\editor\bundled\index.js:7274:20)
    at Array.forEach (<anonymous>)
    at SkeletalAnimation.set clips [as clips] (C:\ProgramData\cocos\editors\Creator\3.8.7\resources\resources\3d\engine\bin\.cache\dev\editor\bundled\index.js:7272:17)
    at SkeletalAnimation.onLoad (C:\ProgramData\cocos\editors\Creator\3.8.7\resources\resources\3d\engine\bin\.cache\dev\editor\bundled\index.js:7312:22)
    at SkeletalAnimation.onLoad (C:\ProgramData\cocos\editors\Creator\3.8.7\resources\resources\3d\engine\bin\.cache\dev\editor\bundled\index.js:118149:17)
    at eval (C:\ProgramData\cocos\editors\Creator\3.8.7\resources\resources\3d\engine\bin\.cache\dev\editor\bundled\index.js:48429:132)
    at OneOffInvoker.eval [as _invoke] (C:\ProgramData\cocos\editors\Creator\3.8.7\resources\resources\3d\engine\bin\.cache\dev\editor\bundled\index.js:46343:9)
    at OneOffInvoker.invoke (C:\ProgramData\cocos\editors\Creator\3.8.7\resources\resources\3d\engine\bin\.cache\dev\editor\bundled\index.js:46462:18)
    at NodeActivator.activateNode (C:\ProgramData\cocos\editors\Creator\3.8.7\resources\resources\3d\engine\bin\.cache\dev\editor\bundled\index.js:48480:27)
    at Scene._activate (C:\ProgramData\cocos\editors\Creator\3.8.7\resources\resources\3d\engine\bin\.cache\dev\editor\bundled\index.js:56317:44)
    at Director.runSceneImmediate (C:\ProgramData\cocos\editors\Creator\3.8.7\resources\resources\3d\engine\bin\.cache\dev\editor\bundled\index.js:88394:17)
    at C:\ProgramData\cocos\editors\Creator\3.8.7\resources\app.asar\builtin\scene\dist\script\3d\manager\scene\utils.ccc:1:381
    at eval (C:\ProgramData\cocos\editors\Creator\3.8.7\resources\resources\3d\engine\bin\.cache\dev\editor\bundled\index.js:135368:9)
    at eval (C:\ProgramData\cocos\editors\Creator\3.8.7\resources\resources\3d\engine\bin\.cache\dev\editor\bundled\index.js:169410:9)
    at sentryWrapped (C:\ProgramData\cocos\editors\Creator\3.8.7\resources\app.asar\node_modules\@sentry\browser\src\helpers.ts:116:17)
2026-6-12 11:39:02 - warn: [Scene] Node "Role_1" has no path "Bip001 Prop1 Socket/AK".Error: [Scene] Node "Role_1" has no path "Bip001 Prop1 Socket/AK".
    at console.warn (C:\ProgramData\cocos\editors\Creator\3.8.7\resources\app.asar\node_modules\@sentry\core\src\utils-hoist\instrument\console.ts:40:14)
    at warn (C:\ProgramData\cocos\editors\Creator\3.8.7\resources\resources\3d\engine\bin\.cache\dev\editor\bundled\index.js:165229:12)
    at warnID (C:\ProgramData\cocos\editors\Creator\3.8.7\resources\resources\3d\engine\bin\.cache\dev\editor\bundled\index.js:165417:5)
    at HierarchyPath.get (C:\ProgramData\cocos\editors\Creator\3.8.7\resources\resources\3d\engine\bin\.cache\dev\editor\bundled\index.js:12248:13)
    at TrackPath.[NormalizedFollow] (C:\ProgramData\cocos\editors\Creator\3.8.7\resources\resources\3d\engine\bin\.cache\dev\editor\bundled\index.js:125941:29)
    at TrackBinding.createRuntimeBinding (C:\ProgramData\cocos\editors\Creator\3.8.7\resources\resources\3d\engine\bin\.cache\dev\editor\bundled\index.js:125978:59)
    at binder (C:\ProgramData\cocos\editors\Creator\3.8.7\resources\resources\3d\engine\bin\.cache\dev\editor\bundled\index.js:8066:41)
    at createExoticTrackEvaluationRecord (C:\ProgramData\cocos\editors\Creator\3.8.7\resources\resources\3d\engine\bin\.cache\dev\editor\bundled\index.js:121093:28)
    at new ExoticNodeAnimationEvaluator (C:\ProgramData\cocos\editors\Creator\3.8.7\resources\resources\3d\engine\bin\.cache\dev\editor\bundled\index.js:121457:30)
    at ExoticNodeAnimation.createEvaluator (C:\ProgramData\cocos\editors\Creator\3.8.7\resources\resources\3d\engine\bin\.cache\dev\editor\bundled\index.js:121191:18)
    at eval (C:\ProgramData\cocos\editors\Creator\3.8.7\resources\resources\3d\engine\bin\.cache\dev\editor\bundled\index.js:121443:85)
    at Array.map (<anonymous>)
    at new ExoticTrsAnimationEvaluator (C:\ProgramData\cocos\editors\Creator\3.8.7\resources\resources\3d\engine\bin\.cache\dev\editor\bundled\index.js:121443:50)
    at ExoticAnimation.createEvaluator (C:\ProgramData\cocos\editors\Creator\3.8.7\resources\resources\3d\engine\bin\.cache\dev\editor\bundled\index.js:121139:18)
    at AnimationClip._createEvalWithBinder (C:\ProgramData\cocos\editors\Creator\3.8.7\resources\resources\3d\engine\bin\.cache\dev\editor\bundled\index.js:8460:62)
    at AnimationClip.createEvaluator (C:\ProgramData\cocos\editors\Creator\3.8.7\resources\resources\3d\engine\bin\.cache\dev\editor\bundled\index.js:8076:23)
    at SkeletalAnimationState.initialize (C:\ProgramData\cocos\editors\Creator\3.8.7\resources\resources\3d\engine\bin\.cache\dev\editor\bundled\index.js:10001:35)
    at SkeletalAnimationState.initialize (C:\ProgramData\cocos\editors\Creator\3.8.7\resources\resources\3d\engine\bin\.cache\dev\editor\bundled\index.js:117846:17)
    at SkeletalAnimation._doCreateState (C:\ProgramData\cocos\editors\Creator\3.8.7\resources\resources\3d\engine\bin\.cache\dev\editor\bundled\index.js:7590:19)
    at SkeletalAnimation._doCreateState (C:\ProgramData\cocos\editors\Creator\3.8.7\resources\resources\3d\engine\bin\.cache\dev\editor\bundled\index.js:118324:31)
    at SkeletalAnimation.createState (C:\ProgramData\cocos\editors\Creator\3.8.7\resources\resources\3d\engine\bin\.cache\dev\editor\bundled\index.js:7432:23)
    at eval (C:\ProgramData\cocos\editors\Creator\3.8.7\resources\resources\3d\engine\bin\.cache\dev\editor\bundled\index.js:7274:20)
    at Array.forEach (<anonymous>)
    at SkeletalAnimation.set clips [as clips] (C:\ProgramData\cocos\editors\Creator\3.8.7\resources\resources\3d\engine\bin\.cache\dev\editor\bundled\index.js:7272:17)
    at SkeletalAnimation.onLoad (C:\ProgramData\cocos\editors\Creator\3.8.7\resources\resources\3d\engine\bin\.cache\dev\editor\bundled\index.js:7312:22)
    at SkeletalAnimation.onLoad (C:\ProgramData\cocos\editors\Creator\3.8.7\resources\resources\3d\engine\bin\.cache\dev\editor\bundled\index.js:118149:17)
    at eval (C:\ProgramData\cocos\editors\Creator\3.8.7\resources\resources\3d\engine\bin\.cache\dev\editor\bundled\index.js:48429:132)
    at OneOffInvoker.eval [as _invoke] (C:\ProgramData\cocos\editors\Creator\3.8.7\resources\resources\3d\engine\bin\.cache\dev\editor\bundled\index.js:46343:9)
    at OneOffInvoker.invoke (C:\ProgramData\cocos\editors\Creator\3.8.7\resources\resources\3d\engine\bin\.cache\dev\editor\bundled\index.js:46462:18)
    at NodeActivator.activateNode (C:\ProgramData\cocos\editors\Creator\3.8.7\resources\resources\3d\engine\bin\.cache\dev\editor\bundled\index.js:48480:27)
    at Scene._activate (C:\ProgramData\cocos\editors\Creator\3.8.7\resources\resources\3d\engine\bin\.cache\dev\editor\bundled\index.js:56317:44)
    at Director.runSceneImmediate (C:\ProgramData\cocos\editors\Creator\3.8.7\resources\resources\3d\engine\bin\.cache\dev\editor\bundled\index.js:88394:17)
    at C:\ProgramData\cocos\editors\Creator\3.8.7\resources\app.asar\builtin\scene\dist\script\3d\manager\scene\utils.ccc:1:381
    at eval (C:\ProgramData\cocos\editors\Creator\3.8.7\resources\resources\3d\engine\bin\.cache\dev\editor\bundled\index.js:135368:9)
    at eval (C:\ProgramData\cocos\editors\Creator\3.8.7\resources\resources\3d\engine\bin\.cache\dev\editor\bundled\index.js:169410:9)
    at sentryWrapped (C:\ProgramData\cocos\editors\Creator\3.8.7\resources\app.asar\node_modules\@sentry\browser\src\helpers.ts:116:17)
2026-6-12 11:39:02 - warn: [Scene] Previous error occurred when instantiating animation clip idle on node Role_1.Error: [Scene] Previous error occurred when instantiating animation clip idle on node Role_1.
    at console.warn (C:\ProgramData\cocos\editors\Creator\3.8.7\resources\app.asar\node_modules\@sentry\core\src\utils-hoist\instrument\console.ts:40:14)
    at warn (C:\ProgramData\cocos\editors\Creator\3.8.7\resources\resources\3d\engine\bin\.cache\dev\editor\bundled\index.js:165229:12)
    at warnID (C:\ProgramData\cocos\editors\Creator\3.8.7\resources\resources\3d\engine\bin\.cache\dev\editor\bundled\index.js:165417:5)
    at binder (C:\ProgramData\cocos\editors\Creator\3.8.7\resources\resources\3d\engine\bin\.cache\dev\editor\bundled\index.js:8072:15)
    at createExoticTrackEvaluationRecord (C:\ProgramData\cocos\editors\Creator\3.8.7\resources\resources\3d\engine\bin\.cache\dev\editor\bundled\index.js:121093:28)
    at new ExoticNodeAnimationEvaluator (C:\ProgramData\cocos\editors\Creator\3.8.7\resources\resources\3d\engine\bin\.cache\dev\editor\bundled\index.js:121457:30)
    at ExoticNodeAnimation.createEvaluator (C:\ProgramData\cocos\editors\Creator\3.8.7\resources\resources\3d\engine\bin\.cache\dev\editor\bundled\index.js:121191:18)
    at eval (C:\ProgramData\cocos\editors\Creator\3.8.7\resources\resources\3d\engine\bin\.cache\dev\editor\bundled\index.js:121443:85)
    at Array.map (<anonymous>)
    at new ExoticTrsAnimationEvaluator (C:\ProgramData\cocos\editors\Creator\3.8.7\resources\resources\3d\engine\bin\.cache\dev\editor\bundled\index.js:121443:50)
    at ExoticAnimation.createEvaluator (C:\ProgramData\cocos\editors\Creator\3.8.7\resources\resources\3d\engine\bin\.cache\dev\editor\bundled\index.js:121139:18)
    at AnimationClip._createEvalWithBinder (C:\ProgramData\cocos\editors\Creator\3.8.7\resources\resources\3d\engine\bin\.cache\dev\editor\bundled\index.js:8460:62)
    at AnimationClip.createEvaluator (C:\ProgramData\cocos\editors\Creator\3.8.7\resources\resources\3d\engine\bin\.cache\dev\editor\bundled\index.js:8076:23)
    at SkeletalAnimationState.initialize (C:\ProgramData\cocos\editors\Creator\3.8.7\resources\resources\3d\engine\bin\.cache\dev\editor\bundled\index.js:10001:35)
    at SkeletalAnimationState.initialize (C:\ProgramData\cocos\editors\Creator\3.8.7\resources\resources\3d\engine\bin\.cache\dev\editor\bundled\index.js:117846:17)
    at SkeletalAnimation._doCreateState (C:\ProgramData\cocos\editors\Creator\3.8.7\resources\resources\3d\engine\bin\.cache\dev\editor\bundled\index.js:7590:19)
    at SkeletalAnimation._doCreateState (C:\ProgramData\cocos\editors\Creator\3.8.7\resources\resources\3d\engine\bin\.cache\dev\editor\bundled\index.js:118324:31)
    at SkeletalAnimation.createState (C:\ProgramData\cocos\editors\Creator\3.8.7\resources\resources\3d\engine\bin\.cache\dev\editor\bundled\index.js:7432:23)
    at eval (C:\ProgramData\cocos\editors\Creator\3.8.7\resources\resources\3d\engine\bin\.cache\dev\editor\bundled\index.js:7274:20)
    at Array.forEach (<anonymous>)
    at SkeletalAnimation.set clips [as clips] (C:\ProgramData\cocos\editors\Creator\3.8.7\resources\resources\3d\engine\bin\.cache\dev\editor\bundled\index.js:7272:17)
    at SkeletalAnimation.onLoad (C:\ProgramData\cocos\editors\Creator\3.8.7\resources\resources\3d\engine\bin\.cache\dev\editor\bundled\index.js:7312:22)
    at SkeletalAnimation.onLoad (C:\ProgramData\cocos\editors\Creator\3.8.7\resources\resources\3d\engine\bin\.cache\dev\editor\bundled\index.js:118149:17)
    at eval (C:\ProgramData\cocos\editors\Creator\3.8.7\resources\resources\3d\engine\bin\.cache\dev\editor\bundled\index.js:48429:132)
    at OneOffInvoker.eval [as _invoke] (C:\ProgramData\cocos\editors\Creator\3.8.7\resources\resources\3d\engine\bin\.cache\dev\editor\bundled\index.js:46343:9)
    at OneOffInvoker.invoke (C:\ProgramData\cocos\editors\Creator\3.8.7\resources\resources\3d\engine\bin\.cache\dev\editor\bundled\index.js:46462:18)
    at NodeActivator.activateNode (C:\ProgramData\cocos\editors\Creator\3.8.7\resources\resources\3d\engine\bin\.cache\dev\editor\bundled\index.js:48480:27)
    at Scene._activate (C:\ProgramData\cocos\editors\Creator\3.8.7\resources\resources\3d\engine\bin\.cache\dev\editor\bundled\index.js:56317:44)
    at Director.runSceneImmediate (C:\ProgramData\cocos\editors\Creator\3.8.7\resources\resources\3d\engine\bin\.cache\dev\editor\bundled\index.js:88394:17)
    at C:\ProgramData\cocos\editors\Creator\3.8.7\resources\app.asar\builtin\scene\dist\script\3d\manager\scene\utils.ccc:1:381
    at eval (C:\ProgramData\cocos\editors\Creator\3.8.7\resources\resources\3d\engine\bin\.cache\dev\editor\bundled\index.js:135368:9)
    at eval (C:\ProgramData\cocos\editors\Creator\3.8.7\resources\resources\3d\engine\bin\.cache\dev\editor\bundled\index.js:169410:9)
    at sentryWrapped (C:\ProgramData\cocos\editors\Creator\3.8.7\resources\app.asar\node_modules\@sentry\browser\src\helpers.ts:116:17)
2026-6-12 11:39:02 - warn: [Scene] Node "Role_1" has no path "Bip001 Prop1 Socket/AK".Error: [Scene] Node "Role_1" has no path "Bip001 Prop1 Socket/AK".
    at console.warn (C:\ProgramData\cocos\editors\Creator\3.8.7\resources\app.asar\node_modules\@sentry\core\src\utils-hoist\instrument\console.ts:40:14)
    at warn (C:\ProgramData\cocos\editors\Creator\3.8.7\resources\resources\3d\engine\bin\.cache\dev\editor\bundled\index.js:165229:12)
    at warnID (C:\ProgramData\cocos\editors\Creator\3.8.7\resources\resources\3d\engine\bin\.cache\dev\editor\bundled\index.js:165417:5)
    at HierarchyPath.get (C:\ProgramData\cocos\editors\Creator\3.8.7\resources\resources\3d\engine\bin\.cache\dev\editor\bundled\index.js:12248:13)
    at TrackPath.[NormalizedFollow] (C:\ProgramData\cocos\editors\Creator\3.8.7\resources\resources\3d\engine\bin\.cache\dev\editor\bundled\index.js:125941:29)
    at TrackBinding.createRuntimeBinding (C:\ProgramData\cocos\editors\Creator\3.8.7\resources\resources\3d\engine\bin\.cache\dev\editor\bundled\index.js:125978:59)
    at binder (C:\ProgramData\cocos\editors\Creator\3.8.7\resources\resources\3d\engine\bin\.cache\dev\editor\bundled\index.js:8066:41)
    at createExoticTrackEvaluationRecord (C:\ProgramData\cocos\editors\Creator\3.8.7\resources\resources\3d\engine\bin\.cache\dev\editor\bundled\index.js:121093:28)
    at new ExoticNodeAnimationEvaluator (C:\ProgramData\cocos\editors\Creator\3.8.7\resources\resources\3d\engine\bin\.cache\dev\editor\bundled\index.js:121460:30)
    at ExoticNodeAnimation.createEvaluator (C:\ProgramData\cocos\editors\Creator\3.8.7\resources\resources\3d\engine\bin\.cache\dev\editor\bundled\index.js:121191:18)
    at eval (C:\ProgramData\cocos\editors\Creator\3.8.7\resources\resources\3d\engine\bin\.cache\dev\editor\bundled\index.js:121443:85)
    at Array.map (<anonymous>)
    at new ExoticTrsAnimationEvaluator (C:\ProgramData\cocos\editors\Creator\3.8.7\resources\resources\3d\engine\bin\.cache\dev\editor\bundled\index.js:121443:50)
    at ExoticAnimation.createEvaluator (C:\ProgramData\cocos\editors\Creator\3.8.7\resources\resources\3d\engine\bin\.cache\dev\editor\bundled\index.js:121139:18)
    at AnimationClip._createEvalWithBinder (C:\ProgramData\cocos\editors\Creator\3.8.7\resources\resources\3d\engine\bin\.cache\dev\editor\bundled\index.js:8460:62)
    at AnimationClip.createEvaluator (C:\ProgramData\cocos\editors\Creator\3.8.7\resources\resources\3d\engine\bin\.cache\dev\editor\bundled\index.js:8076:23)
    at SkeletalAnimationState.initialize (C:\ProgramData\cocos\editors\Creator\3.8.7\resources\resources\3d\engine\bin\.cache\dev\editor\bundled\index.js:10001:35)
    at SkeletalAnimationState.initialize (C:\ProgramData\cocos\editors\Creator\3.8.7\resources\resources\3d\engine\bin\.cache\dev\editor\bundled\index.js:117846:17)
    at SkeletalAnimation._doCreateState (C:\ProgramData\cocos\editors\Creator\3.8.7\resources\resources\3d\engine\bin\.cache\dev\editor\bundled\index.js:7590:19)
    at SkeletalAnimation._doCreateState (C:\ProgramData\cocos\editors\Creator\3.8.7\resources\resources\3d\engine\bin\.cache\dev\editor\bundled\index.js:118324:31)
    at SkeletalAnimation.createState (C:\ProgramData\cocos\editors\Creator\3.8.7\resources\resources\3d\engine\bin\.cache\dev\editor\bundled\index.js:7432:23)
    at eval (C:\ProgramData\cocos\editors\Creator\3.8.7\resources\resources\3d\engine\bin\.cache\dev\editor\bundled\index.js:7274:20)
    at Array.forEach (<anonymous>)
    at SkeletalAnimation.set clips [as clips] (C:\ProgramData\cocos\editors\Creator\3.8.7\resources\resources\3d\engine\bin\.cache\dev\editor\bundled\index.js:7272:17)
    at SkeletalAnimation.onLoad (C:\ProgramData\cocos\editors\Creator\3.8.7\resources\resources\3d\engine\bin\.cache\dev\editor\bundled\index.js:7312:22)
    at SkeletalAnimation.onLoad (C:\ProgramData\cocos\editors\Creator\3.8.7\resources\resources\3d\engine\bin\.cache\dev\editor\bundled\index.js:118149:17)
    at eval (C:\ProgramData\cocos\editors\Creator\3.8.7\resources\resources\3d\engine\bin\.cache\dev\editor\bundled\index.js:48429:132)
    at OneOffInvoker.eval [as _invoke] (C:\ProgramData\cocos\editors\Creator\3.8.7\resources\resources\3d\engine\bin\.cache\dev\editor\bundled\index.js:46343:9)
    at OneOffInvoker.invoke (C:\ProgramData\cocos\editors\Creator\3.8.7\resources\resources\3d\engine\bin\.cache\dev\editor\bundled\index.js:46462:18)
    at NodeActivator.activateNode (C:\ProgramData\cocos\editors\Creator\3.8.7\resources\resources\3d\engine\bin\.cache\dev\editor\bundled\index.js:48480:27)
    at Scene._activate (C:\ProgramData\cocos\editors\Creator\3.8.7\resources\resources\3d\engine\bin\.cache\dev\editor\bundled\index.js:56317:44)
    at Director.runSceneImmediate (C:\ProgramData\cocos\editors\Creator\3.8.7\resources\resources\3d\engine\bin\.cache\dev\editor\bundled\index.js:88394:17)
    at C:\ProgramData\cocos\editors\Creator\3.8.7\resources\app.asar\builtin\scene\dist\script\3d\manager\scene\utils.ccc:1:381
    at eval (C:\ProgramData\cocos\editors\Creator\3.8.7\resources\resources\3d\engine\bin\.cache\dev\editor\bundled\index.js:135368:9)
    at eval (C:\ProgramData\cocos\editors\Creator\3.8.7\resources\resources\3d\engine\bin\.cache\dev\editor\bundled\index.js:169410:9)
    at sentryWrapped (C:\ProgramData\cocos\editors\Creator\3.8.7\resources\app.asar\node_modules\@sentry\browser\src\helpers.ts:116:17)
2026-6-12 11:39:02 - warn: [Scene] Previous error occurred when instantiating animation clip idle on node Role_1.Error: [Scene] Previous error occurred when instantiating animation clip idle on node Role_1.
    at console.warn (C:\ProgramData\cocos\editors\Creator\3.8.7\resources\app.asar\node_modules\@sentry\core\src\utils-hoist\instrument\console.ts:40:14)
    at warn (C:\ProgramData\cocos\editors\Creator\3.8.7\resources\resources\3d\engine\bin\.cache\dev\editor\bundled\index.js:165229:12)
    at warnID (C:\ProgramData\cocos\editors\Creator\3.8.7\resources\resources\3d\engine\bin\.cache\dev\editor\bundled\index.js:165417:5)
    at binder (C:\ProgramData\cocos\editors\Creator\3.8.7\resources\resources\3d\engine\bin\.cache\dev\editor\bundled\index.js:8072:15)
    at createExoticTrackEvaluationRecord (C:\ProgramData\cocos\editors\Creator\3.8.7\resources\resources\3d\engine\bin\.cache\dev\editor\bundled\index.js:121093:28)
    at new ExoticNodeAnimationEvaluator (C:\ProgramData\cocos\editors\Creator\3.8.7\resources\resources\3d\engine\bin\.cache\dev\editor\bundled\index.js:121460:30)
    at ExoticNodeAnimation.createEvaluator (C:\ProgramData\cocos\editors\Creator\3.8.7\resources\resources\3d\engine\bin\.cache\dev\editor\bundled\index.js:121191:18)
    at eval (C:\ProgramData\cocos\editors\Creator\3.8.7\resources\resources\3d\engine\bin\.cache\dev\editor\bundled\index.js:121443:85)
    at Array.map (<anonymous>)
    at new ExoticTrsAnimationEvaluator (C:\ProgramData\cocos\editors\Creator\3.8.7\resources\resources\3d\engine\bin\.cache\dev\editor\bundled\index.js:121443:50)
    at ExoticAnimation.createEvaluator (C:\ProgramData\cocos\editors\Creator\3.8.7\resources\resources\3d\engine\bin\.cache\dev\editor\bundled\index.js:121139:18)
    at AnimationClip._createEvalWithBinder (C:\ProgramData\cocos\editors\Creator\3.8.7\resources\resources\3d\engine\bin\.cache\dev\editor\bundled\index.js:8460:62)
    at AnimationClip.createEvaluator (C:\ProgramData\cocos\editors\Creator\3.8.7\resources\resources\3d\engine\bin\.cache\dev\editor\bundled\index.js:8076:23)
    at SkeletalAnimationState.initialize (C:\ProgramData\cocos\editors\Creator\3.8.7\resources\resources\3d\engine\bin\.cache\dev\editor\bundled\index.js:10001:35)
    at SkeletalAnimationState.initialize (C:\ProgramData\cocos\editors\Creator\3.8.7\resources\resources\3d\engine\bin\.cache\dev\editor\bundled\index.js:117846:17)
    at SkeletalAnimation._doCreateState (C:\ProgramData\cocos\editors\Creator\3.8.7\resources\resources\3d\engine\bin\.cache\dev\editor\bundled\index.js:7590:19)
    at SkeletalAnimation._doCreateState (C:\ProgramData\cocos\editors\Creator\3.8.7\resources\resources\3d\engine\bin\.cache\dev\editor\bundled\index.js:118324:31)
    at SkeletalAnimation.createState (C:\ProgramData\cocos\editors\Creator\3.8.7\resources\resources\3d\engine\bin\.cache\dev\editor\bundled\index.js:7432:23)
    at eval (C:\ProgramData\cocos\editors\Creator\3.8.7\resources\resources\3d\engine\bin\.cache\dev\editor\bundled\index.js:7274:20)
    at Array.forEach (<anonymous>)
    at SkeletalAnimation.set clips [as clips] (C:\ProgramData\cocos\editors\Creator\3.8.7\resources\resources\3d\engine\bin\.cache\dev\editor\bundled\index.js:7272:17)
    at SkeletalAnimation.onLoad (C:\ProgramData\cocos\editors\Creator\3.8.7\resources\resources\3d\engine\bin\.cache\dev\editor\bundled\index.js:7312:22)
    at SkeletalAnimation.onLoad (C:\ProgramData\cocos\editors\Creator\3.8.7\resources\resources\3d\engine\bin\.cache\dev\editor\bundled\index.js:118149:17)
    at eval (C:\ProgramData\cocos\editors\Creator\3.8.7\resources\resources\3d\engine\bin\.cache\dev\editor\bundled\index.js:48429:132)
    at OneOffInvoker.eval [as _invoke] (C:\ProgramData\cocos\editors\Creator\3.8.7\resources\resources\3d\engine\bin\.cache\dev\editor\bundled\index.js:46343:9)
    at OneOffInvoker.invoke (C:\ProgramData\cocos\editors\Creator\3.8.7\resources\resources\3d\engine\bin\.cache\dev\editor\bundled\index.js:46462:18)
    at NodeActivator.activateNode (C:\ProgramData\cocos\editors\Creator\3.8.7\resources\resources\3d\engine\bin\.cache\dev\editor\bundled\index.js:48480:27)
    at Scene._activate (C:\ProgramData\cocos\editors\Creator\3.8.7\resources\resources\3d\engine\bin\.cache\dev\editor\bundled\index.js:56317:44)
    at Director.runSceneImmediate (C:\ProgramData\cocos\editors\Creator\3.8.7\resources\resources\3d\engine\bin\.cache\dev\editor\bundled\index.js:88394:17)
    at C:\ProgramData\cocos\editors\Creator\3.8.7\resources\app.asar\builtin\scene\dist\script\3d\manager\scene\utils.ccc:1:381
    at eval (C:\ProgramData\cocos\editors\Creator\3.8.7\resources\resources\3d\engine\bin\.cache\dev\editor\bundled\index.js:135368:9)
    at eval (C:\ProgramData\cocos\editors\Creator\3.8.7\resources\resources\3d\engine\bin\.cache\dev\editor\bundled\index.js:169410:9)
    at sentryWrapped (C:\ProgramData\cocos\editors\Creator\3.8.7\resources\app.asar\node_modules\@sentry\browser\src\helpers.ts:116:17)
2026-6-12 11:39:02 - warn: [Scene] Node "Role_1" has no path "Bip001 Prop1 Socket/AK".Error: [Scene] Node "Role_1" has no path "Bip001 Prop1 Socket/AK".
    at console.warn (C:\ProgramData\cocos\editors\Creator\3.8.7\resources\app.asar\node_modules\@sentry\core\src\utils-hoist\instrument\console.ts:40:14)
    at warn (C:\ProgramData\cocos\editors\Creator\3.8.7\resources\resources\3d\engine\bin\.cache\dev\editor\bundled\index.js:165229:12)
    at warnID (C:\ProgramData\cocos\editors\Creator\3.8.7\resources\resources\3d\engine\bin\.cache\dev\editor\bundled\index.js:165417:5)
    at HierarchyPath.get (C:\ProgramData\cocos\editors\Creator\3.8.7\resources\resources\3d\engine\bin\.cache\dev\editor\bundled\index.js:12248:13)
    at TrackPath.[NormalizedFollow] (C:\ProgramData\cocos\editors\Creator\3.8.7\resources\resources\3d\engine\bin\.cache\dev\editor\bundled\index.js:125941:29)
    at TrackBinding.createRuntimeBinding (C:\ProgramData\cocos\editors\Creator\3.8.7\resources\resources\3d\engine\bin\.cache\dev\editor\bundled\index.js:125978:59)
    at binder (C:\ProgramData\cocos\editors\Creator\3.8.7\resources\resources\3d\engine\bin\.cache\dev\editor\bundled\index.js:8066:41)
    at createExoticTrackEvaluationRecord (C:\ProgramData\cocos\editors\Creator\3.8.7\resources\resources\3d\engine\bin\.cache\dev\editor\bundled\index.js:121093:28)
    at new ExoticNodeAnimationEvaluator (C:\ProgramData\cocos\editors\Creator\3.8.7\resources\resources\3d\engine\bin\.cache\dev\editor\bundled\index.js:121463:27)
    at ExoticNodeAnimation.createEvaluator (C:\ProgramData\cocos\editors\Creator\3.8.7\resources\resources\3d\engine\bin\.cache\dev\editor\bundled\index.js:121191:18)
    at eval (C:\ProgramData\cocos\editors\Creator\3.8.7\resources\resources\3d\engine\bin\.cache\dev\editor\bundled\index.js:121443:85)
    at Array.map (<anonymous>)
    at new ExoticTrsAnimationEvaluator (C:\ProgramData\cocos\editors\Creator\3.8.7\resources\resources\3d\engine\bin\.cache\dev\editor\bundled\index.js:121443:50)
    at ExoticAnimation.createEvaluator (C:\ProgramData\cocos\editors\Creator\3.8.7\resources\resources\3d\engine\bin\.cache\dev\editor\bundled\index.js:121139:18)
    at AnimationClip._createEvalWithBinder (C:\ProgramData\cocos\editors\Creator\3.8.7\resources\resources\3d\engine\bin\.cache\dev\editor\bundled\index.js:8460:62)
    at AnimationClip.createEvaluator (C:\ProgramData\cocos\editors\Creator\3.8.7\resources\resources\3d\engine\bin\.cache\dev\editor\bundled\index.js:8076:23)
    at SkeletalAnimationState.initialize (C:\ProgramData\cocos\editors\Creator\3.8.7\resources\resources\3d\engine\bin\.cache\dev\editor\bundled\index.js:10001:35)
    at SkeletalAnimationState.initialize (C:\ProgramData\cocos\editors\Creator\3.8.7\resources\resources\3d\engine\bin\.cache\dev\editor\bundled\index.js:117846:17)
    at SkeletalAnimation._doCreateState (C:\ProgramData\cocos\editors\Creator\3.8.7\resources\resources\3d\engine\bin\.cache\dev\editor\bundled\index.js:7590:19)
    at SkeletalAnimation._doCreateState (C:\ProgramData\cocos\editors\Creator\3.8.7\resources\resources\3d\engine\bin\.cache\dev\editor\bundled\index.js:118324:31)
    at SkeletalAnimation.createState (C:\ProgramData\cocos\editors\Creator\3.8.7\resources\resources\3d\engine\bin\.cache\dev\editor\bundled\index.js:7432:23)
    at eval (C:\ProgramData\cocos\editors\Creator\3.8.7\resources\resources\3d\engine\bin\.cache\dev\editor\bundled\index.js:7274:20)
    at Array.forEach (<anonymous>)
    at SkeletalAnimation.set clips [as clips] (C:\ProgramData\cocos\editors\Creator\3.8.7\resources\resources\3d\engine\bin\.cache\dev\editor\bundled\index.js:7272:17)
    at SkeletalAnimation.onLoad (C:\ProgramData\cocos\editors\Creator\3.8.7\resources\resources\3d\engine\bin\.cache\dev\editor\bundled\index.js:7312:22)
    at SkeletalAnimation.onLoad (C:\ProgramData\cocos\editors\Creator\3.8.7\resources\resources\3d\engine\bin\.cache\dev\editor\bundled\index.js:118149:17)
    at eval (C:\ProgramData\cocos\editors\Creator\3.8.7\resources\resources\3d\engine\bin\.cache\dev\editor\bundled\index.js:48429:132)
    at OneOffInvoker.eval [as _invoke] (C:\ProgramData\cocos\editors\Creator\3.8.7\resources\resources\3d\engine\bin\.cache\dev\editor\bundled\index.js:46343:9)
    at OneOffInvoker.invoke (C:\ProgramData\cocos\editors\Creator\3.8.7\resources\resources\3d\engine\bin\.cache\dev\editor\bundled\index.js:46462:18)
    at NodeActivator.activateNode (C:\ProgramData\cocos\editors\Creator\3.8.7\resources\resources\3d\engine\bin\.cache\dev\editor\bundled\index.js:48480:27)
    at Scene._activate (C:\ProgramData\cocos\editors\Creator\3.8.7\resources\resources\3d\engine\bin\.cache\dev\editor\bundled\index.js:56317:44)
    at Director.runSceneImmediate (C:\ProgramData\cocos\editors\Creator\3.8.7\resources\resources\3d\engine\bin\.cache\dev\editor\bundled\index.js:88394:17)
    at C:\ProgramData\cocos\editors\Creator\3.8.7\resources\app.asar\builtin\scene\dist\script\3d\manager\scene\utils.ccc:1:381
    at eval (C:\ProgramData\cocos\editors\Creator\3.8.7\resources\resources\3d\engine\bin\.cache\dev\editor\bundled\index.js:135368:9)
    at eval (C:\ProgramData\cocos\editors\Creator\3.8.7\resources\resources\3d\engine\bin\.cache\dev\editor\bundled\index.js:169410:9)
    at sentryWrapped (C:\ProgramData\cocos\editors\Creator\3.8.7\resources\app.asar\node_modules\@sentry\browser\src\helpers.ts:116:17)
2026-6-12 11:39:02 - warn: [Scene] Previous error occurred when instantiating animation clip idle on node Role_1.Error: [Scene] Previous error occurred when instantiating animation clip idle on node Role_1.
    at console.warn (C:\ProgramData\cocos\editors\Creator\3.8.7\resources\app.asar\node_modules\@sentry\core\src\utils-hoist\instrument\console.ts:40:14)
    at warn (C:\ProgramData\cocos\editors\Creator\3.8.7\resources\resources\3d\engine\bin\.cache\dev\editor\bundled\index.js:165229:12)
    at warnID (C:\ProgramData\cocos\editors\Creator\3.8.7\resources\resources\3d\engine\bin\.cache\dev\editor\bundled\index.js:165417:5)
    at binder (C:\ProgramData\cocos\editors\Creator\3.8.7\resources\resources\3d\engine\bin\.cache\dev\editor\bundled\index.js:8072:15)
    at createExoticTrackEvaluationRecord (C:\ProgramData\cocos\editors\Creator\3.8.7\resources\resources\3d\engine\bin\.cache\dev\editor\bundled\index.js:121093:28)
    at new ExoticNodeAnimationEvaluator (C:\ProgramData\cocos\editors\Creator\3.8.7\resources\resources\3d\engine\bin\.cache\dev\editor\bundled\index.js:121463:27)
    at ExoticNodeAnimation.createEvaluator (C:\ProgramData\cocos\editors\Creator\3.8.7\resources\resources\3d\engine\bin\.cache\dev\editor\bundled\index.js:121191:18)
    at eval (C:\ProgramData\cocos\editors\Creator\3.8.7\resources\resources\3d\engine\bin\.cache\dev\editor\bundled\index.js:121443:85)
    at Array.map (<anonymous>)
    at new ExoticTrsAnimationEvaluator (C:\ProgramData\cocos\editors\Creator\3.8.7\resources\resources\3d\engine\bin\.cache\dev\editor\bundled\index.js:121443:50)
    at ExoticAnimation.createEvaluator (C:\ProgramData\cocos\editors\Creator\3.8.7\resources\resources\3d\engine\bin\.cache\dev\editor\bundled\index.js:121139:18)
    at AnimationClip._createEvalWithBinder (C:\ProgramData\cocos\editors\Creator\3.8.7\resources\resources\3d\engine\bin\.cache\dev\editor\bundled\index.js:8460:62)
    at AnimationClip.createEvaluator (C:\ProgramData\cocos\editors\Creator\3.8.7\resources\resources\3d\engine\bin\.cache\dev\editor\bundled\index.js:8076:23)
    at SkeletalAnimationState.initialize (C:\ProgramData\cocos\editors\Creator\3.8.7\resources\resources\3d\engine\bin\.cache\dev\editor\bundled\index.js:10001:35)
    at SkeletalAnimationState.initialize (C:\ProgramData\cocos\editors\Creator\3.8.7\resources\resources\3d\engine\bin\.cache\dev\editor\bundled\index.js:117846:17)
    at SkeletalAnimation._doCreateState (C:\ProgramData\cocos\editors\Creator\3.8.7\resources\resources\3d\engine\bin\.cache\dev\editor\bundled\index.js:7590:19)
    at SkeletalAnimation._doCreateState (C:\ProgramData\cocos\editors\Creator\3.8.7\resources\resources\3d\engine\bin\.cache\dev\editor\bundled\index.js:118324:31)
    at SkeletalAnimation.createState (C:\ProgramData\cocos\editors\Creator\3.8.7\resources\resources\3d\engine\bin\.cache\dev\editor\bundled\index.js:7432:23)
    at eval (C:\ProgramData\cocos\editors\Creator\3.8.7\resources\resources\3d\engine\bin\.cache\dev\editor\bundled\index.js:7274:20)
    at Array.forEach (<anonymous>)
    at SkeletalAnimation.set clips [as clips] (C:\ProgramData\cocos\editors\Creator\3.8.7\resources\resources\3d\engine\bin\.cache\dev\editor\bundled\index.js:7272:17)
    at SkeletalAnimation.onLoad (C:\ProgramData\cocos\editors\Creator\3.8.7\resources\resources\3d\engine\bin\.cache\dev\editor\bundled\index.js:7312:22)
    at SkeletalAnimation.onLoad (C:\ProgramData\cocos\editors\Creator\3.8.7\resources\resources\3d\engine\bin\.cache\dev\editor\bundled\index.js:118149:17)
    at eval (C:\ProgramData\cocos\editors\Creator\3.8.7\resources\resources\3d\engine\bin\.cache\dev\editor\bundled\index.js:48429:132)
    at OneOffInvoker.eval [as _invoke] (C:\ProgramData\cocos\editors\Creator\3.8.7\resources\resources\3d\engine\bin\.cache\dev\editor\bundled\index.js:46343:9)
    at OneOffInvoker.invoke (C:\ProgramData\cocos\editors\Creator\3.8.7\resources\resources\3d\engine\bin\.cache\dev\editor\bundled\index.js:46462:18)
    at NodeActivator.activateNode (C:\ProgramData\cocos\editors\Creator\3.8.7\resources\resources\3d\engine\bin\.cache\dev\editor\bundled\index.js:48480:27)
    at Scene._activate (C:\ProgramData\cocos\editors\Creator\3.8.7\resources\resources\3d\engine\bin\.cache\dev\editor\bundled\index.js:56317:44)
    at Director.runSceneImmediate (C:\ProgramData\cocos\editors\Creator\3.8.7\resources\resources\3d\engine\bin\.cache\dev\editor\bundled\index.js:88394:17)
    at C:\ProgramData\cocos\editors\Creator\3.8.7\resources\app.asar\builtin\scene\dist\script\3d\manager\scene\utils.ccc:1:381
    at eval (C:\ProgramData\cocos\editors\Creator\3.8.7\resources\resources\3d\engine\bin\.cache\dev\editor\bundled\index.js:135368:9)
    at eval (C:\ProgramData\cocos\editors\Creator\3.8.7\resources\resources\3d\engine\bin\.cache\dev\editor\bundled\index.js:169410:9)
    at sentryWrapped (C:\ProgramData\cocos\editors\Creator\3.8.7\resources\app.asar\node_modules\@sentry\browser\src\helpers.ts:116:17)
2026-6-12 11:39:02 - warn: [Scene] Node "Role_1" has no path "Bip001/Bip001 Footsteps".Error: [Scene] Node "Role_1" has no path "Bip001/Bip001 Footsteps".
    at console.warn (C:\ProgramData\cocos\editors\Creator\3.8.7\resources\app.asar\node_modules\@sentry\core\src\utils-hoist\instrument\console.ts:40:14)
    at warn (C:\ProgramData\cocos\editors\Creator\3.8.7\resources\resources\3d\engine\bin\.cache\dev\editor\bundled\index.js:165229:12)
    at warnID (C:\ProgramData\cocos\editors\Creator\3.8.7\resources\resources\3d\engine\bin\.cache\dev\editor\bundled\index.js:165417:5)
    at HierarchyPath.get (C:\ProgramData\cocos\editors\Creator\3.8.7\resources\resources\3d\engine\bin\.cache\dev\editor\bundled\index.js:12248:13)
    at TrackPath.[NormalizedFollow] (C:\ProgramData\cocos\editors\Creator\3.8.7\resources\resources\3d\engine\bin\.cache\dev\editor\bundled\index.js:125941:29)
    at TrackBinding.createRuntimeBinding (C:\ProgramData\cocos\editors\Creator\3.8.7\resources\resources\3d\engine\bin\.cache\dev\editor\bundled\index.js:125978:59)
    at binder (C:\ProgramData\cocos\editors\Creator\3.8.7\resources\resources\3d\engine\bin\.cache\dev\editor\bundled\index.js:8066:41)
    at createExoticTrackEvaluationRecord (C:\ProgramData\cocos\editors\Creator\3.8.7\resources\resources\3d\engine\bin\.cache\dev\editor\bundled\index.js:121093:28)
    at new ExoticNodeAnimationEvaluator (C:\ProgramData\cocos\editors\Creator\3.8.7\resources\resources\3d\engine\bin\.cache\dev\editor\bundled\index.js:121457:30)
    at ExoticNodeAnimation.createEvaluator (C:\ProgramData\cocos\editors\Creator\3.8.7\resources\resources\3d\engine\bin\.cache\dev\editor\bundled\index.js:121191:18)
    at eval (C:\ProgramData\cocos\editors\Creator\3.8.7\resources\resources\3d\engine\bin\.cache\dev\editor\bundled\index.js:121443:85)
    at Array.map (<anonymous>)
    at new ExoticTrsAnimationEvaluator (C:\ProgramData\cocos\editors\Creator\3.8.7\resources\resources\3d\engine\bin\.cache\dev\editor\bundled\index.js:121443:50)
    at ExoticAnimation.createEvaluator (C:\ProgramData\cocos\editors\Creator\3.8.7\resources\resources\3d\engine\bin\.cache\dev\editor\bundled\index.js:121139:18)
    at AnimationClip._createEvalWithBinder (C:\ProgramData\cocos\editors\Creator\3.8.7\resources\resources\3d\engine\bin\.cache\dev\editor\bundled\index.js:8460:62)
    at AnimationClip.createEvaluator (C:\ProgramData\cocos\editors\Creator\3.8.7\resources\resources\3d\engine\bin\.cache\dev\editor\bundled\index.js:8076:23)
    at SkeletalAnimationState.initialize (C:\ProgramData\cocos\editors\Creator\3.8.7\resources\resources\3d\engine\bin\.cache\dev\editor\bundled\index.js:10001:35)
    at SkeletalAnimationState.initialize (C:\ProgramData\cocos\editors\Creator\3.8.7\resources\resources\3d\engine\bin\.cache\dev\editor\bundled\index.js:117846:17)
    at SkeletalAnimation._doCreateState (C:\ProgramData\cocos\editors\Creator\3.8.7\resources\resources\3d\engine\bin\.cache\dev\editor\bundled\index.js:7590:19)
    at SkeletalAnimation._doCreateState (C:\ProgramData\cocos\editors\Creator\3.8.7\resources\resources\3d\engine\bin\.cache\dev\editor\bundled\index.js:118324:31)
    at SkeletalAnimation.createState (C:\ProgramData\cocos\editors\Creator\3.8.7\resources\resources\3d\engine\bin\.cache\dev\editor\bundled\index.js:7432:23)
    at eval (C:\ProgramData\cocos\editors\Creator\3.8.7\resources\resources\3d\engine\bin\.cache\dev\editor\bundled\index.js:7274:20)
    at Array.forEach (<anonymous>)
    at SkeletalAnimation.set clips [as clips] (C:\ProgramData\cocos\editors\Creator\3.8.7\resources\resources\3d\engine\bin\.cache\dev\editor\bundled\index.js:7272:17)
    at SkeletalAnimation.onLoad (C:\ProgramData\cocos\editors\Creator\3.8.7\resources\resources\3d\engine\bin\.cache\dev\editor\bundled\index.js:7312:22)
    at SkeletalAnimation.onLoad (C:\ProgramData\cocos\editors\Creator\3.8.7\resources\resources\3d\engine\bin\.cache\dev\editor\bundled\index.js:118149:17)
    at eval (C:\ProgramData\cocos\editors\Creator\3.8.7\resources\resources\3d\engine\bin\.cache\dev\editor\bundled\index.js:48429:132)
    at OneOffInvoker.eval [as _invoke] (C:\ProgramData\cocos\editors\Creator\3.8.7\resources\resources\3d\engine\bin\.cache\dev\editor\bundled\index.js:46343:9)
    at OneOffInvoker.invoke (C:\ProgramData\cocos\editors\Creator\3.8.7\resources\resources\3d\engine\bin\.cache\dev\editor\bundled\index.js:46462:18)
    at NodeActivator.activateNode (C:\ProgramData\cocos\editors\Creator\3.8.7\resources\resources\3d\engine\bin\.cache\dev\editor\bundled\index.js:48480:27)
    at Scene._activate (C:\ProgramData\cocos\editors\Creator\3.8.7\resources\resources\3d\engine\bin\.cache\dev\editor\bundled\index.js:56317:44)
    at Director.runSceneImmediate (C:\ProgramData\cocos\editors\Creator\3.8.7\resources\resources\3d\engine\bin\.cache\dev\editor\bundled\index.js:88394:17)
    at C:\ProgramData\cocos\editors\Creator\3.8.7\resources\app.asar\builtin\scene\dist\script\3d\manager\scene\utils.ccc:1:381
    at eval (C:\ProgramData\cocos\editors\Creator\3.8.7\resources\resources\3d\engine\bin\.cache\dev\editor\bundled\index.js:135368:9)
    at eval (C:\ProgramData\cocos\editors\Creator\3.8.7\resources\resources\3d\engine\bin\.cache\dev\editor\bundled\index.js:169410:9)
    at sentryWrapped (C:\ProgramData\cocos\editors\Creator\3.8.7\resources\app.asar\node_modules\@sentry\browser\src\helpers.ts:116:17)
2026-6-12 11:39:02 - warn: [Scene] Previous error occurred when instantiating animation clip up_ju on node Role_1.Error: [Scene] Previous error occurred when instantiating animation clip up_ju on node Role_1.
    at console.warn (C:\ProgramData\cocos\editors\Creator\3.8.7\resources\app.asar\node_modules\@sentry\core\src\utils-hoist\instrument\console.ts:40:14)
    at warn (C:\ProgramData\cocos\editors\Creator\3.8.7\resources\resources\3d\engine\bin\.cache\dev\editor\bundled\index.js:165229:12)
    at warnID (C:\ProgramData\cocos\editors\Creator\3.8.7\resources\resources\3d\engine\bin\.cache\dev\editor\bundled\index.js:165417:5)
    at binder (C:\ProgramData\cocos\editors\Creator\3.8.7\resources\resources\3d\engine\bin\.cache\dev\editor\bundled\index.js:8072:15)
    at createExoticTrackEvaluationRecord (C:\ProgramData\cocos\editors\Creator\3.8.7\resources\resources\3d\engine\bin\.cache\dev\editor\bundled\index.js:121093:28)
    at new ExoticNodeAnimationEvaluator (C:\ProgramData\cocos\editors\Creator\3.8.7\resources\resources\3d\engine\bin\.cache\dev\editor\bundled\index.js:121457:30)
    at ExoticNodeAnimation.createEvaluator (C:\ProgramData\cocos\editors\Creator\3.8.7\resources\resources\3d\engine\bin\.cache\dev\editor\bundled\index.js:121191:18)
    at eval (C:\ProgramData\cocos\editors\Creator\3.8.7\resources\resources\3d\engine\bin\.cache\dev\editor\bundled\index.js:121443:85)
    at Array.map (<anonymous>)
    at new ExoticTrsAnimationEvaluator (C:\ProgramData\cocos\editors\Creator\3.8.7\resources\resources\3d\engine\bin\.cache\dev\editor\bundled\index.js:121443:50)
    at ExoticAnimation.createEvaluator (C:\ProgramData\cocos\editors\Creator\3.8.7\resources\resources\3d\engine\bin\.cache\dev\editor\bundled\index.js:121139:18)
    at AnimationClip._createEvalWithBinder (C:\ProgramData\cocos\editors\Creator\3.8.7\resources\resources\3d\engine\bin\.cache\dev\editor\bundled\index.js:8460:62)
    at AnimationClip.createEvaluator (C:\ProgramData\cocos\editors\Creator\3.8.7\resources\resources\3d\engine\bin\.cache\dev\editor\bundled\index.js:8076:23)
    at SkeletalAnimationState.initialize (C:\ProgramData\cocos\editors\Creator\3.8.7\resources\resources\3d\engine\bin\.cache\dev\editor\bundled\index.js:10001:35)
    at SkeletalAnimationState.initialize (C:\ProgramData\cocos\editors\Creator\3.8.7\resources\resources\3d\engine\bin\.cache\dev\editor\bundled\index.js:117846:17)
    at SkeletalAnimation._doCreateState (C:\ProgramData\cocos\editors\Creator\3.8.7\resources\resources\3d\engine\bin\.cache\dev\editor\bundled\index.js:7590:19)
    at SkeletalAnimation._doCreateState (C:\ProgramData\cocos\editors\Creator\3.8.7\resources\resources\3d\engine\bin\.cache\dev\editor\bundled\index.js:118324:31)
    at SkeletalAnimation.createState (C:\ProgramData\cocos\editors\Creator\3.8.7\resources\resources\3d\engine\bin\.cache\dev\editor\bundled\index.js:7432:23)
    at eval (C:\ProgramData\cocos\editors\Creator\3.8.7\resources\resources\3d\engine\bin\.cache\dev\editor\bundled\index.js:7274:20)
    at Array.forEach (<anonymous>)
    at SkeletalAnimation.set clips [as clips] (C:\ProgramData\cocos\editors\Creator\3.8.7\resources\resources\3d\engine\bin\.cache\dev\editor\bundled\index.js:7272:17)
    at SkeletalAnimation.onLoad (C:\ProgramData\cocos\editors\Creator\3.8.7\resources\resources\3d\engine\bin\.cache\dev\editor\bundled\index.js:7312:22)
    at SkeletalAnimation.onLoad (C:\ProgramData\cocos\editors\Creator\3.8.7\resources\resources\3d\engine\bin\.cache\dev\editor\bundled\index.js:118149:17)
    at eval (C:\ProgramData\cocos\editors\Creator\3.8.7\resources\resources\3d\engine\bin\.cache\dev\editor\bundled\index.js:48429:132)
    at OneOffInvoker.eval [as _invoke] (C:\ProgramData\cocos\editors\Creator\3.8.7\resources\resources\3d\engine\bin\.cache\dev\editor\bundled\index.js:46343:9)
    at OneOffInvoker.invoke (C:\ProgramData\cocos\editors\Creator\3.8.7\resources\resources\3d\engine\bin\.cache\dev\editor\bundled\index.js:46462:18)
    at NodeActivator.activateNode (C:\ProgramData\cocos\editors\Creator\3.8.7\resources\resources\3d\engine\bin\.cache\dev\editor\bundled\index.js:48480:27)
    at Scene._activate (C:\ProgramData\cocos\editors\Creator\3.8.7\resources\resources\3d\engine\bin\.cache\dev\editor\bundled\index.js:56317:44)
    at Director.runSceneImmediate (C:\ProgramData\cocos\editors\Creator\3.8.7\resources\resources\3d\engine\bin\.cache\dev\editor\bundled\index.js:88394:17)
    at C:\ProgramData\cocos\editors\Creator\3.8.7\resources\app.asar\builtin\scene\dist\script\3d\manager\scene\utils.ccc:1:381
    at eval (C:\ProgramData\cocos\editors\Creator\3.8.7\resources\resources\3d\engine\bin\.cache\dev\editor\bundled\index.js:135368:9)
    at eval (C:\ProgramData\cocos\editors\Creator\3.8.7\resources\resources\3d\engine\bin\.cache\dev\editor\bundled\index.js:169410:9)
    at sentryWrapped (C:\ProgramData\cocos\editors\Creator\3.8.7\resources\app.asar\node_modules\@sentry\browser\src\helpers.ts:116:17)
2026-6-12 11:39:02 - warn: [Scene] Node "Role_1" has no path "Bip001/Bip001 Footsteps".Error: [Scene] Node "Role_1" has no path "Bip001/Bip001 Footsteps".
    at console.warn (C:\ProgramData\cocos\editors\Creator\3.8.7\resources\app.asar\node_modules\@sentry\core\src\utils-hoist\instrument\console.ts:40:14)
    at warn (C:\ProgramData\cocos\editors\Creator\3.8.7\resources\resources\3d\engine\bin\.cache\dev\editor\bundled\index.js:165229:12)
    at warnID (C:\ProgramData\cocos\editors\Creator\3.8.7\resources\resources\3d\engine\bin\.cache\dev\editor\bundled\index.js:165417:5)
    at HierarchyPath.get (C:\ProgramData\cocos\editors\Creator\3.8.7\resources\resources\3d\engine\bin\.cache\dev\editor\bundled\index.js:12248:13)
    at TrackPath.[NormalizedFollow] (C:\ProgramData\cocos\editors\Creator\3.8.7\resources\resources\3d\engine\bin\.cache\dev\editor\bundled\index.js:125941:29)
    at TrackBinding.createRuntimeBinding (C:\ProgramData\cocos\editors\Creator\3.8.7\resources\resources\3d\engine\bin\.cache\dev\editor\bundled\index.js:125978:59)
    at binder (C:\ProgramData\cocos\editors\Creator\3.8.7\resources\resources\3d\engine\bin\.cache\dev\editor\bundled\index.js:8066:41)
    at createExoticTrackEvaluationRecord (C:\ProgramData\cocos\editors\Creator\3.8.7\resources\resources\3d\engine\bin\.cache\dev\editor\bundled\index.js:121093:28)
    at new ExoticNodeAnimationEvaluator (C:\ProgramData\cocos\editors\Creator\3.8.7\resources\resources\3d\engine\bin\.cache\dev\editor\bundled\index.js:121460:30)
    at ExoticNodeAnimation.createEvaluator (C:\ProgramData\cocos\editors\Creator\3.8.7\resources\resources\3d\engine\bin\.cache\dev\editor\bundled\index.js:121191:18)
    at eval (C:\ProgramData\cocos\editors\Creator\3.8.7\resources\resources\3d\engine\bin\.cache\dev\editor\bundled\index.js:121443:85)
    at Array.map (<anonymous>)
    at new ExoticTrsAnimationEvaluator (C:\ProgramData\cocos\editors\Creator\3.8.7\resources\resources\3d\engine\bin\.cache\dev\editor\bundled\index.js:121443:50)
    at ExoticAnimation.createEvaluator (C:\ProgramData\cocos\editors\Creator\3.8.7\resources\resources\3d\engine\bin\.cache\dev\editor\bundled\index.js:121139:18)
    at AnimationClip._createEvalWithBinder (C:\ProgramData\cocos\editors\Creator\3.8.7\resources\resources\3d\engine\bin\.cache\dev\editor\bundled\index.js:8460:62)
    at AnimationClip.createEvaluator (C:\ProgramData\cocos\editors\Creator\3.8.7\resources\resources\3d\engine\bin\.cache\dev\editor\bundled\index.js:8076:23)
    at SkeletalAnimationState.initialize (C:\ProgramData\cocos\editors\Creator\3.8.7\resources\resources\3d\engine\bin\.cache\dev\editor\bundled\index.js:10001:35)
    at SkeletalAnimationState.initialize (C:\ProgramData\cocos\editors\Creator\3.8.7\resources\resources\3d\engine\bin\.cache\dev\editor\bundled\index.js:117846:17)
    at SkeletalAnimation._doCreateState (C:\ProgramData\cocos\editors\Creator\3.8.7\resources\resources\3d\engine\bin\.cache\dev\editor\bundled\index.js:7590:19)
    at SkeletalAnimation._doCreateState (C:\ProgramData\cocos\editors\Creator\3.8.7\resources\resources\3d\engine\bin\.cache\dev\editor\bundled\index.js:118324:31)
    at SkeletalAnimation.createState (C:\ProgramData\cocos\editors\Creator\3.8.7\resources\resources\3d\engine\bin\.cache\dev\editor\bundled\index.js:7432:23)
    at eval (C:\ProgramData\cocos\editors\Creator\3.8.7\resources\resources\3d\engine\bin\.cache\dev\editor\bundled\index.js:7274:20)
    at Array.forEach (<anonymous>)
    at SkeletalAnimation.set clips [as clips] (C:\ProgramData\cocos\editors\Creator\3.8.7\resources\resources\3d\engine\bin\.cache\dev\editor\bundled\index.js:7272:17)
    at SkeletalAnimation.onLoad (C:\ProgramData\cocos\editors\Creator\3.8.7\resources\resources\3d\engine\bin\.cache\dev\editor\bundled\index.js:7312:22)
    at SkeletalAnimation.onLoad (C:\ProgramData\cocos\editors\Creator\3.8.7\resources\resources\3d\engine\bin\.cache\dev\editor\bundled\index.js:118149:17)
    at eval (C:\ProgramData\cocos\editors\Creator\3.8.7\resources\resources\3d\engine\bin\.cache\dev\editor\bundled\index.js:48429:132)
    at OneOffInvoker.eval [as _invoke] (C:\ProgramData\cocos\editors\Creator\3.8.7\resources\resources\3d\engine\bin\.cache\dev\editor\bundled\index.js:46343:9)
    at OneOffInvoker.invoke (C:\ProgramData\cocos\editors\Creator\3.8.7\resources\resources\3d\engine\bin\.cache\dev\editor\bundled\index.js:46462:18)
    at NodeActivator.activateNode (C:\ProgramData\cocos\editors\Creator\3.8.7\resources\resources\3d\engine\bin\.cache\dev\editor\bundled\index.js:48480:27)
    at Scene._activate (C:\ProgramData\cocos\editors\Creator\3.8.7\resources\resources\3d\engine\bin\.cache\dev\editor\bundled\index.js:56317:44)
    at Director.runSceneImmediate (C:\ProgramData\cocos\editors\Creator\3.8.7\resources\resources\3d\engine\bin\.cache\dev\editor\bundled\index.js:88394:17)
    at C:\ProgramData\cocos\editors\Creator\3.8.7\resources\app.asar\builtin\scene\dist\script\3d\manager\scene\utils.ccc:1:381
    at eval (C:\ProgramData\cocos\editors\Creator\3.8.7\resources\resources\3d\engine\bin\.cache\dev\editor\bundled\index.js:135368:9)
    at eval (C:\ProgramData\cocos\editors\Creator\3.8.7\resources\resources\3d\engine\bin\.cache\dev\editor\bundled\index.js:169410:9)
    at sentryWrapped (C:\ProgramData\cocos\editors\Creator\3.8.7\resources\app.asar\node_modules\@sentry\browser\src\helpers.ts:116:17)
2026-6-12 11:39:02 - warn: [Scene] Previous error occurred when instantiating animation clip up_ju on node Role_1.Error: [Scene] Previous error occurred when instantiating animation clip up_ju on node Role_1.
    at console.warn (C:\ProgramData\cocos\editors\Creator\3.8.7\resources\app.asar\node_modules\@sentry\core\src\utils-hoist\instrument\console.ts:40:14)
    at warn (C:\ProgramData\cocos\editors\Creator\3.8.7\resources\resources\3d\engine\bin\.cache\dev\editor\bundled\index.js:165229:12)
    at warnID (C:\ProgramData\cocos\editors\Creator\3.8.7\resources\resources\3d\engine\bin\.cache\dev\editor\bundled\index.js:165417:5)
    at binder (C:\ProgramData\cocos\editors\Creator\3.8.7\resources\resources\3d\engine\bin\.cache\dev\editor\bundled\index.js:8072:15)
    at createExoticTrackEvaluationRecord (C:\ProgramData\cocos\editors\Creator\3.8.7\resources\resources\3d\engine\bin\.cache\dev\editor\bundled\index.js:121093:28)
    at new ExoticNodeAnimationEvaluator (C:\ProgramData\cocos\editors\Creator\3.8.7\resources\resources\3d\engine\bin\.cache\dev\editor\bundled\index.js:121460:30)
    at ExoticNodeAnimation.createEvaluator (C:\ProgramData\cocos\editors\Creator\3.8.7\resources\resources\3d\engine\bin\.cache\dev\editor\bundled\index.js:121191:18)
    at eval (C:\ProgramData\cocos\editors\Creator\3.8.7\resources\resources\3d\engine\bin\.cache\dev\editor\bundled\index.js:121443:85)
    at Array.map (<anonymous>)
    at new ExoticTrsAnimationEvaluator (C:\ProgramData\cocos\editors\Creator\3.8.7\resources\resources\3d\engine\bin\.cache\dev\editor\bundled\index.js:121443:50)
    at ExoticAnimation.createEvaluator (C:\ProgramData\cocos\editors\Creator\3.8.7\resources\resources\3d\engine\bin\.cache\dev\editor\bundled\index.js:121139:18)
    at AnimationClip._createEvalWithBinder (C:\ProgramData\cocos\editors\Creator\3.8.7\resources\resources\3d\engine\bin\.cache\dev\editor\bundled\index.js:8460:62)
    at AnimationClip.createEvaluator (C:\ProgramData\cocos\editors\Creator\3.8.7\resources\resources\3d\engine\bin\.cache\dev\editor\bundled\index.js:8076:23)
    at SkeletalAnimationState.initialize (C:\ProgramData\cocos\editors\Creator\3.8.7\resources\resources\3d\engine\bin\.cache\dev\editor\bundled\index.js:10001:35)
    at SkeletalAnimationState.initialize (C:\ProgramData\cocos\editors\Creator\3.8.7\resources\resources\3d\engine\bin\.cache\dev\editor\bundled\index.js:117846:17)
    at SkeletalAnimation._doCreateState (C:\ProgramData\cocos\editors\Creator\3.8.7\resources\resources\3d\engine\bin\.cache\dev\editor\bundled\index.js:7590:19)
    at SkeletalAnimation._doCreateState (C:\ProgramData\cocos\editors\Creator\3.8.7\resources\resources\3d\engine\bin\.cache\dev\editor\bundled\index.js:118324:31)
    at SkeletalAnimation.createState (C:\ProgramData\cocos\editors\Creator\3.8.7\resources\resources\3d\engine\bin\.cache\dev\editor\bundled\index.js:7432:23)
    at eval (C:\ProgramData\cocos\editors\Creator\3.8.7\resources\resources\3d\engine\bin\.cache\dev\editor\bundled\index.js:7274:20)
    at Array.forEach (<anonymous>)
    at SkeletalAnimation.set clips [as clips] (C:\ProgramData\cocos\editors\Creator\3.8.7\resources\resources\3d\engine\bin\.cache\dev\editor\bundled\index.js:7272:17)
    at SkeletalAnimation.onLoad (C:\ProgramData\cocos\editors\Creator\3.8.7\resources\resources\3d\engine\bin\.cache\dev\editor\bundled\index.js:7312:22)
    at SkeletalAnimation.onLoad (C:\ProgramData\cocos\editors\Creator\3.8.7\resources\resources\3d\engine\bin\.cache\dev\editor\bundled\index.js:118149:17)
    at eval (C:\ProgramData\cocos\editors\Creator\3.8.7\resources\resources\3d\engine\bin\.cache\dev\editor\bundled\index.js:48429:132)
    at OneOffInvoker.eval [as _invoke] (C:\ProgramData\cocos\editors\Creator\3.8.7\resources\resources\3d\engine\bin\.cache\dev\editor\bundled\index.js:46343:9)
    at OneOffInvoker.invoke (C:\ProgramData\cocos\editors\Creator\3.8.7\resources\resources\3d\engine\bin\.cache\dev\editor\bundled\index.js:46462:18)
    at NodeActivator.activateNode (C:\ProgramData\cocos\editors\Creator\3.8.7\resources\resources\3d\engine\bin\.cache\dev\editor\bundled\index.js:48480:27)
    at Scene._activate (C:\ProgramData\cocos\editors\Creator\3.8.7\resources\resources\3d\engine\bin\.cache\dev\editor\bundled\index.js:56317:44)
    at Director.runSceneImmediate (C:\ProgramData\cocos\editors\Creator\3.8.7\resources\resources\3d\engine\bin\.cache\dev\editor\bundled\index.js:88394:17)
    at C:\ProgramData\cocos\editors\Creator\3.8.7\resources\app.asar\builtin\scene\dist\script\3d\manager\scene\utils.ccc:1:381
    at eval (C:\ProgramData\cocos\editors\Creator\3.8.7\resources\resources\3d\engine\bin\.cache\dev\editor\bundled\index.js:135368:9)
    at eval (C:\ProgramData\cocos\editors\Creator\3.8.7\resources\resources\3d\engine\bin\.cache\dev\editor\bundled\index.js:169410:9)
    at sentryWrapped (C:\ProgramData\cocos\editors\Creator\3.8.7\resources\app.asar\node_modules\@sentry\browser\src\helpers.ts:116:17)
2026-6-12 11:39:02 - warn: [Scene] Node "Role_1" has no path "Bip001/Bip001 Footsteps".Error: [Scene] Node "Role_1" has no path "Bip001/Bip001 Footsteps".
    at console.warn (C:\ProgramData\cocos\editors\Creator\3.8.7\resources\app.asar\node_modules\@sentry\core\src\utils-hoist\instrument\console.ts:40:14)
    at warn (C:\ProgramData\cocos\editors\Creator\3.8.7\resources\resources\3d\engine\bin\.cache\dev\editor\bundled\index.js:165229:12)
    at warnID (C:\ProgramData\cocos\editors\Creator\3.8.7\resources\resources\3d\engine\bin\.cache\dev\editor\bundled\index.js:165417:5)
    at HierarchyPath.get (C:\ProgramData\cocos\editors\Creator\3.8.7\resources\resources\3d\engine\bin\.cache\dev\editor\bundled\index.js:12248:13)
    at TrackPath.[NormalizedFollow] (C:\ProgramData\cocos\editors\Creator\3.8.7\resources\resources\3d\engine\bin\.cache\dev\editor\bundled\index.js:125941:29)
    at TrackBinding.createRuntimeBinding (C:\ProgramData\cocos\editors\Creator\3.8.7\resources\resources\3d\engine\bin\.cache\dev\editor\bundled\index.js:125978:59)
    at binder (C:\ProgramData\cocos\editors\Creator\3.8.7\resources\resources\3d\engine\bin\.cache\dev\editor\bundled\index.js:8066:41)
    at createExoticTrackEvaluationRecord (C:\ProgramData\cocos\editors\Creator\3.8.7\resources\resources\3d\engine\bin\.cache\dev\editor\bundled\index.js:121093:28)
    at new ExoticNodeAnimationEvaluator (C:\ProgramData\cocos\editors\Creator\3.8.7\resources\resources\3d\engine\bin\.cache\dev\editor\bundled\index.js:121463:27)
    at ExoticNodeAnimation.createEvaluator (C:\ProgramData\cocos\editors\Creator\3.8.7\resources\resources\3d\engine\bin\.cache\dev\editor\bundled\index.js:121191:18)
    at eval (C:\ProgramData\cocos\editors\Creator\3.8.7\resources\resources\3d\engine\bin\.cache\dev\editor\bundled\index.js:121443:85)
    at Array.map (<anonymous>)
    at new ExoticTrsAnimationEvaluator (C:\ProgramData\cocos\editors\Creator\3.8.7\resources\resources\3d\engine\bin\.cache\dev\editor\bundled\index.js:121443:50)
    at ExoticAnimation.createEvaluator (C:\ProgramData\cocos\editors\Creator\3.8.7\resources\resources\3d\engine\bin\.cache\dev\editor\bundled\index.js:121139:18)
    at AnimationClip._createEvalWithBinder (C:\ProgramData\cocos\editors\Creator\3.8.7\resources\resources\3d\engine\bin\.cache\dev\editor\bundled\index.js:8460:62)
    at AnimationClip.createEvaluator (C:\ProgramData\cocos\editors\Creator\3.8.7\resources\resources\3d\engine\bin\.cache\dev\editor\bundled\index.js:8076:23)
    at SkeletalAnimationState.initialize (C:\ProgramData\cocos\editors\Creator\3.8.7\resources\resources\3d\engine\bin\.cache\dev\editor\bundled\index.js:10001:35)
    at SkeletalAnimationState.initialize (C:\ProgramData\cocos\editors\Creator\3.8.7\resources\resources\3d\engine\bin\.cache\dev\editor\bundled\index.js:117846:17)
    at SkeletalAnimation._doCreateState (C:\ProgramData\cocos\editors\Creator\3.8.7\resources\resources\3d\engine\bin\.cache\dev\editor\bundled\index.js:7590:19)
    at SkeletalAnimation._doCreateState (C:\ProgramData\cocos\editors\Creator\3.8.7\resources\resources\3d\engine\bin\.cache\dev\editor\bundled\index.js:118324:31)
    at SkeletalAnimation.createState (C:\ProgramData\cocos\editors\Creator\3.8.7\resources\resources\3d\engine\bin\.cache\dev\editor\bundled\index.js:7432:23)
    at eval (C:\ProgramData\cocos\editors\Creator\3.8.7\resources\resources\3d\engine\bin\.cache\dev\editor\bundled\index.js:7274:20)
    at Array.forEach (<anonymous>)
    at SkeletalAnimation.set clips [as clips] (C:\ProgramData\cocos\editors\Creator\3.8.7\resources\resources\3d\engine\bin\.cache\dev\editor\bundled\index.js:7272:17)
    at SkeletalAnimation.onLoad (C:\ProgramData\cocos\editors\Creator\3.8.7\resources\resources\3d\engine\bin\.cache\dev\editor\bundled\index.js:7312:22)
    at SkeletalAnimation.onLoad (C:\ProgramData\cocos\editors\Creator\3.8.7\resources\resources\3d\engine\bin\.cache\dev\editor\bundled\index.js:118149:17)
    at eval (C:\ProgramData\cocos\editors\Creator\3.8.7\resources\resources\3d\engine\bin\.cache\dev\editor\bundled\index.js:48429:132)
    at OneOffInvoker.eval [as _invoke] (C:\ProgramData\cocos\editors\Creator\3.8.7\resources\resources\3d\engine\bin\.cache\dev\editor\bundled\index.js:46343:9)
    at OneOffInvoker.invoke (C:\ProgramData\cocos\editors\Creator\3.8.7\resources\resources\3d\engine\bin\.cache\dev\editor\bundled\index.js:46462:18)
    at NodeActivator.activateNode (C:\ProgramData\cocos\editors\Creator\3.8.7\resources\resources\3d\engine\bin\.cache\dev\editor\bundled\index.js:48480:27)
    at Scene._activate (C:\ProgramData\cocos\editors\Creator\3.8.7\resources\resources\3d\engine\bin\.cache\dev\editor\bundled\index.js:56317:44)
    at Director.runSceneImmediate (C:\ProgramData\cocos\editors\Creator\3.8.7\resources\resources\3d\engine\bin\.cache\dev\editor\bundled\index.js:88394:17)
    at C:\ProgramData\cocos\editors\Creator\3.8.7\resources\app.asar\builtin\scene\dist\script\3d\manager\scene\utils.ccc:1:381
    at eval (C:\ProgramData\cocos\editors\Creator\3.8.7\resources\resources\3d\engine\bin\.cache\dev\editor\bundled\index.js:135368:9)
    at eval (C:\ProgramData\cocos\editors\Creator\3.8.7\resources\resources\3d\engine\bin\.cache\dev\editor\bundled\index.js:169410:9)
    at sentryWrapped (C:\ProgramData\cocos\editors\Creator\3.8.7\resources\app.asar\node_modules\@sentry\browser\src\helpers.ts:116:17)
2026-6-12 11:39:02 - warn: [Scene] Previous error occurred when instantiating animation clip up_ju on node Role_1.Error: [Scene] Previous error occurred when instantiating animation clip up_ju on node Role_1.
    at console.warn (C:\ProgramData\cocos\editors\Creator\3.8.7\resources\app.asar\node_modules\@sentry\core\src\utils-hoist\instrument\console.ts:40:14)
    at warn (C:\ProgramData\cocos\editors\Creator\3.8.7\resources\resources\3d\engine\bin\.cache\dev\editor\bundled\index.js:165229:12)
    at warnID (C:\ProgramData\cocos\editors\Creator\3.8.7\resources\resources\3d\engine\bin\.cache\dev\editor\bundled\index.js:165417:5)
    at binder (C:\ProgramData\cocos\editors\Creator\3.8.7\resources\resources\3d\engine\bin\.cache\dev\editor\bundled\index.js:8072:15)
    at createExoticTrackEvaluationRecord (C:\ProgramData\cocos\editors\Creator\3.8.7\resources\resources\3d\engine\bin\.cache\dev\editor\bundled\index.js:121093:28)
    at new ExoticNodeAnimationEvaluator (C:\ProgramData\cocos\editors\Creator\3.8.7\resources\resources\3d\engine\bin\.cache\dev\editor\bundled\index.js:121463:27)
    at ExoticNodeAnimation.createEvaluator (C:\ProgramData\cocos\editors\Creator\3.8.7\resources\resources\3d\engine\bin\.cache\dev\editor\bundled\index.js:121191:18)
    at eval (C:\ProgramData\cocos\editors\Creator\3.8.7\resources\resources\3d\engine\bin\.cache\dev\editor\bundled\index.js:121443:85)
    at Array.map (<anonymous>)
    at new ExoticTrsAnimationEvaluator (C:\ProgramData\cocos\editors\Creator\3.8.7\resources\resources\3d\engine\bin\.cache\dev\editor\bundled\index.js:121443:50)
    at ExoticAnimation.createEvaluator (C:\ProgramData\cocos\editors\Creator\3.8.7\resources\resources\3d\engine\bin\.cache\dev\editor\bundled\index.js:121139:18)
    at AnimationClip._createEvalWithBinder (C:\ProgramData\cocos\editors\Creator\3.8.7\resources\resources\3d\engine\bin\.cache\dev\editor\bundled\index.js:8460:62)
    at AnimationClip.createEvaluator (C:\ProgramData\cocos\editors\Creator\3.8.7\resources\resources\3d\engine\bin\.cache\dev\editor\bundled\index.js:8076:23)
    at SkeletalAnimationState.initialize (C:\ProgramData\cocos\editors\Creator\3.8.7\resources\resources\3d\engine\bin\.cache\dev\editor\bundled\index.js:10001:35)
    at SkeletalAnimationState.initialize (C:\ProgramData\cocos\editors\Creator\3.8.7\resources\resources\3d\engine\bin\.cache\dev\editor\bundled\index.js:117846:17)
    at SkeletalAnimation._doCreateState (C:\ProgramData\cocos\editors\Creator\3.8.7\resources\resources\3d\engine\bin\.cache\dev\editor\bundled\index.js:7590:19)
    at SkeletalAnimation._doCreateState (C:\ProgramData\cocos\editors\Creator\3.8.7\resources\resources\3d\engine\bin\.cache\dev\editor\bundled\index.js:118324:31)
    at SkeletalAnimation.createState (C:\ProgramData\cocos\editors\Creator\3.8.7\resources\resources\3d\engine\bin\.cache\dev\editor\bundled\index.js:7432:23)
    at eval (C:\ProgramData\cocos\editors\Creator\3.8.7\resources\resources\3d\engine\bin\.cache\dev\editor\bundled\index.js:7274:20)
    at Array.forEach (<anonymous>)
    at SkeletalAnimation.set clips [as clips] (C:\ProgramData\cocos\editors\Creator\3.8.7\resources\resources\3d\engine\bin\.cache\dev\editor\bundled\index.js:7272:17)
    at SkeletalAnimation.onLoad (C:\ProgramData\cocos\editors\Creator\3.8.7\resources\resources\3d\engine\bin\.cache\dev\editor\bundled\index.js:7312:22)
    at SkeletalAnimation.onLoad (C:\ProgramData\cocos\editors\Creator\3.8.7\resources\resources\3d\engine\bin\.cache\dev\editor\bundled\index.js:118149:17)
    at eval (C:\ProgramData\cocos\editors\Creator\3.8.7\resources\resources\3d\engine\bin\.cache\dev\editor\bundled\index.js:48429:132)
    at OneOffInvoker.eval [as _invoke] (C:\ProgramData\cocos\editors\Creator\3.8.7\resources\resources\3d\engine\bin\.cache\dev\editor\bundled\index.js:46343:9)
    at OneOffInvoker.invoke (C:\ProgramData\cocos\editors\Creator\3.8.7\resources\resources\3d\engine\bin\.cache\dev\editor\bundled\index.js:46462:18)
    at NodeActivator.activateNode (C:\ProgramData\cocos\editors\Creator\3.8.7\resources\resources\3d\engine\bin\.cache\dev\editor\bundled\index.js:48480:27)
    at Scene._activate (C:\ProgramData\cocos\editors\Creator\3.8.7\resources\resources\3d\engine\bin\.cache\dev\editor\bundled\index.js:56317:44)
    at Director.runSceneImmediate (C:\ProgramData\cocos\editors\Creator\3.8.7\resources\resources\3d\engine\bin\.cache\dev\editor\bundled\index.js:88394:17)
    at C:\ProgramData\cocos\editors\Creator\3.8.7\resources\app.asar\builtin\scene\dist\script\3d\manager\scene\utils.ccc:1:381
    at eval (C:\ProgramData\cocos\editors\Creator\3.8.7\resources\resources\3d\engine\bin\.cache\dev\editor\bundled\index.js:135368:9)
    at eval (C:\ProgramData\cocos\editors\Creator\3.8.7\resources\resources\3d\engine\bin\.cache\dev\editor\bundled\index.js:169410:9)
    at sentryWrapped (C:\ProgramData\cocos\editors\Creator\3.8.7\resources\app.asar\node_modules\@sentry\browser\src\helpers.ts:116:17)
2026-6-12 11:39:02 - warn: [Scene] Node "Role_2" has no path "zhujue".Error: [Scene] Node "Role_2" has no path "zhujue".
    at console.warn (C:\ProgramData\cocos\editors\Creator\3.8.7\resources\app.asar\node_modules\@sentry\core\src\utils-hoist\instrument\console.ts:40:14)
    at warn (C:\ProgramData\cocos\editors\Creator\3.8.7\resources\resources\3d\engine\bin\.cache\dev\editor\bundled\index.js:165229:12)
    at warnID (C:\ProgramData\cocos\editors\Creator\3.8.7\resources\resources\3d\engine\bin\.cache\dev\editor\bundled\index.js:165417:5)
    at HierarchyPath.get (C:\ProgramData\cocos\editors\Creator\3.8.7\resources\resources\3d\engine\bin\.cache\dev\editor\bundled\index.js:12248:13)
    at TrackPath.[NormalizedFollow] (C:\ProgramData\cocos\editors\Creator\3.8.7\resources\resources\3d\engine\bin\.cache\dev\editor\bundled\index.js:125941:29)
    at TrackBinding.createRuntimeBinding (C:\ProgramData\cocos\editors\Creator\3.8.7\resources\resources\3d\engine\bin\.cache\dev\editor\bundled\index.js:125978:59)
    at binder (C:\ProgramData\cocos\editors\Creator\3.8.7\resources\resources\3d\engine\bin\.cache\dev\editor\bundled\index.js:8066:41)
    at createExoticTrackEvaluationRecord (C:\ProgramData\cocos\editors\Creator\3.8.7\resources\resources\3d\engine\bin\.cache\dev\editor\bundled\index.js:121093:28)
    at new ExoticNodeAnimationEvaluator (C:\ProgramData\cocos\editors\Creator\3.8.7\resources\resources\3d\engine\bin\.cache\dev\editor\bundled\index.js:121457:30)
    at ExoticNodeAnimation.createEvaluator (C:\ProgramData\cocos\editors\Creator\3.8.7\resources\resources\3d\engine\bin\.cache\dev\editor\bundled\index.js:121191:18)
    at eval (C:\ProgramData\cocos\editors\Creator\3.8.7\resources\resources\3d\engine\bin\.cache\dev\editor\bundled\index.js:121443:85)
    at Array.map (<anonymous>)
    at new ExoticTrsAnimationEvaluator (C:\ProgramData\cocos\editors\Creator\3.8.7\resources\resources\3d\engine\bin\.cache\dev\editor\bundled\index.js:121443:50)
    at ExoticAnimation.createEvaluator (C:\ProgramData\cocos\editors\Creator\3.8.7\resources\resources\3d\engine\bin\.cache\dev\editor\bundled\index.js:121139:18)
    at AnimationClip._createEvalWithBinder (C:\ProgramData\cocos\editors\Creator\3.8.7\resources\resources\3d\engine\bin\.cache\dev\editor\bundled\index.js:8460:62)
    at AnimationClip.createEvaluator (C:\ProgramData\cocos\editors\Creator\3.8.7\resources\resources\3d\engine\bin\.cache\dev\editor\bundled\index.js:8076:23)
    at SkeletalAnimationState.initialize (C:\ProgramData\cocos\editors\Creator\3.8.7\resources\resources\3d\engine\bin\.cache\dev\editor\bundled\index.js:10001:35)
    at SkeletalAnimationState.initialize (C:\ProgramData\cocos\editors\Creator\3.8.7\resources\resources\3d\engine\bin\.cache\dev\editor\bundled\index.js:117846:17)
    at SkeletalAnimation._doCreateState (C:\ProgramData\cocos\editors\Creator\3.8.7\resources\resources\3d\engine\bin\.cache\dev\editor\bundled\index.js:7590:19)
    at SkeletalAnimation._doCreateState (C:\ProgramData\cocos\editors\Creator\3.8.7\resources\resources\3d\engine\bin\.cache\dev\editor\bundled\index.js:118324:31)
    at SkeletalAnimation.createState (C:\ProgramData\cocos\editors\Creator\3.8.7\resources\resources\3d\engine\bin\.cache\dev\editor\bundled\index.js:7432:23)
    at eval (C:\ProgramData\cocos\editors\Creator\3.8.7\resources\resources\3d\engine\bin\.cache\dev\editor\bundled\index.js:7274:20)
    at Array.forEach (<anonymous>)
    at SkeletalAnimation.set clips [as clips] (C:\ProgramData\cocos\editors\Creator\3.8.7\resources\resources\3d\engine\bin\.cache\dev\editor\bundled\index.js:7272:17)
    at SkeletalAnimation.onLoad (C:\ProgramData\cocos\editors\Creator\3.8.7\resources\resources\3d\engine\bin\.cache\dev\editor\bundled\index.js:7312:22)
    at SkeletalAnimation.onLoad (C:\ProgramData\cocos\editors\Creator\3.8.7\resources\resources\3d\engine\bin\.cache\dev\editor\bundled\index.js:118149:17)
    at eval (C:\ProgramData\cocos\editors\Creator\3.8.7\resources\resources\3d\engine\bin\.cache\dev\editor\bundled\index.js:48429:132)
    at OneOffInvoker.eval [as _invoke] (C:\ProgramData\cocos\editors\Creator\3.8.7\resources\resources\3d\engine\bin\.cache\dev\editor\bundled\index.js:46343:9)
    at OneOffInvoker.invoke (C:\ProgramData\cocos\editors\Creator\3.8.7\resources\resources\3d\engine\bin\.cache\dev\editor\bundled\index.js:46462:18)
    at NodeActivator.activateNode (C:\ProgramData\cocos\editors\Creator\3.8.7\resources\resources\3d\engine\bin\.cache\dev\editor\bundled\index.js:48480:27)
    at Scene._activate (C:\ProgramData\cocos\editors\Creator\3.8.7\resources\resources\3d\engine\bin\.cache\dev\editor\bundled\index.js:56317:44)
    at Director.runSceneImmediate (C:\ProgramData\cocos\editors\Creator\3.8.7\resources\resources\3d\engine\bin\.cache\dev\editor\bundled\index.js:88394:17)
    at C:\ProgramData\cocos\editors\Creator\3.8.7\resources\app.asar\builtin\scene\dist\script\3d\manager\scene\utils.ccc:1:381
    at eval (C:\ProgramData\cocos\editors\Creator\3.8.7\resources\resources\3d\engine\bin\.cache\dev\editor\bundled\index.js:135368:9)
    at eval (C:\ProgramData\cocos\editors\Creator\3.8.7\resources\resources\3d\engine\bin\.cache\dev\editor\bundled\index.js:169410:9)
    at sentryWrapped (C:\ProgramData\cocos\editors\Creator\3.8.7\resources\app.asar\node_modules\@sentry\browser\src\helpers.ts:116:17)
2026-6-12 11:39:02 - warn: [Scene] Previous error occurred when instantiating animation clip idle on node Role_2.Error: [Scene] Previous error occurred when instantiating animation clip idle on node Role_2.
    at console.warn (C:\ProgramData\cocos\editors\Creator\3.8.7\resources\app.asar\node_modules\@sentry\core\src\utils-hoist\instrument\console.ts:40:14)
    at warn (C:\ProgramData\cocos\editors\Creator\3.8.7\resources\resources\3d\engine\bin\.cache\dev\editor\bundled\index.js:165229:12)
    at warnID (C:\ProgramData\cocos\editors\Creator\3.8.7\resources\resources\3d\engine\bin\.cache\dev\editor\bundled\index.js:165417:5)
    at binder (C:\ProgramData\cocos\editors\Creator\3.8.7\resources\resources\3d\engine\bin\.cache\dev\editor\bundled\index.js:8072:15)
    at createExoticTrackEvaluationRecord (C:\ProgramData\cocos\editors\Creator\3.8.7\resources\resources\3d\engine\bin\.cache\dev\editor\bundled\index.js:121093:28)
    at new ExoticNodeAnimationEvaluator (C:\ProgramData\cocos\editors\Creator\3.8.7\resources\resources\3d\engine\bin\.cache\dev\editor\bundled\index.js:121457:30)
    at ExoticNodeAnimation.createEvaluator (C:\ProgramData\cocos\editors\Creator\3.8.7\resources\resources\3d\engine\bin\.cache\dev\editor\bundled\index.js:121191:18)
    at eval (C:\ProgramData\cocos\editors\Creator\3.8.7\resources\resources\3d\engine\bin\.cache\dev\editor\bundled\index.js:121443:85)
    at Array.map (<anonymous>)
    at new ExoticTrsAnimationEvaluator (C:\ProgramData\cocos\editors\Creator\3.8.7\resources\resources\3d\engine\bin\.cache\dev\editor\bundled\index.js:121443:50)
    at ExoticAnimation.createEvaluator (C:\ProgramData\cocos\editors\Creator\3.8.7\resources\resources\3d\engine\bin\.cache\dev\editor\bundled\index.js:121139:18)
    at AnimationClip._createEvalWithBinder (C:\ProgramData\cocos\editors\Creator\3.8.7\resources\resources\3d\engine\bin\.cache\dev\editor\bundled\index.js:8460:62)
    at AnimationClip.createEvaluator (C:\ProgramData\cocos\editors\Creator\3.8.7\resources\resources\3d\engine\bin\.cache\dev\editor\bundled\index.js:8076:23)
    at SkeletalAnimationState.initialize (C:\ProgramData\cocos\editors\Creator\3.8.7\resources\resources\3d\engine\bin\.cache\dev\editor\bundled\index.js:10001:35)
    at SkeletalAnimationState.initialize (C:\ProgramData\cocos\editors\Creator\3.8.7\resources\resources\3d\engine\bin\.cache\dev\editor\bundled\index.js:117846:17)
    at SkeletalAnimation._doCreateState (C:\ProgramData\cocos\editors\Creator\3.8.7\resources\resources\3d\engine\bin\.cache\dev\editor\bundled\index.js:7590:19)
    at SkeletalAnimation._doCreateState (C:\ProgramData\cocos\editors\Creator\3.8.7\resources\resources\3d\engine\bin\.cache\dev\editor\bundled\index.js:118324:31)
    at SkeletalAnimation.createState (C:\ProgramData\cocos\editors\Creator\3.8.7\resources\resources\3d\engine\bin\.cache\dev\editor\bundled\index.js:7432:23)
    at eval (C:\ProgramData\cocos\editors\Creator\3.8.7\resources\resources\3d\engine\bin\.cache\dev\editor\bundled\index.js:7274:20)
    at Array.forEach (<anonymous>)
    at SkeletalAnimation.set clips [as clips] (C:\ProgramData\cocos\editors\Creator\3.8.7\resources\resources\3d\engine\bin\.cache\dev\editor\bundled\index.js:7272:17)
    at SkeletalAnimation.onLoad (C:\ProgramData\cocos\editors\Creator\3.8.7\resources\resources\3d\engine\bin\.cache\dev\editor\bundled\index.js:7312:22)
    at SkeletalAnimation.onLoad (C:\ProgramData\cocos\editors\Creator\3.8.7\resources\resources\3d\engine\bin\.cache\dev\editor\bundled\index.js:118149:17)
    at eval (C:\ProgramData\cocos\editors\Creator\3.8.7\resources\resources\3d\engine\bin\.cache\dev\editor\bundled\index.js:48429:132)
    at OneOffInvoker.eval [as _invoke] (C:\ProgramData\cocos\editors\Creator\3.8.7\resources\resources\3d\engine\bin\.cache\dev\editor\bundled\index.js:46343:9)
    at OneOffInvoker.invoke (C:\ProgramData\cocos\editors\Creator\3.8.7\resources\resources\3d\engine\bin\.cache\dev\editor\bundled\index.js:46462:18)
    at NodeActivator.activateNode (C:\ProgramData\cocos\editors\Creator\3.8.7\resources\resources\3d\engine\bin\.cache\dev\editor\bundled\index.js:48480:27)
    at Scene._activate (C:\ProgramData\cocos\editors\Creator\3.8.7\resources\resources\3d\engine\bin\.cache\dev\editor\bundled\index.js:56317:44)
    at Director.runSceneImmediate (C:\ProgramData\cocos\editors\Creator\3.8.7\resources\resources\3d\engine\bin\.cache\dev\editor\bundled\index.js:88394:17)
    at C:\ProgramData\cocos\editors\Creator\3.8.7\resources\app.asar\builtin\scene\dist\script\3d\manager\scene\utils.ccc:1:381
    at eval (C:\ProgramData\cocos\editors\Creator\3.8.7\resources\resources\3d\engine\bin\.cache\dev\editor\bundled\index.js:135368:9)
    at eval (C:\ProgramData\cocos\editors\Creator\3.8.7\resources\resources\3d\engine\bin\.cache\dev\editor\bundled\index.js:169410:9)
    at sentryWrapped (C:\ProgramData\cocos\editors\Creator\3.8.7\resources\app.asar\node_modules\@sentry\browser\src\helpers.ts:116:17)
2026-6-12 11:39:02 - warn: [Scene] Node "Role_2" has no path "zhujue".Error: [Scene] Node "Role_2" has no path "zhujue".
    at console.warn (C:\ProgramData\cocos\editors\Creator\3.8.7\resources\app.asar\node_modules\@sentry\core\src\utils-hoist\instrument\console.ts:40:14)
    at warn (C:\ProgramData\cocos\editors\Creator\3.8.7\resources\resources\3d\engine\bin\.cache\dev\editor\bundled\index.js:165229:12)
    at warnID (C:\ProgramData\cocos\editors\Creator\3.8.7\resources\resources\3d\engine\bin\.cache\dev\editor\bundled\index.js:165417:5)
    at HierarchyPath.get (C:\ProgramData\cocos\editors\Creator\3.8.7\resources\resources\3d\engine\bin\.cache\dev\editor\bundled\index.js:12248:13)
    at TrackPath.[NormalizedFollow] (C:\ProgramData\cocos\editors\Creator\3.8.7\resources\resources\3d\engine\bin\.cache\dev\editor\bundled\index.js:125941:29)
    at TrackBinding.createRuntimeBinding (C:\ProgramData\cocos\editors\Creator\3.8.7\resources\resources\3d\engine\bin\.cache\dev\editor\bundled\index.js:125978:59)
    at binder (C:\ProgramData\cocos\editors\Creator\3.8.7\resources\resources\3d\engine\bin\.cache\dev\editor\bundled\index.js:8066:41)
    at createExoticTrackEvaluationRecord (C:\ProgramData\cocos\editors\Creator\3.8.7\resources\resources\3d\engine\bin\.cache\dev\editor\bundled\index.js:121093:28)
    at new ExoticNodeAnimationEvaluator (C:\ProgramData\cocos\editors\Creator\3.8.7\resources\resources\3d\engine\bin\.cache\dev\editor\bundled\index.js:121460:30)
    at ExoticNodeAnimation.createEvaluator (C:\ProgramData\cocos\editors\Creator\3.8.7\resources\resources\3d\engine\bin\.cache\dev\editor\bundled\index.js:121191:18)
    at eval (C:\ProgramData\cocos\editors\Creator\3.8.7\resources\resources\3d\engine\bin\.cache\dev\editor\bundled\index.js:121443:85)
    at Array.map (<anonymous>)
    at new ExoticTrsAnimationEvaluator (C:\ProgramData\cocos\editors\Creator\3.8.7\resources\resources\3d\engine\bin\.cache\dev\editor\bundled\index.js:121443:50)
    at ExoticAnimation.createEvaluator (C:\ProgramData\cocos\editors\Creator\3.8.7\resources\resources\3d\engine\bin\.cache\dev\editor\bundled\index.js:121139:18)
    at AnimationClip._createEvalWithBinder (C:\ProgramData\cocos\editors\Creator\3.8.7\resources\resources\3d\engine\bin\.cache\dev\editor\bundled\index.js:8460:62)
    at AnimationClip.createEvaluator (C:\ProgramData\cocos\editors\Creator\3.8.7\resources\resources\3d\engine\bin\.cache\dev\editor\bundled\index.js:8076:23)
    at SkeletalAnimationState.initialize (C:\ProgramData\cocos\editors\Creator\3.8.7\resources\resources\3d\engine\bin\.cache\dev\editor\bundled\index.js:10001:35)
    at SkeletalAnimationState.initialize (C:\ProgramData\cocos\editors\Creator\3.8.7\resources\resources\3d\engine\bin\.cache\dev\editor\bundled\index.js:117846:17)
    at SkeletalAnimation._doCreateState (C:\ProgramData\cocos\editors\Creator\3.8.7\resources\resources\3d\engine\bin\.cache\dev\editor\bundled\index.js:7590:19)
    at SkeletalAnimation._doCreateState (C:\ProgramData\cocos\editors\Creator\3.8.7\resources\resources\3d\engine\bin\.cache\dev\editor\bundled\index.js:118324:31)
    at SkeletalAnimation.createState (C:\ProgramData\cocos\editors\Creator\3.8.7\resources\resources\3d\engine\bin\.cache\dev\editor\bundled\index.js:7432:23)
    at eval (C:\ProgramData\cocos\editors\Creator\3.8.7\resources\resources\3d\engine\bin\.cache\dev\editor\bundled\index.js:7274:20)
    at Array.forEach (<anonymous>)
    at SkeletalAnimation.set clips [as clips] (C:\ProgramData\cocos\editors\Creator\3.8.7\resources\resources\3d\engine\bin\.cache\dev\editor\bundled\index.js:7272:17)
    at SkeletalAnimation.onLoad (C:\ProgramData\cocos\editors\Creator\3.8.7\resources\resources\3d\engine\bin\.cache\dev\editor\bundled\index.js:7312:22)
    at SkeletalAnimation.onLoad (C:\ProgramData\cocos\editors\Creator\3.8.7\resources\resources\3d\engine\bin\.cache\dev\editor\bundled\index.js:118149:17)
    at eval (C:\ProgramData\cocos\editors\Creator\3.8.7\resources\resources\3d\engine\bin\.cache\dev\editor\bundled\index.js:48429:132)
    at OneOffInvoker.eval [as _invoke] (C:\ProgramData\cocos\editors\Creator\3.8.7\resources\resources\3d\engine\bin\.cache\dev\editor\bundled\index.js:46343:9)
    at OneOffInvoker.invoke (C:\ProgramData\cocos\editors\Creator\3.8.7\resources\resources\3d\engine\bin\.cache\dev\editor\bundled\index.js:46462:18)
    at NodeActivator.activateNode (C:\ProgramData\cocos\editors\Creator\3.8.7\resources\resources\3d\engine\bin\.cache\dev\editor\bundled\index.js:48480:27)
    at Scene._activate (C:\ProgramData\cocos\editors\Creator\3.8.7\resources\resources\3d\engine\bin\.cache\dev\editor\bundled\index.js:56317:44)
    at Director.runSceneImmediate (C:\ProgramData\cocos\editors\Creator\3.8.7\resources\resources\3d\engine\bin\.cache\dev\editor\bundled\index.js:88394:17)
    at C:\ProgramData\cocos\editors\Creator\3.8.7\resources\app.asar\builtin\scene\dist\script\3d\manager\scene\utils.ccc:1:381
    at eval (C:\ProgramData\cocos\editors\Creator\3.8.7\resources\resources\3d\engine\bin\.cache\dev\editor\bundled\index.js:135368:9)
    at eval (C:\ProgramData\cocos\editors\Creator\3.8.7\resources\resources\3d\engine\bin\.cache\dev\editor\bundled\index.js:169410:9)
    at sentryWrapped (C:\ProgramData\cocos\editors\Creator\3.8.7\resources\app.asar\node_modules\@sentry\browser\src\helpers.ts:116:17)
2026-6-12 11:39:02 - warn: [Scene] Previous error occurred when instantiating animation clip idle on node Role_2.Error: [Scene] Previous error occurred when instantiating animation clip idle on node Role_2.
    at console.warn (C:\ProgramData\cocos\editors\Creator\3.8.7\resources\app.asar\node_modules\@sentry\core\src\utils-hoist\instrument\console.ts:40:14)
    at warn (C:\ProgramData\cocos\editors\Creator\3.8.7\resources\resources\3d\engine\bin\.cache\dev\editor\bundled\index.js:165229:12)
    at warnID (C:\ProgramData\cocos\editors\Creator\3.8.7\resources\resources\3d\engine\bin\.cache\dev\editor\bundled\index.js:165417:5)
    at binder (C:\ProgramData\cocos\editors\Creator\3.8.7\resources\resources\3d\engine\bin\.cache\dev\editor\bundled\index.js:8072:15)
    at createExoticTrackEvaluationRecord (C:\ProgramData\cocos\editors\Creator\3.8.7\resources\resources\3d\engine\bin\.cache\dev\editor\bundled\index.js:121093:28)
    at new ExoticNodeAnimationEvaluator (C:\ProgramData\cocos\editors\Creator\3.8.7\resources\resources\3d\engine\bin\.cache\dev\editor\bundled\index.js:121460:30)
    at ExoticNodeAnimation.createEvaluator (C:\ProgramData\cocos\editors\Creator\3.8.7\resources\resources\3d\engine\bin\.cache\dev\editor\bundled\index.js:121191:18)
    at eval (C:\ProgramData\cocos\editors\Creator\3.8.7\resources\resources\3d\engine\bin\.cache\dev\editor\bundled\index.js:121443:85)
    at Array.map (<anonymous>)
    at new ExoticTrsAnimationEvaluator (C:\ProgramData\cocos\editors\Creator\3.8.7\resources\resources\3d\engine\bin\.cache\dev\editor\bundled\index.js:121443:50)
    at ExoticAnimation.createEvaluator (C:\ProgramData\cocos\editors\Creator\3.8.7\resources\resources\3d\engine\bin\.cache\dev\editor\bundled\index.js:121139:18)
    at AnimationClip._createEvalWithBinder (C:\ProgramData\cocos\editors\Creator\3.8.7\resources\resources\3d\engine\bin\.cache\dev\editor\bundled\index.js:8460:62)
    at AnimationClip.createEvaluator (C:\ProgramData\cocos\editors\Creator\3.8.7\resources\resources\3d\engine\bin\.cache\dev\editor\bundled\index.js:8076:23)
    at SkeletalAnimationState.initialize (C:\ProgramData\cocos\editors\Creator\3.8.7\resources\resources\3d\engine\bin\.cache\dev\editor\bundled\index.js:10001:35)
    at SkeletalAnimationState.initialize (C:\ProgramData\cocos\editors\Creator\3.8.7\resources\resources\3d\engine\bin\.cache\dev\editor\bundled\index.js:117846:17)
    at SkeletalAnimation._doCreateState (C:\ProgramData\cocos\editors\Creator\3.8.7\resources\resources\3d\engine\bin\.cache\dev\editor\bundled\index.js:7590:19)
    at SkeletalAnimation._doCreateState (C:\ProgramData\cocos\editors\Creator\3.8.7\resources\resources\3d\engine\bin\.cache\dev\editor\bundled\index.js:118324:31)
    at SkeletalAnimation.createState (C:\ProgramData\cocos\editors\Creator\3.8.7\resources\resources\3d\engine\bin\.cache\dev\editor\bundled\index.js:7432:23)
    at eval (C:\ProgramData\cocos\editors\Creator\3.8.7\resources\resources\3d\engine\bin\.cache\dev\editor\bundled\index.js:7274:20)
    at Array.forEach (<anonymous>)
    at SkeletalAnimation.set clips [as clips] (C:\ProgramData\cocos\editors\Creator\3.8.7\resources\resources\3d\engine\bin\.cache\dev\editor\bundled\index.js:7272:17)
    at SkeletalAnimation.onLoad (C:\ProgramData\cocos\editors\Creator\3.8.7\resources\resources\3d\engine\bin\.cache\dev\editor\bundled\index.js:7312:22)
    at SkeletalAnimation.onLoad (C:\ProgramData\cocos\editors\Creator\3.8.7\resources\resources\3d\engine\bin\.cache\dev\editor\bundled\index.js:118149:17)
    at eval (C:\ProgramData\cocos\editors\Creator\3.8.7\resources\resources\3d\engine\bin\.cache\dev\editor\bundled\index.js:48429:132)
    at OneOffInvoker.eval [as _invoke] (C:\ProgramData\cocos\editors\Creator\3.8.7\resources\resources\3d\engine\bin\.cache\dev\editor\bundled\index.js:46343:9)
    at OneOffInvoker.invoke (C:\ProgramData\cocos\editors\Creator\3.8.7\resources\resources\3d\engine\bin\.cache\dev\editor\bundled\index.js:46462:18)
    at NodeActivator.activateNode (C:\ProgramData\cocos\editors\Creator\3.8.7\resources\resources\3d\engine\bin\.cache\dev\editor\bundled\index.js:48480:27)
    at Scene._activate (C:\ProgramData\cocos\editors\Creator\3.8.7\resources\resources\3d\engine\bin\.cache\dev\editor\bundled\index.js:56317:44)
    at Director.runSceneImmediate (C:\ProgramData\cocos\editors\Creator\3.8.7\resources\resources\3d\engine\bin\.cache\dev\editor\bundled\index.js:88394:17)
    at C:\ProgramData\cocos\editors\Creator\3.8.7\resources\app.asar\builtin\scene\dist\script\3d\manager\scene\utils.ccc:1:381
    at eval (C:\ProgramData\cocos\editors\Creator\3.8.7\resources\resources\3d\engine\bin\.cache\dev\editor\bundled\index.js:135368:9)
    at eval (C:\ProgramData\cocos\editors\Creator\3.8.7\resources\resources\3d\engine\bin\.cache\dev\editor\bundled\index.js:169410:9)
    at sentryWrapped (C:\ProgramData\cocos\editors\Creator\3.8.7\resources\app.asar\node_modules\@sentry\browser\src\helpers.ts:116:17)
2026-6-12 11:39:02 - warn: [Scene] Node "Role_2" has no path "zhujue".Error: [Scene] Node "Role_2" has no path "zhujue".
    at console.warn (C:\ProgramData\cocos\editors\Creator\3.8.7\resources\app.asar\node_modules\@sentry\core\src\utils-hoist\instrument\console.ts:40:14)
    at warn (C:\ProgramData\cocos\editors\Creator\3.8.7\resources\resources\3d\engine\bin\.cache\dev\editor\bundled\index.js:165229:12)
    at warnID (C:\ProgramData\cocos\editors\Creator\3.8.7\resources\resources\3d\engine\bin\.cache\dev\editor\bundled\index.js:165417:5)
    at HierarchyPath.get (C:\ProgramData\cocos\editors\Creator\3.8.7\resources\resources\3d\engine\bin\.cache\dev\editor\bundled\index.js:12248:13)
    at TrackPath.[NormalizedFollow] (C:\ProgramData\cocos\editors\Creator\3.8.7\resources\resources\3d\engine\bin\.cache\dev\editor\bundled\index.js:125941:29)
    at TrackBinding.createRuntimeBinding (C:\ProgramData\cocos\editors\Creator\3.8.7\resources\resources\3d\engine\bin\.cache\dev\editor\bundled\index.js:125978:59)
    at binder (C:\ProgramData\cocos\editors\Creator\3.8.7\resources\resources\3d\engine\bin\.cache\dev\editor\bundled\index.js:8066:41)
    at createExoticTrackEvaluationRecord (C:\ProgramData\cocos\editors\Creator\3.8.7\resources\resources\3d\engine\bin\.cache\dev\editor\bundled\index.js:121093:28)
    at new ExoticNodeAnimationEvaluator (C:\ProgramData\cocos\editors\Creator\3.8.7\resources\resources\3d\engine\bin\.cache\dev\editor\bundled\index.js:121463:27)
    at ExoticNodeAnimation.createEvaluator (C:\ProgramData\cocos\editors\Creator\3.8.7\resources\resources\3d\engine\bin\.cache\dev\editor\bundled\index.js:121191:18)
    at eval (C:\ProgramData\cocos\editors\Creator\3.8.7\resources\resources\3d\engine\bin\.cache\dev\editor\bundled\index.js:121443:85)
    at Array.map (<anonymous>)
    at new ExoticTrsAnimationEvaluator (C:\ProgramData\cocos\editors\Creator\3.8.7\resources\resources\3d\engine\bin\.cache\dev\editor\bundled\index.js:121443:50)
    at ExoticAnimation.createEvaluator (C:\ProgramData\cocos\editors\Creator\3.8.7\resources\resources\3d\engine\bin\.cache\dev\editor\bundled\index.js:121139:18)
    at AnimationClip._createEvalWithBinder (C:\ProgramData\cocos\editors\Creator\3.8.7\resources\resources\3d\engine\bin\.cache\dev\editor\bundled\index.js:8460:62)
    at AnimationClip.createEvaluator (C:\ProgramData\cocos\editors\Creator\3.8.7\resources\resources\3d\engine\bin\.cache\dev\editor\bundled\index.js:8076:23)
    at SkeletalAnimationState.initialize (C:\ProgramData\cocos\editors\Creator\3.8.7\resources\resources\3d\engine\bin\.cache\dev\editor\bundled\index.js:10001:35)
    at SkeletalAnimationState.initialize (C:\ProgramData\cocos\editors\Creator\3.8.7\resources\resources\3d\engine\bin\.cache\dev\editor\bundled\index.js:117846:17)
    at SkeletalAnimation._doCreateState (C:\ProgramData\cocos\editors\Creator\3.8.7\resources\resources\3d\engine\bin\.cache\dev\editor\bundled\index.js:7590:19)
    at SkeletalAnimation._doCreateState (C:\ProgramData\cocos\editors\Creator\3.8.7\resources\resources\3d\engine\bin\.cache\dev\editor\bundled\index.js:118324:31)
    at SkeletalAnimation.createState (C:\ProgramData\cocos\editors\Creator\3.8.7\resources\resources\3d\engine\bin\.cache\dev\editor\bundled\index.js:7432:23)
    at eval (C:\ProgramData\cocos\editors\Creator\3.8.7\resources\resources\3d\engine\bin\.cache\dev\editor\bundled\index.js:7274:20)
    at Array.forEach (<anonymous>)
    at SkeletalAnimation.set clips [as clips] (C:\ProgramData\cocos\editors\Creator\3.8.7\resources\resources\3d\engine\bin\.cache\dev\editor\bundled\index.js:7272:17)
    at SkeletalAnimation.onLoad (C:\ProgramData\cocos\editors\Creator\3.8.7\resources\resources\3d\engine\bin\.cache\dev\editor\bundled\index.js:7312:22)
    at SkeletalAnimation.onLoad (C:\ProgramData\cocos\editors\Creator\3.8.7\resources\resources\3d\engine\bin\.cache\dev\editor\bundled\index.js:118149:17)
    at eval (C:\ProgramData\cocos\editors\Creator\3.8.7\resources\resources\3d\engine\bin\.cache\dev\editor\bundled\index.js:48429:132)
    at OneOffInvoker.eval [as _invoke] (C:\ProgramData\cocos\editors\Creator\3.8.7\resources\resources\3d\engine\bin\.cache\dev\editor\bundled\index.js:46343:9)
    at OneOffInvoker.invoke (C:\ProgramData\cocos\editors\Creator\3.8.7\resources\resources\3d\engine\bin\.cache\dev\editor\bundled\index.js:46462:18)
    at NodeActivator.activateNode (C:\ProgramData\cocos\editors\Creator\3.8.7\resources\resources\3d\engine\bin\.cache\dev\editor\bundled\index.js:48480:27)
    at Scene._activate (C:\ProgramData\cocos\editors\Creator\3.8.7\resources\resources\3d\engine\bin\.cache\dev\editor\bundled\index.js:56317:44)
    at Director.runSceneImmediate (C:\ProgramData\cocos\editors\Creator\3.8.7\resources\resources\3d\engine\bin\.cache\dev\editor\bundled\index.js:88394:17)
    at C:\ProgramData\cocos\editors\Creator\3.8.7\resources\app.asar\builtin\scene\dist\script\3d\manager\scene\utils.ccc:1:381
    at eval (C:\ProgramData\cocos\editors\Creator\3.8.7\resources\resources\3d\engine\bin\.cache\dev\editor\bundled\index.js:135368:9)
    at eval (C:\ProgramData\cocos\editors\Creator\3.8.7\resources\resources\3d\engine\bin\.cache\dev\editor\bundled\index.js:169410:9)
    at sentryWrapped (C:\ProgramData\cocos\editors\Creator\3.8.7\resources\app.asar\node_modules\@sentry\browser\src\helpers.ts:116:17)
2026-6-12 11:39:02 - warn: [Scene] Previous error occurred when instantiating animation clip idle on node Role_2.Error: [Scene] Previous error occurred when instantiating animation clip idle on node Role_2.
    at console.warn (C:\ProgramData\cocos\editors\Creator\3.8.7\resources\app.asar\node_modules\@sentry\core\src\utils-hoist\instrument\console.ts:40:14)
    at warn (C:\ProgramData\cocos\editors\Creator\3.8.7\resources\resources\3d\engine\bin\.cache\dev\editor\bundled\index.js:165229:12)
    at warnID (C:\ProgramData\cocos\editors\Creator\3.8.7\resources\resources\3d\engine\bin\.cache\dev\editor\bundled\index.js:165417:5)
    at binder (C:\ProgramData\cocos\editors\Creator\3.8.7\resources\resources\3d\engine\bin\.cache\dev\editor\bundled\index.js:8072:15)
    at createExoticTrackEvaluationRecord (C:\ProgramData\cocos\editors\Creator\3.8.7\resources\resources\3d\engine\bin\.cache\dev\editor\bundled\index.js:121093:28)
    at new ExoticNodeAnimationEvaluator (C:\ProgramData\cocos\editors\Creator\3.8.7\resources\resources\3d\engine\bin\.cache\dev\editor\bundled\index.js:121463:27)
    at ExoticNodeAnimation.createEvaluator (C:\ProgramData\cocos\editors\Creator\3.8.7\resources\resources\3d\engine\bin\.cache\dev\editor\bundled\index.js:121191:18)
    at eval (C:\ProgramData\cocos\editors\Creator\3.8.7\resources\resources\3d\engine\bin\.cache\dev\editor\bundled\index.js:121443:85)
    at Array.map (<anonymous>)
    at new ExoticTrsAnimationEvaluator (C:\ProgramData\cocos\editors\Creator\3.8.7\resources\resources\3d\engine\bin\.cache\dev\editor\bundled\index.js:121443:50)
    at ExoticAnimation.createEvaluator (C:\ProgramData\cocos\editors\Creator\3.8.7\resources\resources\3d\engine\bin\.cache\dev\editor\bundled\index.js:121139:18)
    at AnimationClip._createEvalWithBinder (C:\ProgramData\cocos\editors\Creator\3.8.7\resources\resources\3d\engine\bin\.cache\dev\editor\bundled\index.js:8460:62)
    at AnimationClip.createEvaluator (C:\ProgramData\cocos\editors\Creator\3.8.7\resources\resources\3d\engine\bin\.cache\dev\editor\bundled\index.js:8076:23)
    at SkeletalAnimationState.initialize (C:\ProgramData\cocos\editors\Creator\3.8.7\resources\resources\3d\engine\bin\.cache\dev\editor\bundled\index.js:10001:35)
    at SkeletalAnimationState.initialize (C:\ProgramData\cocos\editors\Creator\3.8.7\resources\resources\3d\engine\bin\.cache\dev\editor\bundled\index.js:117846:17)
    at SkeletalAnimation._doCreateState (C:\ProgramData\cocos\editors\Creator\3.8.7\resources\resources\3d\engine\bin\.cache\dev\editor\bundled\index.js:7590:19)
    at SkeletalAnimation._doCreateState (C:\ProgramData\cocos\editors\Creator\3.8.7\resources\resources\3d\engine\bin\.cache\dev\editor\bundled\index.js:118324:31)
    at SkeletalAnimation.createState (C:\ProgramData\cocos\editors\Creator\3.8.7\resources\resources\3d\engine\bin\.cache\dev\editor\bundled\index.js:7432:23)
    at eval (C:\ProgramData\cocos\editors\Creator\3.8.7\resources\resources\3d\engine\bin\.cache\dev\editor\bundled\index.js:7274:20)
    at Array.forEach (<anonymous>)
    at SkeletalAnimation.set clips [as clips] (C:\ProgramData\cocos\editors\Creator\3.8.7\resources\resources\3d\engine\bin\.cache\dev\editor\bundled\index.js:7272:17)
    at SkeletalAnimation.onLoad (C:\ProgramData\cocos\editors\Creator\3.8.7\resources\resources\3d\engine\bin\.cache\dev\editor\bundled\index.js:7312:22)
    at SkeletalAnimation.onLoad (C:\ProgramData\cocos\editors\Creator\3.8.7\resources\resources\3d\engine\bin\.cache\dev\editor\bundled\index.js:118149:17)
    at eval (C:\ProgramData\cocos\editors\Creator\3.8.7\resources\resources\3d\engine\bin\.cache\dev\editor\bundled\index.js:48429:132)
    at OneOffInvoker.eval [as _invoke] (C:\ProgramData\cocos\editors\Creator\3.8.7\resources\resources\3d\engine\bin\.cache\dev\editor\bundled\index.js:46343:9)
    at OneOffInvoker.invoke (C:\ProgramData\cocos\editors\Creator\3.8.7\resources\resources\3d\engine\bin\.cache\dev\editor\bundled\index.js:46462:18)
    at NodeActivator.activateNode (C:\ProgramData\cocos\editors\Creator\3.8.7\resources\resources\3d\engine\bin\.cache\dev\editor\bundled\index.js:48480:27)
    at Scene._activate (C:\ProgramData\cocos\editors\Creator\3.8.7\resources\resources\3d\engine\bin\.cache\dev\editor\bundled\index.js:56317:44)
    at Director.runSceneImmediate (C:\ProgramData\cocos\editors\Creator\3.8.7\resources\resources\3d\engine\bin\.cache\dev\editor\bundled\index.js:88394:17)
    at C:\ProgramData\cocos\editors\Creator\3.8.7\resources\app.asar\builtin\scene\dist\script\3d\manager\scene\utils.ccc:1:381
    at eval (C:\ProgramData\cocos\editors\Creator\3.8.7\resources\resources\3d\engine\bin\.cache\dev\editor\bundled\index.js:135368:9)
    at eval (C:\ProgramData\cocos\editors\Creator\3.8.7\resources\resources\3d\engine\bin\.cache\dev\editor\bundled\index.js:169410:9)
    at sentryWrapped (C:\ProgramData\cocos\editors\Creator\3.8.7\resources\app.asar\node_modules\@sentry\browser\src\helpers.ts:116:17)
2026-6-12 11:39:02 - warn: [Scene] Node "Role_2" has no path "Bip001 Prop1 Socket/AK".Error: [Scene] Node "Role_2" has no path "Bip001 Prop1 Socket/AK".
    at console.warn (C:\ProgramData\cocos\editors\Creator\3.8.7\resources\app.asar\node_modules\@sentry\core\src\utils-hoist\instrument\console.ts:40:14)
    at warn (C:\ProgramData\cocos\editors\Creator\3.8.7\resources\resources\3d\engine\bin\.cache\dev\editor\bundled\index.js:165229:12)
    at warnID (C:\ProgramData\cocos\editors\Creator\3.8.7\resources\resources\3d\engine\bin\.cache\dev\editor\bundled\index.js:165417:5)
    at HierarchyPath.get (C:\ProgramData\cocos\editors\Creator\3.8.7\resources\resources\3d\engine\bin\.cache\dev\editor\bundled\index.js:12248:13)
    at TrackPath.[NormalizedFollow] (C:\ProgramData\cocos\editors\Creator\3.8.7\resources\resources\3d\engine\bin\.cache\dev\editor\bundled\index.js:125941:29)
    at TrackBinding.createRuntimeBinding (C:\ProgramData\cocos\editors\Creator\3.8.7\resources\resources\3d\engine\bin\.cache\dev\editor\bundled\index.js:125978:59)
    at binder (C:\ProgramData\cocos\editors\Creator\3.8.7\resources\resources\3d\engine\bin\.cache\dev\editor\bundled\index.js:8066:41)
    at createExoticTrackEvaluationRecord (C:\ProgramData\cocos\editors\Creator\3.8.7\resources\resources\3d\engine\bin\.cache\dev\editor\bundled\index.js:121093:28)
    at new ExoticNodeAnimationEvaluator (C:\ProgramData\cocos\editors\Creator\3.8.7\resources\resources\3d\engine\bin\.cache\dev\editor\bundled\index.js:121457:30)
    at ExoticNodeAnimation.createEvaluator (C:\ProgramData\cocos\editors\Creator\3.8.7\resources\resources\3d\engine\bin\.cache\dev\editor\bundled\index.js:121191:18)
    at eval (C:\ProgramData\cocos\editors\Creator\3.8.7\resources\resources\3d\engine\bin\.cache\dev\editor\bundled\index.js:121443:85)
    at Array.map (<anonymous>)
    at new ExoticTrsAnimationEvaluator (C:\ProgramData\cocos\editors\Creator\3.8.7\resources\resources\3d\engine\bin\.cache\dev\editor\bundled\index.js:121443:50)
    at ExoticAnimation.createEvaluator (C:\ProgramData\cocos\editors\Creator\3.8.7\resources\resources\3d\engine\bin\.cache\dev\editor\bundled\index.js:121139:18)
    at AnimationClip._createEvalWithBinder (C:\ProgramData\cocos\editors\Creator\3.8.7\resources\resources\3d\engine\bin\.cache\dev\editor\bundled\index.js:8460:62)
    at AnimationClip.createEvaluator (C:\ProgramData\cocos\editors\Creator\3.8.7\resources\resources\3d\engine\bin\.cache\dev\editor\bundled\index.js:8076:23)
    at SkeletalAnimationState.initialize (C:\ProgramData\cocos\editors\Creator\3.8.7\resources\resources\3d\engine\bin\.cache\dev\editor\bundled\index.js:10001:35)
    at SkeletalAnimationState.initialize (C:\ProgramData\cocos\editors\Creator\3.8.7\resources\resources\3d\engine\bin\.cache\dev\editor\bundled\index.js:117846:17)
    at SkeletalAnimation._doCreateState (C:\ProgramData\cocos\editors\Creator\3.8.7\resources\resources\3d\engine\bin\.cache\dev\editor\bundled\index.js:7590:19)
    at SkeletalAnimation._doCreateState (C:\ProgramData\cocos\editors\Creator\3.8.7\resources\resources\3d\engine\bin\.cache\dev\editor\bundled\index.js:118324:31)
    at SkeletalAnimation.createState (C:\ProgramData\cocos\editors\Creator\3.8.7\resources\resources\3d\engine\bin\.cache\dev\editor\bundled\index.js:7432:23)
    at eval (C:\ProgramData\cocos\editors\Creator\3.8.7\resources\resources\3d\engine\bin\.cache\dev\editor\bundled\index.js:7274:20)
    at Array.forEach (<anonymous>)
    at SkeletalAnimation.set clips [as clips] (C:\ProgramData\cocos\editors\Creator\3.8.7\resources\resources\3d\engine\bin\.cache\dev\editor\bundled\index.js:7272:17)
    at SkeletalAnimation.onLoad (C:\ProgramData\cocos\editors\Creator\3.8.7\resources\resources\3d\engine\bin\.cache\dev\editor\bundled\index.js:7312:22)
    at SkeletalAnimation.onLoad (C:\ProgramData\cocos\editors\Creator\3.8.7\resources\resources\3d\engine\bin\.cache\dev\editor\bundled\index.js:118149:17)
    at eval (C:\ProgramData\cocos\editors\Creator\3.8.7\resources\resources\3d\engine\bin\.cache\dev\editor\bundled\index.js:48429:132)
    at OneOffInvoker.eval [as _invoke] (C:\ProgramData\cocos\editors\Creator\3.8.7\resources\resources\3d\engine\bin\.cache\dev\editor\bundled\index.js:46343:9)
    at OneOffInvoker.invoke (C:\ProgramData\cocos\editors\Creator\3.8.7\resources\resources\3d\engine\bin\.cache\dev\editor\bundled\index.js:46462:18)
    at NodeActivator.activateNode (C:\ProgramData\cocos\editors\Creator\3.8.7\resources\resources\3d\engine\bin\.cache\dev\editor\bundled\index.js:48480:27)
    at Scene._activate (C:\ProgramData\cocos\editors\Creator\3.8.7\resources\resources\3d\engine\bin\.cache\dev\editor\bundled\index.js:56317:44)
    at Director.runSceneImmediate (C:\ProgramData\cocos\editors\Creator\3.8.7\resources\resources\3d\engine\bin\.cache\dev\editor\bundled\index.js:88394:17)
    at C:\ProgramData\cocos\editors\Creator\3.8.7\resources\app.asar\builtin\scene\dist\script\3d\manager\scene\utils.ccc:1:381
    at eval (C:\ProgramData\cocos\editors\Creator\3.8.7\resources\resources\3d\engine\bin\.cache\dev\editor\bundled\index.js:135368:9)
    at eval (C:\ProgramData\cocos\editors\Creator\3.8.7\resources\resources\3d\engine\bin\.cache\dev\editor\bundled\index.js:169410:9)
    at sentryWrapped (C:\ProgramData\cocos\editors\Creator\3.8.7\resources\app.asar\node_modules\@sentry\browser\src\helpers.ts:116:17)
2026-6-12 11:39:02 - warn: [Scene] Previous error occurred when instantiating animation clip idle on node Role_2.Error: [Scene] Previous error occurred when instantiating animation clip idle on node Role_2.
    at console.warn (C:\ProgramData\cocos\editors\Creator\3.8.7\resources\app.asar\node_modules\@sentry\core\src\utils-hoist\instrument\console.ts:40:14)
    at warn (C:\ProgramData\cocos\editors\Creator\3.8.7\resources\resources\3d\engine\bin\.cache\dev\editor\bundled\index.js:165229:12)
    at warnID (C:\ProgramData\cocos\editors\Creator\3.8.7\resources\resources\3d\engine\bin\.cache\dev\editor\bundled\index.js:165417:5)
    at binder (C:\ProgramData\cocos\editors\Creator\3.8.7\resources\resources\3d\engine\bin\.cache\dev\editor\bundled\index.js:8072:15)
    at createExoticTrackEvaluationRecord (C:\ProgramData\cocos\editors\Creator\3.8.7\resources\resources\3d\engine\bin\.cache\dev\editor\bundled\index.js:121093:28)
    at new ExoticNodeAnimationEvaluator (C:\ProgramData\cocos\editors\Creator\3.8.7\resources\resources\3d\engine\bin\.cache\dev\editor\bundled\index.js:121457:30)
    at ExoticNodeAnimation.createEvaluator (C:\ProgramData\cocos\editors\Creator\3.8.7\resources\resources\3d\engine\bin\.cache\dev\editor\bundled\index.js:121191:18)
    at eval (C:\ProgramData\cocos\editors\Creator\3.8.7\resources\resources\3d\engine\bin\.cache\dev\editor\bundled\index.js:121443:85)
    at Array.map (<anonymous>)
    at new ExoticTrsAnimationEvaluator (C:\ProgramData\cocos\editors\Creator\3.8.7\resources\resources\3d\engine\bin\.cache\dev\editor\bundled\index.js:121443:50)
    at ExoticAnimation.createEvaluator (C:\ProgramData\cocos\editors\Creator\3.8.7\resources\resources\3d\engine\bin\.cache\dev\editor\bundled\index.js:121139:18)
    at AnimationClip._createEvalWithBinder (C:\ProgramData\cocos\editors\Creator\3.8.7\resources\resources\3d\engine\bin\.cache\dev\editor\bundled\index.js:8460:62)
    at AnimationClip.createEvaluator (C:\ProgramData\cocos\editors\Creator\3.8.7\resources\resources\3d\engine\bin\.cache\dev\editor\bundled\index.js:8076:23)
    at SkeletalAnimationState.initialize (C:\ProgramData\cocos\editors\Creator\3.8.7\resources\resources\3d\engine\bin\.cache\dev\editor\bundled\index.js:10001:35)
    at SkeletalAnimationState.initialize (C:\ProgramData\cocos\editors\Creator\3.8.7\resources\resources\3d\engine\bin\.cache\dev\editor\bundled\index.js:117846:17)
    at SkeletalAnimation._doCreateState (C:\ProgramData\cocos\editors\Creator\3.8.7\resources\resources\3d\engine\bin\.cache\dev\editor\bundled\index.js:7590:19)
    at SkeletalAnimation._doCreateState (C:\ProgramData\cocos\editors\Creator\3.8.7\resources\resources\3d\engine\bin\.cache\dev\editor\bundled\index.js:118324:31)
    at SkeletalAnimation.createState (C:\ProgramData\cocos\editors\Creator\3.8.7\resources\resources\3d\engine\bin\.cache\dev\editor\bundled\index.js:7432:23)
    at eval (C:\ProgramData\cocos\editors\Creator\3.8.7\resources\resources\3d\engine\bin\.cache\dev\editor\bundled\index.js:7274:20)
    at Array.forEach (<anonymous>)
    at SkeletalAnimation.set clips [as clips] (C:\ProgramData\cocos\editors\Creator\3.8.7\resources\resources\3d\engine\bin\.cache\dev\editor\bundled\index.js:7272:17)
    at SkeletalAnimation.onLoad (C:\ProgramData\cocos\editors\Creator\3.8.7\resources\resources\3d\engine\bin\.cache\dev\editor\bundled\index.js:7312:22)
    at SkeletalAnimation.onLoad (C:\ProgramData\cocos\editors\Creator\3.8.7\resources\resources\3d\engine\bin\.cache\dev\editor\bundled\index.js:118149:17)
    at eval (C:\ProgramData\cocos\editors\Creator\3.8.7\resources\resources\3d\engine\bin\.cache\dev\editor\bundled\index.js:48429:132)
    at OneOffInvoker.eval [as _invoke] (C:\ProgramData\cocos\editors\Creator\3.8.7\resources\resources\3d\engine\bin\.cache\dev\editor\bundled\index.js:46343:9)
    at OneOffInvoker.invoke (C:\ProgramData\cocos\editors\Creator\3.8.7\resources\resources\3d\engine\bin\.cache\dev\editor\bundled\index.js:46462:18)
    at NodeActivator.activateNode (C:\ProgramData\cocos\editors\Creator\3.8.7\resources\resources\3d\engine\bin\.cache\dev\editor\bundled\index.js:48480:27)
    at Scene._activate (C:\ProgramData\cocos\editors\Creator\3.8.7\resources\resources\3d\engine\bin\.cache\dev\editor\bundled\index.js:56317:44)
    at Director.runSceneImmediate (C:\ProgramData\cocos\editors\Creator\3.8.7\resources\resources\3d\engine\bin\.cache\dev\editor\bundled\index.js:88394:17)
    at C:\ProgramData\cocos\editors\Creator\3.8.7\resources\app.asar\builtin\scene\dist\script\3d\manager\scene\utils.ccc:1:381
    at eval (C:\ProgramData\cocos\editors\Creator\3.8.7\resources\resources\3d\engine\bin\.cache\dev\editor\bundled\index.js:135368:9)
    at eval (C:\ProgramData\cocos\editors\Creator\3.8.7\resources\resources\3d\engine\bin\.cache\dev\editor\bundled\index.js:169410:9)
    at sentryWrapped (C:\ProgramData\cocos\editors\Creator\3.8.7\resources\app.asar\node_modules\@sentry\browser\src\helpers.ts:116:17)
2026-6-12 11:39:02 - warn: [Scene] Node "Role_2" has no path "Bip001 Prop1 Socket/AK".Error: [Scene] Node "Role_2" has no path "Bip001 Prop1 Socket/AK".
    at console.warn (C:\ProgramData\cocos\editors\Creator\3.8.7\resources\app.asar\node_modules\@sentry\core\src\utils-hoist\instrument\console.ts:40:14)
    at warn (C:\ProgramData\cocos\editors\Creator\3.8.7\resources\resources\3d\engine\bin\.cache\dev\editor\bundled\index.js:165229:12)
    at warnID (C:\ProgramData\cocos\editors\Creator\3.8.7\resources\resources\3d\engine\bin\.cache\dev\editor\bundled\index.js:165417:5)
    at HierarchyPath.get (C:\ProgramData\cocos\editors\Creator\3.8.7\resources\resources\3d\engine\bin\.cache\dev\editor\bundled\index.js:12248:13)
    at TrackPath.[NormalizedFollow] (C:\ProgramData\cocos\editors\Creator\3.8.7\resources\resources\3d\engine\bin\.cache\dev\editor\bundled\index.js:125941:29)
    at TrackBinding.createRuntimeBinding (C:\ProgramData\cocos\editors\Creator\3.8.7\resources\resources\3d\engine\bin\.cache\dev\editor\bundled\index.js:125978:59)
    at binder (C:\ProgramData\cocos\editors\Creator\3.8.7\resources\resources\3d\engine\bin\.cache\dev\editor\bundled\index.js:8066:41)
    at createExoticTrackEvaluationRecord (C:\ProgramData\cocos\editors\Creator\3.8.7\resources\resources\3d\engine\bin\.cache\dev\editor\bundled\index.js:121093:28)
    at new ExoticNodeAnimationEvaluator (C:\ProgramData\cocos\editors\Creator\3.8.7\resources\resources\3d\engine\bin\.cache\dev\editor\bundled\index.js:121460:30)
    at ExoticNodeAnimation.createEvaluator (C:\ProgramData\cocos\editors\Creator\3.8.7\resources\resources\3d\engine\bin\.cache\dev\editor\bundled\index.js:121191:18)
    at eval (C:\ProgramData\cocos\editors\Creator\3.8.7\resources\resources\3d\engine\bin\.cache\dev\editor\bundled\index.js:121443:85)
    at Array.map (<anonymous>)
    at new ExoticTrsAnimationEvaluator (C:\ProgramData\cocos\editors\Creator\3.8.7\resources\resources\3d\engine\bin\.cache\dev\editor\bundled\index.js:121443:50)
    at ExoticAnimation.createEvaluator (C:\ProgramData\cocos\editors\Creator\3.8.7\resources\resources\3d\engine\bin\.cache\dev\editor\bundled\index.js:121139:18)
    at AnimationClip._createEvalWithBinder (C:\ProgramData\cocos\editors\Creator\3.8.7\resources\resources\3d\engine\bin\.cache\dev\editor\bundled\index.js:8460:62)
    at AnimationClip.createEvaluator (C:\ProgramData\cocos\editors\Creator\3.8.7\resources\resources\3d\engine\bin\.cache\dev\editor\bundled\index.js:8076:23)
    at SkeletalAnimationState.initialize (C:\ProgramData\cocos\editors\Creator\3.8.7\resources\resources\3d\engine\bin\.cache\dev\editor\bundled\index.js:10001:35)
    at SkeletalAnimationState.initialize (C:\ProgramData\cocos\editors\Creator\3.8.7\resources\resources\3d\engine\bin\.cache\dev\editor\bundled\index.js:117846:17)
    at SkeletalAnimation._doCreateState (C:\ProgramData\cocos\editors\Creator\3.8.7\resources\resources\3d\engine\bin\.cache\dev\editor\bundled\index.js:7590:19)
    at SkeletalAnimation._doCreateState (C:\ProgramData\cocos\editors\Creator\3.8.7\resources\resources\3d\engine\bin\.cache\dev\editor\bundled\index.js:118324:31)
    at SkeletalAnimation.createState (C:\ProgramData\cocos\editors\Creator\3.8.7\resources\resources\3d\engine\bin\.cache\dev\editor\bundled\index.js:7432:23)
    at eval (C:\ProgramData\cocos\editors\Creator\3.8.7\resources\resources\3d\engine\bin\.cache\dev\editor\bundled\index.js:7274:20)
    at Array.forEach (<anonymous>)
    at SkeletalAnimation.set clips [as clips] (C:\ProgramData\cocos\editors\Creator\3.8.7\resources\resources\3d\engine\bin\.cache\dev\editor\bundled\index.js:7272:17)
    at SkeletalAnimation.onLoad (C:\ProgramData\cocos\editors\Creator\3.8.7\resources\resources\3d\engine\bin\.cache\dev\editor\bundled\index.js:7312:22)
    at SkeletalAnimation.onLoad (C:\ProgramData\cocos\editors\Creator\3.8.7\resources\resources\3d\engine\bin\.cache\dev\editor\bundled\index.js:118149:17)
    at eval (C:\ProgramData\cocos\editors\Creator\3.8.7\resources\resources\3d\engine\bin\.cache\dev\editor\bundled\index.js:48429:132)
    at OneOffInvoker.eval [as _invoke] (C:\ProgramData\cocos\editors\Creator\3.8.7\resources\resources\3d\engine\bin\.cache\dev\editor\bundled\index.js:46343:9)
    at OneOffInvoker.invoke (C:\ProgramData\cocos\editors\Creator\3.8.7\resources\resources\3d\engine\bin\.cache\dev\editor\bundled\index.js:46462:18)
    at NodeActivator.activateNode (C:\ProgramData\cocos\editors\Creator\3.8.7\resources\resources\3d\engine\bin\.cache\dev\editor\bundled\index.js:48480:27)
    at Scene._activate (C:\ProgramData\cocos\editors\Creator\3.8.7\resources\resources\3d\engine\bin\.cache\dev\editor\bundled\index.js:56317:44)
    at Director.runSceneImmediate (C:\ProgramData\cocos\editors\Creator\3.8.7\resources\resources\3d\engine\bin\.cache\dev\editor\bundled\index.js:88394:17)
    at C:\ProgramData\cocos\editors\Creator\3.8.7\resources\app.asar\builtin\scene\dist\script\3d\manager\scene\utils.ccc:1:381
    at eval (C:\ProgramData\cocos\editors\Creator\3.8.7\resources\resources\3d\engine\bin\.cache\dev\editor\bundled\index.js:135368:9)
    at eval (C:\ProgramData\cocos\editors\Creator\3.8.7\resources\resources\3d\engine\bin\.cache\dev\editor\bundled\index.js:169410:9)
    at sentryWrapped (C:\ProgramData\cocos\editors\Creator\3.8.7\resources\app.asar\node_modules\@sentry\browser\src\helpers.ts:116:17)
2026-6-12 11:39:02 - warn: [Scene] Previous error occurred when instantiating animation clip idle on node Role_2.Error: [Scene] Previous error occurred when instantiating animation clip idle on node Role_2.
    at console.warn (C:\ProgramData\cocos\editors\Creator\3.8.7\resources\app.asar\node_modules\@sentry\core\src\utils-hoist\instrument\console.ts:40:14)
    at warn (C:\ProgramData\cocos\editors\Creator\3.8.7\resources\resources\3d\engine\bin\.cache\dev\editor\bundled\index.js:165229:12)
    at warnID (C:\ProgramData\cocos\editors\Creator\3.8.7\resources\resources\3d\engine\bin\.cache\dev\editor\bundled\index.js:165417:5)
    at binder (C:\ProgramData\cocos\editors\Creator\3.8.7\resources\resources\3d\engine\bin\.cache\dev\editor\bundled\index.js:8072:15)
    at createExoticTrackEvaluationRecord (C:\ProgramData\cocos\editors\Creator\3.8.7\resources\resources\3d\engine\bin\.cache\dev\editor\bundled\index.js:121093:28)
    at new ExoticNodeAnimationEvaluator (C:\ProgramData\cocos\editors\Creator\3.8.7\resources\resources\3d\engine\bin\.cache\dev\editor\bundled\index.js:121460:30)
    at ExoticNodeAnimation.createEvaluator (C:\ProgramData\cocos\editors\Creator\3.8.7\resources\resources\3d\engine\bin\.cache\dev\editor\bundled\index.js:121191:18)
    at eval (C:\ProgramData\cocos\editors\Creator\3.8.7\resources\resources\3d\engine\bin\.cache\dev\editor\bundled\index.js:121443:85)
    at Array.map (<anonymous>)
    at new ExoticTrsAnimationEvaluator (C:\ProgramData\cocos\editors\Creator\3.8.7\resources\resources\3d\engine\bin\.cache\dev\editor\bundled\index.js:121443:50)
    at ExoticAnimation.createEvaluator (C:\ProgramData\cocos\editors\Creator\3.8.7\resources\resources\3d\engine\bin\.cache\dev\editor\bundled\index.js:121139:18)
    at AnimationClip._createEvalWithBinder (C:\ProgramData\cocos\editors\Creator\3.8.7\resources\resources\3d\engine\bin\.cache\dev\editor\bundled\index.js:8460:62)
    at AnimationClip.createEvaluator (C:\ProgramData\cocos\editors\Creator\3.8.7\resources\resources\3d\engine\bin\.cache\dev\editor\bundled\index.js:8076:23)
    at SkeletalAnimationState.initialize (C:\ProgramData\cocos\editors\Creator\3.8.7\resources\resources\3d\engine\bin\.cache\dev\editor\bundled\index.js:10001:35)
    at SkeletalAnimationState.initialize (C:\ProgramData\cocos\editors\Creator\3.8.7\resources\resources\3d\engine\bin\.cache\dev\editor\bundled\index.js:117846:17)
    at SkeletalAnimation._doCreateState (C:\ProgramData\cocos\editors\Creator\3.8.7\resources\resources\3d\engine\bin\.cache\dev\editor\bundled\index.js:7590:19)
    at SkeletalAnimation._doCreateState (C:\ProgramData\cocos\editors\Creator\3.8.7\resources\resources\3d\engine\bin\.cache\dev\editor\bundled\index.js:118324:31)
    at SkeletalAnimation.createState (C:\ProgramData\cocos\editors\Creator\3.8.7\resources\resources\3d\engine\bin\.cache\dev\editor\bundled\index.js:7432:23)
    at eval (C:\ProgramData\cocos\editors\Creator\3.8.7\resources\resources\3d\engine\bin\.cache\dev\editor\bundled\index.js:7274:20)
    at Array.forEach (<anonymous>)
    at SkeletalAnimation.set clips [as clips] (C:\ProgramData\cocos\editors\Creator\3.8.7\resources\resources\3d\engine\bin\.cache\dev\editor\bundled\index.js:7272:17)
    at SkeletalAnimation.onLoad (C:\ProgramData\cocos\editors\Creator\3.8.7\resources\resources\3d\engine\bin\.cache\dev\editor\bundled\index.js:7312:22)
    at SkeletalAnimation.onLoad (C:\ProgramData\cocos\editors\Creator\3.8.7\resources\resources\3d\engine\bin\.cache\dev\editor\bundled\index.js:118149:17)
    at eval (C:\ProgramData\cocos\editors\Creator\3.8.7\resources\resources\3d\engine\bin\.cache\dev\editor\bundled\index.js:48429:132)
    at OneOffInvoker.eval [as _invoke] (C:\ProgramData\cocos\editors\Creator\3.8.7\resources\resources\3d\engine\bin\.cache\dev\editor\bundled\index.js:46343:9)
    at OneOffInvoker.invoke (C:\ProgramData\cocos\editors\Creator\3.8.7\resources\resources\3d\engine\bin\.cache\dev\editor\bundled\index.js:46462:18)
    at NodeActivator.activateNode (C:\ProgramData\cocos\editors\Creator\3.8.7\resources\resources\3d\engine\bin\.cache\dev\editor\bundled\index.js:48480:27)
    at Scene._activate (C:\ProgramData\cocos\editors\Creator\3.8.7\resources\resources\3d\engine\bin\.cache\dev\editor\bundled\index.js:56317:44)
    at Director.runSceneImmediate (C:\ProgramData\cocos\editors\Creator\3.8.7\resources\resources\3d\engine\bin\.cache\dev\editor\bundled\index.js:88394:17)
    at C:\ProgramData\cocos\editors\Creator\3.8.7\resources\app.asar\builtin\scene\dist\script\3d\manager\scene\utils.ccc:1:381
    at eval (C:\ProgramData\cocos\editors\Creator\3.8.7\resources\resources\3d\engine\bin\.cache\dev\editor\bundled\index.js:135368:9)
    at eval (C:\ProgramData\cocos\editors\Creator\3.8.7\resources\resources\3d\engine\bin\.cache\dev\editor\bundled\index.js:169410:9)
    at sentryWrapped (C:\ProgramData\cocos\editors\Creator\3.8.7\resources\app.asar\node_modules\@sentry\browser\src\helpers.ts:116:17)
2026-6-12 11:39:02 - warn: [Scene] Node "Role_2" has no path "Bip001 Prop1 Socket/AK".Error: [Scene] Node "Role_2" has no path "Bip001 Prop1 Socket/AK".
    at console.warn (C:\ProgramData\cocos\editors\Creator\3.8.7\resources\app.asar\node_modules\@sentry\core\src\utils-hoist\instrument\console.ts:40:14)
    at warn (C:\ProgramData\cocos\editors\Creator\3.8.7\resources\resources\3d\engine\bin\.cache\dev\editor\bundled\index.js:165229:12)
    at warnID (C:\ProgramData\cocos\editors\Creator\3.8.7\resources\resources\3d\engine\bin\.cache\dev\editor\bundled\index.js:165417:5)
    at HierarchyPath.get (C:\ProgramData\cocos\editors\Creator\3.8.7\resources\resources\3d\engine\bin\.cache\dev\editor\bundled\index.js:12248:13)
    at TrackPath.[NormalizedFollow] (C:\ProgramData\cocos\editors\Creator\3.8.7\resources\resources\3d\engine\bin\.cache\dev\editor\bundled\index.js:125941:29)
    at TrackBinding.createRuntimeBinding (C:\ProgramData\cocos\editors\Creator\3.8.7\resources\resources\3d\engine\bin\.cache\dev\editor\bundled\index.js:125978:59)
    at binder (C:\ProgramData\cocos\editors\Creator\3.8.7\resources\resources\3d\engine\bin\.cache\dev\editor\bundled\index.js:8066:41)
    at createExoticTrackEvaluationRecord (C:\ProgramData\cocos\editors\Creator\3.8.7\resources\resources\3d\engine\bin\.cache\dev\editor\bundled\index.js:121093:28)
    at new ExoticNodeAnimationEvaluator (C:\ProgramData\cocos\editors\Creator\3.8.7\resources\resources\3d\engine\bin\.cache\dev\editor\bundled\index.js:121463:27)
    at ExoticNodeAnimation.createEvaluator (C:\ProgramData\cocos\editors\Creator\3.8.7\resources\resources\3d\engine\bin\.cache\dev\editor\bundled\index.js:121191:18)
    at eval (C:\ProgramData\cocos\editors\Creator\3.8.7\resources\resources\3d\engine\bin\.cache\dev\editor\bundled\index.js:121443:85)
    at Array.map (<anonymous>)
    at new ExoticTrsAnimationEvaluator (C:\ProgramData\cocos\editors\Creator\3.8.7\resources\resources\3d\engine\bin\.cache\dev\editor\bundled\index.js:121443:50)
    at ExoticAnimation.createEvaluator (C:\ProgramData\cocos\editors\Creator\3.8.7\resources\resources\3d\engine\bin\.cache\dev\editor\bundled\index.js:121139:18)
    at AnimationClip._createEvalWithBinder (C:\ProgramData\cocos\editors\Creator\3.8.7\resources\resources\3d\engine\bin\.cache\dev\editor\bundled\index.js:8460:62)
    at AnimationClip.createEvaluator (C:\ProgramData\cocos\editors\Creator\3.8.7\resources\resources\3d\engine\bin\.cache\dev\editor\bundled\index.js:8076:23)
    at SkeletalAnimationState.initialize (C:\ProgramData\cocos\editors\Creator\3.8.7\resources\resources\3d\engine\bin\.cache\dev\editor\bundled\index.js:10001:35)
    at SkeletalAnimationState.initialize (C:\ProgramData\cocos\editors\Creator\3.8.7\resources\resources\3d\engine\bin\.cache\dev\editor\bundled\index.js:117846:17)
    at SkeletalAnimation._doCreateState (C:\ProgramData\cocos\editors\Creator\3.8.7\resources\resources\3d\engine\bin\.cache\dev\editor\bundled\index.js:7590:19)
    at SkeletalAnimation._doCreateState (C:\ProgramData\cocos\editors\Creator\3.8.7\resources\resources\3d\engine\bin\.cache\dev\editor\bundled\index.js:118324:31)
    at SkeletalAnimation.createState (C:\ProgramData\cocos\editors\Creator\3.8.7\resources\resources\3d\engine\bin\.cache\dev\editor\bundled\index.js:7432:23)
    at eval (C:\ProgramData\cocos\editors\Creator\3.8.7\resources\resources\3d\engine\bin\.cache\dev\editor\bundled\index.js:7274:20)
    at Array.forEach (<anonymous>)
    at SkeletalAnimation.set clips [as clips] (C:\ProgramData\cocos\editors\Creator\3.8.7\resources\resources\3d\engine\bin\.cache\dev\editor\bundled\index.js:7272:17)
    at SkeletalAnimation.onLoad (C:\ProgramData\cocos\editors\Creator\3.8.7\resources\resources\3d\engine\bin\.cache\dev\editor\bundled\index.js:7312:22)
    at SkeletalAnimation.onLoad (C:\ProgramData\cocos\editors\Creator\3.8.7\resources\resources\3d\engine\bin\.cache\dev\editor\bundled\index.js:118149:17)
    at eval (C:\ProgramData\cocos\editors\Creator\3.8.7\resources\resources\3d\engine\bin\.cache\dev\editor\bundled\index.js:48429:132)
    at OneOffInvoker.eval [as _invoke] (C:\ProgramData\cocos\editors\Creator\3.8.7\resources\resources\3d\engine\bin\.cache\dev\editor\bundled\index.js:46343:9)
    at OneOffInvoker.invoke (C:\ProgramData\cocos\editors\Creator\3.8.7\resources\resources\3d\engine\bin\.cache\dev\editor\bundled\index.js:46462:18)
    at NodeActivator.activateNode (C:\ProgramData\cocos\editors\Creator\3.8.7\resources\resources\3d\engine\bin\.cache\dev\editor\bundled\index.js:48480:27)
    at Scene._activate (C:\ProgramData\cocos\editors\Creator\3.8.7\resources\resources\3d\engine\bin\.cache\dev\editor\bundled\index.js:56317:44)
    at Director.runSceneImmediate (C:\ProgramData\cocos\editors\Creator\3.8.7\resources\resources\3d\engine\bin\.cache\dev\editor\bundled\index.js:88394:17)
    at C:\ProgramData\cocos\editors\Creator\3.8.7\resources\app.asar\builtin\scene\dist\script\3d\manager\scene\utils.ccc:1:381
    at eval (C:\ProgramData\cocos\editors\Creator\3.8.7\resources\resources\3d\engine\bin\.cache\dev\editor\bundled\index.js:135368:9)
    at eval (C:\ProgramData\cocos\editors\Creator\3.8.7\resources\resources\3d\engine\bin\.cache\dev\editor\bundled\index.js:169410:9)
    at sentryWrapped (C:\ProgramData\cocos\editors\Creator\3.8.7\resources\app.asar\node_modules\@sentry\browser\src\helpers.ts:116:17)
2026-6-12 11:39:02 - warn: [Scene] Previous error occurred when instantiating animation clip idle on node Role_2.Error: [Scene] Previous error occurred when instantiating animation clip idle on node Role_2.
    at console.warn (C:\ProgramData\cocos\editors\Creator\3.8.7\resources\app.asar\node_modules\@sentry\core\src\utils-hoist\instrument\console.ts:40:14)
    at warn (C:\ProgramData\cocos\editors\Creator\3.8.7\resources\resources\3d\engine\bin\.cache\dev\editor\bundled\index.js:165229:12)
    at warnID (C:\ProgramData\cocos\editors\Creator\3.8.7\resources\resources\3d\engine\bin\.cache\dev\editor\bundled\index.js:165417:5)
    at binder (C:\ProgramData\cocos\editors\Creator\3.8.7\resources\resources\3d\engine\bin\.cache\dev\editor\bundled\index.js:8072:15)
    at createExoticTrackEvaluationRecord (C:\ProgramData\cocos\editors\Creator\3.8.7\resources\resources\3d\engine\bin\.cache\dev\editor\bundled\index.js:121093:28)
    at new ExoticNodeAnimationEvaluator (C:\ProgramData\cocos\editors\Creator\3.8.7\resources\resources\3d\engine\bin\.cache\dev\editor\bundled\index.js:121463:27)
    at ExoticNodeAnimation.createEvaluator (C:\ProgramData\cocos\editors\Creator\3.8.7\resources\resources\3d\engine\bin\.cache\dev\editor\bundled\index.js:121191:18)
    at eval (C:\ProgramData\cocos\editors\Creator\3.8.7\resources\resources\3d\engine\bin\.cache\dev\editor\bundled\index.js:121443:85)
    at Array.map (<anonymous>)
    at new ExoticTrsAnimationEvaluator (C:\ProgramData\cocos\editors\Creator\3.8.7\resources\resources\3d\engine\bin\.cache\dev\editor\bundled\index.js:121443:50)
    at ExoticAnimation.createEvaluator (C:\ProgramData\cocos\editors\Creator\3.8.7\resources\resources\3d\engine\bin\.cache\dev\editor\bundled\index.js:121139:18)
    at AnimationClip._createEvalWithBinder (C:\ProgramData\cocos\editors\Creator\3.8.7\resources\resources\3d\engine\bin\.cache\dev\editor\bundled\index.js:8460:62)
    at AnimationClip.createEvaluator (C:\ProgramData\cocos\editors\Creator\3.8.7\resources\resources\3d\engine\bin\.cache\dev\editor\bundled\index.js:8076:23)
    at SkeletalAnimationState.initialize (C:\ProgramData\cocos\editors\Creator\3.8.7\resources\resources\3d\engine\bin\.cache\dev\editor\bundled\index.js:10001:35)
    at SkeletalAnimationState.initialize (C:\ProgramData\cocos\editors\Creator\3.8.7\resources\resources\3d\engine\bin\.cache\dev\editor\bundled\index.js:117846:17)
    at SkeletalAnimation._doCreateState (C:\ProgramData\cocos\editors\Creator\3.8.7\resources\resources\3d\engine\bin\.cache\dev\editor\bundled\index.js:7590:19)
    at SkeletalAnimation._doCreateState (C:\ProgramData\cocos\editors\Creator\3.8.7\resources\resources\3d\engine\bin\.cache\dev\editor\bundled\index.js:118324:31)
    at SkeletalAnimation.createState (C:\ProgramData\cocos\editors\Creator\3.8.7\resources\resources\3d\engine\bin\.cache\dev\editor\bundled\index.js:7432:23)
    at eval (C:\ProgramData\cocos\editors\Creator\3.8.7\resources\resources\3d\engine\bin\.cache\dev\editor\bundled\index.js:7274:20)
    at Array.forEach (<anonymous>)
    at SkeletalAnimation.set clips [as clips] (C:\ProgramData\cocos\editors\Creator\3.8.7\resources\resources\3d\engine\bin\.cache\dev\editor\bundled\index.js:7272:17)
    at SkeletalAnimation.onLoad (C:\ProgramData\cocos\editors\Creator\3.8.7\resources\resources\3d\engine\bin\.cache\dev\editor\bundled\index.js:7312:22)
    at SkeletalAnimation.onLoad (C:\ProgramData\cocos\editors\Creator\3.8.7\resources\resources\3d\engine\bin\.cache\dev\editor\bundled\index.js:118149:17)
    at eval (C:\ProgramData\cocos\editors\Creator\3.8.7\resources\resources\3d\engine\bin\.cache\dev\editor\bundled\index.js:48429:132)
    at OneOffInvoker.eval [as _invoke] (C:\ProgramData\cocos\editors\Creator\3.8.7\resources\resources\3d\engine\bin\.cache\dev\editor\bundled\index.js:46343:9)
    at OneOffInvoker.invoke (C:\ProgramData\cocos\editors\Creator\3.8.7\resources\resources\3d\engine\bin\.cache\dev\editor\bundled\index.js:46462:18)
    at NodeActivator.activateNode (C:\ProgramData\cocos\editors\Creator\3.8.7\resources\resources\3d\engine\bin\.cache\dev\editor\bundled\index.js:48480:27)
    at Scene._activate (C:\ProgramData\cocos\editors\Creator\3.8.7\resources\resources\3d\engine\bin\.cache\dev\editor\bundled\index.js:56317:44)
    at Director.runSceneImmediate (C:\ProgramData\cocos\editors\Creator\3.8.7\resources\resources\3d\engine\bin\.cache\dev\editor\bundled\index.js:88394:17)
    at C:\ProgramData\cocos\editors\Creator\3.8.7\resources\app.asar\builtin\scene\dist\script\3d\manager\scene\utils.ccc:1:381
    at eval (C:\ProgramData\cocos\editors\Creator\3.8.7\resources\resources\3d\engine\bin\.cache\dev\editor\bundled\index.js:135368:9)
    at eval (C:\ProgramData\cocos\editors\Creator\3.8.7\resources\resources\3d\engine\bin\.cache\dev\editor\bundled\index.js:169410:9)
    at sentryWrapped (C:\ProgramData\cocos\editors\Creator\3.8.7\resources\app.asar\node_modules\@sentry\browser\src\helpers.ts:116:17)
2026-6-12 11:39:02 - warn: [Scene] Node "Role_2" has no path "Bip001/Bip001 Footsteps".Error: [Scene] Node "Role_2" has no path "Bip001/Bip001 Footsteps".
    at console.warn (C:\ProgramData\cocos\editors\Creator\3.8.7\resources\app.asar\node_modules\@sentry\core\src\utils-hoist\instrument\console.ts:40:14)
    at warn (C:\ProgramData\cocos\editors\Creator\3.8.7\resources\resources\3d\engine\bin\.cache\dev\editor\bundled\index.js:165229:12)
    at warnID (C:\ProgramData\cocos\editors\Creator\3.8.7\resources\resources\3d\engine\bin\.cache\dev\editor\bundled\index.js:165417:5)
    at HierarchyPath.get (C:\ProgramData\cocos\editors\Creator\3.8.7\resources\resources\3d\engine\bin\.cache\dev\editor\bundled\index.js:12248:13)
    at TrackPath.[NormalizedFollow] (C:\ProgramData\cocos\editors\Creator\3.8.7\resources\resources\3d\engine\bin\.cache\dev\editor\bundled\index.js:125941:29)
    at TrackBinding.createRuntimeBinding (C:\ProgramData\cocos\editors\Creator\3.8.7\resources\resources\3d\engine\bin\.cache\dev\editor\bundled\index.js:125978:59)
    at binder (C:\ProgramData\cocos\editors\Creator\3.8.7\resources\resources\3d\engine\bin\.cache\dev\editor\bundled\index.js:8066:41)
    at createExoticTrackEvaluationRecord (C:\ProgramData\cocos\editors\Creator\3.8.7\resources\resources\3d\engine\bin\.cache\dev\editor\bundled\index.js:121093:28)
    at new ExoticNodeAnimationEvaluator (C:\ProgramData\cocos\editors\Creator\3.8.7\resources\resources\3d\engine\bin\.cache\dev\editor\bundled\index.js:121457:30)
    at ExoticNodeAnimation.createEvaluator (C:\ProgramData\cocos\editors\Creator\3.8.7\resources\resources\3d\engine\bin\.cache\dev\editor\bundled\index.js:121191:18)
    at eval (C:\ProgramData\cocos\editors\Creator\3.8.7\resources\resources\3d\engine\bin\.cache\dev\editor\bundled\index.js:121443:85)
    at Array.map (<anonymous>)
    at new ExoticTrsAnimationEvaluator (C:\ProgramData\cocos\editors\Creator\3.8.7\resources\resources\3d\engine\bin\.cache\dev\editor\bundled\index.js:121443:50)
    at ExoticAnimation.createEvaluator (C:\ProgramData\cocos\editors\Creator\3.8.7\resources\resources\3d\engine\bin\.cache\dev\editor\bundled\index.js:121139:18)
    at AnimationClip._createEvalWithBinder (C:\ProgramData\cocos\editors\Creator\3.8.7\resources\resources\3d\engine\bin\.cache\dev\editor\bundled\index.js:8460:62)
    at AnimationClip.createEvaluator (C:\ProgramData\cocos\editors\Creator\3.8.7\resources\resources\3d\engine\bin\.cache\dev\editor\bundled\index.js:8076:23)
    at SkeletalAnimationState.initialize (C:\ProgramData\cocos\editors\Creator\3.8.7\resources\resources\3d\engine\bin\.cache\dev\editor\bundled\index.js:10001:35)
    at SkeletalAnimationState.initialize (C:\ProgramData\cocos\editors\Creator\3.8.7\resources\resources\3d\engine\bin\.cache\dev\editor\bundled\index.js:117846:17)
    at SkeletalAnimation._doCreateState (C:\ProgramData\cocos\editors\Creator\3.8.7\resources\resources\3d\engine\bin\.cache\dev\editor\bundled\index.js:7590:19)
    at SkeletalAnimation._doCreateState (C:\ProgramData\cocos\editors\Creator\3.8.7\resources\resources\3d\engine\bin\.cache\dev\editor\bundled\index.js:118324:31)
    at SkeletalAnimation.createState (C:\ProgramData\cocos\editors\Creator\3.8.7\resources\resources\3d\engine\bin\.cache\dev\editor\bundled\index.js:7432:23)
    at eval (C:\ProgramData\cocos\editors\Creator\3.8.7\resources\resources\3d\engine\bin\.cache\dev\editor\bundled\index.js:7274:20)
    at Array.forEach (<anonymous>)
    at SkeletalAnimation.set clips [as clips] (C:\ProgramData\cocos\editors\Creator\3.8.7\resources\resources\3d\engine\bin\.cache\dev\editor\bundled\index.js:7272:17)
    at SkeletalAnimation.onLoad (C:\ProgramData\cocos\editors\Creator\3.8.7\resources\resources\3d\engine\bin\.cache\dev\editor\bundled\index.js:7312:22)
    at SkeletalAnimation.onLoad (C:\ProgramData\cocos\editors\Creator\3.8.7\resources\resources\3d\engine\bin\.cache\dev\editor\bundled\index.js:118149:17)
    at eval (C:\ProgramData\cocos\editors\Creator\3.8.7\resources\resources\3d\engine\bin\.cache\dev\editor\bundled\index.js:48429:132)
    at OneOffInvoker.eval [as _invoke] (C:\ProgramData\cocos\editors\Creator\3.8.7\resources\resources\3d\engine\bin\.cache\dev\editor\bundled\index.js:46343:9)
    at OneOffInvoker.invoke (C:\ProgramData\cocos\editors\Creator\3.8.7\resources\resources\3d\engine\bin\.cache\dev\editor\bundled\index.js:46462:18)
    at NodeActivator.activateNode (C:\ProgramData\cocos\editors\Creator\3.8.7\resources\resources\3d\engine\bin\.cache\dev\editor\bundled\index.js:48480:27)
    at Scene._activate (C:\ProgramData\cocos\editors\Creator\3.8.7\resources\resources\3d\engine\bin\.cache\dev\editor\bundled\index.js:56317:44)
    at Director.runSceneImmediate (C:\ProgramData\cocos\editors\Creator\3.8.7\resources\resources\3d\engine\bin\.cache\dev\editor\bundled\index.js:88394:17)
    at C:\ProgramData\cocos\editors\Creator\3.8.7\resources\app.asar\builtin\scene\dist\script\3d\manager\scene\utils.ccc:1:381
    at eval (C:\ProgramData\cocos\editors\Creator\3.8.7\resources\resources\3d\engine\bin\.cache\dev\editor\bundled\index.js:135368:9)
    at eval (C:\ProgramData\cocos\editors\Creator\3.8.7\resources\resources\3d\engine\bin\.cache\dev\editor\bundled\index.js:169410:9)
    at sentryWrapped (C:\ProgramData\cocos\editors\Creator\3.8.7\resources\app.asar\node_modules\@sentry\browser\src\helpers.ts:116:17)
2026-6-12 11:39:02 - warn: [Scene] Previous error occurred when instantiating animation clip up_ju on node Role_2.Error: [Scene] Previous error occurred when instantiating animation clip up_ju on node Role_2.
    at console.warn (C:\ProgramData\cocos\editors\Creator\3.8.7\resources\app.asar\node_modules\@sentry\core\src\utils-hoist\instrument\console.ts:40:14)
    at warn (C:\ProgramData\cocos\editors\Creator\3.8.7\resources\resources\3d\engine\bin\.cache\dev\editor\bundled\index.js:165229:12)
    at warnID (C:\ProgramData\cocos\editors\Creator\3.8.7\resources\resources\3d\engine\bin\.cache\dev\editor\bundled\index.js:165417:5)
    at binder (C:\ProgramData\cocos\editors\Creator\3.8.7\resources\resources\3d\engine\bin\.cache\dev\editor\bundled\index.js:8072:15)
    at createExoticTrackEvaluationRecord (C:\ProgramData\cocos\editors\Creator\3.8.7\resources\resources\3d\engine\bin\.cache\dev\editor\bundled\index.js:121093:28)
    at new ExoticNodeAnimationEvaluator (C:\ProgramData\cocos\editors\Creator\3.8.7\resources\resources\3d\engine\bin\.cache\dev\editor\bundled\index.js:121457:30)
    at ExoticNodeAnimation.createEvaluator (C:\ProgramData\cocos\editors\Creator\3.8.7\resources\resources\3d\engine\bin\.cache\dev\editor\bundled\index.js:121191:18)
    at eval (C:\ProgramData\cocos\editors\Creator\3.8.7\resources\resources\3d\engine\bin\.cache\dev\editor\bundled\index.js:121443:85)
    at Array.map (<anonymous>)
    at new ExoticTrsAnimationEvaluator (C:\ProgramData\cocos\editors\Creator\3.8.7\resources\resources\3d\engine\bin\.cache\dev\editor\bundled\index.js:121443:50)
    at ExoticAnimation.createEvaluator (C:\ProgramData\cocos\editors\Creator\3.8.7\resources\resources\3d\engine\bin\.cache\dev\editor\bundled\index.js:121139:18)
    at AnimationClip._createEvalWithBinder (C:\ProgramData\cocos\editors\Creator\3.8.7\resources\resources\3d\engine\bin\.cache\dev\editor\bundled\index.js:8460:62)
    at AnimationClip.createEvaluator (C:\ProgramData\cocos\editors\Creator\3.8.7\resources\resources\3d\engine\bin\.cache\dev\editor\bundled\index.js:8076:23)
    at SkeletalAnimationState.initialize (C:\ProgramData\cocos\editors\Creator\3.8.7\resources\resources\3d\engine\bin\.cache\dev\editor\bundled\index.js:10001:35)
    at SkeletalAnimationState.initialize (C:\ProgramData\cocos\editors\Creator\3.8.7\resources\resources\3d\engine\bin\.cache\dev\editor\bundled\index.js:117846:17)
    at SkeletalAnimation._doCreateState (C:\ProgramData\cocos\editors\Creator\3.8.7\resources\resources\3d\engine\bin\.cache\dev\editor\bundled\index.js:7590:19)
    at SkeletalAnimation._doCreateState (C:\ProgramData\cocos\editors\Creator\3.8.7\resources\resources\3d\engine\bin\.cache\dev\editor\bundled\index.js:118324:31)
    at SkeletalAnimation.createState (C:\ProgramData\cocos\editors\Creator\3.8.7\resources\resources\3d\engine\bin\.cache\dev\editor\bundled\index.js:7432:23)
    at eval (C:\ProgramData\cocos\editors\Creator\3.8.7\resources\resources\3d\engine\bin\.cache\dev\editor\bundled\index.js:7274:20)
    at Array.forEach (<anonymous>)
    at SkeletalAnimation.set clips [as clips] (C:\ProgramData\cocos\editors\Creator\3.8.7\resources\resources\3d\engine\bin\.cache\dev\editor\bundled\index.js:7272:17)
    at SkeletalAnimation.onLoad (C:\ProgramData\cocos\editors\Creator\3.8.7\resources\resources\3d\engine\bin\.cache\dev\editor\bundled\index.js:7312:22)
    at SkeletalAnimation.onLoad (C:\ProgramData\cocos\editors\Creator\3.8.7\resources\resources\3d\engine\bin\.cache\dev\editor\bundled\index.js:118149:17)
    at eval (C:\ProgramData\cocos\editors\Creator\3.8.7\resources\resources\3d\engine\bin\.cache\dev\editor\bundled\index.js:48429:132)
    at OneOffInvoker.eval [as _invoke] (C:\ProgramData\cocos\editors\Creator\3.8.7\resources\resources\3d\engine\bin\.cache\dev\editor\bundled\index.js:46343:9)
    at OneOffInvoker.invoke (C:\ProgramData\cocos\editors\Creator\3.8.7\resources\resources\3d\engine\bin\.cache\dev\editor\bundled\index.js:46462:18)
    at NodeActivator.activateNode (C:\ProgramData\cocos\editors\Creator\3.8.7\resources\resources\3d\engine\bin\.cache\dev\editor\bundled\index.js:48480:27)
    at Scene._activate (C:\ProgramData\cocos\editors\Creator\3.8.7\resources\resources\3d\engine\bin\.cache\dev\editor\bundled\index.js:56317:44)
    at Director.runSceneImmediate (C:\ProgramData\cocos\editors\Creator\3.8.7\resources\resources\3d\engine\bin\.cache\dev\editor\bundled\index.js:88394:17)
    at C:\ProgramData\cocos\editors\Creator\3.8.7\resources\app.asar\builtin\scene\dist\script\3d\manager\scene\utils.ccc:1:381
    at eval (C:\ProgramData\cocos\editors\Creator\3.8.7\resources\resources\3d\engine\bin\.cache\dev\editor\bundled\index.js:135368:9)
    at eval (C:\ProgramData\cocos\editors\Creator\3.8.7\resources\resources\3d\engine\bin\.cache\dev\editor\bundled\index.js:169410:9)
    at sentryWrapped (C:\ProgramData\cocos\editors\Creator\3.8.7\resources\app.asar\node_modules\@sentry\browser\src\helpers.ts:116:17)
2026-6-12 11:39:02 - warn: [Scene] Node "Role_2" has no path "Bip001/Bip001 Footsteps".Error: [Scene] Node "Role_2" has no path "Bip001/Bip001 Footsteps".
    at console.warn (C:\ProgramData\cocos\editors\Creator\3.8.7\resources\app.asar\node_modules\@sentry\core\src\utils-hoist\instrument\console.ts:40:14)
    at warn (C:\ProgramData\cocos\editors\Creator\3.8.7\resources\resources\3d\engine\bin\.cache\dev\editor\bundled\index.js:165229:12)
    at warnID (C:\ProgramData\cocos\editors\Creator\3.8.7\resources\resources\3d\engine\bin\.cache\dev\editor\bundled\index.js:165417:5)
    at HierarchyPath.get (C:\ProgramData\cocos\editors\Creator\3.8.7\resources\resources\3d\engine\bin\.cache\dev\editor\bundled\index.js:12248:13)
    at TrackPath.[NormalizedFollow] (C:\ProgramData\cocos\editors\Creator\3.8.7\resources\resources\3d\engine\bin\.cache\dev\editor\bundled\index.js:125941:29)
    at TrackBinding.createRuntimeBinding (C:\ProgramData\cocos\editors\Creator\3.8.7\resources\resources\3d\engine\bin\.cache\dev\editor\bundled\index.js:125978:59)
    at binder (C:\ProgramData\cocos\editors\Creator\3.8.7\resources\resources\3d\engine\bin\.cache\dev\editor\bundled\index.js:8066:41)
    at createExoticTrackEvaluationRecord (C:\ProgramData\cocos\editors\Creator\3.8.7\resources\resources\3d\engine\bin\.cache\dev\editor\bundled\index.js:121093:28)
    at new ExoticNodeAnimationEvaluator (C:\ProgramData\cocos\editors\Creator\3.8.7\resources\resources\3d\engine\bin\.cache\dev\editor\bundled\index.js:121460:30)
    at ExoticNodeAnimation.createEvaluator (C:\ProgramData\cocos\editors\Creator\3.8.7\resources\resources\3d\engine\bin\.cache\dev\editor\bundled\index.js:121191:18)
    at eval (C:\ProgramData\cocos\editors\Creator\3.8.7\resources\resources\3d\engine\bin\.cache\dev\editor\bundled\index.js:121443:85)
    at Array.map (<anonymous>)
    at new ExoticTrsAnimationEvaluator (C:\ProgramData\cocos\editors\Creator\3.8.7\resources\resources\3d\engine\bin\.cache\dev\editor\bundled\index.js:121443:50)
    at ExoticAnimation.createEvaluator (C:\ProgramData\cocos\editors\Creator\3.8.7\resources\resources\3d\engine\bin\.cache\dev\editor\bundled\index.js:121139:18)
    at AnimationClip._createEvalWithBinder (C:\ProgramData\cocos\editors\Creator\3.8.7\resources\resources\3d\engine\bin\.cache\dev\editor\bundled\index.js:8460:62)
    at AnimationClip.createEvaluator (C:\ProgramData\cocos\editors\Creator\3.8.7\resources\resources\3d\engine\bin\.cache\dev\editor\bundled\index.js:8076:23)
    at SkeletalAnimationState.initialize (C:\ProgramData\cocos\editors\Creator\3.8.7\resources\resources\3d\engine\bin\.cache\dev\editor\bundled\index.js:10001:35)
    at SkeletalAnimationState.initialize (C:\ProgramData\cocos\editors\Creator\3.8.7\resources\resources\3d\engine\bin\.cache\dev\editor\bundled\index.js:117846:17)
    at SkeletalAnimation._doCreateState (C:\ProgramData\cocos\editors\Creator\3.8.7\resources\resources\3d\engine\bin\.cache\dev\editor\bundled\index.js:7590:19)
    at SkeletalAnimation._doCreateState (C:\ProgramData\cocos\editors\Creator\3.8.7\resources\resources\3d\engine\bin\.cache\dev\editor\bundled\index.js:118324:31)
    at SkeletalAnimation.createState (C:\ProgramData\cocos\editors\Creator\3.8.7\resources\resources\3d\engine\bin\.cache\dev\editor\bundled\index.js:7432:23)
    at eval (C:\ProgramData\cocos\editors\Creator\3.8.7\resources\resources\3d\engine\bin\.cache\dev\editor\bundled\index.js:7274:20)
    at Array.forEach (<anonymous>)
    at SkeletalAnimation.set clips [as clips] (C:\ProgramData\cocos\editors\Creator\3.8.7\resources\resources\3d\engine\bin\.cache\dev\editor\bundled\index.js:7272:17)
    at SkeletalAnimation.onLoad (C:\ProgramData\cocos\editors\Creator\3.8.7\resources\resources\3d\engine\bin\.cache\dev\editor\bundled\index.js:7312:22)
    at SkeletalAnimation.onLoad (C:\ProgramData\cocos\editors\Creator\3.8.7\resources\resources\3d\engine\bin\.cache\dev\editor\bundled\index.js:118149:17)
    at eval (C:\ProgramData\cocos\editors\Creator\3.8.7\resources\resources\3d\engine\bin\.cache\dev\editor\bundled\index.js:48429:132)
    at OneOffInvoker.eval [as _invoke] (C:\ProgramData\cocos\editors\Creator\3.8.7\resources\resources\3d\engine\bin\.cache\dev\editor\bundled\index.js:46343:9)
    at OneOffInvoker.invoke (C:\ProgramData\cocos\editors\Creator\3.8.7\resources\resources\3d\engine\bin\.cache\dev\editor\bundled\index.js:46462:18)
    at NodeActivator.activateNode (C:\ProgramData\cocos\editors\Creator\3.8.7\resources\resources\3d\engine\bin\.cache\dev\editor\bundled\index.js:48480:27)
    at Scene._activate (C:\ProgramData\cocos\editors\Creator\3.8.7\resources\resources\3d\engine\bin\.cache\dev\editor\bundled\index.js:56317:44)
    at Director.runSceneImmediate (C:\ProgramData\cocos\editors\Creator\3.8.7\resources\resources\3d\engine\bin\.cache\dev\editor\bundled\index.js:88394:17)
    at C:\ProgramData\cocos\editors\Creator\3.8.7\resources\app.asar\builtin\scene\dist\script\3d\manager\scene\utils.ccc:1:381
    at eval (C:\ProgramData\cocos\editors\Creator\3.8.7\resources\resources\3d\engine\bin\.cache\dev\editor\bundled\index.js:135368:9)
    at eval (C:\ProgramData\cocos\editors\Creator\3.8.7\resources\resources\3d\engine\bin\.cache\dev\editor\bundled\index.js:169410:9)
    at sentryWrapped (C:\ProgramData\cocos\editors\Creator\3.8.7\resources\app.asar\node_modules\@sentry\browser\src\helpers.ts:116:17)
2026-6-12 11:39:02 - warn: [Scene] Previous error occurred when instantiating animation clip up_ju on node Role_2.Error: [Scene] Previous error occurred when instantiating animation clip up_ju on node Role_2.
    at console.warn (C:\ProgramData\cocos\editors\Creator\3.8.7\resources\app.asar\node_modules\@sentry\core\src\utils-hoist\instrument\console.ts:40:14)
    at warn (C:\ProgramData\cocos\editors\Creator\3.8.7\resources\resources\3d\engine\bin\.cache\dev\editor\bundled\index.js:165229:12)
    at warnID (C:\ProgramData\cocos\editors\Creator\3.8.7\resources\resources\3d\engine\bin\.cache\dev\editor\bundled\index.js:165417:5)
    at binder (C:\ProgramData\cocos\editors\Creator\3.8.7\resources\resources\3d\engine\bin\.cache\dev\editor\bundled\index.js:8072:15)
    at createExoticTrackEvaluationRecord (C:\ProgramData\cocos\editors\Creator\3.8.7\resources\resources\3d\engine\bin\.cache\dev\editor\bundled\index.js:121093:28)
    at new ExoticNodeAnimationEvaluator (C:\ProgramData\cocos\editors\Creator\3.8.7\resources\resources\3d\engine\bin\.cache\dev\editor\bundled\index.js:121460:30)
    at ExoticNodeAnimation.createEvaluator (C:\ProgramData\cocos\editors\Creator\3.8.7\resources\resources\3d\engine\bin\.cache\dev\editor\bundled\index.js:121191:18)
    at eval (C:\ProgramData\cocos\editors\Creator\3.8.7\resources\resources\3d\engine\bin\.cache\dev\editor\bundled\index.js:121443:85)
    at Array.map (<anonymous>)
    at new ExoticTrsAnimationEvaluator (C:\ProgramData\cocos\editors\Creator\3.8.7\resources\resources\3d\engine\bin\.cache\dev\editor\bundled\index.js:121443:50)
    at ExoticAnimation.createEvaluator (C:\ProgramData\cocos\editors\Creator\3.8.7\resources\resources\3d\engine\bin\.cache\dev\editor\bundled\index.js:121139:18)
    at AnimationClip._createEvalWithBinder (C:\ProgramData\cocos\editors\Creator\3.8.7\resources\resources\3d\engine\bin\.cache\dev\editor\bundled\index.js:8460:62)
    at AnimationClip.createEvaluator (C:\ProgramData\cocos\editors\Creator\3.8.7\resources\resources\3d\engine\bin\.cache\dev\editor\bundled\index.js:8076:23)
    at SkeletalAnimationState.initialize (C:\ProgramData\cocos\editors\Creator\3.8.7\resources\resources\3d\engine\bin\.cache\dev\editor\bundled\index.js:10001:35)
    at SkeletalAnimationState.initialize (C:\ProgramData\cocos\editors\Creator\3.8.7\resources\resources\3d\engine\bin\.cache\dev\editor\bundled\index.js:117846:17)
    at SkeletalAnimation._doCreateState (C:\ProgramData\cocos\editors\Creator\3.8.7\resources\resources\3d\engine\bin\.cache\dev\editor\bundled\index.js:7590:19)
    at SkeletalAnimation._doCreateState (C:\ProgramData\cocos\editors\Creator\3.8.7\resources\resources\3d\engine\bin\.cache\dev\editor\bundled\index.js:118324:31)
    at SkeletalAnimation.createState (C:\ProgramData\cocos\editors\Creator\3.8.7\resources\resources\3d\engine\bin\.cache\dev\editor\bundled\index.js:7432:23)
    at eval (C:\ProgramData\cocos\editors\Creator\3.8.7\resources\resources\3d\engine\bin\.cache\dev\editor\bundled\index.js:7274:20)
    at Array.forEach (<anonymous>)
    at SkeletalAnimation.set clips [as clips] (C:\ProgramData\cocos\editors\Creator\3.8.7\resources\resources\3d\engine\bin\.cache\dev\editor\bundled\index.js:7272:17)
    at SkeletalAnimation.onLoad (C:\ProgramData\cocos\editors\Creator\3.8.7\resources\resources\3d\engine\bin\.cache\dev\editor\bundled\index.js:7312:22)
    at SkeletalAnimation.onLoad (C:\ProgramData\cocos\editors\Creator\3.8.7\resources\resources\3d\engine\bin\.cache\dev\editor\bundled\index.js:118149:17)
    at eval (C:\ProgramData\cocos\editors\Creator\3.8.7\resources\resources\3d\engine\bin\.cache\dev\editor\bundled\index.js:48429:132)
    at OneOffInvoker.eval [as _invoke] (C:\ProgramData\cocos\editors\Creator\3.8.7\resources\resources\3d\engine\bin\.cache\dev\editor\bundled\index.js:46343:9)
    at OneOffInvoker.invoke (C:\ProgramData\cocos\editors\Creator\3.8.7\resources\resources\3d\engine\bin\.cache\dev\editor\bundled\index.js:46462:18)
    at NodeActivator.activateNode (C:\ProgramData\cocos\editors\Creator\3.8.7\resources\resources\3d\engine\bin\.cache\dev\editor\bundled\index.js:48480:27)
    at Scene._activate (C:\ProgramData\cocos\editors\Creator\3.8.7\resources\resources\3d\engine\bin\.cache\dev\editor\bundled\index.js:56317:44)
    at Director.runSceneImmediate (C:\ProgramData\cocos\editors\Creator\3.8.7\resources\resources\3d\engine\bin\.cache\dev\editor\bundled\index.js:88394:17)
    at C:\ProgramData\cocos\editors\Creator\3.8.7\resources\app.asar\builtin\scene\dist\script\3d\manager\scene\utils.ccc:1:381
    at eval (C:\ProgramData\cocos\editors\Creator\3.8.7\resources\resources\3d\engine\bin\.cache\dev\editor\bundled\index.js:135368:9)
    at eval (C:\ProgramData\cocos\editors\Creator\3.8.7\resources\resources\3d\engine\bin\.cache\dev\editor\bundled\index.js:169410:9)
    at sentryWrapped (C:\ProgramData\cocos\editors\Creator\3.8.7\resources\app.asar\node_modules\@sentry\browser\src\helpers.ts:116:17)
2026-6-12 11:39:02 - warn: [Scene] Node "Role_2" has no path "Bip001/Bip001 Footsteps".Error: [Scene] Node "Role_2" has no path "Bip001/Bip001 Footsteps".
    at console.warn (C:\ProgramData\cocos\editors\Creator\3.8.7\resources\app.asar\node_modules\@sentry\core\src\utils-hoist\instrument\console.ts:40:14)
    at warn (C:\ProgramData\cocos\editors\Creator\3.8.7\resources\resources\3d\engine\bin\.cache\dev\editor\bundled\index.js:165229:12)
    at warnID (C:\ProgramData\cocos\editors\Creator\3.8.7\resources\resources\3d\engine\bin\.cache\dev\editor\bundled\index.js:165417:5)
    at HierarchyPath.get (C:\ProgramData\cocos\editors\Creator\3.8.7\resources\resources\3d\engine\bin\.cache\dev\editor\bundled\index.js:12248:13)
    at TrackPath.[NormalizedFollow] (C:\ProgramData\cocos\editors\Creator\3.8.7\resources\resources\3d\engine\bin\.cache\dev\editor\bundled\index.js:125941:29)
    at TrackBinding.createRuntimeBinding (C:\ProgramData\cocos\editors\Creator\3.8.7\resources\resources\3d\engine\bin\.cache\dev\editor\bundled\index.js:125978:59)
    at binder (C:\ProgramData\cocos\editors\Creator\3.8.7\resources\resources\3d\engine\bin\.cache\dev\editor\bundled\index.js:8066:41)
    at createExoticTrackEvaluationRecord (C:\ProgramData\cocos\editors\Creator\3.8.7\resources\resources\3d\engine\bin\.cache\dev\editor\bundled\index.js:121093:28)
    at new ExoticNodeAnimationEvaluator (C:\ProgramData\cocos\editors\Creator\3.8.7\resources\resources\3d\engine\bin\.cache\dev\editor\bundled\index.js:121463:27)
    at ExoticNodeAnimation.createEvaluator (C:\ProgramData\cocos\editors\Creator\3.8.7\resources\resources\3d\engine\bin\.cache\dev\editor\bundled\index.js:121191:18)
    at eval (C:\ProgramData\cocos\editors\Creator\3.8.7\resources\resources\3d\engine\bin\.cache\dev\editor\bundled\index.js:121443:85)
    at Array.map (<anonymous>)
    at new ExoticTrsAnimationEvaluator (C:\ProgramData\cocos\editors\Creator\3.8.7\resources\resources\3d\engine\bin\.cache\dev\editor\bundled\index.js:121443:50)
    at ExoticAnimation.createEvaluator (C:\ProgramData\cocos\editors\Creator\3.8.7\resources\resources\3d\engine\bin\.cache\dev\editor\bundled\index.js:121139:18)
    at AnimationClip._createEvalWithBinder (C:\ProgramData\cocos\editors\Creator\3.8.7\resources\resources\3d\engine\bin\.cache\dev\editor\bundled\index.js:8460:62)
    at AnimationClip.createEvaluator (C:\ProgramData\cocos\editors\Creator\3.8.7\resources\resources\3d\engine\bin\.cache\dev\editor\bundled\index.js:8076:23)
    at SkeletalAnimationState.initialize (C:\ProgramData\cocos\editors\Creator\3.8.7\resources\resources\3d\engine\bin\.cache\dev\editor\bundled\index.js:10001:35)
    at SkeletalAnimationState.initialize (C:\ProgramData\cocos\editors\Creator\3.8.7\resources\resources\3d\engine\bin\.cache\dev\editor\bundled\index.js:117846:17)
    at SkeletalAnimation._doCreateState (C:\ProgramData\cocos\editors\Creator\3.8.7\resources\resources\3d\engine\bin\.cache\dev\editor\bundled\index.js:7590:19)
    at SkeletalAnimation._doCreateState (C:\ProgramData\cocos\editors\Creator\3.8.7\resources\resources\3d\engine\bin\.cache\dev\editor\bundled\index.js:118324:31)
    at SkeletalAnimation.createState (C:\ProgramData\cocos\editors\Creator\3.8.7\resources\resources\3d\engine\bin\.cache\dev\editor\bundled\index.js:7432:23)
    at eval (C:\ProgramData\cocos\editors\Creator\3.8.7\resources\resources\3d\engine\bin\.cache\dev\editor\bundled\index.js:7274:20)
    at Array.forEach (<anonymous>)
    at SkeletalAnimation.set clips [as clips] (C:\ProgramData\cocos\editors\Creator\3.8.7\resources\resources\3d\engine\bin\.cache\dev\editor\bundled\index.js:7272:17)
    at SkeletalAnimation.onLoad (C:\ProgramData\cocos\editors\Creator\3.8.7\resources\resources\3d\engine\bin\.cache\dev\editor\bundled\index.js:7312:22)
    at SkeletalAnimation.onLoad (C:\ProgramData\cocos\editors\Creator\3.8.7\resources\resources\3d\engine\bin\.cache\dev\editor\bundled\index.js:118149:17)
    at eval (C:\ProgramData\cocos\editors\Creator\3.8.7\resources\resources\3d\engine\bin\.cache\dev\editor\bundled\index.js:48429:132)
    at OneOffInvoker.eval [as _invoke] (C:\ProgramData\cocos\editors\Creator\3.8.7\resources\resources\3d\engine\bin\.cache\dev\editor\bundled\index.js:46343:9)
    at OneOffInvoker.invoke (C:\ProgramData\cocos\editors\Creator\3.8.7\resources\resources\3d\engine\bin\.cache\dev\editor\bundled\index.js:46462:18)
    at NodeActivator.activateNode (C:\ProgramData\cocos\editors\Creator\3.8.7\resources\resources\3d\engine\bin\.cache\dev\editor\bundled\index.js:48480:27)
    at Scene._activate (C:\ProgramData\cocos\editors\Creator\3.8.7\resources\resources\3d\engine\bin\.cache\dev\editor\bundled\index.js:56317:44)
    at Director.runSceneImmediate (C:\ProgramData\cocos\editors\Creator\3.8.7\resources\resources\3d\engine\bin\.cache\dev\editor\bundled\index.js:88394:17)
    at C:\ProgramData\cocos\editors\Creator\3.8.7\resources\app.asar\builtin\scene\dist\script\3d\manager\scene\utils.ccc:1:381
    at eval (C:\ProgramData\cocos\editors\Creator\3.8.7\resources\resources\3d\engine\bin\.cache\dev\editor\bundled\index.js:135368:9)
    at eval (C:\ProgramData\cocos\editors\Creator\3.8.7\resources\resources\3d\engine\bin\.cache\dev\editor\bundled\index.js:169410:9)
    at sentryWrapped (C:\ProgramData\cocos\editors\Creator\3.8.7\resources\app.asar\node_modules\@sentry\browser\src\helpers.ts:116:17)
2026-6-12 11:39:02 - warn: [Scene] Previous error occurred when instantiating animation clip up_ju on node Role_2.Error: [Scene] Previous error occurred when instantiating animation clip up_ju on node Role_2.
    at console.warn (C:\ProgramData\cocos\editors\Creator\3.8.7\resources\app.asar\node_modules\@sentry\core\src\utils-hoist\instrument\console.ts:40:14)
    at warn (C:\ProgramData\cocos\editors\Creator\3.8.7\resources\resources\3d\engine\bin\.cache\dev\editor\bundled\index.js:165229:12)
    at warnID (C:\ProgramData\cocos\editors\Creator\3.8.7\resources\resources\3d\engine\bin\.cache\dev\editor\bundled\index.js:165417:5)
    at binder (C:\ProgramData\cocos\editors\Creator\3.8.7\resources\resources\3d\engine\bin\.cache\dev\editor\bundled\index.js:8072:15)
    at createExoticTrackEvaluationRecord (C:\ProgramData\cocos\editors\Creator\3.8.7\resources\resources\3d\engine\bin\.cache\dev\editor\bundled\index.js:121093:28)
    at new ExoticNodeAnimationEvaluator (C:\ProgramData\cocos\editors\Creator\3.8.7\resources\resources\3d\engine\bin\.cache\dev\editor\bundled\index.js:121463:27)
    at ExoticNodeAnimation.createEvaluator (C:\ProgramData\cocos\editors\Creator\3.8.7\resources\resources\3d\engine\bin\.cache\dev\editor\bundled\index.js:121191:18)
    at eval (C:\ProgramData\cocos\editors\Creator\3.8.7\resources\resources\3d\engine\bin\.cache\dev\editor\bundled\index.js:121443:85)
    at Array.map (<anonymous>)
    at new ExoticTrsAnimationEvaluator (C:\ProgramData\cocos\editors\Creator\3.8.7\resources\resources\3d\engine\bin\.cache\dev\editor\bundled\index.js:121443:50)
    at ExoticAnimation.createEvaluator (C:\ProgramData\cocos\editors\Creator\3.8.7\resources\resources\3d\engine\bin\.cache\dev\editor\bundled\index.js:121139:18)
    at AnimationClip._createEvalWithBinder (C:\ProgramData\cocos\editors\Creator\3.8.7\resources\resources\3d\engine\bin\.cache\dev\editor\bundled\index.js:8460:62)
    at AnimationClip.createEvaluator (C:\ProgramData\cocos\editors\Creator\3.8.7\resources\resources\3d\engine\bin\.cache\dev\editor\bundled\index.js:8076:23)
    at SkeletalAnimationState.initialize (C:\ProgramData\cocos\editors\Creator\3.8.7\resources\resources\3d\engine\bin\.cache\dev\editor\bundled\index.js:10001:35)
    at SkeletalAnimationState.initialize (C:\ProgramData\cocos\editors\Creator\3.8.7\resources\resources\3d\engine\bin\.cache\dev\editor\bundled\index.js:117846:17)
    at SkeletalAnimation._doCreateState (C:\ProgramData\cocos\editors\Creator\3.8.7\resources\resources\3d\engine\bin\.cache\dev\editor\bundled\index.js:7590:19)
    at SkeletalAnimation._doCreateState (C:\ProgramData\cocos\editors\Creator\3.8.7\resources\resources\3d\engine\bin\.cache\dev\editor\bundled\index.js:118324:31)
    at SkeletalAnimation.createState (C:\ProgramData\cocos\editors\Creator\3.8.7\resources\resources\3d\engine\bin\.cache\dev\editor\bundled\index.js:7432:23)
    at eval (C:\ProgramData\cocos\editors\Creator\3.8.7\resources\resources\3d\engine\bin\.cache\dev\editor\bundled\index.js:7274:20)
    at Array.forEach (<anonymous>)
    at SkeletalAnimation.set clips [as clips] (C:\ProgramData\cocos\editors\Creator\3.8.7\resources\resources\3d\engine\bin\.cache\dev\editor\bundled\index.js:7272:17)
    at SkeletalAnimation.onLoad (C:\ProgramData\cocos\editors\Creator\3.8.7\resources\resources\3d\engine\bin\.cache\dev\editor\bundled\index.js:7312:22)
    at SkeletalAnimation.onLoad (C:\ProgramData\cocos\editors\Creator\3.8.7\resources\resources\3d\engine\bin\.cache\dev\editor\bundled\index.js:118149:17)
    at eval (C:\ProgramData\cocos\editors\Creator\3.8.7\resources\resources\3d\engine\bin\.cache\dev\editor\bundled\index.js:48429:132)
    at OneOffInvoker.eval [as _invoke] (C:\ProgramData\cocos\editors\Creator\3.8.7\resources\resources\3d\engine\bin\.cache\dev\editor\bundled\index.js:46343:9)
    at OneOffInvoker.invoke (C:\ProgramData\cocos\editors\Creator\3.8.7\resources\resources\3d\engine\bin\.cache\dev\editor\bundled\index.js:46462:18)
    at NodeActivator.activateNode (C:\ProgramData\cocos\editors\Creator\3.8.7\resources\resources\3d\engine\bin\.cache\dev\editor\bundled\index.js:48480:27)
    at Scene._activate (C:\ProgramData\cocos\editors\Creator\3.8.7\resources\resources\3d\engine\bin\.cache\dev\editor\bundled\index.js:56317:44)
    at Director.runSceneImmediate (C:\ProgramData\cocos\editors\Creator\3.8.7\resources\resources\3d\engine\bin\.cache\dev\editor\bundled\index.js:88394:17)
    at C:\ProgramData\cocos\editors\Creator\3.8.7\resources\app.asar\builtin\scene\dist\script\3d\manager\scene\utils.ccc:1:381
    at eval (C:\ProgramData\cocos\editors\Creator\3.8.7\resources\resources\3d\engine\bin\.cache\dev\editor\bundled\index.js:135368:9)
    at eval (C:\ProgramData\cocos\editors\Creator\3.8.7\resources\resources\3d\engine\bin\.cache\dev\editor\bundled\index.js:169410:9)
    at sentryWrapped (C:\ProgramData\cocos\editors\Creator\3.8.7\resources\app.asar\node_modules\@sentry\browser\src\helpers.ts:116:17)
2026-6-12 11:39:02 - warn: [Scene] Instancing/Batching enabled for non-baked skinning model or used AnimationController 'LayerManager/RebderLayer/Player/Role_0/zhujue_skin/zhujue', this may result in unexpected rendering artifacts. Consider turning it off in the material if you do not intend to do this.Error: [Scene] Instancing/Batching enabled for non-baked skinning model or used AnimationController 'LayerManager/RebderLayer/Player/Role_0/zhujue_skin/zhujue', this may result in unexpected rendering artifacts. Consider turning it off in the material if you do not intend to do this.
    at console.warn (C:\ProgramData\cocos\editors\Creator\3.8.7\resources\app.asar\node_modules\@sentry\core\src\utils-hoist\instrument\console.ts:40:14)
    at warn (C:\ProgramData\cocos\editors\Creator\3.8.7\resources\resources\3d\engine\bin\.cache\dev\editor\bundled\index.js:165229:12)
    at warnID (C:\ProgramData\cocos\editors\Creator\3.8.7\resources\resources\3d\engine\bin\.cache\dev\editor\bundled\index.js:165417:5)
    at SkinningModel._updateInstancedAttributes (C:\ProgramData\cocos\editors\Creator\3.8.7\resources\resources\3d\engine\bin\.cache\dev\editor\bundled\index.js:114285:13)
    at SkinningModel._updateAttributesAndBinding (C:\ProgramData\cocos\editors\Creator\3.8.7\resources\resources\3d\engine\bin\.cache\dev\editor\bundled\index.js:242018:16)
    at SkinningModel.initSubModel (C:\ProgramData\cocos\editors\Creator\3.8.7\resources\resources\3d\engine\bin\.cache\dev\editor\bundled\index.js:241679:16)
    at SkinningModel.initSubModel (C:\ProgramData\cocos\editors\Creator\3.8.7\resources\resources\3d\engine\bin\.cache\dev\editor\bundled\index.js:113885:24)
    at SkinningModel.initSubModel (C:\ProgramData\cocos\editors\Creator\3.8.7\resources\resources\3d\engine\bin\.cache\dev\editor\bundled\index.js:114249:17)
    at SkinnedMeshRenderer._updateModelParams (C:\ProgramData\cocos\editors\Creator\3.8.7\resources\resources\3d\engine\bin\.cache\dev\editor\bundled\index.js:110770:29)
    at SkinnedMeshRenderer._updateModelParams (C:\ProgramData\cocos\editors\Creator\3.8.7\resources\resources\3d\engine\bin\.cache\dev\editor\bundled\index.js:119252:17)
    at SkinnedMeshRenderer._updateModels (C:\ProgramData\cocos\editors\Creator\3.8.7\resources\resources\3d\engine\bin\.cache\dev\editor\bundled\index.js:110674:18)
    at SkinnedMeshRenderer.onLoad (C:\ProgramData\cocos\editors\Creator\3.8.7\resources\resources\3d\engine\bin\.cache\dev\editor\bundled\index.js:110329:16)
    at SkinnedMeshRenderer.onLoad (C:\ProgramData\cocos\editors\Creator\3.8.7\resources\resources\3d\engine\bin\.cache\dev\editor\bundled\index.js:119204:17)
    at eval (C:\ProgramData\cocos\editors\Creator\3.8.7\resources\resources\3d\engine\bin\.cache\dev\editor\bundled\index.js:48429:132)
    at OneOffInvoker.eval [as _invoke] (C:\ProgramData\cocos\editors\Creator\3.8.7\resources\resources\3d\engine\bin\.cache\dev\editor\bundled\index.js:46343:9)
    at OneOffInvoker.invoke (C:\ProgramData\cocos\editors\Creator\3.8.7\resources\resources\3d\engine\bin\.cache\dev\editor\bundled\index.js:46462:18)
    at NodeActivator.activateNode (C:\ProgramData\cocos\editors\Creator\3.8.7\resources\resources\3d\engine\bin\.cache\dev\editor\bundled\index.js:48480:27)
    at Scene._activate (C:\ProgramData\cocos\editors\Creator\3.8.7\resources\resources\3d\engine\bin\.cache\dev\editor\bundled\index.js:56317:44)
    at Director.runSceneImmediate (C:\ProgramData\cocos\editors\Creator\3.8.7\resources\resources\3d\engine\bin\.cache\dev\editor\bundled\index.js:88394:17)
    at C:\ProgramData\cocos\editors\Creator\3.8.7\resources\app.asar\builtin\scene\dist\script\3d\manager\scene\utils.ccc:1:381
    at eval (C:\ProgramData\cocos\editors\Creator\3.8.7\resources\resources\3d\engine\bin\.cache\dev\editor\bundled\index.js:135368:9)
    at eval (C:\ProgramData\cocos\editors\Creator\3.8.7\resources\resources\3d\engine\bin\.cache\dev\editor\bundled\index.js:169410:9)
    at sentryWrapped (C:\ProgramData\cocos\editors\Creator\3.8.7\resources\app.asar\node_modules\@sentry\browser\src\helpers.ts:116:17)
2026-6-12 11:39:02 - warn: [Scene] Instancing/Batching enabled for non-baked skinning model or used AnimationController 'LayerManager/RebderLayer/Player/Role_0/zhujue_skin/zhujue', this may result in unexpected rendering artifacts. Consider turning it off in the material if you do not intend to do this.Error: [Scene] Instancing/Batching enabled for non-baked skinning model or used AnimationController 'LayerManager/RebderLayer/Player/Role_0/zhujue_skin/zhujue', this may result in unexpected rendering artifacts. Consider turning it off in the material if you do not intend to do this.
    at console.warn (C:\ProgramData\cocos\editors\Creator\3.8.7\resources\app.asar\node_modules\@sentry\core\src\utils-hoist\instrument\console.ts:40:14)
    at warn (C:\ProgramData\cocos\editors\Creator\3.8.7\resources\resources\3d\engine\bin\.cache\dev\editor\bundled\index.js:165229:12)
    at warnID (C:\ProgramData\cocos\editors\Creator\3.8.7\resources\resources\3d\engine\bin\.cache\dev\editor\bundled\index.js:165417:5)
    at SkinningModel._updateInstancedAttributes (C:\ProgramData\cocos\editors\Creator\3.8.7\resources\resources\3d\engine\bin\.cache\dev\editor\bundled\index.js:114285:13)
    at SkinningModel._updateAttributesAndBinding (C:\ProgramData\cocos\editors\Creator\3.8.7\resources\resources\3d\engine\bin\.cache\dev\editor\bundled\index.js:242018:16)
    at SkinningModel.initSubModel (C:\ProgramData\cocos\editors\Creator\3.8.7\resources\resources\3d\engine\bin\.cache\dev\editor\bundled\index.js:241679:16)
    at SkinningModel.initSubModel (C:\ProgramData\cocos\editors\Creator\3.8.7\resources\resources\3d\engine\bin\.cache\dev\editor\bundled\index.js:113885:24)
    at SkinningModel.initSubModel (C:\ProgramData\cocos\editors\Creator\3.8.7\resources\resources\3d\engine\bin\.cache\dev\editor\bundled\index.js:114249:17)
    at SkinnedMeshRenderer._updateModelParams (C:\ProgramData\cocos\editors\Creator\3.8.7\resources\resources\3d\engine\bin\.cache\dev\editor\bundled\index.js:110770:29)
    at SkinnedMeshRenderer._updateModelParams (C:\ProgramData\cocos\editors\Creator\3.8.7\resources\resources\3d\engine\bin\.cache\dev\editor\bundled\index.js:119252:17)
    at SkinnedMeshRenderer._updateModels (C:\ProgramData\cocos\editors\Creator\3.8.7\resources\resources\3d\engine\bin\.cache\dev\editor\bundled\index.js:110674:18)
    at SkinnedMeshRenderer.setUseBakedAnimation (C:\ProgramData\cocos\editors\Creator\3.8.7\resources\resources\3d\engine\bin\.cache\dev\editor\bundled\index.js:119235:18)
    at SkeletalAnimation.notifySkinnedMeshAdded (C:\ProgramData\cocos\editors\Creator\3.8.7\resources\resources\3d\engine\bin\.cache\dev\editor\bundled\index.js:118291:31)
    at SkinnedMeshRenderer._tryBindAnimation (C:\ProgramData\cocos\editors\Creator\3.8.7\resources\resources\3d\engine\bin\.cache\dev\editor\bundled\index.js:119273:23)
    at SkinnedMeshRenderer.onLoad (C:\ProgramData\cocos\editors\Creator\3.8.7\resources\resources\3d\engine\bin\.cache\dev\editor\bundled\index.js:119205:16)
    at eval (C:\ProgramData\cocos\editors\Creator\3.8.7\resources\resources\3d\engine\bin\.cache\dev\editor\bundled\index.js:48429:132)
    at OneOffInvoker.eval [as _invoke] (C:\ProgramData\cocos\editors\Creator\3.8.7\resources\resources\3d\engine\bin\.cache\dev\editor\bundled\index.js:46343:9)
    at OneOffInvoker.invoke (C:\ProgramData\cocos\editors\Creator\3.8.7\resources\resources\3d\engine\bin\.cache\dev\editor\bundled\index.js:46462:18)
    at NodeActivator.activateNode (C:\ProgramData\cocos\editors\Creator\3.8.7\resources\resources\3d\engine\bin\.cache\dev\editor\bundled\index.js:48480:27)
    at Scene._activate (C:\ProgramData\cocos\editors\Creator\3.8.7\resources\resources\3d\engine\bin\.cache\dev\editor\bundled\index.js:56317:44)
    at Director.runSceneImmediate (C:\ProgramData\cocos\editors\Creator\3.8.7\resources\resources\3d\engine\bin\.cache\dev\editor\bundled\index.js:88394:17)
    at C:\ProgramData\cocos\editors\Creator\3.8.7\resources\app.asar\builtin\scene\dist\script\3d\manager\scene\utils.ccc:1:381
    at eval (C:\ProgramData\cocos\editors\Creator\3.8.7\resources\resources\3d\engine\bin\.cache\dev\editor\bundled\index.js:135368:9)
    at eval (C:\ProgramData\cocos\editors\Creator\3.8.7\resources\resources\3d\engine\bin\.cache\dev\editor\bundled\index.js:169410:9)
    at sentryWrapped (C:\ProgramData\cocos\editors\Creator\3.8.7\resources\app.asar\node_modules\@sentry\browser\src\helpers.ts:116:17)
2026-6-12 11:40:15 - warn: [Scene] Instancing/Batching enabled for non-baked skinning model or used AnimationController 'Monster_0/胖丧尸_待机/pangsangshi01', this may result in unexpected rendering artifacts. Consider turning it off in the material if you do not intend to do this.Error: [Scene] Instancing/Batching enabled for non-baked skinning model or used AnimationController 'Monster_0/胖丧尸_待机/pangsangshi01', this may result in unexpected rendering artifacts. Consider turning it off in the material if you do not intend to do this.
    at console.warn (C:\ProgramData\cocos\editors\Creator\3.8.7\resources\app.asar\node_modules\@sentry\core\src\utils-hoist\instrument\console.ts:40:14)
    at warn (C:\ProgramData\cocos\editors\Creator\3.8.7\resources\resources\3d\engine\bin\.cache\dev\editor\bundled\index.js:165229:12)
    at warnID (C:\ProgramData\cocos\editors\Creator\3.8.7\resources\resources\3d\engine\bin\.cache\dev\editor\bundled\index.js:165417:5)
    at SkinningModel._updateInstancedAttributes (C:\ProgramData\cocos\editors\Creator\3.8.7\resources\resources\3d\engine\bin\.cache\dev\editor\bundled\index.js:114285:13)
    at SkinningModel._updateAttributesAndBinding (C:\ProgramData\cocos\editors\Creator\3.8.7\resources\resources\3d\engine\bin\.cache\dev\editor\bundled\index.js:242018:16)
    at SkinningModel.initSubModel (C:\ProgramData\cocos\editors\Creator\3.8.7\resources\resources\3d\engine\bin\.cache\dev\editor\bundled\index.js:241679:16)
    at SkinningModel.initSubModel (C:\ProgramData\cocos\editors\Creator\3.8.7\resources\resources\3d\engine\bin\.cache\dev\editor\bundled\index.js:113885:24)
    at SkinningModel.initSubModel (C:\ProgramData\cocos\editors\Creator\3.8.7\resources\resources\3d\engine\bin\.cache\dev\editor\bundled\index.js:114249:17)
    at SkinnedMeshRenderer._updateModelParams (C:\ProgramData\cocos\editors\Creator\3.8.7\resources\resources\3d\engine\bin\.cache\dev\editor\bundled\index.js:110770:29)
    at SkinnedMeshRenderer._updateModelParams (C:\ProgramData\cocos\editors\Creator\3.8.7\resources\resources\3d\engine\bin\.cache\dev\editor\bundled\index.js:119252:17)
    at SkinnedMeshRenderer._updateModels (C:\ProgramData\cocos\editors\Creator\3.8.7\resources\resources\3d\engine\bin\.cache\dev\editor\bundled\index.js:110674:18)
    at SkinnedMeshRenderer.onLoad (C:\ProgramData\cocos\editors\Creator\3.8.7\resources\resources\3d\engine\bin\.cache\dev\editor\bundled\index.js:110329:16)
    at SkinnedMeshRenderer.onLoad (C:\ProgramData\cocos\editors\Creator\3.8.7\resources\resources\3d\engine\bin\.cache\dev\editor\bundled\index.js:119204:17)
    at eval (C:\ProgramData\cocos\editors\Creator\3.8.7\resources\resources\3d\engine\bin\.cache\dev\editor\bundled\index.js:48429:132)
    at OneOffInvoker.eval [as _invoke] (C:\ProgramData\cocos\editors\Creator\3.8.7\resources\resources\3d\engine\bin\.cache\dev\editor\bundled\index.js:46343:9)
    at OneOffInvoker.invoke (C:\ProgramData\cocos\editors\Creator\3.8.7\resources\resources\3d\engine\bin\.cache\dev\editor\bundled\index.js:46462:18)
    at NodeActivator.activateNode (C:\ProgramData\cocos\editors\Creator\3.8.7\resources\resources\3d\engine\bin\.cache\dev\editor\bundled\index.js:48480:27)
    at Node._onHierarchyChangedBase (C:\ProgramData\cocos\editors\Creator\3.8.7\resources\resources\3d\engine\bin\.cache\dev\editor\bundled\index.js:51243:46)
    at Node._onHierarchyChanged (C:\ProgramData\cocos\editors\Creator\3.8.7\resources\resources\3d\engine\bin\.cache\dev\editor\bundled\index.js:51809:16)
    at Node.setParent (C:\ProgramData\cocos\editors\Creator\3.8.7\resources\resources\3d\engine\bin\.cache\dev\editor\bundled\index.js:50331:16)
    at Scene.addChild (C:\ProgramData\cocos\editors\Creator\3.8.7\resources\resources\3d\engine\bin\.cache\dev\editor\bundled\index.js:50412:17)
    at PrefabPreview.setPrefab (C:\ProgramData\cocos\editors\Creator\3.8.7\resources\app.asar\builtin\scene\dist\script\3d\manager\preview\prefab-preview\index.ccc:1:1495)
2026-6-12 11:40:15 - warn: [Scene] Instancing/Batching enabled for non-baked skinning model or used AnimationController 'Monster_0/胖丧尸_待机/pangsangshi01', this may result in unexpected rendering artifacts. Consider turning it off in the material if you do not intend to do this.Error: [Scene] Instancing/Batching enabled for non-baked skinning model or used AnimationController 'Monster_0/胖丧尸_待机/pangsangshi01', this may result in unexpected rendering artifacts. Consider turning it off in the material if you do not intend to do this.
    at console.warn (C:\ProgramData\cocos\editors\Creator\3.8.7\resources\app.asar\node_modules\@sentry\core\src\utils-hoist\instrument\console.ts:40:14)
    at warn (C:\ProgramData\cocos\editors\Creator\3.8.7\resources\resources\3d\engine\bin\.cache\dev\editor\bundled\index.js:165229:12)
    at warnID (C:\ProgramData\cocos\editors\Creator\3.8.7\resources\resources\3d\engine\bin\.cache\dev\editor\bundled\index.js:165417:5)
    at SkinningModel._updateInstancedAttributes (C:\ProgramData\cocos\editors\Creator\3.8.7\resources\resources\3d\engine\bin\.cache\dev\editor\bundled\index.js:114285:13)
    at SkinningModel._updateAttributesAndBinding (C:\ProgramData\cocos\editors\Creator\3.8.7\resources\resources\3d\engine\bin\.cache\dev\editor\bundled\index.js:242018:16)
    at SkinningModel.initSubModel (C:\ProgramData\cocos\editors\Creator\3.8.7\resources\resources\3d\engine\bin\.cache\dev\editor\bundled\index.js:241679:16)
    at SkinningModel.initSubModel (C:\ProgramData\cocos\editors\Creator\3.8.7\resources\resources\3d\engine\bin\.cache\dev\editor\bundled\index.js:113885:24)
    at SkinningModel.initSubModel (C:\ProgramData\cocos\editors\Creator\3.8.7\resources\resources\3d\engine\bin\.cache\dev\editor\bundled\index.js:114249:17)
    at SkinnedMeshRenderer._updateModelParams (C:\ProgramData\cocos\editors\Creator\3.8.7\resources\resources\3d\engine\bin\.cache\dev\editor\bundled\index.js:110770:29)
    at SkinnedMeshRenderer._updateModelParams (C:\ProgramData\cocos\editors\Creator\3.8.7\resources\resources\3d\engine\bin\.cache\dev\editor\bundled\index.js:119252:17)
    at SkinnedMeshRenderer._updateModels (C:\ProgramData\cocos\editors\Creator\3.8.7\resources\resources\3d\engine\bin\.cache\dev\editor\bundled\index.js:110674:18)
    at SkinnedMeshRenderer.setUseBakedAnimation (C:\ProgramData\cocos\editors\Creator\3.8.7\resources\resources\3d\engine\bin\.cache\dev\editor\bundled\index.js:119235:18)
    at SkeletalAnimation.notifySkinnedMeshAdded (C:\ProgramData\cocos\editors\Creator\3.8.7\resources\resources\3d\engine\bin\.cache\dev\editor\bundled\index.js:118291:31)
    at SkinnedMeshRenderer._tryBindAnimation (C:\ProgramData\cocos\editors\Creator\3.8.7\resources\resources\3d\engine\bin\.cache\dev\editor\bundled\index.js:119273:23)
    at SkinnedMeshRenderer.onLoad (C:\ProgramData\cocos\editors\Creator\3.8.7\resources\resources\3d\engine\bin\.cache\dev\editor\bundled\index.js:119205:16)
    at eval (C:\ProgramData\cocos\editors\Creator\3.8.7\resources\resources\3d\engine\bin\.cache\dev\editor\bundled\index.js:48429:132)
    at OneOffInvoker.eval [as _invoke] (C:\ProgramData\cocos\editors\Creator\3.8.7\resources\resources\3d\engine\bin\.cache\dev\editor\bundled\index.js:46343:9)
    at OneOffInvoker.invoke (C:\ProgramData\cocos\editors\Creator\3.8.7\resources\resources\3d\engine\bin\.cache\dev\editor\bundled\index.js:46462:18)
    at NodeActivator.activateNode (C:\ProgramData\cocos\editors\Creator\3.8.7\resources\resources\3d\engine\bin\.cache\dev\editor\bundled\index.js:48480:27)
    at Node._onHierarchyChangedBase (C:\ProgramData\cocos\editors\Creator\3.8.7\resources\resources\3d\engine\bin\.cache\dev\editor\bundled\index.js:51243:46)
    at Node._onHierarchyChanged (C:\ProgramData\cocos\editors\Creator\3.8.7\resources\resources\3d\engine\bin\.cache\dev\editor\bundled\index.js:51809:16)
    at Node.setParent (C:\ProgramData\cocos\editors\Creator\3.8.7\resources\resources\3d\engine\bin\.cache\dev\editor\bundled\index.js:50331:16)
    at Scene.addChild (C:\ProgramData\cocos\editors\Creator\3.8.7\resources\resources\3d\engine\bin\.cache\dev\editor\bundled\index.js:50412:17)
    at PrefabPreview.setPrefab (C:\ProgramData\cocos\editors\Creator\3.8.7\resources\app.asar\builtin\scene\dist\script\3d\manager\preview\prefab-preview\index.ccc:1:1495)
2026-6-12 11:40:15 - warn: [Scene] Instancing/Batching enabled for non-baked skinning model or used AnimationController 'Monster_0/胖丧尸_待机/pangsangshi01', this may result in unexpected rendering artifacts. Consider turning it off in the material if you do not intend to do this.Error: [Scene] Instancing/Batching enabled for non-baked skinning model or used AnimationController 'Monster_0/胖丧尸_待机/pangsangshi01', this may result in unexpected rendering artifacts. Consider turning it off in the material if you do not intend to do this.
    at console.warn (C:\ProgramData\cocos\editors\Creator\3.8.7\resources\app.asar\node_modules\@sentry\core\src\utils-hoist\instrument\console.ts:40:14)
    at warn (C:\ProgramData\cocos\editors\Creator\3.8.7\resources\resources\3d\engine\bin\.cache\dev\editor\bundled\index.js:165229:12)
    at warnID (C:\ProgramData\cocos\editors\Creator\3.8.7\resources\resources\3d\engine\bin\.cache\dev\editor\bundled\index.js:165417:5)
    at SkinningModel._updateInstancedAttributes (C:\ProgramData\cocos\editors\Creator\3.8.7\resources\resources\3d\engine\bin\.cache\dev\editor\bundled\index.js:114285:13)
    at SkinningModel._updateAttributesAndBinding (C:\ProgramData\cocos\editors\Creator\3.8.7\resources\resources\3d\engine\bin\.cache\dev\editor\bundled\index.js:242018:16)
    at SkinningModel.initSubModel (C:\ProgramData\cocos\editors\Creator\3.8.7\resources\resources\3d\engine\bin\.cache\dev\editor\bundled\index.js:241679:16)
    at SkinningModel.initSubModel (C:\ProgramData\cocos\editors\Creator\3.8.7\resources\resources\3d\engine\bin\.cache\dev\editor\bundled\index.js:113885:24)
    at SkinningModel.initSubModel (C:\ProgramData\cocos\editors\Creator\3.8.7\resources\resources\3d\engine\bin\.cache\dev\editor\bundled\index.js:114249:17)
    at SkinnedMeshRenderer._updateModelParams (C:\ProgramData\cocos\editors\Creator\3.8.7\resources\resources\3d\engine\bin\.cache\dev\editor\bundled\index.js:110770:29)
    at SkinnedMeshRenderer._updateModelParams (C:\ProgramData\cocos\editors\Creator\3.8.7\resources\resources\3d\engine\bin\.cache\dev\editor\bundled\index.js:119252:17)
    at SkinnedMeshRenderer._updateModels (C:\ProgramData\cocos\editors\Creator\3.8.7\resources\resources\3d\engine\bin\.cache\dev\editor\bundled\index.js:110674:18)
    at SkinnedMeshRenderer.onLoad (C:\ProgramData\cocos\editors\Creator\3.8.7\resources\resources\3d\engine\bin\.cache\dev\editor\bundled\index.js:110329:16)
    at SkinnedMeshRenderer.onLoad (C:\ProgramData\cocos\editors\Creator\3.8.7\resources\resources\3d\engine\bin\.cache\dev\editor\bundled\index.js:119204:17)
    at eval (C:\ProgramData\cocos\editors\Creator\3.8.7\resources\resources\3d\engine\bin\.cache\dev\editor\bundled\index.js:48429:132)
    at OneOffInvoker.eval [as _invoke] (C:\ProgramData\cocos\editors\Creator\3.8.7\resources\resources\3d\engine\bin\.cache\dev\editor\bundled\index.js:46343:9)
    at OneOffInvoker.invoke (C:\ProgramData\cocos\editors\Creator\3.8.7\resources\resources\3d\engine\bin\.cache\dev\editor\bundled\index.js:46462:18)
    at NodeActivator.activateNode (C:\ProgramData\cocos\editors\Creator\3.8.7\resources\resources\3d\engine\bin\.cache\dev\editor\bundled\index.js:48480:27)
    at Scene._activate (C:\ProgramData\cocos\editors\Creator\3.8.7\resources\resources\3d\engine\bin\.cache\dev\editor\bundled\index.js:56317:44)
    at Director.runSceneImmediate (C:\ProgramData\cocos\editors\Creator\3.8.7\resources\resources\3d\engine\bin\.cache\dev\editor\bundled\index.js:88394:17)
    at C:\ProgramData\cocos\editors\Creator\3.8.7\resources\app.asar\builtin\scene\dist\script\3d\manager\scene\utils.ccc:1:1112
    at new Promise (<anonymous>)
    at SceneUtil.loadSceneByNode (C:\ProgramData\cocos\editors\Creator\3.8.7\resources\app.asar\builtin\scene\dist\script\3d\manager\scene\utils.ccc:1:800)
    at PrefabSceneProxy._loadPrefabById (C:\ProgramData\cocos\editors\Creator\3.8.7\resources\app.asar\builtin\scene\dist\script\3d\manager\scene\proxy\prefab-scene-proxy.ccc:1:2613)
    at PrefabSceneProxy.open (C:\ProgramData\cocos\editors\Creator\3.8.7\resources\app.asar\builtin\scene\dist\script\3d\manager\scene\proxy\prefab-scene-proxy.ccc:1:1055)
    at PrefabSceneFacade.openScene (C:\ProgramData\cocos\editors\Creator\3.8.7\resources\app.asar\builtin\scene\dist\script\3d\facade\prefab-scene-facade.ccc:1:1422)
    at SceneFacadeManager.openScene (C:\ProgramData\cocos\editors\Creator\3.8.7\resources\app.asar\builtin\scene\dist\script\3d\facade\scene-facade-manager.ccc:1:7766)
2026-6-12 11:40:15 - warn: [Scene] Instancing/Batching enabled for non-baked skinning model or used AnimationController 'Monster_0/胖丧尸_待机/pangsangshi01', this may result in unexpected rendering artifacts. Consider turning it off in the material if you do not intend to do this.Error: [Scene] Instancing/Batching enabled for non-baked skinning model or used AnimationController 'Monster_0/胖丧尸_待机/pangsangshi01', this may result in unexpected rendering artifacts. Consider turning it off in the material if you do not intend to do this.
    at console.warn (C:\ProgramData\cocos\editors\Creator\3.8.7\resources\app.asar\node_modules\@sentry\core\src\utils-hoist\instrument\console.ts:40:14)
    at warn (C:\ProgramData\cocos\editors\Creator\3.8.7\resources\resources\3d\engine\bin\.cache\dev\editor\bundled\index.js:165229:12)
    at warnID (C:\ProgramData\cocos\editors\Creator\3.8.7\resources\resources\3d\engine\bin\.cache\dev\editor\bundled\index.js:165417:5)
    at SkinningModel._updateInstancedAttributes (C:\ProgramData\cocos\editors\Creator\3.8.7\resources\resources\3d\engine\bin\.cache\dev\editor\bundled\index.js:114285:13)
    at SkinningModel._updateAttributesAndBinding (C:\ProgramData\cocos\editors\Creator\3.8.7\resources\resources\3d\engine\bin\.cache\dev\editor\bundled\index.js:242018:16)
    at SkinningModel.initSubModel (C:\ProgramData\cocos\editors\Creator\3.8.7\resources\resources\3d\engine\bin\.cache\dev\editor\bundled\index.js:241679:16)
    at SkinningModel.initSubModel (C:\ProgramData\cocos\editors\Creator\3.8.7\resources\resources\3d\engine\bin\.cache\dev\editor\bundled\index.js:113885:24)
    at SkinningModel.initSubModel (C:\ProgramData\cocos\editors\Creator\3.8.7\resources\resources\3d\engine\bin\.cache\dev\editor\bundled\index.js:114249:17)
    at SkinnedMeshRenderer._updateModelParams (C:\ProgramData\cocos\editors\Creator\3.8.7\resources\resources\3d\engine\bin\.cache\dev\editor\bundled\index.js:110770:29)
    at SkinnedMeshRenderer._updateModelParams (C:\ProgramData\cocos\editors\Creator\3.8.7\resources\resources\3d\engine\bin\.cache\dev\editor\bundled\index.js:119252:17)
    at SkinnedMeshRenderer._updateModels (C:\ProgramData\cocos\editors\Creator\3.8.7\resources\resources\3d\engine\bin\.cache\dev\editor\bundled\index.js:110674:18)
    at SkinnedMeshRenderer.setUseBakedAnimation (C:\ProgramData\cocos\editors\Creator\3.8.7\resources\resources\3d\engine\bin\.cache\dev\editor\bundled\index.js:119235:18)
    at SkeletalAnimation.notifySkinnedMeshAdded (C:\ProgramData\cocos\editors\Creator\3.8.7\resources\resources\3d\engine\bin\.cache\dev\editor\bundled\index.js:118291:31)
    at SkinnedMeshRenderer._tryBindAnimation (C:\ProgramData\cocos\editors\Creator\3.8.7\resources\resources\3d\engine\bin\.cache\dev\editor\bundled\index.js:119273:23)
    at SkinnedMeshRenderer.onLoad (C:\ProgramData\cocos\editors\Creator\3.8.7\resources\resources\3d\engine\bin\.cache\dev\editor\bundled\index.js:119205:16)
    at eval (C:\ProgramData\cocos\editors\Creator\3.8.7\resources\resources\3d\engine\bin\.cache\dev\editor\bundled\index.js:48429:132)
    at OneOffInvoker.eval [as _invoke] (C:\ProgramData\cocos\editors\Creator\3.8.7\resources\resources\3d\engine\bin\.cache\dev\editor\bundled\index.js:46343:9)
    at OneOffInvoker.invoke (C:\ProgramData\cocos\editors\Creator\3.8.7\resources\resources\3d\engine\bin\.cache\dev\editor\bundled\index.js:46462:18)
    at NodeActivator.activateNode (C:\ProgramData\cocos\editors\Creator\3.8.7\resources\resources\3d\engine\bin\.cache\dev\editor\bundled\index.js:48480:27)
    at Scene._activate (C:\ProgramData\cocos\editors\Creator\3.8.7\resources\resources\3d\engine\bin\.cache\dev\editor\bundled\index.js:56317:44)
    at Director.runSceneImmediate (C:\ProgramData\cocos\editors\Creator\3.8.7\resources\resources\3d\engine\bin\.cache\dev\editor\bundled\index.js:88394:17)
    at C:\ProgramData\cocos\editors\Creator\3.8.7\resources\app.asar\builtin\scene\dist\script\3d\manager\scene\utils.ccc:1:1112
    at new Promise (<anonymous>)
    at SceneUtil.loadSceneByNode (C:\ProgramData\cocos\editors\Creator\3.8.7\resources\app.asar\builtin\scene\dist\script\3d\manager\scene\utils.ccc:1:800)
    at PrefabSceneProxy._loadPrefabById (C:\ProgramData\cocos\editors\Creator\3.8.7\resources\app.asar\builtin\scene\dist\script\3d\manager\scene\proxy\prefab-scene-proxy.ccc:1:2613)
    at PrefabSceneProxy.open (C:\ProgramData\cocos\editors\Creator\3.8.7\resources\app.asar\builtin\scene\dist\script\3d\manager\scene\proxy\prefab-scene-proxy.ccc:1:1055)
    at PrefabSceneFacade.openScene (C:\ProgramData\cocos\editors\Creator\3.8.7\resources\app.asar\builtin\scene\dist\script\3d\facade\prefab-scene-facade.ccc:1:1422)
    at SceneFacadeManager.openScene (C:\ProgramData\cocos\editors\Creator\3.8.7\resources\app.asar\builtin\scene\dist\script\3d\facade\scene-facade-manager.ccc:1:7766)
2026-6-12 11:40:15 - warn: [Scene] Instancing/Batching enabled for non-baked skinning model or used AnimationController 'Monster_0/胖丧尸_待机/pangsangshi01', this may result in unexpected rendering artifacts. Consider turning it off in the material if you do not intend to do this.Error: [Scene] Instancing/Batching enabled for non-baked skinning model or used AnimationController 'Monster_0/胖丧尸_待机/pangsangshi01', this may result in unexpected rendering artifacts. Consider turning it off in the material if you do not intend to do this.
    at console.warn (C:\ProgramData\cocos\editors\Creator\3.8.7\resources\app.asar\node_modules\@sentry\core\src\utils-hoist\instrument\console.ts:40:14)
    at warn (C:\ProgramData\cocos\editors\Creator\3.8.7\resources\resources\3d\engine\bin\.cache\dev\editor\bundled\index.js:165229:12)
    at warnID (C:\ProgramData\cocos\editors\Creator\3.8.7\resources\resources\3d\engine\bin\.cache\dev\editor\bundled\index.js:165417:5)
    at SkinningModel._updateInstancedAttributes (C:\ProgramData\cocos\editors\Creator\3.8.7\resources\resources\3d\engine\bin\.cache\dev\editor\bundled\index.js:114285:13)
    at SkinningModel._updateAttributesAndBinding (C:\ProgramData\cocos\editors\Creator\3.8.7\resources\resources\3d\engine\bin\.cache\dev\editor\bundled\index.js:242018:16)
    at SkinningModel.initSubModel (C:\ProgramData\cocos\editors\Creator\3.8.7\resources\resources\3d\engine\bin\.cache\dev\editor\bundled\index.js:241679:16)
    at SkinningModel.initSubModel (C:\ProgramData\cocos\editors\Creator\3.8.7\resources\resources\3d\engine\bin\.cache\dev\editor\bundled\index.js:113885:24)
    at SkinningModel.initSubModel (C:\ProgramData\cocos\editors\Creator\3.8.7\resources\resources\3d\engine\bin\.cache\dev\editor\bundled\index.js:114249:17)
    at SkinnedMeshRenderer._updateModelParams (C:\ProgramData\cocos\editors\Creator\3.8.7\resources\resources\3d\engine\bin\.cache\dev\editor\bundled\index.js:110770:29)
    at SkinnedMeshRenderer._updateModelParams (C:\ProgramData\cocos\editors\Creator\3.8.7\resources\resources\3d\engine\bin\.cache\dev\editor\bundled\index.js:119252:17)
    at SkinnedMeshRenderer._updateModels (C:\ProgramData\cocos\editors\Creator\3.8.7\resources\resources\3d\engine\bin\.cache\dev\editor\bundled\index.js:110674:18)
    at SkinnedMeshRenderer.onLoad (C:\ProgramData\cocos\editors\Creator\3.8.7\resources\resources\3d\engine\bin\.cache\dev\editor\bundled\index.js:110329:16)
    at SkinnedMeshRenderer.onLoad (C:\ProgramData\cocos\editors\Creator\3.8.7\resources\resources\3d\engine\bin\.cache\dev\editor\bundled\index.js:119204:17)
    at eval (C:\ProgramData\cocos\editors\Creator\3.8.7\resources\resources\3d\engine\bin\.cache\dev\editor\bundled\index.js:48429:132)
    at OneOffInvoker.eval [as _invoke] (C:\ProgramData\cocos\editors\Creator\3.8.7\resources\resources\3d\engine\bin\.cache\dev\editor\bundled\index.js:46343:9)
    at OneOffInvoker.invoke (C:\ProgramData\cocos\editors\Creator\3.8.7\resources\resources\3d\engine\bin\.cache\dev\editor\bundled\index.js:46462:18)
    at NodeActivator.activateNode (C:\ProgramData\cocos\editors\Creator\3.8.7\resources\resources\3d\engine\bin\.cache\dev\editor\bundled\index.js:48480:27)
    at Node._onHierarchyChangedBase (C:\ProgramData\cocos\editors\Creator\3.8.7\resources\resources\3d\engine\bin\.cache\dev\editor\bundled\index.js:51243:46)
    at Node._onHierarchyChanged (C:\ProgramData\cocos\editors\Creator\3.8.7\resources\resources\3d\engine\bin\.cache\dev\editor\bundled\index.js:51809:16)
    at Node.setParent (C:\ProgramData\cocos\editors\Creator\3.8.7\resources\resources\3d\engine\bin\.cache\dev\editor\bundled\index.js:50331:16)
    at Scene.addChild (C:\ProgramData\cocos\editors\Creator\3.8.7\resources\resources\3d\engine\bin\.cache\dev\editor\bundled\index.js:50412:17)
    at PrefabPreview.setPrefab (C:\ProgramData\cocos\editors\Creator\3.8.7\resources\app.asar\builtin\scene\dist\script\3d\manager\preview\prefab-preview\index.ccc:1:1495)
2026-6-12 11:40:15 - warn: [Scene] Instancing/Batching enabled for non-baked skinning model or used AnimationController 'Monster_0/胖丧尸_待机/pangsangshi01', this may result in unexpected rendering artifacts. Consider turning it off in the material if you do not intend to do this.Error: [Scene] Instancing/Batching enabled for non-baked skinning model or used AnimationController 'Monster_0/胖丧尸_待机/pangsangshi01', this may result in unexpected rendering artifacts. Consider turning it off in the material if you do not intend to do this.
    at console.warn (C:\ProgramData\cocos\editors\Creator\3.8.7\resources\app.asar\node_modules\@sentry\core\src\utils-hoist\instrument\console.ts:40:14)
    at warn (C:\ProgramData\cocos\editors\Creator\3.8.7\resources\resources\3d\engine\bin\.cache\dev\editor\bundled\index.js:165229:12)
    at warnID (C:\ProgramData\cocos\editors\Creator\3.8.7\resources\resources\3d\engine\bin\.cache\dev\editor\bundled\index.js:165417:5)
    at SkinningModel._updateInstancedAttributes (C:\ProgramData\cocos\editors\Creator\3.8.7\resources\resources\3d\engine\bin\.cache\dev\editor\bundled\index.js:114285:13)
    at SkinningModel._updateAttributesAndBinding (C:\ProgramData\cocos\editors\Creator\3.8.7\resources\resources\3d\engine\bin\.cache\dev\editor\bundled\index.js:242018:16)
    at SkinningModel.initSubModel (C:\ProgramData\cocos\editors\Creator\3.8.7\resources\resources\3d\engine\bin\.cache\dev\editor\bundled\index.js:241679:16)
    at SkinningModel.initSubModel (C:\ProgramData\cocos\editors\Creator\3.8.7\resources\resources\3d\engine\bin\.cache\dev\editor\bundled\index.js:113885:24)
    at SkinningModel.initSubModel (C:\ProgramData\cocos\editors\Creator\3.8.7\resources\resources\3d\engine\bin\.cache\dev\editor\bundled\index.js:114249:17)
    at SkinnedMeshRenderer._updateModelParams (C:\ProgramData\cocos\editors\Creator\3.8.7\resources\resources\3d\engine\bin\.cache\dev\editor\bundled\index.js:110770:29)
    at SkinnedMeshRenderer._updateModelParams (C:\ProgramData\cocos\editors\Creator\3.8.7\resources\resources\3d\engine\bin\.cache\dev\editor\bundled\index.js:119252:17)
    at SkinnedMeshRenderer._updateModels (C:\ProgramData\cocos\editors\Creator\3.8.7\resources\resources\3d\engine\bin\.cache\dev\editor\bundled\index.js:110674:18)
    at SkinnedMeshRenderer.setUseBakedAnimation (C:\ProgramData\cocos\editors\Creator\3.8.7\resources\resources\3d\engine\bin\.cache\dev\editor\bundled\index.js:119235:18)
    at SkeletalAnimation.notifySkinnedMeshAdded (C:\ProgramData\cocos\editors\Creator\3.8.7\resources\resources\3d\engine\bin\.cache\dev\editor\bundled\index.js:118291:31)
    at SkinnedMeshRenderer._tryBindAnimation (C:\ProgramData\cocos\editors\Creator\3.8.7\resources\resources\3d\engine\bin\.cache\dev\editor\bundled\index.js:119273:23)
    at SkinnedMeshRenderer.onLoad (C:\ProgramData\cocos\editors\Creator\3.8.7\resources\resources\3d\engine\bin\.cache\dev\editor\bundled\index.js:119205:16)
    at eval (C:\ProgramData\cocos\editors\Creator\3.8.7\resources\resources\3d\engine\bin\.cache\dev\editor\bundled\index.js:48429:132)
    at OneOffInvoker.eval [as _invoke] (C:\ProgramData\cocos\editors\Creator\3.8.7\resources\resources\3d\engine\bin\.cache\dev\editor\bundled\index.js:46343:9)
    at OneOffInvoker.invoke (C:\ProgramData\cocos\editors\Creator\3.8.7\resources\resources\3d\engine\bin\.cache\dev\editor\bundled\index.js:46462:18)
    at NodeActivator.activateNode (C:\ProgramData\cocos\editors\Creator\3.8.7\resources\resources\3d\engine\bin\.cache\dev\editor\bundled\index.js:48480:27)
    at Node._onHierarchyChangedBase (C:\ProgramData\cocos\editors\Creator\3.8.7\resources\resources\3d\engine\bin\.cache\dev\editor\bundled\index.js:51243:46)
    at Node._onHierarchyChanged (C:\ProgramData\cocos\editors\Creator\3.8.7\resources\resources\3d\engine\bin\.cache\dev\editor\bundled\index.js:51809:16)
    at Node.setParent (C:\ProgramData\cocos\editors\Creator\3.8.7\resources\resources\3d\engine\bin\.cache\dev\editor\bundled\index.js:50331:16)
    at Scene.addChild (C:\ProgramData\cocos\editors\Creator\3.8.7\resources\resources\3d\engine\bin\.cache\dev\editor\bundled\index.js:50412:17)
    at PrefabPreview.setPrefab (C:\ProgramData\cocos\editors\Creator\3.8.7\resources\app.asar\builtin\scene\dist\script\3d\manager\preview\prefab-preview\index.ccc:1:1495)
2026-6-12 11:40:16 - warn: [Scene] Instancing/Batching enabled for non-baked skinning model or used AnimationController 'Monster_1/瘦丧尸/SM_Slimed_Zombie_01', this may result in unexpected rendering artifacts. Consider turning it off in the material if you do not intend to do this.Error: [Scene] Instancing/Batching enabled for non-baked skinning model or used AnimationController 'Monster_1/瘦丧尸/SM_Slimed_Zombie_01', this may result in unexpected rendering artifacts. Consider turning it off in the material if you do not intend to do this.
    at console.warn (C:\ProgramData\cocos\editors\Creator\3.8.7\resources\app.asar\node_modules\@sentry\core\src\utils-hoist\instrument\console.ts:40:14)
    at warn (C:\ProgramData\cocos\editors\Creator\3.8.7\resources\resources\3d\engine\bin\.cache\dev\editor\bundled\index.js:165229:12)
    at warnID (C:\ProgramData\cocos\editors\Creator\3.8.7\resources\resources\3d\engine\bin\.cache\dev\editor\bundled\index.js:165417:5)
    at SkinningModel._updateInstancedAttributes (C:\ProgramData\cocos\editors\Creator\3.8.7\resources\resources\3d\engine\bin\.cache\dev\editor\bundled\index.js:114285:13)
    at SkinningModel._updateAttributesAndBinding (C:\ProgramData\cocos\editors\Creator\3.8.7\resources\resources\3d\engine\bin\.cache\dev\editor\bundled\index.js:242018:16)
    at SkinningModel.initSubModel (C:\ProgramData\cocos\editors\Creator\3.8.7\resources\resources\3d\engine\bin\.cache\dev\editor\bundled\index.js:241679:16)
    at SkinningModel.initSubModel (C:\ProgramData\cocos\editors\Creator\3.8.7\resources\resources\3d\engine\bin\.cache\dev\editor\bundled\index.js:113885:24)
    at SkinningModel.initSubModel (C:\ProgramData\cocos\editors\Creator\3.8.7\resources\resources\3d\engine\bin\.cache\dev\editor\bundled\index.js:114249:17)
    at SkinnedMeshRenderer._updateModelParams (C:\ProgramData\cocos\editors\Creator\3.8.7\resources\resources\3d\engine\bin\.cache\dev\editor\bundled\index.js:110770:29)
    at SkinnedMeshRenderer._updateModelParams (C:\ProgramData\cocos\editors\Creator\3.8.7\resources\resources\3d\engine\bin\.cache\dev\editor\bundled\index.js:119252:17)
    at SkinnedMeshRenderer._updateModels (C:\ProgramData\cocos\editors\Creator\3.8.7\resources\resources\3d\engine\bin\.cache\dev\editor\bundled\index.js:110674:18)
    at SkinnedMeshRenderer.onLoad (C:\ProgramData\cocos\editors\Creator\3.8.7\resources\resources\3d\engine\bin\.cache\dev\editor\bundled\index.js:110329:16)
    at SkinnedMeshRenderer.onLoad (C:\ProgramData\cocos\editors\Creator\3.8.7\resources\resources\3d\engine\bin\.cache\dev\editor\bundled\index.js:119204:17)
    at eval (C:\ProgramData\cocos\editors\Creator\3.8.7\resources\resources\3d\engine\bin\.cache\dev\editor\bundled\index.js:48429:132)
    at OneOffInvoker.eval [as _invoke] (C:\ProgramData\cocos\editors\Creator\3.8.7\resources\resources\3d\engine\bin\.cache\dev\editor\bundled\index.js:46343:9)
    at OneOffInvoker.invoke (C:\ProgramData\cocos\editors\Creator\3.8.7\resources\resources\3d\engine\bin\.cache\dev\editor\bundled\index.js:46462:18)
    at NodeActivator.activateNode (C:\ProgramData\cocos\editors\Creator\3.8.7\resources\resources\3d\engine\bin\.cache\dev\editor\bundled\index.js:48480:27)
    at Node._onHierarchyChangedBase (C:\ProgramData\cocos\editors\Creator\3.8.7\resources\resources\3d\engine\bin\.cache\dev\editor\bundled\index.js:51243:46)
    at Node._onHierarchyChanged (C:\ProgramData\cocos\editors\Creator\3.8.7\resources\resources\3d\engine\bin\.cache\dev\editor\bundled\index.js:51809:16)
    at Node.setParent (C:\ProgramData\cocos\editors\Creator\3.8.7\resources\resources\3d\engine\bin\.cache\dev\editor\bundled\index.js:50331:16)
    at Scene.addChild (C:\ProgramData\cocos\editors\Creator\3.8.7\resources\resources\3d\engine\bin\.cache\dev\editor\bundled\index.js:50412:17)
    at PrefabPreview.setPrefab (C:\ProgramData\cocos\editors\Creator\3.8.7\resources\app.asar\builtin\scene\dist\script\3d\manager\preview\prefab-preview\index.ccc:1:1495)
2026-6-12 11:40:16 - warn: [Scene] Instancing/Batching enabled for non-baked skinning model or used AnimationController 'Monster_1/瘦丧尸/SM_Slimed_Zombie_01', this may result in unexpected rendering artifacts. Consider turning it off in the material if you do not intend to do this.Error: [Scene] Instancing/Batching enabled for non-baked skinning model or used AnimationController 'Monster_1/瘦丧尸/SM_Slimed_Zombie_01', this may result in unexpected rendering artifacts. Consider turning it off in the material if you do not intend to do this.
    at console.warn (C:\ProgramData\cocos\editors\Creator\3.8.7\resources\app.asar\node_modules\@sentry\core\src\utils-hoist\instrument\console.ts:40:14)
    at warn (C:\ProgramData\cocos\editors\Creator\3.8.7\resources\resources\3d\engine\bin\.cache\dev\editor\bundled\index.js:165229:12)
    at warnID (C:\ProgramData\cocos\editors\Creator\3.8.7\resources\resources\3d\engine\bin\.cache\dev\editor\bundled\index.js:165417:5)
    at SkinningModel._updateInstancedAttributes (C:\ProgramData\cocos\editors\Creator\3.8.7\resources\resources\3d\engine\bin\.cache\dev\editor\bundled\index.js:114285:13)
    at SkinningModel._updateAttributesAndBinding (C:\ProgramData\cocos\editors\Creator\3.8.7\resources\resources\3d\engine\bin\.cache\dev\editor\bundled\index.js:242018:16)
    at SkinningModel.initSubModel (C:\ProgramData\cocos\editors\Creator\3.8.7\resources\resources\3d\engine\bin\.cache\dev\editor\bundled\index.js:241679:16)
    at SkinningModel.initSubModel (C:\ProgramData\cocos\editors\Creator\3.8.7\resources\resources\3d\engine\bin\.cache\dev\editor\bundled\index.js:113885:24)
    at SkinningModel.initSubModel (C:\ProgramData\cocos\editors\Creator\3.8.7\resources\resources\3d\engine\bin\.cache\dev\editor\bundled\index.js:114249:17)
    at SkinnedMeshRenderer._updateModelParams (C:\ProgramData\cocos\editors\Creator\3.8.7\resources\resources\3d\engine\bin\.cache\dev\editor\bundled\index.js:110770:29)
    at SkinnedMeshRenderer._updateModelParams (C:\ProgramData\cocos\editors\Creator\3.8.7\resources\resources\3d\engine\bin\.cache\dev\editor\bundled\index.js:119252:17)
    at SkinnedMeshRenderer._updateModels (C:\ProgramData\cocos\editors\Creator\3.8.7\resources\resources\3d\engine\bin\.cache\dev\editor\bundled\index.js:110674:18)
    at SkinnedMeshRenderer.setUseBakedAnimation (C:\ProgramData\cocos\editors\Creator\3.8.7\resources\resources\3d\engine\bin\.cache\dev\editor\bundled\index.js:119235:18)
    at SkeletalAnimation.notifySkinnedMeshAdded (C:\ProgramData\cocos\editors\Creator\3.8.7\resources\resources\3d\engine\bin\.cache\dev\editor\bundled\index.js:118291:31)
    at SkinnedMeshRenderer._tryBindAnimation (C:\ProgramData\cocos\editors\Creator\3.8.7\resources\resources\3d\engine\bin\.cache\dev\editor\bundled\index.js:119273:23)
    at SkinnedMeshRenderer.onLoad (C:\ProgramData\cocos\editors\Creator\3.8.7\resources\resources\3d\engine\bin\.cache\dev\editor\bundled\index.js:119205:16)
    at eval (C:\ProgramData\cocos\editors\Creator\3.8.7\resources\resources\3d\engine\bin\.cache\dev\editor\bundled\index.js:48429:132)
    at OneOffInvoker.eval [as _invoke] (C:\ProgramData\cocos\editors\Creator\3.8.7\resources\resources\3d\engine\bin\.cache\dev\editor\bundled\index.js:46343:9)
    at OneOffInvoker.invoke (C:\ProgramData\cocos\editors\Creator\3.8.7\resources\resources\3d\engine\bin\.cache\dev\editor\bundled\index.js:46462:18)
    at NodeActivator.activateNode (C:\ProgramData\cocos\editors\Creator\3.8.7\resources\resources\3d\engine\bin\.cache\dev\editor\bundled\index.js:48480:27)
    at Node._onHierarchyChangedBase (C:\ProgramData\cocos\editors\Creator\3.8.7\resources\resources\3d\engine\bin\.cache\dev\editor\bundled\index.js:51243:46)
    at Node._onHierarchyChanged (C:\ProgramData\cocos\editors\Creator\3.8.7\resources\resources\3d\engine\bin\.cache\dev\editor\bundled\index.js:51809:16)
    at Node.setParent (C:\ProgramData\cocos\editors\Creator\3.8.7\resources\resources\3d\engine\bin\.cache\dev\editor\bundled\index.js:50331:16)
    at Scene.addChild (C:\ProgramData\cocos\editors\Creator\3.8.7\resources\resources\3d\engine\bin\.cache\dev\editor\bundled\index.js:50412:17)
    at PrefabPreview.setPrefab (C:\ProgramData\cocos\editors\Creator\3.8.7\resources\app.asar\builtin\scene\dist\script\3d\manager\preview\prefab-preview\index.ccc:1:1495)
2026-6-12 11:40:16 - warn: [Scene] Instancing/Batching enabled for non-baked skinning model or used AnimationController 'Monster_1/瘦丧尸/SM_Slimed_Zombie_01', this may result in unexpected rendering artifacts. Consider turning it off in the material if you do not intend to do this.Error: [Scene] Instancing/Batching enabled for non-baked skinning model or used AnimationController 'Monster_1/瘦丧尸/SM_Slimed_Zombie_01', this may result in unexpected rendering artifacts. Consider turning it off in the material if you do not intend to do this.
    at console.warn (C:\ProgramData\cocos\editors\Creator\3.8.7\resources\app.asar\node_modules\@sentry\core\src\utils-hoist\instrument\console.ts:40:14)
    at warn (C:\ProgramData\cocos\editors\Creator\3.8.7\resources\resources\3d\engine\bin\.cache\dev\editor\bundled\index.js:165229:12)
    at warnID (C:\ProgramData\cocos\editors\Creator\3.8.7\resources\resources\3d\engine\bin\.cache\dev\editor\bundled\index.js:165417:5)
    at SkinningModel._updateInstancedAttributes (C:\ProgramData\cocos\editors\Creator\3.8.7\resources\resources\3d\engine\bin\.cache\dev\editor\bundled\index.js:114285:13)
    at SkinningModel._updateAttributesAndBinding (C:\ProgramData\cocos\editors\Creator\3.8.7\resources\resources\3d\engine\bin\.cache\dev\editor\bundled\index.js:242018:16)
    at SkinningModel.initSubModel (C:\ProgramData\cocos\editors\Creator\3.8.7\resources\resources\3d\engine\bin\.cache\dev\editor\bundled\index.js:241679:16)
    at SkinningModel.initSubModel (C:\ProgramData\cocos\editors\Creator\3.8.7\resources\resources\3d\engine\bin\.cache\dev\editor\bundled\index.js:113885:24)
    at SkinningModel.initSubModel (C:\ProgramData\cocos\editors\Creator\3.8.7\resources\resources\3d\engine\bin\.cache\dev\editor\bundled\index.js:114249:17)
    at SkinnedMeshRenderer._updateModelParams (C:\ProgramData\cocos\editors\Creator\3.8.7\resources\resources\3d\engine\bin\.cache\dev\editor\bundled\index.js:110770:29)
    at SkinnedMeshRenderer._updateModelParams (C:\ProgramData\cocos\editors\Creator\3.8.7\resources\resources\3d\engine\bin\.cache\dev\editor\bundled\index.js:119252:17)
    at SkinnedMeshRenderer._updateModels (C:\ProgramData\cocos\editors\Creator\3.8.7\resources\resources\3d\engine\bin\.cache\dev\editor\bundled\index.js:110674:18)
    at SkinnedMeshRenderer.onLoad (C:\ProgramData\cocos\editors\Creator\3.8.7\resources\resources\3d\engine\bin\.cache\dev\editor\bundled\index.js:110329:16)
    at SkinnedMeshRenderer.onLoad (C:\ProgramData\cocos\editors\Creator\3.8.7\resources\resources\3d\engine\bin\.cache\dev\editor\bundled\index.js:119204:17)
    at eval (C:\ProgramData\cocos\editors\Creator\3.8.7\resources\resources\3d\engine\bin\.cache\dev\editor\bundled\index.js:48429:132)
    at OneOffInvoker.eval [as _invoke] (C:\ProgramData\cocos\editors\Creator\3.8.7\resources\resources\3d\engine\bin\.cache\dev\editor\bundled\index.js:46343:9)
    at OneOffInvoker.invoke (C:\ProgramData\cocos\editors\Creator\3.8.7\resources\resources\3d\engine\bin\.cache\dev\editor\bundled\index.js:46462:18)
    at NodeActivator.activateNode (C:\ProgramData\cocos\editors\Creator\3.8.7\resources\resources\3d\engine\bin\.cache\dev\editor\bundled\index.js:48480:27)
    at Scene._activate (C:\ProgramData\cocos\editors\Creator\3.8.7\resources\resources\3d\engine\bin\.cache\dev\editor\bundled\index.js:56317:44)
    at Director.runSceneImmediate (C:\ProgramData\cocos\editors\Creator\3.8.7\resources\resources\3d\engine\bin\.cache\dev\editor\bundled\index.js:88394:17)
    at C:\ProgramData\cocos\editors\Creator\3.8.7\resources\app.asar\builtin\scene\dist\script\3d\manager\scene\utils.ccc:1:1112
    at new Promise (<anonymous>)
    at SceneUtil.loadSceneByNode (C:\ProgramData\cocos\editors\Creator\3.8.7\resources\app.asar\builtin\scene\dist\script\3d\manager\scene\utils.ccc:1:800)
    at PrefabSceneProxy._loadPrefabById (C:\ProgramData\cocos\editors\Creator\3.8.7\resources\app.asar\builtin\scene\dist\script\3d\manager\scene\proxy\prefab-scene-proxy.ccc:1:2613)
    at PrefabSceneProxy.open (C:\ProgramData\cocos\editors\Creator\3.8.7\resources\app.asar\builtin\scene\dist\script\3d\manager\scene\proxy\prefab-scene-proxy.ccc:1:1055)
    at PrefabSceneFacade.openScene (C:\ProgramData\cocos\editors\Creator\3.8.7\resources\app.asar\builtin\scene\dist\script\3d\facade\prefab-scene-facade.ccc:1:1422)
    at SceneFacadeManager.openScene (C:\ProgramData\cocos\editors\Creator\3.8.7\resources\app.asar\builtin\scene\dist\script\3d\facade\scene-facade-manager.ccc:1:7766)
2026-6-12 11:40:16 - warn: [Scene] Instancing/Batching enabled for non-baked skinning model or used AnimationController 'Monster_1/瘦丧尸/SM_Slimed_Zombie_01', this may result in unexpected rendering artifacts. Consider turning it off in the material if you do not intend to do this.Error: [Scene] Instancing/Batching enabled for non-baked skinning model or used AnimationController 'Monster_1/瘦丧尸/SM_Slimed_Zombie_01', this may result in unexpected rendering artifacts. Consider turning it off in the material if you do not intend to do this.
    at console.warn (C:\ProgramData\cocos\editors\Creator\3.8.7\resources\app.asar\node_modules\@sentry\core\src\utils-hoist\instrument\console.ts:40:14)
    at warn (C:\ProgramData\cocos\editors\Creator\3.8.7\resources\resources\3d\engine\bin\.cache\dev\editor\bundled\index.js:165229:12)
    at warnID (C:\ProgramData\cocos\editors\Creator\3.8.7\resources\resources\3d\engine\bin\.cache\dev\editor\bundled\index.js:165417:5)
    at SkinningModel._updateInstancedAttributes (C:\ProgramData\cocos\editors\Creator\3.8.7\resources\resources\3d\engine\bin\.cache\dev\editor\bundled\index.js:114285:13)
    at SkinningModel._updateAttributesAndBinding (C:\ProgramData\cocos\editors\Creator\3.8.7\resources\resources\3d\engine\bin\.cache\dev\editor\bundled\index.js:242018:16)
    at SkinningModel.initSubModel (C:\ProgramData\cocos\editors\Creator\3.8.7\resources\resources\3d\engine\bin\.cache\dev\editor\bundled\index.js:241679:16)
    at SkinningModel.initSubModel (C:\ProgramData\cocos\editors\Creator\3.8.7\resources\resources\3d\engine\bin\.cache\dev\editor\bundled\index.js:113885:24)
    at SkinningModel.initSubModel (C:\ProgramData\cocos\editors\Creator\3.8.7\resources\resources\3d\engine\bin\.cache\dev\editor\bundled\index.js:114249:17)
    at SkinnedMeshRenderer._updateModelParams (C:\ProgramData\cocos\editors\Creator\3.8.7\resources\resources\3d\engine\bin\.cache\dev\editor\bundled\index.js:110770:29)
    at SkinnedMeshRenderer._updateModelParams (C:\ProgramData\cocos\editors\Creator\3.8.7\resources\resources\3d\engine\bin\.cache\dev\editor\bundled\index.js:119252:17)
    at SkinnedMeshRenderer._updateModels (C:\ProgramData\cocos\editors\Creator\3.8.7\resources\resources\3d\engine\bin\.cache\dev\editor\bundled\index.js:110674:18)
    at SkinnedMeshRenderer.setUseBakedAnimation (C:\ProgramData\cocos\editors\Creator\3.8.7\resources\resources\3d\engine\bin\.cache\dev\editor\bundled\index.js:119235:18)
    at SkeletalAnimation.notifySkinnedMeshAdded (C:\ProgramData\cocos\editors\Creator\3.8.7\resources\resources\3d\engine\bin\.cache\dev\editor\bundled\index.js:118291:31)
    at SkinnedMeshRenderer._tryBindAnimation (C:\ProgramData\cocos\editors\Creator\3.8.7\resources\resources\3d\engine\bin\.cache\dev\editor\bundled\index.js:119273:23)
    at SkinnedMeshRenderer.onLoad (C:\ProgramData\cocos\editors\Creator\3.8.7\resources\resources\3d\engine\bin\.cache\dev\editor\bundled\index.js:119205:16)
    at eval (C:\ProgramData\cocos\editors\Creator\3.8.7\resources\resources\3d\engine\bin\.cache\dev\editor\bundled\index.js:48429:132)
    at OneOffInvoker.eval [as _invoke] (C:\ProgramData\cocos\editors\Creator\3.8.7\resources\resources\3d\engine\bin\.cache\dev\editor\bundled\index.js:46343:9)
    at OneOffInvoker.invoke (C:\ProgramData\cocos\editors\Creator\3.8.7\resources\resources\3d\engine\bin\.cache\dev\editor\bundled\index.js:46462:18)
    at NodeActivator.activateNode (C:\ProgramData\cocos\editors\Creator\3.8.7\resources\resources\3d\engine\bin\.cache\dev\editor\bundled\index.js:48480:27)
    at Scene._activate (C:\ProgramData\cocos\editors\Creator\3.8.7\resources\resources\3d\engine\bin\.cache\dev\editor\bundled\index.js:56317:44)
    at Director.runSceneImmediate (C:\ProgramData\cocos\editors\Creator\3.8.7\resources\resources\3d\engine\bin\.cache\dev\editor\bundled\index.js:88394:17)
    at C:\ProgramData\cocos\editors\Creator\3.8.7\resources\app.asar\builtin\scene\dist\script\3d\manager\scene\utils.ccc:1:1112
    at new Promise (<anonymous>)
    at SceneUtil.loadSceneByNode (C:\ProgramData\cocos\editors\Creator\3.8.7\resources\app.asar\builtin\scene\dist\script\3d\manager\scene\utils.ccc:1:800)
    at PrefabSceneProxy._loadPrefabById (C:\ProgramData\cocos\editors\Creator\3.8.7\resources\app.asar\builtin\scene\dist\script\3d\manager\scene\proxy\prefab-scene-proxy.ccc:1:2613)
    at PrefabSceneProxy.open (C:\ProgramData\cocos\editors\Creator\3.8.7\resources\app.asar\builtin\scene\dist\script\3d\manager\scene\proxy\prefab-scene-proxy.ccc:1:1055)
    at PrefabSceneFacade.openScene (C:\ProgramData\cocos\editors\Creator\3.8.7\resources\app.asar\builtin\scene\dist\script\3d\facade\prefab-scene-facade.ccc:1:1422)
    at SceneFacadeManager.openScene (C:\ProgramData\cocos\editors\Creator\3.8.7\resources\app.asar\builtin\scene\dist\script\3d\facade\scene-facade-manager.ccc:1:7766)
2026-6-12 11:40:16 - warn: [Scene] Instancing/Batching enabled for non-baked skinning model or used AnimationController 'Monster_1/瘦丧尸/SM_Slimed_Zombie_01', this may result in unexpected rendering artifacts. Consider turning it off in the material if you do not intend to do this.Error: [Scene] Instancing/Batching enabled for non-baked skinning model or used AnimationController 'Monster_1/瘦丧尸/SM_Slimed_Zombie_01', this may result in unexpected rendering artifacts. Consider turning it off in the material if you do not intend to do this.
    at console.warn (C:\ProgramData\cocos\editors\Creator\3.8.7\resources\app.asar\node_modules\@sentry\core\src\utils-hoist\instrument\console.ts:40:14)
    at warn (C:\ProgramData\cocos\editors\Creator\3.8.7\resources\resources\3d\engine\bin\.cache\dev\editor\bundled\index.js:165229:12)
    at warnID (C:\ProgramData\cocos\editors\Creator\3.8.7\resources\resources\3d\engine\bin\.cache\dev\editor\bundled\index.js:165417:5)
    at SkinningModel._updateInstancedAttributes (C:\ProgramData\cocos\editors\Creator\3.8.7\resources\resources\3d\engine\bin\.cache\dev\editor\bundled\index.js:114285:13)
    at SkinningModel._updateAttributesAndBinding (C:\ProgramData\cocos\editors\Creator\3.8.7\resources\resources\3d\engine\bin\.cache\dev\editor\bundled\index.js:242018:16)
    at SkinningModel.initSubModel (C:\ProgramData\cocos\editors\Creator\3.8.7\resources\resources\3d\engine\bin\.cache\dev\editor\bundled\index.js:241679:16)
    at SkinningModel.initSubModel (C:\ProgramData\cocos\editors\Creator\3.8.7\resources\resources\3d\engine\bin\.cache\dev\editor\bundled\index.js:113885:24)
    at SkinningModel.initSubModel (C:\ProgramData\cocos\editors\Creator\3.8.7\resources\resources\3d\engine\bin\.cache\dev\editor\bundled\index.js:114249:17)
    at SkinnedMeshRenderer._updateModelParams (C:\ProgramData\cocos\editors\Creator\3.8.7\resources\resources\3d\engine\bin\.cache\dev\editor\bundled\index.js:110770:29)
    at SkinnedMeshRenderer._updateModelParams (C:\ProgramData\cocos\editors\Creator\3.8.7\resources\resources\3d\engine\bin\.cache\dev\editor\bundled\index.js:119252:17)
    at SkinnedMeshRenderer._updateModels (C:\ProgramData\cocos\editors\Creator\3.8.7\resources\resources\3d\engine\bin\.cache\dev\editor\bundled\index.js:110674:18)
    at SkinnedMeshRenderer.onLoad (C:\ProgramData\cocos\editors\Creator\3.8.7\resources\resources\3d\engine\bin\.cache\dev\editor\bundled\index.js:110329:16)
    at SkinnedMeshRenderer.onLoad (C:\ProgramData\cocos\editors\Creator\3.8.7\resources\resources\3d\engine\bin\.cache\dev\editor\bundled\index.js:119204:17)
    at eval (C:\ProgramData\cocos\editors\Creator\3.8.7\resources\resources\3d\engine\bin\.cache\dev\editor\bundled\index.js:48429:132)
    at OneOffInvoker.eval [as _invoke] (C:\ProgramData\cocos\editors\Creator\3.8.7\resources\resources\3d\engine\bin\.cache\dev\editor\bundled\index.js:46343:9)
    at OneOffInvoker.invoke (C:\ProgramData\cocos\editors\Creator\3.8.7\resources\resources\3d\engine\bin\.cache\dev\editor\bundled\index.js:46462:18)
    at NodeActivator.activateNode (C:\ProgramData\cocos\editors\Creator\3.8.7\resources\resources\3d\engine\bin\.cache\dev\editor\bundled\index.js:48480:27)
    at Node._onHierarchyChangedBase (C:\ProgramData\cocos\editors\Creator\3.8.7\resources\resources\3d\engine\bin\.cache\dev\editor\bundled\index.js:51243:46)
    at Node._onHierarchyChanged (C:\ProgramData\cocos\editors\Creator\3.8.7\resources\resources\3d\engine\bin\.cache\dev\editor\bundled\index.js:51809:16)
    at Node.setParent (C:\ProgramData\cocos\editors\Creator\3.8.7\resources\resources\3d\engine\bin\.cache\dev\editor\bundled\index.js:50331:16)
    at Scene.addChild (C:\ProgramData\cocos\editors\Creator\3.8.7\resources\resources\3d\engine\bin\.cache\dev\editor\bundled\index.js:50412:17)
    at PrefabPreview.setPrefab (C:\ProgramData\cocos\editors\Creator\3.8.7\resources\app.asar\builtin\scene\dist\script\3d\manager\preview\prefab-preview\index.ccc:1:1495)
2026-6-12 11:40:16 - warn: [Scene] Instancing/Batching enabled for non-baked skinning model or used AnimationController 'Monster_1/瘦丧尸/SM_Slimed_Zombie_01', this may result in unexpected rendering artifacts. Consider turning it off in the material if you do not intend to do this.Error: [Scene] Instancing/Batching enabled for non-baked skinning model or used AnimationController 'Monster_1/瘦丧尸/SM_Slimed_Zombie_01', this may result in unexpected rendering artifacts. Consider turning it off in the material if you do not intend to do this.
    at console.warn (C:\ProgramData\cocos\editors\Creator\3.8.7\resources\app.asar\node_modules\@sentry\core\src\utils-hoist\instrument\console.ts:40:14)
    at warn (C:\ProgramData\cocos\editors\Creator\3.8.7\resources\resources\3d\engine\bin\.cache\dev\editor\bundled\index.js:165229:12)
    at warnID (C:\ProgramData\cocos\editors\Creator\3.8.7\resources\resources\3d\engine\bin\.cache\dev\editor\bundled\index.js:165417:5)
    at SkinningModel._updateInstancedAttributes (C:\ProgramData\cocos\editors\Creator\3.8.7\resources\resources\3d\engine\bin\.cache\dev\editor\bundled\index.js:114285:13)
    at SkinningModel._updateAttributesAndBinding (C:\ProgramData\cocos\editors\Creator\3.8.7\resources\resources\3d\engine\bin\.cache\dev\editor\bundled\index.js:242018:16)
    at SkinningModel.initSubModel (C:\ProgramData\cocos\editors\Creator\3.8.7\resources\resources\3d\engine\bin\.cache\dev\editor\bundled\index.js:241679:16)
    at SkinningModel.initSubModel (C:\ProgramData\cocos\editors\Creator\3.8.7\resources\resources\3d\engine\bin\.cache\dev\editor\bundled\index.js:113885:24)
    at SkinningModel.initSubModel (C:\ProgramData\cocos\editors\Creator\3.8.7\resources\resources\3d\engine\bin\.cache\dev\editor\bundled\index.js:114249:17)
    at SkinnedMeshRenderer._updateModelParams (C:\ProgramData\cocos\editors\Creator\3.8.7\resources\resources\3d\engine\bin\.cache\dev\editor\bundled\index.js:110770:29)
    at SkinnedMeshRenderer._updateModelParams (C:\ProgramData\cocos\editors\Creator\3.8.7\resources\resources\3d\engine\bin\.cache\dev\editor\bundled\index.js:119252:17)
    at SkinnedMeshRenderer._updateModels (C:\ProgramData\cocos\editors\Creator\3.8.7\resources\resources\3d\engine\bin\.cache\dev\editor\bundled\index.js:110674:18)
    at SkinnedMeshRenderer.setUseBakedAnimation (C:\ProgramData\cocos\editors\Creator\3.8.7\resources\resources\3d\engine\bin\.cache\dev\editor\bundled\index.js:119235:18)
    at SkeletalAnimation.notifySkinnedMeshAdded (C:\ProgramData\cocos\editors\Creator\3.8.7\resources\resources\3d\engine\bin\.cache\dev\editor\bundled\index.js:118291:31)
    at SkinnedMeshRenderer._tryBindAnimation (C:\ProgramData\cocos\editors\Creator\3.8.7\resources\resources\3d\engine\bin\.cache\dev\editor\bundled\index.js:119273:23)
    at SkinnedMeshRenderer.onLoad (C:\ProgramData\cocos\editors\Creator\3.8.7\resources\resources\3d\engine\bin\.cache\dev\editor\bundled\index.js:119205:16)
    at eval (C:\ProgramData\cocos\editors\Creator\3.8.7\resources\resources\3d\engine\bin\.cache\dev\editor\bundled\index.js:48429:132)
    at OneOffInvoker.eval [as _invoke] (C:\ProgramData\cocos\editors\Creator\3.8.7\resources\resources\3d\engine\bin\.cache\dev\editor\bundled\index.js:46343:9)
    at OneOffInvoker.invoke (C:\ProgramData\cocos\editors\Creator\3.8.7\resources\resources\3d\engine\bin\.cache\dev\editor\bundled\index.js:46462:18)
    at NodeActivator.activateNode (C:\ProgramData\cocos\editors\Creator\3.8.7\resources\resources\3d\engine\bin\.cache\dev\editor\bundled\index.js:48480:27)
    at Node._onHierarchyChangedBase (C:\ProgramData\cocos\editors\Creator\3.8.7\resources\resources\3d\engine\bin\.cache\dev\editor\bundled\index.js:51243:46)
    at Node._onHierarchyChanged (C:\ProgramData\cocos\editors\Creator\3.8.7\resources\resources\3d\engine\bin\.cache\dev\editor\bundled\index.js:51809:16)
    at Node.setParent (C:\ProgramData\cocos\editors\Creator\3.8.7\resources\resources\3d\engine\bin\.cache\dev\editor\bundled\index.js:50331:16)
    at Scene.addChild (C:\ProgramData\cocos\editors\Creator\3.8.7\resources\resources\3d\engine\bin\.cache\dev\editor\bundled\index.js:50412:17)
    at PrefabPreview.setPrefab (C:\ProgramData\cocos\editors\Creator\3.8.7\resources\app.asar\builtin\scene\dist\script\3d\manager\preview\prefab-preview\index.ccc:1:1495)
2026-6-12 11:40:18 - warn: [Scene] Instancing/Batching enabled for non-baked skinning model or used AnimationController 'New Canvas/Monster_boss/boos_02_skin_1/boss_01', this may result in unexpected rendering artifacts. Consider turning it off in the material if you do not intend to do this.Error: [Scene] Instancing/Batching enabled for non-baked skinning model or used AnimationController 'New Canvas/Monster_boss/boos_02_skin_1/boss_01', this may result in unexpected rendering artifacts. Consider turning it off in the material if you do not intend to do this.
    at console.warn (C:\ProgramData\cocos\editors\Creator\3.8.7\resources\app.asar\node_modules\@sentry\core\src\utils-hoist\instrument\console.ts:40:14)
    at warn (C:\ProgramData\cocos\editors\Creator\3.8.7\resources\resources\3d\engine\bin\.cache\dev\editor\bundled\index.js:165229:12)
    at warnID (C:\ProgramData\cocos\editors\Creator\3.8.7\resources\resources\3d\engine\bin\.cache\dev\editor\bundled\index.js:165417:5)
    at SkinningModel._updateInstancedAttributes (C:\ProgramData\cocos\editors\Creator\3.8.7\resources\resources\3d\engine\bin\.cache\dev\editor\bundled\index.js:114285:13)
    at SkinningModel._updateAttributesAndBinding (C:\ProgramData\cocos\editors\Creator\3.8.7\resources\resources\3d\engine\bin\.cache\dev\editor\bundled\index.js:242018:16)
    at SkinningModel.initSubModel (C:\ProgramData\cocos\editors\Creator\3.8.7\resources\resources\3d\engine\bin\.cache\dev\editor\bundled\index.js:241679:16)
    at SkinningModel.initSubModel (C:\ProgramData\cocos\editors\Creator\3.8.7\resources\resources\3d\engine\bin\.cache\dev\editor\bundled\index.js:113885:24)
    at SkinningModel.initSubModel (C:\ProgramData\cocos\editors\Creator\3.8.7\resources\resources\3d\engine\bin\.cache\dev\editor\bundled\index.js:114249:17)
    at SkinnedMeshRenderer._updateModelParams (C:\ProgramData\cocos\editors\Creator\3.8.7\resources\resources\3d\engine\bin\.cache\dev\editor\bundled\index.js:110770:29)
    at SkinnedMeshRenderer._updateModelParams (C:\ProgramData\cocos\editors\Creator\3.8.7\resources\resources\3d\engine\bin\.cache\dev\editor\bundled\index.js:119252:17)
    at SkinnedMeshRenderer._updateModels (C:\ProgramData\cocos\editors\Creator\3.8.7\resources\resources\3d\engine\bin\.cache\dev\editor\bundled\index.js:110674:18)
    at SkinnedMeshRenderer.onLoad (C:\ProgramData\cocos\editors\Creator\3.8.7\resources\resources\3d\engine\bin\.cache\dev\editor\bundled\index.js:110329:16)
    at SkinnedMeshRenderer.onLoad (C:\ProgramData\cocos\editors\Creator\3.8.7\resources\resources\3d\engine\bin\.cache\dev\editor\bundled\index.js:119204:17)
    at eval (C:\ProgramData\cocos\editors\Creator\3.8.7\resources\resources\3d\engine\bin\.cache\dev\editor\bundled\index.js:48429:132)
    at OneOffInvoker.eval [as _invoke] (C:\ProgramData\cocos\editors\Creator\3.8.7\resources\resources\3d\engine\bin\.cache\dev\editor\bundled\index.js:46343:9)
    at OneOffInvoker.invoke (C:\ProgramData\cocos\editors\Creator\3.8.7\resources\resources\3d\engine\bin\.cache\dev\editor\bundled\index.js:46462:18)
    at NodeActivator.activateNode (C:\ProgramData\cocos\editors\Creator\3.8.7\resources\resources\3d\engine\bin\.cache\dev\editor\bundled\index.js:48480:27)
    at Node._onHierarchyChangedBase (C:\ProgramData\cocos\editors\Creator\3.8.7\resources\resources\3d\engine\bin\.cache\dev\editor\bundled\index.js:51243:46)
    at Node._onHierarchyChanged (C:\ProgramData\cocos\editors\Creator\3.8.7\resources\resources\3d\engine\bin\.cache\dev\editor\bundled\index.js:51809:16)
    at Node.setParent (C:\ProgramData\cocos\editors\Creator\3.8.7\resources\resources\3d\engine\bin\.cache\dev\editor\bundled\index.js:50331:16)
    at Node.addChild (C:\ProgramData\cocos\editors\Creator\3.8.7\resources\resources\3d\engine\bin\.cache\dev\editor\bundled\index.js:50412:17)
    at PrefabPreview.setPrefab (C:\ProgramData\cocos\editors\Creator\3.8.7\resources\app.asar\builtin\scene\dist\script\3d\manager\preview\prefab-preview\index.ccc:1:1495)
2026-6-12 11:40:18 - warn: [Scene] Instancing/Batching enabled for non-baked skinning model or used AnimationController 'New Canvas/Monster_boss/boos_02_skin_1/boss_01', this may result in unexpected rendering artifacts. Consider turning it off in the material if you do not intend to do this.Error: [Scene] Instancing/Batching enabled for non-baked skinning model or used AnimationController 'New Canvas/Monster_boss/boos_02_skin_1/boss_01', this may result in unexpected rendering artifacts. Consider turning it off in the material if you do not intend to do this.
    at console.warn (C:\ProgramData\cocos\editors\Creator\3.8.7\resources\app.asar\node_modules\@sentry\core\src\utils-hoist\instrument\console.ts:40:14)
    at warn (C:\ProgramData\cocos\editors\Creator\3.8.7\resources\resources\3d\engine\bin\.cache\dev\editor\bundled\index.js:165229:12)
    at warnID (C:\ProgramData\cocos\editors\Creator\3.8.7\resources\resources\3d\engine\bin\.cache\dev\editor\bundled\index.js:165417:5)
    at SkinningModel._updateInstancedAttributes (C:\ProgramData\cocos\editors\Creator\3.8.7\resources\resources\3d\engine\bin\.cache\dev\editor\bundled\index.js:114285:13)
    at SkinningModel._updateAttributesAndBinding (C:\ProgramData\cocos\editors\Creator\3.8.7\resources\resources\3d\engine\bin\.cache\dev\editor\bundled\index.js:242018:16)
    at SkinningModel.initSubModel (C:\ProgramData\cocos\editors\Creator\3.8.7\resources\resources\3d\engine\bin\.cache\dev\editor\bundled\index.js:241679:16)
    at SkinningModel.initSubModel (C:\ProgramData\cocos\editors\Creator\3.8.7\resources\resources\3d\engine\bin\.cache\dev\editor\bundled\index.js:113885:24)
    at SkinningModel.initSubModel (C:\ProgramData\cocos\editors\Creator\3.8.7\resources\resources\3d\engine\bin\.cache\dev\editor\bundled\index.js:114249:17)
    at SkinnedMeshRenderer._updateModelParams (C:\ProgramData\cocos\editors\Creator\3.8.7\resources\resources\3d\engine\bin\.cache\dev\editor\bundled\index.js:110770:29)
    at SkinnedMeshRenderer._updateModelParams (C:\ProgramData\cocos\editors\Creator\3.8.7\resources\resources\3d\engine\bin\.cache\dev\editor\bundled\index.js:119252:17)
    at SkinnedMeshRenderer._updateModels (C:\ProgramData\cocos\editors\Creator\3.8.7\resources\resources\3d\engine\bin\.cache\dev\editor\bundled\index.js:110674:18)
    at SkinnedMeshRenderer.setUseBakedAnimation (C:\ProgramData\cocos\editors\Creator\3.8.7\resources\resources\3d\engine\bin\.cache\dev\editor\bundled\index.js:119235:18)
    at SkeletalAnimation.notifySkinnedMeshAdded (C:\ProgramData\cocos\editors\Creator\3.8.7\resources\resources\3d\engine\bin\.cache\dev\editor\bundled\index.js:118291:31)
    at SkinnedMeshRenderer._tryBindAnimation (C:\ProgramData\cocos\editors\Creator\3.8.7\resources\resources\3d\engine\bin\.cache\dev\editor\bundled\index.js:119273:23)
    at SkinnedMeshRenderer.onLoad (C:\ProgramData\cocos\editors\Creator\3.8.7\resources\resources\3d\engine\bin\.cache\dev\editor\bundled\index.js:119205:16)
    at eval (C:\ProgramData\cocos\editors\Creator\3.8.7\resources\resources\3d\engine\bin\.cache\dev\editor\bundled\index.js:48429:132)
    at OneOffInvoker.eval [as _invoke] (C:\ProgramData\cocos\editors\Creator\3.8.7\resources\resources\3d\engine\bin\.cache\dev\editor\bundled\index.js:46343:9)
    at OneOffInvoker.invoke (C:\ProgramData\cocos\editors\Creator\3.8.7\resources\resources\3d\engine\bin\.cache\dev\editor\bundled\index.js:46462:18)
    at NodeActivator.activateNode (C:\ProgramData\cocos\editors\Creator\3.8.7\resources\resources\3d\engine\bin\.cache\dev\editor\bundled\index.js:48480:27)
    at Node._onHierarchyChangedBase (C:\ProgramData\cocos\editors\Creator\3.8.7\resources\resources\3d\engine\bin\.cache\dev\editor\bundled\index.js:51243:46)
    at Node._onHierarchyChanged (C:\ProgramData\cocos\editors\Creator\3.8.7\resources\resources\3d\engine\bin\.cache\dev\editor\bundled\index.js:51809:16)
    at Node.setParent (C:\ProgramData\cocos\editors\Creator\3.8.7\resources\resources\3d\engine\bin\.cache\dev\editor\bundled\index.js:50331:16)
    at Node.addChild (C:\ProgramData\cocos\editors\Creator\3.8.7\resources\resources\3d\engine\bin\.cache\dev\editor\bundled\index.js:50412:17)
    at PrefabPreview.setPrefab (C:\ProgramData\cocos\editors\Creator\3.8.7\resources\app.asar\builtin\scene\dist\script\3d\manager\preview\prefab-preview\index.ccc:1:1495)
2026-6-12 11:40:18 - warn: [Scene] Instancing/Batching enabled for non-baked skinning model or used AnimationController 'should_hide_in_hierarchy/Monster_boss/boos_02_skin_1/boss_01', this may result in unexpected rendering artifacts. Consider turning it off in the material if you do not intend to do this.Error: [Scene] Instancing/Batching enabled for non-baked skinning model or used AnimationController 'should_hide_in_hierarchy/Monster_boss/boos_02_skin_1/boss_01', this may result in unexpected rendering artifacts. Consider turning it off in the material if you do not intend to do this.
    at console.warn (C:\ProgramData\cocos\editors\Creator\3.8.7\resources\app.asar\node_modules\@sentry\core\src\utils-hoist\instrument\console.ts:40:14)
    at warn (C:\ProgramData\cocos\editors\Creator\3.8.7\resources\resources\3d\engine\bin\.cache\dev\editor\bundled\index.js:165229:12)
    at warnID (C:\ProgramData\cocos\editors\Creator\3.8.7\resources\resources\3d\engine\bin\.cache\dev\editor\bundled\index.js:165417:5)
    at SkinningModel._updateInstancedAttributes (C:\ProgramData\cocos\editors\Creator\3.8.7\resources\resources\3d\engine\bin\.cache\dev\editor\bundled\index.js:114285:13)
    at SkinningModel._updateAttributesAndBinding (C:\ProgramData\cocos\editors\Creator\3.8.7\resources\resources\3d\engine\bin\.cache\dev\editor\bundled\index.js:242018:16)
    at SkinningModel.initSubModel (C:\ProgramData\cocos\editors\Creator\3.8.7\resources\resources\3d\engine\bin\.cache\dev\editor\bundled\index.js:241679:16)
    at SkinningModel.initSubModel (C:\ProgramData\cocos\editors\Creator\3.8.7\resources\resources\3d\engine\bin\.cache\dev\editor\bundled\index.js:113885:24)
    at SkinningModel.initSubModel (C:\ProgramData\cocos\editors\Creator\3.8.7\resources\resources\3d\engine\bin\.cache\dev\editor\bundled\index.js:114249:17)
    at SkinnedMeshRenderer._updateModelParams (C:\ProgramData\cocos\editors\Creator\3.8.7\resources\resources\3d\engine\bin\.cache\dev\editor\bundled\index.js:110770:29)
    at SkinnedMeshRenderer._updateModelParams (C:\ProgramData\cocos\editors\Creator\3.8.7\resources\resources\3d\engine\bin\.cache\dev\editor\bundled\index.js:119252:17)
    at SkinnedMeshRenderer._updateModels (C:\ProgramData\cocos\editors\Creator\3.8.7\resources\resources\3d\engine\bin\.cache\dev\editor\bundled\index.js:110674:18)
    at SkinnedMeshRenderer.onLoad (C:\ProgramData\cocos\editors\Creator\3.8.7\resources\resources\3d\engine\bin\.cache\dev\editor\bundled\index.js:110329:16)
    at SkinnedMeshRenderer.onLoad (C:\ProgramData\cocos\editors\Creator\3.8.7\resources\resources\3d\engine\bin\.cache\dev\editor\bundled\index.js:119204:17)
    at eval (C:\ProgramData\cocos\editors\Creator\3.8.7\resources\resources\3d\engine\bin\.cache\dev\editor\bundled\index.js:48429:132)
    at OneOffInvoker.eval [as _invoke] (C:\ProgramData\cocos\editors\Creator\3.8.7\resources\resources\3d\engine\bin\.cache\dev\editor\bundled\index.js:46343:9)
    at OneOffInvoker.invoke (C:\ProgramData\cocos\editors\Creator\3.8.7\resources\resources\3d\engine\bin\.cache\dev\editor\bundled\index.js:46462:18)
    at NodeActivator.activateNode (C:\ProgramData\cocos\editors\Creator\3.8.7\resources\resources\3d\engine\bin\.cache\dev\editor\bundled\index.js:48480:27)
    at Scene._activate (C:\ProgramData\cocos\editors\Creator\3.8.7\resources\resources\3d\engine\bin\.cache\dev\editor\bundled\index.js:56317:44)
    at Director.runSceneImmediate (C:\ProgramData\cocos\editors\Creator\3.8.7\resources\resources\3d\engine\bin\.cache\dev\editor\bundled\index.js:88394:17)
    at C:\ProgramData\cocos\editors\Creator\3.8.7\resources\app.asar\builtin\scene\dist\script\3d\manager\scene\utils.ccc:1:1112
    at new Promise (<anonymous>)
    at SceneUtil.loadSceneByNode (C:\ProgramData\cocos\editors\Creator\3.8.7\resources\app.asar\builtin\scene\dist\script\3d\manager\scene\utils.ccc:1:800)
    at PrefabSceneProxy._loadPrefabById (C:\ProgramData\cocos\editors\Creator\3.8.7\resources\app.asar\builtin\scene\dist\script\3d\manager\scene\proxy\prefab-scene-proxy.ccc:1:2613)
    at PrefabSceneProxy.open (C:\ProgramData\cocos\editors\Creator\3.8.7\resources\app.asar\builtin\scene\dist\script\3d\manager\scene\proxy\prefab-scene-proxy.ccc:1:1055)
    at PrefabSceneFacade.openScene (C:\ProgramData\cocos\editors\Creator\3.8.7\resources\app.asar\builtin\scene\dist\script\3d\facade\prefab-scene-facade.ccc:1:1422)
    at SceneFacadeManager.openScene (C:\ProgramData\cocos\editors\Creator\3.8.7\resources\app.asar\builtin\scene\dist\script\3d\facade\scene-facade-manager.ccc:1:7766)
2026-6-12 11:40:18 - warn: [Scene] Instancing/Batching enabled for non-baked skinning model or used AnimationController 'should_hide_in_hierarchy/Monster_boss/boos_02_skin_1/boss_01', this may result in unexpected rendering artifacts. Consider turning it off in the material if you do not intend to do this.Error: [Scene] Instancing/Batching enabled for non-baked skinning model or used AnimationController 'should_hide_in_hierarchy/Monster_boss/boos_02_skin_1/boss_01', this may result in unexpected rendering artifacts. Consider turning it off in the material if you do not intend to do this.
    at console.warn (C:\ProgramData\cocos\editors\Creator\3.8.7\resources\app.asar\node_modules\@sentry\core\src\utils-hoist\instrument\console.ts:40:14)
    at warn (C:\ProgramData\cocos\editors\Creator\3.8.7\resources\resources\3d\engine\bin\.cache\dev\editor\bundled\index.js:165229:12)
    at warnID (C:\ProgramData\cocos\editors\Creator\3.8.7\resources\resources\3d\engine\bin\.cache\dev\editor\bundled\index.js:165417:5)
    at SkinningModel._updateInstancedAttributes (C:\ProgramData\cocos\editors\Creator\3.8.7\resources\resources\3d\engine\bin\.cache\dev\editor\bundled\index.js:114285:13)
    at SkinningModel._updateAttributesAndBinding (C:\ProgramData\cocos\editors\Creator\3.8.7\resources\resources\3d\engine\bin\.cache\dev\editor\bundled\index.js:242018:16)
    at SkinningModel.initSubModel (C:\ProgramData\cocos\editors\Creator\3.8.7\resources\resources\3d\engine\bin\.cache\dev\editor\bundled\index.js:241679:16)
    at SkinningModel.initSubModel (C:\ProgramData\cocos\editors\Creator\3.8.7\resources\resources\3d\engine\bin\.cache\dev\editor\bundled\index.js:113885:24)
    at SkinningModel.initSubModel (C:\ProgramData\cocos\editors\Creator\3.8.7\resources\resources\3d\engine\bin\.cache\dev\editor\bundled\index.js:114249:17)
    at SkinnedMeshRenderer._updateModelParams (C:\ProgramData\cocos\editors\Creator\3.8.7\resources\resources\3d\engine\bin\.cache\dev\editor\bundled\index.js:110770:29)
    at SkinnedMeshRenderer._updateModelParams (C:\ProgramData\cocos\editors\Creator\3.8.7\resources\resources\3d\engine\bin\.cache\dev\editor\bundled\index.js:119252:17)
    at SkinnedMeshRenderer._updateModels (C:\ProgramData\cocos\editors\Creator\3.8.7\resources\resources\3d\engine\bin\.cache\dev\editor\bundled\index.js:110674:18)
    at SkinnedMeshRenderer.setUseBakedAnimation (C:\ProgramData\cocos\editors\Creator\3.8.7\resources\resources\3d\engine\bin\.cache\dev\editor\bundled\index.js:119235:18)
    at SkeletalAnimation.notifySkinnedMeshAdded (C:\ProgramData\cocos\editors\Creator\3.8.7\resources\resources\3d\engine\bin\.cache\dev\editor\bundled\index.js:118291:31)
    at SkinnedMeshRenderer._tryBindAnimation (C:\ProgramData\cocos\editors\Creator\3.8.7\resources\resources\3d\engine\bin\.cache\dev\editor\bundled\index.js:119273:23)
    at SkinnedMeshRenderer.onLoad (C:\ProgramData\cocos\editors\Creator\3.8.7\resources\resources\3d\engine\bin\.cache\dev\editor\bundled\index.js:119205:16)
    at eval (C:\ProgramData\cocos\editors\Creator\3.8.7\resources\resources\3d\engine\bin\.cache\dev\editor\bundled\index.js:48429:132)
    at OneOffInvoker.eval [as _invoke] (C:\ProgramData\cocos\editors\Creator\3.8.7\resources\resources\3d\engine\bin\.cache\dev\editor\bundled\index.js:46343:9)
    at OneOffInvoker.invoke (C:\ProgramData\cocos\editors\Creator\3.8.7\resources\resources\3d\engine\bin\.cache\dev\editor\bundled\index.js:46462:18)
    at NodeActivator.activateNode (C:\ProgramData\cocos\editors\Creator\3.8.7\resources\resources\3d\engine\bin\.cache\dev\editor\bundled\index.js:48480:27)
    at Scene._activate (C:\ProgramData\cocos\editors\Creator\3.8.7\resources\resources\3d\engine\bin\.cache\dev\editor\bundled\index.js:56317:44)
    at Director.runSceneImmediate (C:\ProgramData\cocos\editors\Creator\3.8.7\resources\resources\3d\engine\bin\.cache\dev\editor\bundled\index.js:88394:17)
    at C:\ProgramData\cocos\editors\Creator\3.8.7\resources\app.asar\builtin\scene\dist\script\3d\manager\scene\utils.ccc:1:1112
    at new Promise (<anonymous>)
    at SceneUtil.loadSceneByNode (C:\ProgramData\cocos\editors\Creator\3.8.7\resources\app.asar\builtin\scene\dist\script\3d\manager\scene\utils.ccc:1:800)
    at PrefabSceneProxy._loadPrefabById (C:\ProgramData\cocos\editors\Creator\3.8.7\resources\app.asar\builtin\scene\dist\script\3d\manager\scene\proxy\prefab-scene-proxy.ccc:1:2613)
    at PrefabSceneProxy.open (C:\ProgramData\cocos\editors\Creator\3.8.7\resources\app.asar\builtin\scene\dist\script\3d\manager\scene\proxy\prefab-scene-proxy.ccc:1:1055)
    at PrefabSceneFacade.openScene (C:\ProgramData\cocos\editors\Creator\3.8.7\resources\app.asar\builtin\scene\dist\script\3d\facade\prefab-scene-facade.ccc:1:1422)
    at SceneFacadeManager.openScene (C:\ProgramData\cocos\editors\Creator\3.8.7\resources\app.asar\builtin\scene\dist\script\3d\facade\scene-facade-manager.ccc:1:7766)
2026-6-12 11:40:18 - warn: [Scene] Instancing/Batching enabled for non-baked skinning model or used AnimationController 'New Canvas/Monster_boss/boos_02_skin_1/boss_01', this may result in unexpected rendering artifacts. Consider turning it off in the material if you do not intend to do this.Error: [Scene] Instancing/Batching enabled for non-baked skinning model or used AnimationController 'New Canvas/Monster_boss/boos_02_skin_1/boss_01', this may result in unexpected rendering artifacts. Consider turning it off in the material if you do not intend to do this.
    at console.warn (C:\ProgramData\cocos\editors\Creator\3.8.7\resources\app.asar\node_modules\@sentry\core\src\utils-hoist\instrument\console.ts:40:14)
    at warn (C:\ProgramData\cocos\editors\Creator\3.8.7\resources\resources\3d\engine\bin\.cache\dev\editor\bundled\index.js:165229:12)
    at warnID (C:\ProgramData\cocos\editors\Creator\3.8.7\resources\resources\3d\engine\bin\.cache\dev\editor\bundled\index.js:165417:5)
    at SkinningModel._updateInstancedAttributes (C:\ProgramData\cocos\editors\Creator\3.8.7\resources\resources\3d\engine\bin\.cache\dev\editor\bundled\index.js:114285:13)
    at SkinningModel._updateAttributesAndBinding (C:\ProgramData\cocos\editors\Creator\3.8.7\resources\resources\3d\engine\bin\.cache\dev\editor\bundled\index.js:242018:16)
    at SkinningModel.initSubModel (C:\ProgramData\cocos\editors\Creator\3.8.7\resources\resources\3d\engine\bin\.cache\dev\editor\bundled\index.js:241679:16)
    at SkinningModel.initSubModel (C:\ProgramData\cocos\editors\Creator\3.8.7\resources\resources\3d\engine\bin\.cache\dev\editor\bundled\index.js:113885:24)
    at SkinningModel.initSubModel (C:\ProgramData\cocos\editors\Creator\3.8.7\resources\resources\3d\engine\bin\.cache\dev\editor\bundled\index.js:114249:17)
    at SkinnedMeshRenderer._updateModelParams (C:\ProgramData\cocos\editors\Creator\3.8.7\resources\resources\3d\engine\bin\.cache\dev\editor\bundled\index.js:110770:29)
    at SkinnedMeshRenderer._updateModelParams (C:\ProgramData\cocos\editors\Creator\3.8.7\resources\resources\3d\engine\bin\.cache\dev\editor\bundled\index.js:119252:17)
    at SkinnedMeshRenderer._updateModels (C:\ProgramData\cocos\editors\Creator\3.8.7\resources\resources\3d\engine\bin\.cache\dev\editor\bundled\index.js:110674:18)
    at SkinnedMeshRenderer.onLoad (C:\ProgramData\cocos\editors\Creator\3.8.7\resources\resources\3d\engine\bin\.cache\dev\editor\bundled\index.js:110329:16)
    at SkinnedMeshRenderer.onLoad (C:\ProgramData\cocos\editors\Creator\3.8.7\resources\resources\3d\engine\bin\.cache\dev\editor\bundled\index.js:119204:17)
    at eval (C:\ProgramData\cocos\editors\Creator\3.8.7\resources\resources\3d\engine\bin\.cache\dev\editor\bundled\index.js:48429:132)
    at OneOffInvoker.eval [as _invoke] (C:\ProgramData\cocos\editors\Creator\3.8.7\resources\resources\3d\engine\bin\.cache\dev\editor\bundled\index.js:46343:9)
    at OneOffInvoker.invoke (C:\ProgramData\cocos\editors\Creator\3.8.7\resources\resources\3d\engine\bin\.cache\dev\editor\bundled\index.js:46462:18)
    at NodeActivator.activateNode (C:\ProgramData\cocos\editors\Creator\3.8.7\resources\resources\3d\engine\bin\.cache\dev\editor\bundled\index.js:48480:27)
    at Node._onHierarchyChangedBase (C:\ProgramData\cocos\editors\Creator\3.8.7\resources\resources\3d\engine\bin\.cache\dev\editor\bundled\index.js:51243:46)
    at Node._onHierarchyChanged (C:\ProgramData\cocos\editors\Creator\3.8.7\resources\resources\3d\engine\bin\.cache\dev\editor\bundled\index.js:51809:16)
    at Node.setParent (C:\ProgramData\cocos\editors\Creator\3.8.7\resources\resources\3d\engine\bin\.cache\dev\editor\bundled\index.js:50331:16)
    at Node.addChild (C:\ProgramData\cocos\editors\Creator\3.8.7\resources\resources\3d\engine\bin\.cache\dev\editor\bundled\index.js:50412:17)
    at PrefabPreview.setPrefab (C:\ProgramData\cocos\editors\Creator\3.8.7\resources\app.asar\builtin\scene\dist\script\3d\manager\preview\prefab-preview\index.ccc:1:1495)
2026-6-12 11:40:18 - warn: [Scene] Instancing/Batching enabled for non-baked skinning model or used AnimationController 'New Canvas/Monster_boss/boos_02_skin_1/boss_01', this may result in unexpected rendering artifacts. Consider turning it off in the material if you do not intend to do this.Error: [Scene] Instancing/Batching enabled for non-baked skinning model or used AnimationController 'New Canvas/Monster_boss/boos_02_skin_1/boss_01', this may result in unexpected rendering artifacts. Consider turning it off in the material if you do not intend to do this.
    at console.warn (C:\ProgramData\cocos\editors\Creator\3.8.7\resources\app.asar\node_modules\@sentry\core\src\utils-hoist\instrument\console.ts:40:14)
    at warn (C:\ProgramData\cocos\editors\Creator\3.8.7\resources\resources\3d\engine\bin\.cache\dev\editor\bundled\index.js:165229:12)
    at warnID (C:\ProgramData\cocos\editors\Creator\3.8.7\resources\resources\3d\engine\bin\.cache\dev\editor\bundled\index.js:165417:5)
    at SkinningModel._updateInstancedAttributes (C:\ProgramData\cocos\editors\Creator\3.8.7\resources\resources\3d\engine\bin\.cache\dev\editor\bundled\index.js:114285:13)
    at SkinningModel._updateAttributesAndBinding (C:\ProgramData\cocos\editors\Creator\3.8.7\resources\resources\3d\engine\bin\.cache\dev\editor\bundled\index.js:242018:16)
    at SkinningModel.initSubModel (C:\ProgramData\cocos\editors\Creator\3.8.7\resources\resources\3d\engine\bin\.cache\dev\editor\bundled\index.js:241679:16)
    at SkinningModel.initSubModel (C:\ProgramData\cocos\editors\Creator\3.8.7\resources\resources\3d\engine\bin\.cache\dev\editor\bundled\index.js:113885:24)
    at SkinningModel.initSubModel (C:\ProgramData\cocos\editors\Creator\3.8.7\resources\resources\3d\engine\bin\.cache\dev\editor\bundled\index.js:114249:17)
    at SkinnedMeshRenderer._updateModelParams (C:\ProgramData\cocos\editors\Creator\3.8.7\resources\resources\3d\engine\bin\.cache\dev\editor\bundled\index.js:110770:29)
    at SkinnedMeshRenderer._updateModelParams (C:\ProgramData\cocos\editors\Creator\3.8.7\resources\resources\3d\engine\bin\.cache\dev\editor\bundled\index.js:119252:17)
    at SkinnedMeshRenderer._updateModels (C:\ProgramData\cocos\editors\Creator\3.8.7\resources\resources\3d\engine\bin\.cache\dev\editor\bundled\index.js:110674:18)
    at SkinnedMeshRenderer.setUseBakedAnimation (C:\ProgramData\cocos\editors\Creator\3.8.7\resources\resources\3d\engine\bin\.cache\dev\editor\bundled\index.js:119235:18)
    at SkeletalAnimation.notifySkinnedMeshAdded (C:\ProgramData\cocos\editors\Creator\3.8.7\resources\resources\3d\engine\bin\.cache\dev\editor\bundled\index.js:118291:31)
    at SkinnedMeshRenderer._tryBindAnimation (C:\ProgramData\cocos\editors\Creator\3.8.7\resources\resources\3d\engine\bin\.cache\dev\editor\bundled\index.js:119273:23)
    at SkinnedMeshRenderer.onLoad (C:\ProgramData\cocos\editors\Creator\3.8.7\resources\resources\3d\engine\bin\.cache\dev\editor\bundled\index.js:119205:16)
    at eval (C:\ProgramData\cocos\editors\Creator\3.8.7\resources\resources\3d\engine\bin\.cache\dev\editor\bundled\index.js:48429:132)
    at OneOffInvoker.eval [as _invoke] (C:\ProgramData\cocos\editors\Creator\3.8.7\resources\resources\3d\engine\bin\.cache\dev\editor\bundled\index.js:46343:9)
    at OneOffInvoker.invoke (C:\ProgramData\cocos\editors\Creator\3.8.7\resources\resources\3d\engine\bin\.cache\dev\editor\bundled\index.js:46462:18)
    at NodeActivator.activateNode (C:\ProgramData\cocos\editors\Creator\3.8.7\resources\resources\3d\engine\bin\.cache\dev\editor\bundled\index.js:48480:27)
    at Node._onHierarchyChangedBase (C:\ProgramData\cocos\editors\Creator\3.8.7\resources\resources\3d\engine\bin\.cache\dev\editor\bundled\index.js:51243:46)
    at Node._onHierarchyChanged (C:\ProgramData\cocos\editors\Creator\3.8.7\resources\resources\3d\engine\bin\.cache\dev\editor\bundled\index.js:51809:16)
    at Node.setParent (C:\ProgramData\cocos\editors\Creator\3.8.7\resources\resources\3d\engine\bin\.cache\dev\editor\bundled\index.js:50331:16)
    at Node.addChild (C:\ProgramData\cocos\editors\Creator\3.8.7\resources\resources\3d\engine\bin\.cache\dev\editor\bundled\index.js:50412:17)
    at PrefabPreview.setPrefab (C:\ProgramData\cocos\editors\Creator\3.8.7\resources\app.asar\builtin\scene\dist\script\3d\manager\preview\prefab-preview\index.ccc:1:1495)
2026-6-12 11:40:26 - warn: [Scene] Instancing/Batching enabled for non-baked skinning model or used AnimationController 'Role_0/zhujue_skin/zhujue', this may result in unexpected rendering artifacts. Consider turning it off in the material if you do not intend to do this.Error: [Scene] Instancing/Batching enabled for non-baked skinning model or used AnimationController 'Role_0/zhujue_skin/zhujue', this may result in unexpected rendering artifacts. Consider turning it off in the material if you do not intend to do this.
    at console.warn (C:\ProgramData\cocos\editors\Creator\3.8.7\resources\app.asar\node_modules\@sentry\core\src\utils-hoist\instrument\console.ts:40:14)
    at warn (C:\ProgramData\cocos\editors\Creator\3.8.7\resources\resources\3d\engine\bin\.cache\dev\editor\bundled\index.js:165229:12)
    at warnID (C:\ProgramData\cocos\editors\Creator\3.8.7\resources\resources\3d\engine\bin\.cache\dev\editor\bundled\index.js:165417:5)
    at SkinningModel._updateInstancedAttributes (C:\ProgramData\cocos\editors\Creator\3.8.7\resources\resources\3d\engine\bin\.cache\dev\editor\bundled\index.js:114285:13)
    at SkinningModel._updateAttributesAndBinding (C:\ProgramData\cocos\editors\Creator\3.8.7\resources\resources\3d\engine\bin\.cache\dev\editor\bundled\index.js:242018:16)
    at SkinningModel.initSubModel (C:\ProgramData\cocos\editors\Creator\3.8.7\resources\resources\3d\engine\bin\.cache\dev\editor\bundled\index.js:241679:16)
    at SkinningModel.initSubModel (C:\ProgramData\cocos\editors\Creator\3.8.7\resources\resources\3d\engine\bin\.cache\dev\editor\bundled\index.js:113885:24)
    at SkinningModel.initSubModel (C:\ProgramData\cocos\editors\Creator\3.8.7\resources\resources\3d\engine\bin\.cache\dev\editor\bundled\index.js:114249:17)
    at SkinnedMeshRenderer._updateModelParams (C:\ProgramData\cocos\editors\Creator\3.8.7\resources\resources\3d\engine\bin\.cache\dev\editor\bundled\index.js:110770:29)
    at SkinnedMeshRenderer._updateModelParams (C:\ProgramData\cocos\editors\Creator\3.8.7\resources\resources\3d\engine\bin\.cache\dev\editor\bundled\index.js:119252:17)
    at SkinnedMeshRenderer._updateModels (C:\ProgramData\cocos\editors\Creator\3.8.7\resources\resources\3d\engine\bin\.cache\dev\editor\bundled\index.js:110674:18)
    at SkinnedMeshRenderer.onLoad (C:\ProgramData\cocos\editors\Creator\3.8.7\resources\resources\3d\engine\bin\.cache\dev\editor\bundled\index.js:110329:16)
    at SkinnedMeshRenderer.onLoad (C:\ProgramData\cocos\editors\Creator\3.8.7\resources\resources\3d\engine\bin\.cache\dev\editor\bundled\index.js:119204:17)
    at eval (C:\ProgramData\cocos\editors\Creator\3.8.7\resources\resources\3d\engine\bin\.cache\dev\editor\bundled\index.js:48429:132)
    at OneOffInvoker.eval [as _invoke] (C:\ProgramData\cocos\editors\Creator\3.8.7\resources\resources\3d\engine\bin\.cache\dev\editor\bundled\index.js:46343:9)
    at OneOffInvoker.invoke (C:\ProgramData\cocos\editors\Creator\3.8.7\resources\resources\3d\engine\bin\.cache\dev\editor\bundled\index.js:46462:18)
    at NodeActivator.activateNode (C:\ProgramData\cocos\editors\Creator\3.8.7\resources\resources\3d\engine\bin\.cache\dev\editor\bundled\index.js:48480:27)
    at Node._onHierarchyChangedBase (C:\ProgramData\cocos\editors\Creator\3.8.7\resources\resources\3d\engine\bin\.cache\dev\editor\bundled\index.js:51243:46)
    at Node._onHierarchyChanged (C:\ProgramData\cocos\editors\Creator\3.8.7\resources\resources\3d\engine\bin\.cache\dev\editor\bundled\index.js:51809:16)
    at Node.setParent (C:\ProgramData\cocos\editors\Creator\3.8.7\resources\resources\3d\engine\bin\.cache\dev\editor\bundled\index.js:50331:16)
    at Scene.addChild (C:\ProgramData\cocos\editors\Creator\3.8.7\resources\resources\3d\engine\bin\.cache\dev\editor\bundled\index.js:50412:17)
    at PrefabPreview.setPrefab (C:\ProgramData\cocos\editors\Creator\3.8.7\resources\app.asar\builtin\scene\dist\script\3d\manager\preview\prefab-preview\index.ccc:1:1495)
2026-6-12 11:40:26 - warn: [Scene] Instancing/Batching enabled for non-baked skinning model or used AnimationController 'Role_0/zhujue_skin/zhujue', this may result in unexpected rendering artifacts. Consider turning it off in the material if you do not intend to do this.Error: [Scene] Instancing/Batching enabled for non-baked skinning model or used AnimationController 'Role_0/zhujue_skin/zhujue', this may result in unexpected rendering artifacts. Consider turning it off in the material if you do not intend to do this.
    at console.warn (C:\ProgramData\cocos\editors\Creator\3.8.7\resources\app.asar\node_modules\@sentry\core\src\utils-hoist\instrument\console.ts:40:14)
    at warn (C:\ProgramData\cocos\editors\Creator\3.8.7\resources\resources\3d\engine\bin\.cache\dev\editor\bundled\index.js:165229:12)
    at warnID (C:\ProgramData\cocos\editors\Creator\3.8.7\resources\resources\3d\engine\bin\.cache\dev\editor\bundled\index.js:165417:5)
    at SkinningModel._updateInstancedAttributes (C:\ProgramData\cocos\editors\Creator\3.8.7\resources\resources\3d\engine\bin\.cache\dev\editor\bundled\index.js:114285:13)
    at SkinningModel._updateAttributesAndBinding (C:\ProgramData\cocos\editors\Creator\3.8.7\resources\resources\3d\engine\bin\.cache\dev\editor\bundled\index.js:242018:16)
    at SkinningModel.initSubModel (C:\ProgramData\cocos\editors\Creator\3.8.7\resources\resources\3d\engine\bin\.cache\dev\editor\bundled\index.js:241679:16)
    at SkinningModel.initSubModel (C:\ProgramData\cocos\editors\Creator\3.8.7\resources\resources\3d\engine\bin\.cache\dev\editor\bundled\index.js:113885:24)
    at SkinningModel.initSubModel (C:\ProgramData\cocos\editors\Creator\3.8.7\resources\resources\3d\engine\bin\.cache\dev\editor\bundled\index.js:114249:17)
    at SkinnedMeshRenderer._updateModelParams (C:\ProgramData\cocos\editors\Creator\3.8.7\resources\resources\3d\engine\bin\.cache\dev\editor\bundled\index.js:110770:29)
    at SkinnedMeshRenderer._updateModelParams (C:\ProgramData\cocos\editors\Creator\3.8.7\resources\resources\3d\engine\bin\.cache\dev\editor\bundled\index.js:119252:17)
    at SkinnedMeshRenderer._updateModels (C:\ProgramData\cocos\editors\Creator\3.8.7\resources\resources\3d\engine\bin\.cache\dev\editor\bundled\index.js:110674:18)
    at SkinnedMeshRenderer.setUseBakedAnimation (C:\ProgramData\cocos\editors\Creator\3.8.7\resources\resources\3d\engine\bin\.cache\dev\editor\bundled\index.js:119235:18)
    at SkeletalAnimation.notifySkinnedMeshAdded (C:\ProgramData\cocos\editors\Creator\3.8.7\resources\resources\3d\engine\bin\.cache\dev\editor\bundled\index.js:118291:31)
    at SkinnedMeshRenderer._tryBindAnimation (C:\ProgramData\cocos\editors\Creator\3.8.7\resources\resources\3d\engine\bin\.cache\dev\editor\bundled\index.js:119273:23)
    at SkinnedMeshRenderer.onLoad (C:\ProgramData\cocos\editors\Creator\3.8.7\resources\resources\3d\engine\bin\.cache\dev\editor\bundled\index.js:119205:16)
    at eval (C:\ProgramData\cocos\editors\Creator\3.8.7\resources\resources\3d\engine\bin\.cache\dev\editor\bundled\index.js:48429:132)
    at OneOffInvoker.eval [as _invoke] (C:\ProgramData\cocos\editors\Creator\3.8.7\resources\resources\3d\engine\bin\.cache\dev\editor\bundled\index.js:46343:9)
    at OneOffInvoker.invoke (C:\ProgramData\cocos\editors\Creator\3.8.7\resources\resources\3d\engine\bin\.cache\dev\editor\bundled\index.js:46462:18)
    at NodeActivator.activateNode (C:\ProgramData\cocos\editors\Creator\3.8.7\resources\resources\3d\engine\bin\.cache\dev\editor\bundled\index.js:48480:27)
    at Node._onHierarchyChangedBase (C:\ProgramData\cocos\editors\Creator\3.8.7\resources\resources\3d\engine\bin\.cache\dev\editor\bundled\index.js:51243:46)
    at Node._onHierarchyChanged (C:\ProgramData\cocos\editors\Creator\3.8.7\resources\resources\3d\engine\bin\.cache\dev\editor\bundled\index.js:51809:16)
    at Node.setParent (C:\ProgramData\cocos\editors\Creator\3.8.7\resources\resources\3d\engine\bin\.cache\dev\editor\bundled\index.js:50331:16)
    at Scene.addChild (C:\ProgramData\cocos\editors\Creator\3.8.7\resources\resources\3d\engine\bin\.cache\dev\editor\bundled\index.js:50412:17)
    at PrefabPreview.setPrefab (C:\ProgramData\cocos\editors\Creator\3.8.7\resources\app.asar\builtin\scene\dist\script\3d\manager\preview\prefab-preview\index.ccc:1:1495)
2026-6-12 11:40:27 - warn: [Scene] Instancing/Batching enabled for non-baked skinning model or used AnimationController 'Role_0/zhujue_skin/zhujue', this may result in unexpected rendering artifacts. Consider turning it off in the material if you do not intend to do this.Error: [Scene] Instancing/Batching enabled for non-baked skinning model or used AnimationController 'Role_0/zhujue_skin/zhujue', this may result in unexpected rendering artifacts. Consider turning it off in the material if you do not intend to do this.
    at console.warn (C:\ProgramData\cocos\editors\Creator\3.8.7\resources\app.asar\node_modules\@sentry\core\src\utils-hoist\instrument\console.ts:40:14)
    at warn (C:\ProgramData\cocos\editors\Creator\3.8.7\resources\resources\3d\engine\bin\.cache\dev\editor\bundled\index.js:165229:12)
    at warnID (C:\ProgramData\cocos\editors\Creator\3.8.7\resources\resources\3d\engine\bin\.cache\dev\editor\bundled\index.js:165417:5)
    at SkinningModel._updateInstancedAttributes (C:\ProgramData\cocos\editors\Creator\3.8.7\resources\resources\3d\engine\bin\.cache\dev\editor\bundled\index.js:114285:13)
    at SkinningModel._updateAttributesAndBinding (C:\ProgramData\cocos\editors\Creator\3.8.7\resources\resources\3d\engine\bin\.cache\dev\editor\bundled\index.js:242018:16)
    at SkinningModel.initSubModel (C:\ProgramData\cocos\editors\Creator\3.8.7\resources\resources\3d\engine\bin\.cache\dev\editor\bundled\index.js:241679:16)
    at SkinningModel.initSubModel (C:\ProgramData\cocos\editors\Creator\3.8.7\resources\resources\3d\engine\bin\.cache\dev\editor\bundled\index.js:113885:24)
    at SkinningModel.initSubModel (C:\ProgramData\cocos\editors\Creator\3.8.7\resources\resources\3d\engine\bin\.cache\dev\editor\bundled\index.js:114249:17)
    at SkinnedMeshRenderer._updateModelParams (C:\ProgramData\cocos\editors\Creator\3.8.7\resources\resources\3d\engine\bin\.cache\dev\editor\bundled\index.js:110770:29)
    at SkinnedMeshRenderer._updateModelParams (C:\ProgramData\cocos\editors\Creator\3.8.7\resources\resources\3d\engine\bin\.cache\dev\editor\bundled\index.js:119252:17)
    at SkinnedMeshRenderer._updateModels (C:\ProgramData\cocos\editors\Creator\3.8.7\resources\resources\3d\engine\bin\.cache\dev\editor\bundled\index.js:110674:18)
    at SkinnedMeshRenderer.onLoad (C:\ProgramData\cocos\editors\Creator\3.8.7\resources\resources\3d\engine\bin\.cache\dev\editor\bundled\index.js:110329:16)
    at SkinnedMeshRenderer.onLoad (C:\ProgramData\cocos\editors\Creator\3.8.7\resources\resources\3d\engine\bin\.cache\dev\editor\bundled\index.js:119204:17)
    at eval (C:\ProgramData\cocos\editors\Creator\3.8.7\resources\resources\3d\engine\bin\.cache\dev\editor\bundled\index.js:48429:132)
    at OneOffInvoker.eval [as _invoke] (C:\ProgramData\cocos\editors\Creator\3.8.7\resources\resources\3d\engine\bin\.cache\dev\editor\bundled\index.js:46343:9)
    at OneOffInvoker.invoke (C:\ProgramData\cocos\editors\Creator\3.8.7\resources\resources\3d\engine\bin\.cache\dev\editor\bundled\index.js:46462:18)
    at NodeActivator.activateNode (C:\ProgramData\cocos\editors\Creator\3.8.7\resources\resources\3d\engine\bin\.cache\dev\editor\bundled\index.js:48480:27)
    at Scene._activate (C:\ProgramData\cocos\editors\Creator\3.8.7\resources\resources\3d\engine\bin\.cache\dev\editor\bundled\index.js:56317:44)
    at Director.runSceneImmediate (C:\ProgramData\cocos\editors\Creator\3.8.7\resources\resources\3d\engine\bin\.cache\dev\editor\bundled\index.js:88394:17)
    at C:\ProgramData\cocos\editors\Creator\3.8.7\resources\app.asar\builtin\scene\dist\script\3d\manager\scene\utils.ccc:1:1112
    at new Promise (<anonymous>)
    at SceneUtil.loadSceneByNode (C:\ProgramData\cocos\editors\Creator\3.8.7\resources\app.asar\builtin\scene\dist\script\3d\manager\scene\utils.ccc:1:800)
    at PrefabSceneProxy._loadPrefabById (C:\ProgramData\cocos\editors\Creator\3.8.7\resources\app.asar\builtin\scene\dist\script\3d\manager\scene\proxy\prefab-scene-proxy.ccc:1:2613)
    at PrefabSceneProxy.open (C:\ProgramData\cocos\editors\Creator\3.8.7\resources\app.asar\builtin\scene\dist\script\3d\manager\scene\proxy\prefab-scene-proxy.ccc:1:1055)
    at PrefabSceneFacade.openScene (C:\ProgramData\cocos\editors\Creator\3.8.7\resources\app.asar\builtin\scene\dist\script\3d\facade\prefab-scene-facade.ccc:1:1422)
    at SceneFacadeManager.openScene (C:\ProgramData\cocos\editors\Creator\3.8.7\resources\app.asar\builtin\scene\dist\script\3d\facade\scene-facade-manager.ccc:1:7766)
2026-6-12 11:40:27 - warn: [Scene] Instancing/Batching enabled for non-baked skinning model or used AnimationController 'Role_0/zhujue_skin/zhujue', this may result in unexpected rendering artifacts. Consider turning it off in the material if you do not intend to do this.Error: [Scene] Instancing/Batching enabled for non-baked skinning model or used AnimationController 'Role_0/zhujue_skin/zhujue', this may result in unexpected rendering artifacts. Consider turning it off in the material if you do not intend to do this.
    at console.warn (C:\ProgramData\cocos\editors\Creator\3.8.7\resources\app.asar\node_modules\@sentry\core\src\utils-hoist\instrument\console.ts:40:14)
    at warn (C:\ProgramData\cocos\editors\Creator\3.8.7\resources\resources\3d\engine\bin\.cache\dev\editor\bundled\index.js:165229:12)
    at warnID (C:\ProgramData\cocos\editors\Creator\3.8.7\resources\resources\3d\engine\bin\.cache\dev\editor\bundled\index.js:165417:5)
    at SkinningModel._updateInstancedAttributes (C:\ProgramData\cocos\editors\Creator\3.8.7\resources\resources\3d\engine\bin\.cache\dev\editor\bundled\index.js:114285:13)
    at SkinningModel._updateAttributesAndBinding (C:\ProgramData\cocos\editors\Creator\3.8.7\resources\resources\3d\engine\bin\.cache\dev\editor\bundled\index.js:242018:16)
    at SkinningModel.initSubModel (C:\ProgramData\cocos\editors\Creator\3.8.7\resources\resources\3d\engine\bin\.cache\dev\editor\bundled\index.js:241679:16)
    at SkinningModel.initSubModel (C:\ProgramData\cocos\editors\Creator\3.8.7\resources\resources\3d\engine\bin\.cache\dev\editor\bundled\index.js:113885:24)
    at SkinningModel.initSubModel (C:\ProgramData\cocos\editors\Creator\3.8.7\resources\resources\3d\engine\bin\.cache\dev\editor\bundled\index.js:114249:17)
    at SkinnedMeshRenderer._updateModelParams (C:\ProgramData\cocos\editors\Creator\3.8.7\resources\resources\3d\engine\bin\.cache\dev\editor\bundled\index.js:110770:29)
    at SkinnedMeshRenderer._updateModelParams (C:\ProgramData\cocos\editors\Creator\3.8.7\resources\resources\3d\engine\bin\.cache\dev\editor\bundled\index.js:119252:17)
    at SkinnedMeshRenderer._updateModels (C:\ProgramData\cocos\editors\Creator\3.8.7\resources\resources\3d\engine\bin\.cache\dev\editor\bundled\index.js:110674:18)
    at SkinnedMeshRenderer.setUseBakedAnimation (C:\ProgramData\cocos\editors\Creator\3.8.7\resources\resources\3d\engine\bin\.cache\dev\editor\bundled\index.js:119235:18)
    at SkeletalAnimation.notifySkinnedMeshAdded (C:\ProgramData\cocos\editors\Creator\3.8.7\resources\resources\3d\engine\bin\.cache\dev\editor\bundled\index.js:118291:31)
    at SkinnedMeshRenderer._tryBindAnimation (C:\ProgramData\cocos\editors\Creator\3.8.7\resources\resources\3d\engine\bin\.cache\dev\editor\bundled\index.js:119273:23)
    at SkinnedMeshRenderer.onLoad (C:\ProgramData\cocos\editors\Creator\3.8.7\resources\resources\3d\engine\bin\.cache\dev\editor\bundled\index.js:119205:16)
    at eval (C:\ProgramData\cocos\editors\Creator\3.8.7\resources\resources\3d\engine\bin\.cache\dev\editor\bundled\index.js:48429:132)
    at OneOffInvoker.eval [as _invoke] (C:\ProgramData\cocos\editors\Creator\3.8.7\resources\resources\3d\engine\bin\.cache\dev\editor\bundled\index.js:46343:9)
    at OneOffInvoker.invoke (C:\ProgramData\cocos\editors\Creator\3.8.7\resources\resources\3d\engine\bin\.cache\dev\editor\bundled\index.js:46462:18)
    at NodeActivator.activateNode (C:\ProgramData\cocos\editors\Creator\3.8.7\resources\resources\3d\engine\bin\.cache\dev\editor\bundled\index.js:48480:27)
    at Scene._activate (C:\ProgramData\cocos\editors\Creator\3.8.7\resources\resources\3d\engine\bin\.cache\dev\editor\bundled\index.js:56317:44)
    at Director.runSceneImmediate (C:\ProgramData\cocos\editors\Creator\3.8.7\resources\resources\3d\engine\bin\.cache\dev\editor\bundled\index.js:88394:17)
    at C:\ProgramData\cocos\editors\Creator\3.8.7\resources\app.asar\builtin\scene\dist\script\3d\manager\scene\utils.ccc:1:1112
    at new Promise (<anonymous>)
    at SceneUtil.loadSceneByNode (C:\ProgramData\cocos\editors\Creator\3.8.7\resources\app.asar\builtin\scene\dist\script\3d\manager\scene\utils.ccc:1:800)
    at PrefabSceneProxy._loadPrefabById (C:\ProgramData\cocos\editors\Creator\3.8.7\resources\app.asar\builtin\scene\dist\script\3d\manager\scene\proxy\prefab-scene-proxy.ccc:1:2613)
    at PrefabSceneProxy.open (C:\ProgramData\cocos\editors\Creator\3.8.7\resources\app.asar\builtin\scene\dist\script\3d\manager\scene\proxy\prefab-scene-proxy.ccc:1:1055)
    at PrefabSceneFacade.openScene (C:\ProgramData\cocos\editors\Creator\3.8.7\resources\app.asar\builtin\scene\dist\script\3d\facade\prefab-scene-facade.ccc:1:1422)
    at SceneFacadeManager.openScene (C:\ProgramData\cocos\editors\Creator\3.8.7\resources\app.asar\builtin\scene\dist\script\3d\facade\scene-facade-manager.ccc:1:7766)
2026-6-12 11:40:27 - warn: [Scene] Instancing/Batching enabled for non-baked skinning model or used AnimationController 'Role_0/zhujue_skin/zhujue', this may result in unexpected rendering artifacts. Consider turning it off in the material if you do not intend to do this.Error: [Scene] Instancing/Batching enabled for non-baked skinning model or used AnimationController 'Role_0/zhujue_skin/zhujue', this may result in unexpected rendering artifacts. Consider turning it off in the material if you do not intend to do this.
    at console.warn (C:\ProgramData\cocos\editors\Creator\3.8.7\resources\app.asar\node_modules\@sentry\core\src\utils-hoist\instrument\console.ts:40:14)
    at warn (C:\ProgramData\cocos\editors\Creator\3.8.7\resources\resources\3d\engine\bin\.cache\dev\editor\bundled\index.js:165229:12)
    at warnID (C:\ProgramData\cocos\editors\Creator\3.8.7\resources\resources\3d\engine\bin\.cache\dev\editor\bundled\index.js:165417:5)
    at SkinningModel._updateInstancedAttributes (C:\ProgramData\cocos\editors\Creator\3.8.7\resources\resources\3d\engine\bin\.cache\dev\editor\bundled\index.js:114285:13)
    at SkinningModel._updateAttributesAndBinding (C:\ProgramData\cocos\editors\Creator\3.8.7\resources\resources\3d\engine\bin\.cache\dev\editor\bundled\index.js:242018:16)
    at SkinningModel.initSubModel (C:\ProgramData\cocos\editors\Creator\3.8.7\resources\resources\3d\engine\bin\.cache\dev\editor\bundled\index.js:241679:16)
    at SkinningModel.initSubModel (C:\ProgramData\cocos\editors\Creator\3.8.7\resources\resources\3d\engine\bin\.cache\dev\editor\bundled\index.js:113885:24)
    at SkinningModel.initSubModel (C:\ProgramData\cocos\editors\Creator\3.8.7\resources\resources\3d\engine\bin\.cache\dev\editor\bundled\index.js:114249:17)
    at SkinnedMeshRenderer._updateModelParams (C:\ProgramData\cocos\editors\Creator\3.8.7\resources\resources\3d\engine\bin\.cache\dev\editor\bundled\index.js:110770:29)
    at SkinnedMeshRenderer._updateModelParams (C:\ProgramData\cocos\editors\Creator\3.8.7\resources\resources\3d\engine\bin\.cache\dev\editor\bundled\index.js:119252:17)
    at SkinnedMeshRenderer._updateModels (C:\ProgramData\cocos\editors\Creator\3.8.7\resources\resources\3d\engine\bin\.cache\dev\editor\bundled\index.js:110674:18)
    at SkinnedMeshRenderer.onLoad (C:\ProgramData\cocos\editors\Creator\3.8.7\resources\resources\3d\engine\bin\.cache\dev\editor\bundled\index.js:110329:16)
    at SkinnedMeshRenderer.onLoad (C:\ProgramData\cocos\editors\Creator\3.8.7\resources\resources\3d\engine\bin\.cache\dev\editor\bundled\index.js:119204:17)
    at eval (C:\ProgramData\cocos\editors\Creator\3.8.7\resources\resources\3d\engine\bin\.cache\dev\editor\bundled\index.js:48429:132)
    at OneOffInvoker.eval [as _invoke] (C:\ProgramData\cocos\editors\Creator\3.8.7\resources\resources\3d\engine\bin\.cache\dev\editor\bundled\index.js:46343:9)
    at OneOffInvoker.invoke (C:\ProgramData\cocos\editors\Creator\3.8.7\resources\resources\3d\engine\bin\.cache\dev\editor\bundled\index.js:46462:18)
    at NodeActivator.activateNode (C:\ProgramData\cocos\editors\Creator\3.8.7\resources\resources\3d\engine\bin\.cache\dev\editor\bundled\index.js:48480:27)
    at Node._onHierarchyChangedBase (C:\ProgramData\cocos\editors\Creator\3.8.7\resources\resources\3d\engine\bin\.cache\dev\editor\bundled\index.js:51243:46)
    at Node._onHierarchyChanged (C:\ProgramData\cocos\editors\Creator\3.8.7\resources\resources\3d\engine\bin\.cache\dev\editor\bundled\index.js:51809:16)
    at Node.setParent (C:\ProgramData\cocos\editors\Creator\3.8.7\resources\resources\3d\engine\bin\.cache\dev\editor\bundled\index.js:50331:16)
    at Scene.addChild (C:\ProgramData\cocos\editors\Creator\3.8.7\resources\resources\3d\engine\bin\.cache\dev\editor\bundled\index.js:50412:17)
    at PrefabPreview.setPrefab (C:\ProgramData\cocos\editors\Creator\3.8.7\resources\app.asar\builtin\scene\dist\script\3d\manager\preview\prefab-preview\index.ccc:1:1495)
2026-6-12 11:40:27 - warn: [Scene] Instancing/Batching enabled for non-baked skinning model or used AnimationController 'Role_0/zhujue_skin/zhujue', this may result in unexpected rendering artifacts. Consider turning it off in the material if you do not intend to do this.Error: [Scene] Instancing/Batching enabled for non-baked skinning model or used AnimationController 'Role_0/zhujue_skin/zhujue', this may result in unexpected rendering artifacts. Consider turning it off in the material if you do not intend to do this.
    at console.warn (C:\ProgramData\cocos\editors\Creator\3.8.7\resources\app.asar\node_modules\@sentry\core\src\utils-hoist\instrument\console.ts:40:14)
    at warn (C:\ProgramData\cocos\editors\Creator\3.8.7\resources\resources\3d\engine\bin\.cache\dev\editor\bundled\index.js:165229:12)
    at warnID (C:\ProgramData\cocos\editors\Creator\3.8.7\resources\resources\3d\engine\bin\.cache\dev\editor\bundled\index.js:165417:5)
    at SkinningModel._updateInstancedAttributes (C:\ProgramData\cocos\editors\Creator\3.8.7\resources\resources\3d\engine\bin\.cache\dev\editor\bundled\index.js:114285:13)
    at SkinningModel._updateAttributesAndBinding (C:\ProgramData\cocos\editors\Creator\3.8.7\resources\resources\3d\engine\bin\.cache\dev\editor\bundled\index.js:242018:16)
    at SkinningModel.initSubModel (C:\ProgramData\cocos\editors\Creator\3.8.7\resources\resources\3d\engine\bin\.cache\dev\editor\bundled\index.js:241679:16)
    at SkinningModel.initSubModel (C:\ProgramData\cocos\editors\Creator\3.8.7\resources\resources\3d\engine\bin\.cache\dev\editor\bundled\index.js:113885:24)
    at SkinningModel.initSubModel (C:\ProgramData\cocos\editors\Creator\3.8.7\resources\resources\3d\engine\bin\.cache\dev\editor\bundled\index.js:114249:17)
    at SkinnedMeshRenderer._updateModelParams (C:\ProgramData\cocos\editors\Creator\3.8.7\resources\resources\3d\engine\bin\.cache\dev\editor\bundled\index.js:110770:29)
    at SkinnedMeshRenderer._updateModelParams (C:\ProgramData\cocos\editors\Creator\3.8.7\resources\resources\3d\engine\bin\.cache\dev\editor\bundled\index.js:119252:17)
    at SkinnedMeshRenderer._updateModels (C:\ProgramData\cocos\editors\Creator\3.8.7\resources\resources\3d\engine\bin\.cache\dev\editor\bundled\index.js:110674:18)
    at SkinnedMeshRenderer.setUseBakedAnimation (C:\ProgramData\cocos\editors\Creator\3.8.7\resources\resources\3d\engine\bin\.cache\dev\editor\bundled\index.js:119235:18)
    at SkeletalAnimation.notifySkinnedMeshAdded (C:\ProgramData\cocos\editors\Creator\3.8.7\resources\resources\3d\engine\bin\.cache\dev\editor\bundled\index.js:118291:31)
    at SkinnedMeshRenderer._tryBindAnimation (C:\ProgramData\cocos\editors\Creator\3.8.7\resources\resources\3d\engine\bin\.cache\dev\editor\bundled\index.js:119273:23)
    at SkinnedMeshRenderer.onLoad (C:\ProgramData\cocos\editors\Creator\3.8.7\resources\resources\3d\engine\bin\.cache\dev\editor\bundled\index.js:119205:16)
    at eval (C:\ProgramData\cocos\editors\Creator\3.8.7\resources\resources\3d\engine\bin\.cache\dev\editor\bundled\index.js:48429:132)
    at OneOffInvoker.eval [as _invoke] (C:\ProgramData\cocos\editors\Creator\3.8.7\resources\resources\3d\engine\bin\.cache\dev\editor\bundled\index.js:46343:9)
    at OneOffInvoker.invoke (C:\ProgramData\cocos\editors\Creator\3.8.7\resources\resources\3d\engine\bin\.cache\dev\editor\bundled\index.js:46462:18)
    at NodeActivator.activateNode (C:\ProgramData\cocos\editors\Creator\3.8.7\resources\resources\3d\engine\bin\.cache\dev\editor\bundled\index.js:48480:27)
    at Node._onHierarchyChangedBase (C:\ProgramData\cocos\editors\Creator\3.8.7\resources\resources\3d\engine\bin\.cache\dev\editor\bundled\index.js:51243:46)
    at Node._onHierarchyChanged (C:\ProgramData\cocos\editors\Creator\3.8.7\resources\resources\3d\engine\bin\.cache\dev\editor\bundled\index.js:51809:16)
    at Node.setParent (C:\ProgramData\cocos\editors\Creator\3.8.7\resources\resources\3d\engine\bin\.cache\dev\editor\bundled\index.js:50331:16)
    at Scene.addChild (C:\ProgramData\cocos\editors\Creator\3.8.7\resources\resources\3d\engine\bin\.cache\dev\editor\bundled\index.js:50412:17)
    at PrefabPreview.setPrefab (C:\ProgramData\cocos\editors\Creator\3.8.7\resources\app.asar\builtin\scene\dist\script\3d\manager\preview\prefab-preview\index.ccc:1:1495)
2026-6-12 11:40:45 - warn: [Scene] Instancing/Batching enabled for non-baked skinning model or used AnimationController 'New Canvas/Monster_boss/boos_02_skin_1/boss_01', this may result in unexpected rendering artifacts. Consider turning it off in the material if you do not intend to do this.Error: [Scene] Instancing/Batching enabled for non-baked skinning model or used AnimationController 'New Canvas/Monster_boss/boos_02_skin_1/boss_01', this may result in unexpected rendering artifacts. Consider turning it off in the material if you do not intend to do this.
    at console.warn (C:\ProgramData\cocos\editors\Creator\3.8.7\resources\app.asar\node_modules\@sentry\core\src\utils-hoist\instrument\console.ts:40:14)
    at warn (C:\ProgramData\cocos\editors\Creator\3.8.7\resources\resources\3d\engine\bin\.cache\dev\editor\bundled\index.js:165229:12)
    at warnID (C:\ProgramData\cocos\editors\Creator\3.8.7\resources\resources\3d\engine\bin\.cache\dev\editor\bundled\index.js:165417:5)
    at SkinningModel._updateInstancedAttributes (C:\ProgramData\cocos\editors\Creator\3.8.7\resources\resources\3d\engine\bin\.cache\dev\editor\bundled\index.js:114285:13)
    at SkinningModel._updateAttributesAndBinding (C:\ProgramData\cocos\editors\Creator\3.8.7\resources\resources\3d\engine\bin\.cache\dev\editor\bundled\index.js:242018:16)
    at SkinningModel.initSubModel (C:\ProgramData\cocos\editors\Creator\3.8.7\resources\resources\3d\engine\bin\.cache\dev\editor\bundled\index.js:241679:16)
    at SkinningModel.initSubModel (C:\ProgramData\cocos\editors\Creator\3.8.7\resources\resources\3d\engine\bin\.cache\dev\editor\bundled\index.js:113885:24)
    at SkinningModel.initSubModel (C:\ProgramData\cocos\editors\Creator\3.8.7\resources\resources\3d\engine\bin\.cache\dev\editor\bundled\index.js:114249:17)
    at SkinnedMeshRenderer._updateModelParams (C:\ProgramData\cocos\editors\Creator\3.8.7\resources\resources\3d\engine\bin\.cache\dev\editor\bundled\index.js:110770:29)
    at SkinnedMeshRenderer._updateModelParams (C:\ProgramData\cocos\editors\Creator\3.8.7\resources\resources\3d\engine\bin\.cache\dev\editor\bundled\index.js:119252:17)
    at SkinnedMeshRenderer._updateModels (C:\ProgramData\cocos\editors\Creator\3.8.7\resources\resources\3d\engine\bin\.cache\dev\editor\bundled\index.js:110674:18)
    at SkinnedMeshRenderer.onLoad (C:\ProgramData\cocos\editors\Creator\3.8.7\resources\resources\3d\engine\bin\.cache\dev\editor\bundled\index.js:110329:16)
    at SkinnedMeshRenderer.onLoad (C:\ProgramData\cocos\editors\Creator\3.8.7\resources\resources\3d\engine\bin\.cache\dev\editor\bundled\index.js:119204:17)
    at eval (C:\ProgramData\cocos\editors\Creator\3.8.7\resources\resources\3d\engine\bin\.cache\dev\editor\bundled\index.js:48429:132)
    at OneOffInvoker.eval [as _invoke] (C:\ProgramData\cocos\editors\Creator\3.8.7\resources\resources\3d\engine\bin\.cache\dev\editor\bundled\index.js:46343:9)
    at OneOffInvoker.invoke (C:\ProgramData\cocos\editors\Creator\3.8.7\resources\resources\3d\engine\bin\.cache\dev\editor\bundled\index.js:46462:18)
    at NodeActivator.activateNode (C:\ProgramData\cocos\editors\Creator\3.8.7\resources\resources\3d\engine\bin\.cache\dev\editor\bundled\index.js:48480:27)
    at Node._onHierarchyChangedBase (C:\ProgramData\cocos\editors\Creator\3.8.7\resources\resources\3d\engine\bin\.cache\dev\editor\bundled\index.js:51243:46)
    at Node._onHierarchyChanged (C:\ProgramData\cocos\editors\Creator\3.8.7\resources\resources\3d\engine\bin\.cache\dev\editor\bundled\index.js:51809:16)
    at Node.setParent (C:\ProgramData\cocos\editors\Creator\3.8.7\resources\resources\3d\engine\bin\.cache\dev\editor\bundled\index.js:50331:16)
    at Node.addChild (C:\ProgramData\cocos\editors\Creator\3.8.7\resources\resources\3d\engine\bin\.cache\dev\editor\bundled\index.js:50412:17)
    at PrefabPreview.setPrefab (C:\ProgramData\cocos\editors\Creator\3.8.7\resources\app.asar\builtin\scene\dist\script\3d\manager\preview\prefab-preview\index.ccc:1:1495)
2026-6-12 11:40:45 - warn: [Scene] Instancing/Batching enabled for non-baked skinning model or used AnimationController 'New Canvas/Monster_boss/boos_02_skin_1/boss_01', this may result in unexpected rendering artifacts. Consider turning it off in the material if you do not intend to do this.Error: [Scene] Instancing/Batching enabled for non-baked skinning model or used AnimationController 'New Canvas/Monster_boss/boos_02_skin_1/boss_01', this may result in unexpected rendering artifacts. Consider turning it off in the material if you do not intend to do this.
    at console.warn (C:\ProgramData\cocos\editors\Creator\3.8.7\resources\app.asar\node_modules\@sentry\core\src\utils-hoist\instrument\console.ts:40:14)
    at warn (C:\ProgramData\cocos\editors\Creator\3.8.7\resources\resources\3d\engine\bin\.cache\dev\editor\bundled\index.js:165229:12)
    at warnID (C:\ProgramData\cocos\editors\Creator\3.8.7\resources\resources\3d\engine\bin\.cache\dev\editor\bundled\index.js:165417:5)
    at SkinningModel._updateInstancedAttributes (C:\ProgramData\cocos\editors\Creator\3.8.7\resources\resources\3d\engine\bin\.cache\dev\editor\bundled\index.js:114285:13)
    at SkinningModel._updateAttributesAndBinding (C:\ProgramData\cocos\editors\Creator\3.8.7\resources\resources\3d\engine\bin\.cache\dev\editor\bundled\index.js:242018:16)
    at SkinningModel.initSubModel (C:\ProgramData\cocos\editors\Creator\3.8.7\resources\resources\3d\engine\bin\.cache\dev\editor\bundled\index.js:241679:16)
    at SkinningModel.initSubModel (C:\ProgramData\cocos\editors\Creator\3.8.7\resources\resources\3d\engine\bin\.cache\dev\editor\bundled\index.js:113885:24)
    at SkinningModel.initSubModel (C:\ProgramData\cocos\editors\Creator\3.8.7\resources\resources\3d\engine\bin\.cache\dev\editor\bundled\index.js:114249:17)
    at SkinnedMeshRenderer._updateModelParams (C:\ProgramData\cocos\editors\Creator\3.8.7\resources\resources\3d\engine\bin\.cache\dev\editor\bundled\index.js:110770:29)
    at SkinnedMeshRenderer._updateModelParams (C:\ProgramData\cocos\editors\Creator\3.8.7\resources\resources\3d\engine\bin\.cache\dev\editor\bundled\index.js:119252:17)
    at SkinnedMeshRenderer._updateModels (C:\ProgramData\cocos\editors\Creator\3.8.7\resources\resources\3d\engine\bin\.cache\dev\editor\bundled\index.js:110674:18)
    at SkinnedMeshRenderer.setUseBakedAnimation (C:\ProgramData\cocos\editors\Creator\3.8.7\resources\resources\3d\engine\bin\.cache\dev\editor\bundled\index.js:119235:18)
    at SkeletalAnimation.notifySkinnedMeshAdded (C:\ProgramData\cocos\editors\Creator\3.8.7\resources\resources\3d\engine\bin\.cache\dev\editor\bundled\index.js:118291:31)
    at SkinnedMeshRenderer._tryBindAnimation (C:\ProgramData\cocos\editors\Creator\3.8.7\resources\resources\3d\engine\bin\.cache\dev\editor\bundled\index.js:119273:23)
    at SkinnedMeshRenderer.onLoad (C:\ProgramData\cocos\editors\Creator\3.8.7\resources\resources\3d\engine\bin\.cache\dev\editor\bundled\index.js:119205:16)
    at eval (C:\ProgramData\cocos\editors\Creator\3.8.7\resources\resources\3d\engine\bin\.cache\dev\editor\bundled\index.js:48429:132)
    at OneOffInvoker.eval [as _invoke] (C:\ProgramData\cocos\editors\Creator\3.8.7\resources\resources\3d\engine\bin\.cache\dev\editor\bundled\index.js:46343:9)
    at OneOffInvoker.invoke (C:\ProgramData\cocos\editors\Creator\3.8.7\resources\resources\3d\engine\bin\.cache\dev\editor\bundled\index.js:46462:18)
    at NodeActivator.activateNode (C:\ProgramData\cocos\editors\Creator\3.8.7\resources\resources\3d\engine\bin\.cache\dev\editor\bundled\index.js:48480:27)
    at Node._onHierarchyChangedBase (C:\ProgramData\cocos\editors\Creator\3.8.7\resources\resources\3d\engine\bin\.cache\dev\editor\bundled\index.js:51243:46)
    at Node._onHierarchyChanged (C:\ProgramData\cocos\editors\Creator\3.8.7\resources\resources\3d\engine\bin\.cache\dev\editor\bundled\index.js:51809:16)
    at Node.setParent (C:\ProgramData\cocos\editors\Creator\3.8.7\resources\resources\3d\engine\bin\.cache\dev\editor\bundled\index.js:50331:16)
    at Node.addChild (C:\ProgramData\cocos\editors\Creator\3.8.7\resources\resources\3d\engine\bin\.cache\dev\editor\bundled\index.js:50412:17)
    at PrefabPreview.setPrefab (C:\ProgramData\cocos\editors\Creator\3.8.7\resources\app.asar\builtin\scene\dist\script\3d\manager\preview\prefab-preview\index.ccc:1:1495)
2026-6-12 11:40:46 - warn: [Scene] Instancing/Batching enabled for non-baked skinning model or used AnimationController 'should_hide_in_hierarchy/Monster_boss/boos_02_skin_1/boss_01', this may result in unexpected rendering artifacts. Consider turning it off in the material if you do not intend to do this.Error: [Scene] Instancing/Batching enabled for non-baked skinning model or used AnimationController 'should_hide_in_hierarchy/Monster_boss/boos_02_skin_1/boss_01', this may result in unexpected rendering artifacts. Consider turning it off in the material if you do not intend to do this.
    at console.warn (C:\ProgramData\cocos\editors\Creator\3.8.7\resources\app.asar\node_modules\@sentry\core\src\utils-hoist\instrument\console.ts:40:14)
    at warn (C:\ProgramData\cocos\editors\Creator\3.8.7\resources\resources\3d\engine\bin\.cache\dev\editor\bundled\index.js:165229:12)
    at warnID (C:\ProgramData\cocos\editors\Creator\3.8.7\resources\resources\3d\engine\bin\.cache\dev\editor\bundled\index.js:165417:5)
    at SkinningModel._updateInstancedAttributes (C:\ProgramData\cocos\editors\Creator\3.8.7\resources\resources\3d\engine\bin\.cache\dev\editor\bundled\index.js:114285:13)
    at SkinningModel._updateAttributesAndBinding (C:\ProgramData\cocos\editors\Creator\3.8.7\resources\resources\3d\engine\bin\.cache\dev\editor\bundled\index.js:242018:16)
    at SkinningModel.initSubModel (C:\ProgramData\cocos\editors\Creator\3.8.7\resources\resources\3d\engine\bin\.cache\dev\editor\bundled\index.js:241679:16)
    at SkinningModel.initSubModel (C:\ProgramData\cocos\editors\Creator\3.8.7\resources\resources\3d\engine\bin\.cache\dev\editor\bundled\index.js:113885:24)
    at SkinningModel.initSubModel (C:\ProgramData\cocos\editors\Creator\3.8.7\resources\resources\3d\engine\bin\.cache\dev\editor\bundled\index.js:114249:17)
    at SkinnedMeshRenderer._updateModelParams (C:\ProgramData\cocos\editors\Creator\3.8.7\resources\resources\3d\engine\bin\.cache\dev\editor\bundled\index.js:110770:29)
    at SkinnedMeshRenderer._updateModelParams (C:\ProgramData\cocos\editors\Creator\3.8.7\resources\resources\3d\engine\bin\.cache\dev\editor\bundled\index.js:119252:17)
    at SkinnedMeshRenderer._updateModels (C:\ProgramData\cocos\editors\Creator\3.8.7\resources\resources\3d\engine\bin\.cache\dev\editor\bundled\index.js:110674:18)
    at SkinnedMeshRenderer.onLoad (C:\ProgramData\cocos\editors\Creator\3.8.7\resources\resources\3d\engine\bin\.cache\dev\editor\bundled\index.js:110329:16)
    at SkinnedMeshRenderer.onLoad (C:\ProgramData\cocos\editors\Creator\3.8.7\resources\resources\3d\engine\bin\.cache\dev\editor\bundled\index.js:119204:17)
    at eval (C:\ProgramData\cocos\editors\Creator\3.8.7\resources\resources\3d\engine\bin\.cache\dev\editor\bundled\index.js:48429:132)
    at OneOffInvoker.eval [as _invoke] (C:\ProgramData\cocos\editors\Creator\3.8.7\resources\resources\3d\engine\bin\.cache\dev\editor\bundled\index.js:46343:9)
    at OneOffInvoker.invoke (C:\ProgramData\cocos\editors\Creator\3.8.7\resources\resources\3d\engine\bin\.cache\dev\editor\bundled\index.js:46462:18)
    at NodeActivator.activateNode (C:\ProgramData\cocos\editors\Creator\3.8.7\resources\resources\3d\engine\bin\.cache\dev\editor\bundled\index.js:48480:27)
    at Scene._activate (C:\ProgramData\cocos\editors\Creator\3.8.7\resources\resources\3d\engine\bin\.cache\dev\editor\bundled\index.js:56317:44)
    at Director.runSceneImmediate (C:\ProgramData\cocos\editors\Creator\3.8.7\resources\resources\3d\engine\bin\.cache\dev\editor\bundled\index.js:88394:17)
    at C:\ProgramData\cocos\editors\Creator\3.8.7\resources\app.asar\builtin\scene\dist\script\3d\manager\scene\utils.ccc:1:1112
    at new Promise (<anonymous>)
    at SceneUtil.loadSceneByNode (C:\ProgramData\cocos\editors\Creator\3.8.7\resources\app.asar\builtin\scene\dist\script\3d\manager\scene\utils.ccc:1:800)
    at PrefabSceneProxy._loadPrefabById (C:\ProgramData\cocos\editors\Creator\3.8.7\resources\app.asar\builtin\scene\dist\script\3d\manager\scene\proxy\prefab-scene-proxy.ccc:1:2613)
    at PrefabSceneProxy.open (C:\ProgramData\cocos\editors\Creator\3.8.7\resources\app.asar\builtin\scene\dist\script\3d\manager\scene\proxy\prefab-scene-proxy.ccc:1:1055)
    at PrefabSceneFacade.openScene (C:\ProgramData\cocos\editors\Creator\3.8.7\resources\app.asar\builtin\scene\dist\script\3d\facade\prefab-scene-facade.ccc:1:1422)
    at SceneFacadeManager.openScene (C:\ProgramData\cocos\editors\Creator\3.8.7\resources\app.asar\builtin\scene\dist\script\3d\facade\scene-facade-manager.ccc:1:7766)
2026-6-12 11:40:46 - warn: [Scene] Instancing/Batching enabled for non-baked skinning model or used AnimationController 'should_hide_in_hierarchy/Monster_boss/boos_02_skin_1/boss_01', this may result in unexpected rendering artifacts. Consider turning it off in the material if you do not intend to do this.Error: [Scene] Instancing/Batching enabled for non-baked skinning model or used AnimationController 'should_hide_in_hierarchy/Monster_boss/boos_02_skin_1/boss_01', this may result in unexpected rendering artifacts. Consider turning it off in the material if you do not intend to do this.
    at console.warn (C:\ProgramData\cocos\editors\Creator\3.8.7\resources\app.asar\node_modules\@sentry\core\src\utils-hoist\instrument\console.ts:40:14)
    at warn (C:\ProgramData\cocos\editors\Creator\3.8.7\resources\resources\3d\engine\bin\.cache\dev\editor\bundled\index.js:165229:12)
    at warnID (C:\ProgramData\cocos\editors\Creator\3.8.7\resources\resources\3d\engine\bin\.cache\dev\editor\bundled\index.js:165417:5)
    at SkinningModel._updateInstancedAttributes (C:\ProgramData\cocos\editors\Creator\3.8.7\resources\resources\3d\engine\bin\.cache\dev\editor\bundled\index.js:114285:13)
    at SkinningModel._updateAttributesAndBinding (C:\ProgramData\cocos\editors\Creator\3.8.7\resources\resources\3d\engine\bin\.cache\dev\editor\bundled\index.js:242018:16)
    at SkinningModel.initSubModel (C:\ProgramData\cocos\editors\Creator\3.8.7\resources\resources\3d\engine\bin\.cache\dev\editor\bundled\index.js:241679:16)
    at SkinningModel.initSubModel (C:\ProgramData\cocos\editors\Creator\3.8.7\resources\resources\3d\engine\bin\.cache\dev\editor\bundled\index.js:113885:24)
    at SkinningModel.initSubModel (C:\ProgramData\cocos\editors\Creator\3.8.7\resources\resources\3d\engine\bin\.cache\dev\editor\bundled\index.js:114249:17)
    at SkinnedMeshRenderer._updateModelParams (C:\ProgramData\cocos\editors\Creator\3.8.7\resources\resources\3d\engine\bin\.cache\dev\editor\bundled\index.js:110770:29)
    at SkinnedMeshRenderer._updateModelParams (C:\ProgramData\cocos\editors\Creator\3.8.7\resources\resources\3d\engine\bin\.cache\dev\editor\bundled\index.js:119252:17)
    at SkinnedMeshRenderer._updateModels (C:\ProgramData\cocos\editors\Creator\3.8.7\resources\resources\3d\engine\bin\.cache\dev\editor\bundled\index.js:110674:18)
    at SkinnedMeshRenderer.setUseBakedAnimation (C:\ProgramData\cocos\editors\Creator\3.8.7\resources\resources\3d\engine\bin\.cache\dev\editor\bundled\index.js:119235:18)
    at SkeletalAnimation.notifySkinnedMeshAdded (C:\ProgramData\cocos\editors\Creator\3.8.7\resources\resources\3d\engine\bin\.cache\dev\editor\bundled\index.js:118291:31)
    at SkinnedMeshRenderer._tryBindAnimation (C:\ProgramData\cocos\editors\Creator\3.8.7\resources\resources\3d\engine\bin\.cache\dev\editor\bundled\index.js:119273:23)
    at SkinnedMeshRenderer.onLoad (C:\ProgramData\cocos\editors\Creator\3.8.7\resources\resources\3d\engine\bin\.cache\dev\editor\bundled\index.js:119205:16)
    at eval (C:\ProgramData\cocos\editors\Creator\3.8.7\resources\resources\3d\engine\bin\.cache\dev\editor\bundled\index.js:48429:132)
    at OneOffInvoker.eval [as _invoke] (C:\ProgramData\cocos\editors\Creator\3.8.7\resources\resources\3d\engine\bin\.cache\dev\editor\bundled\index.js:46343:9)
    at OneOffInvoker.invoke (C:\ProgramData\cocos\editors\Creator\3.8.7\resources\resources\3d\engine\bin\.cache\dev\editor\bundled\index.js:46462:18)
    at NodeActivator.activateNode (C:\ProgramData\cocos\editors\Creator\3.8.7\resources\resources\3d\engine\bin\.cache\dev\editor\bundled\index.js:48480:27)
    at Scene._activate (C:\ProgramData\cocos\editors\Creator\3.8.7\resources\resources\3d\engine\bin\.cache\dev\editor\bundled\index.js:56317:44)
    at Director.runSceneImmediate (C:\ProgramData\cocos\editors\Creator\3.8.7\resources\resources\3d\engine\bin\.cache\dev\editor\bundled\index.js:88394:17)
    at C:\ProgramData\cocos\editors\Creator\3.8.7\resources\app.asar\builtin\scene\dist\script\3d\manager\scene\utils.ccc:1:1112
    at new Promise (<anonymous>)
    at SceneUtil.loadSceneByNode (C:\ProgramData\cocos\editors\Creator\3.8.7\resources\app.asar\builtin\scene\dist\script\3d\manager\scene\utils.ccc:1:800)
    at PrefabSceneProxy._loadPrefabById (C:\ProgramData\cocos\editors\Creator\3.8.7\resources\app.asar\builtin\scene\dist\script\3d\manager\scene\proxy\prefab-scene-proxy.ccc:1:2613)
    at PrefabSceneProxy.open (C:\ProgramData\cocos\editors\Creator\3.8.7\resources\app.asar\builtin\scene\dist\script\3d\manager\scene\proxy\prefab-scene-proxy.ccc:1:1055)
    at PrefabSceneFacade.openScene (C:\ProgramData\cocos\editors\Creator\3.8.7\resources\app.asar\builtin\scene\dist\script\3d\facade\prefab-scene-facade.ccc:1:1422)
    at SceneFacadeManager.openScene (C:\ProgramData\cocos\editors\Creator\3.8.7\resources\app.asar\builtin\scene\dist\script\3d\facade\scene-facade-manager.ccc:1:7766)
2026-6-12 11:40:46 - warn: [Scene] Instancing/Batching enabled for non-baked skinning model or used AnimationController 'New Canvas/Monster_boss/boos_02_skin_1/boss_01', this may result in unexpected rendering artifacts. Consider turning it off in the material if you do not intend to do this.Error: [Scene] Instancing/Batching enabled for non-baked skinning model or used AnimationController 'New Canvas/Monster_boss/boos_02_skin_1/boss_01', this may result in unexpected rendering artifacts. Consider turning it off in the material if you do not intend to do this.
    at console.warn (C:\ProgramData\cocos\editors\Creator\3.8.7\resources\app.asar\node_modules\@sentry\core\src\utils-hoist\instrument\console.ts:40:14)
    at warn (C:\ProgramData\cocos\editors\Creator\3.8.7\resources\resources\3d\engine\bin\.cache\dev\editor\bundled\index.js:165229:12)
    at warnID (C:\ProgramData\cocos\editors\Creator\3.8.7\resources\resources\3d\engine\bin\.cache\dev\editor\bundled\index.js:165417:5)
    at SkinningModel._updateInstancedAttributes (C:\ProgramData\cocos\editors\Creator\3.8.7\resources\resources\3d\engine\bin\.cache\dev\editor\bundled\index.js:114285:13)
    at SkinningModel._updateAttributesAndBinding (C:\ProgramData\cocos\editors\Creator\3.8.7\resources\resources\3d\engine\bin\.cache\dev\editor\bundled\index.js:242018:16)
    at SkinningModel.initSubModel (C:\ProgramData\cocos\editors\Creator\3.8.7\resources\resources\3d\engine\bin\.cache\dev\editor\bundled\index.js:241679:16)
    at SkinningModel.initSubModel (C:\ProgramData\cocos\editors\Creator\3.8.7\resources\resources\3d\engine\bin\.cache\dev\editor\bundled\index.js:113885:24)
    at SkinningModel.initSubModel (C:\ProgramData\cocos\editors\Creator\3.8.7\resources\resources\3d\engine\bin\.cache\dev\editor\bundled\index.js:114249:17)
    at SkinnedMeshRenderer._updateModelParams (C:\ProgramData\cocos\editors\Creator\3.8.7\resources\resources\3d\engine\bin\.cache\dev\editor\bundled\index.js:110770:29)
    at SkinnedMeshRenderer._updateModelParams (C:\ProgramData\cocos\editors\Creator\3.8.7\resources\resources\3d\engine\bin\.cache\dev\editor\bundled\index.js:119252:17)
    at SkinnedMeshRenderer._updateModels (C:\ProgramData\cocos\editors\Creator\3.8.7\resources\resources\3d\engine\bin\.cache\dev\editor\bundled\index.js:110674:18)
    at SkinnedMeshRenderer.onLoad (C:\ProgramData\cocos\editors\Creator\3.8.7\resources\resources\3d\engine\bin\.cache\dev\editor\bundled\index.js:110329:16)
    at SkinnedMeshRenderer.onLoad (C:\ProgramData\cocos\editors\Creator\3.8.7\resources\resources\3d\engine\bin\.cache\dev\editor\bundled\index.js:119204:17)
    at eval (C:\ProgramData\cocos\editors\Creator\3.8.7\resources\resources\3d\engine\bin\.cache\dev\editor\bundled\index.js:48429:132)
    at OneOffInvoker.eval [as _invoke] (C:\ProgramData\cocos\editors\Creator\3.8.7\resources\resources\3d\engine\bin\.cache\dev\editor\bundled\index.js:46343:9)
    at OneOffInvoker.invoke (C:\ProgramData\cocos\editors\Creator\3.8.7\resources\resources\3d\engine\bin\.cache\dev\editor\bundled\index.js:46462:18)
    at NodeActivator.activateNode (C:\ProgramData\cocos\editors\Creator\3.8.7\resources\resources\3d\engine\bin\.cache\dev\editor\bundled\index.js:48480:27)
    at Node._onHierarchyChangedBase (C:\ProgramData\cocos\editors\Creator\3.8.7\resources\resources\3d\engine\bin\.cache\dev\editor\bundled\index.js:51243:46)
    at Node._onHierarchyChanged (C:\ProgramData\cocos\editors\Creator\3.8.7\resources\resources\3d\engine\bin\.cache\dev\editor\bundled\index.js:51809:16)
    at Node.setParent (C:\ProgramData\cocos\editors\Creator\3.8.7\resources\resources\3d\engine\bin\.cache\dev\editor\bundled\index.js:50331:16)
    at Node.addChild (C:\ProgramData\cocos\editors\Creator\3.8.7\resources\resources\3d\engine\bin\.cache\dev\editor\bundled\index.js:50412:17)
    at PrefabPreview.setPrefab (C:\ProgramData\cocos\editors\Creator\3.8.7\resources\app.asar\builtin\scene\dist\script\3d\manager\preview\prefab-preview\index.ccc:1:1495)
2026-6-12 11:40:46 - warn: [Scene] Instancing/Batching enabled for non-baked skinning model or used AnimationController 'New Canvas/Monster_boss/boos_02_skin_1/boss_01', this may result in unexpected rendering artifacts. Consider turning it off in the material if you do not intend to do this.Error: [Scene] Instancing/Batching enabled for non-baked skinning model or used AnimationController 'New Canvas/Monster_boss/boos_02_skin_1/boss_01', this may result in unexpected rendering artifacts. Consider turning it off in the material if you do not intend to do this.
    at console.warn (C:\ProgramData\cocos\editors\Creator\3.8.7\resources\app.asar\node_modules\@sentry\core\src\utils-hoist\instrument\console.ts:40:14)
    at warn (C:\ProgramData\cocos\editors\Creator\3.8.7\resources\resources\3d\engine\bin\.cache\dev\editor\bundled\index.js:165229:12)
    at warnID (C:\ProgramData\cocos\editors\Creator\3.8.7\resources\resources\3d\engine\bin\.cache\dev\editor\bundled\index.js:165417:5)
    at SkinningModel._updateInstancedAttributes (C:\ProgramData\cocos\editors\Creator\3.8.7\resources\resources\3d\engine\bin\.cache\dev\editor\bundled\index.js:114285:13)
    at SkinningModel._updateAttributesAndBinding (C:\ProgramData\cocos\editors\Creator\3.8.7\resources\resources\3d\engine\bin\.cache\dev\editor\bundled\index.js:242018:16)
    at SkinningModel.initSubModel (C:\ProgramData\cocos\editors\Creator\3.8.7\resources\resources\3d\engine\bin\.cache\dev\editor\bundled\index.js:241679:16)
    at SkinningModel.initSubModel (C:\ProgramData\cocos\editors\Creator\3.8.7\resources\resources\3d\engine\bin\.cache\dev\editor\bundled\index.js:113885:24)
    at SkinningModel.initSubModel (C:\ProgramData\cocos\editors\Creator\3.8.7\resources\resources\3d\engine\bin\.cache\dev\editor\bundled\index.js:114249:17)
    at SkinnedMeshRenderer._updateModelParams (C:\ProgramData\cocos\editors\Creator\3.8.7\resources\resources\3d\engine\bin\.cache\dev\editor\bundled\index.js:110770:29)
    at SkinnedMeshRenderer._updateModelParams (C:\ProgramData\cocos\editors\Creator\3.8.7\resources\resources\3d\engine\bin\.cache\dev\editor\bundled\index.js:119252:17)
    at SkinnedMeshRenderer._updateModels (C:\ProgramData\cocos\editors\Creator\3.8.7\resources\resources\3d\engine\bin\.cache\dev\editor\bundled\index.js:110674:18)
    at SkinnedMeshRenderer.setUseBakedAnimation (C:\ProgramData\cocos\editors\Creator\3.8.7\resources\resources\3d\engine\bin\.cache\dev\editor\bundled\index.js:119235:18)
    at SkeletalAnimation.notifySkinnedMeshAdded (C:\ProgramData\cocos\editors\Creator\3.8.7\resources\resources\3d\engine\bin\.cache\dev\editor\bundled\index.js:118291:31)
    at SkinnedMeshRenderer._tryBindAnimation (C:\ProgramData\cocos\editors\Creator\3.8.7\resources\resources\3d\engine\bin\.cache\dev\editor\bundled\index.js:119273:23)
    at SkinnedMeshRenderer.onLoad (C:\ProgramData\cocos\editors\Creator\3.8.7\resources\resources\3d\engine\bin\.cache\dev\editor\bundled\index.js:119205:16)
    at eval (C:\ProgramData\cocos\editors\Creator\3.8.7\resources\resources\3d\engine\bin\.cache\dev\editor\bundled\index.js:48429:132)
    at OneOffInvoker.eval [as _invoke] (C:\ProgramData\cocos\editors\Creator\3.8.7\resources\resources\3d\engine\bin\.cache\dev\editor\bundled\index.js:46343:9)
    at OneOffInvoker.invoke (C:\ProgramData\cocos\editors\Creator\3.8.7\resources\resources\3d\engine\bin\.cache\dev\editor\bundled\index.js:46462:18)
    at NodeActivator.activateNode (C:\ProgramData\cocos\editors\Creator\3.8.7\resources\resources\3d\engine\bin\.cache\dev\editor\bundled\index.js:48480:27)
    at Node._onHierarchyChangedBase (C:\ProgramData\cocos\editors\Creator\3.8.7\resources\resources\3d\engine\bin\.cache\dev\editor\bundled\index.js:51243:46)
    at Node._onHierarchyChanged (C:\ProgramData\cocos\editors\Creator\3.8.7\resources\resources\3d\engine\bin\.cache\dev\editor\bundled\index.js:51809:16)
    at Node.setParent (C:\ProgramData\cocos\editors\Creator\3.8.7\resources\resources\3d\engine\bin\.cache\dev\editor\bundled\index.js:50331:16)
    at Node.addChild (C:\ProgramData\cocos\editors\Creator\3.8.7\resources\resources\3d\engine\bin\.cache\dev\editor\bundled\index.js:50412:17)
    at PrefabPreview.setPrefab (C:\ProgramData\cocos\editors\Creator\3.8.7\resources\app.asar\builtin\scene\dist\script\3d\manager\preview\prefab-preview\index.ccc:1:1495)
2026-6-12 11:40:46 - warn: [Scene] Instancing/Batching enabled for non-baked skinning model or used AnimationController 'Monster_1/瘦丧尸/SM_Slimed_Zombie_01', this may result in unexpected rendering artifacts. Consider turning it off in the material if you do not intend to do this.Error: [Scene] Instancing/Batching enabled for non-baked skinning model or used AnimationController 'Monster_1/瘦丧尸/SM_Slimed_Zombie_01', this may result in unexpected rendering artifacts. Consider turning it off in the material if you do not intend to do this.
    at console.warn (C:\ProgramData\cocos\editors\Creator\3.8.7\resources\app.asar\node_modules\@sentry\core\src\utils-hoist\instrument\console.ts:40:14)
    at warn (C:\ProgramData\cocos\editors\Creator\3.8.7\resources\resources\3d\engine\bin\.cache\dev\editor\bundled\index.js:165229:12)
    at warnID (C:\ProgramData\cocos\editors\Creator\3.8.7\resources\resources\3d\engine\bin\.cache\dev\editor\bundled\index.js:165417:5)
    at SkinningModel._updateInstancedAttributes (C:\ProgramData\cocos\editors\Creator\3.8.7\resources\resources\3d\engine\bin\.cache\dev\editor\bundled\index.js:114285:13)
    at SkinningModel._updateAttributesAndBinding (C:\ProgramData\cocos\editors\Creator\3.8.7\resources\resources\3d\engine\bin\.cache\dev\editor\bundled\index.js:242018:16)
    at SkinningModel.initSubModel (C:\ProgramData\cocos\editors\Creator\3.8.7\resources\resources\3d\engine\bin\.cache\dev\editor\bundled\index.js:241679:16)
    at SkinningModel.initSubModel (C:\ProgramData\cocos\editors\Creator\3.8.7\resources\resources\3d\engine\bin\.cache\dev\editor\bundled\index.js:113885:24)
    at SkinningModel.initSubModel (C:\ProgramData\cocos\editors\Creator\3.8.7\resources\resources\3d\engine\bin\.cache\dev\editor\bundled\index.js:114249:17)
    at SkinnedMeshRenderer._updateModelParams (C:\ProgramData\cocos\editors\Creator\3.8.7\resources\resources\3d\engine\bin\.cache\dev\editor\bundled\index.js:110770:29)
    at SkinnedMeshRenderer._updateModelParams (C:\ProgramData\cocos\editors\Creator\3.8.7\resources\resources\3d\engine\bin\.cache\dev\editor\bundled\index.js:119252:17)
    at SkinnedMeshRenderer._updateModels (C:\ProgramData\cocos\editors\Creator\3.8.7\resources\resources\3d\engine\bin\.cache\dev\editor\bundled\index.js:110674:18)
    at SkinnedMeshRenderer.onLoad (C:\ProgramData\cocos\editors\Creator\3.8.7\resources\resources\3d\engine\bin\.cache\dev\editor\bundled\index.js:110329:16)
    at SkinnedMeshRenderer.onLoad (C:\ProgramData\cocos\editors\Creator\3.8.7\resources\resources\3d\engine\bin\.cache\dev\editor\bundled\index.js:119204:17)
    at eval (C:\ProgramData\cocos\editors\Creator\3.8.7\resources\resources\3d\engine\bin\.cache\dev\editor\bundled\index.js:48429:132)
    at OneOffInvoker.eval [as _invoke] (C:\ProgramData\cocos\editors\Creator\3.8.7\resources\resources\3d\engine\bin\.cache\dev\editor\bundled\index.js:46343:9)
    at OneOffInvoker.invoke (C:\ProgramData\cocos\editors\Creator\3.8.7\resources\resources\3d\engine\bin\.cache\dev\editor\bundled\index.js:46462:18)
    at NodeActivator.activateNode (C:\ProgramData\cocos\editors\Creator\3.8.7\resources\resources\3d\engine\bin\.cache\dev\editor\bundled\index.js:48480:27)
    at Node._onHierarchyChangedBase (C:\ProgramData\cocos\editors\Creator\3.8.7\resources\resources\3d\engine\bin\.cache\dev\editor\bundled\index.js:51243:46)
    at Node._onHierarchyChanged (C:\ProgramData\cocos\editors\Creator\3.8.7\resources\resources\3d\engine\bin\.cache\dev\editor\bundled\index.js:51809:16)
    at Node.setParent (C:\ProgramData\cocos\editors\Creator\3.8.7\resources\resources\3d\engine\bin\.cache\dev\editor\bundled\index.js:50331:16)
    at Scene.addChild (C:\ProgramData\cocos\editors\Creator\3.8.7\resources\resources\3d\engine\bin\.cache\dev\editor\bundled\index.js:50412:17)
    at PrefabPreview.setPrefab (C:\ProgramData\cocos\editors\Creator\3.8.7\resources\app.asar\builtin\scene\dist\script\3d\manager\preview\prefab-preview\index.ccc:1:1495)
2026-6-12 11:40:46 - warn: [Scene] Instancing/Batching enabled for non-baked skinning model or used AnimationController 'Monster_1/瘦丧尸/SM_Slimed_Zombie_01', this may result in unexpected rendering artifacts. Consider turning it off in the material if you do not intend to do this.Error: [Scene] Instancing/Batching enabled for non-baked skinning model or used AnimationController 'Monster_1/瘦丧尸/SM_Slimed_Zombie_01', this may result in unexpected rendering artifacts. Consider turning it off in the material if you do not intend to do this.
    at console.warn (C:\ProgramData\cocos\editors\Creator\3.8.7\resources\app.asar\node_modules\@sentry\core\src\utils-hoist\instrument\console.ts:40:14)
    at warn (C:\ProgramData\cocos\editors\Creator\3.8.7\resources\resources\3d\engine\bin\.cache\dev\editor\bundled\index.js:165229:12)
    at warnID (C:\ProgramData\cocos\editors\Creator\3.8.7\resources\resources\3d\engine\bin\.cache\dev\editor\bundled\index.js:165417:5)
    at SkinningModel._updateInstancedAttributes (C:\ProgramData\cocos\editors\Creator\3.8.7\resources\resources\3d\engine\bin\.cache\dev\editor\bundled\index.js:114285:13)
    at SkinningModel._updateAttributesAndBinding (C:\ProgramData\cocos\editors\Creator\3.8.7\resources\resources\3d\engine\bin\.cache\dev\editor\bundled\index.js:242018:16)
    at SkinningModel.initSubModel (C:\ProgramData\cocos\editors\Creator\3.8.7\resources\resources\3d\engine\bin\.cache\dev\editor\bundled\index.js:241679:16)
    at SkinningModel.initSubModel (C:\ProgramData\cocos\editors\Creator\3.8.7\resources\resources\3d\engine\bin\.cache\dev\editor\bundled\index.js:113885:24)
    at SkinningModel.initSubModel (C:\ProgramData\cocos\editors\Creator\3.8.7\resources\resources\3d\engine\bin\.cache\dev\editor\bundled\index.js:114249:17)
    at SkinnedMeshRenderer._updateModelParams (C:\ProgramData\cocos\editors\Creator\3.8.7\resources\resources\3d\engine\bin\.cache\dev\editor\bundled\index.js:110770:29)
    at SkinnedMeshRenderer._updateModelParams (C:\ProgramData\cocos\editors\Creator\3.8.7\resources\resources\3d\engine\bin\.cache\dev\editor\bundled\index.js:119252:17)
    at SkinnedMeshRenderer._updateModels (C:\ProgramData\cocos\editors\Creator\3.8.7\resources\resources\3d\engine\bin\.cache\dev\editor\bundled\index.js:110674:18)
    at SkinnedMeshRenderer.setUseBakedAnimation (C:\ProgramData\cocos\editors\Creator\3.8.7\resources\resources\3d\engine\bin\.cache\dev\editor\bundled\index.js:119235:18)
    at SkeletalAnimation.notifySkinnedMeshAdded (C:\ProgramData\cocos\editors\Creator\3.8.7\resources\resources\3d\engine\bin\.cache\dev\editor\bundled\index.js:118291:31)
    at SkinnedMeshRenderer._tryBindAnimation (C:\ProgramData\cocos\editors\Creator\3.8.7\resources\resources\3d\engine\bin\.cache\dev\editor\bundled\index.js:119273:23)
    at SkinnedMeshRenderer.onLoad (C:\ProgramData\cocos\editors\Creator\3.8.7\resources\resources\3d\engine\bin\.cache\dev\editor\bundled\index.js:119205:16)
    at eval (C:\ProgramData\cocos\editors\Creator\3.8.7\resources\resources\3d\engine\bin\.cache\dev\editor\bundled\index.js:48429:132)
    at OneOffInvoker.eval [as _invoke] (C:\ProgramData\cocos\editors\Creator\3.8.7\resources\resources\3d\engine\bin\.cache\dev\editor\bundled\index.js:46343:9)
    at OneOffInvoker.invoke (C:\ProgramData\cocos\editors\Creator\3.8.7\resources\resources\3d\engine\bin\.cache\dev\editor\bundled\index.js:46462:18)
    at NodeActivator.activateNode (C:\ProgramData\cocos\editors\Creator\3.8.7\resources\resources\3d\engine\bin\.cache\dev\editor\bundled\index.js:48480:27)
    at Node._onHierarchyChangedBase (C:\ProgramData\cocos\editors\Creator\3.8.7\resources\resources\3d\engine\bin\.cache\dev\editor\bundled\index.js:51243:46)
    at Node._onHierarchyChanged (C:\ProgramData\cocos\editors\Creator\3.8.7\resources\resources\3d\engine\bin\.cache\dev\editor\bundled\index.js:51809:16)
    at Node.setParent (C:\ProgramData\cocos\editors\Creator\3.8.7\resources\resources\3d\engine\bin\.cache\dev\editor\bundled\index.js:50331:16)
    at Scene.addChild (C:\ProgramData\cocos\editors\Creator\3.8.7\resources\resources\3d\engine\bin\.cache\dev\editor\bundled\index.js:50412:17)
    at PrefabPreview.setPrefab (C:\ProgramData\cocos\editors\Creator\3.8.7\resources\app.asar\builtin\scene\dist\script\3d\manager\preview\prefab-preview\index.ccc:1:1495)
2026-6-12 11:40:46 - warn: [Scene] Instancing/Batching enabled for non-baked skinning model or used AnimationController 'Monster_1/瘦丧尸/SM_Slimed_Zombie_01', this may result in unexpected rendering artifacts. Consider turning it off in the material if you do not intend to do this.Error: [Scene] Instancing/Batching enabled for non-baked skinning model or used AnimationController 'Monster_1/瘦丧尸/SM_Slimed_Zombie_01', this may result in unexpected rendering artifacts. Consider turning it off in the material if you do not intend to do this.
    at console.warn (C:\ProgramData\cocos\editors\Creator\3.8.7\resources\app.asar\node_modules\@sentry\core\src\utils-hoist\instrument\console.ts:40:14)
    at warn (C:\ProgramData\cocos\editors\Creator\3.8.7\resources\resources\3d\engine\bin\.cache\dev\editor\bundled\index.js:165229:12)
    at warnID (C:\ProgramData\cocos\editors\Creator\3.8.7\resources\resources\3d\engine\bin\.cache\dev\editor\bundled\index.js:165417:5)
    at SkinningModel._updateInstancedAttributes (C:\ProgramData\cocos\editors\Creator\3.8.7\resources\resources\3d\engine\bin\.cache\dev\editor\bundled\index.js:114285:13)
    at SkinningModel._updateAttributesAndBinding (C:\ProgramData\cocos\editors\Creator\3.8.7\resources\resources\3d\engine\bin\.cache\dev\editor\bundled\index.js:242018:16)
    at SkinningModel.initSubModel (C:\ProgramData\cocos\editors\Creator\3.8.7\resources\resources\3d\engine\bin\.cache\dev\editor\bundled\index.js:241679:16)
    at SkinningModel.initSubModel (C:\ProgramData\cocos\editors\Creator\3.8.7\resources\resources\3d\engine\bin\.cache\dev\editor\bundled\index.js:113885:24)
    at SkinningModel.initSubModel (C:\ProgramData\cocos\editors\Creator\3.8.7\resources\resources\3d\engine\bin\.cache\dev\editor\bundled\index.js:114249:17)
    at SkinnedMeshRenderer._updateModelParams (C:\ProgramData\cocos\editors\Creator\3.8.7\resources\resources\3d\engine\bin\.cache\dev\editor\bundled\index.js:110770:29)
    at SkinnedMeshRenderer._updateModelParams (C:\ProgramData\cocos\editors\Creator\3.8.7\resources\resources\3d\engine\bin\.cache\dev\editor\bundled\index.js:119252:17)
    at SkinnedMeshRenderer._updateModels (C:\ProgramData\cocos\editors\Creator\3.8.7\resources\resources\3d\engine\bin\.cache\dev\editor\bundled\index.js:110674:18)
    at SkinnedMeshRenderer.onLoad (C:\ProgramData\cocos\editors\Creator\3.8.7\resources\resources\3d\engine\bin\.cache\dev\editor\bundled\index.js:110329:16)
    at SkinnedMeshRenderer.onLoad (C:\ProgramData\cocos\editors\Creator\3.8.7\resources\resources\3d\engine\bin\.cache\dev\editor\bundled\index.js:119204:17)
    at eval (C:\ProgramData\cocos\editors\Creator\3.8.7\resources\resources\3d\engine\bin\.cache\dev\editor\bundled\index.js:48429:132)
    at OneOffInvoker.eval [as _invoke] (C:\ProgramData\cocos\editors\Creator\3.8.7\resources\resources\3d\engine\bin\.cache\dev\editor\bundled\index.js:46343:9)
    at OneOffInvoker.invoke (C:\ProgramData\cocos\editors\Creator\3.8.7\resources\resources\3d\engine\bin\.cache\dev\editor\bundled\index.js:46462:18)
    at NodeActivator.activateNode (C:\ProgramData\cocos\editors\Creator\3.8.7\resources\resources\3d\engine\bin\.cache\dev\editor\bundled\index.js:48480:27)
    at Scene._activate (C:\ProgramData\cocos\editors\Creator\3.8.7\resources\resources\3d\engine\bin\.cache\dev\editor\bundled\index.js:56317:44)
    at Director.runSceneImmediate (C:\ProgramData\cocos\editors\Creator\3.8.7\resources\resources\3d\engine\bin\.cache\dev\editor\bundled\index.js:88394:17)
    at C:\ProgramData\cocos\editors\Creator\3.8.7\resources\app.asar\builtin\scene\dist\script\3d\manager\scene\utils.ccc:1:1112
    at new Promise (<anonymous>)
    at SceneUtil.loadSceneByNode (C:\ProgramData\cocos\editors\Creator\3.8.7\resources\app.asar\builtin\scene\dist\script\3d\manager\scene\utils.ccc:1:800)
    at PrefabSceneProxy._loadPrefabById (C:\ProgramData\cocos\editors\Creator\3.8.7\resources\app.asar\builtin\scene\dist\script\3d\manager\scene\proxy\prefab-scene-proxy.ccc:1:2613)
    at PrefabSceneProxy.open (C:\ProgramData\cocos\editors\Creator\3.8.7\resources\app.asar\builtin\scene\dist\script\3d\manager\scene\proxy\prefab-scene-proxy.ccc:1:1055)
    at PrefabSceneFacade.openScene (C:\ProgramData\cocos\editors\Creator\3.8.7\resources\app.asar\builtin\scene\dist\script\3d\facade\prefab-scene-facade.ccc:1:1422)
    at SceneFacadeManager.openScene (C:\ProgramData\cocos\editors\Creator\3.8.7\resources\app.asar\builtin\scene\dist\script\3d\facade\scene-facade-manager.ccc:1:7766)
2026-6-12 11:40:46 - warn: [Scene] Instancing/Batching enabled for non-baked skinning model or used AnimationController 'Monster_1/瘦丧尸/SM_Slimed_Zombie_01', this may result in unexpected rendering artifacts. Consider turning it off in the material if you do not intend to do this.Error: [Scene] Instancing/Batching enabled for non-baked skinning model or used AnimationController 'Monster_1/瘦丧尸/SM_Slimed_Zombie_01', this may result in unexpected rendering artifacts. Consider turning it off in the material if you do not intend to do this.
    at console.warn (C:\ProgramData\cocos\editors\Creator\3.8.7\resources\app.asar\node_modules\@sentry\core\src\utils-hoist\instrument\console.ts:40:14)
    at warn (C:\ProgramData\cocos\editors\Creator\3.8.7\resources\resources\3d\engine\bin\.cache\dev\editor\bundled\index.js:165229:12)
    at warnID (C:\ProgramData\cocos\editors\Creator\3.8.7\resources\resources\3d\engine\bin\.cache\dev\editor\bundled\index.js:165417:5)
    at SkinningModel._updateInstancedAttributes (C:\ProgramData\cocos\editors\Creator\3.8.7\resources\resources\3d\engine\bin\.cache\dev\editor\bundled\index.js:114285:13)
    at SkinningModel._updateAttributesAndBinding (C:\ProgramData\cocos\editors\Creator\3.8.7\resources\resources\3d\engine\bin\.cache\dev\editor\bundled\index.js:242018:16)
    at SkinningModel.initSubModel (C:\ProgramData\cocos\editors\Creator\3.8.7\resources\resources\3d\engine\bin\.cache\dev\editor\bundled\index.js:241679:16)
    at SkinningModel.initSubModel (C:\ProgramData\cocos\editors\Creator\3.8.7\resources\resources\3d\engine\bin\.cache\dev\editor\bundled\index.js:113885:24)
    at SkinningModel.initSubModel (C:\ProgramData\cocos\editors\Creator\3.8.7\resources\resources\3d\engine\bin\.cache\dev\editor\bundled\index.js:114249:17)
    at SkinnedMeshRenderer._updateModelParams (C:\ProgramData\cocos\editors\Creator\3.8.7\resources\resources\3d\engine\bin\.cache\dev\editor\bundled\index.js:110770:29)
    at SkinnedMeshRenderer._updateModelParams (C:\ProgramData\cocos\editors\Creator\3.8.7\resources\resources\3d\engine\bin\.cache\dev\editor\bundled\index.js:119252:17)
    at SkinnedMeshRenderer._updateModels (C:\ProgramData\cocos\editors\Creator\3.8.7\resources\resources\3d\engine\bin\.cache\dev\editor\bundled\index.js:110674:18)
    at SkinnedMeshRenderer.setUseBakedAnimation (C:\ProgramData\cocos\editors\Creator\3.8.7\resources\resources\3d\engine\bin\.cache\dev\editor\bundled\index.js:119235:18)
    at SkeletalAnimation.notifySkinnedMeshAdded (C:\ProgramData\cocos\editors\Creator\3.8.7\resources\resources\3d\engine\bin\.cache\dev\editor\bundled\index.js:118291:31)
    at SkinnedMeshRenderer._tryBindAnimation (C:\ProgramData\cocos\editors\Creator\3.8.7\resources\resources\3d\engine\bin\.cache\dev\editor\bundled\index.js:119273:23)
    at SkinnedMeshRenderer.onLoad (C:\ProgramData\cocos\editors\Creator\3.8.7\resources\resources\3d\engine\bin\.cache\dev\editor\bundled\index.js:119205:16)
    at eval (C:\ProgramData\cocos\editors\Creator\3.8.7\resources\resources\3d\engine\bin\.cache\dev\editor\bundled\index.js:48429:132)
    at OneOffInvoker.eval [as _invoke] (C:\ProgramData\cocos\editors\Creator\3.8.7\resources\resources\3d\engine\bin\.cache\dev\editor\bundled\index.js:46343:9)
    at OneOffInvoker.invoke (C:\ProgramData\cocos\editors\Creator\3.8.7\resources\resources\3d\engine\bin\.cache\dev\editor\bundled\index.js:46462:18)
    at NodeActivator.activateNode (C:\ProgramData\cocos\editors\Creator\3.8.7\resources\resources\3d\engine\bin\.cache\dev\editor\bundled\index.js:48480:27)
    at Scene._activate (C:\ProgramData\cocos\editors\Creator\3.8.7\resources\resources\3d\engine\bin\.cache\dev\editor\bundled\index.js:56317:44)
    at Director.runSceneImmediate (C:\ProgramData\cocos\editors\Creator\3.8.7\resources\resources\3d\engine\bin\.cache\dev\editor\bundled\index.js:88394:17)
    at C:\ProgramData\cocos\editors\Creator\3.8.7\resources\app.asar\builtin\scene\dist\script\3d\manager\scene\utils.ccc:1:1112
    at new Promise (<anonymous>)
    at SceneUtil.loadSceneByNode (C:\ProgramData\cocos\editors\Creator\3.8.7\resources\app.asar\builtin\scene\dist\script\3d\manager\scene\utils.ccc:1:800)
    at PrefabSceneProxy._loadPrefabById (C:\ProgramData\cocos\editors\Creator\3.8.7\resources\app.asar\builtin\scene\dist\script\3d\manager\scene\proxy\prefab-scene-proxy.ccc:1:2613)
    at PrefabSceneProxy.open (C:\ProgramData\cocos\editors\Creator\3.8.7\resources\app.asar\builtin\scene\dist\script\3d\manager\scene\proxy\prefab-scene-proxy.ccc:1:1055)
    at PrefabSceneFacade.openScene (C:\ProgramData\cocos\editors\Creator\3.8.7\resources\app.asar\builtin\scene\dist\script\3d\facade\prefab-scene-facade.ccc:1:1422)
    at SceneFacadeManager.openScene (C:\ProgramData\cocos\editors\Creator\3.8.7\resources\app.asar\builtin\scene\dist\script\3d\facade\scene-facade-manager.ccc:1:7766)
2026-6-12 11:40:47 - warn: [Scene] Instancing/Batching enabled for non-baked skinning model or used AnimationController 'Monster_1/瘦丧尸/SM_Slimed_Zombie_01', this may result in unexpected rendering artifacts. Consider turning it off in the material if you do not intend to do this.Error: [Scene] Instancing/Batching enabled for non-baked skinning model or used AnimationController 'Monster_1/瘦丧尸/SM_Slimed_Zombie_01', this may result in unexpected rendering artifacts. Consider turning it off in the material if you do not intend to do this.
    at console.warn (C:\ProgramData\cocos\editors\Creator\3.8.7\resources\app.asar\node_modules\@sentry\core\src\utils-hoist\instrument\console.ts:40:14)
    at warn (C:\ProgramData\cocos\editors\Creator\3.8.7\resources\resources\3d\engine\bin\.cache\dev\editor\bundled\index.js:165229:12)
    at warnID (C:\ProgramData\cocos\editors\Creator\3.8.7\resources\resources\3d\engine\bin\.cache\dev\editor\bundled\index.js:165417:5)
    at SkinningModel._updateInstancedAttributes (C:\ProgramData\cocos\editors\Creator\3.8.7\resources\resources\3d\engine\bin\.cache\dev\editor\bundled\index.js:114285:13)
    at SkinningModel._updateAttributesAndBinding (C:\ProgramData\cocos\editors\Creator\3.8.7\resources\resources\3d\engine\bin\.cache\dev\editor\bundled\index.js:242018:16)
    at SkinningModel.initSubModel (C:\ProgramData\cocos\editors\Creator\3.8.7\resources\resources\3d\engine\bin\.cache\dev\editor\bundled\index.js:241679:16)
    at SkinningModel.initSubModel (C:\ProgramData\cocos\editors\Creator\3.8.7\resources\resources\3d\engine\bin\.cache\dev\editor\bundled\index.js:113885:24)
    at SkinningModel.initSubModel (C:\ProgramData\cocos\editors\Creator\3.8.7\resources\resources\3d\engine\bin\.cache\dev\editor\bundled\index.js:114249:17)
    at SkinnedMeshRenderer._updateModelParams (C:\ProgramData\cocos\editors\Creator\3.8.7\resources\resources\3d\engine\bin\.cache\dev\editor\bundled\index.js:110770:29)
    at SkinnedMeshRenderer._updateModelParams (C:\ProgramData\cocos\editors\Creator\3.8.7\resources\resources\3d\engine\bin\.cache\dev\editor\bundled\index.js:119252:17)
    at SkinnedMeshRenderer._updateModels (C:\ProgramData\cocos\editors\Creator\3.8.7\resources\resources\3d\engine\bin\.cache\dev\editor\bundled\index.js:110674:18)
    at SkinnedMeshRenderer.onLoad (C:\ProgramData\cocos\editors\Creator\3.8.7\resources\resources\3d\engine\bin\.cache\dev\editor\bundled\index.js:110329:16)
    at SkinnedMeshRenderer.onLoad (C:\ProgramData\cocos\editors\Creator\3.8.7\resources\resources\3d\engine\bin\.cache\dev\editor\bundled\index.js:119204:17)
    at eval (C:\ProgramData\cocos\editors\Creator\3.8.7\resources\resources\3d\engine\bin\.cache\dev\editor\bundled\index.js:48429:132)
    at OneOffInvoker.eval [as _invoke] (C:\ProgramData\cocos\editors\Creator\3.8.7\resources\resources\3d\engine\bin\.cache\dev\editor\bundled\index.js:46343:9)
    at OneOffInvoker.invoke (C:\ProgramData\cocos\editors\Creator\3.8.7\resources\resources\3d\engine\bin\.cache\dev\editor\bundled\index.js:46462:18)
    at NodeActivator.activateNode (C:\ProgramData\cocos\editors\Creator\3.8.7\resources\resources\3d\engine\bin\.cache\dev\editor\bundled\index.js:48480:27)
    at Node._onHierarchyChangedBase (C:\ProgramData\cocos\editors\Creator\3.8.7\resources\resources\3d\engine\bin\.cache\dev\editor\bundled\index.js:51243:46)
    at Node._onHierarchyChanged (C:\ProgramData\cocos\editors\Creator\3.8.7\resources\resources\3d\engine\bin\.cache\dev\editor\bundled\index.js:51809:16)
    at Node.setParent (C:\ProgramData\cocos\editors\Creator\3.8.7\resources\resources\3d\engine\bin\.cache\dev\editor\bundled\index.js:50331:16)
    at Scene.addChild (C:\ProgramData\cocos\editors\Creator\3.8.7\resources\resources\3d\engine\bin\.cache\dev\editor\bundled\index.js:50412:17)
    at PrefabPreview.setPrefab (C:\ProgramData\cocos\editors\Creator\3.8.7\resources\app.asar\builtin\scene\dist\script\3d\manager\preview\prefab-preview\index.ccc:1:1495)
2026-6-12 11:40:47 - warn: [Scene] Instancing/Batching enabled for non-baked skinning model or used AnimationController 'Monster_1/瘦丧尸/SM_Slimed_Zombie_01', this may result in unexpected rendering artifacts. Consider turning it off in the material if you do not intend to do this.Error: [Scene] Instancing/Batching enabled for non-baked skinning model or used AnimationController 'Monster_1/瘦丧尸/SM_Slimed_Zombie_01', this may result in unexpected rendering artifacts. Consider turning it off in the material if you do not intend to do this.
    at console.warn (C:\ProgramData\cocos\editors\Creator\3.8.7\resources\app.asar\node_modules\@sentry\core\src\utils-hoist\instrument\console.ts:40:14)
    at warn (C:\ProgramData\cocos\editors\Creator\3.8.7\resources\resources\3d\engine\bin\.cache\dev\editor\bundled\index.js:165229:12)
    at warnID (C:\ProgramData\cocos\editors\Creator\3.8.7\resources\resources\3d\engine\bin\.cache\dev\editor\bundled\index.js:165417:5)
    at SkinningModel._updateInstancedAttributes (C:\ProgramData\cocos\editors\Creator\3.8.7\resources\resources\3d\engine\bin\.cache\dev\editor\bundled\index.js:114285:13)
    at SkinningModel._updateAttributesAndBinding (C:\ProgramData\cocos\editors\Creator\3.8.7\resources\resources\3d\engine\bin\.cache\dev\editor\bundled\index.js:242018:16)
    at SkinningModel.initSubModel (C:\ProgramData\cocos\editors\Creator\3.8.7\resources\resources\3d\engine\bin\.cache\dev\editor\bundled\index.js:241679:16)
    at SkinningModel.initSubModel (C:\ProgramData\cocos\editors\Creator\3.8.7\resources\resources\3d\engine\bin\.cache\dev\editor\bundled\index.js:113885:24)
    at SkinningModel.initSubModel (C:\ProgramData\cocos\editors\Creator\3.8.7\resources\resources\3d\engine\bin\.cache\dev\editor\bundled\index.js:114249:17)
    at SkinnedMeshRenderer._updateModelParams (C:\ProgramData\cocos\editors\Creator\3.8.7\resources\resources\3d\engine\bin\.cache\dev\editor\bundled\index.js:110770:29)
    at SkinnedMeshRenderer._updateModelParams (C:\ProgramData\cocos\editors\Creator\3.8.7\resources\resources\3d\engine\bin\.cache\dev\editor\bundled\index.js:119252:17)
    at SkinnedMeshRenderer._updateModels (C:\ProgramData\cocos\editors\Creator\3.8.7\resources\resources\3d\engine\bin\.cache\dev\editor\bundled\index.js:110674:18)
    at SkinnedMeshRenderer.setUseBakedAnimation (C:\ProgramData\cocos\editors\Creator\3.8.7\resources\resources\3d\engine\bin\.cache\dev\editor\bundled\index.js:119235:18)
    at SkeletalAnimation.notifySkinnedMeshAdded (C:\ProgramData\cocos\editors\Creator\3.8.7\resources\resources\3d\engine\bin\.cache\dev\editor\bundled\index.js:118291:31)
    at SkinnedMeshRenderer._tryBindAnimation (C:\ProgramData\cocos\editors\Creator\3.8.7\resources\resources\3d\engine\bin\.cache\dev\editor\bundled\index.js:119273:23)
    at SkinnedMeshRenderer.onLoad (C:\ProgramData\cocos\editors\Creator\3.8.7\resources\resources\3d\engine\bin\.cache\dev\editor\bundled\index.js:119205:16)
    at eval (C:\ProgramData\cocos\editors\Creator\3.8.7\resources\resources\3d\engine\bin\.cache\dev\editor\bundled\index.js:48429:132)
    at OneOffInvoker.eval [as _invoke] (C:\ProgramData\cocos\editors\Creator\3.8.7\resources\resources\3d\engine\bin\.cache\dev\editor\bundled\index.js:46343:9)
    at OneOffInvoker.invoke (C:\ProgramData\cocos\editors\Creator\3.8.7\resources\resources\3d\engine\bin\.cache\dev\editor\bundled\index.js:46462:18)
    at NodeActivator.activateNode (C:\ProgramData\cocos\editors\Creator\3.8.7\resources\resources\3d\engine\bin\.cache\dev\editor\bundled\index.js:48480:27)
    at Node._onHierarchyChangedBase (C:\ProgramData\cocos\editors\Creator\3.8.7\resources\resources\3d\engine\bin\.cache\dev\editor\bundled\index.js:51243:46)
    at Node._onHierarchyChanged (C:\ProgramData\cocos\editors\Creator\3.8.7\resources\resources\3d\engine\bin\.cache\dev\editor\bundled\index.js:51809:16)
    at Node.setParent (C:\ProgramData\cocos\editors\Creator\3.8.7\resources\resources\3d\engine\bin\.cache\dev\editor\bundled\index.js:50331:16)
    at Scene.addChild (C:\ProgramData\cocos\editors\Creator\3.8.7\resources\resources\3d\engine\bin\.cache\dev\editor\bundled\index.js:50412:17)
    at PrefabPreview.setPrefab (C:\ProgramData\cocos\editors\Creator\3.8.7\resources\app.asar\builtin\scene\dist\script\3d\manager\preview\prefab-preview\index.ccc:1:1495)
2026-6-12 11:40:47 - warn: [Scene] Instancing/Batching enabled for non-baked skinning model or used AnimationController 'Monster_0/胖丧尸_待机/pangsangshi01', this may result in unexpected rendering artifacts. Consider turning it off in the material if you do not intend to do this.Error: [Scene] Instancing/Batching enabled for non-baked skinning model or used AnimationController 'Monster_0/胖丧尸_待机/pangsangshi01', this may result in unexpected rendering artifacts. Consider turning it off in the material if you do not intend to do this.
    at console.warn (C:\ProgramData\cocos\editors\Creator\3.8.7\resources\app.asar\node_modules\@sentry\core\src\utils-hoist\instrument\console.ts:40:14)
    at warn (C:\ProgramData\cocos\editors\Creator\3.8.7\resources\resources\3d\engine\bin\.cache\dev\editor\bundled\index.js:165229:12)
    at warnID (C:\ProgramData\cocos\editors\Creator\3.8.7\resources\resources\3d\engine\bin\.cache\dev\editor\bundled\index.js:165417:5)
    at SkinningModel._updateInstancedAttributes (C:\ProgramData\cocos\editors\Creator\3.8.7\resources\resources\3d\engine\bin\.cache\dev\editor\bundled\index.js:114285:13)
    at SkinningModel._updateAttributesAndBinding (C:\ProgramData\cocos\editors\Creator\3.8.7\resources\resources\3d\engine\bin\.cache\dev\editor\bundled\index.js:242018:16)
    at SkinningModel.initSubModel (C:\ProgramData\cocos\editors\Creator\3.8.7\resources\resources\3d\engine\bin\.cache\dev\editor\bundled\index.js:241679:16)
    at SkinningModel.initSubModel (C:\ProgramData\cocos\editors\Creator\3.8.7\resources\resources\3d\engine\bin\.cache\dev\editor\bundled\index.js:113885:24)
    at SkinningModel.initSubModel (C:\ProgramData\cocos\editors\Creator\3.8.7\resources\resources\3d\engine\bin\.cache\dev\editor\bundled\index.js:114249:17)
    at SkinnedMeshRenderer._updateModelParams (C:\ProgramData\cocos\editors\Creator\3.8.7\resources\resources\3d\engine\bin\.cache\dev\editor\bundled\index.js:110770:29)
    at SkinnedMeshRenderer._updateModelParams (C:\ProgramData\cocos\editors\Creator\3.8.7\resources\resources\3d\engine\bin\.cache\dev\editor\bundled\index.js:119252:17)
    at SkinnedMeshRenderer._updateModels (C:\ProgramData\cocos\editors\Creator\3.8.7\resources\resources\3d\engine\bin\.cache\dev\editor\bundled\index.js:110674:18)
    at SkinnedMeshRenderer.onLoad (C:\ProgramData\cocos\editors\Creator\3.8.7\resources\resources\3d\engine\bin\.cache\dev\editor\bundled\index.js:110329:16)
    at SkinnedMeshRenderer.onLoad (C:\ProgramData\cocos\editors\Creator\3.8.7\resources\resources\3d\engine\bin\.cache\dev\editor\bundled\index.js:119204:17)
    at eval (C:\ProgramData\cocos\editors\Creator\3.8.7\resources\resources\3d\engine\bin\.cache\dev\editor\bundled\index.js:48429:132)
    at OneOffInvoker.eval [as _invoke] (C:\ProgramData\cocos\editors\Creator\3.8.7\resources\resources\3d\engine\bin\.cache\dev\editor\bundled\index.js:46343:9)
    at OneOffInvoker.invoke (C:\ProgramData\cocos\editors\Creator\3.8.7\resources\resources\3d\engine\bin\.cache\dev\editor\bundled\index.js:46462:18)
    at NodeActivator.activateNode (C:\ProgramData\cocos\editors\Creator\3.8.7\resources\resources\3d\engine\bin\.cache\dev\editor\bundled\index.js:48480:27)
    at Node._onHierarchyChangedBase (C:\ProgramData\cocos\editors\Creator\3.8.7\resources\resources\3d\engine\bin\.cache\dev\editor\bundled\index.js:51243:46)
    at Node._onHierarchyChanged (C:\ProgramData\cocos\editors\Creator\3.8.7\resources\resources\3d\engine\bin\.cache\dev\editor\bundled\index.js:51809:16)
    at Node.setParent (C:\ProgramData\cocos\editors\Creator\3.8.7\resources\resources\3d\engine\bin\.cache\dev\editor\bundled\index.js:50331:16)
    at Scene.addChild (C:\ProgramData\cocos\editors\Creator\3.8.7\resources\resources\3d\engine\bin\.cache\dev\editor\bundled\index.js:50412:17)
    at PrefabPreview.setPrefab (C:\ProgramData\cocos\editors\Creator\3.8.7\resources\app.asar\builtin\scene\dist\script\3d\manager\preview\prefab-preview\index.ccc:1:1495)
2026-6-12 11:40:47 - warn: [Scene] Instancing/Batching enabled for non-baked skinning model or used AnimationController 'Monster_0/胖丧尸_待机/pangsangshi01', this may result in unexpected rendering artifacts. Consider turning it off in the material if you do not intend to do this.Error: [Scene] Instancing/Batching enabled for non-baked skinning model or used AnimationController 'Monster_0/胖丧尸_待机/pangsangshi01', this may result in unexpected rendering artifacts. Consider turning it off in the material if you do not intend to do this.
    at console.warn (C:\ProgramData\cocos\editors\Creator\3.8.7\resources\app.asar\node_modules\@sentry\core\src\utils-hoist\instrument\console.ts:40:14)
    at warn (C:\ProgramData\cocos\editors\Creator\3.8.7\resources\resources\3d\engine\bin\.cache\dev\editor\bundled\index.js:165229:12)
    at warnID (C:\ProgramData\cocos\editors\Creator\3.8.7\resources\resources\3d\engine\bin\.cache\dev\editor\bundled\index.js:165417:5)
    at SkinningModel._updateInstancedAttributes (C:\ProgramData\cocos\editors\Creator\3.8.7\resources\resources\3d\engine\bin\.cache\dev\editor\bundled\index.js:114285:13)
    at SkinningModel._updateAttributesAndBinding (C:\ProgramData\cocos\editors\Creator\3.8.7\resources\resources\3d\engine\bin\.cache\dev\editor\bundled\index.js:242018:16)
    at SkinningModel.initSubModel (C:\ProgramData\cocos\editors\Creator\3.8.7\resources\resources\3d\engine\bin\.cache\dev\editor\bundled\index.js:241679:16)
    at SkinningModel.initSubModel (C:\ProgramData\cocos\editors\Creator\3.8.7\resources\resources\3d\engine\bin\.cache\dev\editor\bundled\index.js:113885:24)
    at SkinningModel.initSubModel (C:\ProgramData\cocos\editors\Creator\3.8.7\resources\resources\3d\engine\bin\.cache\dev\editor\bundled\index.js:114249:17)
    at SkinnedMeshRenderer._updateModelParams (C:\ProgramData\cocos\editors\Creator\3.8.7\resources\resources\3d\engine\bin\.cache\dev\editor\bundled\index.js:110770:29)
    at SkinnedMeshRenderer._updateModelParams (C:\ProgramData\cocos\editors\Creator\3.8.7\resources\resources\3d\engine\bin\.cache\dev\editor\bundled\index.js:119252:17)
    at SkinnedMeshRenderer._updateModels (C:\ProgramData\cocos\editors\Creator\3.8.7\resources\resources\3d\engine\bin\.cache\dev\editor\bundled\index.js:110674:18)
    at SkinnedMeshRenderer.setUseBakedAnimation (C:\ProgramData\cocos\editors\Creator\3.8.7\resources\resources\3d\engine\bin\.cache\dev\editor\bundled\index.js:119235:18)
    at SkeletalAnimation.notifySkinnedMeshAdded (C:\ProgramData\cocos\editors\Creator\3.8.7\resources\resources\3d\engine\bin\.cache\dev\editor\bundled\index.js:118291:31)
    at SkinnedMeshRenderer._tryBindAnimation (C:\ProgramData\cocos\editors\Creator\3.8.7\resources\resources\3d\engine\bin\.cache\dev\editor\bundled\index.js:119273:23)
    at SkinnedMeshRenderer.onLoad (C:\ProgramData\cocos\editors\Creator\3.8.7\resources\resources\3d\engine\bin\.cache\dev\editor\bundled\index.js:119205:16)
    at eval (C:\ProgramData\cocos\editors\Creator\3.8.7\resources\resources\3d\engine\bin\.cache\dev\editor\bundled\index.js:48429:132)
    at OneOffInvoker.eval [as _invoke] (C:\ProgramData\cocos\editors\Creator\3.8.7\resources\resources\3d\engine\bin\.cache\dev\editor\bundled\index.js:46343:9)
    at OneOffInvoker.invoke (C:\ProgramData\cocos\editors\Creator\3.8.7\resources\resources\3d\engine\bin\.cache\dev\editor\bundled\index.js:46462:18)
    at NodeActivator.activateNode (C:\ProgramData\cocos\editors\Creator\3.8.7\resources\resources\3d\engine\bin\.cache\dev\editor\bundled\index.js:48480:27)
    at Node._onHierarchyChangedBase (C:\ProgramData\cocos\editors\Creator\3.8.7\resources\resources\3d\engine\bin\.cache\dev\editor\bundled\index.js:51243:46)
    at Node._onHierarchyChanged (C:\ProgramData\cocos\editors\Creator\3.8.7\resources\resources\3d\engine\bin\.cache\dev\editor\bundled\index.js:51809:16)
    at Node.setParent (C:\ProgramData\cocos\editors\Creator\3.8.7\resources\resources\3d\engine\bin\.cache\dev\editor\bundled\index.js:50331:16)
    at Scene.addChild (C:\ProgramData\cocos\editors\Creator\3.8.7\resources\resources\3d\engine\bin\.cache\dev\editor\bundled\index.js:50412:17)
    at PrefabPreview.setPrefab (C:\ProgramData\cocos\editors\Creator\3.8.7\resources\app.asar\builtin\scene\dist\script\3d\manager\preview\prefab-preview\index.ccc:1:1495)
2026-6-12 11:40:47 - warn: [Scene] Instancing/Batching enabled for non-baked skinning model or used AnimationController 'Monster_0/胖丧尸_待机/pangsangshi01', this may result in unexpected rendering artifacts. Consider turning it off in the material if you do not intend to do this.Error: [Scene] Instancing/Batching enabled for non-baked skinning model or used AnimationController 'Monster_0/胖丧尸_待机/pangsangshi01', this may result in unexpected rendering artifacts. Consider turning it off in the material if you do not intend to do this.
    at console.warn (C:\ProgramData\cocos\editors\Creator\3.8.7\resources\app.asar\node_modules\@sentry\core\src\utils-hoist\instrument\console.ts:40:14)
    at warn (C:\ProgramData\cocos\editors\Creator\3.8.7\resources\resources\3d\engine\bin\.cache\dev\editor\bundled\index.js:165229:12)
    at warnID (C:\ProgramData\cocos\editors\Creator\3.8.7\resources\resources\3d\engine\bin\.cache\dev\editor\bundled\index.js:165417:5)
    at SkinningModel._updateInstancedAttributes (C:\ProgramData\cocos\editors\Creator\3.8.7\resources\resources\3d\engine\bin\.cache\dev\editor\bundled\index.js:114285:13)
    at SkinningModel._updateAttributesAndBinding (C:\ProgramData\cocos\editors\Creator\3.8.7\resources\resources\3d\engine\bin\.cache\dev\editor\bundled\index.js:242018:16)
    at SkinningModel.initSubModel (C:\ProgramData\cocos\editors\Creator\3.8.7\resources\resources\3d\engine\bin\.cache\dev\editor\bundled\index.js:241679:16)
    at SkinningModel.initSubModel (C:\ProgramData\cocos\editors\Creator\3.8.7\resources\resources\3d\engine\bin\.cache\dev\editor\bundled\index.js:113885:24)
    at SkinningModel.initSubModel (C:\ProgramData\cocos\editors\Creator\3.8.7\resources\resources\3d\engine\bin\.cache\dev\editor\bundled\index.js:114249:17)
    at SkinnedMeshRenderer._updateModelParams (C:\ProgramData\cocos\editors\Creator\3.8.7\resources\resources\3d\engine\bin\.cache\dev\editor\bundled\index.js:110770:29)
    at SkinnedMeshRenderer._updateModelParams (C:\ProgramData\cocos\editors\Creator\3.8.7\resources\resources\3d\engine\bin\.cache\dev\editor\bundled\index.js:119252:17)
    at SkinnedMeshRenderer._updateModels (C:\ProgramData\cocos\editors\Creator\3.8.7\resources\resources\3d\engine\bin\.cache\dev\editor\bundled\index.js:110674:18)
    at SkinnedMeshRenderer.onLoad (C:\ProgramData\cocos\editors\Creator\3.8.7\resources\resources\3d\engine\bin\.cache\dev\editor\bundled\index.js:110329:16)
    at SkinnedMeshRenderer.onLoad (C:\ProgramData\cocos\editors\Creator\3.8.7\resources\resources\3d\engine\bin\.cache\dev\editor\bundled\index.js:119204:17)
    at eval (C:\ProgramData\cocos\editors\Creator\3.8.7\resources\resources\3d\engine\bin\.cache\dev\editor\bundled\index.js:48429:132)
    at OneOffInvoker.eval [as _invoke] (C:\ProgramData\cocos\editors\Creator\3.8.7\resources\resources\3d\engine\bin\.cache\dev\editor\bundled\index.js:46343:9)
    at OneOffInvoker.invoke (C:\ProgramData\cocos\editors\Creator\3.8.7\resources\resources\3d\engine\bin\.cache\dev\editor\bundled\index.js:46462:18)
    at NodeActivator.activateNode (C:\ProgramData\cocos\editors\Creator\3.8.7\resources\resources\3d\engine\bin\.cache\dev\editor\bundled\index.js:48480:27)
    at Scene._activate (C:\ProgramData\cocos\editors\Creator\3.8.7\resources\resources\3d\engine\bin\.cache\dev\editor\bundled\index.js:56317:44)
    at Director.runSceneImmediate (C:\ProgramData\cocos\editors\Creator\3.8.7\resources\resources\3d\engine\bin\.cache\dev\editor\bundled\index.js:88394:17)
    at C:\ProgramData\cocos\editors\Creator\3.8.7\resources\app.asar\builtin\scene\dist\script\3d\manager\scene\utils.ccc:1:1112
    at new Promise (<anonymous>)
    at SceneUtil.loadSceneByNode (C:\ProgramData\cocos\editors\Creator\3.8.7\resources\app.asar\builtin\scene\dist\script\3d\manager\scene\utils.ccc:1:800)
    at PrefabSceneProxy._loadPrefabById (C:\ProgramData\cocos\editors\Creator\3.8.7\resources\app.asar\builtin\scene\dist\script\3d\manager\scene\proxy\prefab-scene-proxy.ccc:1:2613)
    at PrefabSceneProxy.open (C:\ProgramData\cocos\editors\Creator\3.8.7\resources\app.asar\builtin\scene\dist\script\3d\manager\scene\proxy\prefab-scene-proxy.ccc:1:1055)
    at PrefabSceneFacade.openScene (C:\ProgramData\cocos\editors\Creator\3.8.7\resources\app.asar\builtin\scene\dist\script\3d\facade\prefab-scene-facade.ccc:1:1422)
    at SceneFacadeManager.openScene (C:\ProgramData\cocos\editors\Creator\3.8.7\resources\app.asar\builtin\scene\dist\script\3d\facade\scene-facade-manager.ccc:1:7766)
2026-6-12 11:40:47 - warn: [Scene] Instancing/Batching enabled for non-baked skinning model or used AnimationController 'Monster_0/胖丧尸_待机/pangsangshi01', this may result in unexpected rendering artifacts. Consider turning it off in the material if you do not intend to do this.Error: [Scene] Instancing/Batching enabled for non-baked skinning model or used AnimationController 'Monster_0/胖丧尸_待机/pangsangshi01', this may result in unexpected rendering artifacts. Consider turning it off in the material if you do not intend to do this.
    at console.warn (C:\ProgramData\cocos\editors\Creator\3.8.7\resources\app.asar\node_modules\@sentry\core\src\utils-hoist\instrument\console.ts:40:14)
    at warn (C:\ProgramData\cocos\editors\Creator\3.8.7\resources\resources\3d\engine\bin\.cache\dev\editor\bundled\index.js:165229:12)
    at warnID (C:\ProgramData\cocos\editors\Creator\3.8.7\resources\resources\3d\engine\bin\.cache\dev\editor\bundled\index.js:165417:5)
    at SkinningModel._updateInstancedAttributes (C:\ProgramData\cocos\editors\Creator\3.8.7\resources\resources\3d\engine\bin\.cache\dev\editor\bundled\index.js:114285:13)
    at SkinningModel._updateAttributesAndBinding (C:\ProgramData\cocos\editors\Creator\3.8.7\resources\resources\3d\engine\bin\.cache\dev\editor\bundled\index.js:242018:16)
    at SkinningModel.initSubModel (C:\ProgramData\cocos\editors\Creator\3.8.7\resources\resources\3d\engine\bin\.cache\dev\editor\bundled\index.js:241679:16)
    at SkinningModel.initSubModel (C:\ProgramData\cocos\editors\Creator\3.8.7\resources\resources\3d\engine\bin\.cache\dev\editor\bundled\index.js:113885:24)
    at SkinningModel.initSubModel (C:\ProgramData\cocos\editors\Creator\3.8.7\resources\resources\3d\engine\bin\.cache\dev\editor\bundled\index.js:114249:17)
    at SkinnedMeshRenderer._updateModelParams (C:\ProgramData\cocos\editors\Creator\3.8.7\resources\resources\3d\engine\bin\.cache\dev\editor\bundled\index.js:110770:29)
    at SkinnedMeshRenderer._updateModelParams (C:\ProgramData\cocos\editors\Creator\3.8.7\resources\resources\3d\engine\bin\.cache\dev\editor\bundled\index.js:119252:17)
    at SkinnedMeshRenderer._updateModels (C:\ProgramData\cocos\editors\Creator\3.8.7\resources\resources\3d\engine\bin\.cache\dev\editor\bundled\index.js:110674:18)
    at SkinnedMeshRenderer.setUseBakedAnimation (C:\ProgramData\cocos\editors\Creator\3.8.7\resources\resources\3d\engine\bin\.cache\dev\editor\bundled\index.js:119235:18)
    at SkeletalAnimation.notifySkinnedMeshAdded (C:\ProgramData\cocos\editors\Creator\3.8.7\resources\resources\3d\engine\bin\.cache\dev\editor\bundled\index.js:118291:31)
    at SkinnedMeshRenderer._tryBindAnimation (C:\ProgramData\cocos\editors\Creator\3.8.7\resources\resources\3d\engine\bin\.cache\dev\editor\bundled\index.js:119273:23)
    at SkinnedMeshRenderer.onLoad (C:\ProgramData\cocos\editors\Creator\3.8.7\resources\resources\3d\engine\bin\.cache\dev\editor\bundled\index.js:119205:16)
    at eval (C:\ProgramData\cocos\editors\Creator\3.8.7\resources\resources\3d\engine\bin\.cache\dev\editor\bundled\index.js:48429:132)
    at OneOffInvoker.eval [as _invoke] (C:\ProgramData\cocos\editors\Creator\3.8.7\resources\resources\3d\engine\bin\.cache\dev\editor\bundled\index.js:46343:9)
    at OneOffInvoker.invoke (C:\ProgramData\cocos\editors\Creator\3.8.7\resources\resources\3d\engine\bin\.cache\dev\editor\bundled\index.js:46462:18)
    at NodeActivator.activateNode (C:\ProgramData\cocos\editors\Creator\3.8.7\resources\resources\3d\engine\bin\.cache\dev\editor\bundled\index.js:48480:27)
    at Scene._activate (C:\ProgramData\cocos\editors\Creator\3.8.7\resources\resources\3d\engine\bin\.cache\dev\editor\bundled\index.js:56317:44)
    at Director.runSceneImmediate (C:\ProgramData\cocos\editors\Creator\3.8.7\resources\resources\3d\engine\bin\.cache\dev\editor\bundled\index.js:88394:17)
    at C:\ProgramData\cocos\editors\Creator\3.8.7\resources\app.asar\builtin\scene\dist\script\3d\manager\scene\utils.ccc:1:1112
    at new Promise (<anonymous>)
    at SceneUtil.loadSceneByNode (C:\ProgramData\cocos\editors\Creator\3.8.7\resources\app.asar\builtin\scene\dist\script\3d\manager\scene\utils.ccc:1:800)
    at PrefabSceneProxy._loadPrefabById (C:\ProgramData\cocos\editors\Creator\3.8.7\resources\app.asar\builtin\scene\dist\script\3d\manager\scene\proxy\prefab-scene-proxy.ccc:1:2613)
    at PrefabSceneProxy.open (C:\ProgramData\cocos\editors\Creator\3.8.7\resources\app.asar\builtin\scene\dist\script\3d\manager\scene\proxy\prefab-scene-proxy.ccc:1:1055)
    at PrefabSceneFacade.openScene (C:\ProgramData\cocos\editors\Creator\3.8.7\resources\app.asar\builtin\scene\dist\script\3d\facade\prefab-scene-facade.ccc:1:1422)
    at SceneFacadeManager.openScene (C:\ProgramData\cocos\editors\Creator\3.8.7\resources\app.asar\builtin\scene\dist\script\3d\facade\scene-facade-manager.ccc:1:7766)
2026-6-12 11:40:48 - warn: [Scene] Instancing/Batching enabled for non-baked skinning model or used AnimationController 'Monster_0/胖丧尸_待机/pangsangshi01', this may result in unexpected rendering artifacts. Consider turning it off in the material if you do not intend to do this.Error: [Scene] Instancing/Batching enabled for non-baked skinning model or used AnimationController 'Monster_0/胖丧尸_待机/pangsangshi01', this may result in unexpected rendering artifacts. Consider turning it off in the material if you do not intend to do this.
    at console.warn (C:\ProgramData\cocos\editors\Creator\3.8.7\resources\app.asar\node_modules\@sentry\core\src\utils-hoist\instrument\console.ts:40:14)
    at warn (C:\ProgramData\cocos\editors\Creator\3.8.7\resources\resources\3d\engine\bin\.cache\dev\editor\bundled\index.js:165229:12)
    at warnID (C:\ProgramData\cocos\editors\Creator\3.8.7\resources\resources\3d\engine\bin\.cache\dev\editor\bundled\index.js:165417:5)
    at SkinningModel._updateInstancedAttributes (C:\ProgramData\cocos\editors\Creator\3.8.7\resources\resources\3d\engine\bin\.cache\dev\editor\bundled\index.js:114285:13)
    at SkinningModel._updateAttributesAndBinding (C:\ProgramData\cocos\editors\Creator\3.8.7\resources\resources\3d\engine\bin\.cache\dev\editor\bundled\index.js:242018:16)
    at SkinningModel.initSubModel (C:\ProgramData\cocos\editors\Creator\3.8.7\resources\resources\3d\engine\bin\.cache\dev\editor\bundled\index.js:241679:16)
    at SkinningModel.initSubModel (C:\ProgramData\cocos\editors\Creator\3.8.7\resources\resources\3d\engine\bin\.cache\dev\editor\bundled\index.js:113885:24)
    at SkinningModel.initSubModel (C:\ProgramData\cocos\editors\Creator\3.8.7\resources\resources\3d\engine\bin\.cache\dev\editor\bundled\index.js:114249:17)
    at SkinnedMeshRenderer._updateModelParams (C:\ProgramData\cocos\editors\Creator\3.8.7\resources\resources\3d\engine\bin\.cache\dev\editor\bundled\index.js:110770:29)
    at SkinnedMeshRenderer._updateModelParams (C:\ProgramData\cocos\editors\Creator\3.8.7\resources\resources\3d\engine\bin\.cache\dev\editor\bundled\index.js:119252:17)
    at SkinnedMeshRenderer._updateModels (C:\ProgramData\cocos\editors\Creator\3.8.7\resources\resources\3d\engine\bin\.cache\dev\editor\bundled\index.js:110674:18)
    at SkinnedMeshRenderer.onLoad (C:\ProgramData\cocos\editors\Creator\3.8.7\resources\resources\3d\engine\bin\.cache\dev\editor\bundled\index.js:110329:16)
    at SkinnedMeshRenderer.onLoad (C:\ProgramData\cocos\editors\Creator\3.8.7\resources\resources\3d\engine\bin\.cache\dev\editor\bundled\index.js:119204:17)
    at eval (C:\ProgramData\cocos\editors\Creator\3.8.7\resources\resources\3d\engine\bin\.cache\dev\editor\bundled\index.js:48429:132)
    at OneOffInvoker.eval [as _invoke] (C:\ProgramData\cocos\editors\Creator\3.8.7\resources\resources\3d\engine\bin\.cache\dev\editor\bundled\index.js:46343:9)
    at OneOffInvoker.invoke (C:\ProgramData\cocos\editors\Creator\3.8.7\resources\resources\3d\engine\bin\.cache\dev\editor\bundled\index.js:46462:18)
    at NodeActivator.activateNode (C:\ProgramData\cocos\editors\Creator\3.8.7\resources\resources\3d\engine\bin\.cache\dev\editor\bundled\index.js:48480:27)
    at Node._onHierarchyChangedBase (C:\ProgramData\cocos\editors\Creator\3.8.7\resources\resources\3d\engine\bin\.cache\dev\editor\bundled\index.js:51243:46)
    at Node._onHierarchyChanged (C:\ProgramData\cocos\editors\Creator\3.8.7\resources\resources\3d\engine\bin\.cache\dev\editor\bundled\index.js:51809:16)
    at Node.setParent (C:\ProgramData\cocos\editors\Creator\3.8.7\resources\resources\3d\engine\bin\.cache\dev\editor\bundled\index.js:50331:16)
    at Scene.addChild (C:\ProgramData\cocos\editors\Creator\3.8.7\resources\resources\3d\engine\bin\.cache\dev\editor\bundled\index.js:50412:17)
    at PrefabPreview.setPrefab (C:\ProgramData\cocos\editors\Creator\3.8.7\resources\app.asar\builtin\scene\dist\script\3d\manager\preview\prefab-preview\index.ccc:1:1495)
2026-6-12 11:40:48 - warn: [Scene] Instancing/Batching enabled for non-baked skinning model or used AnimationController 'Monster_0/胖丧尸_待机/pangsangshi01', this may result in unexpected rendering artifacts. Consider turning it off in the material if you do not intend to do this.Error: [Scene] Instancing/Batching enabled for non-baked skinning model or used AnimationController 'Monster_0/胖丧尸_待机/pangsangshi01', this may result in unexpected rendering artifacts. Consider turning it off in the material if you do not intend to do this.
    at console.warn (C:\ProgramData\cocos\editors\Creator\3.8.7\resources\app.asar\node_modules\@sentry\core\src\utils-hoist\instrument\console.ts:40:14)
    at warn (C:\ProgramData\cocos\editors\Creator\3.8.7\resources\resources\3d\engine\bin\.cache\dev\editor\bundled\index.js:165229:12)
    at warnID (C:\ProgramData\cocos\editors\Creator\3.8.7\resources\resources\3d\engine\bin\.cache\dev\editor\bundled\index.js:165417:5)
    at SkinningModel._updateInstancedAttributes (C:\ProgramData\cocos\editors\Creator\3.8.7\resources\resources\3d\engine\bin\.cache\dev\editor\bundled\index.js:114285:13)
    at SkinningModel._updateAttributesAndBinding (C:\ProgramData\cocos\editors\Creator\3.8.7\resources\resources\3d\engine\bin\.cache\dev\editor\bundled\index.js:242018:16)
    at SkinningModel.initSubModel (C:\ProgramData\cocos\editors\Creator\3.8.7\resources\resources\3d\engine\bin\.cache\dev\editor\bundled\index.js:241679:16)
    at SkinningModel.initSubModel (C:\ProgramData\cocos\editors\Creator\3.8.7\resources\resources\3d\engine\bin\.cache\dev\editor\bundled\index.js:113885:24)
    at SkinningModel.initSubModel (C:\ProgramData\cocos\editors\Creator\3.8.7\resources\resources\3d\engine\bin\.cache\dev\editor\bundled\index.js:114249:17)
    at SkinnedMeshRenderer._updateModelParams (C:\ProgramData\cocos\editors\Creator\3.8.7\resources\resources\3d\engine\bin\.cache\dev\editor\bundled\index.js:110770:29)
    at SkinnedMeshRenderer._updateModelParams (C:\ProgramData\cocos\editors\Creator\3.8.7\resources\resources\3d\engine\bin\.cache\dev\editor\bundled\index.js:119252:17)
    at SkinnedMeshRenderer._updateModels (C:\ProgramData\cocos\editors\Creator\3.8.7\resources\resources\3d\engine\bin\.cache\dev\editor\bundled\index.js:110674:18)
    at SkinnedMeshRenderer.setUseBakedAnimation (C:\ProgramData\cocos\editors\Creator\3.8.7\resources\resources\3d\engine\bin\.cache\dev\editor\bundled\index.js:119235:18)
    at SkeletalAnimation.notifySkinnedMeshAdded (C:\ProgramData\cocos\editors\Creator\3.8.7\resources\resources\3d\engine\bin\.cache\dev\editor\bundled\index.js:118291:31)
    at SkinnedMeshRenderer._tryBindAnimation (C:\ProgramData\cocos\editors\Creator\3.8.7\resources\resources\3d\engine\bin\.cache\dev\editor\bundled\index.js:119273:23)
    at SkinnedMeshRenderer.onLoad (C:\ProgramData\cocos\editors\Creator\3.8.7\resources\resources\3d\engine\bin\.cache\dev\editor\bundled\index.js:119205:16)
    at eval (C:\ProgramData\cocos\editors\Creator\3.8.7\resources\resources\3d\engine\bin\.cache\dev\editor\bundled\index.js:48429:132)
    at OneOffInvoker.eval [as _invoke] (C:\ProgramData\cocos\editors\Creator\3.8.7\resources\resources\3d\engine\bin\.cache\dev\editor\bundled\index.js:46343:9)
    at OneOffInvoker.invoke (C:\ProgramData\cocos\editors\Creator\3.8.7\resources\resources\3d\engine\bin\.cache\dev\editor\bundled\index.js:46462:18)
    at NodeActivator.activateNode (C:\ProgramData\cocos\editors\Creator\3.8.7\resources\resources\3d\engine\bin\.cache\dev\editor\bundled\index.js:48480:27)
    at Node._onHierarchyChangedBase (C:\ProgramData\cocos\editors\Creator\3.8.7\resources\resources\3d\engine\bin\.cache\dev\editor\bundled\index.js:51243:46)
    at Node._onHierarchyChanged (C:\ProgramData\cocos\editors\Creator\3.8.7\resources\resources\3d\engine\bin\.cache\dev\editor\bundled\index.js:51809:16)
    at Node.setParent (C:\ProgramData\cocos\editors\Creator\3.8.7\resources\resources\3d\engine\bin\.cache\dev\editor\bundled\index.js:50331:16)
    at Scene.addChild (C:\ProgramData\cocos\editors\Creator\3.8.7\resources\resources\3d\engine\bin\.cache\dev\editor\bundled\index.js:50412:17)
    at PrefabPreview.setPrefab (C:\ProgramData\cocos\editors\Creator\3.8.7\resources\app.asar\builtin\scene\dist\script\3d\manager\preview\prefab-preview\index.ccc:1:1495)
2026-6-12 11:40:49 - warn: [Scene] Instancing/Batching enabled for non-baked skinning model or used AnimationController 'New Canvas/Monster_boss/boos_02_skin_1/boss_01', this may result in unexpected rendering artifacts. Consider turning it off in the material if you do not intend to do this.Error: [Scene] Instancing/Batching enabled for non-baked skinning model or used AnimationController 'New Canvas/Monster_boss/boos_02_skin_1/boss_01', this may result in unexpected rendering artifacts. Consider turning it off in the material if you do not intend to do this.
    at console.warn (C:\ProgramData\cocos\editors\Creator\3.8.7\resources\app.asar\node_modules\@sentry\core\src\utils-hoist\instrument\console.ts:40:14)
    at warn (C:\ProgramData\cocos\editors\Creator\3.8.7\resources\resources\3d\engine\bin\.cache\dev\editor\bundled\index.js:165229:12)
    at warnID (C:\ProgramData\cocos\editors\Creator\3.8.7\resources\resources\3d\engine\bin\.cache\dev\editor\bundled\index.js:165417:5)
    at SkinningModel._updateInstancedAttributes (C:\ProgramData\cocos\editors\Creator\3.8.7\resources\resources\3d\engine\bin\.cache\dev\editor\bundled\index.js:114285:13)
    at SkinningModel._updateAttributesAndBinding (C:\ProgramData\cocos\editors\Creator\3.8.7\resources\resources\3d\engine\bin\.cache\dev\editor\bundled\index.js:242018:16)
    at SkinningModel.initSubModel (C:\ProgramData\cocos\editors\Creator\3.8.7\resources\resources\3d\engine\bin\.cache\dev\editor\bundled\index.js:241679:16)
    at SkinningModel.initSubModel (C:\ProgramData\cocos\editors\Creator\3.8.7\resources\resources\3d\engine\bin\.cache\dev\editor\bundled\index.js:113885:24)
    at SkinningModel.initSubModel (C:\ProgramData\cocos\editors\Creator\3.8.7\resources\resources\3d\engine\bin\.cache\dev\editor\bundled\index.js:114249:17)
    at SkinnedMeshRenderer._updateModelParams (C:\ProgramData\cocos\editors\Creator\3.8.7\resources\resources\3d\engine\bin\.cache\dev\editor\bundled\index.js:110770:29)
    at SkinnedMeshRenderer._updateModelParams (C:\ProgramData\cocos\editors\Creator\3.8.7\resources\resources\3d\engine\bin\.cache\dev\editor\bundled\index.js:119252:17)
    at SkinnedMeshRenderer._updateModels (C:\ProgramData\cocos\editors\Creator\3.8.7\resources\resources\3d\engine\bin\.cache\dev\editor\bundled\index.js:110674:18)
    at SkinnedMeshRenderer.onLoad (C:\ProgramData\cocos\editors\Creator\3.8.7\resources\resources\3d\engine\bin\.cache\dev\editor\bundled\index.js:110329:16)
    at SkinnedMeshRenderer.onLoad (C:\ProgramData\cocos\editors\Creator\3.8.7\resources\resources\3d\engine\bin\.cache\dev\editor\bundled\index.js:119204:17)
    at eval (C:\ProgramData\cocos\editors\Creator\3.8.7\resources\resources\3d\engine\bin\.cache\dev\editor\bundled\index.js:48429:132)
    at OneOffInvoker.eval [as _invoke] (C:\ProgramData\cocos\editors\Creator\3.8.7\resources\resources\3d\engine\bin\.cache\dev\editor\bundled\index.js:46343:9)
    at OneOffInvoker.invoke (C:\ProgramData\cocos\editors\Creator\3.8.7\resources\resources\3d\engine\bin\.cache\dev\editor\bundled\index.js:46462:18)
    at NodeActivator.activateNode (C:\ProgramData\cocos\editors\Creator\3.8.7\resources\resources\3d\engine\bin\.cache\dev\editor\bundled\index.js:48480:27)
    at Node._onHierarchyChangedBase (C:\ProgramData\cocos\editors\Creator\3.8.7\resources\resources\3d\engine\bin\.cache\dev\editor\bundled\index.js:51243:46)
    at Node._onHierarchyChanged (C:\ProgramData\cocos\editors\Creator\3.8.7\resources\resources\3d\engine\bin\.cache\dev\editor\bundled\index.js:51809:16)
    at Node.setParent (C:\ProgramData\cocos\editors\Creator\3.8.7\resources\resources\3d\engine\bin\.cache\dev\editor\bundled\index.js:50331:16)
    at Node.addChild (C:\ProgramData\cocos\editors\Creator\3.8.7\resources\resources\3d\engine\bin\.cache\dev\editor\bundled\index.js:50412:17)
    at PrefabPreview.setPrefab (C:\ProgramData\cocos\editors\Creator\3.8.7\resources\app.asar\builtin\scene\dist\script\3d\manager\preview\prefab-preview\index.ccc:1:1495)
2026-6-12 11:40:49 - warn: [Scene] Instancing/Batching enabled for non-baked skinning model or used AnimationController 'New Canvas/Monster_boss/boos_02_skin_1/boss_01', this may result in unexpected rendering artifacts. Consider turning it off in the material if you do not intend to do this.Error: [Scene] Instancing/Batching enabled for non-baked skinning model or used AnimationController 'New Canvas/Monster_boss/boos_02_skin_1/boss_01', this may result in unexpected rendering artifacts. Consider turning it off in the material if you do not intend to do this.
    at console.warn (C:\ProgramData\cocos\editors\Creator\3.8.7\resources\app.asar\node_modules\@sentry\core\src\utils-hoist\instrument\console.ts:40:14)
    at warn (C:\ProgramData\cocos\editors\Creator\3.8.7\resources\resources\3d\engine\bin\.cache\dev\editor\bundled\index.js:165229:12)
    at warnID (C:\ProgramData\cocos\editors\Creator\3.8.7\resources\resources\3d\engine\bin\.cache\dev\editor\bundled\index.js:165417:5)
    at SkinningModel._updateInstancedAttributes (C:\ProgramData\cocos\editors\Creator\3.8.7\resources\resources\3d\engine\bin\.cache\dev\editor\bundled\index.js:114285:13)
    at SkinningModel._updateAttributesAndBinding (C:\ProgramData\cocos\editors\Creator\3.8.7\resources\resources\3d\engine\bin\.cache\dev\editor\bundled\index.js:242018:16)
    at SkinningModel.initSubModel (C:\ProgramData\cocos\editors\Creator\3.8.7\resources\resources\3d\engine\bin\.cache\dev\editor\bundled\index.js:241679:16)
    at SkinningModel.initSubModel (C:\ProgramData\cocos\editors\Creator\3.8.7\resources\resources\3d\engine\bin\.cache\dev\editor\bundled\index.js:113885:24)
    at SkinningModel.initSubModel (C:\ProgramData\cocos\editors\Creator\3.8.7\resources\resources\3d\engine\bin\.cache\dev\editor\bundled\index.js:114249:17)
    at SkinnedMeshRenderer._updateModelParams (C:\ProgramData\cocos\editors\Creator\3.8.7\resources\resources\3d\engine\bin\.cache\dev\editor\bundled\index.js:110770:29)
    at SkinnedMeshRenderer._updateModelParams (C:\ProgramData\cocos\editors\Creator\3.8.7\resources\resources\3d\engine\bin\.cache\dev\editor\bundled\index.js:119252:17)
    at SkinnedMeshRenderer._updateModels (C:\ProgramData\cocos\editors\Creator\3.8.7\resources\resources\3d\engine\bin\.cache\dev\editor\bundled\index.js:110674:18)
    at SkinnedMeshRenderer.setUseBakedAnimation (C:\ProgramData\cocos\editors\Creator\3.8.7\resources\resources\3d\engine\bin\.cache\dev\editor\bundled\index.js:119235:18)
    at SkeletalAnimation.notifySkinnedMeshAdded (C:\ProgramData\cocos\editors\Creator\3.8.7\resources\resources\3d\engine\bin\.cache\dev\editor\bundled\index.js:118291:31)
    at SkinnedMeshRenderer._tryBindAnimation (C:\ProgramData\cocos\editors\Creator\3.8.7\resources\resources\3d\engine\bin\.cache\dev\editor\bundled\index.js:119273:23)
    at SkinnedMeshRenderer.onLoad (C:\ProgramData\cocos\editors\Creator\3.8.7\resources\resources\3d\engine\bin\.cache\dev\editor\bundled\index.js:119205:16)
    at eval (C:\ProgramData\cocos\editors\Creator\3.8.7\resources\resources\3d\engine\bin\.cache\dev\editor\bundled\index.js:48429:132)
    at OneOffInvoker.eval [as _invoke] (C:\ProgramData\cocos\editors\Creator\3.8.7\resources\resources\3d\engine\bin\.cache\dev\editor\bundled\index.js:46343:9)
    at OneOffInvoker.invoke (C:\ProgramData\cocos\editors\Creator\3.8.7\resources\resources\3d\engine\bin\.cache\dev\editor\bundled\index.js:46462:18)
    at NodeActivator.activateNode (C:\ProgramData\cocos\editors\Creator\3.8.7\resources\resources\3d\engine\bin\.cache\dev\editor\bundled\index.js:48480:27)
    at Node._onHierarchyChangedBase (C:\ProgramData\cocos\editors\Creator\3.8.7\resources\resources\3d\engine\bin\.cache\dev\editor\bundled\index.js:51243:46)
    at Node._onHierarchyChanged (C:\ProgramData\cocos\editors\Creator\3.8.7\resources\resources\3d\engine\bin\.cache\dev\editor\bundled\index.js:51809:16)
    at Node.setParent (C:\ProgramData\cocos\editors\Creator\3.8.7\resources\resources\3d\engine\bin\.cache\dev\editor\bundled\index.js:50331:16)
    at Node.addChild (C:\ProgramData\cocos\editors\Creator\3.8.7\resources\resources\3d\engine\bin\.cache\dev\editor\bundled\index.js:50412:17)
    at PrefabPreview.setPrefab (C:\ProgramData\cocos\editors\Creator\3.8.7\resources\app.asar\builtin\scene\dist\script\3d\manager\preview\prefab-preview\index.ccc:1:1495)
2026-6-12 11:40:50 - warn: [Scene] Instancing/Batching enabled for non-baked skinning model or used AnimationController 'Monster_0/胖丧尸_待机/pangsangshi01', this may result in unexpected rendering artifacts. Consider turning it off in the material if you do not intend to do this.Error: [Scene] Instancing/Batching enabled for non-baked skinning model or used AnimationController 'Monster_0/胖丧尸_待机/pangsangshi01', this may result in unexpected rendering artifacts. Consider turning it off in the material if you do not intend to do this.
    at console.warn (C:\ProgramData\cocos\editors\Creator\3.8.7\resources\app.asar\node_modules\@sentry\core\src\utils-hoist\instrument\console.ts:40:14)
    at warn (C:\ProgramData\cocos\editors\Creator\3.8.7\resources\resources\3d\engine\bin\.cache\dev\editor\bundled\index.js:165229:12)
    at warnID (C:\ProgramData\cocos\editors\Creator\3.8.7\resources\resources\3d\engine\bin\.cache\dev\editor\bundled\index.js:165417:5)
    at SkinningModel._updateInstancedAttributes (C:\ProgramData\cocos\editors\Creator\3.8.7\resources\resources\3d\engine\bin\.cache\dev\editor\bundled\index.js:114285:13)
    at SkinningModel._updateAttributesAndBinding (C:\ProgramData\cocos\editors\Creator\3.8.7\resources\resources\3d\engine\bin\.cache\dev\editor\bundled\index.js:242018:16)
    at SkinningModel.initSubModel (C:\ProgramData\cocos\editors\Creator\3.8.7\resources\resources\3d\engine\bin\.cache\dev\editor\bundled\index.js:241679:16)
    at SkinningModel.initSubModel (C:\ProgramData\cocos\editors\Creator\3.8.7\resources\resources\3d\engine\bin\.cache\dev\editor\bundled\index.js:113885:24)
    at SkinningModel.initSubModel (C:\ProgramData\cocos\editors\Creator\3.8.7\resources\resources\3d\engine\bin\.cache\dev\editor\bundled\index.js:114249:17)
    at SkinnedMeshRenderer._updateModelParams (C:\ProgramData\cocos\editors\Creator\3.8.7\resources\resources\3d\engine\bin\.cache\dev\editor\bundled\index.js:110770:29)
    at SkinnedMeshRenderer._updateModelParams (C:\ProgramData\cocos\editors\Creator\3.8.7\resources\resources\3d\engine\bin\.cache\dev\editor\bundled\index.js:119252:17)
    at SkinnedMeshRenderer._updateModels (C:\ProgramData\cocos\editors\Creator\3.8.7\resources\resources\3d\engine\bin\.cache\dev\editor\bundled\index.js:110674:18)
    at SkinnedMeshRenderer.onLoad (C:\ProgramData\cocos\editors\Creator\3.8.7\resources\resources\3d\engine\bin\.cache\dev\editor\bundled\index.js:110329:16)
    at SkinnedMeshRenderer.onLoad (C:\ProgramData\cocos\editors\Creator\3.8.7\resources\resources\3d\engine\bin\.cache\dev\editor\bundled\index.js:119204:17)
    at eval (C:\ProgramData\cocos\editors\Creator\3.8.7\resources\resources\3d\engine\bin\.cache\dev\editor\bundled\index.js:48429:132)
    at OneOffInvoker.eval [as _invoke] (C:\ProgramData\cocos\editors\Creator\3.8.7\resources\resources\3d\engine\bin\.cache\dev\editor\bundled\index.js:46343:9)
    at OneOffInvoker.invoke (C:\ProgramData\cocos\editors\Creator\3.8.7\resources\resources\3d\engine\bin\.cache\dev\editor\bundled\index.js:46462:18)
    at NodeActivator.activateNode (C:\ProgramData\cocos\editors\Creator\3.8.7\resources\resources\3d\engine\bin\.cache\dev\editor\bundled\index.js:48480:27)
    at Node._onHierarchyChangedBase (C:\ProgramData\cocos\editors\Creator\3.8.7\resources\resources\3d\engine\bin\.cache\dev\editor\bundled\index.js:51243:46)
    at Node._onHierarchyChanged (C:\ProgramData\cocos\editors\Creator\3.8.7\resources\resources\3d\engine\bin\.cache\dev\editor\bundled\index.js:51809:16)
    at Node.setParent (C:\ProgramData\cocos\editors\Creator\3.8.7\resources\resources\3d\engine\bin\.cache\dev\editor\bundled\index.js:50331:16)
    at Scene.addChild (C:\ProgramData\cocos\editors\Creator\3.8.7\resources\resources\3d\engine\bin\.cache\dev\editor\bundled\index.js:50412:17)
    at PrefabPreview.setPrefab (C:\ProgramData\cocos\editors\Creator\3.8.7\resources\app.asar\builtin\scene\dist\script\3d\manager\preview\prefab-preview\index.ccc:1:1495)
2026-6-12 11:40:50 - warn: [Scene] Instancing/Batching enabled for non-baked skinning model or used AnimationController 'Monster_0/胖丧尸_待机/pangsangshi01', this may result in unexpected rendering artifacts. Consider turning it off in the material if you do not intend to do this.Error: [Scene] Instancing/Batching enabled for non-baked skinning model or used AnimationController 'Monster_0/胖丧尸_待机/pangsangshi01', this may result in unexpected rendering artifacts. Consider turning it off in the material if you do not intend to do this.
    at console.warn (C:\ProgramData\cocos\editors\Creator\3.8.7\resources\app.asar\node_modules\@sentry\core\src\utils-hoist\instrument\console.ts:40:14)
    at warn (C:\ProgramData\cocos\editors\Creator\3.8.7\resources\resources\3d\engine\bin\.cache\dev\editor\bundled\index.js:165229:12)
    at warnID (C:\ProgramData\cocos\editors\Creator\3.8.7\resources\resources\3d\engine\bin\.cache\dev\editor\bundled\index.js:165417:5)
    at SkinningModel._updateInstancedAttributes (C:\ProgramData\cocos\editors\Creator\3.8.7\resources\resources\3d\engine\bin\.cache\dev\editor\bundled\index.js:114285:13)
    at SkinningModel._updateAttributesAndBinding (C:\ProgramData\cocos\editors\Creator\3.8.7\resources\resources\3d\engine\bin\.cache\dev\editor\bundled\index.js:242018:16)
    at SkinningModel.initSubModel (C:\ProgramData\cocos\editors\Creator\3.8.7\resources\resources\3d\engine\bin\.cache\dev\editor\bundled\index.js:241679:16)
    at SkinningModel.initSubModel (C:\ProgramData\cocos\editors\Creator\3.8.7\resources\resources\3d\engine\bin\.cache\dev\editor\bundled\index.js:113885:24)
    at SkinningModel.initSubModel (C:\ProgramData\cocos\editors\Creator\3.8.7\resources\resources\3d\engine\bin\.cache\dev\editor\bundled\index.js:114249:17)
    at SkinnedMeshRenderer._updateModelParams (C:\ProgramData\cocos\editors\Creator\3.8.7\resources\resources\3d\engine\bin\.cache\dev\editor\bundled\index.js:110770:29)
    at SkinnedMeshRenderer._updateModelParams (C:\ProgramData\cocos\editors\Creator\3.8.7\resources\resources\3d\engine\bin\.cache\dev\editor\bundled\index.js:119252:17)
    at SkinnedMeshRenderer._updateModels (C:\ProgramData\cocos\editors\Creator\3.8.7\resources\resources\3d\engine\bin\.cache\dev\editor\bundled\index.js:110674:18)
    at SkinnedMeshRenderer.setUseBakedAnimation (C:\ProgramData\cocos\editors\Creator\3.8.7\resources\resources\3d\engine\bin\.cache\dev\editor\bundled\index.js:119235:18)
    at SkeletalAnimation.notifySkinnedMeshAdded (C:\ProgramData\cocos\editors\Creator\3.8.7\resources\resources\3d\engine\bin\.cache\dev\editor\bundled\index.js:118291:31)
    at SkinnedMeshRenderer._tryBindAnimation (C:\ProgramData\cocos\editors\Creator\3.8.7\resources\resources\3d\engine\bin\.cache\dev\editor\bundled\index.js:119273:23)
    at SkinnedMeshRenderer.onLoad (C:\ProgramData\cocos\editors\Creator\3.8.7\resources\resources\3d\engine\bin\.cache\dev\editor\bundled\index.js:119205:16)
    at eval (C:\ProgramData\cocos\editors\Creator\3.8.7\resources\resources\3d\engine\bin\.cache\dev\editor\bundled\index.js:48429:132)
    at OneOffInvoker.eval [as _invoke] (C:\ProgramData\cocos\editors\Creator\3.8.7\resources\resources\3d\engine\bin\.cache\dev\editor\bundled\index.js:46343:9)
    at OneOffInvoker.invoke (C:\ProgramData\cocos\editors\Creator\3.8.7\resources\resources\3d\engine\bin\.cache\dev\editor\bundled\index.js:46462:18)
    at NodeActivator.activateNode (C:\ProgramData\cocos\editors\Creator\3.8.7\resources\resources\3d\engine\bin\.cache\dev\editor\bundled\index.js:48480:27)
    at Node._onHierarchyChangedBase (C:\ProgramData\cocos\editors\Creator\3.8.7\resources\resources\3d\engine\bin\.cache\dev\editor\bundled\index.js:51243:46)
    at Node._onHierarchyChanged (C:\ProgramData\cocos\editors\Creator\3.8.7\resources\resources\3d\engine\bin\.cache\dev\editor\bundled\index.js:51809:16)
    at Node.setParent (C:\ProgramData\cocos\editors\Creator\3.8.7\resources\resources\3d\engine\bin\.cache\dev\editor\bundled\index.js:50331:16)
    at Scene.addChild (C:\ProgramData\cocos\editors\Creator\3.8.7\resources\resources\3d\engine\bin\.cache\dev\editor\bundled\index.js:50412:17)
    at PrefabPreview.setPrefab (C:\ProgramData\cocos\editors\Creator\3.8.7\resources\app.asar\builtin\scene\dist\script\3d\manager\preview\prefab-preview\index.ccc:1:1495)
2026-6-12 11:40:56 - warn: [Scene] Instancing/Batching enabled for non-baked skinning model or used AnimationController 'Role_2/big_dazhuang_3_D/big_dazhuang_01', this may result in unexpected rendering artifacts. Consider turning it off in the material if you do not intend to do this.Error: [Scene] Instancing/Batching enabled for non-baked skinning model or used AnimationController 'Role_2/big_dazhuang_3_D/big_dazhuang_01', this may result in unexpected rendering artifacts. Consider turning it off in the material if you do not intend to do this.
    at console.warn (C:\ProgramData\cocos\editors\Creator\3.8.7\resources\app.asar\node_modules\@sentry\core\src\utils-hoist\instrument\console.ts:40:14)
    at warn (C:\ProgramData\cocos\editors\Creator\3.8.7\resources\resources\3d\engine\bin\.cache\dev\editor\bundled\index.js:165229:12)
    at warnID (C:\ProgramData\cocos\editors\Creator\3.8.7\resources\resources\3d\engine\bin\.cache\dev\editor\bundled\index.js:165417:5)
    at SkinningModel._updateInstancedAttributes (C:\ProgramData\cocos\editors\Creator\3.8.7\resources\resources\3d\engine\bin\.cache\dev\editor\bundled\index.js:114285:13)
    at SkinningModel._updateAttributesAndBinding (C:\ProgramData\cocos\editors\Creator\3.8.7\resources\resources\3d\engine\bin\.cache\dev\editor\bundled\index.js:242018:16)
    at SkinningModel.initSubModel (C:\ProgramData\cocos\editors\Creator\3.8.7\resources\resources\3d\engine\bin\.cache\dev\editor\bundled\index.js:241679:16)
    at SkinningModel.initSubModel (C:\ProgramData\cocos\editors\Creator\3.8.7\resources\resources\3d\engine\bin\.cache\dev\editor\bundled\index.js:113885:24)
    at SkinningModel.initSubModel (C:\ProgramData\cocos\editors\Creator\3.8.7\resources\resources\3d\engine\bin\.cache\dev\editor\bundled\index.js:114249:17)
    at SkinnedMeshRenderer._updateModelParams (C:\ProgramData\cocos\editors\Creator\3.8.7\resources\resources\3d\engine\bin\.cache\dev\editor\bundled\index.js:110770:29)
    at SkinnedMeshRenderer._updateModelParams (C:\ProgramData\cocos\editors\Creator\3.8.7\resources\resources\3d\engine\bin\.cache\dev\editor\bundled\index.js:119252:17)
    at SkinnedMeshRenderer._updateModels (C:\ProgramData\cocos\editors\Creator\3.8.7\resources\resources\3d\engine\bin\.cache\dev\editor\bundled\index.js:110674:18)
    at SkinnedMeshRenderer.onLoad (C:\ProgramData\cocos\editors\Creator\3.8.7\resources\resources\3d\engine\bin\.cache\dev\editor\bundled\index.js:110329:16)
    at SkinnedMeshRenderer.onLoad (C:\ProgramData\cocos\editors\Creator\3.8.7\resources\resources\3d\engine\bin\.cache\dev\editor\bundled\index.js:119204:17)
    at eval (C:\ProgramData\cocos\editors\Creator\3.8.7\resources\resources\3d\engine\bin\.cache\dev\editor\bundled\index.js:48429:132)
    at OneOffInvoker.eval [as _invoke] (C:\ProgramData\cocos\editors\Creator\3.8.7\resources\resources\3d\engine\bin\.cache\dev\editor\bundled\index.js:46343:9)
    at OneOffInvoker.invoke (C:\ProgramData\cocos\editors\Creator\3.8.7\resources\resources\3d\engine\bin\.cache\dev\editor\bundled\index.js:46462:18)
    at NodeActivator.activateNode (C:\ProgramData\cocos\editors\Creator\3.8.7\resources\resources\3d\engine\bin\.cache\dev\editor\bundled\index.js:48480:27)
    at Node._onHierarchyChangedBase (C:\ProgramData\cocos\editors\Creator\3.8.7\resources\resources\3d\engine\bin\.cache\dev\editor\bundled\index.js:51243:46)
    at Node._onHierarchyChanged (C:\ProgramData\cocos\editors\Creator\3.8.7\resources\resources\3d\engine\bin\.cache\dev\editor\bundled\index.js:51809:16)
    at Node.setParent (C:\ProgramData\cocos\editors\Creator\3.8.7\resources\resources\3d\engine\bin\.cache\dev\editor\bundled\index.js:50331:16)
    at Scene.addChild (C:\ProgramData\cocos\editors\Creator\3.8.7\resources\resources\3d\engine\bin\.cache\dev\editor\bundled\index.js:50412:17)
    at PrefabPreview.setPrefab (C:\ProgramData\cocos\editors\Creator\3.8.7\resources\app.asar\builtin\scene\dist\script\3d\manager\preview\prefab-preview\index.ccc:1:1495)
2026-6-12 11:40:56 - warn: [Scene] Instancing/Batching enabled for non-baked skinning model or used AnimationController 'Role_2/big_dazhuang_3_D/big_dazhuang_01', this may result in unexpected rendering artifacts. Consider turning it off in the material if you do not intend to do this.Error: [Scene] Instancing/Batching enabled for non-baked skinning model or used AnimationController 'Role_2/big_dazhuang_3_D/big_dazhuang_01', this may result in unexpected rendering artifacts. Consider turning it off in the material if you do not intend to do this.
    at console.warn (C:\ProgramData\cocos\editors\Creator\3.8.7\resources\app.asar\node_modules\@sentry\core\src\utils-hoist\instrument\console.ts:40:14)
    at warn (C:\ProgramData\cocos\editors\Creator\3.8.7\resources\resources\3d\engine\bin\.cache\dev\editor\bundled\index.js:165229:12)
    at warnID (C:\ProgramData\cocos\editors\Creator\3.8.7\resources\resources\3d\engine\bin\.cache\dev\editor\bundled\index.js:165417:5)
    at SkinningModel._updateInstancedAttributes (C:\ProgramData\cocos\editors\Creator\3.8.7\resources\resources\3d\engine\bin\.cache\dev\editor\bundled\index.js:114285:13)
    at SkinningModel._updateAttributesAndBinding (C:\ProgramData\cocos\editors\Creator\3.8.7\resources\resources\3d\engine\bin\.cache\dev\editor\bundled\index.js:242018:16)
    at SkinningModel.initSubModel (C:\ProgramData\cocos\editors\Creator\3.8.7\resources\resources\3d\engine\bin\.cache\dev\editor\bundled\index.js:241679:16)
    at SkinningModel.initSubModel (C:\ProgramData\cocos\editors\Creator\3.8.7\resources\resources\3d\engine\bin\.cache\dev\editor\bundled\index.js:113885:24)
    at SkinningModel.initSubModel (C:\ProgramData\cocos\editors\Creator\3.8.7\resources\resources\3d\engine\bin\.cache\dev\editor\bundled\index.js:114249:17)
    at SkinnedMeshRenderer._updateModelParams (C:\ProgramData\cocos\editors\Creator\3.8.7\resources\resources\3d\engine\bin\.cache\dev\editor\bundled\index.js:110770:29)
    at SkinnedMeshRenderer._updateModelParams (C:\ProgramData\cocos\editors\Creator\3.8.7\resources\resources\3d\engine\bin\.cache\dev\editor\bundled\index.js:119252:17)
    at SkinnedMeshRenderer._updateModels (C:\ProgramData\cocos\editors\Creator\3.8.7\resources\resources\3d\engine\bin\.cache\dev\editor\bundled\index.js:110674:18)
    at SkinnedMeshRenderer.onLoad (C:\ProgramData\cocos\editors\Creator\3.8.7\resources\resources\3d\engine\bin\.cache\dev\editor\bundled\index.js:110329:16)
    at SkinnedMeshRenderer.onLoad (C:\ProgramData\cocos\editors\Creator\3.8.7\resources\resources\3d\engine\bin\.cache\dev\editor\bundled\index.js:119204:17)
    at eval (C:\ProgramData\cocos\editors\Creator\3.8.7\resources\resources\3d\engine\bin\.cache\dev\editor\bundled\index.js:48429:132)
    at OneOffInvoker.eval [as _invoke] (C:\ProgramData\cocos\editors\Creator\3.8.7\resources\resources\3d\engine\bin\.cache\dev\editor\bundled\index.js:46343:9)
    at OneOffInvoker.invoke (C:\ProgramData\cocos\editors\Creator\3.8.7\resources\resources\3d\engine\bin\.cache\dev\editor\bundled\index.js:46462:18)
    at NodeActivator.activateNode (C:\ProgramData\cocos\editors\Creator\3.8.7\resources\resources\3d\engine\bin\.cache\dev\editor\bundled\index.js:48480:27)
    at Node._onHierarchyChangedBase (C:\ProgramData\cocos\editors\Creator\3.8.7\resources\resources\3d\engine\bin\.cache\dev\editor\bundled\index.js:51243:46)
    at Node._onHierarchyChanged (C:\ProgramData\cocos\editors\Creator\3.8.7\resources\resources\3d\engine\bin\.cache\dev\editor\bundled\index.js:51809:16)
    at Node.setParent (C:\ProgramData\cocos\editors\Creator\3.8.7\resources\resources\3d\engine\bin\.cache\dev\editor\bundled\index.js:50331:16)
    at Scene.addChild (C:\ProgramData\cocos\editors\Creator\3.8.7\resources\resources\3d\engine\bin\.cache\dev\editor\bundled\index.js:50412:17)
    at PrefabPreview.setPrefab (C:\ProgramData\cocos\editors\Creator\3.8.7\resources\app.asar\builtin\scene\dist\script\3d\manager\preview\prefab-preview\index.ccc:1:1495)
2026-6-12 11:40:56 - warn: [Scene] Instancing/Batching enabled for non-baked skinning model or used AnimationController 'Role_2/big_dazhuang_3_D/big_dazhuang_01', this may result in unexpected rendering artifacts. Consider turning it off in the material if you do not intend to do this.Error: [Scene] Instancing/Batching enabled for non-baked skinning model or used AnimationController 'Role_2/big_dazhuang_3_D/big_dazhuang_01', this may result in unexpected rendering artifacts. Consider turning it off in the material if you do not intend to do this.
    at console.warn (C:\ProgramData\cocos\editors\Creator\3.8.7\resources\app.asar\node_modules\@sentry\core\src\utils-hoist\instrument\console.ts:40:14)
    at warn (C:\ProgramData\cocos\editors\Creator\3.8.7\resources\resources\3d\engine\bin\.cache\dev\editor\bundled\index.js:165229:12)
    at warnID (C:\ProgramData\cocos\editors\Creator\3.8.7\resources\resources\3d\engine\bin\.cache\dev\editor\bundled\index.js:165417:5)
    at SkinningModel._updateInstancedAttributes (C:\ProgramData\cocos\editors\Creator\3.8.7\resources\resources\3d\engine\bin\.cache\dev\editor\bundled\index.js:114285:13)
    at SkinningModel._updateAttributesAndBinding (C:\ProgramData\cocos\editors\Creator\3.8.7\resources\resources\3d\engine\bin\.cache\dev\editor\bundled\index.js:242018:16)
    at SkinningModel.initSubModel (C:\ProgramData\cocos\editors\Creator\3.8.7\resources\resources\3d\engine\bin\.cache\dev\editor\bundled\index.js:241679:16)
    at SkinningModel.initSubModel (C:\ProgramData\cocos\editors\Creator\3.8.7\resources\resources\3d\engine\bin\.cache\dev\editor\bundled\index.js:113885:24)
    at SkinningModel.initSubModel (C:\ProgramData\cocos\editors\Creator\3.8.7\resources\resources\3d\engine\bin\.cache\dev\editor\bundled\index.js:114249:17)
    at SkinnedMeshRenderer._updateModelParams (C:\ProgramData\cocos\editors\Creator\3.8.7\resources\resources\3d\engine\bin\.cache\dev\editor\bundled\index.js:110770:29)
    at SkinnedMeshRenderer._updateModelParams (C:\ProgramData\cocos\editors\Creator\3.8.7\resources\resources\3d\engine\bin\.cache\dev\editor\bundled\index.js:119252:17)
    at SkinnedMeshRenderer._updateModels (C:\ProgramData\cocos\editors\Creator\3.8.7\resources\resources\3d\engine\bin\.cache\dev\editor\bundled\index.js:110674:18)
    at SkinnedMeshRenderer.setUseBakedAnimation (C:\ProgramData\cocos\editors\Creator\3.8.7\resources\resources\3d\engine\bin\.cache\dev\editor\bundled\index.js:119235:18)
    at SkeletalAnimation.notifySkinnedMeshAdded (C:\ProgramData\cocos\editors\Creator\3.8.7\resources\resources\3d\engine\bin\.cache\dev\editor\bundled\index.js:118291:31)
    at SkinnedMeshRenderer._tryBindAnimation (C:\ProgramData\cocos\editors\Creator\3.8.7\resources\resources\3d\engine\bin\.cache\dev\editor\bundled\index.js:119273:23)
    at SkinnedMeshRenderer.onLoad (C:\ProgramData\cocos\editors\Creator\3.8.7\resources\resources\3d\engine\bin\.cache\dev\editor\bundled\index.js:119205:16)
    at eval (C:\ProgramData\cocos\editors\Creator\3.8.7\resources\resources\3d\engine\bin\.cache\dev\editor\bundled\index.js:48429:132)
    at OneOffInvoker.eval [as _invoke] (C:\ProgramData\cocos\editors\Creator\3.8.7\resources\resources\3d\engine\bin\.cache\dev\editor\bundled\index.js:46343:9)
    at OneOffInvoker.invoke (C:\ProgramData\cocos\editors\Creator\3.8.7\resources\resources\3d\engine\bin\.cache\dev\editor\bundled\index.js:46462:18)
    at NodeActivator.activateNode (C:\ProgramData\cocos\editors\Creator\3.8.7\resources\resources\3d\engine\bin\.cache\dev\editor\bundled\index.js:48480:27)
    at Node._onHierarchyChangedBase (C:\ProgramData\cocos\editors\Creator\3.8.7\resources\resources\3d\engine\bin\.cache\dev\editor\bundled\index.js:51243:46)
    at Node._onHierarchyChanged (C:\ProgramData\cocos\editors\Creator\3.8.7\resources\resources\3d\engine\bin\.cache\dev\editor\bundled\index.js:51809:16)
    at Node.setParent (C:\ProgramData\cocos\editors\Creator\3.8.7\resources\resources\3d\engine\bin\.cache\dev\editor\bundled\index.js:50331:16)
    at Scene.addChild (C:\ProgramData\cocos\editors\Creator\3.8.7\resources\resources\3d\engine\bin\.cache\dev\editor\bundled\index.js:50412:17)
    at PrefabPreview.setPrefab (C:\ProgramData\cocos\editors\Creator\3.8.7\resources\app.asar\builtin\scene\dist\script\3d\manager\preview\prefab-preview\index.ccc:1:1495)
2026-6-12 11:40:56 - warn: [Scene] Instancing/Batching enabled for non-baked skinning model or used AnimationController 'Role_2/big_dazhuang_3_D/big_dazhuang_01', this may result in unexpected rendering artifacts. Consider turning it off in the material if you do not intend to do this.Error: [Scene] Instancing/Batching enabled for non-baked skinning model or used AnimationController 'Role_2/big_dazhuang_3_D/big_dazhuang_01', this may result in unexpected rendering artifacts. Consider turning it off in the material if you do not intend to do this.
    at console.warn (C:\ProgramData\cocos\editors\Creator\3.8.7\resources\app.asar\node_modules\@sentry\core\src\utils-hoist\instrument\console.ts:40:14)
    at warn (C:\ProgramData\cocos\editors\Creator\3.8.7\resources\resources\3d\engine\bin\.cache\dev\editor\bundled\index.js:165229:12)
    at warnID (C:\ProgramData\cocos\editors\Creator\3.8.7\resources\resources\3d\engine\bin\.cache\dev\editor\bundled\index.js:165417:5)
    at SkinningModel._updateInstancedAttributes (C:\ProgramData\cocos\editors\Creator\3.8.7\resources\resources\3d\engine\bin\.cache\dev\editor\bundled\index.js:114285:13)
    at SkinningModel._updateAttributesAndBinding (C:\ProgramData\cocos\editors\Creator\3.8.7\resources\resources\3d\engine\bin\.cache\dev\editor\bundled\index.js:242018:16)
    at SkinningModel.initSubModel (C:\ProgramData\cocos\editors\Creator\3.8.7\resources\resources\3d\engine\bin\.cache\dev\editor\bundled\index.js:241679:16)
    at SkinningModel.initSubModel (C:\ProgramData\cocos\editors\Creator\3.8.7\resources\resources\3d\engine\bin\.cache\dev\editor\bundled\index.js:113885:24)
    at SkinningModel.initSubModel (C:\ProgramData\cocos\editors\Creator\3.8.7\resources\resources\3d\engine\bin\.cache\dev\editor\bundled\index.js:114249:17)
    at SkinnedMeshRenderer._updateModelParams (C:\ProgramData\cocos\editors\Creator\3.8.7\resources\resources\3d\engine\bin\.cache\dev\editor\bundled\index.js:110770:29)
    at SkinnedMeshRenderer._updateModelParams (C:\ProgramData\cocos\editors\Creator\3.8.7\resources\resources\3d\engine\bin\.cache\dev\editor\bundled\index.js:119252:17)
    at SkinnedMeshRenderer._updateModels (C:\ProgramData\cocos\editors\Creator\3.8.7\resources\resources\3d\engine\bin\.cache\dev\editor\bundled\index.js:110674:18)
    at SkinnedMeshRenderer.setUseBakedAnimation (C:\ProgramData\cocos\editors\Creator\3.8.7\resources\resources\3d\engine\bin\.cache\dev\editor\bundled\index.js:119235:18)
    at SkeletalAnimation.notifySkinnedMeshAdded (C:\ProgramData\cocos\editors\Creator\3.8.7\resources\resources\3d\engine\bin\.cache\dev\editor\bundled\index.js:118291:31)
    at SkinnedMeshRenderer._tryBindAnimation (C:\ProgramData\cocos\editors\Creator\3.8.7\resources\resources\3d\engine\bin\.cache\dev\editor\bundled\index.js:119273:23)
    at SkinnedMeshRenderer.onLoad (C:\ProgramData\cocos\editors\Creator\3.8.7\resources\resources\3d\engine\bin\.cache\dev\editor\bundled\index.js:119205:16)
    at eval (C:\ProgramData\cocos\editors\Creator\3.8.7\resources\resources\3d\engine\bin\.cache\dev\editor\bundled\index.js:48429:132)
    at OneOffInvoker.eval [as _invoke] (C:\ProgramData\cocos\editors\Creator\3.8.7\resources\resources\3d\engine\bin\.cache\dev\editor\bundled\index.js:46343:9)
    at OneOffInvoker.invoke (C:\ProgramData\cocos\editors\Creator\3.8.7\resources\resources\3d\engine\bin\.cache\dev\editor\bundled\index.js:46462:18)
    at NodeActivator.activateNode (C:\ProgramData\cocos\editors\Creator\3.8.7\resources\resources\3d\engine\bin\.cache\dev\editor\bundled\index.js:48480:27)
    at Node._onHierarchyChangedBase (C:\ProgramData\cocos\editors\Creator\3.8.7\resources\resources\3d\engine\bin\.cache\dev\editor\bundled\index.js:51243:46)
    at Node._onHierarchyChanged (C:\ProgramData\cocos\editors\Creator\3.8.7\resources\resources\3d\engine\bin\.cache\dev\editor\bundled\index.js:51809:16)
    at Node.setParent (C:\ProgramData\cocos\editors\Creator\3.8.7\resources\resources\3d\engine\bin\.cache\dev\editor\bundled\index.js:50331:16)
    at Scene.addChild (C:\ProgramData\cocos\editors\Creator\3.8.7\resources\resources\3d\engine\bin\.cache\dev\editor\bundled\index.js:50412:17)
    at PrefabPreview.setPrefab (C:\ProgramData\cocos\editors\Creator\3.8.7\resources\app.asar\builtin\scene\dist\script\3d\manager\preview\prefab-preview\index.ccc:1:1495)
2026-6-12 11:40:56 - warn: [Scene] Instancing/Batching enabled for non-baked skinning model or used AnimationController 'Role_2/big_dazhuang_3_D/big_dazhuang_01', this may result in unexpected rendering artifacts. Consider turning it off in the material if you do not intend to do this.Error: [Scene] Instancing/Batching enabled for non-baked skinning model or used AnimationController 'Role_2/big_dazhuang_3_D/big_dazhuang_01', this may result in unexpected rendering artifacts. Consider turning it off in the material if you do not intend to do this.
    at console.warn (C:\ProgramData\cocos\editors\Creator\3.8.7\resources\app.asar\node_modules\@sentry\core\src\utils-hoist\instrument\console.ts:40:14)
    at warn (C:\ProgramData\cocos\editors\Creator\3.8.7\resources\resources\3d\engine\bin\.cache\dev\editor\bundled\index.js:165229:12)
    at warnID (C:\ProgramData\cocos\editors\Creator\3.8.7\resources\resources\3d\engine\bin\.cache\dev\editor\bundled\index.js:165417:5)
    at SkinningModel._updateInstancedAttributes (C:\ProgramData\cocos\editors\Creator\3.8.7\resources\resources\3d\engine\bin\.cache\dev\editor\bundled\index.js:114285:13)
    at SkinningModel._updateAttributesAndBinding (C:\ProgramData\cocos\editors\Creator\3.8.7\resources\resources\3d\engine\bin\.cache\dev\editor\bundled\index.js:242018:16)
    at SkinningModel.initSubModel (C:\ProgramData\cocos\editors\Creator\3.8.7\resources\resources\3d\engine\bin\.cache\dev\editor\bundled\index.js:241679:16)
    at SkinningModel.initSubModel (C:\ProgramData\cocos\editors\Creator\3.8.7\resources\resources\3d\engine\bin\.cache\dev\editor\bundled\index.js:113885:24)
    at SkinningModel.initSubModel (C:\ProgramData\cocos\editors\Creator\3.8.7\resources\resources\3d\engine\bin\.cache\dev\editor\bundled\index.js:114249:17)
    at SkinnedMeshRenderer._updateModelParams (C:\ProgramData\cocos\editors\Creator\3.8.7\resources\resources\3d\engine\bin\.cache\dev\editor\bundled\index.js:110770:29)
    at SkinnedMeshRenderer._updateModelParams (C:\ProgramData\cocos\editors\Creator\3.8.7\resources\resources\3d\engine\bin\.cache\dev\editor\bundled\index.js:119252:17)
    at SkinnedMeshRenderer._updateModels (C:\ProgramData\cocos\editors\Creator\3.8.7\resources\resources\3d\engine\bin\.cache\dev\editor\bundled\index.js:110674:18)
    at SkinnedMeshRenderer.onLoad (C:\ProgramData\cocos\editors\Creator\3.8.7\resources\resources\3d\engine\bin\.cache\dev\editor\bundled\index.js:110329:16)
    at SkinnedMeshRenderer.onLoad (C:\ProgramData\cocos\editors\Creator\3.8.7\resources\resources\3d\engine\bin\.cache\dev\editor\bundled\index.js:119204:17)
    at eval (C:\ProgramData\cocos\editors\Creator\3.8.7\resources\resources\3d\engine\bin\.cache\dev\editor\bundled\index.js:48429:132)
    at OneOffInvoker.eval [as _invoke] (C:\ProgramData\cocos\editors\Creator\3.8.7\resources\resources\3d\engine\bin\.cache\dev\editor\bundled\index.js:46343:9)
    at OneOffInvoker.invoke (C:\ProgramData\cocos\editors\Creator\3.8.7\resources\resources\3d\engine\bin\.cache\dev\editor\bundled\index.js:46462:18)
    at NodeActivator.activateNode (C:\ProgramData\cocos\editors\Creator\3.8.7\resources\resources\3d\engine\bin\.cache\dev\editor\bundled\index.js:48480:27)
    at Scene._activate (C:\ProgramData\cocos\editors\Creator\3.8.7\resources\resources\3d\engine\bin\.cache\dev\editor\bundled\index.js:56317:44)
    at Director.runSceneImmediate (C:\ProgramData\cocos\editors\Creator\3.8.7\resources\resources\3d\engine\bin\.cache\dev\editor\bundled\index.js:88394:17)
    at C:\ProgramData\cocos\editors\Creator\3.8.7\resources\app.asar\builtin\scene\dist\script\3d\manager\scene\utils.ccc:1:1112
    at new Promise (<anonymous>)
    at SceneUtil.loadSceneByNode (C:\ProgramData\cocos\editors\Creator\3.8.7\resources\app.asar\builtin\scene\dist\script\3d\manager\scene\utils.ccc:1:800)
    at PrefabSceneProxy._loadPrefabById (C:\ProgramData\cocos\editors\Creator\3.8.7\resources\app.asar\builtin\scene\dist\script\3d\manager\scene\proxy\prefab-scene-proxy.ccc:1:2613)
    at PrefabSceneProxy.open (C:\ProgramData\cocos\editors\Creator\3.8.7\resources\app.asar\builtin\scene\dist\script\3d\manager\scene\proxy\prefab-scene-proxy.ccc:1:1055)
    at PrefabSceneFacade.openScene (C:\ProgramData\cocos\editors\Creator\3.8.7\resources\app.asar\builtin\scene\dist\script\3d\facade\prefab-scene-facade.ccc:1:1422)
    at SceneFacadeManager.openScene (C:\ProgramData\cocos\editors\Creator\3.8.7\resources\app.asar\builtin\scene\dist\script\3d\facade\scene-facade-manager.ccc:1:7766)
2026-6-12 11:40:56 - warn: [Scene] Instancing/Batching enabled for non-baked skinning model or used AnimationController 'Role_2/big_dazhuang_3_D/big_dazhuang_01', this may result in unexpected rendering artifacts. Consider turning it off in the material if you do not intend to do this.Error: [Scene] Instancing/Batching enabled for non-baked skinning model or used AnimationController 'Role_2/big_dazhuang_3_D/big_dazhuang_01', this may result in unexpected rendering artifacts. Consider turning it off in the material if you do not intend to do this.
    at console.warn (C:\ProgramData\cocos\editors\Creator\3.8.7\resources\app.asar\node_modules\@sentry\core\src\utils-hoist\instrument\console.ts:40:14)
    at warn (C:\ProgramData\cocos\editors\Creator\3.8.7\resources\resources\3d\engine\bin\.cache\dev\editor\bundled\index.js:165229:12)
    at warnID (C:\ProgramData\cocos\editors\Creator\3.8.7\resources\resources\3d\engine\bin\.cache\dev\editor\bundled\index.js:165417:5)
    at SkinningModel._updateInstancedAttributes (C:\ProgramData\cocos\editors\Creator\3.8.7\resources\resources\3d\engine\bin\.cache\dev\editor\bundled\index.js:114285:13)
    at SkinningModel._updateAttributesAndBinding (C:\ProgramData\cocos\editors\Creator\3.8.7\resources\resources\3d\engine\bin\.cache\dev\editor\bundled\index.js:242018:16)
    at SkinningModel.initSubModel (C:\ProgramData\cocos\editors\Creator\3.8.7\resources\resources\3d\engine\bin\.cache\dev\editor\bundled\index.js:241679:16)
    at SkinningModel.initSubModel (C:\ProgramData\cocos\editors\Creator\3.8.7\resources\resources\3d\engine\bin\.cache\dev\editor\bundled\index.js:113885:24)
    at SkinningModel.initSubModel (C:\ProgramData\cocos\editors\Creator\3.8.7\resources\resources\3d\engine\bin\.cache\dev\editor\bundled\index.js:114249:17)
    at SkinnedMeshRenderer._updateModelParams (C:\ProgramData\cocos\editors\Creator\3.8.7\resources\resources\3d\engine\bin\.cache\dev\editor\bundled\index.js:110770:29)
    at SkinnedMeshRenderer._updateModelParams (C:\ProgramData\cocos\editors\Creator\3.8.7\resources\resources\3d\engine\bin\.cache\dev\editor\bundled\index.js:119252:17)
    at SkinnedMeshRenderer._updateModels (C:\ProgramData\cocos\editors\Creator\3.8.7\resources\resources\3d\engine\bin\.cache\dev\editor\bundled\index.js:110674:18)
    at SkinnedMeshRenderer.onLoad (C:\ProgramData\cocos\editors\Creator\3.8.7\resources\resources\3d\engine\bin\.cache\dev\editor\bundled\index.js:110329:16)
    at SkinnedMeshRenderer.onLoad (C:\ProgramData\cocos\editors\Creator\3.8.7\resources\resources\3d\engine\bin\.cache\dev\editor\bundled\index.js:119204:17)
    at eval (C:\ProgramData\cocos\editors\Creator\3.8.7\resources\resources\3d\engine\bin\.cache\dev\editor\bundled\index.js:48429:132)
    at OneOffInvoker.eval [as _invoke] (C:\ProgramData\cocos\editors\Creator\3.8.7\resources\resources\3d\engine\bin\.cache\dev\editor\bundled\index.js:46343:9)
    at OneOffInvoker.invoke (C:\ProgramData\cocos\editors\Creator\3.8.7\resources\resources\3d\engine\bin\.cache\dev\editor\bundled\index.js:46462:18)
    at NodeActivator.activateNode (C:\ProgramData\cocos\editors\Creator\3.8.7\resources\resources\3d\engine\bin\.cache\dev\editor\bundled\index.js:48480:27)
    at Scene._activate (C:\ProgramData\cocos\editors\Creator\3.8.7\resources\resources\3d\engine\bin\.cache\dev\editor\bundled\index.js:56317:44)
    at Director.runSceneImmediate (C:\ProgramData\cocos\editors\Creator\3.8.7\resources\resources\3d\engine\bin\.cache\dev\editor\bundled\index.js:88394:17)
    at C:\ProgramData\cocos\editors\Creator\3.8.7\resources\app.asar\builtin\scene\dist\script\3d\manager\scene\utils.ccc:1:1112
    at new Promise (<anonymous>)
    at SceneUtil.loadSceneByNode (C:\ProgramData\cocos\editors\Creator\3.8.7\resources\app.asar\builtin\scene\dist\script\3d\manager\scene\utils.ccc:1:800)
    at PrefabSceneProxy._loadPrefabById (C:\ProgramData\cocos\editors\Creator\3.8.7\resources\app.asar\builtin\scene\dist\script\3d\manager\scene\proxy\prefab-scene-proxy.ccc:1:2613)
    at PrefabSceneProxy.open (C:\ProgramData\cocos\editors\Creator\3.8.7\resources\app.asar\builtin\scene\dist\script\3d\manager\scene\proxy\prefab-scene-proxy.ccc:1:1055)
    at PrefabSceneFacade.openScene (C:\ProgramData\cocos\editors\Creator\3.8.7\resources\app.asar\builtin\scene\dist\script\3d\facade\prefab-scene-facade.ccc:1:1422)
    at SceneFacadeManager.openScene (C:\ProgramData\cocos\editors\Creator\3.8.7\resources\app.asar\builtin\scene\dist\script\3d\facade\scene-facade-manager.ccc:1:7766)
2026-6-12 11:40:56 - warn: [Scene] Instancing/Batching enabled for non-baked skinning model or used AnimationController 'Role_2/big_dazhuang_3_D/big_dazhuang_01', this may result in unexpected rendering artifacts. Consider turning it off in the material if you do not intend to do this.Error: [Scene] Instancing/Batching enabled for non-baked skinning model or used AnimationController 'Role_2/big_dazhuang_3_D/big_dazhuang_01', this may result in unexpected rendering artifacts. Consider turning it off in the material if you do not intend to do this.
    at console.warn (C:\ProgramData\cocos\editors\Creator\3.8.7\resources\app.asar\node_modules\@sentry\core\src\utils-hoist\instrument\console.ts:40:14)
    at warn (C:\ProgramData\cocos\editors\Creator\3.8.7\resources\resources\3d\engine\bin\.cache\dev\editor\bundled\index.js:165229:12)
    at warnID (C:\ProgramData\cocos\editors\Creator\3.8.7\resources\resources\3d\engine\bin\.cache\dev\editor\bundled\index.js:165417:5)
    at SkinningModel._updateInstancedAttributes (C:\ProgramData\cocos\editors\Creator\3.8.7\resources\resources\3d\engine\bin\.cache\dev\editor\bundled\index.js:114285:13)
    at SkinningModel._updateAttributesAndBinding (C:\ProgramData\cocos\editors\Creator\3.8.7\resources\resources\3d\engine\bin\.cache\dev\editor\bundled\index.js:242018:16)
    at SkinningModel.initSubModel (C:\ProgramData\cocos\editors\Creator\3.8.7\resources\resources\3d\engine\bin\.cache\dev\editor\bundled\index.js:241679:16)
    at SkinningModel.initSubModel (C:\ProgramData\cocos\editors\Creator\3.8.7\resources\resources\3d\engine\bin\.cache\dev\editor\bundled\index.js:113885:24)
    at SkinningModel.initSubModel (C:\ProgramData\cocos\editors\Creator\3.8.7\resources\resources\3d\engine\bin\.cache\dev\editor\bundled\index.js:114249:17)
    at SkinnedMeshRenderer._updateModelParams (C:\ProgramData\cocos\editors\Creator\3.8.7\resources\resources\3d\engine\bin\.cache\dev\editor\bundled\index.js:110770:29)
    at SkinnedMeshRenderer._updateModelParams (C:\ProgramData\cocos\editors\Creator\3.8.7\resources\resources\3d\engine\bin\.cache\dev\editor\bundled\index.js:119252:17)
    at SkinnedMeshRenderer._updateModels (C:\ProgramData\cocos\editors\Creator\3.8.7\resources\resources\3d\engine\bin\.cache\dev\editor\bundled\index.js:110674:18)
    at SkinnedMeshRenderer.setUseBakedAnimation (C:\ProgramData\cocos\editors\Creator\3.8.7\resources\resources\3d\engine\bin\.cache\dev\editor\bundled\index.js:119235:18)
    at SkeletalAnimation.notifySkinnedMeshAdded (C:\ProgramData\cocos\editors\Creator\3.8.7\resources\resources\3d\engine\bin\.cache\dev\editor\bundled\index.js:118291:31)
    at SkinnedMeshRenderer._tryBindAnimation (C:\ProgramData\cocos\editors\Creator\3.8.7\resources\resources\3d\engine\bin\.cache\dev\editor\bundled\index.js:119273:23)
    at SkinnedMeshRenderer.onLoad (C:\ProgramData\cocos\editors\Creator\3.8.7\resources\resources\3d\engine\bin\.cache\dev\editor\bundled\index.js:119205:16)
    at eval (C:\ProgramData\cocos\editors\Creator\3.8.7\resources\resources\3d\engine\bin\.cache\dev\editor\bundled\index.js:48429:132)
    at OneOffInvoker.eval [as _invoke] (C:\ProgramData\cocos\editors\Creator\3.8.7\resources\resources\3d\engine\bin\.cache\dev\editor\bundled\index.js:46343:9)
    at OneOffInvoker.invoke (C:\ProgramData\cocos\editors\Creator\3.8.7\resources\resources\3d\engine\bin\.cache\dev\editor\bundled\index.js:46462:18)
    at NodeActivator.activateNode (C:\ProgramData\cocos\editors\Creator\3.8.7\resources\resources\3d\engine\bin\.cache\dev\editor\bundled\index.js:48480:27)
    at Scene._activate (C:\ProgramData\cocos\editors\Creator\3.8.7\resources\resources\3d\engine\bin\.cache\dev\editor\bundled\index.js:56317:44)
    at Director.runSceneImmediate (C:\ProgramData\cocos\editors\Creator\3.8.7\resources\resources\3d\engine\bin\.cache\dev\editor\bundled\index.js:88394:17)
    at C:\ProgramData\cocos\editors\Creator\3.8.7\resources\app.asar\builtin\scene\dist\script\3d\manager\scene\utils.ccc:1:1112
    at new Promise (<anonymous>)
    at SceneUtil.loadSceneByNode (C:\ProgramData\cocos\editors\Creator\3.8.7\resources\app.asar\builtin\scene\dist\script\3d\manager\scene\utils.ccc:1:800)
    at PrefabSceneProxy._loadPrefabById (C:\ProgramData\cocos\editors\Creator\3.8.7\resources\app.asar\builtin\scene\dist\script\3d\manager\scene\proxy\prefab-scene-proxy.ccc:1:2613)
    at PrefabSceneProxy.open (C:\ProgramData\cocos\editors\Creator\3.8.7\resources\app.asar\builtin\scene\dist\script\3d\manager\scene\proxy\prefab-scene-proxy.ccc:1:1055)
    at PrefabSceneFacade.openScene (C:\ProgramData\cocos\editors\Creator\3.8.7\resources\app.asar\builtin\scene\dist\script\3d\facade\prefab-scene-facade.ccc:1:1422)
    at SceneFacadeManager.openScene (C:\ProgramData\cocos\editors\Creator\3.8.7\resources\app.asar\builtin\scene\dist\script\3d\facade\scene-facade-manager.ccc:1:7766)
2026-6-12 11:40:56 - warn: [Scene] Instancing/Batching enabled for non-baked skinning model or used AnimationController 'Role_2/big_dazhuang_3_D/big_dazhuang_01', this may result in unexpected rendering artifacts. Consider turning it off in the material if you do not intend to do this.Error: [Scene] Instancing/Batching enabled for non-baked skinning model or used AnimationController 'Role_2/big_dazhuang_3_D/big_dazhuang_01', this may result in unexpected rendering artifacts. Consider turning it off in the material if you do not intend to do this.
    at console.warn (C:\ProgramData\cocos\editors\Creator\3.8.7\resources\app.asar\node_modules\@sentry\core\src\utils-hoist\instrument\console.ts:40:14)
    at warn (C:\ProgramData\cocos\editors\Creator\3.8.7\resources\resources\3d\engine\bin\.cache\dev\editor\bundled\index.js:165229:12)
    at warnID (C:\ProgramData\cocos\editors\Creator\3.8.7\resources\resources\3d\engine\bin\.cache\dev\editor\bundled\index.js:165417:5)
    at SkinningModel._updateInstancedAttributes (C:\ProgramData\cocos\editors\Creator\3.8.7\resources\resources\3d\engine\bin\.cache\dev\editor\bundled\index.js:114285:13)
    at SkinningModel._updateAttributesAndBinding (C:\ProgramData\cocos\editors\Creator\3.8.7\resources\resources\3d\engine\bin\.cache\dev\editor\bundled\index.js:242018:16)
    at SkinningModel.initSubModel (C:\ProgramData\cocos\editors\Creator\3.8.7\resources\resources\3d\engine\bin\.cache\dev\editor\bundled\index.js:241679:16)
    at SkinningModel.initSubModel (C:\ProgramData\cocos\editors\Creator\3.8.7\resources\resources\3d\engine\bin\.cache\dev\editor\bundled\index.js:113885:24)
    at SkinningModel.initSubModel (C:\ProgramData\cocos\editors\Creator\3.8.7\resources\resources\3d\engine\bin\.cache\dev\editor\bundled\index.js:114249:17)
    at SkinnedMeshRenderer._updateModelParams (C:\ProgramData\cocos\editors\Creator\3.8.7\resources\resources\3d\engine\bin\.cache\dev\editor\bundled\index.js:110770:29)
    at SkinnedMeshRenderer._updateModelParams (C:\ProgramData\cocos\editors\Creator\3.8.7\resources\resources\3d\engine\bin\.cache\dev\editor\bundled\index.js:119252:17)
    at SkinnedMeshRenderer._updateModels (C:\ProgramData\cocos\editors\Creator\3.8.7\resources\resources\3d\engine\bin\.cache\dev\editor\bundled\index.js:110674:18)
    at SkinnedMeshRenderer.setUseBakedAnimation (C:\ProgramData\cocos\editors\Creator\3.8.7\resources\resources\3d\engine\bin\.cache\dev\editor\bundled\index.js:119235:18)
    at SkeletalAnimation.notifySkinnedMeshAdded (C:\ProgramData\cocos\editors\Creator\3.8.7\resources\resources\3d\engine\bin\.cache\dev\editor\bundled\index.js:118291:31)
    at SkinnedMeshRenderer._tryBindAnimation (C:\ProgramData\cocos\editors\Creator\3.8.7\resources\resources\3d\engine\bin\.cache\dev\editor\bundled\index.js:119273:23)
    at SkinnedMeshRenderer.onLoad (C:\ProgramData\cocos\editors\Creator\3.8.7\resources\resources\3d\engine\bin\.cache\dev\editor\bundled\index.js:119205:16)
    at eval (C:\ProgramData\cocos\editors\Creator\3.8.7\resources\resources\3d\engine\bin\.cache\dev\editor\bundled\index.js:48429:132)
    at OneOffInvoker.eval [as _invoke] (C:\ProgramData\cocos\editors\Creator\3.8.7\resources\resources\3d\engine\bin\.cache\dev\editor\bundled\index.js:46343:9)
    at OneOffInvoker.invoke (C:\ProgramData\cocos\editors\Creator\3.8.7\resources\resources\3d\engine\bin\.cache\dev\editor\bundled\index.js:46462:18)
    at NodeActivator.activateNode (C:\ProgramData\cocos\editors\Creator\3.8.7\resources\resources\3d\engine\bin\.cache\dev\editor\bundled\index.js:48480:27)
    at Scene._activate (C:\ProgramData\cocos\editors\Creator\3.8.7\resources\resources\3d\engine\bin\.cache\dev\editor\bundled\index.js:56317:44)
    at Director.runSceneImmediate (C:\ProgramData\cocos\editors\Creator\3.8.7\resources\resources\3d\engine\bin\.cache\dev\editor\bundled\index.js:88394:17)
    at C:\ProgramData\cocos\editors\Creator\3.8.7\resources\app.asar\builtin\scene\dist\script\3d\manager\scene\utils.ccc:1:1112
    at new Promise (<anonymous>)
    at SceneUtil.loadSceneByNode (C:\ProgramData\cocos\editors\Creator\3.8.7\resources\app.asar\builtin\scene\dist\script\3d\manager\scene\utils.ccc:1:800)
    at PrefabSceneProxy._loadPrefabById (C:\ProgramData\cocos\editors\Creator\3.8.7\resources\app.asar\builtin\scene\dist\script\3d\manager\scene\proxy\prefab-scene-proxy.ccc:1:2613)
    at PrefabSceneProxy.open (C:\ProgramData\cocos\editors\Creator\3.8.7\resources\app.asar\builtin\scene\dist\script\3d\manager\scene\proxy\prefab-scene-proxy.ccc:1:1055)
    at PrefabSceneFacade.openScene (C:\ProgramData\cocos\editors\Creator\3.8.7\resources\app.asar\builtin\scene\dist\script\3d\facade\prefab-scene-facade.ccc:1:1422)
    at SceneFacadeManager.openScene (C:\ProgramData\cocos\editors\Creator\3.8.7\resources\app.asar\builtin\scene\dist\script\3d\facade\scene-facade-manager.ccc:1:7766)
2026-6-12 11:40:57 - warn: [Scene] Instancing/Batching enabled for non-baked skinning model or used AnimationController 'Role_2/big_dazhuang_3_D/big_dazhuang_01', this may result in unexpected rendering artifacts. Consider turning it off in the material if you do not intend to do this.Error: [Scene] Instancing/Batching enabled for non-baked skinning model or used AnimationController 'Role_2/big_dazhuang_3_D/big_dazhuang_01', this may result in unexpected rendering artifacts. Consider turning it off in the material if you do not intend to do this.
    at console.warn (C:\ProgramData\cocos\editors\Creator\3.8.7\resources\app.asar\node_modules\@sentry\core\src\utils-hoist\instrument\console.ts:40:14)
    at warn (C:\ProgramData\cocos\editors\Creator\3.8.7\resources\resources\3d\engine\bin\.cache\dev\editor\bundled\index.js:165229:12)
    at warnID (C:\ProgramData\cocos\editors\Creator\3.8.7\resources\resources\3d\engine\bin\.cache\dev\editor\bundled\index.js:165417:5)
    at SkinningModel._updateInstancedAttributes (C:\ProgramData\cocos\editors\Creator\3.8.7\resources\resources\3d\engine\bin\.cache\dev\editor\bundled\index.js:114285:13)
    at SkinningModel._updateAttributesAndBinding (C:\ProgramData\cocos\editors\Creator\3.8.7\resources\resources\3d\engine\bin\.cache\dev\editor\bundled\index.js:242018:16)
    at SkinningModel.initSubModel (C:\ProgramData\cocos\editors\Creator\3.8.7\resources\resources\3d\engine\bin\.cache\dev\editor\bundled\index.js:241679:16)
    at SkinningModel.initSubModel (C:\ProgramData\cocos\editors\Creator\3.8.7\resources\resources\3d\engine\bin\.cache\dev\editor\bundled\index.js:113885:24)
    at SkinningModel.initSubModel (C:\ProgramData\cocos\editors\Creator\3.8.7\resources\resources\3d\engine\bin\.cache\dev\editor\bundled\index.js:114249:17)
    at SkinnedMeshRenderer._updateModelParams (C:\ProgramData\cocos\editors\Creator\3.8.7\resources\resources\3d\engine\bin\.cache\dev\editor\bundled\index.js:110770:29)
    at SkinnedMeshRenderer._updateModelParams (C:\ProgramData\cocos\editors\Creator\3.8.7\resources\resources\3d\engine\bin\.cache\dev\editor\bundled\index.js:119252:17)
    at SkinnedMeshRenderer._updateModels (C:\ProgramData\cocos\editors\Creator\3.8.7\resources\resources\3d\engine\bin\.cache\dev\editor\bundled\index.js:110674:18)
    at SkinnedMeshRenderer.onLoad (C:\ProgramData\cocos\editors\Creator\3.8.7\resources\resources\3d\engine\bin\.cache\dev\editor\bundled\index.js:110329:16)
    at SkinnedMeshRenderer.onLoad (C:\ProgramData\cocos\editors\Creator\3.8.7\resources\resources\3d\engine\bin\.cache\dev\editor\bundled\index.js:119204:17)
    at eval (C:\ProgramData\cocos\editors\Creator\3.8.7\resources\resources\3d\engine\bin\.cache\dev\editor\bundled\index.js:48429:132)
    at OneOffInvoker.eval [as _invoke] (C:\ProgramData\cocos\editors\Creator\3.8.7\resources\resources\3d\engine\bin\.cache\dev\editor\bundled\index.js:46343:9)
    at OneOffInvoker.invoke (C:\ProgramData\cocos\editors\Creator\3.8.7\resources\resources\3d\engine\bin\.cache\dev\editor\bundled\index.js:46462:18)
    at NodeActivator.activateNode (C:\ProgramData\cocos\editors\Creator\3.8.7\resources\resources\3d\engine\bin\.cache\dev\editor\bundled\index.js:48480:27)
    at Node._onHierarchyChangedBase (C:\ProgramData\cocos\editors\Creator\3.8.7\resources\resources\3d\engine\bin\.cache\dev\editor\bundled\index.js:51243:46)
    at Node._onHierarchyChanged (C:\ProgramData\cocos\editors\Creator\3.8.7\resources\resources\3d\engine\bin\.cache\dev\editor\bundled\index.js:51809:16)
    at Node.setParent (C:\ProgramData\cocos\editors\Creator\3.8.7\resources\resources\3d\engine\bin\.cache\dev\editor\bundled\index.js:50331:16)
    at Scene.addChild (C:\ProgramData\cocos\editors\Creator\3.8.7\resources\resources\3d\engine\bin\.cache\dev\editor\bundled\index.js:50412:17)
    at PrefabPreview.setPrefab (C:\ProgramData\cocos\editors\Creator\3.8.7\resources\app.asar\builtin\scene\dist\script\3d\manager\preview\prefab-preview\index.ccc:1:1495)
2026-6-12 11:40:57 - warn: [Scene] Instancing/Batching enabled for non-baked skinning model or used AnimationController 'Role_2/big_dazhuang_3_D/big_dazhuang_01', this may result in unexpected rendering artifacts. Consider turning it off in the material if you do not intend to do this.Error: [Scene] Instancing/Batching enabled for non-baked skinning model or used AnimationController 'Role_2/big_dazhuang_3_D/big_dazhuang_01', this may result in unexpected rendering artifacts. Consider turning it off in the material if you do not intend to do this.
    at console.warn (C:\ProgramData\cocos\editors\Creator\3.8.7\resources\app.asar\node_modules\@sentry\core\src\utils-hoist\instrument\console.ts:40:14)
    at warn (C:\ProgramData\cocos\editors\Creator\3.8.7\resources\resources\3d\engine\bin\.cache\dev\editor\bundled\index.js:165229:12)
    at warnID (C:\ProgramData\cocos\editors\Creator\3.8.7\resources\resources\3d\engine\bin\.cache\dev\editor\bundled\index.js:165417:5)
    at SkinningModel._updateInstancedAttributes (C:\ProgramData\cocos\editors\Creator\3.8.7\resources\resources\3d\engine\bin\.cache\dev\editor\bundled\index.js:114285:13)
    at SkinningModel._updateAttributesAndBinding (C:\ProgramData\cocos\editors\Creator\3.8.7\resources\resources\3d\engine\bin\.cache\dev\editor\bundled\index.js:242018:16)
    at SkinningModel.initSubModel (C:\ProgramData\cocos\editors\Creator\3.8.7\resources\resources\3d\engine\bin\.cache\dev\editor\bundled\index.js:241679:16)
    at SkinningModel.initSubModel (C:\ProgramData\cocos\editors\Creator\3.8.7\resources\resources\3d\engine\bin\.cache\dev\editor\bundled\index.js:113885:24)
    at SkinningModel.initSubModel (C:\ProgramData\cocos\editors\Creator\3.8.7\resources\resources\3d\engine\bin\.cache\dev\editor\bundled\index.js:114249:17)
    at SkinnedMeshRenderer._updateModelParams (C:\ProgramData\cocos\editors\Creator\3.8.7\resources\resources\3d\engine\bin\.cache\dev\editor\bundled\index.js:110770:29)
    at SkinnedMeshRenderer._updateModelParams (C:\ProgramData\cocos\editors\Creator\3.8.7\resources\resources\3d\engine\bin\.cache\dev\editor\bundled\index.js:119252:17)
    at SkinnedMeshRenderer._updateModels (C:\ProgramData\cocos\editors\Creator\3.8.7\resources\resources\3d\engine\bin\.cache\dev\editor\bundled\index.js:110674:18)
    at SkinnedMeshRenderer.onLoad (C:\ProgramData\cocos\editors\Creator\3.8.7\resources\resources\3d\engine\bin\.cache\dev\editor\bundled\index.js:110329:16)
    at SkinnedMeshRenderer.onLoad (C:\ProgramData\cocos\editors\Creator\3.8.7\resources\resources\3d\engine\bin\.cache\dev\editor\bundled\index.js:119204:17)
    at eval (C:\ProgramData\cocos\editors\Creator\3.8.7\resources\resources\3d\engine\bin\.cache\dev\editor\bundled\index.js:48429:132)
    at OneOffInvoker.eval [as _invoke] (C:\ProgramData\cocos\editors\Creator\3.8.7\resources\resources\3d\engine\bin\.cache\dev\editor\bundled\index.js:46343:9)
    at OneOffInvoker.invoke (C:\ProgramData\cocos\editors\Creator\3.8.7\resources\resources\3d\engine\bin\.cache\dev\editor\bundled\index.js:46462:18)
    at NodeActivator.activateNode (C:\ProgramData\cocos\editors\Creator\3.8.7\resources\resources\3d\engine\bin\.cache\dev\editor\bundled\index.js:48480:27)
    at Node._onHierarchyChangedBase (C:\ProgramData\cocos\editors\Creator\3.8.7\resources\resources\3d\engine\bin\.cache\dev\editor\bundled\index.js:51243:46)
    at Node._onHierarchyChanged (C:\ProgramData\cocos\editors\Creator\3.8.7\resources\resources\3d\engine\bin\.cache\dev\editor\bundled\index.js:51809:16)
    at Node.setParent (C:\ProgramData\cocos\editors\Creator\3.8.7\resources\resources\3d\engine\bin\.cache\dev\editor\bundled\index.js:50331:16)
    at Scene.addChild (C:\ProgramData\cocos\editors\Creator\3.8.7\resources\resources\3d\engine\bin\.cache\dev\editor\bundled\index.js:50412:17)
    at PrefabPreview.setPrefab (C:\ProgramData\cocos\editors\Creator\3.8.7\resources\app.asar\builtin\scene\dist\script\3d\manager\preview\prefab-preview\index.ccc:1:1495)
2026-6-12 11:40:57 - warn: [Scene] Instancing/Batching enabled for non-baked skinning model or used AnimationController 'Role_2/big_dazhuang_3_D/big_dazhuang_01', this may result in unexpected rendering artifacts. Consider turning it off in the material if you do not intend to do this.Error: [Scene] Instancing/Batching enabled for non-baked skinning model or used AnimationController 'Role_2/big_dazhuang_3_D/big_dazhuang_01', this may result in unexpected rendering artifacts. Consider turning it off in the material if you do not intend to do this.
    at console.warn (C:\ProgramData\cocos\editors\Creator\3.8.7\resources\app.asar\node_modules\@sentry\core\src\utils-hoist\instrument\console.ts:40:14)
    at warn (C:\ProgramData\cocos\editors\Creator\3.8.7\resources\resources\3d\engine\bin\.cache\dev\editor\bundled\index.js:165229:12)
    at warnID (C:\ProgramData\cocos\editors\Creator\3.8.7\resources\resources\3d\engine\bin\.cache\dev\editor\bundled\index.js:165417:5)
    at SkinningModel._updateInstancedAttributes (C:\ProgramData\cocos\editors\Creator\3.8.7\resources\resources\3d\engine\bin\.cache\dev\editor\bundled\index.js:114285:13)
    at SkinningModel._updateAttributesAndBinding (C:\ProgramData\cocos\editors\Creator\3.8.7\resources\resources\3d\engine\bin\.cache\dev\editor\bundled\index.js:242018:16)
    at SkinningModel.initSubModel (C:\ProgramData\cocos\editors\Creator\3.8.7\resources\resources\3d\engine\bin\.cache\dev\editor\bundled\index.js:241679:16)
    at SkinningModel.initSubModel (C:\ProgramData\cocos\editors\Creator\3.8.7\resources\resources\3d\engine\bin\.cache\dev\editor\bundled\index.js:113885:24)
    at SkinningModel.initSubModel (C:\ProgramData\cocos\editors\Creator\3.8.7\resources\resources\3d\engine\bin\.cache\dev\editor\bundled\index.js:114249:17)
    at SkinnedMeshRenderer._updateModelParams (C:\ProgramData\cocos\editors\Creator\3.8.7\resources\resources\3d\engine\bin\.cache\dev\editor\bundled\index.js:110770:29)
    at SkinnedMeshRenderer._updateModelParams (C:\ProgramData\cocos\editors\Creator\3.8.7\resources\resources\3d\engine\bin\.cache\dev\editor\bundled\index.js:119252:17)
    at SkinnedMeshRenderer._updateModels (C:\ProgramData\cocos\editors\Creator\3.8.7\resources\resources\3d\engine\bin\.cache\dev\editor\bundled\index.js:110674:18)
    at SkinnedMeshRenderer.setUseBakedAnimation (C:\ProgramData\cocos\editors\Creator\3.8.7\resources\resources\3d\engine\bin\.cache\dev\editor\bundled\index.js:119235:18)
    at SkeletalAnimation.notifySkinnedMeshAdded (C:\ProgramData\cocos\editors\Creator\3.8.7\resources\resources\3d\engine\bin\.cache\dev\editor\bundled\index.js:118291:31)
    at SkinnedMeshRenderer._tryBindAnimation (C:\ProgramData\cocos\editors\Creator\3.8.7\resources\resources\3d\engine\bin\.cache\dev\editor\bundled\index.js:119273:23)
    at SkinnedMeshRenderer.onLoad (C:\ProgramData\cocos\editors\Creator\3.8.7\resources\resources\3d\engine\bin\.cache\dev\editor\bundled\index.js:119205:16)
    at eval (C:\ProgramData\cocos\editors\Creator\3.8.7\resources\resources\3d\engine\bin\.cache\dev\editor\bundled\index.js:48429:132)
    at OneOffInvoker.eval [as _invoke] (C:\ProgramData\cocos\editors\Creator\3.8.7\resources\resources\3d\engine\bin\.cache\dev\editor\bundled\index.js:46343:9)
    at OneOffInvoker.invoke (C:\ProgramData\cocos\editors\Creator\3.8.7\resources\resources\3d\engine\bin\.cache\dev\editor\bundled\index.js:46462:18)
    at NodeActivator.activateNode (C:\ProgramData\cocos\editors\Creator\3.8.7\resources\resources\3d\engine\bin\.cache\dev\editor\bundled\index.js:48480:27)
    at Node._onHierarchyChangedBase (C:\ProgramData\cocos\editors\Creator\3.8.7\resources\resources\3d\engine\bin\.cache\dev\editor\bundled\index.js:51243:46)
    at Node._onHierarchyChanged (C:\ProgramData\cocos\editors\Creator\3.8.7\resources\resources\3d\engine\bin\.cache\dev\editor\bundled\index.js:51809:16)
    at Node.setParent (C:\ProgramData\cocos\editors\Creator\3.8.7\resources\resources\3d\engine\bin\.cache\dev\editor\bundled\index.js:50331:16)
    at Scene.addChild (C:\ProgramData\cocos\editors\Creator\3.8.7\resources\resources\3d\engine\bin\.cache\dev\editor\bundled\index.js:50412:17)
    at PrefabPreview.setPrefab (C:\ProgramData\cocos\editors\Creator\3.8.7\resources\app.asar\builtin\scene\dist\script\3d\manager\preview\prefab-preview\index.ccc:1:1495)
2026-6-12 11:40:57 - warn: [Scene] Instancing/Batching enabled for non-baked skinning model or used AnimationController 'Role_2/big_dazhuang_3_D/big_dazhuang_01', this may result in unexpected rendering artifacts. Consider turning it off in the material if you do not intend to do this.Error: [Scene] Instancing/Batching enabled for non-baked skinning model or used AnimationController 'Role_2/big_dazhuang_3_D/big_dazhuang_01', this may result in unexpected rendering artifacts. Consider turning it off in the material if you do not intend to do this.
    at console.warn (C:\ProgramData\cocos\editors\Creator\3.8.7\resources\app.asar\node_modules\@sentry\core\src\utils-hoist\instrument\console.ts:40:14)
    at warn (C:\ProgramData\cocos\editors\Creator\3.8.7\resources\resources\3d\engine\bin\.cache\dev\editor\bundled\index.js:165229:12)
    at warnID (C:\ProgramData\cocos\editors\Creator\3.8.7\resources\resources\3d\engine\bin\.cache\dev\editor\bundled\index.js:165417:5)
    at SkinningModel._updateInstancedAttributes (C:\ProgramData\cocos\editors\Creator\3.8.7\resources\resources\3d\engine\bin\.cache\dev\editor\bundled\index.js:114285:13)
    at SkinningModel._updateAttributesAndBinding (C:\ProgramData\cocos\editors\Creator\3.8.7\resources\resources\3d\engine\bin\.cache\dev\editor\bundled\index.js:242018:16)
    at SkinningModel.initSubModel (C:\ProgramData\cocos\editors\Creator\3.8.7\resources\resources\3d\engine\bin\.cache\dev\editor\bundled\index.js:241679:16)
    at SkinningModel.initSubModel (C:\ProgramData\cocos\editors\Creator\3.8.7\resources\resources\3d\engine\bin\.cache\dev\editor\bundled\index.js:113885:24)
    at SkinningModel.initSubModel (C:\ProgramData\cocos\editors\Creator\3.8.7\resources\resources\3d\engine\bin\.cache\dev\editor\bundled\index.js:114249:17)
    at SkinnedMeshRenderer._updateModelParams (C:\ProgramData\cocos\editors\Creator\3.8.7\resources\resources\3d\engine\bin\.cache\dev\editor\bundled\index.js:110770:29)
    at SkinnedMeshRenderer._updateModelParams (C:\ProgramData\cocos\editors\Creator\3.8.7\resources\resources\3d\engine\bin\.cache\dev\editor\bundled\index.js:119252:17)
    at SkinnedMeshRenderer._updateModels (C:\ProgramData\cocos\editors\Creator\3.8.7\resources\resources\3d\engine\bin\.cache\dev\editor\bundled\index.js:110674:18)
    at SkinnedMeshRenderer.setUseBakedAnimation (C:\ProgramData\cocos\editors\Creator\3.8.7\resources\resources\3d\engine\bin\.cache\dev\editor\bundled\index.js:119235:18)
    at SkeletalAnimation.notifySkinnedMeshAdded (C:\ProgramData\cocos\editors\Creator\3.8.7\resources\resources\3d\engine\bin\.cache\dev\editor\bundled\index.js:118291:31)
    at SkinnedMeshRenderer._tryBindAnimation (C:\ProgramData\cocos\editors\Creator\3.8.7\resources\resources\3d\engine\bin\.cache\dev\editor\bundled\index.js:119273:23)
    at SkinnedMeshRenderer.onLoad (C:\ProgramData\cocos\editors\Creator\3.8.7\resources\resources\3d\engine\bin\.cache\dev\editor\bundled\index.js:119205:16)
    at eval (C:\ProgramData\cocos\editors\Creator\3.8.7\resources\resources\3d\engine\bin\.cache\dev\editor\bundled\index.js:48429:132)
    at OneOffInvoker.eval [as _invoke] (C:\ProgramData\cocos\editors\Creator\3.8.7\resources\resources\3d\engine\bin\.cache\dev\editor\bundled\index.js:46343:9)
    at OneOffInvoker.invoke (C:\ProgramData\cocos\editors\Creator\3.8.7\resources\resources\3d\engine\bin\.cache\dev\editor\bundled\index.js:46462:18)
    at NodeActivator.activateNode (C:\ProgramData\cocos\editors\Creator\3.8.7\resources\resources\3d\engine\bin\.cache\dev\editor\bundled\index.js:48480:27)
    at Node._onHierarchyChangedBase (C:\ProgramData\cocos\editors\Creator\3.8.7\resources\resources\3d\engine\bin\.cache\dev\editor\bundled\index.js:51243:46)
    at Node._onHierarchyChanged (C:\ProgramData\cocos\editors\Creator\3.8.7\resources\resources\3d\engine\bin\.cache\dev\editor\bundled\index.js:51809:16)
    at Node.setParent (C:\ProgramData\cocos\editors\Creator\3.8.7\resources\resources\3d\engine\bin\.cache\dev\editor\bundled\index.js:50331:16)
    at Scene.addChild (C:\ProgramData\cocos\editors\Creator\3.8.7\resources\resources\3d\engine\bin\.cache\dev\editor\bundled\index.js:50412:17)
    at PrefabPreview.setPrefab (C:\ProgramData\cocos\editors\Creator\3.8.7\resources\app.asar\builtin\scene\dist\script\3d\manager\preview\prefab-preview\index.ccc:1:1495)
