2026-6-29 17:12:12-log: Cannot access game frame or container.
2026-6-29 17:12:13-debug: asset-db:require-engine-code (1589ms)
2026-6-29 17:12:13-log: meshopt wasm decoder initialized
2026-6-29 17:12:13-log: [bullet]:bullet wasm lib loaded.
2026-6-29 17:12:13-log: [box2d]:box2d wasm lib loaded.
2026-6-29 17:12:13-log: Cocos Creator v3.8.7
2026-6-29 17:12:13-log: Using legacy pipeline
2026-6-29 17:12:13-log: Forward render pipeline initialized.
2026-6-29 17:12:13-debug: [Assets Memory track]: asset-db:worker-init: initEngine start:29.09MB, end 80.13MB, increase: 51.04MB
2026-6-29 17:12:16-debug: [Assets Memory track]: asset-db:worker-init: initPlugin start:80.17MB, end 221.99MB, increase: 141.82MB
2026-6-29 17:12:16-debug: asset-db:worker-init: initPlugin (2728ms)
2026-6-29 17:12:16-debug: [Assets Memory track]: asset-db:worker-init start:29.08MB, end 222.08MB, increase: 193.00MB
2026-6-29 17:12:16-debug: Run asset db hook programming:beforePreStart ...
2026-6-29 17:12:16-debug: Run asset db hook programming:beforePreStart success!
2026-6-29 17:12:16-debug: Run asset db hook engine-extends:beforePreStart ...
2026-6-29 17:12:16-debug: Preimport db  success
2026-6-29 17:12:16-debug: Run asset db hook engine-extends:beforePreStart success!
2026-6-29 17:12:16-debug: Preimport db  success
2026-6-29 17:12:16-debug: Preimport db  success
2026-6-29 17:12:16-debug: Run asset db hook programming:afterPreStart ...
2026-6-29 17:12:16-debug: starting packer-driver...
2026-6-29 17:12:16-debug: asset-db:worker-init (4697ms)
2026-6-29 17:12:16-debug: asset-db-hook-programming-beforePreStart (140ms)
2026-6-29 17:12:16-debug: asset-db-hook-engine-extends-beforePreStart (139ms)
2026-6-29 17:12:16-debug: initialize scripting environment...
2026-6-29 17:12:16-debug: [[Executor]] prepare before lock
2026-6-29 17:12:16-debug: Set detail map pack:///resolution-detail-map.json: {}
2026-6-29 17:12:16-debug: Run asset db hook programming:afterPreStart success!
2026-6-29 17:12:16-debug: Run asset db hook engine-extends:afterPreStart success!
2026-6-29 17:12:16-debug: Run asset db hook engine-extends:afterPreStart ...
2026-6-29 17:12:16-debug: [[Executor]] prepare after unlock
2026-6-29 17:12:16-debug: Start up the 'internal' database...
2026-6-29 17:12:20-debug: asset-db-hook-programming-afterPreStart (4479ms)
2026-6-29 17:12:20-debug: asset-db:worker-effect-data-processing (4039ms)
2026-6-29 17:12:20-debug: asset-db-hook-engine-extends-afterPreStart (4039ms)
2026-6-29 17:12:22-debug: Run asset db hook engine-extends:afterStartDB ...
2026-6-29 17:12:23-debug: recompile effect.bin success
2026-6-29 17:12:23-debug: Run asset db hook engine-extends:afterStartDB success!
2026-6-29 17:12:23-debug: Start up the 'assets' database...
2026-6-29 17:12:28-debug: asset-db:worker-effect-data-processing (6327ms)
2026-6-29 17:12:28-debug: asset-db-hook-engine-extends-afterStartDB (6327ms)
2026-6-29 17:12:28-debug: Run asset db hook engine-extends:afterStartDB ...
2026-6-29 17:12:29-debug: recompile effect.bin success
2026-6-29 17:12:29-debug: Run asset db hook engine-extends:afterStartDB success!
2026-6-29 17:12:29-debug: Start up the 'super-packager' database...
2026-6-29 17:12:29-debug: asset-db:worker-effect-data-processing (772ms)
2026-6-29 17:12:29-debug: asset-db-hook-engine-extends-afterStartDB (772ms)
2026-6-29 17:12:29-debug: Run asset db hook engine-extends:afterStartDB ...
2026-6-29 17:12:30-debug: recompile effect.bin success
2026-6-29 17:12:30-debug: Run asset db hook engine-extends:afterStartDB success!
2026-6-29 17:12:30-debug: [Assets Memory track]: asset-db:worker-init: startup start:222.70MB, end 235.82MB, increase: 13.12MB
2026-6-29 17:12:30-debug: lazy register asset handler *
2026-6-29 17:12:30-debug: lazy register asset handler directory
2026-6-29 17:12:30-debug: lazy register asset handler text
2026-6-29 17:12:30-debug: lazy register asset handler spine-data
2026-6-29 17:12:30-debug: lazy register asset handler json
2026-6-29 17:12:30-debug: lazy register asset handler dragonbones
2026-6-29 17:12:30-debug: lazy register asset handler dragonbones-atlas
2026-6-29 17:12:30-debug: lazy register asset handler javascript
2026-6-29 17:12:30-debug: lazy register asset handler terrain
2026-6-29 17:12:30-debug: lazy register asset handler typescript
2026-6-29 17:12:30-debug: lazy register asset handler scene
2026-6-29 17:12:30-debug: lazy register asset handler prefab
2026-6-29 17:12:30-debug: lazy register asset handler sprite-frame
2026-6-29 17:12:30-debug: lazy register asset handler buffer
2026-6-29 17:12:30-debug: lazy register asset handler tiled-map
2026-6-29 17:12:30-debug: lazy register asset handler image
2026-6-29 17:12:30-debug: lazy register asset handler sign-image
2026-6-29 17:12:30-debug: lazy register asset handler alpha-image
2026-6-29 17:12:30-debug: lazy register asset handler texture
2026-6-29 17:12:30-debug: lazy register asset handler texture-cube
2026-6-29 17:12:30-debug: lazy register asset handler erp-texture-cube
2026-6-29 17:12:30-debug: lazy register asset handler render-texture
2026-6-29 17:12:30-debug: lazy register asset handler texture-cube-face
2026-6-29 17:12:30-debug: lazy register asset handler gltf
2026-6-29 17:12:30-debug: lazy register asset handler rt-sprite-frame
2026-6-29 17:12:30-debug: lazy register asset handler gltf-mesh
2026-6-29 17:12:30-debug: lazy register asset handler gltf-animation
2026-6-29 17:12:30-debug: lazy register asset handler gltf-skeleton
2026-6-29 17:12:30-debug: lazy register asset handler gltf-scene
2026-6-29 17:12:30-debug: lazy register asset handler fbx
2026-6-29 17:12:30-debug: lazy register asset handler gltf-embeded-image
2026-6-29 17:12:30-debug: lazy register asset handler gltf-material
2026-6-29 17:12:30-debug: lazy register asset handler physics-material
2026-6-29 17:12:30-debug: lazy register asset handler material
2026-6-29 17:12:30-debug: lazy register asset handler effect
2026-6-29 17:12:30-debug: lazy register asset handler effect-header
2026-6-29 17:12:30-debug: lazy register asset handler audio-clip
2026-6-29 17:12:30-debug: lazy register asset handler animation-clip
2026-6-29 17:12:30-debug: lazy register asset handler animation-graph
2026-6-29 17:12:30-debug: lazy register asset handler animation-graph-variant
2026-6-29 17:12:30-debug: lazy register asset handler animation-mask
2026-6-29 17:12:30-debug: lazy register asset handler bitmap-font
2026-6-29 17:12:30-debug: lazy register asset handler ttf-font
2026-6-29 17:12:30-debug: lazy register asset handler particle
2026-6-29 17:12:30-debug: lazy register asset handler auto-atlas
2026-6-29 17:12:30-debug: lazy register asset handler sprite-atlas
2026-6-29 17:12:30-debug: lazy register asset handler render-pipeline
2026-6-29 17:12:30-debug: lazy register asset handler label-atlas
2026-6-29 17:12:30-debug: lazy register asset handler render-stage
2026-6-29 17:12:30-debug: lazy register asset handler instantiation-material
2026-6-29 17:12:30-debug: lazy register asset handler render-flow
2026-6-29 17:12:30-debug: lazy register asset handler instantiation-mesh
2026-6-29 17:12:30-debug: lazy register asset handler instantiation-skeleton
2026-6-29 17:12:30-debug: lazy register asset handler instantiation-animation
2026-6-29 17:12:30-debug: lazy register asset handler video-clip
2026-6-29 17:12:30-debug: asset-db:worker-effect-data-processing (475ms)
2026-6-29 17:12:30-debug: asset-db:start-database (14170ms)
2026-6-29 17:12:30-debug: asset-db:ready (23804ms)
2026-6-29 17:12:30-debug: asset-db-hook-engine-extends-afterStartDB (476ms)
2026-6-29 17:12:30-debug: init worker message success
2026-6-29 17:12:36-log: [SUPER_PACKAGE]async function() {
  console.log(PACKAGE_NAME, load);
}
2026-6-29 17:12:36-debug: programming:execute-script (15ms)
2026-6-29 17:12:36-debug: [Build Memory track]: builder:worker-init start:224.95MB, end 257.35MB, increase: 32.40MB
2026-6-29 17:12:36-debug: builder:worker-init (6572ms)
2026-6-29 17:14:37-debug: Query all assets info in project
2026-6-29 17:14:37-debug: init custom config: keepNodeUuid: false, useCache: true
2026-6-29 17:14:37-debug: Skip compress image, progress: 0%
2026-6-29 17:14:37-debug: Init all bundles start..., progress: 0%
2026-6-29 17:14:37-debug: Num of bundles: 3..., progress: 0%
2026-6-29 17:14:37-debug: // ---- build task 查询 Asset Bundle ----
2026-6-29 17:14:37-debug: 查询 Asset Bundle start, progress: 0%
2026-6-29 17:14:37-debug: Init bundle root assets start..., progress: 0%
2026-6-29 17:14:37-debug: Query preload assets/scripts from cc.config.json: 60f7195c-ec2a-45eb-ba94-8955f60e81d0,1c02ae6f-4492-4915-b8f8-7492a3b1e4cd,810e96e4-e456-4468-9b59-f4e8f39732c0,efe8e2a3-eace-427b-b4f1-cb8a937ec77d,e9aa9a3e-5b2b-4ac7-a2c7-073de2b2b24f,8bbdbcdd-5cd4-4100-b6d5-b7c9625b6107,50f4348b-c883-4e2f-8f11-ce233b859fa1,fda095cb-831d-4601-ad94-846013963de8,f92806d7-1768-443f-afe8-12bcde84d0f0,dd3a144d-ab7f-41f0-82b8-2e43a090d496,f0416e68-0200-4b77-a926-4f9d16e494da,511d2633-09a7-4bdd-ac42-f778032124b3,5d45aa00-e064-4938-b314-4265f0c2258c,9361fd90-ba52-4f84-aa93-6e878fd576ca,970b0598-bcb0-4714-91fb-2e81440dccd8,bcd64cc6-2dd9-43f6-abbe-66318d332032,d930590d-bb92-4cc8-8bd1-23cd027f9edf,a3cd009f-0ab0-420d-9278-b9fdab939bbc,6a2d0734-bd9e-4ddf-946e-caa52498cb75,d1346436-ac96-4271-b863-1f4fdead95b0,971bdb23-3ff6-43eb-b422-1c30165a3663,17debcc3-0a6b-4b8a-b00b-dc58b885581e,711ebe11-f673-4cd9-9a83-63c60ba54c5b,c0143906-9aed-447e-9436-2ae8512d1b6e,14da1725-c4c2-42b4-ab08-ee0aeb6898b3,081cab31-dccd-428e-8652-f2404cc81c47,78e0584a-4343-4727-8f37-e14e65c2a2db,ba21476f-2866-4f81-9c4d-6e359316e448,871c3b6c-7379-419d-bda3-794b239ab90d,ff9b0199-ce04-4cfe-86cc-6c719f08d6e4,de1c2107-70c8-4021-8459-6399f24d01c6,cbf30902-517f-40dc-af90-a550bac27cf1,5c601d96-e4c7-4698-991b-7ee674b11079
2026-6-29 17:14:37-debug:   Number of all scripts: 109
2026-6-29 17:14:37-debug:   Number of other assets: 1151
2026-6-29 17:14:37-debug: Init bundle root assets success..., progress: 0%
2026-6-29 17:14:37-debug: // ---- build task 查询 Asset Bundle ---- (17ms)
2026-6-29 17:14:37-debug:   Number of all scenes: 5
2026-6-29 17:14:37-log: run build task 查询 Asset Bundle success in 17 ms√, progress: 5%
2026-6-29 17:14:37-debug: [Build Memory track]: 查询 Asset Bundle start:241.19MB, end 241.17MB, increase: -22.00KB
2026-6-29 17:14:37-debug: 查询 Asset Bundle start, progress: 5%
2026-6-29 17:14:37-debug: // ---- build task 查询 Asset Bundle ----
2026-6-29 17:14:37-debug: // ---- build task 查询 Asset Bundle ---- (6ms)
2026-6-29 17:14:37-log: run build task 查询 Asset Bundle success in 6 ms√, progress: 10%
2026-6-29 17:14:37-debug: [Build Memory track]: 查询 Asset Bundle start:241.22MB, end 241.48MB, increase: 267.57KB
2026-6-29 17:14:37-debug: 整理部分构建选项内数据到 settings.json start, progress: 10%
2026-6-29 17:14:37-debug: // ---- build task 整理部分构建选项内数据到 settings.json ----
2026-6-29 17:14:37-log: run build task 整理部分构建选项内数据到 settings.json success in 2 ms√, progress: 12%
2026-6-29 17:14:37-debug: 填充脚本数据到 settings.json start, progress: 12%
2026-6-29 17:14:37-debug: [Build Memory track]: 整理部分构建选项内数据到 settings.json start:241.53MB, end 241.56MB, increase: 37.28KB
2026-6-29 17:14:37-debug: // ---- build task 填充脚本数据到 settings.json ----
2026-6-29 17:14:37-debug: // ---- build task 整理部分构建选项内数据到 settings.json ---- (2ms)
2026-6-29 17:14:37-debug: // ---- build task 填充脚本数据到 settings.json ---- (3ms)
2026-6-29 17:14:37-log: run build task 填充脚本数据到 settings.json success in 3 ms√, progress: 13%
2026-6-29 17:14:37-debug: 整理部分构建选项内数据到 settings.json start, progress: 13%
2026-6-29 17:14:37-debug: [Build Memory track]: 填充脚本数据到 settings.json start:241.61MB, end 241.65MB, increase: 36.65KB
2026-6-29 17:14:37-debug: // ---- build task 整理部分构建选项内数据到 settings.json ----
2026-6-29 17:14:37-debug: // ---- build task 整理部分构建选项内数据到 settings.json ---- (4ms)
2026-6-29 17:14:37-log: run build task 整理部分构建选项内数据到 settings.json success in 4 ms√, progress: 15%
2026-6-29 17:14:37-debug: [Build Memory track]: 整理部分构建选项内数据到 settings.json start:241.69MB, end 241.77MB, increase: 78.60KB
2026-6-29 17:15:29-debug: Query all assets info in project
2026-6-29 17:15:29-debug: init custom config: keepNodeUuid: false, useCache: true
2026-6-29 17:15:29-debug: Skip compress image, progress: 0%
2026-6-29 17:15:29-debug: Init all bundles start..., progress: 0%
2026-6-29 17:15:29-debug: Num of bundles: 3..., progress: 0%
2026-6-29 17:15:29-debug: // ---- build task 查询 Asset Bundle ----
2026-6-29 17:15:29-debug: 查询 Asset Bundle start, progress: 0%
2026-6-29 17:15:29-debug: Init bundle root assets start..., progress: 0%
2026-6-29 17:15:29-debug:   Number of all scenes: 5
2026-6-29 17:15:29-debug:   Number of other assets: 1151
2026-6-29 17:15:29-debug: Query preload assets/scripts from cc.config.json: 60f7195c-ec2a-45eb-ba94-8955f60e81d0,1c02ae6f-4492-4915-b8f8-7492a3b1e4cd,810e96e4-e456-4468-9b59-f4e8f39732c0,efe8e2a3-eace-427b-b4f1-cb8a937ec77d,e9aa9a3e-5b2b-4ac7-a2c7-073de2b2b24f,8bbdbcdd-5cd4-4100-b6d5-b7c9625b6107,50f4348b-c883-4e2f-8f11-ce233b859fa1,fda095cb-831d-4601-ad94-846013963de8,f92806d7-1768-443f-afe8-12bcde84d0f0,dd3a144d-ab7f-41f0-82b8-2e43a090d496,f0416e68-0200-4b77-a926-4f9d16e494da,511d2633-09a7-4bdd-ac42-f778032124b3,5d45aa00-e064-4938-b314-4265f0c2258c,9361fd90-ba52-4f84-aa93-6e878fd576ca,970b0598-bcb0-4714-91fb-2e81440dccd8,bcd64cc6-2dd9-43f6-abbe-66318d332032,d930590d-bb92-4cc8-8bd1-23cd027f9edf,a3cd009f-0ab0-420d-9278-b9fdab939bbc,6a2d0734-bd9e-4ddf-946e-caa52498cb75,d1346436-ac96-4271-b863-1f4fdead95b0,971bdb23-3ff6-43eb-b422-1c30165a3663,17debcc3-0a6b-4b8a-b00b-dc58b885581e,711ebe11-f673-4cd9-9a83-63c60ba54c5b,c0143906-9aed-447e-9436-2ae8512d1b6e,14da1725-c4c2-42b4-ab08-ee0aeb6898b3,081cab31-dccd-428e-8652-f2404cc81c47,78e0584a-4343-4727-8f37-e14e65c2a2db,ba21476f-2866-4f81-9c4d-6e359316e448,871c3b6c-7379-419d-bda3-794b239ab90d,ff9b0199-ce04-4cfe-86cc-6c719f08d6e4,de1c2107-70c8-4021-8459-6399f24d01c6,cbf30902-517f-40dc-af90-a550bac27cf1,5c601d96-e4c7-4698-991b-7ee674b11079
2026-6-29 17:15:29-debug: Init bundle root assets success..., progress: 0%
2026-6-29 17:15:29-debug:   Number of all scripts: 109
2026-6-29 17:15:29-debug: // ---- build task 查询 Asset Bundle ---- (16ms)
2026-6-29 17:15:29-log: run build task 查询 Asset Bundle success in 16 ms√, progress: 5%
2026-6-29 17:15:29-debug: 查询 Asset Bundle start, progress: 5%
2026-6-29 17:15:29-debug: [Build Memory track]: 查询 Asset Bundle start:241.91MB, end 241.80MB, increase: -112.70KB
2026-6-29 17:15:29-debug: // ---- build task 查询 Asset Bundle ----
2026-6-29 17:15:29-debug: // ---- build task 查询 Asset Bundle ---- (5ms)
2026-6-29 17:15:29-log: run build task 查询 Asset Bundle success in 5 ms√, progress: 10%
2026-6-29 17:15:29-debug: [Build Memory track]: 查询 Asset Bundle start:241.85MB, end 242.09MB, increase: 247.36KB
2026-6-29 17:15:29-debug: 整理部分构建选项内数据到 settings.json start, progress: 10%
2026-6-29 17:15:29-debug: // ---- build task 整理部分构建选项内数据到 settings.json ----
2026-6-29 17:15:29-debug: // ---- build task 整理部分构建选项内数据到 settings.json ---- (1ms)
2026-6-29 17:15:29-log: run build task 整理部分构建选项内数据到 settings.json success in 1 ms√, progress: 12%
2026-6-29 17:15:29-debug: 填充脚本数据到 settings.json start, progress: 12%
2026-6-29 17:15:29-debug: [Build Memory track]: 整理部分构建选项内数据到 settings.json start:242.14MB, end 242.18MB, increase: 37.17KB
2026-6-29 17:15:29-debug: // ---- build task 填充脚本数据到 settings.json ----
2026-6-29 17:15:29-debug: // ---- build task 填充脚本数据到 settings.json ---- (1ms)
2026-6-29 17:15:29-debug: [Build Memory track]: 填充脚本数据到 settings.json start:242.23MB, end 242.27MB, increase: 41.26KB
2026-6-29 17:15:29-log: run build task 填充脚本数据到 settings.json success in 1 ms√, progress: 13%
2026-6-29 17:15:29-debug: // ---- build task 整理部分构建选项内数据到 settings.json ----
2026-6-29 17:15:29-debug: 整理部分构建选项内数据到 settings.json start, progress: 13%
2026-6-29 17:15:29-debug: // ---- build task 整理部分构建选项内数据到 settings.json ---- (8ms)
2026-6-29 17:15:29-log: run build task 整理部分构建选项内数据到 settings.json success in 8 ms√, progress: 15%
2026-6-29 17:15:29-debug: [Build Memory track]: 整理部分构建选项内数据到 settings.json start:242.31MB, end 241.64MB, increase: -682.00KB
2026-6-29 17:17:20-debug: refresh db internal success
2026-6-29 17:17:20-debug: refresh db assets success
2026-6-29 17:17:20-debug: refresh db super-packager success
2026-6-29 17:17:20-debug: Run asset db hook engine-extends:afterRefresh ...
2026-6-29 17:17:20-debug: Run asset db hook engine-extends:afterRefresh success!
2026-6-29 17:17:20-debug: asset-db:refresh-all-database (220ms)
2026-6-29 17:17:20-debug: asset-db:worker-effect-data-processing (2ms)
2026-6-29 17:17:20-debug: asset-db-hook-engine-extends-afterRefresh (2ms)
2026-6-29 17:17:22-debug: refresh db internal success
2026-6-29 17:17:23-debug: refresh db assets success
2026-6-29 17:17:23-debug: refresh db super-packager success
2026-6-29 17:17:23-debug: Run asset db hook engine-extends:afterRefresh ...
2026-6-29 17:17:23-debug: Run asset db hook engine-extends:afterRefresh success!
2026-6-29 17:17:23-debug: asset-db:worker-effect-data-processing (1ms)
2026-6-29 17:17:23-debug: asset-db:refresh-all-database (209ms)
2026-6-29 17:17:23-debug: asset-db-hook-engine-extends-afterRefresh (2ms)
2026-6-29 17:18:11-debug: refresh db internal success
2026-6-29 17:18:11-debug: refresh db assets success
2026-6-29 17:18:11-debug: refresh db super-packager success
2026-6-29 17:18:11-debug: Run asset db hook engine-extends:afterRefresh ...
2026-6-29 17:18:11-debug: Run asset db hook engine-extends:afterRefresh success!
2026-6-29 17:18:11-debug: asset-db:refresh-all-database (200ms)
2026-6-29 17:18:11-debug: asset-db:worker-effect-data-processing (1ms)
2026-6-29 17:18:11-debug: asset-db-hook-engine-extends-afterRefresh (2ms)
2026-6-29 17:19:12-debug: refresh db internal success
2026-6-29 17:19:13-debug: refresh db assets success
2026-6-29 17:19:13-debug: refresh db super-packager success
2026-6-29 17:19:13-debug: Run asset db hook engine-extends:afterRefresh ...
2026-6-29 17:19:13-debug: Run asset db hook engine-extends:afterRefresh success!
2026-6-29 17:19:13-debug: asset-db:refresh-all-database (188ms)
2026-6-29 17:19:13-debug: asset-db:worker-effect-data-processing (3ms)
2026-6-29 17:19:13-debug: asset-db-hook-engine-extends-afterRefresh (3ms)
2026-6-29 17:19:20-debug: Query all assets info in project
2026-6-29 17:19:20-debug: init custom config: keepNodeUuid: false, useCache: true
2026-6-29 17:19:20-debug: Skip compress image, progress: 0%
2026-6-29 17:19:20-debug: Init all bundles start..., progress: 0%
2026-6-29 17:19:20-debug: // ---- build task 查询 Asset Bundle ----
2026-6-29 17:19:20-debug: Num of bundles: 3..., progress: 0%
2026-6-29 17:19:20-debug: 查询 Asset Bundle start, progress: 0%
2026-6-29 17:19:20-debug: Init bundle root assets start..., progress: 0%
2026-6-29 17:19:20-debug: Query preload assets/scripts from cc.config.json: 60f7195c-ec2a-45eb-ba94-8955f60e81d0,1c02ae6f-4492-4915-b8f8-7492a3b1e4cd,810e96e4-e456-4468-9b59-f4e8f39732c0,efe8e2a3-eace-427b-b4f1-cb8a937ec77d,e9aa9a3e-5b2b-4ac7-a2c7-073de2b2b24f,8bbdbcdd-5cd4-4100-b6d5-b7c9625b6107,50f4348b-c883-4e2f-8f11-ce233b859fa1,fda095cb-831d-4601-ad94-846013963de8,f92806d7-1768-443f-afe8-12bcde84d0f0,dd3a144d-ab7f-41f0-82b8-2e43a090d496,f0416e68-0200-4b77-a926-4f9d16e494da,511d2633-09a7-4bdd-ac42-f778032124b3,5d45aa00-e064-4938-b314-4265f0c2258c,9361fd90-ba52-4f84-aa93-6e878fd576ca,970b0598-bcb0-4714-91fb-2e81440dccd8,bcd64cc6-2dd9-43f6-abbe-66318d332032,d930590d-bb92-4cc8-8bd1-23cd027f9edf,a3cd009f-0ab0-420d-9278-b9fdab939bbc,6a2d0734-bd9e-4ddf-946e-caa52498cb75,d1346436-ac96-4271-b863-1f4fdead95b0,971bdb23-3ff6-43eb-b422-1c30165a3663,17debcc3-0a6b-4b8a-b00b-dc58b885581e,711ebe11-f673-4cd9-9a83-63c60ba54c5b,c0143906-9aed-447e-9436-2ae8512d1b6e,14da1725-c4c2-42b4-ab08-ee0aeb6898b3,081cab31-dccd-428e-8652-f2404cc81c47,78e0584a-4343-4727-8f37-e14e65c2a2db,ba21476f-2866-4f81-9c4d-6e359316e448,871c3b6c-7379-419d-bda3-794b239ab90d,ff9b0199-ce04-4cfe-86cc-6c719f08d6e4,de1c2107-70c8-4021-8459-6399f24d01c6,cbf30902-517f-40dc-af90-a550bac27cf1,5c601d96-e4c7-4698-991b-7ee674b11079
2026-6-29 17:19:20-debug:   Number of all scripts: 109
2026-6-29 17:19:20-debug:   Number of other assets: 1151
2026-6-29 17:19:20-debug: Init bundle root assets success..., progress: 0%
2026-6-29 17:19:20-debug:   Number of all scenes: 5
2026-6-29 17:19:20-debug: // ---- build task 查询 Asset Bundle ---- (13ms)
2026-6-29 17:19:20-log: run build task 查询 Asset Bundle success in 13 ms√, progress: 5%
2026-6-29 17:19:20-debug: [Build Memory track]: 查询 Asset Bundle start:254.01MB, end 255.61MB, increase: 1.60MB
2026-6-29 17:19:20-debug: 查询 Asset Bundle start, progress: 5%
2026-6-29 17:19:20-debug: // ---- build task 查询 Asset Bundle ----
2026-6-29 17:19:20-debug: // ---- build task 查询 Asset Bundle ---- (4ms)
2026-6-29 17:19:20-debug: 整理部分构建选项内数据到 settings.json start, progress: 10%
2026-6-29 17:19:20-debug: [Build Memory track]: 查询 Asset Bundle start:255.66MB, end 255.89MB, increase: 242.01KB
2026-6-29 17:19:20-log: run build task 查询 Asset Bundle success in 4 ms√, progress: 10%
2026-6-29 17:19:20-debug: // ---- build task 整理部分构建选项内数据到 settings.json ----
2026-6-29 17:19:20-debug: // ---- build task 整理部分构建选项内数据到 settings.json ---- (2ms)
2026-6-29 17:19:20-log: run build task 整理部分构建选项内数据到 settings.json success in 2 ms√, progress: 12%
2026-6-29 17:19:20-debug: // ---- build task 填充脚本数据到 settings.json ----
2026-6-29 17:19:20-debug: [Build Memory track]: 整理部分构建选项内数据到 settings.json start:255.94MB, end 255.98MB, increase: 44.13KB
2026-6-29 17:19:20-debug: 填充脚本数据到 settings.json start, progress: 12%
2026-6-29 17:19:20-debug: // ---- build task 填充脚本数据到 settings.json ---- (2ms)
2026-6-29 17:19:20-log: run build task 填充脚本数据到 settings.json success in 2 ms√, progress: 13%
2026-6-29 17:19:20-debug: [Build Memory track]: 填充脚本数据到 settings.json start:256.03MB, end 253.13MB, increase: -2970.53KB
2026-6-29 17:19:20-debug: 整理部分构建选项内数据到 settings.json start, progress: 13%
2026-6-29 17:19:20-debug: // ---- build task 整理部分构建选项内数据到 settings.json ----
2026-6-29 17:19:20-debug: // ---- build task 整理部分构建选项内数据到 settings.json ---- (6ms)
2026-6-29 17:19:20-log: run build task 整理部分构建选项内数据到 settings.json success in 6 ms√, progress: 15%
2026-6-29 17:19:20-debug: [Build Memory track]: 整理部分构建选项内数据到 settings.json start:253.64MB, end 253.25MB, increase: -399.38KB
2026-6-29 17:33:59-debug: refresh db internal success
2026-6-29 17:34:00-debug: %cImport%c: D:\工程项目\PlayableAD\Cocos\TheW\20260615_HYQ\HYQ_Project\assets\Script\functionS\Battle\BulletMonsterCollisionManager.tsbackground: #aaff85; color: #000;color: #000;
2026-6-29 17:34:00-debug: %cImport%c: D:\工程项目\PlayableAD\Cocos\TheW\20260615_HYQ\HYQ_Project\assets\Script\functionS\Player\Player.tsbackground: #aaff85; color: #000;color: #000;
2026-6-29 17:34:00-debug: refresh db assets success
2026-6-29 17:34:00-debug: refresh db super-packager success
2026-6-29 17:34:00-debug: Run asset db hook engine-extends:afterRefresh ...
2026-6-29 17:34:00-debug: Run asset db hook engine-extends:afterRefresh success!
2026-6-29 17:34:00-debug: asset-db:refresh-all-database (206ms)
2026-6-29 17:34:00-debug: asset-db:worker-effect-data-processing (3ms)
2026-6-29 17:34:00-debug: asset-db-hook-engine-extends-afterRefresh (3ms)
2026-6-29 17:34:02-debug: Query all assets info in project
2026-6-29 17:34:02-debug: init custom config: keepNodeUuid: false, useCache: true
2026-6-29 17:34:02-debug: Skip compress image, progress: 0%
2026-6-29 17:34:02-debug: Init all bundles start..., progress: 0%
2026-6-29 17:34:02-debug: // ---- build task 查询 Asset Bundle ----
2026-6-29 17:34:02-debug: Init bundle root assets start..., progress: 0%
2026-6-29 17:34:02-debug: 查询 Asset Bundle start, progress: 0%
2026-6-29 17:34:02-debug: Num of bundles: 3..., progress: 0%
2026-6-29 17:34:02-debug:   Number of all scenes: 5
2026-6-29 17:34:02-debug:   Number of all scripts: 109
2026-6-29 17:34:02-debug: Query preload assets/scripts from cc.config.json: 60f7195c-ec2a-45eb-ba94-8955f60e81d0,1c02ae6f-4492-4915-b8f8-7492a3b1e4cd,810e96e4-e456-4468-9b59-f4e8f39732c0,efe8e2a3-eace-427b-b4f1-cb8a937ec77d,e9aa9a3e-5b2b-4ac7-a2c7-073de2b2b24f,8bbdbcdd-5cd4-4100-b6d5-b7c9625b6107,50f4348b-c883-4e2f-8f11-ce233b859fa1,fda095cb-831d-4601-ad94-846013963de8,f92806d7-1768-443f-afe8-12bcde84d0f0,dd3a144d-ab7f-41f0-82b8-2e43a090d496,f0416e68-0200-4b77-a926-4f9d16e494da,511d2633-09a7-4bdd-ac42-f778032124b3,5d45aa00-e064-4938-b314-4265f0c2258c,9361fd90-ba52-4f84-aa93-6e878fd576ca,970b0598-bcb0-4714-91fb-2e81440dccd8,bcd64cc6-2dd9-43f6-abbe-66318d332032,d930590d-bb92-4cc8-8bd1-23cd027f9edf,a3cd009f-0ab0-420d-9278-b9fdab939bbc,6a2d0734-bd9e-4ddf-946e-caa52498cb75,d1346436-ac96-4271-b863-1f4fdead95b0,971bdb23-3ff6-43eb-b422-1c30165a3663,17debcc3-0a6b-4b8a-b00b-dc58b885581e,711ebe11-f673-4cd9-9a83-63c60ba54c5b,c0143906-9aed-447e-9436-2ae8512d1b6e,14da1725-c4c2-42b4-ab08-ee0aeb6898b3,081cab31-dccd-428e-8652-f2404cc81c47,78e0584a-4343-4727-8f37-e14e65c2a2db,ba21476f-2866-4f81-9c4d-6e359316e448,871c3b6c-7379-419d-bda3-794b239ab90d,ff9b0199-ce04-4cfe-86cc-6c719f08d6e4,de1c2107-70c8-4021-8459-6399f24d01c6,cbf30902-517f-40dc-af90-a550bac27cf1,5c601d96-e4c7-4698-991b-7ee674b11079
2026-6-29 17:34:02-debug: Init bundle root assets success..., progress: 0%
2026-6-29 17:34:02-debug:   Number of other assets: 1151
2026-6-29 17:34:02-debug: // ---- build task 查询 Asset Bundle ---- (15ms)
2026-6-29 17:34:02-log: run build task 查询 Asset Bundle success in 15 ms√, progress: 5%
2026-6-29 17:34:02-debug: [Build Memory track]: 查询 Asset Bundle start:258.75MB, end 257.74MB, increase: -1032.66KB
2026-6-29 17:34:02-debug: 查询 Asset Bundle start, progress: 5%
2026-6-29 17:34:02-debug: // ---- build task 查询 Asset Bundle ----
2026-6-29 17:34:02-debug: // ---- build task 查询 Asset Bundle ---- (4ms)
2026-6-29 17:34:02-debug: [Build Memory track]: 查询 Asset Bundle start:257.79MB, end 258.02MB, increase: 239.36KB
2026-6-29 17:34:02-log: run build task 查询 Asset Bundle success in 4 ms√, progress: 10%
2026-6-29 17:34:02-debug: 整理部分构建选项内数据到 settings.json start, progress: 10%
2026-6-29 17:34:02-debug: // ---- build task 整理部分构建选项内数据到 settings.json ----
2026-6-29 17:34:02-debug: // ---- build task 整理部分构建选项内数据到 settings.json ---- (3ms)
2026-6-29 17:34:02-log: run build task 整理部分构建选项内数据到 settings.json success in 3 ms√, progress: 12%
2026-6-29 17:34:02-debug: 填充脚本数据到 settings.json start, progress: 12%
2026-6-29 17:34:02-debug: [Build Memory track]: 整理部分构建选项内数据到 settings.json start:258.06MB, end 258.11MB, increase: 42.45KB
2026-6-29 17:34:02-debug: // ---- build task 填充脚本数据到 settings.json ----
2026-6-29 17:34:02-debug: // ---- build task 填充脚本数据到 settings.json ---- (2ms)
2026-6-29 17:34:02-log: run build task 填充脚本数据到 settings.json success in 2 ms√, progress: 13%
2026-6-29 17:34:02-debug: [Build Memory track]: 填充脚本数据到 settings.json start:258.15MB, end 258.19MB, increase: 36.07KB
2026-6-29 17:34:02-debug: 整理部分构建选项内数据到 settings.json start, progress: 13%
2026-6-29 17:34:02-debug: // ---- build task 整理部分构建选项内数据到 settings.json ----
2026-6-29 17:34:02-debug: // ---- build task 整理部分构建选项内数据到 settings.json ---- (5ms)
2026-6-29 17:34:02-log: run build task 整理部分构建选项内数据到 settings.json success in 5 ms√, progress: 15%
2026-6-29 17:34:02-debug: [Build Memory track]: 整理部分构建选项内数据到 settings.json start:258.23MB, end 258.30MB, increase: 72.55KB
2026-6-29 17:35:43-debug: refresh db internal success
2026-6-29 17:35:43-debug: refresh db assets success
2026-6-29 17:35:43-debug: refresh db super-packager success
2026-6-29 17:35:43-debug: Run asset db hook engine-extends:afterRefresh ...
2026-6-29 17:35:43-debug: Run asset db hook engine-extends:afterRefresh success!
2026-6-29 17:35:43-debug: asset-db:refresh-all-database (189ms)
2026-6-29 17:35:43-debug: asset-db:worker-effect-data-processing (1ms)
2026-6-29 17:35:43-debug: asset-db-hook-engine-extends-afterRefresh (2ms)
2026-6-29 17:39:45-debug: Query all assets info in project
2026-6-29 17:39:45-debug: init custom config: keepNodeUuid: false, useCache: true
2026-6-29 17:39:45-debug: Skip compress image, progress: 0%
2026-6-29 17:39:45-debug: Init all bundles start..., progress: 0%
2026-6-29 17:39:45-debug: // ---- build task 查询 Asset Bundle ----
2026-6-29 17:39:45-debug: Num of bundles: 3..., progress: 0%
2026-6-29 17:39:45-debug: 查询 Asset Bundle start, progress: 0%
2026-6-29 17:39:45-debug: Init bundle root assets start..., progress: 0%
2026-6-29 17:39:45-debug:   Number of all scenes: 5
2026-6-29 17:39:45-debug: Query preload assets/scripts from cc.config.json: 60f7195c-ec2a-45eb-ba94-8955f60e81d0,1c02ae6f-4492-4915-b8f8-7492a3b1e4cd,810e96e4-e456-4468-9b59-f4e8f39732c0,efe8e2a3-eace-427b-b4f1-cb8a937ec77d,e9aa9a3e-5b2b-4ac7-a2c7-073de2b2b24f,8bbdbcdd-5cd4-4100-b6d5-b7c9625b6107,50f4348b-c883-4e2f-8f11-ce233b859fa1,fda095cb-831d-4601-ad94-846013963de8,f92806d7-1768-443f-afe8-12bcde84d0f0,dd3a144d-ab7f-41f0-82b8-2e43a090d496,f0416e68-0200-4b77-a926-4f9d16e494da,511d2633-09a7-4bdd-ac42-f778032124b3,5d45aa00-e064-4938-b314-4265f0c2258c,9361fd90-ba52-4f84-aa93-6e878fd576ca,970b0598-bcb0-4714-91fb-2e81440dccd8,bcd64cc6-2dd9-43f6-abbe-66318d332032,d930590d-bb92-4cc8-8bd1-23cd027f9edf,a3cd009f-0ab0-420d-9278-b9fdab939bbc,6a2d0734-bd9e-4ddf-946e-caa52498cb75,d1346436-ac96-4271-b863-1f4fdead95b0,971bdb23-3ff6-43eb-b422-1c30165a3663,17debcc3-0a6b-4b8a-b00b-dc58b885581e,711ebe11-f673-4cd9-9a83-63c60ba54c5b,c0143906-9aed-447e-9436-2ae8512d1b6e,14da1725-c4c2-42b4-ab08-ee0aeb6898b3,081cab31-dccd-428e-8652-f2404cc81c47,78e0584a-4343-4727-8f37-e14e65c2a2db,ba21476f-2866-4f81-9c4d-6e359316e448,871c3b6c-7379-419d-bda3-794b239ab90d,ff9b0199-ce04-4cfe-86cc-6c719f08d6e4,de1c2107-70c8-4021-8459-6399f24d01c6,cbf30902-517f-40dc-af90-a550bac27cf1,5c601d96-e4c7-4698-991b-7ee674b11079
2026-6-29 17:39:45-debug: Init bundle root assets success..., progress: 0%
2026-6-29 17:39:45-debug:   Number of other assets: 1151
2026-6-29 17:39:45-debug:   Number of all scripts: 109
2026-6-29 17:39:45-debug: // ---- build task 查询 Asset Bundle ---- (14ms)
2026-6-29 17:39:45-log: run build task 查询 Asset Bundle success in 14 ms√, progress: 5%
2026-6-29 17:39:45-debug: 查询 Asset Bundle start, progress: 5%
2026-6-29 17:39:45-debug: [Build Memory track]: 查询 Asset Bundle start:260.07MB, end 261.70MB, increase: 1.63MB
2026-6-29 17:39:45-debug: // ---- build task 查询 Asset Bundle ----
2026-6-29 17:39:45-debug: // ---- build task 查询 Asset Bundle ---- (4ms)
2026-6-29 17:39:45-log: run build task 查询 Asset Bundle success in 4 ms√, progress: 10%
2026-6-29 17:39:45-debug: [Build Memory track]: 查询 Asset Bundle start:261.74MB, end 261.97MB, increase: 236.69KB
2026-6-29 17:39:45-debug: 整理部分构建选项内数据到 settings.json start, progress: 10%
2026-6-29 17:39:45-debug: // ---- build task 整理部分构建选项内数据到 settings.json ----
2026-6-29 17:39:45-debug: // ---- build task 整理部分构建选项内数据到 settings.json ---- (1ms)
2026-6-29 17:39:45-log: run build task 整理部分构建选项内数据到 settings.json success in 1 ms√, progress: 12%
2026-6-29 17:39:45-debug: [Build Memory track]: 整理部分构建选项内数据到 settings.json start:262.02MB, end 262.07MB, increase: 45.00KB
2026-6-29 17:39:45-debug: // ---- build task 填充脚本数据到 settings.json ----
2026-6-29 17:39:45-debug: 填充脚本数据到 settings.json start, progress: 12%
2026-6-29 17:39:45-debug: // ---- build task 填充脚本数据到 settings.json ---- (3ms)
2026-6-29 17:39:45-log: run build task 填充脚本数据到 settings.json success in 3 ms√, progress: 13%
2026-6-29 17:39:45-debug: [Build Memory track]: 填充脚本数据到 settings.json start:262.11MB, end 262.15MB, increase: 36.13KB
2026-6-29 17:39:45-debug: 整理部分构建选项内数据到 settings.json start, progress: 13%
2026-6-29 17:39:45-debug: // ---- build task 整理部分构建选项内数据到 settings.json ----
2026-6-29 17:39:45-debug: // ---- build task 整理部分构建选项内数据到 settings.json ---- (4ms)
2026-6-29 17:39:45-log: run build task 整理部分构建选项内数据到 settings.json success in 4 ms√, progress: 15%
2026-6-29 17:39:45-debug: [Build Memory track]: 整理部分构建选项内数据到 settings.json start:262.19MB, end 259.22MB, increase: -3043.82KB
2026-6-29 17:40:24-debug: refresh db internal success
2026-6-29 17:40:24-debug: refresh db assets success
2026-6-29 17:40:24-debug: refresh db super-packager success
2026-6-29 17:40:24-debug: Run asset db hook engine-extends:afterRefresh ...
2026-6-29 17:40:24-debug: Run asset db hook engine-extends:afterRefresh success!
2026-6-29 17:40:24-debug: asset-db:refresh-all-database (208ms)
2026-6-29 17:40:24-debug: asset-db:worker-effect-data-processing (1ms)
2026-6-29 17:40:24-debug: asset-db-hook-engine-extends-afterRefresh (1ms)
2026-6-29 17:41:18-debug: %cImport%c: D:\工程项目\PlayableAD\Cocos\TheW\20260615_HYQ\HYQ_Project\assets\Scene\Game_3D-002.scenebackground: #aaff85; color: #000;color: #000;
2026-6-29 17:41:18-debug: asset-db:reimport-assetb5805d3a-3b80-4a12-adf5-588e63a7d886 (41ms)
2026-6-29 17:41:19-debug: Query all assets info in project
2026-6-29 17:41:19-debug: init custom config: keepNodeUuid: false, useCache: true
2026-6-29 17:41:19-debug: Skip compress image, progress: 0%
2026-6-29 17:41:19-debug: Init all bundles start..., progress: 0%
2026-6-29 17:41:19-debug: Num of bundles: 3..., progress: 0%
2026-6-29 17:41:19-debug: 查询 Asset Bundle start, progress: 0%
2026-6-29 17:41:19-debug: // ---- build task 查询 Asset Bundle ----
2026-6-29 17:41:19-debug: Init bundle root assets start..., progress: 0%
2026-6-29 17:41:19-debug: Query preload assets/scripts from cc.config.json: 60f7195c-ec2a-45eb-ba94-8955f60e81d0,1c02ae6f-4492-4915-b8f8-7492a3b1e4cd,810e96e4-e456-4468-9b59-f4e8f39732c0,efe8e2a3-eace-427b-b4f1-cb8a937ec77d,e9aa9a3e-5b2b-4ac7-a2c7-073de2b2b24f,8bbdbcdd-5cd4-4100-b6d5-b7c9625b6107,50f4348b-c883-4e2f-8f11-ce233b859fa1,fda095cb-831d-4601-ad94-846013963de8,f92806d7-1768-443f-afe8-12bcde84d0f0,dd3a144d-ab7f-41f0-82b8-2e43a090d496,f0416e68-0200-4b77-a926-4f9d16e494da,511d2633-09a7-4bdd-ac42-f778032124b3,5d45aa00-e064-4938-b314-4265f0c2258c,9361fd90-ba52-4f84-aa93-6e878fd576ca,970b0598-bcb0-4714-91fb-2e81440dccd8,bcd64cc6-2dd9-43f6-abbe-66318d332032,d930590d-bb92-4cc8-8bd1-23cd027f9edf,a3cd009f-0ab0-420d-9278-b9fdab939bbc,6a2d0734-bd9e-4ddf-946e-caa52498cb75,d1346436-ac96-4271-b863-1f4fdead95b0,971bdb23-3ff6-43eb-b422-1c30165a3663,17debcc3-0a6b-4b8a-b00b-dc58b885581e,711ebe11-f673-4cd9-9a83-63c60ba54c5b,c0143906-9aed-447e-9436-2ae8512d1b6e,14da1725-c4c2-42b4-ab08-ee0aeb6898b3,081cab31-dccd-428e-8652-f2404cc81c47,78e0584a-4343-4727-8f37-e14e65c2a2db,ba21476f-2866-4f81-9c4d-6e359316e448,871c3b6c-7379-419d-bda3-794b239ab90d,ff9b0199-ce04-4cfe-86cc-6c719f08d6e4,de1c2107-70c8-4021-8459-6399f24d01c6,cbf30902-517f-40dc-af90-a550bac27cf1,5c601d96-e4c7-4698-991b-7ee674b11079
2026-6-29 17:41:19-debug:   Number of all scenes: 5
2026-6-29 17:41:19-debug:   Number of all scripts: 109
2026-6-29 17:41:19-debug:   Number of other assets: 1151
2026-6-29 17:41:19-debug: Init bundle root assets success..., progress: 0%
2026-6-29 17:41:19-debug: // ---- build task 查询 Asset Bundle ---- (32ms)
2026-6-29 17:41:19-log: run build task 查询 Asset Bundle success in 32 ms√, progress: 5%
2026-6-29 17:41:19-debug: [Build Memory track]: 查询 Asset Bundle start:242.81MB, end 242.76MB, increase: -50.38KB
2026-6-29 17:41:19-debug: 查询 Asset Bundle start, progress: 5%
2026-6-29 17:41:19-debug: // ---- build task 查询 Asset Bundle ----
2026-6-29 17:41:19-debug: // ---- build task 查询 Asset Bundle ---- (10ms)
2026-6-29 17:41:19-debug: [Build Memory track]: 查询 Asset Bundle start:242.81MB, end 243.05MB, increase: 245.71KB
2026-6-29 17:41:19-log: run build task 查询 Asset Bundle success in 10 ms√, progress: 10%
2026-6-29 17:41:19-debug: // ---- build task 整理部分构建选项内数据到 settings.json ----
2026-6-29 17:41:19-debug: 整理部分构建选项内数据到 settings.json start, progress: 10%
2026-6-29 17:41:19-debug: // ---- build task 整理部分构建选项内数据到 settings.json ---- (13ms)
2026-6-29 17:41:19-log: run build task 整理部分构建选项内数据到 settings.json success in 13 ms√, progress: 12%
2026-6-29 17:41:19-debug: [Build Memory track]: 整理部分构建选项内数据到 settings.json start:243.09MB, end 243.13MB, increase: 45.11KB
2026-6-29 17:41:19-debug: 填充脚本数据到 settings.json start, progress: 12%
2026-6-29 17:41:19-debug: // ---- build task 填充脚本数据到 settings.json ----
2026-6-29 17:41:19-debug: // ---- build task 填充脚本数据到 settings.json ---- (7ms)
2026-6-29 17:41:19-log: run build task 填充脚本数据到 settings.json success in 7 ms√, progress: 13%
2026-6-29 17:41:19-debug: [Build Memory track]: 填充脚本数据到 settings.json start:243.17MB, end 243.20MB, increase: 28.68KB
2026-6-29 17:41:19-debug: 整理部分构建选项内数据到 settings.json start, progress: 13%
2026-6-29 17:41:19-debug: // ---- build task 整理部分构建选项内数据到 settings.json ----
2026-6-29 17:41:19-debug: // ---- build task 整理部分构建选项内数据到 settings.json ---- (11ms)
2026-6-29 17:41:19-log: run build task 整理部分构建选项内数据到 settings.json success in 11 ms√, progress: 15%
2026-6-29 17:41:19-debug: [Build Memory track]: 整理部分构建选项内数据到 settings.json start:243.23MB, end 242.56MB, increase: -690.97KB
2026-6-29 17:42:12-debug: refresh db internal success
2026-6-29 17:42:12-debug: refresh db assets success
2026-6-29 17:42:12-debug: refresh db super-packager success
2026-6-29 17:42:12-debug: Run asset db hook engine-extends:afterRefresh ...
2026-6-29 17:42:12-debug: Run asset db hook engine-extends:afterRefresh success!
2026-6-29 17:42:12-debug: asset-db:refresh-all-database (204ms)
2026-6-29 17:42:12-debug: asset-db:worker-effect-data-processing (2ms)
2026-6-29 17:42:12-debug: asset-db-hook-engine-extends-afterRefresh (2ms)
2026-6-29 17:49:46-debug: refresh db internal success
2026-6-29 17:49:46-debug: refresh db assets success
2026-6-29 17:49:46-debug: refresh db super-packager success
2026-6-29 17:49:46-debug: Run asset db hook engine-extends:afterRefresh ...
2026-6-29 17:49:46-debug: Run asset db hook engine-extends:afterRefresh success!
2026-6-29 17:49:46-debug: asset-db:refresh-all-database (233ms)
2026-6-29 17:49:46-debug: asset-db:worker-effect-data-processing (2ms)
2026-6-29 17:49:46-debug: asset-db-hook-engine-extends-afterRefresh (2ms)
2026-6-29 17:49:50-debug: Query all assets info in project
2026-6-29 17:49:50-debug: init custom config: keepNodeUuid: false, useCache: true
2026-6-29 17:49:50-debug: Skip compress image, progress: 0%
2026-6-29 17:49:50-debug: Init all bundles start..., progress: 0%
2026-6-29 17:49:50-debug: Num of bundles: 3..., progress: 0%
2026-6-29 17:49:50-debug: 查询 Asset Bundle start, progress: 0%
2026-6-29 17:49:50-debug: // ---- build task 查询 Asset Bundle ----
2026-6-29 17:49:50-debug: Init bundle root assets start..., progress: 0%
2026-6-29 17:49:50-debug: Query preload assets/scripts from cc.config.json: 60f7195c-ec2a-45eb-ba94-8955f60e81d0,1c02ae6f-4492-4915-b8f8-7492a3b1e4cd,810e96e4-e456-4468-9b59-f4e8f39732c0,efe8e2a3-eace-427b-b4f1-cb8a937ec77d,e9aa9a3e-5b2b-4ac7-a2c7-073de2b2b24f,8bbdbcdd-5cd4-4100-b6d5-b7c9625b6107,50f4348b-c883-4e2f-8f11-ce233b859fa1,fda095cb-831d-4601-ad94-846013963de8,f92806d7-1768-443f-afe8-12bcde84d0f0,dd3a144d-ab7f-41f0-82b8-2e43a090d496,f0416e68-0200-4b77-a926-4f9d16e494da,511d2633-09a7-4bdd-ac42-f778032124b3,5d45aa00-e064-4938-b314-4265f0c2258c,9361fd90-ba52-4f84-aa93-6e878fd576ca,970b0598-bcb0-4714-91fb-2e81440dccd8,bcd64cc6-2dd9-43f6-abbe-66318d332032,d930590d-bb92-4cc8-8bd1-23cd027f9edf,a3cd009f-0ab0-420d-9278-b9fdab939bbc,6a2d0734-bd9e-4ddf-946e-caa52498cb75,d1346436-ac96-4271-b863-1f4fdead95b0,971bdb23-3ff6-43eb-b422-1c30165a3663,17debcc3-0a6b-4b8a-b00b-dc58b885581e,711ebe11-f673-4cd9-9a83-63c60ba54c5b,c0143906-9aed-447e-9436-2ae8512d1b6e,14da1725-c4c2-42b4-ab08-ee0aeb6898b3,081cab31-dccd-428e-8652-f2404cc81c47,78e0584a-4343-4727-8f37-e14e65c2a2db,ba21476f-2866-4f81-9c4d-6e359316e448,871c3b6c-7379-419d-bda3-794b239ab90d,ff9b0199-ce04-4cfe-86cc-6c719f08d6e4,de1c2107-70c8-4021-8459-6399f24d01c6,cbf30902-517f-40dc-af90-a550bac27cf1,5c601d96-e4c7-4698-991b-7ee674b11079
2026-6-29 17:49:50-debug:   Number of all scripts: 109
2026-6-29 17:49:50-debug:   Number of other assets: 1151
2026-6-29 17:49:50-debug: Init bundle root assets success..., progress: 0%
2026-6-29 17:49:50-debug:   Number of all scenes: 5
2026-6-29 17:49:50-debug: // ---- build task 查询 Asset Bundle ---- (14ms)
2026-6-29 17:49:50-log: run build task 查询 Asset Bundle success in 14 ms√, progress: 5%
2026-6-29 17:49:50-debug: [Build Memory track]: 查询 Asset Bundle start:249.92MB, end 251.51MB, increase: 1.60MB
2026-6-29 17:49:50-debug: 查询 Asset Bundle start, progress: 5%
2026-6-29 17:49:50-debug: // ---- build task 查询 Asset Bundle ----
2026-6-29 17:49:50-debug: // ---- build task 查询 Asset Bundle ---- (5ms)
2026-6-29 17:49:50-log: run build task 查询 Asset Bundle success in 5 ms√, progress: 10%
2026-6-29 17:49:50-debug: 整理部分构建选项内数据到 settings.json start, progress: 10%
2026-6-29 17:49:50-debug: [Build Memory track]: 查询 Asset Bundle start:251.55MB, end 251.77MB, increase: 231.86KB
2026-6-29 17:49:50-debug: // ---- build task 整理部分构建选项内数据到 settings.json ----
2026-6-29 17:49:50-debug: // ---- build task 整理部分构建选项内数据到 settings.json ---- (2ms)
2026-6-29 17:49:50-log: run build task 整理部分构建选项内数据到 settings.json success in 2 ms√, progress: 12%
2026-6-29 17:49:50-debug: [Build Memory track]: 整理部分构建选项内数据到 settings.json start:251.81MB, end 251.84MB, increase: 29.53KB
2026-6-29 17:49:50-debug: // ---- build task 填充脚本数据到 settings.json ----
2026-6-29 17:49:50-debug: 填充脚本数据到 settings.json start, progress: 12%
2026-6-29 17:49:50-log: run build task 填充脚本数据到 settings.json success in 2 ms√, progress: 13%
2026-6-29 17:49:50-debug: [Build Memory track]: 填充脚本数据到 settings.json start:251.87MB, end 251.90MB, increase: 28.97KB
2026-6-29 17:49:50-debug: // ---- build task 填充脚本数据到 settings.json ---- (2ms)
2026-6-29 17:49:50-debug: 整理部分构建选项内数据到 settings.json start, progress: 13%
2026-6-29 17:49:50-debug: // ---- build task 整理部分构建选项内数据到 settings.json ----
2026-6-29 17:49:50-debug: // ---- build task 整理部分构建选项内数据到 settings.json ---- (5ms)
2026-6-29 17:49:50-log: run build task 整理部分构建选项内数据到 settings.json success in 5 ms√, progress: 15%
2026-6-29 17:49:50-debug: [Build Memory track]: 整理部分构建选项内数据到 settings.json start:251.94MB, end 252.00MB, increase: 66.50KB
2026-6-29 17:50:29-debug: Query all assets info in project
2026-6-29 17:50:29-debug: init custom config: keepNodeUuid: false, useCache: true
2026-6-29 17:50:29-debug: Skip compress image, progress: 0%
2026-6-29 17:50:29-debug: Init all bundles start..., progress: 0%
2026-6-29 17:50:29-debug: // ---- build task 查询 Asset Bundle ----
2026-6-29 17:50:29-debug: 查询 Asset Bundle start, progress: 0%
2026-6-29 17:50:29-debug: Num of bundles: 3..., progress: 0%
2026-6-29 17:50:29-debug: Init bundle root assets start..., progress: 0%
2026-6-29 17:50:29-debug: Query preload assets/scripts from cc.config.json: 60f7195c-ec2a-45eb-ba94-8955f60e81d0,1c02ae6f-4492-4915-b8f8-7492a3b1e4cd,810e96e4-e456-4468-9b59-f4e8f39732c0,efe8e2a3-eace-427b-b4f1-cb8a937ec77d,e9aa9a3e-5b2b-4ac7-a2c7-073de2b2b24f,8bbdbcdd-5cd4-4100-b6d5-b7c9625b6107,50f4348b-c883-4e2f-8f11-ce233b859fa1,fda095cb-831d-4601-ad94-846013963de8,f92806d7-1768-443f-afe8-12bcde84d0f0,dd3a144d-ab7f-41f0-82b8-2e43a090d496,f0416e68-0200-4b77-a926-4f9d16e494da,511d2633-09a7-4bdd-ac42-f778032124b3,5d45aa00-e064-4938-b314-4265f0c2258c,9361fd90-ba52-4f84-aa93-6e878fd576ca,970b0598-bcb0-4714-91fb-2e81440dccd8,bcd64cc6-2dd9-43f6-abbe-66318d332032,d930590d-bb92-4cc8-8bd1-23cd027f9edf,a3cd009f-0ab0-420d-9278-b9fdab939bbc,6a2d0734-bd9e-4ddf-946e-caa52498cb75,d1346436-ac96-4271-b863-1f4fdead95b0,971bdb23-3ff6-43eb-b422-1c30165a3663,17debcc3-0a6b-4b8a-b00b-dc58b885581e,711ebe11-f673-4cd9-9a83-63c60ba54c5b,c0143906-9aed-447e-9436-2ae8512d1b6e,14da1725-c4c2-42b4-ab08-ee0aeb6898b3,081cab31-dccd-428e-8652-f2404cc81c47,78e0584a-4343-4727-8f37-e14e65c2a2db,ba21476f-2866-4f81-9c4d-6e359316e448,871c3b6c-7379-419d-bda3-794b239ab90d,ff9b0199-ce04-4cfe-86cc-6c719f08d6e4,de1c2107-70c8-4021-8459-6399f24d01c6,cbf30902-517f-40dc-af90-a550bac27cf1,5c601d96-e4c7-4698-991b-7ee674b11079
2026-6-29 17:50:29-debug: Init bundle root assets success..., progress: 0%
2026-6-29 17:50:29-debug:   Number of all scripts: 109
2026-6-29 17:50:29-debug:   Number of all scenes: 5
2026-6-29 17:50:29-debug:   Number of other assets: 1151
2026-6-29 17:50:29-log: run build task 查询 Asset Bundle success in 13 ms√, progress: 5%
2026-6-29 17:50:29-debug: // ---- build task 查询 Asset Bundle ---- (13ms)
2026-6-29 17:50:29-debug: [Build Memory track]: 查询 Asset Bundle start:250.71MB, end 252.25MB, increase: 1.55MB
2026-6-29 17:50:29-debug: 查询 Asset Bundle start, progress: 5%
2026-6-29 17:50:29-debug: // ---- build task 查询 Asset Bundle ----
2026-6-29 17:50:29-log: run build task 查询 Asset Bundle success in 8 ms√, progress: 10%
2026-6-29 17:50:29-debug: [Build Memory track]: 查询 Asset Bundle start:252.29MB, end 249.68MB, increase: -2667.63KB
2026-6-29 17:50:29-debug: // ---- build task 查询 Asset Bundle ---- (8ms)
2026-6-29 17:50:29-debug: 整理部分构建选项内数据到 settings.json start, progress: 10%
2026-6-29 17:50:29-debug: // ---- build task 整理部分构建选项内数据到 settings.json ----
2026-6-29 17:50:29-debug: // ---- build task 整理部分构建选项内数据到 settings.json ---- (3ms)
2026-6-29 17:50:29-log: run build task 整理部分构建选项内数据到 settings.json success in 3 ms√, progress: 12%
2026-6-29 17:50:29-debug: [Build Memory track]: 整理部分构建选项内数据到 settings.json start:249.72MB, end 249.75MB, increase: 29.50KB
2026-6-29 17:50:29-debug: 填充脚本数据到 settings.json start, progress: 12%
2026-6-29 17:50:29-debug: // ---- build task 填充脚本数据到 settings.json ----
2026-6-29 17:50:29-debug: // ---- build task 填充脚本数据到 settings.json ---- (3ms)
2026-6-29 17:50:29-log: run build task 填充脚本数据到 settings.json success in 3 ms√, progress: 13%
2026-6-29 17:50:29-debug: [Build Memory track]: 填充脚本数据到 settings.json start:249.78MB, end 249.81MB, increase: 33.00KB
2026-6-29 17:50:29-debug: 整理部分构建选项内数据到 settings.json start, progress: 13%
2026-6-29 17:50:29-debug: // ---- build task 整理部分构建选项内数据到 settings.json ----
2026-6-29 17:50:29-debug: // ---- build task 整理部分构建选项内数据到 settings.json ---- (5ms)
2026-6-29 17:50:29-debug: [Build Memory track]: 整理部分构建选项内数据到 settings.json start:249.85MB, end 249.92MB, increase: 71.34KB
2026-6-29 17:50:29-log: run build task 整理部分构建选项内数据到 settings.json success in 5 ms√, progress: 15%
2026-6-29 18:04:53-debug: refresh db internal success
2026-6-29 18:04:53-debug: %cImport%c: D:\工程项目\PlayableAD\Cocos\TheW\20260615_HYQ\HYQ_Project\assets\Script\functionS\Battle\BulletMonsterCollisionManager.tsbackground: #aaff85; color: #000;color: #000;
2026-6-29 18:04:53-debug: %cImport%c: D:\工程项目\PlayableAD\Cocos\TheW\20260615_HYQ\HYQ_Project\assets\Script\functionS\Monster\MonsterCreate.tsbackground: #aaff85; color: #000;color: #000;
2026-6-29 18:04:53-debug: %cImport%c: D:\工程项目\PlayableAD\Cocos\TheW\20260615_HYQ\HYQ_Project\assets\Script\functionS\Player\Player.tsbackground: #aaff85; color: #000;color: #000;
2026-6-29 18:04:53-debug: refresh db assets success
2026-6-29 18:04:53-debug: refresh db super-packager success
2026-6-29 18:04:53-debug: Run asset db hook engine-extends:afterRefresh ...
2026-6-29 18:04:53-debug: Run asset db hook engine-extends:afterRefresh success!
2026-6-29 18:04:53-debug: asset-db:refresh-all-database (205ms)
2026-6-29 18:04:53-debug: asset-db:worker-effect-data-processing (1ms)
2026-6-29 18:04:53-debug: asset-db-hook-engine-extends-afterRefresh (1ms)
2026-6-29 18:04:57-debug: Query all assets info in project
2026-6-29 18:04:57-debug: init custom config: keepNodeUuid: false, useCache: true
2026-6-29 18:04:57-debug: Skip compress image, progress: 0%
2026-6-29 18:04:57-debug: Init all bundles start..., progress: 0%
2026-6-29 18:04:57-debug: Num of bundles: 3..., progress: 0%
2026-6-29 18:04:57-debug: 查询 Asset Bundle start, progress: 0%
2026-6-29 18:04:57-debug: Init bundle root assets start..., progress: 0%
2026-6-29 18:04:57-debug: // ---- build task 查询 Asset Bundle ----
2026-6-29 18:04:57-debug: Query preload assets/scripts from cc.config.json: 60f7195c-ec2a-45eb-ba94-8955f60e81d0,1c02ae6f-4492-4915-b8f8-7492a3b1e4cd,810e96e4-e456-4468-9b59-f4e8f39732c0,efe8e2a3-eace-427b-b4f1-cb8a937ec77d,e9aa9a3e-5b2b-4ac7-a2c7-073de2b2b24f,8bbdbcdd-5cd4-4100-b6d5-b7c9625b6107,50f4348b-c883-4e2f-8f11-ce233b859fa1,fda095cb-831d-4601-ad94-846013963de8,f92806d7-1768-443f-afe8-12bcde84d0f0,dd3a144d-ab7f-41f0-82b8-2e43a090d496,f0416e68-0200-4b77-a926-4f9d16e494da,511d2633-09a7-4bdd-ac42-f778032124b3,5d45aa00-e064-4938-b314-4265f0c2258c,9361fd90-ba52-4f84-aa93-6e878fd576ca,970b0598-bcb0-4714-91fb-2e81440dccd8,bcd64cc6-2dd9-43f6-abbe-66318d332032,d930590d-bb92-4cc8-8bd1-23cd027f9edf,a3cd009f-0ab0-420d-9278-b9fdab939bbc,6a2d0734-bd9e-4ddf-946e-caa52498cb75,d1346436-ac96-4271-b863-1f4fdead95b0,971bdb23-3ff6-43eb-b422-1c30165a3663,17debcc3-0a6b-4b8a-b00b-dc58b885581e,711ebe11-f673-4cd9-9a83-63c60ba54c5b,c0143906-9aed-447e-9436-2ae8512d1b6e,14da1725-c4c2-42b4-ab08-ee0aeb6898b3,081cab31-dccd-428e-8652-f2404cc81c47,78e0584a-4343-4727-8f37-e14e65c2a2db,ba21476f-2866-4f81-9c4d-6e359316e448,871c3b6c-7379-419d-bda3-794b239ab90d,ff9b0199-ce04-4cfe-86cc-6c719f08d6e4,de1c2107-70c8-4021-8459-6399f24d01c6,cbf30902-517f-40dc-af90-a550bac27cf1,5c601d96-e4c7-4698-991b-7ee674b11079
2026-6-29 18:04:57-debug:   Number of all scenes: 5
2026-6-29 18:04:57-debug:   Number of all scripts: 109
2026-6-29 18:04:57-debug:   Number of other assets: 1151
2026-6-29 18:04:57-debug: Init bundle root assets success..., progress: 0%
2026-6-29 18:04:57-debug: // ---- build task 查询 Asset Bundle ---- (14ms)
2026-6-29 18:04:57-log: run build task 查询 Asset Bundle success in 14 ms√, progress: 5%
2026-6-29 18:04:57-debug: [Build Memory track]: 查询 Asset Bundle start:256.94MB, end 253.15MB, increase: -3886.99KB
2026-6-29 18:04:57-debug: 查询 Asset Bundle start, progress: 5%
2026-6-29 18:04:57-debug: // ---- build task 查询 Asset Bundle ----
2026-6-29 18:04:57-debug: [Build Memory track]: 查询 Asset Bundle start:253.18MB, end 253.40MB, increase: 217.60KB
2026-6-29 18:04:57-log: run build task 查询 Asset Bundle success in 11 ms√, progress: 10%
2026-6-29 18:04:57-debug: 整理部分构建选项内数据到 settings.json start, progress: 10%
2026-6-29 18:04:57-debug: // ---- build task 查询 Asset Bundle ---- (11ms)
2026-6-29 18:04:57-debug: // ---- build task 整理部分构建选项内数据到 settings.json ----
2026-6-29 18:04:57-debug: // ---- build task 整理部分构建选项内数据到 settings.json ---- (2ms)
2026-6-29 18:04:57-log: run build task 整理部分构建选项内数据到 settings.json success in 2 ms√, progress: 12%
2026-6-29 18:04:57-debug: [Build Memory track]: 整理部分构建选项内数据到 settings.json start:253.43MB, end 253.46MB, increase: 34.12KB
2026-6-29 18:04:57-debug: 填充脚本数据到 settings.json start, progress: 12%
2026-6-29 18:04:57-debug: // ---- build task 填充脚本数据到 settings.json ----
2026-6-29 18:04:57-debug: // ---- build task 填充脚本数据到 settings.json ---- (2ms)
2026-6-29 18:04:57-log: run build task 填充脚本数据到 settings.json success in 2 ms√, progress: 13%
2026-6-29 18:04:57-debug: 整理部分构建选项内数据到 settings.json start, progress: 13%
2026-6-29 18:04:57-debug: [Build Memory track]: 填充脚本数据到 settings.json start:253.50MB, end 253.53MB, increase: 28.93KB
2026-6-29 18:04:57-debug: // ---- build task 整理部分构建选项内数据到 settings.json ----
2026-6-29 18:04:57-debug: // ---- build task 整理部分构建选项内数据到 settings.json ---- (5ms)
2026-6-29 18:04:57-log: run build task 整理部分构建选项内数据到 settings.json success in 5 ms√, progress: 15%
2026-6-29 18:04:57-debug: [Build Memory track]: 整理部分构建选项内数据到 settings.json start:253.56MB, end 253.64MB, increase: 75.87KB
2026-6-29 18:06:33-debug: refresh db internal success
2026-6-29 18:06:33-debug: refresh db assets success
2026-6-29 18:06:34-debug: Run asset db hook engine-extends:afterRefresh ...
2026-6-29 18:06:34-debug: refresh db super-packager success
2026-6-29 18:06:34-debug: Run asset db hook engine-extends:afterRefresh success!
2026-6-29 18:06:34-debug: asset-db:refresh-all-database (247ms)
2026-6-29 18:06:34-debug: asset-db:worker-effect-data-processing (1ms)
2026-6-29 18:06:34-debug: asset-db-hook-engine-extends-afterRefresh (1ms)
2026-6-29 18:12:12-debug: refresh db internal success
2026-6-29 18:12:12-debug: refresh db assets success
2026-6-29 18:12:12-debug: refresh db super-packager success
2026-6-29 18:12:12-debug: Run asset db hook engine-extends:afterRefresh ...
2026-6-29 18:12:12-debug: Run asset db hook engine-extends:afterRefresh success!
2026-6-29 18:12:12-debug: asset-db:refresh-all-database (244ms)
2026-6-29 18:12:12-debug: asset-db:worker-effect-data-processing (2ms)
2026-6-29 18:12:12-debug: asset-db-hook-engine-extends-afterRefresh (2ms)
2026-6-29 18:12:19-debug: refresh db internal success
2026-6-29 18:12:19-debug: refresh db assets success
2026-6-29 18:12:19-debug: refresh db super-packager success
2026-6-29 18:12:19-debug: Run asset db hook engine-extends:afterRefresh ...
2026-6-29 18:12:19-debug: Run asset db hook engine-extends:afterRefresh success!
2026-6-29 18:12:19-debug: asset-db:worker-effect-data-processing (2ms)
2026-6-29 18:12:19-debug: asset-db:refresh-all-database (233ms)
2026-6-29 18:12:19-debug: asset-db-hook-engine-extends-afterRefresh (2ms)
2026-6-29 18:12:20-debug: %cImport%c: D:\工程项目\PlayableAD\Cocos\TheW\20260615_HYQ\HYQ_Project\assets\Scene\Game_3D-002.scenebackground: #aaff85; color: #000;color: #000;
2026-6-29 18:12:20-debug: asset-db:reimport-assetb5805d3a-3b80-4a12-adf5-588e63a7d886 (27ms)
2026-6-29 18:12:21-debug: Query all assets info in project
2026-6-29 18:12:21-debug: init custom config: keepNodeUuid: false, useCache: true
2026-6-29 18:12:21-debug: Skip compress image, progress: 0%
2026-6-29 18:12:21-debug: Init all bundles start..., progress: 0%
2026-6-29 18:12:21-debug: 查询 Asset Bundle start, progress: 0%
2026-6-29 18:12:21-debug: // ---- build task 查询 Asset Bundle ----
2026-6-29 18:12:21-debug: Num of bundles: 3..., progress: 0%
2026-6-29 18:12:21-debug: Init bundle root assets start..., progress: 0%
2026-6-29 18:12:21-debug:   Number of all scenes: 5
2026-6-29 18:12:21-debug: Query preload assets/scripts from cc.config.json: 60f7195c-ec2a-45eb-ba94-8955f60e81d0,1c02ae6f-4492-4915-b8f8-7492a3b1e4cd,810e96e4-e456-4468-9b59-f4e8f39732c0,efe8e2a3-eace-427b-b4f1-cb8a937ec77d,e9aa9a3e-5b2b-4ac7-a2c7-073de2b2b24f,8bbdbcdd-5cd4-4100-b6d5-b7c9625b6107,50f4348b-c883-4e2f-8f11-ce233b859fa1,fda095cb-831d-4601-ad94-846013963de8,f92806d7-1768-443f-afe8-12bcde84d0f0,dd3a144d-ab7f-41f0-82b8-2e43a090d496,f0416e68-0200-4b77-a926-4f9d16e494da,511d2633-09a7-4bdd-ac42-f778032124b3,5d45aa00-e064-4938-b314-4265f0c2258c,9361fd90-ba52-4f84-aa93-6e878fd576ca,970b0598-bcb0-4714-91fb-2e81440dccd8,bcd64cc6-2dd9-43f6-abbe-66318d332032,d930590d-bb92-4cc8-8bd1-23cd027f9edf,a3cd009f-0ab0-420d-9278-b9fdab939bbc,6a2d0734-bd9e-4ddf-946e-caa52498cb75,d1346436-ac96-4271-b863-1f4fdead95b0,971bdb23-3ff6-43eb-b422-1c30165a3663,17debcc3-0a6b-4b8a-b00b-dc58b885581e,711ebe11-f673-4cd9-9a83-63c60ba54c5b,c0143906-9aed-447e-9436-2ae8512d1b6e,14da1725-c4c2-42b4-ab08-ee0aeb6898b3,081cab31-dccd-428e-8652-f2404cc81c47,78e0584a-4343-4727-8f37-e14e65c2a2db,ba21476f-2866-4f81-9c4d-6e359316e448,871c3b6c-7379-419d-bda3-794b239ab90d,ff9b0199-ce04-4cfe-86cc-6c719f08d6e4,de1c2107-70c8-4021-8459-6399f24d01c6,cbf30902-517f-40dc-af90-a550bac27cf1,5c601d96-e4c7-4698-991b-7ee674b11079
2026-6-29 18:12:21-debug:   Number of all scripts: 109
2026-6-29 18:12:21-debug:   Number of other assets: 1151
2026-6-29 18:12:21-debug: Init bundle root assets success..., progress: 0%
2026-6-29 18:12:21-debug: // ---- build task 查询 Asset Bundle ---- (16ms)
2026-6-29 18:12:21-debug: [Build Memory track]: 查询 Asset Bundle start:262.14MB, end 263.69MB, increase: 1.55MB
2026-6-29 18:12:21-log: run build task 查询 Asset Bundle success in 16 ms√, progress: 5%
2026-6-29 18:12:21-debug: 查询 Asset Bundle start, progress: 5%
2026-6-29 18:12:21-debug: // ---- build task 查询 Asset Bundle ----
2026-6-29 18:12:21-debug: // ---- build task 查询 Asset Bundle ---- (6ms)
2026-6-29 18:12:21-log: run build task 查询 Asset Bundle success in 6 ms√, progress: 10%
2026-6-29 18:12:21-debug: [Build Memory track]: 查询 Asset Bundle start:263.72MB, end 263.96MB, increase: 245.05KB
2026-6-29 18:12:21-debug: 整理部分构建选项内数据到 settings.json start, progress: 10%
2026-6-29 18:12:21-debug: // ---- build task 整理部分构建选项内数据到 settings.json ----
2026-6-29 18:12:21-log: run build task 整理部分构建选项内数据到 settings.json success in 2 ms√, progress: 12%
2026-6-29 18:12:21-debug: // ---- build task 整理部分构建选项内数据到 settings.json ---- (2ms)
2026-6-29 18:12:21-debug: [Build Memory track]: 整理部分构建选项内数据到 settings.json start:264.00MB, end 264.03MB, increase: 32.19KB
2026-6-29 18:12:21-debug: 填充脚本数据到 settings.json start, progress: 12%
2026-6-29 18:12:21-debug: // ---- build task 填充脚本数据到 settings.json ----
2026-6-29 18:12:21-log: run build task 填充脚本数据到 settings.json success in 2 ms√, progress: 13%
2026-6-29 18:12:21-debug: // ---- build task 填充脚本数据到 settings.json ---- (2ms)
2026-6-29 18:12:21-debug: // ---- build task 整理部分构建选项内数据到 settings.json ----
2026-6-29 18:12:21-debug: 整理部分构建选项内数据到 settings.json start, progress: 13%
2026-6-29 18:12:21-debug: [Build Memory track]: 填充脚本数据到 settings.json start:264.07MB, end 264.10MB, increase: 27.35KB
2026-6-29 18:12:21-debug: // ---- build task 整理部分构建选项内数据到 settings.json ---- (8ms)
2026-6-29 18:12:21-log: run build task 整理部分构建选项内数据到 settings.json success in 8 ms√, progress: 15%
2026-6-29 18:12:21-debug: [Build Memory track]: 整理部分构建选项内数据到 settings.json start:264.13MB, end 264.20MB, increase: 74.38KB
2026-6-29 18:18:58-debug: refresh db internal success
2026-6-29 18:18:58-debug: refresh db assets success
2026-6-29 18:18:58-debug: refresh db super-packager success
2026-6-29 18:18:58-debug: Run asset db hook engine-extends:afterRefresh ...
2026-6-29 18:18:58-debug: Run asset db hook engine-extends:afterRefresh success!
2026-6-29 18:18:58-debug: asset-db:worker-effect-data-processing (2ms)
2026-6-29 18:18:58-debug: asset-db-hook-engine-extends-afterRefresh (3ms)
2026-6-29 18:18:58-debug: asset-db:refresh-all-database (353ms)
2026-6-29 18:21:22-debug: refresh db internal success
2026-6-29 18:21:22-debug: refresh db assets success
2026-6-29 18:21:22-debug: refresh db super-packager success
2026-6-29 18:21:22-debug: Run asset db hook engine-extends:afterRefresh ...
2026-6-29 18:21:22-debug: Run asset db hook engine-extends:afterRefresh success!
2026-6-29 18:21:22-debug: asset-db:refresh-all-database (191ms)
2026-6-29 18:21:22-debug: asset-db-hook-engine-extends-afterRefresh (1ms)
2026-6-29 18:27:47-debug: refresh db internal success
2026-6-29 18:27:47-debug: refresh db assets success
2026-6-29 18:27:47-debug: refresh db super-packager success
2026-6-29 18:27:47-debug: Run asset db hook engine-extends:afterRefresh ...
2026-6-29 18:27:47-debug: Run asset db hook engine-extends:afterRefresh success!
2026-6-29 18:27:47-debug: asset-db:refresh-all-database (188ms)
2026-6-29 18:27:47-debug: asset-db:worker-effect-data-processing (2ms)
2026-6-29 18:27:47-debug: asset-db-hook-engine-extends-afterRefresh (2ms)
2026-6-29 18:27:52-debug: refresh db internal success
2026-6-29 18:27:52-debug: refresh db assets success
2026-6-29 18:27:52-debug: refresh db super-packager success
2026-6-29 18:27:52-debug: Run asset db hook engine-extends:afterRefresh ...
2026-6-29 18:27:52-debug: Run asset db hook engine-extends:afterRefresh success!
2026-6-29 18:27:52-debug: asset-db:refresh-all-database (180ms)
2026-6-29 18:27:52-debug: asset-db:worker-effect-data-processing (1ms)
2026-6-29 18:27:52-debug: asset-db-hook-engine-extends-afterRefresh (2ms)
2026-6-29 18:28:25-debug: refresh db internal success
2026-6-29 18:28:25-debug: refresh db assets success
2026-6-29 18:28:25-debug: Run asset db hook engine-extends:afterRefresh ...
2026-6-29 18:28:25-debug: refresh db super-packager success
2026-6-29 18:28:25-debug: Run asset db hook engine-extends:afterRefresh success!
2026-6-29 18:28:25-debug: asset-db:refresh-all-database (202ms)
2026-6-29 18:28:25-debug: asset-db:worker-effect-data-processing (2ms)
2026-6-29 18:28:25-debug: asset-db-hook-engine-extends-afterRefresh (2ms)
2026-6-29 18:29:51-debug: Query all assets info in project
2026-6-29 18:29:51-debug: init custom config: keepNodeUuid: false, useCache: true
2026-6-29 18:29:51-debug: Skip compress image, progress: 0%
2026-6-29 18:29:51-debug: Num of bundles: 3..., progress: 0%
2026-6-29 18:29:51-debug: Init all bundles start..., progress: 0%
2026-6-29 18:29:51-debug: 查询 Asset Bundle start, progress: 0%
2026-6-29 18:29:51-debug: // ---- build task 查询 Asset Bundle ----
2026-6-29 18:29:51-debug: Init bundle root assets start..., progress: 0%
2026-6-29 18:29:51-debug: Query preload assets/scripts from cc.config.json: 60f7195c-ec2a-45eb-ba94-8955f60e81d0,1c02ae6f-4492-4915-b8f8-7492a3b1e4cd,810e96e4-e456-4468-9b59-f4e8f39732c0,efe8e2a3-eace-427b-b4f1-cb8a937ec77d,e9aa9a3e-5b2b-4ac7-a2c7-073de2b2b24f,8bbdbcdd-5cd4-4100-b6d5-b7c9625b6107,50f4348b-c883-4e2f-8f11-ce233b859fa1,fda095cb-831d-4601-ad94-846013963de8,f92806d7-1768-443f-afe8-12bcde84d0f0,dd3a144d-ab7f-41f0-82b8-2e43a090d496,f0416e68-0200-4b77-a926-4f9d16e494da,511d2633-09a7-4bdd-ac42-f778032124b3,5d45aa00-e064-4938-b314-4265f0c2258c,9361fd90-ba52-4f84-aa93-6e878fd576ca,970b0598-bcb0-4714-91fb-2e81440dccd8,bcd64cc6-2dd9-43f6-abbe-66318d332032,d930590d-bb92-4cc8-8bd1-23cd027f9edf,a3cd009f-0ab0-420d-9278-b9fdab939bbc,6a2d0734-bd9e-4ddf-946e-caa52498cb75,d1346436-ac96-4271-b863-1f4fdead95b0,971bdb23-3ff6-43eb-b422-1c30165a3663,17debcc3-0a6b-4b8a-b00b-dc58b885581e,711ebe11-f673-4cd9-9a83-63c60ba54c5b,c0143906-9aed-447e-9436-2ae8512d1b6e,14da1725-c4c2-42b4-ab08-ee0aeb6898b3,081cab31-dccd-428e-8652-f2404cc81c47,78e0584a-4343-4727-8f37-e14e65c2a2db,ba21476f-2866-4f81-9c4d-6e359316e448,871c3b6c-7379-419d-bda3-794b239ab90d,ff9b0199-ce04-4cfe-86cc-6c719f08d6e4,de1c2107-70c8-4021-8459-6399f24d01c6,cbf30902-517f-40dc-af90-a550bac27cf1,5c601d96-e4c7-4698-991b-7ee674b11079
2026-6-29 18:29:51-debug:   Number of all scenes: 5
2026-6-29 18:29:51-debug: Init bundle root assets success..., progress: 0%
2026-6-29 18:29:51-debug:   Number of other assets: 1151
2026-6-29 18:29:51-debug:   Number of all scripts: 109
2026-6-29 18:29:51-debug: // ---- build task 查询 Asset Bundle ---- (17ms)
2026-6-29 18:29:51-log: run build task 查询 Asset Bundle success in 17 ms√, progress: 5%
2026-6-29 18:29:51-debug: 查询 Asset Bundle start, progress: 5%
2026-6-29 18:29:51-debug: [Build Memory track]: 查询 Asset Bundle start:251.09MB, end 250.91MB, increase: -179.46KB
2026-6-29 18:29:51-debug: // ---- build task 查询 Asset Bundle ----
2026-6-29 18:29:51-debug: // ---- build task 查询 Asset Bundle ---- (5ms)
2026-6-29 18:29:51-debug: [Build Memory track]: 查询 Asset Bundle start:250.95MB, end 251.18MB, increase: 232.78KB
2026-6-29 18:29:51-debug: 整理部分构建选项内数据到 settings.json start, progress: 10%
2026-6-29 18:29:51-log: run build task 查询 Asset Bundle success in 5 ms√, progress: 10%
2026-6-29 18:29:51-debug: // ---- build task 整理部分构建选项内数据到 settings.json ----
2026-6-29 18:29:51-debug: // ---- build task 整理部分构建选项内数据到 settings.json ---- (2ms)
2026-6-29 18:29:51-log: run build task 整理部分构建选项内数据到 settings.json success in 2 ms√, progress: 12%
2026-6-29 18:29:51-debug: // ---- build task 填充脚本数据到 settings.json ----
2026-6-29 18:29:51-debug: [Build Memory track]: 整理部分构建选项内数据到 settings.json start:251.21MB, end 251.24MB, increase: 29.48KB
2026-6-29 18:29:51-debug: 填充脚本数据到 settings.json start, progress: 12%
2026-6-29 18:29:51-debug: // ---- build task 填充脚本数据到 settings.json ---- (2ms)
2026-6-29 18:29:51-log: run build task 填充脚本数据到 settings.json success in 2 ms√, progress: 13%
2026-6-29 18:29:51-debug: 整理部分构建选项内数据到 settings.json start, progress: 13%
2026-6-29 18:29:51-debug: [Build Memory track]: 填充脚本数据到 settings.json start:251.29MB, end 251.32MB, increase: 29.00KB
2026-6-29 18:29:51-debug: // ---- build task 整理部分构建选项内数据到 settings.json ----
2026-6-29 18:29:51-debug: // ---- build task 整理部分构建选项内数据到 settings.json ---- (6ms)
2026-6-29 18:29:51-log: run build task 整理部分构建选项内数据到 settings.json success in 6 ms√, progress: 15%
2026-6-29 18:29:51-debug: [Build Memory track]: 整理部分构建选项内数据到 settings.json start:251.35MB, end 251.43MB, increase: 78.57KB
2026-6-29 18:30:37-debug: refresh db internal success
2026-6-29 18:30:37-debug: refresh db assets success
2026-6-29 18:30:37-debug: refresh db super-packager success
2026-6-29 18:30:37-debug: Run asset db hook engine-extends:afterRefresh ...
2026-6-29 18:30:37-debug: Run asset db hook engine-extends:afterRefresh success!
2026-6-29 18:30:37-debug: asset-db:refresh-all-database (190ms)
2026-6-29 18:30:37-debug: asset-db:worker-effect-data-processing (1ms)
2026-6-29 18:30:37-debug: asset-db-hook-engine-extends-afterRefresh (1ms)
2026-6-29 18:31:12-debug: refresh db internal success
2026-6-29 18:31:12-debug: refresh db assets success
2026-6-29 18:31:12-debug: refresh db super-packager success
2026-6-29 18:31:12-debug: Run asset db hook engine-extends:afterRefresh ...
2026-6-29 18:31:12-debug: Run asset db hook engine-extends:afterRefresh success!
2026-6-29 18:31:12-debug: asset-db:refresh-all-database (188ms)
2026-6-29 18:31:12-debug: asset-db:worker-effect-data-processing (1ms)
2026-6-29 18:31:12-debug: asset-db-hook-engine-extends-afterRefresh (1ms)
2026-6-29 18:31:16-debug: refresh db internal success
2026-6-29 18:31:16-debug: refresh db assets success
2026-6-29 18:31:16-debug: refresh db super-packager success
2026-6-29 18:31:16-debug: Run asset db hook engine-extends:afterRefresh ...
2026-6-29 18:31:16-debug: Run asset db hook engine-extends:afterRefresh success!
2026-6-29 18:31:16-debug: asset-db:refresh-all-database (201ms)
2026-6-29 18:31:16-debug: asset-db:worker-effect-data-processing (1ms)
2026-6-29 18:31:16-debug: asset-db-hook-engine-extends-afterRefresh (2ms)
2026-6-30 09:23:50-debug: refresh db internal success
2026-6-30 09:23:51-debug: refresh db assets success
2026-6-30 09:23:51-debug: refresh db super-packager success
2026-6-30 09:23:51-debug: Run asset db hook engine-extends:afterRefresh ...
2026-6-30 09:23:51-debug: Run asset db hook engine-extends:afterRefresh success!
2026-6-30 09:23:51-debug: asset-db:refresh-all-database (323ms)
2026-6-30 09:23:51-debug: asset-db:worker-effect-data-processing (2ms)
2026-6-30 09:23:51-debug: asset-db-hook-engine-extends-afterRefresh (4ms)
2026-6-30 09:32:01-debug: refresh db internal success
2026-6-30 09:32:01-debug: refresh db assets success
2026-6-30 09:32:01-debug: Run asset db hook engine-extends:afterRefresh ...
2026-6-30 09:32:01-debug: refresh db super-packager success
2026-6-30 09:32:01-debug: Run asset db hook engine-extends:afterRefresh success!
2026-6-30 09:32:01-debug: asset-db:refresh-all-database (190ms)
2026-6-30 09:32:01-debug: asset-db:worker-effect-data-processing (2ms)
2026-6-30 09:32:01-debug: asset-db-hook-engine-extends-afterRefresh (2ms)
2026-6-30 09:32:10-debug: %cImport%c: D:\工程项目\PlayableAD\Cocos\TheW\20260615_HYQ\HYQ_Project\assets\Scene\Game_3D-002.scenebackground: #aaff85; color: #000;color: #000;
2026-6-30 09:32:10-debug: asset-db:reimport-assetb5805d3a-3b80-4a12-adf5-588e63a7d886 (31ms)
2026-6-30 09:32:11-debug: Query all assets info in project
2026-6-30 09:32:11-debug: init custom config: keepNodeUuid: false, useCache: true
2026-6-30 09:32:11-debug: Skip compress image, progress: 0%
2026-6-30 09:32:11-debug: Init all bundles start..., progress: 0%
2026-6-30 09:32:11-debug: // ---- build task 查询 Asset Bundle ----
2026-6-30 09:32:11-debug: 查询 Asset Bundle start, progress: 0%
2026-6-30 09:32:11-debug: Num of bundles: 3..., progress: 0%
2026-6-30 09:32:11-debug: Init bundle root assets start..., progress: 0%
2026-6-30 09:32:11-debug:   Number of other assets: 1151
2026-6-30 09:32:11-debug: Query preload assets/scripts from cc.config.json: 60f7195c-ec2a-45eb-ba94-8955f60e81d0,1c02ae6f-4492-4915-b8f8-7492a3b1e4cd,810e96e4-e456-4468-9b59-f4e8f39732c0,efe8e2a3-eace-427b-b4f1-cb8a937ec77d,e9aa9a3e-5b2b-4ac7-a2c7-073de2b2b24f,8bbdbcdd-5cd4-4100-b6d5-b7c9625b6107,50f4348b-c883-4e2f-8f11-ce233b859fa1,fda095cb-831d-4601-ad94-846013963de8,f92806d7-1768-443f-afe8-12bcde84d0f0,dd3a144d-ab7f-41f0-82b8-2e43a090d496,f0416e68-0200-4b77-a926-4f9d16e494da,511d2633-09a7-4bdd-ac42-f778032124b3,5d45aa00-e064-4938-b314-4265f0c2258c,9361fd90-ba52-4f84-aa93-6e878fd576ca,970b0598-bcb0-4714-91fb-2e81440dccd8,bcd64cc6-2dd9-43f6-abbe-66318d332032,d930590d-bb92-4cc8-8bd1-23cd027f9edf,a3cd009f-0ab0-420d-9278-b9fdab939bbc,6a2d0734-bd9e-4ddf-946e-caa52498cb75,d1346436-ac96-4271-b863-1f4fdead95b0,971bdb23-3ff6-43eb-b422-1c30165a3663,17debcc3-0a6b-4b8a-b00b-dc58b885581e,711ebe11-f673-4cd9-9a83-63c60ba54c5b,c0143906-9aed-447e-9436-2ae8512d1b6e,14da1725-c4c2-42b4-ab08-ee0aeb6898b3,081cab31-dccd-428e-8652-f2404cc81c47,78e0584a-4343-4727-8f37-e14e65c2a2db,ba21476f-2866-4f81-9c4d-6e359316e448,871c3b6c-7379-419d-bda3-794b239ab90d,ff9b0199-ce04-4cfe-86cc-6c719f08d6e4,de1c2107-70c8-4021-8459-6399f24d01c6,cbf30902-517f-40dc-af90-a550bac27cf1,5c601d96-e4c7-4698-991b-7ee674b11079
2026-6-30 09:32:11-debug:   Number of all scenes: 5
2026-6-30 09:32:11-debug:   Number of all scripts: 109
2026-6-30 09:32:11-debug: Init bundle root assets success..., progress: 0%
2026-6-30 09:32:11-log: run build task 查询 Asset Bundle success in 14 ms√, progress: 5%
2026-6-30 09:32:11-debug: [Build Memory track]: 查询 Asset Bundle start:263.48MB, end 263.26MB, increase: -224.91KB
2026-6-30 09:32:11-debug: 查询 Asset Bundle start, progress: 5%
2026-6-30 09:32:11-debug: // ---- build task 查询 Asset Bundle ----
2026-6-30 09:32:11-debug: // ---- build task 查询 Asset Bundle ---- (14ms)
2026-6-30 09:32:11-log: run build task 查询 Asset Bundle success in 6 ms√, progress: 10%
2026-6-30 09:32:11-debug: [Build Memory track]: 查询 Asset Bundle start:263.29MB, end 263.53MB, increase: 242.68KB
2026-6-30 09:32:11-debug: 整理部分构建选项内数据到 settings.json start, progress: 10%
2026-6-30 09:32:11-debug: // ---- build task 查询 Asset Bundle ---- (6ms)
2026-6-30 09:32:11-debug: // ---- build task 整理部分构建选项内数据到 settings.json ----
2026-6-30 09:32:11-debug: // ---- build task 整理部分构建选项内数据到 settings.json ---- (2ms)
2026-6-30 09:32:11-log: run build task 整理部分构建选项内数据到 settings.json success in 2 ms√, progress: 12%
2026-6-30 09:32:11-debug: [Build Memory track]: 整理部分构建选项内数据到 settings.json start:263.56MB, end 263.59MB, increase: 29.40KB
2026-6-30 09:32:11-debug: 填充脚本数据到 settings.json start, progress: 12%
2026-6-30 09:32:11-debug: // ---- build task 填充脚本数据到 settings.json ----
2026-6-30 09:32:11-debug: // ---- build task 填充脚本数据到 settings.json ---- (1ms)
2026-6-30 09:32:11-log: run build task 填充脚本数据到 settings.json success in 1 ms√, progress: 13%
2026-6-30 09:32:11-debug: 整理部分构建选项内数据到 settings.json start, progress: 13%
2026-6-30 09:32:11-debug: [Build Memory track]: 填充脚本数据到 settings.json start:263.63MB, end 263.66MB, increase: 28.73KB
2026-6-30 09:32:11-debug: // ---- build task 整理部分构建选项内数据到 settings.json ----
2026-6-30 09:32:11-debug: // ---- build task 整理部分构建选项内数据到 settings.json ---- (6ms)
2026-6-30 09:32:11-debug: [Build Memory track]: 整理部分构建选项内数据到 settings.json start:263.69MB, end 263.75MB, increase: 65.58KB
2026-6-30 09:32:11-log: run build task 整理部分构建选项内数据到 settings.json success in 6 ms√, progress: 15%
2026-6-30 09:39:49-debug: refresh db internal success
2026-6-30 09:39:49-debug: %cImport%c: D:\工程项目\PlayableAD\Cocos\TheW\20260615_HYQ\HYQ_Project\assets\Script\functionS\Player\Player.tsbackground: #aaff85; color: #000;color: #000;
2026-6-30 09:39:49-debug: refresh db assets success
2026-6-30 09:39:49-debug: refresh db super-packager success
2026-6-30 09:39:49-debug: Run asset db hook engine-extends:afterRefresh ...
2026-6-30 09:39:49-debug: Run asset db hook engine-extends:afterRefresh success!
2026-6-30 09:39:49-debug: asset-db:refresh-all-database (241ms)
2026-6-30 09:39:49-debug: asset-db:worker-effect-data-processing (1ms)
2026-6-30 09:39:49-debug: asset-db-hook-engine-extends-afterRefresh (1ms)
2026-6-30 09:39:52-debug: Query all assets info in project
2026-6-30 09:39:52-debug: init custom config: keepNodeUuid: false, useCache: true
2026-6-30 09:39:52-debug: Skip compress image, progress: 0%
2026-6-30 09:39:52-debug: Init all bundles start..., progress: 0%
2026-6-30 09:39:52-debug: // ---- build task 查询 Asset Bundle ----
2026-6-30 09:39:52-debug: Num of bundles: 3..., progress: 0%
2026-6-30 09:39:52-debug: Init bundle root assets start..., progress: 0%
2026-6-30 09:39:52-debug: 查询 Asset Bundle start, progress: 0%
2026-6-30 09:39:52-debug:   Number of all scenes: 5
2026-6-30 09:39:52-debug:   Number of all scripts: 109
2026-6-30 09:39:52-debug:   Number of other assets: 1151
2026-6-30 09:39:52-debug: Query preload assets/scripts from cc.config.json: 60f7195c-ec2a-45eb-ba94-8955f60e81d0,1c02ae6f-4492-4915-b8f8-7492a3b1e4cd,810e96e4-e456-4468-9b59-f4e8f39732c0,efe8e2a3-eace-427b-b4f1-cb8a937ec77d,e9aa9a3e-5b2b-4ac7-a2c7-073de2b2b24f,8bbdbcdd-5cd4-4100-b6d5-b7c9625b6107,50f4348b-c883-4e2f-8f11-ce233b859fa1,fda095cb-831d-4601-ad94-846013963de8,f92806d7-1768-443f-afe8-12bcde84d0f0,dd3a144d-ab7f-41f0-82b8-2e43a090d496,f0416e68-0200-4b77-a926-4f9d16e494da,511d2633-09a7-4bdd-ac42-f778032124b3,5d45aa00-e064-4938-b314-4265f0c2258c,9361fd90-ba52-4f84-aa93-6e878fd576ca,970b0598-bcb0-4714-91fb-2e81440dccd8,bcd64cc6-2dd9-43f6-abbe-66318d332032,d930590d-bb92-4cc8-8bd1-23cd027f9edf,a3cd009f-0ab0-420d-9278-b9fdab939bbc,6a2d0734-bd9e-4ddf-946e-caa52498cb75,d1346436-ac96-4271-b863-1f4fdead95b0,971bdb23-3ff6-43eb-b422-1c30165a3663,17debcc3-0a6b-4b8a-b00b-dc58b885581e,711ebe11-f673-4cd9-9a83-63c60ba54c5b,c0143906-9aed-447e-9436-2ae8512d1b6e,14da1725-c4c2-42b4-ab08-ee0aeb6898b3,081cab31-dccd-428e-8652-f2404cc81c47,78e0584a-4343-4727-8f37-e14e65c2a2db,ba21476f-2866-4f81-9c4d-6e359316e448,871c3b6c-7379-419d-bda3-794b239ab90d,ff9b0199-ce04-4cfe-86cc-6c719f08d6e4,de1c2107-70c8-4021-8459-6399f24d01c6,cbf30902-517f-40dc-af90-a550bac27cf1,5c601d96-e4c7-4698-991b-7ee674b11079
2026-6-30 09:39:52-debug: Init bundle root assets success..., progress: 0%
2026-6-30 09:39:52-debug: // ---- build task 查询 Asset Bundle ---- (26ms)
2026-6-30 09:39:52-debug: [Build Memory track]: 查询 Asset Bundle start:247.18MB, end 243.13MB, increase: -4151.89KB
2026-6-30 09:39:52-debug: // ---- build task 查询 Asset Bundle ----
2026-6-30 09:39:52-debug: 查询 Asset Bundle start, progress: 5%
2026-6-30 09:39:52-log: run build task 查询 Asset Bundle success in 26 ms√, progress: 5%
2026-6-30 09:39:52-debug: // ---- build task 查询 Asset Bundle ---- (5ms)
2026-6-30 09:39:52-debug: [Build Memory track]: 查询 Asset Bundle start:243.16MB, end 243.39MB, increase: 231.49KB
2026-6-30 09:39:52-debug: 整理部分构建选项内数据到 settings.json start, progress: 10%
2026-6-30 09:39:52-log: run build task 查询 Asset Bundle success in 5 ms√, progress: 10%
2026-6-30 09:39:52-debug: // ---- build task 整理部分构建选项内数据到 settings.json ----
2026-6-30 09:39:52-debug: // ---- build task 整理部分构建选项内数据到 settings.json ---- (2ms)
2026-6-30 09:39:52-log: run build task 整理部分构建选项内数据到 settings.json success in 2 ms√, progress: 12%
2026-6-30 09:39:52-debug: // ---- build task 填充脚本数据到 settings.json ----
2026-6-30 09:39:52-debug: 填充脚本数据到 settings.json start, progress: 12%
2026-6-30 09:39:52-debug: [Build Memory track]: 整理部分构建选项内数据到 settings.json start:243.42MB, end 243.45MB, increase: 29.32KB
2026-6-30 09:39:52-debug: // ---- build task 填充脚本数据到 settings.json ---- (1ms)
2026-6-30 09:39:52-log: run build task 填充脚本数据到 settings.json success in 1 ms√, progress: 13%
2026-6-30 09:39:52-debug: 整理部分构建选项内数据到 settings.json start, progress: 13%
2026-6-30 09:39:52-debug: [Build Memory track]: 填充脚本数据到 settings.json start:243.49MB, end 243.51MB, increase: 29.10KB
2026-6-30 09:39:52-debug: // ---- build task 整理部分构建选项内数据到 settings.json ----
2026-6-30 09:39:52-log: run build task 整理部分构建选项内数据到 settings.json success in 7 ms√, progress: 15%
2026-6-30 09:39:52-debug: // ---- build task 整理部分构建选项内数据到 settings.json ---- (7ms)
2026-6-30 09:39:52-debug: [Build Memory track]: 整理部分构建选项内数据到 settings.json start:243.55MB, end 243.62MB, increase: 69.85KB
2026-6-30 09:41:34-debug: refresh db internal success
2026-6-30 09:41:34-debug: refresh db assets success
2026-6-30 09:41:34-debug: refresh db super-packager success
2026-6-30 09:41:34-debug: Run asset db hook engine-extends:afterRefresh ...
2026-6-30 09:41:34-debug: Run asset db hook engine-extends:afterRefresh success!
2026-6-30 09:41:34-debug: asset-db:worker-effect-data-processing (1ms)
2026-6-30 09:41:34-debug: asset-db:refresh-all-database (198ms)
2026-6-30 09:41:34-debug: asset-db-hook-engine-extends-afterRefresh (2ms)
2026-6-30 09:41:40-debug: Query all assets info in project
2026-6-30 09:41:40-debug: init custom config: keepNodeUuid: false, useCache: true
2026-6-30 09:41:40-debug: Skip compress image, progress: 0%
2026-6-30 09:41:40-debug: Init all bundles start..., progress: 0%
2026-6-30 09:41:40-debug: // ---- build task 查询 Asset Bundle ----
2026-6-30 09:41:40-debug: 查询 Asset Bundle start, progress: 0%
2026-6-30 09:41:40-debug: Init bundle root assets start..., progress: 0%
2026-6-30 09:41:40-debug: Num of bundles: 3..., progress: 0%
2026-6-30 09:41:40-debug: Query preload assets/scripts from cc.config.json: 60f7195c-ec2a-45eb-ba94-8955f60e81d0,1c02ae6f-4492-4915-b8f8-7492a3b1e4cd,810e96e4-e456-4468-9b59-f4e8f39732c0,efe8e2a3-eace-427b-b4f1-cb8a937ec77d,e9aa9a3e-5b2b-4ac7-a2c7-073de2b2b24f,8bbdbcdd-5cd4-4100-b6d5-b7c9625b6107,50f4348b-c883-4e2f-8f11-ce233b859fa1,fda095cb-831d-4601-ad94-846013963de8,f92806d7-1768-443f-afe8-12bcde84d0f0,dd3a144d-ab7f-41f0-82b8-2e43a090d496,f0416e68-0200-4b77-a926-4f9d16e494da,511d2633-09a7-4bdd-ac42-f778032124b3,5d45aa00-e064-4938-b314-4265f0c2258c,9361fd90-ba52-4f84-aa93-6e878fd576ca,970b0598-bcb0-4714-91fb-2e81440dccd8,bcd64cc6-2dd9-43f6-abbe-66318d332032,d930590d-bb92-4cc8-8bd1-23cd027f9edf,a3cd009f-0ab0-420d-9278-b9fdab939bbc,6a2d0734-bd9e-4ddf-946e-caa52498cb75,d1346436-ac96-4271-b863-1f4fdead95b0,971bdb23-3ff6-43eb-b422-1c30165a3663,17debcc3-0a6b-4b8a-b00b-dc58b885581e,711ebe11-f673-4cd9-9a83-63c60ba54c5b,c0143906-9aed-447e-9436-2ae8512d1b6e,14da1725-c4c2-42b4-ab08-ee0aeb6898b3,081cab31-dccd-428e-8652-f2404cc81c47,78e0584a-4343-4727-8f37-e14e65c2a2db,ba21476f-2866-4f81-9c4d-6e359316e448,871c3b6c-7379-419d-bda3-794b239ab90d,ff9b0199-ce04-4cfe-86cc-6c719f08d6e4,de1c2107-70c8-4021-8459-6399f24d01c6,cbf30902-517f-40dc-af90-a550bac27cf1,5c601d96-e4c7-4698-991b-7ee674b11079
2026-6-30 09:41:40-debug:   Number of other assets: 1151
2026-6-30 09:41:40-debug:   Number of all scripts: 109
2026-6-30 09:41:40-debug: Init bundle root assets success..., progress: 0%
2026-6-30 09:41:40-debug:   Number of all scenes: 5
2026-6-30 09:41:40-debug: // ---- build task 查询 Asset Bundle ---- (13ms)
2026-6-30 09:41:40-log: run build task 查询 Asset Bundle success in 13 ms√, progress: 5%
2026-6-30 09:41:40-debug: [Build Memory track]: 查询 Asset Bundle start:245.64MB, end 245.60MB, increase: -45.96KB
2026-6-30 09:41:40-debug: 查询 Asset Bundle start, progress: 5%
2026-6-30 09:41:40-debug: // ---- build task 查询 Asset Bundle ----
2026-6-30 09:41:40-debug: [Build Memory track]: 查询 Asset Bundle start:245.63MB, end 245.86MB, increase: 231.41KB
2026-6-30 09:41:40-log: run build task 查询 Asset Bundle success in 3 ms√, progress: 10%
2026-6-30 09:41:40-debug: // ---- build task 查询 Asset Bundle ---- (3ms)
2026-6-30 09:41:40-debug: 整理部分构建选项内数据到 settings.json start, progress: 10%
2026-6-30 09:41:40-debug: // ---- build task 整理部分构建选项内数据到 settings.json ----
2026-6-30 09:41:40-log: run build task 整理部分构建选项内数据到 settings.json success in √, progress: 12%
2026-6-30 09:41:40-debug: [Build Memory track]: 整理部分构建选项内数据到 settings.json start:245.89MB, end 245.91MB, increase: 17.57KB
2026-6-30 09:41:40-debug: // ---- build task 填充脚本数据到 settings.json ----
2026-6-30 09:41:40-debug: 填充脚本数据到 settings.json start, progress: 12%
2026-6-30 09:41:40-log: run build task 填充脚本数据到 settings.json success in 1 ms√, progress: 13%
2026-6-30 09:41:40-debug: [Build Memory track]: 填充脚本数据到 settings.json start:245.94MB, end 245.97MB, increase: 28.91KB
2026-6-30 09:41:40-debug: // ---- build task 填充脚本数据到 settings.json ---- (1ms)
2026-6-30 09:41:40-debug: // ---- build task 整理部分构建选项内数据到 settings.json ----
2026-6-30 09:41:40-debug: 整理部分构建选项内数据到 settings.json start, progress: 13%
2026-6-30 09:41:40-debug: // ---- build task 整理部分构建选项内数据到 settings.json ---- (6ms)
2026-6-30 09:41:40-log: run build task 整理部分构建选项内数据到 settings.json success in 6 ms√, progress: 15%
2026-6-30 09:41:40-debug: [Build Memory track]: 整理部分构建选项内数据到 settings.json start:246.01MB, end 246.07MB, increase: 65.22KB
2026-6-30 09:43:05-debug: Query all assets info in project
2026-6-30 09:43:05-debug: init custom config: keepNodeUuid: false, useCache: true
2026-6-30 09:43:05-debug: Skip compress image, progress: 0%
2026-6-30 09:43:06-debug: Init all bundles start..., progress: 0%
2026-6-30 09:43:06-debug: 查询 Asset Bundle start, progress: 0%
2026-6-30 09:43:06-debug: // ---- build task 查询 Asset Bundle ----
2026-6-30 09:43:06-debug: Num of bundles: 3..., progress: 0%
2026-6-30 09:43:06-debug: Init bundle root assets start..., progress: 0%
2026-6-30 09:43:06-debug:   Number of all scenes: 5
2026-6-30 09:43:06-debug: Query preload assets/scripts from cc.config.json: 60f7195c-ec2a-45eb-ba94-8955f60e81d0,1c02ae6f-4492-4915-b8f8-7492a3b1e4cd,810e96e4-e456-4468-9b59-f4e8f39732c0,efe8e2a3-eace-427b-b4f1-cb8a937ec77d,e9aa9a3e-5b2b-4ac7-a2c7-073de2b2b24f,8bbdbcdd-5cd4-4100-b6d5-b7c9625b6107,50f4348b-c883-4e2f-8f11-ce233b859fa1,fda095cb-831d-4601-ad94-846013963de8,f92806d7-1768-443f-afe8-12bcde84d0f0,dd3a144d-ab7f-41f0-82b8-2e43a090d496,f0416e68-0200-4b77-a926-4f9d16e494da,511d2633-09a7-4bdd-ac42-f778032124b3,5d45aa00-e064-4938-b314-4265f0c2258c,9361fd90-ba52-4f84-aa93-6e878fd576ca,970b0598-bcb0-4714-91fb-2e81440dccd8,bcd64cc6-2dd9-43f6-abbe-66318d332032,d930590d-bb92-4cc8-8bd1-23cd027f9edf,a3cd009f-0ab0-420d-9278-b9fdab939bbc,6a2d0734-bd9e-4ddf-946e-caa52498cb75,d1346436-ac96-4271-b863-1f4fdead95b0,971bdb23-3ff6-43eb-b422-1c30165a3663,17debcc3-0a6b-4b8a-b00b-dc58b885581e,711ebe11-f673-4cd9-9a83-63c60ba54c5b,c0143906-9aed-447e-9436-2ae8512d1b6e,14da1725-c4c2-42b4-ab08-ee0aeb6898b3,081cab31-dccd-428e-8652-f2404cc81c47,78e0584a-4343-4727-8f37-e14e65c2a2db,ba21476f-2866-4f81-9c4d-6e359316e448,871c3b6c-7379-419d-bda3-794b239ab90d,ff9b0199-ce04-4cfe-86cc-6c719f08d6e4,de1c2107-70c8-4021-8459-6399f24d01c6,cbf30902-517f-40dc-af90-a550bac27cf1,5c601d96-e4c7-4698-991b-7ee674b11079
2026-6-30 09:43:06-debug:   Number of other assets: 1151
2026-6-30 09:43:06-debug: Init bundle root assets success..., progress: 0%
2026-6-30 09:43:06-debug:   Number of all scripts: 109
2026-6-30 09:43:06-debug: // ---- build task 查询 Asset Bundle ---- (11ms)
2026-6-30 09:43:06-debug: [Build Memory track]: 查询 Asset Bundle start:246.73MB, end 246.65MB, increase: -85.85KB
2026-6-30 09:43:06-log: run build task 查询 Asset Bundle success in 11 ms√, progress: 5%
2026-6-30 09:43:06-debug: 查询 Asset Bundle start, progress: 5%
2026-6-30 09:43:06-debug: // ---- build task 查询 Asset Bundle ----
2026-6-30 09:43:06-debug: // ---- build task 查询 Asset Bundle ---- (4ms)
2026-6-30 09:43:06-log: run build task 查询 Asset Bundle success in 4 ms√, progress: 10%
2026-6-30 09:43:06-debug: 整理部分构建选项内数据到 settings.json start, progress: 10%
2026-6-30 09:43:06-debug: [Build Memory track]: 查询 Asset Bundle start:246.68MB, end 246.91MB, increase: 229.31KB
2026-6-30 09:43:06-debug: // ---- build task 整理部分构建选项内数据到 settings.json ----
2026-6-30 09:43:06-debug: // ---- build task 整理部分构建选项内数据到 settings.json ---- (3ms)
2026-6-30 09:43:06-log: run build task 整理部分构建选项内数据到 settings.json success in 3 ms√, progress: 12%
2026-6-30 09:43:06-debug: 填充脚本数据到 settings.json start, progress: 12%
2026-6-30 09:43:06-debug: [Build Memory track]: 整理部分构建选项内数据到 settings.json start:246.94MB, end 246.97MB, increase: 29.46KB
2026-6-30 09:43:06-debug: // ---- build task 填充脚本数据到 settings.json ----
2026-6-30 09:43:06-debug: // ---- build task 填充脚本数据到 settings.json ---- (1ms)
2026-6-30 09:43:06-debug: [Build Memory track]: 填充脚本数据到 settings.json start:247.01MB, end 247.03MB, increase: 28.96KB
2026-6-30 09:43:06-log: run build task 填充脚本数据到 settings.json success in 1 ms√, progress: 13%
2026-6-30 09:43:06-debug: 整理部分构建选项内数据到 settings.json start, progress: 13%
2026-6-30 09:43:06-debug: // ---- build task 整理部分构建选项内数据到 settings.json ----
2026-6-30 09:43:06-debug: // ---- build task 整理部分构建选项内数据到 settings.json ---- (7ms)
2026-6-30 09:43:06-log: run build task 整理部分构建选项内数据到 settings.json success in 7 ms√, progress: 15%
2026-6-30 09:43:06-debug: [Build Memory track]: 整理部分构建选项内数据到 settings.json start:247.07MB, end 246.41MB, increase: -669.85KB
2026-6-30 09:44:27-debug: refresh db internal success
2026-6-30 09:44:27-debug: refresh db assets success
2026-6-30 09:44:27-debug: refresh db super-packager success
2026-6-30 09:44:27-debug: Run asset db hook engine-extends:afterRefresh ...
2026-6-30 09:44:27-debug: Run asset db hook engine-extends:afterRefresh success!
2026-6-30 09:44:27-debug: asset-db:refresh-all-database (182ms)
2026-6-30 09:44:27-debug: asset-db:worker-effect-data-processing (1ms)
2026-6-30 09:44:27-debug: asset-db-hook-engine-extends-afterRefresh (1ms)
2026-6-30 09:45:42-debug: refresh db internal success
2026-6-30 09:45:43-debug: refresh db assets success
2026-6-30 09:45:43-debug: refresh db super-packager success
2026-6-30 09:45:43-debug: Run asset db hook engine-extends:afterRefresh ...
2026-6-30 09:45:43-debug: Run asset db hook engine-extends:afterRefresh success!
2026-6-30 09:45:43-debug: asset-db:worker-effect-data-processing (2ms)
2026-6-30 09:45:43-debug: asset-db-hook-engine-extends-afterRefresh (3ms)
2026-6-30 09:45:43-debug: asset-db:refresh-all-database (383ms)
2026-6-30 09:47:02-debug: refresh db internal success
2026-6-30 09:47:02-debug: refresh db assets success
2026-6-30 09:47:02-debug: refresh db super-packager success
2026-6-30 09:47:02-debug: Run asset db hook engine-extends:afterRefresh ...
2026-6-30 09:47:02-debug: Run asset db hook engine-extends:afterRefresh success!
2026-6-30 09:47:02-debug: asset-db:refresh-all-database (188ms)
2026-6-30 09:47:02-debug: asset-db:worker-effect-data-processing (2ms)
2026-6-30 09:47:02-debug: asset-db-hook-engine-extends-afterRefresh (3ms)
2026-6-30 09:49:18-debug: Start record console... {file(D:\工程项目\PlayableAD\Cocos\TheW\20260615_HYQ\HYQ_Project\temp\builder\log\web-mobile2026-6-30 09-49.log)}
2026-6-30 09:49:18-debug: =================================== build Task (web-mobile) Start ================================
2026-6-30 09:49:18-debug: Start build task, options:{"name":"HYQ","server":"","engineModulesConfigKey":"defaultConfig","platform":"web-mobile","buildPath":"project://build","debug":false,"buildMode":"normal","mangleProperties":false,"md5Cache":false,"skipCompressTexture":false,"sourceMaps":false,"overwriteProjectSettings":{"includeModules":{"gfx-webgl2":"on","physics":"inherit-project-setting","physics-2d":"inherit-project-setting"},"macroConfig":{"cleanupImageCache":"inherit-project-setting"}},"nativeCodeBundleMode":"asmjs","polyfills":{"asyncFunctions":true},"experimentalEraseModules":false,"startSceneAssetBundle":false,"bundleConfigs":[],"inlineEnum":true,"useBuiltinServer":false,"md5CacheOptions":{"excludes":[],"includes":[],"replaceOnly":[],"handleTemplateMd5Link":true},"mainBundleIsRemote":false,"mainBundleCompressionType":"merge_dep","useSplashScreen":true,"bundleCommonChunk":false,"packAutoAtlas":true,"startScene":"b5805d3a-3b80-4a12-adf5-588e63a7d886","outputName":"web-mobile","taskName":"web-mobile","scenes":[{"url":"db://assets/Scene/Game_3D-002.scene","uuid":"b5805d3a-3b80-4a12-adf5-588e63a7d886"}],"wasmCompressionMode":false,"binGroupConfig":{"threshold":16,"enable":false},"packages":{"web-mobile":{"useWebGPU":false,"orientation":"auto","embedWebDebugger":false,"__version__":"1.0.1"},"super-packager":{"googlePlayUrl":"","appStoreUrl":"","__version__":"2.7.0"},"adsense-h5g-plugin":{"enableAdsense":false,"enableTestAd":false,"__version__":"1.0.1","AFPHostPropertyCode":"ca-host-pub-5396158963872751","AFPHostDomain":"douyougame.com","otherAFPHostPropertyCode":"","otherAFPDomain":""},"cocos-service":{"configID":"56841a","services":[]}},"__version__":"1.3.9","logDest":"project://temp/builder/log/web-mobile2026-6-30 09-49.log"}
2026-6-30 09:49:18-debug: Build with Cocos Creator 3.8.7
2026-6-30 09:49:18-debug: cocos-service:(onBeforeBuild) start..., progress: 0%
2026-6-30 09:49:18-debug: // ---- build task cocos-service：onBeforeBuild ----
2026-6-30 09:49:18-debug: // ---- build task cocos-service：onBeforeBuild ---- (243ms)
2026-6-30 09:49:18-debug: scene:(onBeforeBuild) start..., progress: 2%
2026-6-30 09:49:18-debug: cocos-service:(onBeforeBuild) in 243 ms ✓, progress: 2%
2026-6-30 09:49:18-debug: // ---- build task scene：onBeforeBuild ----
2026-6-30 09:49:18-debug: // ---- build task scene：onBeforeBuild ---- (55ms)
2026-6-30 09:49:18-debug: // ---- build task super-packager：onBeforeBuild ----
2026-6-30 09:49:18-debug: super-packager:(onBeforeBuild) start..., progress: 4%
2026-6-30 09:49:18-log: [SUPER_PACKAGE]onBeforeBuild
2026-6-30 09:49:18-debug: scene:(onBeforeBuild) in 55 ms ✓, progress: 4%
2026-6-30 09:49:18-log: [SUPER_PACKAGE]商店链接配置:{"googlePlayUrl":"","appStoreUrl":""}
2026-6-30 09:49:18-log: [SUPER_PACKAGE]商店链接已同步到文件
2026-6-30 09:49:18-debug: // ---- build task super-packager：onBeforeBuild ---- (61ms)
2026-6-30 09:49:18-debug: super-packager:(onBeforeBuild) in 61 ms ✓, progress: 5%
2026-6-30 09:49:18-log: Asset DB is paused with build!
2026-6-30 09:49:18-debug: Start lock asset db..., progress: 5%
2026-6-30 09:49:18-debug: Query all assets info in project
2026-6-30 09:49:18-debug: web-mobile:(onAfterInit) start..., progress: 5%
2026-6-30 09:49:18-debug: init custom config: keepNodeUuid: false, useCache: true
2026-6-30 09:49:18-debug: // ---- build task web-mobile：onAfterInit ----
2026-6-30 09:49:19-debug: // ---- build task web-mobile：onAfterInit ---- (32ms)
2026-6-30 09:49:19-debug: cocos-service:(onAfterInit) start..., progress: 7%
2026-6-30 09:49:19-debug: web-mobile:(onAfterInit) in 32 ms ✓, progress: 7%
2026-6-30 09:49:19-debug: // ---- build task cocos-service：onAfterInit ----
2026-6-30 09:49:19-debug: // ---- build task cocos-service：onAfterInit ---- (168ms)
2026-6-30 09:49:19-debug: adsense-h5g-plugin:(onBeforeBundleInit) start..., progress: 9%
2026-6-30 09:49:19-debug: Skip compress image, progress: 0%
2026-6-30 09:49:19-debug: cocos-service:(onAfterInit) in 168 ms ✓, progress: 9%
2026-6-30 09:49:19-debug: adsense-h5g-plugin:(onBeforeBundleInit) start..., progress: 0%
2026-6-30 09:49:19-debug: // ---- build task adsense-h5g-plugin：onBeforeBundleInit ----
2026-6-30 09:49:19-debug: [adsense-h5g-plugin] remove script success
2026-6-30 09:49:19-debug: // ---- build task adsense-h5g-plugin：onBeforeBundleInit ---- (61ms)
2026-6-30 09:49:19-debug: adsense-h5g-plugin:(onBeforeBundleInit) in 61 ms ✓, progress: 9%
2026-6-30 09:49:19-debug: adsense-h5g-plugin:(onBeforeBundleInit) in 61 ms ✓, progress: 7%
2026-6-30 09:49:19-debug: Init all bundles start..., progress: 9%
2026-6-30 09:49:19-debug: Init all bundles start..., progress: 7%
2026-6-30 09:49:19-debug: Num of bundles: 3..., progress: 7%
2026-6-30 09:49:19-debug: web-mobile:(onAfterBundleInit) start..., progress: 9%
2026-6-30 09:49:19-debug: Num of bundles: 3..., progress: 9%
2026-6-30 09:49:19-debug: web-mobile:(onAfterBundleInit) start..., progress: 7%
2026-6-30 09:49:19-debug: // ---- build task web-mobile：onAfterBundleInit ----
2026-6-30 09:49:19-debug: // ---- build task web-mobile：onAfterBundleInit ---- (83ms)
2026-6-30 09:49:19-debug: web-mobile:(onAfterBundleInit) in 83 ms ✓, progress: 9%
2026-6-30 09:49:19-debug: web-mobile:(onAfterBundleInit) in 83 ms ✓, progress: 13%
2026-6-30 09:49:19-debug: 查询 Asset Bundle start, progress: 9%
2026-6-30 09:49:19-debug: // ---- build task 查询 Asset Bundle ----
2026-6-30 09:49:19-debug: Init bundle root assets start..., progress: 9%
2026-6-30 09:49:19-debug: Init bundle root assets start..., progress: 13%
2026-6-30 09:49:19-debug: Query preload assets/scripts from cc.config.json: 60f7195c-ec2a-45eb-ba94-8955f60e81d0,1c02ae6f-4492-4915-b8f8-7492a3b1e4cd,810e96e4-e456-4468-9b59-f4e8f39732c0,efe8e2a3-eace-427b-b4f1-cb8a937ec77d,e9aa9a3e-5b2b-4ac7-a2c7-073de2b2b24f,8bbdbcdd-5cd4-4100-b6d5-b7c9625b6107,50f4348b-c883-4e2f-8f11-ce233b859fa1,fda095cb-831d-4601-ad94-846013963de8,f92806d7-1768-443f-afe8-12bcde84d0f0,dd3a144d-ab7f-41f0-82b8-2e43a090d496,f0416e68-0200-4b77-a926-4f9d16e494da,511d2633-09a7-4bdd-ac42-f778032124b3,5d45aa00-e064-4938-b314-4265f0c2258c,9361fd90-ba52-4f84-aa93-6e878fd576ca,970b0598-bcb0-4714-91fb-2e81440dccd8,bcd64cc6-2dd9-43f6-abbe-66318d332032,d930590d-bb92-4cc8-8bd1-23cd027f9edf,a3cd009f-0ab0-420d-9278-b9fdab939bbc,6a2d0734-bd9e-4ddf-946e-caa52498cb75,d1346436-ac96-4271-b863-1f4fdead95b0,971bdb23-3ff6-43eb-b422-1c30165a3663,17debcc3-0a6b-4b8a-b00b-dc58b885581e,711ebe11-f673-4cd9-9a83-63c60ba54c5b,c0143906-9aed-447e-9436-2ae8512d1b6e,14da1725-c4c2-42b4-ab08-ee0aeb6898b3,081cab31-dccd-428e-8652-f2404cc81c47,78e0584a-4343-4727-8f37-e14e65c2a2db,ba21476f-2866-4f81-9c4d-6e359316e448,871c3b6c-7379-419d-bda3-794b239ab90d,ff9b0199-ce04-4cfe-86cc-6c719f08d6e4,de1c2107-70c8-4021-8459-6399f24d01c6,cbf30902-517f-40dc-af90-a550bac27cf1,5c601d96-e4c7-4698-991b-7ee674b11079
2026-6-30 09:49:19-debug:   Number of all scripts: 109
2026-6-30 09:49:19-debug:   Number of other assets: 1151
2026-6-30 09:49:19-debug: Init bundle root assets success..., progress: 9%
2026-6-30 09:49:19-debug: Init bundle root assets success..., progress: 13%
2026-6-30 09:49:19-debug:   Number of all scenes: 5
2026-6-30 09:49:19-debug: reload all scripts.
2026-6-30 09:49:19-log: creating executor ...
2026-6-30 09:49:19-debug: [[Executor]] reload before lock
2026-6-30 09:49:19-debug: Set detail map pack:///resolution-detail-map.json: {}
2026-6-30 09:49:19-debug: D:\工程项目\PlayableAD\Cocos\TheW\20260615_HYQ\HYQ_Project\temp\programming\packer-driver\targets\editor\chunks\93\93ba276ea7b26ffcdc433fab14afc1ed6f05647b.js resolved to D:\工程项目\PlayableAD\Cocos\TheW\20260615_HYQ\HYQ_Project\temp\programming\packer-driver\targets\editor\chunks\93\93ba276ea7b26ffcdc433fab14afc1ed6f05647b.js is not in module cache!
2026-6-30 09:49:19-debug: [[Executor]] Module "cce:/internal/x/cc-fu/base" loaded.
2026-6-30 09:49:19-debug: [[Executor]] Module "cce:/internal/x/cc-fu/gfx-webgl" loaded.
2026-6-30 09:49:19-debug: [[Executor]] Module "cce:/internal/x/cc-fu/gfx-webgl2" loaded.
2026-6-30 09:49:19-debug: [[Executor]] Module "cce:/internal/x/cc-fu/gfx-webgpu" loaded.
2026-6-30 09:49:19-debug: [[Executor]] Module "cce:/internal/x/cc-fu/3d" loaded.
2026-6-30 09:49:19-debug: [[Executor]] Module "cce:/internal/x/cc-fu/gfx-empty" loaded.
2026-6-30 09:49:19-debug: [[Executor]] Module "cce:/internal/x/cc-fu/skeletal-animation" loaded.
2026-6-30 09:49:19-debug: [[Executor]] Module "cce:/internal/x/cc-fu/animation" loaded.
2026-6-30 09:49:19-debug: [[Executor]] Module "cce:/internal/x/cc-fu/sorting" loaded.
2026-6-30 09:49:19-debug: [[Executor]] Module "cce:/internal/x/cc-fu/2d" loaded.
2026-6-30 09:49:19-debug: [[Executor]] Module "cce:/internal/x/cc-fu/rich-text" loaded.
2026-6-30 09:49:19-debug: [[Executor]] Module "cce:/internal/x/cc-fu/mask" loaded.
2026-6-30 09:49:19-debug: [[Executor]] Module "cce:/internal/x/cc-fu/graphics" loaded.
2026-6-30 09:49:19-debug: [[Executor]] Module "cce:/internal/x/cc-fu/ui-skew" loaded.
2026-6-30 09:49:19-debug: [[Executor]] Module "cce:/internal/x/cc-fu/affine-transform" loaded.
2026-6-30 09:49:19-debug: [[Executor]] Module "cce:/internal/x/cc-fu/ui" loaded.
2026-6-30 09:49:19-debug: [[Executor]] Module "cce:/internal/x/cc-fu/sorting-2d" loaded.
2026-6-30 09:49:19-debug: [[Executor]] Module "cce:/internal/x/cc-fu/particle-2d" loaded.
2026-6-30 09:49:19-debug: [[Executor]] Module "cce:/internal/x/cc-fu/physics-framework" loaded.
2026-6-30 09:49:19-debug: [[Executor]] Module "cce:/internal/x/cc-fu/particle" loaded.
2026-6-30 09:49:19-debug: [[Executor]] Module "cce:/internal/x/cc-fu/physics-cannon" loaded.
2026-6-30 09:49:19-debug: [[Executor]] Module "cce:/internal/x/cc-fu/physics-physx" loaded.
2026-6-30 09:49:19-debug: [[Executor]] Module "cce:/internal/x/cc-fu/physics-ammo" loaded.
2026-6-30 09:49:19-debug: [[Executor]] Module "cce:/internal/x/cc-fu/physics-builtin" loaded.
2026-6-30 09:49:19-debug: [[Executor]] Module "cce:/internal/x/cc-fu/physics-2d-framework" loaded.
2026-6-30 09:49:19-debug: [[Executor]] Module "cce:/internal/x/cc-fu/physics-2d-box2d-jsb" loaded.
2026-6-30 09:49:19-debug: [[Executor]] Module "cce:/internal/x/cc-fu/physics-2d-builtin" loaded.
2026-6-30 09:49:19-debug: [[Executor]] Module "cce:/internal/x/cc-fu/physics-2d-box2d-wasm" loaded.
2026-6-30 09:49:19-debug: [[Executor]] Module "cce:/internal/x/cc-fu/physics-2d-box2d" loaded.
2026-6-30 09:49:19-debug: [[Executor]] Module "cce:/internal/x/cc-fu/intersection-2d" loaded.
2026-6-30 09:49:19-debug: [[Executor]] Module "cce:/internal/x/cc-fu/primitive" loaded.
2026-6-30 09:49:19-debug: [[Executor]] Module "cce:/internal/x/cc-fu/geometry-renderer" loaded.
2026-6-30 09:49:19-debug: [[Executor]] Module "cce:/internal/x/cc-fu/audio" loaded.
2026-6-30 09:49:19-debug: [[Executor]] Module "cce:/internal/x/cc-fu/profiler" loaded.
2026-6-30 09:49:19-debug: [[Executor]] Module "cce:/internal/x/cc-fu/video" loaded.
2026-6-30 09:49:19-debug: [[Executor]] Module "cce:/internal/x/cc-fu/xr" loaded.
2026-6-30 09:49:19-debug: [[Executor]] Module "cce:/internal/x/cc-fu/light-probe" loaded.
2026-6-30 09:49:19-debug: [[Executor]] Module "cce:/internal/x/cc-fu/webview" loaded.
2026-6-30 09:49:19-debug: [[Executor]] Module "cce:/internal/x/cc-fu/terrain" loaded.
2026-6-30 09:49:19-debug: [[Executor]] Module "cce:/internal/x/cc-fu/tiled-map" loaded.
2026-6-30 09:49:19-debug: [[Executor]] Module "cce:/internal/x/cc-fu/vendor-google" loaded.
2026-6-30 09:49:19-debug: [[Executor]] Module "cce:/internal/x/cc-fu/tween" loaded.
2026-6-30 09:49:19-debug: [[Executor]] Module "cce:/internal/x/cc-fu/dragon-bones" loaded.
2026-6-30 09:49:19-debug: [[Executor]] Module "cce:/internal/x/cc-fu/custom-pipeline" loaded.
2026-6-30 09:49:19-debug: [[Executor]] Module "cce:/internal/x/cc-fu/spine" loaded.
2026-6-30 09:49:19-debug: [[Executor]] Module "cce:/internal/x/cc-fu/custom-pipeline-post-process" loaded.
2026-6-30 09:49:19-debug: [[Executor]] Module "cce:/internal/x/cc-fu/base" loaded.
2026-6-30 09:49:19-debug: [[Executor]] Module "cce:/internal/x/cc-fu/gfx-webgl" loaded.
2026-6-30 09:49:19-debug: [[Executor]] Module "cce:/internal/x/cc-fu/gfx-webgl2" loaded.
2026-6-30 09:49:19-debug: [[Executor]] Module "cce:/internal/x/cc-fu/gfx-empty" loaded.
2026-6-30 09:49:19-debug: [[Executor]] Module "cce:/internal/x/cc-fu/gfx-webgpu" loaded.
2026-6-30 09:49:19-debug: [[Executor]] Module "cce:/internal/x/cc-fu/3d" loaded.
2026-6-30 09:49:19-debug: [[Executor]] Module "cce:/internal/x/cc-fu/animation" loaded.
2026-6-30 09:49:19-debug: [[Executor]] Module "cce:/internal/x/cc-fu/skeletal-animation" loaded.
2026-6-30 09:49:19-debug: [[Executor]] Module "cce:/internal/x/cc-fu/2d" loaded.
2026-6-30 09:49:19-debug: [[Executor]] Module "cce:/internal/x/cc-fu/sorting" loaded.
2026-6-30 09:49:19-debug: [[Executor]] Module "cce:/internal/x/cc-fu/rich-text" loaded.
2026-6-30 09:49:19-debug: [[Executor]] Module "cce:/internal/x/cc-fu/mask" loaded.
2026-6-30 09:49:19-debug: [[Executor]] Module "cce:/internal/x/cc-fu/graphics" loaded.
2026-6-30 09:49:19-debug: [[Executor]] Module "cce:/internal/x/cc-fu/ui-skew" loaded.
2026-6-30 09:49:19-debug: [[Executor]] Module "cce:/internal/x/cc-fu/ui" loaded.
2026-6-30 09:49:19-debug: [[Executor]] Module "cce:/internal/x/cc-fu/affine-transform" loaded.
2026-6-30 09:49:19-debug: [[Executor]] Module "cce:/internal/x/cc-fu/particle" loaded.
2026-6-30 09:49:19-debug: [[Executor]] Module "cce:/internal/x/cc-fu/particle-2d" loaded.
2026-6-30 09:49:19-debug: [[Executor]] Module "cce:/internal/x/cc-fu/sorting-2d" loaded.
2026-6-30 09:49:19-debug: [[Executor]] Module "cce:/internal/x/cc-fu/physics-framework" loaded.
2026-6-30 09:49:19-debug: [[Executor]] Module "cce:/internal/x/cc-fu/physics-cannon" loaded.
2026-6-30 09:49:19-debug: [[Executor]] Module "cce:/internal/x/cc-fu/physics-physx" loaded.
2026-6-30 09:49:19-debug: [[Executor]] Module "cce:/internal/x/cc-fu/legacy-pipeline" loaded.
2026-6-30 09:49:19-debug: [[Executor]] Module "cce:/internal/x/cc-fu/physics-2d-framework" loaded.
2026-6-30 09:49:19-debug: [[Executor]] Module "cce:/internal/x/cc-fu/physics-ammo" loaded.
2026-6-30 09:49:19-debug: [[Executor]] Module "cce:/internal/x/cc-fu/physics-builtin" loaded.
2026-6-30 09:49:19-debug: [[Executor]] Module "cce:/internal/x/cc-fu/physics-2d-box2d" loaded.
2026-6-30 09:49:19-debug: [[Executor]] Module "cce:/internal/x/cc-fu/physics-2d-builtin" loaded.
2026-6-30 09:49:19-debug: [[Executor]] Module "cce:/internal/x/cc-fu/physics-2d-box2d-wasm" loaded.
2026-6-30 09:49:19-debug: [[Executor]] Module "cce:/internal/x/cc-fu/intersection-2d" loaded.
2026-6-30 09:49:19-debug: [[Executor]] Module "cce:/internal/x/cc-fu/profiler" loaded.
2026-6-30 09:49:19-debug: [[Executor]] Module "cce:/internal/x/cc-fu/primitive" loaded.
2026-6-30 09:49:19-debug: [[Executor]] Module "cce:/internal/x/cc-fu/geometry-renderer" loaded.
2026-6-30 09:49:19-debug: [[Executor]] Module "cce:/internal/x/cc-fu/audio" loaded.
2026-6-30 09:49:19-debug: [[Executor]] Module "cce:/internal/x/cc-fu/video" loaded.
2026-6-30 09:49:19-debug: [[Executor]] Module "cce:/internal/x/cc-fu/xr" loaded.
2026-6-30 09:49:19-debug: [[Executor]] Module "cce:/internal/x/cc-fu/light-probe" loaded.
2026-6-30 09:49:19-debug: [[Executor]] Module "cce:/internal/x/cc-fu/terrain" loaded.
2026-6-30 09:49:19-debug: [[Executor]] Module "cce:/internal/x/cc-fu/webview" loaded.
2026-6-30 09:49:19-debug: [[Executor]] Module "cce:/internal/x/cc-fu/tween" loaded.
2026-6-30 09:49:19-debug: [[Executor]] Module "cce:/internal/x/cc-fu/tiled-map" loaded.
2026-6-30 09:49:19-debug: [[Executor]] Module "cce:/internal/x/cc-fu/spine" loaded.
2026-6-30 09:49:19-debug: [[Executor]] Module "cce:/internal/x/cc-fu/dragon-bones" loaded.
2026-6-30 09:49:19-debug: [[Executor]] Module "cce:/internal/x/cc-fu/custom-pipeline" loaded.
2026-6-30 09:49:19-debug: [[Executor]] Module "cce:/internal/x/cc-fu/custom-pipeline-post-process" loaded.
2026-6-30 09:49:19-debug: [[Executor]] Module "cce:/internal/x/cc-fu/legacy-pipeline" loaded.
2026-6-30 09:49:19-debug: [[Executor]] Module "cce:/internal/x/cc-fu/vendor-google" loaded.
2026-6-30 09:49:19-debug: [[Executor]] Module "cce:/internal/x/cc-fu/physics-2d-box2d-jsb" loaded.
2026-6-30 09:49:19-debug: [[Executor]] Module "pack:///chunks/93/93ba276ea7b26ffcdc433fab14afc1ed6f05647b.js" loaded.
2026-6-30 09:49:19-debug: [[Executor]] Module "pack:///chunks/93/93ba276ea7b26ffcdc433fab14afc1ed6f05647b.js" loaded.
2026-6-30 09:49:19-debug: Invalidating 'pack:///chunks/93/93ba276ea7b26ffcdc433fab14afc1ed6f05647b.js'
2026-6-30 09:49:19-debug: D:\工程项目\PlayableAD\Cocos\TheW\20260615_HYQ\HYQ_Project\temp\programming\packer-driver\targets\editor\chunks\6d\6d8fd2b0177941b032ddc0733af48a561fb60657.js resolved to D:\工程项目\PlayableAD\Cocos\TheW\20260615_HYQ\HYQ_Project\temp\programming\packer-driver\targets\editor\chunks\6d\6d8fd2b0177941b032ddc0733af48a561fb60657.js is not in module cache!
2026-6-30 09:49:19-debug: [[Executor]] Module "pack:///chunks/6d/6d8fd2b0177941b032ddc0733af48a561fb60657.js" loaded.
2026-6-30 09:49:19-debug: D:\工程项目\PlayableAD\Cocos\TheW\20260615_HYQ\HYQ_Project\temp\programming\packer-driver\targets\editor\chunks\f2\f22794b1c95bc92b6e994a97e9b193af020adc12.js resolved to D:\工程项目\PlayableAD\Cocos\TheW\20260615_HYQ\HYQ_Project\temp\programming\packer-driver\targets\editor\chunks\f2\f22794b1c95bc92b6e994a97e9b193af020adc12.js is not in module cache!
2026-6-30 09:49:19-debug: D:\工程项目\PlayableAD\Cocos\TheW\20260615_HYQ\HYQ_Project\temp\programming\packer-driver\targets\editor\chunks\d9\d980f46bad1521f99cf9b02f6f4709610973859b.js resolved to D:\工程项目\PlayableAD\Cocos\TheW\20260615_HYQ\HYQ_Project\temp\programming\packer-driver\targets\editor\chunks\d9\d980f46bad1521f99cf9b02f6f4709610973859b.js is not in module cache!
2026-6-30 09:49:19-debug: D:\工程项目\PlayableAD\Cocos\TheW\20260615_HYQ\HYQ_Project\temp\programming\packer-driver\targets\editor\chunks\c9\c9d891290a54ec567f150962e76c6bf9cdf47b3b.js resolved to D:\工程项目\PlayableAD\Cocos\TheW\20260615_HYQ\HYQ_Project\temp\programming\packer-driver\targets\editor\chunks\c9\c9d891290a54ec567f150962e76c6bf9cdf47b3b.js is not in module cache!
2026-6-30 09:49:19-debug: D:\工程项目\PlayableAD\Cocos\TheW\20260615_HYQ\HYQ_Project\temp\programming\packer-driver\targets\editor\chunks\04\04f62969dc20e2c08fceeca28e5f160f93c57d48.js resolved to D:\工程项目\PlayableAD\Cocos\TheW\20260615_HYQ\HYQ_Project\temp\programming\packer-driver\targets\editor\chunks\04\04f62969dc20e2c08fceeca28e5f160f93c57d48.js is not in module cache!
2026-6-30 09:49:19-debug: D:\工程项目\PlayableAD\Cocos\TheW\20260615_HYQ\HYQ_Project\temp\programming\packer-driver\targets\editor\chunks\6a\6a5019a719a9014c047e67aa1cf34453ab8392ce.js resolved to D:\工程项目\PlayableAD\Cocos\TheW\20260615_HYQ\HYQ_Project\temp\programming\packer-driver\targets\editor\chunks\6a\6a5019a719a9014c047e67aa1cf34453ab8392ce.js is not in module cache!
2026-6-30 09:49:19-debug: D:\工程项目\PlayableAD\Cocos\TheW\20260615_HYQ\HYQ_Project\temp\programming\packer-driver\targets\editor\chunks\84\84fdd98491917343dab9e13fe8b5a70bd6a363c2.js resolved to D:\工程项目\PlayableAD\Cocos\TheW\20260615_HYQ\HYQ_Project\temp\programming\packer-driver\targets\editor\chunks\84\84fdd98491917343dab9e13fe8b5a70bd6a363c2.js is not in module cache!
2026-6-30 09:49:19-debug: [[Executor]] Module "pack:///chunks/6a/6a5019a719a9014c047e67aa1cf34453ab8392ce.js" loaded.
2026-6-30 09:49:19-debug: [[Executor]] Module "cce:/internal/x/engine-export-to-editor/cc/editor/populate-internal-constants" loaded.
2026-6-30 09:49:19-debug: [[Executor]] Module "cce:/internal/x/engine-export-to-editor/cc/editor/populate-internal-constants" loaded.
2026-6-30 09:49:19-debug: [[Executor]] Register BuiltinPipelineSettings
2026-6-30 09:49:19-debug: [[Executor]] Module "pack:///chunks/84/84fdd98491917343dab9e13fe8b5a70bd6a363c2.js" loaded.
2026-6-30 09:49:19-debug: [[Executor]] Module "pack:///chunks/04/04f62969dc20e2c08fceeca28e5f160f93c57d48.js" loaded.
2026-6-30 09:49:19-debug: [[Executor]] Module "pack:///chunks/c9/c9d891290a54ec567f150962e76c6bf9cdf47b3b.js" loaded.
2026-6-30 09:49:19-debug: [[Executor]] Register BuiltinPipelinePassBuilder
2026-6-30 09:49:19-debug: [[Executor]] Module "pack:///chunks/d9/d980f46bad1521f99cf9b02f6f4709610973859b.js" loaded.
2026-6-30 09:49:19-debug: [[Executor]] Register BuiltinDepthOfFieldPass
2026-6-30 09:49:19-debug: [[Executor]] Module "pack:///chunks/f2/f22794b1c95bc92b6e994a97e9b193af020adc12.js" loaded.
2026-6-30 09:49:19-debug: D:\工程项目\PlayableAD\Cocos\TheW\20260615_HYQ\HYQ_Project\temp\programming\packer-driver\targets\editor\chunks\e0\e099fc7c0597d98bad93ecd30952e1955267ade1.js resolved to D:\工程项目\PlayableAD\Cocos\TheW\20260615_HYQ\HYQ_Project\temp\programming\packer-driver\targets\editor\chunks\e0\e099fc7c0597d98bad93ecd30952e1955267ade1.js is not in module cache!
2026-6-30 09:49:19-debug: [[Executor]] Register DebugViewRuntimeControl
2026-6-30 09:49:19-debug: [[Executor]] Module "pack:///chunks/e0/e099fc7c0597d98bad93ecd30952e1955267ade1.js" loaded.
2026-6-30 09:49:19-debug: D:\工程项目\PlayableAD\Cocos\TheW\20260615_HYQ\HYQ_Project\temp\programming\packer-driver\targets\editor\chunks\e2\e2118395860d446afdd7349c12bbbbd5ff0a8915.js resolved to D:\工程项目\PlayableAD\Cocos\TheW\20260615_HYQ\HYQ_Project\temp\programming\packer-driver\targets\editor\chunks\e2\e2118395860d446afdd7349c12bbbbd5ff0a8915.js is not in module cache!
2026-6-30 09:49:19-debug: [[Executor]] Register Lightning
2026-6-30 09:49:19-debug: [[Executor]] Module "pack:///chunks/e2/e2118395860d446afdd7349c12bbbbd5ff0a8915.js" loaded.
2026-6-30 09:49:19-debug: D:\工程项目\PlayableAD\Cocos\TheW\20260615_HYQ\HYQ_Project\temp\programming\packer-driver\targets\editor\chunks\e9\e96bc804d4af33012a1ad5c19177a551c107f2ae.js resolved to D:\工程项目\PlayableAD\Cocos\TheW\20260615_HYQ\HYQ_Project\temp\programming\packer-driver\targets\editor\chunks\e9\e96bc804d4af33012a1ad5c19177a551c107f2ae.js is not in module cache!
2026-6-30 09:49:19-debug: [[Executor]] Module "pack:///chunks/e9/e96bc804d4af33012a1ad5c19177a551c107f2ae.js" loaded.
2026-6-30 09:49:19-debug: D:\工程项目\PlayableAD\Cocos\TheW\20260615_HYQ\HYQ_Project\temp\programming\packer-driver\targets\editor\chunks\14\14cec8e3738599ab9965ee6a2127491eba1361af.js resolved to D:\工程项目\PlayableAD\Cocos\TheW\20260615_HYQ\HYQ_Project\temp\programming\packer-driver\targets\editor\chunks\14\14cec8e3738599ab9965ee6a2127491eba1361af.js is not in module cache!
2026-6-30 09:49:19-debug: D:\工程项目\PlayableAD\Cocos\TheW\20260615_HYQ\HYQ_Project\temp\programming\packer-driver\targets\editor\chunks\31\31cebe8e0355019a96c8dc216aed673e195b2a53.js resolved to D:\工程项目\PlayableAD\Cocos\TheW\20260615_HYQ\HYQ_Project\temp\programming\packer-driver\targets\editor\chunks\31\31cebe8e0355019a96c8dc216aed673e195b2a53.js is not in module cache!
2026-6-30 09:49:19-debug: D:\工程项目\PlayableAD\Cocos\TheW\20260615_HYQ\HYQ_Project\temp\programming\packer-driver\targets\editor\chunks\4d\4d6662648c8c361d9de350d72c1ab0a8e7508014.js resolved to D:\工程项目\PlayableAD\Cocos\TheW\20260615_HYQ\HYQ_Project\temp\programming\packer-driver\targets\editor\chunks\4d\4d6662648c8c361d9de350d72c1ab0a8e7508014.js is not in module cache!
2026-6-30 09:49:19-debug: [[Executor]] Module "pack:///chunks/31/31cebe8e0355019a96c8dc216aed673e195b2a53.js" loaded.
2026-6-30 09:49:19-debug: [[Executor]] Register LayerManager
2026-6-30 09:49:19-debug: [[Executor]] Module "pack:///chunks/4d/4d6662648c8c361d9de350d72c1ab0a8e7508014.js" loaded.
2026-6-30 09:49:19-debug: [[Executor]] Module "pack:///chunks/14/14cec8e3738599ab9965ee6a2127491eba1361af.js" loaded.
2026-6-30 09:49:19-debug: [[Executor]] Register CameraMove
2026-6-30 09:49:19-debug: D:\工程项目\PlayableAD\Cocos\TheW\20260615_HYQ\HYQ_Project\temp\programming\packer-driver\targets\editor\chunks\3f\3fc33806253ded99e50ac9220c73832ef2904ca7.js resolved to D:\工程项目\PlayableAD\Cocos\TheW\20260615_HYQ\HYQ_Project\temp\programming\packer-driver\targets\editor\chunks\3f\3fc33806253ded99e50ac9220c73832ef2904ca7.js is not in module cache!
2026-6-30 09:49:19-debug: D:\工程项目\PlayableAD\Cocos\TheW\20260615_HYQ\HYQ_Project\temp\programming\packer-driver\targets\editor\chunks\56\5601ae9cf318e5c14df7d30ca1cafe71734c982a.js resolved to D:\工程项目\PlayableAD\Cocos\TheW\20260615_HYQ\HYQ_Project\temp\programming\packer-driver\targets\editor\chunks\56\5601ae9cf318e5c14df7d30ca1cafe71734c982a.js is not in module cache!
2026-6-30 09:49:19-debug: [[Executor]] Module "pack:///chunks/56/5601ae9cf318e5c14df7d30ca1cafe71734c982a.js" loaded.
2026-6-30 09:49:19-debug: [[Executor]] Module "pack:///chunks/3f/3fc33806253ded99e50ac9220c73832ef2904ca7.js" loaded.
2026-6-30 09:49:19-debug: D:\工程项目\PlayableAD\Cocos\TheW\20260615_HYQ\HYQ_Project\temp\programming\packer-driver\targets\editor\chunks\90\901a8f42214a0198b9aca11ce347c093cca5e26c.js resolved to D:\工程项目\PlayableAD\Cocos\TheW\20260615_HYQ\HYQ_Project\temp\programming\packer-driver\targets\editor\chunks\90\901a8f42214a0198b9aca11ce347c093cca5e26c.js is not in module cache!
2026-6-30 09:49:19-debug: D:\工程项目\PlayableAD\Cocos\TheW\20260615_HYQ\HYQ_Project\temp\programming\packer-driver\targets\editor\chunks\84\8436bf0d6f6a392b090fff8471ad48b32970414b.js resolved to D:\工程项目\PlayableAD\Cocos\TheW\20260615_HYQ\HYQ_Project\temp\programming\packer-driver\targets\editor\chunks\84\8436bf0d6f6a392b090fff8471ad48b32970414b.js is not in module cache!
2026-6-30 09:49:19-debug: D:\工程项目\PlayableAD\Cocos\TheW\20260615_HYQ\HYQ_Project\temp\programming\packer-driver\targets\editor\chunks\8a\8ae7d51cc818f718270f9e2ad9b78b6df4ffa62c.js resolved to D:\工程项目\PlayableAD\Cocos\TheW\20260615_HYQ\HYQ_Project\temp\programming\packer-driver\targets\editor\chunks\8a\8ae7d51cc818f718270f9e2ad9b78b6df4ffa62c.js is not in module cache!
2026-6-30 09:49:19-debug: D:\工程项目\PlayableAD\Cocos\TheW\20260615_HYQ\HYQ_Project\temp\programming\packer-driver\targets\editor\chunks\8b\8b1077471006cad018e02beccd0bed5dcc54c671.js resolved to D:\工程项目\PlayableAD\Cocos\TheW\20260615_HYQ\HYQ_Project\temp\programming\packer-driver\targets\editor\chunks\8b\8b1077471006cad018e02beccd0bed5dcc54c671.js is not in module cache!
2026-6-30 09:49:19-debug: D:\工程项目\PlayableAD\Cocos\TheW\20260615_HYQ\HYQ_Project\temp\programming\packer-driver\targets\editor\chunks\a1\a1d124b8795c6e55160d2ce5ecbd41437847152f.js resolved to D:\工程项目\PlayableAD\Cocos\TheW\20260615_HYQ\HYQ_Project\temp\programming\packer-driver\targets\editor\chunks\a1\a1d124b8795c6e55160d2ce5ecbd41437847152f.js is not in module cache!
2026-6-30 09:49:19-debug: D:\工程项目\PlayableAD\Cocos\TheW\20260615_HYQ\HYQ_Project\temp\programming\packer-driver\targets\editor\chunks\79\798785a3f67288cbb075d5efa15a2c266208a881.js resolved to D:\工程项目\PlayableAD\Cocos\TheW\20260615_HYQ\HYQ_Project\temp\programming\packer-driver\targets\editor\chunks\79\798785a3f67288cbb075d5efa15a2c266208a881.js is not in module cache!
2026-6-30 09:49:19-debug: [[Executor]] Register UnityUpComponent
2026-6-30 09:49:19-debug: [[Executor]] Module "pack:///chunks/8a/8ae7d51cc818f718270f9e2ad9b78b6df4ffa62c.js" loaded.
2026-6-30 09:49:19-debug: D:\工程项目\PlayableAD\Cocos\TheW\20260615_HYQ\HYQ_Project\temp\programming\packer-driver\targets\editor\chunks\f2\f20c45b49501fbe07d44e99d95c2c506a06a0ecd.js resolved to D:\工程项目\PlayableAD\Cocos\TheW\20260615_HYQ\HYQ_Project\temp\programming\packer-driver\targets\editor\chunks\f2\f20c45b49501fbe07d44e99d95c2c506a06a0ecd.js is not in module cache!
2026-6-30 09:49:19-debug: [[Executor]] Module "pack:///chunks/79/798785a3f67288cbb075d5efa15a2c266208a881.js" loaded.
2026-6-30 09:49:19-debug: [[Executor]] Module "pack:///chunks/84/8436bf0d6f6a392b090fff8471ad48b32970414b.js" loaded.
2026-6-30 09:49:19-debug: [[Executor]] Module "pack:///chunks/8b/8b1077471006cad018e02beccd0bed5dcc54c671.js" loaded.
2026-6-30 09:49:19-debug: [[Executor]] Module "pack:///chunks/f2/f20c45b49501fbe07d44e99d95c2c506a06a0ecd.js" loaded.
2026-6-30 09:49:19-debug: [[Executor]] Register MoveDrive
2026-6-30 09:49:19-debug: [[Executor]] Register RotationDrive
2026-6-30 09:49:19-debug: [[Executor]] Module "pack:///chunks/a1/a1d124b8795c6e55160d2ce5ecbd41437847152f.js" loaded.
2026-6-30 09:49:19-debug: [[Executor]] Module "pack:///chunks/90/901a8f42214a0198b9aca11ce347c093cca5e26c.js" loaded.
2026-6-30 09:49:19-debug: D:\工程项目\PlayableAD\Cocos\TheW\20260615_HYQ\HYQ_Project\temp\programming\packer-driver\targets\editor\chunks\eb\eb316915c4446a477164305c14374917acb92a23.js resolved to D:\工程项目\PlayableAD\Cocos\TheW\20260615_HYQ\HYQ_Project\temp\programming\packer-driver\targets\editor\chunks\eb\eb316915c4446a477164305c14374917acb92a23.js is not in module cache!
2026-6-30 09:49:19-debug: [[Executor]] Register RotationVector
2026-6-30 09:49:19-debug: [[Executor]] Module "pack:///chunks/eb/eb316915c4446a477164305c14374917acb92a23.js" loaded.
2026-6-30 09:49:19-debug: D:\工程项目\PlayableAD\Cocos\TheW\20260615_HYQ\HYQ_Project\temp\programming\packer-driver\targets\editor\chunks\e9\e950dd2519065be1280daf69ce7f6b07e4d0caaa.js resolved to D:\工程项目\PlayableAD\Cocos\TheW\20260615_HYQ\HYQ_Project\temp\programming\packer-driver\targets\editor\chunks\e9\e950dd2519065be1280daf69ce7f6b07e4d0caaa.js is not in module cache!
2026-6-30 09:49:19-debug: [[Executor]] Register PrefabsRes
2026-6-30 09:49:19-debug: [[Executor]] Module "pack:///chunks/e9/e950dd2519065be1280daf69ce7f6b07e4d0caaa.js" loaded.
2026-6-30 09:49:19-debug: [[Executor]] Register PrefabsManager
2026-6-30 09:49:19-debug: D:\工程项目\PlayableAD\Cocos\TheW\20260615_HYQ\HYQ_Project\temp\programming\packer-driver\targets\editor\chunks\f0\f04c2dd9d3cc608a6f46e13bb5d3c46aa5633baf.js resolved to D:\工程项目\PlayableAD\Cocos\TheW\20260615_HYQ\HYQ_Project\temp\programming\packer-driver\targets\editor\chunks\f0\f04c2dd9d3cc608a6f46e13bb5d3c46aa5633baf.js is not in module cache!
2026-6-30 09:49:19-debug: D:\工程项目\PlayableAD\Cocos\TheW\20260615_HYQ\HYQ_Project\temp\programming\packer-driver\targets\editor\chunks\ed\edbdde40fab9baf06e704beb85e64d72f20aefb8.js resolved to D:\工程项目\PlayableAD\Cocos\TheW\20260615_HYQ\HYQ_Project\temp\programming\packer-driver\targets\editor\chunks\ed\edbdde40fab9baf06e704beb85e64d72f20aefb8.js is not in module cache!
2026-6-30 09:49:19-debug: [[Executor]] Module "pack:///chunks/ed/edbdde40fab9baf06e704beb85e64d72f20aefb8.js" loaded.
2026-6-30 09:49:19-debug: [[Executor]] Register DownLoadL8
2026-6-30 09:49:19-debug: [[Executor]] Register L18nManager
2026-6-30 09:49:19-debug: [[Executor]] Module "pack:///chunks/f0/f04c2dd9d3cc608a6f46e13bb5d3c46aa5633baf.js" loaded.
2026-6-30 09:49:19-debug: D:\工程项目\PlayableAD\Cocos\TheW\20260615_HYQ\HYQ_Project\temp\programming\packer-driver\targets\editor\chunks\f8\f8baeccf8cf047db05161c9b9e8b6b4ff9eefe2f.js resolved to D:\工程项目\PlayableAD\Cocos\TheW\20260615_HYQ\HYQ_Project\temp\programming\packer-driver\targets\editor\chunks\f8\f8baeccf8cf047db05161c9b9e8b6b4ff9eefe2f.js is not in module cache!
2026-6-30 09:49:19-debug: [[Executor]] Register DownLoadL8
2026-6-30 09:49:19-debug: [[Executor]] Module "pack:///chunks/f8/f8baeccf8cf047db05161c9b9e8b6b4ff9eefe2f.js" loaded.
2026-6-30 09:49:19-debug: D:\工程项目\PlayableAD\Cocos\TheW\20260615_HYQ\HYQ_Project\temp\programming\packer-driver\targets\editor\chunks\63\633ac4308370832c1c78b9f28702617696f6e9fb.js resolved to D:\工程项目\PlayableAD\Cocos\TheW\20260615_HYQ\HYQ_Project\temp\programming\packer-driver\targets\editor\chunks\63\633ac4308370832c1c78b9f28702617696f6e9fb.js is not in module cache!
2026-6-30 09:49:19-debug: [[Executor]] Register LangArrAuto
2026-6-30 09:49:19-debug: [[Executor]] Module "pack:///chunks/63/633ac4308370832c1c78b9f28702617696f6e9fb.js" loaded.
2026-6-30 09:49:19-debug: D:\工程项目\PlayableAD\Cocos\TheW\20260615_HYQ\HYQ_Project\temp\programming\packer-driver\targets\editor\chunks\f5\f570589f727cbf96139a6869e201d7a87544da71.js resolved to D:\工程项目\PlayableAD\Cocos\TheW\20260615_HYQ\HYQ_Project\temp\programming\packer-driver\targets\editor\chunks\f5\f570589f727cbf96139a6869e201d7a87544da71.js is not in module cache!
2026-6-30 09:49:19-debug: [[Executor]] Register LangAuto
2026-6-30 09:49:19-debug: [[Executor]] Module "pack:///chunks/f5/f570589f727cbf96139a6869e201d7a87544da71.js" loaded.
2026-6-30 09:49:19-debug: D:\工程项目\PlayableAD\Cocos\TheW\20260615_HYQ\HYQ_Project\temp\programming\packer-driver\targets\editor\chunks\40\407fe08f85a1575a06beb3692d40cf36d9684f58.js resolved to D:\工程项目\PlayableAD\Cocos\TheW\20260615_HYQ\HYQ_Project\temp\programming\packer-driver\targets\editor\chunks\40\407fe08f85a1575a06beb3692d40cf36d9684f58.js is not in module cache!
2026-6-30 09:49:19-debug: [[Executor]] Module "pack:///chunks/40/407fe08f85a1575a06beb3692d40cf36d9684f58.js" loaded.
2026-6-30 09:49:19-debug: [[Executor]] Register ResurrectionL8
2026-6-30 09:49:19-debug: D:\工程项目\PlayableAD\Cocos\TheW\20260615_HYQ\HYQ_Project\temp\programming\packer-driver\targets\editor\chunks\0f\0fd75e1d9556ba520ee98c89195f9d0594110ad2.js resolved to D:\工程项目\PlayableAD\Cocos\TheW\20260615_HYQ\HYQ_Project\temp\programming\packer-driver\targets\editor\chunks\0f\0fd75e1d9556ba520ee98c89195f9d0594110ad2.js is not in module cache!
2026-6-30 09:49:19-debug: [[Executor]] Module "pack:///chunks/0f/0fd75e1d9556ba520ee98c89195f9d0594110ad2.js" loaded.
2026-6-30 09:49:19-debug: D:\工程项目\PlayableAD\Cocos\TheW\20260615_HYQ\HYQ_Project\temp\programming\packer-driver\targets\editor\chunks\84\84bbaa7f2e1a0639f57f755b935e1acb7d73f78e.js resolved to D:\工程项目\PlayableAD\Cocos\TheW\20260615_HYQ\HYQ_Project\temp\programming\packer-driver\targets\editor\chunks\84\84bbaa7f2e1a0639f57f755b935e1acb7d73f78e.js is not in module cache!
2026-6-30 09:49:19-debug: D:\工程项目\PlayableAD\Cocos\TheW\20260615_HYQ\HYQ_Project\temp\programming\packer-driver\targets\editor\chunks\5f\5fdfd08a9c16dc742e66ef16a5a8e13f5f831a3e.js resolved to D:\工程项目\PlayableAD\Cocos\TheW\20260615_HYQ\HYQ_Project\temp\programming\packer-driver\targets\editor\chunks\5f\5fdfd08a9c16dc742e66ef16a5a8e13f5f831a3e.js is not in module cache!
2026-6-30 09:49:19-debug: D:\工程项目\PlayableAD\Cocos\TheW\20260615_HYQ\HYQ_Project\temp\programming\packer-driver\targets\editor\chunks\4c\4c2851018e56f823e74c2b3e2117156bcb9e76d0.js resolved to D:\工程项目\PlayableAD\Cocos\TheW\20260615_HYQ\HYQ_Project\temp\programming\packer-driver\targets\editor\chunks\4c\4c2851018e56f823e74c2b3e2117156bcb9e76d0.js is not in module cache!
2026-6-30 09:49:19-debug: D:\工程项目\PlayableAD\Cocos\TheW\20260615_HYQ\HYQ_Project\temp\programming\packer-driver\targets\editor\chunks\2e\2edb51f2f57b638345a2b9d561f476b67029b574.js resolved to D:\工程项目\PlayableAD\Cocos\TheW\20260615_HYQ\HYQ_Project\temp\programming\packer-driver\targets\editor\chunks\2e\2edb51f2f57b638345a2b9d561f476b67029b574.js is not in module cache!
2026-6-30 09:49:19-debug: D:\工程项目\PlayableAD\Cocos\TheW\20260615_HYQ\HYQ_Project\temp\programming\packer-driver\targets\editor\chunks\ec\ecb76259f390974cf14cad52564b11281c42a7e6.js resolved to D:\工程项目\PlayableAD\Cocos\TheW\20260615_HYQ\HYQ_Project\temp\programming\packer-driver\targets\editor\chunks\ec\ecb76259f390974cf14cad52564b11281c42a7e6.js is not in module cache!
2026-6-30 09:49:19-debug: D:\工程项目\PlayableAD\Cocos\TheW\20260615_HYQ\HYQ_Project\temp\programming\packer-driver\targets\editor\chunks\e5\e5fea8c54230bb378b45e63a8ea8186bdeccbbe2.js resolved to D:\工程项目\PlayableAD\Cocos\TheW\20260615_HYQ\HYQ_Project\temp\programming\packer-driver\targets\editor\chunks\e5\e5fea8c54230bb378b45e63a8ea8186bdeccbbe2.js is not in module cache!
2026-6-30 09:49:19-debug: D:\工程项目\PlayableAD\Cocos\TheW\20260615_HYQ\HYQ_Project\temp\programming\packer-driver\targets\editor\chunks\d5\d58c1ab1b696259af8c3b1384857266dba055462.js resolved to D:\工程项目\PlayableAD\Cocos\TheW\20260615_HYQ\HYQ_Project\temp\programming\packer-driver\targets\editor\chunks\d5\d58c1ab1b696259af8c3b1384857266dba055462.js is not in module cache!
2026-6-30 09:49:19-debug: D:\工程项目\PlayableAD\Cocos\TheW\20260615_HYQ\HYQ_Project\temp\programming\packer-driver\targets\editor\chunks\38\38483f6f68b174c6aad120536d38c3642cb0e458.js resolved to D:\工程项目\PlayableAD\Cocos\TheW\20260615_HYQ\HYQ_Project\temp\programming\packer-driver\targets\editor\chunks\38\38483f6f68b174c6aad120536d38c3642cb0e458.js is not in module cache!
2026-6-30 09:49:19-debug: D:\工程项目\PlayableAD\Cocos\TheW\20260615_HYQ\HYQ_Project\temp\programming\packer-driver\targets\editor\chunks\41\4103e3b8e8be7d1b0e7a8a67f28a2c29fe9aa2dc.js resolved to D:\工程项目\PlayableAD\Cocos\TheW\20260615_HYQ\HYQ_Project\temp\programming\packer-driver\targets\editor\chunks\41\4103e3b8e8be7d1b0e7a8a67f28a2c29fe9aa2dc.js is not in module cache!
2026-6-30 09:49:19-debug: D:\工程项目\PlayableAD\Cocos\TheW\20260615_HYQ\HYQ_Project\temp\programming\packer-driver\targets\editor\chunks\b6\b6919de7425c243c4e1697f376cb4f6f6b2769a4.js resolved to D:\工程项目\PlayableAD\Cocos\TheW\20260615_HYQ\HYQ_Project\temp\programming\packer-driver\targets\editor\chunks\b6\b6919de7425c243c4e1697f376cb4f6f6b2769a4.js is not in module cache!
2026-6-30 09:49:19-debug: D:\工程项目\PlayableAD\Cocos\TheW\20260615_HYQ\HYQ_Project\temp\programming\packer-driver\targets\editor\chunks\f6\f6cf9b6088316a765dbcd0b22eb496d3f4be80dc.js resolved to D:\工程项目\PlayableAD\Cocos\TheW\20260615_HYQ\HYQ_Project\temp\programming\packer-driver\targets\editor\chunks\f6\f6cf9b6088316a765dbcd0b22eb496d3f4be80dc.js is not in module cache!
2026-6-30 09:49:19-debug: [[Executor]] Register Prop
2026-6-30 09:49:19-debug: [[Executor]] Module "pack:///chunks/4c/4c2851018e56f823e74c2b3e2117156bcb9e76d0.js" loaded.
2026-6-30 09:49:19-debug: [[Executor]] Module "pack:///chunks/ec/ecb76259f390974cf14cad52564b11281c42a7e6.js" loaded.
2026-6-30 09:49:19-debug: [[Executor]] Module "pack:///chunks/f6/f6cf9b6088316a765dbcd0b22eb496d3f4be80dc.js" loaded.
2026-6-30 09:49:19-debug: [[Executor]] Module "pack:///chunks/38/38483f6f68b174c6aad120536d38c3642cb0e458.js" loaded.
2026-6-30 09:49:19-debug: [[Executor]] Module "pack:///chunks/e5/e5fea8c54230bb378b45e63a8ea8186bdeccbbe2.js" loaded.
2026-6-30 09:49:19-debug: [[Executor]] Register JumpDriveEngine
2026-6-30 09:49:19-debug: [[Executor]] Module "pack:///chunks/b6/b6919de7425c243c4e1697f376cb4f6f6b2769a4.js" loaded.
2026-6-30 09:49:19-debug: [[Executor]] Module "pack:///chunks/41/4103e3b8e8be7d1b0e7a8a67f28a2c29fe9aa2dc.js" loaded.
2026-6-30 09:49:19-debug: [[Executor]] Module "pack:///chunks/d5/d58c1ab1b696259af8c3b1384857266dba055462.js" loaded.
2026-6-30 09:49:19-debug: [[Executor]] Module "pack:///chunks/2e/2edb51f2f57b638345a2b9d561f476b67029b574.js" loaded.
2026-6-30 09:49:19-debug: [[Executor]] Module "pack:///chunks/5f/5fdfd08a9c16dc742e66ef16a5a8e13f5f831a3e.js" loaded.
2026-6-30 09:49:19-debug: [[Executor]] Register BagBase
2026-6-30 09:49:19-debug: [[Executor]] Module "pack:///chunks/84/84bbaa7f2e1a0639f57f755b935e1acb7d73f78e.js" loaded.
2026-6-30 09:49:19-debug: D:\工程项目\PlayableAD\Cocos\TheW\20260615_HYQ\HYQ_Project\temp\programming\packer-driver\targets\editor\chunks\80\80f420cd19a5967732f7f177a68c3670990311d3.js resolved to D:\工程项目\PlayableAD\Cocos\TheW\20260615_HYQ\HYQ_Project\temp\programming\packer-driver\targets\editor\chunks\80\80f420cd19a5967732f7f177a68c3670990311d3.js is not in module cache!
2026-6-30 09:49:19-debug: [[Executor]] Register FlayPropManager
2026-6-30 09:49:19-debug: [[Executor]] Module "pack:///chunks/80/80f420cd19a5967732f7f177a68c3670990311d3.js" loaded.
2026-6-30 09:49:19-debug: D:\工程项目\PlayableAD\Cocos\TheW\20260615_HYQ\HYQ_Project\temp\programming\packer-driver\targets\editor\chunks\b5\b5c69e24499acddd297e4328687b0ea934b109d5.js resolved to D:\工程项目\PlayableAD\Cocos\TheW\20260615_HYQ\HYQ_Project\temp\programming\packer-driver\targets\editor\chunks\b5\b5c69e24499acddd297e4328687b0ea934b109d5.js is not in module cache!
2026-6-30 09:49:19-debug: [[Executor]] Module "pack:///chunks/b5/b5c69e24499acddd297e4328687b0ea934b109d5.js" loaded.
2026-6-30 09:49:19-debug: [[Executor]] Register GroupBag3D
2026-6-30 09:49:19-debug: D:\工程项目\PlayableAD\Cocos\TheW\20260615_HYQ\HYQ_Project\temp\programming\packer-driver\targets\editor\chunks\7e\7e52be47c960966fc7d962b7957dbbce1047514e.js resolved to D:\工程项目\PlayableAD\Cocos\TheW\20260615_HYQ\HYQ_Project\temp\programming\packer-driver\targets\editor\chunks\7e\7e52be47c960966fc7d962b7957dbbce1047514e.js is not in module cache!
2026-6-30 09:49:19-debug: [[Executor]] Register GroupPropTransform
2026-6-30 09:49:19-debug: [[Executor]] Module "pack:///chunks/7e/7e52be47c960966fc7d962b7957dbbce1047514e.js" loaded.
2026-6-30 09:49:19-debug: [[Executor]] Module "pack:///chunks/f4/f4bb2b73aacdc0370fc65face1ef60d9e8732bfd.js" loaded.
2026-6-30 09:49:19-debug: D:\工程项目\PlayableAD\Cocos\TheW\20260615_HYQ\HYQ_Project\temp\programming\packer-driver\targets\editor\chunks\f4\f4bb2b73aacdc0370fc65face1ef60d9e8732bfd.js resolved to D:\工程项目\PlayableAD\Cocos\TheW\20260615_HYQ\HYQ_Project\temp\programming\packer-driver\targets\editor\chunks\f4\f4bb2b73aacdc0370fc65face1ef60d9e8732bfd.js is not in module cache!
2026-6-30 09:49:19-debug: [[Executor]] Register LabBagUp
2026-6-30 09:49:19-debug: [[Executor]] Module "pack:///chunks/0e/0ea1c77c59b038eb4661ef171f440cbc7cc134ca.js" loaded.
2026-6-30 09:49:19-debug: D:\工程项目\PlayableAD\Cocos\TheW\20260615_HYQ\HYQ_Project\temp\programming\packer-driver\targets\editor\chunks\0e\0ea1c77c59b038eb4661ef171f440cbc7cc134ca.js resolved to D:\工程项目\PlayableAD\Cocos\TheW\20260615_HYQ\HYQ_Project\temp\programming\packer-driver\targets\editor\chunks\0e\0ea1c77c59b038eb4661ef171f440cbc7cc134ca.js is not in module cache!
2026-6-30 09:49:19-debug: D:\工程项目\PlayableAD\Cocos\TheW\20260615_HYQ\HYQ_Project\temp\programming\packer-driver\targets\editor\chunks\29\296009d632e65e6f653d790324d741c2d9759f34.js resolved to D:\工程项目\PlayableAD\Cocos\TheW\20260615_HYQ\HYQ_Project\temp\programming\packer-driver\targets\editor\chunks\29\296009d632e65e6f653d790324d741c2d9759f34.js is not in module cache!
2026-6-30 09:49:19-debug: D:\工程项目\PlayableAD\Cocos\TheW\20260615_HYQ\HYQ_Project\temp\programming\packer-driver\targets\editor\chunks\3f\3ff8f1a74d7fbbd22ced04971b6ab15e04fd86a6.js resolved to D:\工程项目\PlayableAD\Cocos\TheW\20260615_HYQ\HYQ_Project\temp\programming\packer-driver\targets\editor\chunks\3f\3ff8f1a74d7fbbd22ced04971b6ab15e04fd86a6.js is not in module cache!
2026-6-30 09:49:19-debug: D:\工程项目\PlayableAD\Cocos\TheW\20260615_HYQ\HYQ_Project\temp\programming\packer-driver\targets\editor\chunks\80\803faff6203a98317cc86f08677de73b7112b743.js resolved to D:\工程项目\PlayableAD\Cocos\TheW\20260615_HYQ\HYQ_Project\temp\programming\packer-driver\targets\editor\chunks\80\803faff6203a98317cc86f08677de73b7112b743.js is not in module cache!
2026-6-30 09:49:19-debug: [[Executor]] Module "pack:///chunks/80/803faff6203a98317cc86f08677de73b7112b743.js" loaded.
2026-6-30 09:49:19-debug: D:\工程项目\PlayableAD\Cocos\TheW\20260615_HYQ\HYQ_Project\temp\programming\packer-driver\targets\editor\chunks\b1\b12e427b1fcb487f729ef654542d8e9775a297cb.js resolved to D:\工程项目\PlayableAD\Cocos\TheW\20260615_HYQ\HYQ_Project\temp\programming\packer-driver\targets\editor\chunks\b1\b12e427b1fcb487f729ef654542d8e9775a297cb.js is not in module cache!
2026-6-30 09:49:19-debug: [[Executor]] Module "pack:///chunks/b1/b12e427b1fcb487f729ef654542d8e9775a297cb.js" loaded.
2026-6-30 09:49:19-debug: [[Executor]] Register CollectGetTarget
2026-6-30 09:49:19-debug: [[Executor]] Register AttackTargetBase
2026-6-30 09:49:19-debug: [[Executor]] Module "pack:///chunks/3f/3ff8f1a74d7fbbd22ced04971b6ab15e04fd86a6.js" loaded.
2026-6-30 09:49:19-debug: [[Executor]] Module "pack:///chunks/29/296009d632e65e6f653d790324d741c2d9759f34.js" loaded.
2026-6-30 09:49:19-debug: [[Executor]] Register AreaAttack
2026-6-30 09:49:19-debug: D:\工程项目\PlayableAD\Cocos\TheW\20260615_HYQ\HYQ_Project\temp\programming\packer-driver\targets\editor\chunks\d5\d5f6e07e1b02d743fed3d9c2c8e155b0c3309d52.js resolved to D:\工程项目\PlayableAD\Cocos\TheW\20260615_HYQ\HYQ_Project\temp\programming\packer-driver\targets\editor\chunks\d5\d5f6e07e1b02d743fed3d9c2c8e155b0c3309d52.js is not in module cache!
2026-6-30 09:49:19-debug: [[Executor]] Register MeleeAttack
2026-6-30 09:49:19-debug: [[Executor]] Module "pack:///chunks/d5/d5f6e07e1b02d743fed3d9c2c8e155b0c3309d52.js" loaded.
2026-6-30 09:49:19-debug: D:\工程项目\PlayableAD\Cocos\TheW\20260615_HYQ\HYQ_Project\temp\programming\packer-driver\targets\editor\chunks\02\021cbce763294c7c4adf05845718c817a68ff9f3.js resolved to D:\工程项目\PlayableAD\Cocos\TheW\20260615_HYQ\HYQ_Project\temp\programming\packer-driver\targets\editor\chunks\02\021cbce763294c7c4adf05845718c817a68ff9f3.js is not in module cache!
2026-6-30 09:49:19-debug: D:\工程项目\PlayableAD\Cocos\TheW\20260615_HYQ\HYQ_Project\temp\programming\packer-driver\targets\editor\chunks\23\2370bd6a63dbba247d7fcab21c5244288f150386.js resolved to D:\工程项目\PlayableAD\Cocos\TheW\20260615_HYQ\HYQ_Project\temp\programming\packer-driver\targets\editor\chunks\23\2370bd6a63dbba247d7fcab21c5244288f150386.js is not in module cache!
2026-6-30 09:49:19-debug: [[Executor]] Register HpComponent
2026-6-30 09:49:19-debug: [[Executor]] Module "pack:///chunks/23/2370bd6a63dbba247d7fcab21c5244288f150386.js" loaded.
2026-6-30 09:49:19-debug: D:\工程项目\PlayableAD\Cocos\TheW\20260615_HYQ\HYQ_Project\temp\programming\packer-driver\targets\editor\chunks\9e\9ec8816866d723aea0e61547ea23bf04cc3c7c78.js resolved to D:\工程项目\PlayableAD\Cocos\TheW\20260615_HYQ\HYQ_Project\temp\programming\packer-driver\targets\editor\chunks\9e\9ec8816866d723aea0e61547ea23bf04cc3c7c78.js is not in module cache!
2026-6-30 09:49:19-debug: [[Executor]] Module "pack:///chunks/9e/9ec8816866d723aea0e61547ea23bf04cc3c7c78.js" loaded.
2026-6-30 09:49:19-debug: [[Executor]] Register MeshFlashPropData
2026-6-30 09:49:19-debug: [[Executor]] Register MeshFlashSwitchData
2026-6-30 09:49:19-debug: [[Executor]] Register MeshFlashData
2026-6-30 09:49:19-debug: [[Executor]] Register BattleTargetBase
2026-6-30 09:49:19-debug: [[Executor]] Module "pack:///chunks/02/021cbce763294c7c4adf05845718c817a68ff9f3.js" loaded.
2026-6-30 09:49:19-debug: D:\工程项目\PlayableAD\Cocos\TheW\20260615_HYQ\HYQ_Project\temp\programming\packer-driver\targets\editor\chunks\9b\9be30ad1a917cc0914201f1db5bdf1c5cb4d6e49.js resolved to D:\工程项目\PlayableAD\Cocos\TheW\20260615_HYQ\HYQ_Project\temp\programming\packer-driver\targets\editor\chunks\9b\9be30ad1a917cc0914201f1db5bdf1c5cb4d6e49.js is not in module cache!
2026-6-30 09:49:19-debug: D:\工程项目\PlayableAD\Cocos\TheW\20260615_HYQ\HYQ_Project\temp\programming\packer-driver\targets\editor\chunks\43\4314f54defc530df4c3d4a14e3561038b8628ff3.js resolved to D:\工程项目\PlayableAD\Cocos\TheW\20260615_HYQ\HYQ_Project\temp\programming\packer-driver\targets\editor\chunks\43\4314f54defc530df4c3d4a14e3561038b8628ff3.js is not in module cache!
2026-6-30 09:49:19-debug: D:\工程项目\PlayableAD\Cocos\TheW\20260615_HYQ\HYQ_Project\temp\programming\packer-driver\targets\editor\chunks\6c\6c35293030e947e52f03ea585990d17f31ea7df0.js resolved to D:\工程项目\PlayableAD\Cocos\TheW\20260615_HYQ\HYQ_Project\temp\programming\packer-driver\targets\editor\chunks\6c\6c35293030e947e52f03ea585990d17f31ea7df0.js is not in module cache!
2026-6-30 09:49:19-debug: D:\工程项目\PlayableAD\Cocos\TheW\20260615_HYQ\HYQ_Project\temp\programming\packer-driver\targets\editor\chunks\a7\a78b9d0a8af4315011c59f40b6c49da033e49269.js resolved to D:\工程项目\PlayableAD\Cocos\TheW\20260615_HYQ\HYQ_Project\temp\programming\packer-driver\targets\editor\chunks\a7\a78b9d0a8af4315011c59f40b6c49da033e49269.js is not in module cache!
2026-6-30 09:49:19-debug: D:\工程项目\PlayableAD\Cocos\TheW\20260615_HYQ\HYQ_Project\temp\programming\packer-driver\targets\editor\chunks\9a\9a8786a747b555136cef77c9f5e7ad17e18a31eb.js resolved to D:\工程项目\PlayableAD\Cocos\TheW\20260615_HYQ\HYQ_Project\temp\programming\packer-driver\targets\editor\chunks\9a\9a8786a747b555136cef77c9f5e7ad17e18a31eb.js is not in module cache!
2026-6-30 09:49:19-debug: D:\工程项目\PlayableAD\Cocos\TheW\20260615_HYQ\HYQ_Project\temp\programming\packer-driver\targets\editor\chunks\bb\bb66609565f0d30fbedfe7ab7019decca8a2726b.js resolved to D:\工程项目\PlayableAD\Cocos\TheW\20260615_HYQ\HYQ_Project\temp\programming\packer-driver\targets\editor\chunks\bb\bb66609565f0d30fbedfe7ab7019decca8a2726b.js is not in module cache!
2026-6-30 09:49:19-debug: D:\工程项目\PlayableAD\Cocos\TheW\20260615_HYQ\HYQ_Project\temp\programming\packer-driver\targets\editor\chunks\b0\b0316da27abe29af9f8a517d28257bc913762f57.js resolved to D:\工程项目\PlayableAD\Cocos\TheW\20260615_HYQ\HYQ_Project\temp\programming\packer-driver\targets\editor\chunks\b0\b0316da27abe29af9f8a517d28257bc913762f57.js is not in module cache!
2026-6-30 09:49:19-debug: D:\工程项目\PlayableAD\Cocos\TheW\20260615_HYQ\HYQ_Project\temp\programming\packer-driver\targets\editor\chunks\4a\4a75ba705e89112b3bcc356e77985c7a095b80f4.js resolved to D:\工程项目\PlayableAD\Cocos\TheW\20260615_HYQ\HYQ_Project\temp\programming\packer-driver\targets\editor\chunks\4a\4a75ba705e89112b3bcc356e77985c7a095b80f4.js is not in module cache!
2026-6-30 09:49:19-debug: D:\工程项目\PlayableAD\Cocos\TheW\20260615_HYQ\HYQ_Project\temp\programming\packer-driver\targets\editor\chunks\e1\e13771ea8032dbc1728530af431c57de3b1e5e24.js resolved to D:\工程项目\PlayableAD\Cocos\TheW\20260615_HYQ\HYQ_Project\temp\programming\packer-driver\targets\editor\chunks\e1\e13771ea8032dbc1728530af431c57de3b1e5e24.js is not in module cache!
2026-6-30 09:49:19-debug: D:\工程项目\PlayableAD\Cocos\TheW\20260615_HYQ\HYQ_Project\temp\programming\packer-driver\targets\editor\chunks\ce\ced31965a759b2c1d777a8f0d98f8cd326020d87.js resolved to D:\工程项目\PlayableAD\Cocos\TheW\20260615_HYQ\HYQ_Project\temp\programming\packer-driver\targets\editor\chunks\ce\ced31965a759b2c1d777a8f0d98f8cd326020d87.js is not in module cache!
2026-6-30 09:49:19-debug: D:\工程项目\PlayableAD\Cocos\TheW\20260615_HYQ\HYQ_Project\temp\programming\packer-driver\targets\editor\chunks\dc\dcc18999575bc7125a793680f1b595554e7f2cde.js resolved to D:\工程项目\PlayableAD\Cocos\TheW\20260615_HYQ\HYQ_Project\temp\programming\packer-driver\targets\editor\chunks\dc\dcc18999575bc7125a793680f1b595554e7f2cde.js is not in module cache!
2026-6-30 09:49:19-debug: [[Executor]] Register EffectRemoveBase
2026-6-30 09:49:19-debug: [[Executor]] Register EffectTimePartRemove
2026-6-30 09:49:19-debug: [[Executor]] Module "pack:///chunks/ce/ced31965a759b2c1d777a8f0d98f8cd326020d87.js" loaded.
2026-6-30 09:49:19-debug: [[Executor]] Module "pack:///chunks/dc/dcc18999575bc7125a793680f1b595554e7f2cde.js" loaded.
2026-6-30 09:49:19-debug: [[Executor]] Register EffectManager
2026-6-30 09:49:19-debug: [[Executor]] Module "pack:///chunks/b0/b0316da27abe29af9f8a517d28257bc913762f57.js" loaded.
2026-6-30 09:49:19-debug: [[Executor]] Register ColliderTag
2026-6-30 09:49:19-debug: [[Executor]] Module "pack:///chunks/4a/4a75ba705e89112b3bcc356e77985c7a095b80f4.js" loaded.
2026-6-30 09:49:19-debug: [[Executor]] Register BulletMonsterCollisionManager
2026-6-30 09:49:19-debug: [[Executor]] Register BulletBattle3D
2026-6-30 09:49:19-debug: [[Executor]] Module "pack:///chunks/e1/e13771ea8032dbc1728530af431c57de3b1e5e24.js" loaded.
2026-6-30 09:49:19-debug: [[Executor]] Module "pack:///chunks/a7/a78b9d0a8af4315011c59f40b6c49da033e49269.js" loaded.
2026-6-30 09:49:19-debug: [[Executor]] Register BattleTarget3D
2026-6-30 09:49:19-debug: [[Executor]] Module "pack:///chunks/9a/9a8786a747b555136cef77c9f5e7ad17e18a31eb.js" loaded.
2026-6-30 09:49:19-debug: [[Executor]] Register BulletCollideBase2D
2026-6-30 09:49:19-debug: [[Executor]] Module "pack:///chunks/bb/bb66609565f0d30fbedfe7ab7019decca8a2726b.js" loaded.
2026-6-30 09:49:19-debug: [[Executor]] Register BulletBattle2D
2026-6-30 09:49:19-debug: [[Executor]] Module "pack:///chunks/6c/6c35293030e947e52f03ea585990d17f31ea7df0.js" loaded.
2026-6-30 09:49:19-debug: [[Executor]] Register RangedAttack
2026-6-30 09:49:19-debug: [[Executor]] Module "pack:///chunks/43/4314f54defc530df4c3d4a14e3561038b8628ff3.js" loaded.
2026-6-30 09:49:19-debug: [[Executor]] Module "pack:///chunks/9b/9be30ad1a917cc0914201f1db5bdf1c5cb4d6e49.js" loaded.
2026-6-30 09:49:19-debug: D:\工程项目\PlayableAD\Cocos\TheW\20260615_HYQ\HYQ_Project\temp\programming\packer-driver\targets\editor\chunks\05\0510980ff6e9ad26ec622e2230780bc7f1d96f08.js resolved to D:\工程项目\PlayableAD\Cocos\TheW\20260615_HYQ\HYQ_Project\temp\programming\packer-driver\targets\editor\chunks\05\0510980ff6e9ad26ec622e2230780bc7f1d96f08.js is not in module cache!
2026-6-30 09:49:19-debug: D:\工程项目\PlayableAD\Cocos\TheW\20260615_HYQ\HYQ_Project\temp\programming\packer-driver\targets\editor\chunks\5b\5b626ae965dfc8bbf67ffe6dd329ea95c382afe6.js resolved to D:\工程项目\PlayableAD\Cocos\TheW\20260615_HYQ\HYQ_Project\temp\programming\packer-driver\targets\editor\chunks\5b\5b626ae965dfc8bbf67ffe6dd329ea95c382afe6.js is not in module cache!
2026-6-30 09:49:19-debug: D:\工程项目\PlayableAD\Cocos\TheW\20260615_HYQ\HYQ_Project\temp\programming\packer-driver\targets\editor\chunks\8a\8a4b23fc8904a55daa926fa9bf2d450c2c59d378.js resolved to D:\工程项目\PlayableAD\Cocos\TheW\20260615_HYQ\HYQ_Project\temp\programming\packer-driver\targets\editor\chunks\8a\8a4b23fc8904a55daa926fa9bf2d450c2c59d378.js is not in module cache!
2026-6-30 09:49:19-debug: [[Executor]] Module "pack:///chunks/8a/8a4b23fc8904a55daa926fa9bf2d450c2c59d378.js" loaded.
2026-6-30 09:49:19-debug: [[Executor]] Register BattleTarget2D
2026-6-30 09:49:19-debug: [[Executor]] Module "pack:///chunks/5b/5b626ae965dfc8bbf67ffe6dd329ea95c382afe6.js" loaded.
2026-6-30 09:49:19-debug: [[Executor]] Register TriggerBase2D
2026-6-30 09:49:19-debug: [[Executor]] Register CollectBattleTarger2D
2026-6-30 09:49:19-debug: [[Executor]] Module "pack:///chunks/05/0510980ff6e9ad26ec622e2230780bc7f1d96f08.js" loaded.
2026-6-30 09:49:19-debug: D:\工程项目\PlayableAD\Cocos\TheW\20260615_HYQ\HYQ_Project\temp\programming\packer-driver\targets\editor\chunks\6e\6e4d3e245933373fd13279940a5d6dee30418f49.js resolved to D:\工程项目\PlayableAD\Cocos\TheW\20260615_HYQ\HYQ_Project\temp\programming\packer-driver\targets\editor\chunks\6e\6e4d3e245933373fd13279940a5d6dee30418f49.js is not in module cache!
2026-6-30 09:49:19-debug: D:\工程项目\PlayableAD\Cocos\TheW\20260615_HYQ\HYQ_Project\temp\programming\packer-driver\targets\editor\chunks\05\05825d2a71d7765a90fbbdda8907aab57810f0a0.js resolved to D:\工程项目\PlayableAD\Cocos\TheW\20260615_HYQ\HYQ_Project\temp\programming\packer-driver\targets\editor\chunks\05\05825d2a71d7765a90fbbdda8907aab57810f0a0.js is not in module cache!
2026-6-30 09:49:19-debug: D:\工程项目\PlayableAD\Cocos\TheW\20260615_HYQ\HYQ_Project\temp\programming\packer-driver\targets\editor\chunks\f0\f05038aedf4d7805ad91dbf59f1c87fe35c23bb5.js resolved to D:\工程项目\PlayableAD\Cocos\TheW\20260615_HYQ\HYQ_Project\temp\programming\packer-driver\targets\editor\chunks\f0\f05038aedf4d7805ad91dbf59f1c87fe35c23bb5.js is not in module cache!
2026-6-30 09:49:19-debug: [[Executor]] Register BulletBatchRenderer
2026-6-30 09:49:19-debug: [[Executor]] Module "pack:///chunks/f0/f05038aedf4d7805ad91dbf59f1c87fe35c23bb5.js" loaded.
2026-6-30 09:49:19-debug: [[Executor]] Register AttackParkPlay
2026-6-30 09:49:19-debug: [[Executor]] Module "pack:///chunks/05/05825d2a71d7765a90fbbdda8907aab57810f0a0.js" loaded.
2026-6-30 09:49:19-debug: [[Executor]] Register RangeTowerAttack
2026-6-30 09:49:19-debug: [[Executor]] Module "pack:///chunks/6e/6e4d3e245933373fd13279940a5d6dee30418f49.js" loaded.
2026-6-30 09:49:19-debug: D:\工程项目\PlayableAD\Cocos\TheW\20260615_HYQ\HYQ_Project\temp\programming\packer-driver\targets\editor\chunks\fa\fad9c36dab7fd23cbd0b1b9ebcbd02e6023aaadd.js resolved to D:\工程项目\PlayableAD\Cocos\TheW\20260615_HYQ\HYQ_Project\temp\programming\packer-driver\targets\editor\chunks\fa\fad9c36dab7fd23cbd0b1b9ebcbd02e6023aaadd.js is not in module cache!
2026-6-30 09:49:19-debug: [[Executor]] Module "pack:///chunks/fa/fad9c36dab7fd23cbd0b1b9ebcbd02e6023aaadd.js" loaded.
2026-6-30 09:49:19-debug: [[Executor]] Register RangedAttack_Circle
2026-6-30 09:49:19-debug: D:\工程项目\PlayableAD\Cocos\TheW\20260615_HYQ\HYQ_Project\temp\programming\packer-driver\targets\editor\chunks\01\011c6605e93c83936bcaadc521a3f2df21bdd87a.js resolved to D:\工程项目\PlayableAD\Cocos\TheW\20260615_HYQ\HYQ_Project\temp\programming\packer-driver\targets\editor\chunks\01\011c6605e93c83936bcaadc521a3f2df21bdd87a.js is not in module cache!
2026-6-30 09:49:19-debug: [[Executor]] Register RangedAttack_Shrapnel
2026-6-30 09:49:19-debug: [[Executor]] Module "pack:///chunks/01/011c6605e93c83936bcaadc521a3f2df21bdd87a.js" loaded.
2026-6-30 09:49:19-debug: D:\工程项目\PlayableAD\Cocos\TheW\20260615_HYQ\HYQ_Project\temp\programming\packer-driver\targets\editor\chunks\7a\7a056ac353cd4f184635b76aa08c0d427085fda7.js resolved to D:\工程项目\PlayableAD\Cocos\TheW\20260615_HYQ\HYQ_Project\temp\programming\packer-driver\targets\editor\chunks\7a\7a056ac353cd4f184635b76aa08c0d427085fda7.js is not in module cache!
2026-6-30 09:49:19-debug: [[Executor]] Register BulletCollideBase3D
2026-6-30 09:49:19-debug: [[Executor]] Module "pack:///chunks/7a/7a056ac353cd4f184635b76aa08c0d427085fda7.js" loaded.
2026-6-30 09:49:19-debug: D:\工程项目\PlayableAD\Cocos\TheW\20260615_HYQ\HYQ_Project\temp\programming\packer-driver\targets\editor\chunks\11\1193ac27b94da532d27808ef712ed0fcd809d84d.js resolved to D:\工程项目\PlayableAD\Cocos\TheW\20260615_HYQ\HYQ_Project\temp\programming\packer-driver\targets\editor\chunks\11\1193ac27b94da532d27808ef712ed0fcd809d84d.js is not in module cache!
2026-6-30 09:49:19-debug: D:\工程项目\PlayableAD\Cocos\TheW\20260615_HYQ\HYQ_Project\temp\programming\packer-driver\targets\editor\chunks\03\031aac2e2ea93f03b5422269c22800e822715034.js resolved to D:\工程项目\PlayableAD\Cocos\TheW\20260615_HYQ\HYQ_Project\temp\programming\packer-driver\targets\editor\chunks\03\031aac2e2ea93f03b5422269c22800e822715034.js is not in module cache!
2026-6-30 09:49:19-debug: [[Executor]] Register TriggerBase3D
2026-6-30 09:49:19-debug: [[Executor]] Module "pack:///chunks/03/031aac2e2ea93f03b5422269c22800e822715034.js" loaded.
2026-6-30 09:49:19-debug: [[Executor]] Module "pack:///chunks/11/1193ac27b94da532d27808ef712ed0fcd809d84d.js" loaded.
2026-6-30 09:49:19-debug: [[Executor]] Register CollectBattleTarger3D
2026-6-30 09:49:19-debug: D:\工程项目\PlayableAD\Cocos\TheW\20260615_HYQ\HYQ_Project\temp\programming\packer-driver\targets\editor\chunks\29\2933ae65951958109aeb70104e6287b8240a8e01.js resolved to D:\工程项目\PlayableAD\Cocos\TheW\20260615_HYQ\HYQ_Project\temp\programming\packer-driver\targets\editor\chunks\29\2933ae65951958109aeb70104e6287b8240a8e01.js is not in module cache!
2026-6-30 09:49:19-debug: [[Executor]] Register EffectTimeRemove
2026-6-30 09:49:19-debug: [[Executor]] Module "pack:///chunks/29/2933ae65951958109aeb70104e6287b8240a8e01.js" loaded.
2026-6-30 09:49:19-debug: D:\工程项目\PlayableAD\Cocos\TheW\20260615_HYQ\HYQ_Project\temp\programming\packer-driver\targets\editor\chunks\cd\cd87286564d42a577ada1093f142b4db43415d61.js resolved to D:\工程项目\PlayableAD\Cocos\TheW\20260615_HYQ\HYQ_Project\temp\programming\packer-driver\targets\editor\chunks\cd\cd87286564d42a577ada1093f142b4db43415d61.js is not in module cache!
2026-6-30 09:49:19-debug: [[Executor]] Module "pack:///chunks/cd/cd87286564d42a577ada1093f142b4db43415d61.js" loaded.
2026-6-30 09:49:19-debug: [[Executor]] Register GuideLine
2026-6-30 09:49:19-debug: D:\工程项目\PlayableAD\Cocos\TheW\20260615_HYQ\HYQ_Project\temp\programming\packer-driver\targets\editor\chunks\dd\ddf9ec67bc21176ab14fd7bef2d6099af7cab4e3.js resolved to D:\工程项目\PlayableAD\Cocos\TheW\20260615_HYQ\HYQ_Project\temp\programming\packer-driver\targets\editor\chunks\dd\ddf9ec67bc21176ab14fd7bef2d6099af7cab4e3.js is not in module cache!
2026-6-30 09:49:19-debug: D:\工程项目\PlayableAD\Cocos\TheW\20260615_HYQ\HYQ_Project\temp\programming\packer-driver\targets\editor\chunks\12\120cba8f856407335ad8a04347cd4d36bf752a1e.js resolved to D:\工程项目\PlayableAD\Cocos\TheW\20260615_HYQ\HYQ_Project\temp\programming\packer-driver\targets\editor\chunks\12\120cba8f856407335ad8a04347cd4d36bf752a1e.js is not in module cache!
2026-6-30 09:49:19-debug: D:\工程项目\PlayableAD\Cocos\TheW\20260615_HYQ\HYQ_Project\temp\programming\packer-driver\targets\editor\chunks\6b\6b5ef849a8a91f0cd956b88818795e47d9431e29.js resolved to D:\工程项目\PlayableAD\Cocos\TheW\20260615_HYQ\HYQ_Project\temp\programming\packer-driver\targets\editor\chunks\6b\6b5ef849a8a91f0cd956b88818795e47d9431e29.js is not in module cache!
2026-6-30 09:49:19-debug: D:\工程项目\PlayableAD\Cocos\TheW\20260615_HYQ\HYQ_Project\temp\programming\packer-driver\targets\editor\chunks\7c\7cb3e78818d3ca7420c127c4f13ad5587e5cc5d3.js resolved to D:\工程项目\PlayableAD\Cocos\TheW\20260615_HYQ\HYQ_Project\temp\programming\packer-driver\targets\editor\chunks\7c\7cb3e78818d3ca7420c127c4f13ad5587e5cc5d3.js is not in module cache!
2026-6-30 09:49:19-debug: D:\工程项目\PlayableAD\Cocos\TheW\20260615_HYQ\HYQ_Project\temp\programming\packer-driver\targets\editor\chunks\78\7875e58dc11de4424867c114cd71cf4d379fd7ce.js resolved to D:\工程项目\PlayableAD\Cocos\TheW\20260615_HYQ\HYQ_Project\temp\programming\packer-driver\targets\editor\chunks\78\7875e58dc11de4424867c114cd71cf4d379fd7ce.js is not in module cache!
2026-6-30 09:49:19-debug: D:\工程项目\PlayableAD\Cocos\TheW\20260615_HYQ\HYQ_Project\temp\programming\packer-driver\targets\editor\chunks\6b\6bf6369babd500e0802aeb38d4c346ae3462ef8b.js resolved to D:\工程项目\PlayableAD\Cocos\TheW\20260615_HYQ\HYQ_Project\temp\programming\packer-driver\targets\editor\chunks\6b\6bf6369babd500e0802aeb38d4c346ae3462ef8b.js is not in module cache!
2026-6-30 09:49:19-debug: D:\工程项目\PlayableAD\Cocos\TheW\20260615_HYQ\HYQ_Project\temp\programming\packer-driver\targets\editor\chunks\2c\2c40d59e1ac0050bfd5e4aece9657278c88a4b47.js resolved to D:\工程项目\PlayableAD\Cocos\TheW\20260615_HYQ\HYQ_Project\temp\programming\packer-driver\targets\editor\chunks\2c\2c40d59e1ac0050bfd5e4aece9657278c88a4b47.js is not in module cache!
2026-6-30 09:49:19-debug: D:\工程项目\PlayableAD\Cocos\TheW\20260615_HYQ\HYQ_Project\temp\programming\packer-driver\targets\editor\chunks\aa\aa6223cf35796d09344450a14919ad24c61174bb.js resolved to D:\工程项目\PlayableAD\Cocos\TheW\20260615_HYQ\HYQ_Project\temp\programming\packer-driver\targets\editor\chunks\aa\aa6223cf35796d09344450a14919ad24c61174bb.js is not in module cache!
2026-6-30 09:49:19-debug: D:\工程项目\PlayableAD\Cocos\TheW\20260615_HYQ\HYQ_Project\temp\programming\packer-driver\targets\editor\chunks\e2\e2cd37831230a7474a5c89ec9f0764c2d6ce1581.js resolved to D:\工程项目\PlayableAD\Cocos\TheW\20260615_HYQ\HYQ_Project\temp\programming\packer-driver\targets\editor\chunks\e2\e2cd37831230a7474a5c89ec9f0764c2d6ce1581.js is not in module cache!
2026-6-30 09:49:19-debug: D:\工程项目\PlayableAD\Cocos\TheW\20260615_HYQ\HYQ_Project\temp\programming\packer-driver\targets\editor\chunks\c1\c14c87720f6e6e7b27f438925fae2cc2d4587268.js resolved to D:\工程项目\PlayableAD\Cocos\TheW\20260615_HYQ\HYQ_Project\temp\programming\packer-driver\targets\editor\chunks\c1\c14c87720f6e6e7b27f438925fae2cc2d4587268.js is not in module cache!
2026-6-30 09:49:19-debug: D:\工程项目\PlayableAD\Cocos\TheW\20260615_HYQ\HYQ_Project\temp\programming\packer-driver\targets\editor\chunks\fb\fb231b7b47c244832aa3ed0055e0ff4d6bda9530.js resolved to D:\工程项目\PlayableAD\Cocos\TheW\20260615_HYQ\HYQ_Project\temp\programming\packer-driver\targets\editor\chunks\fb\fb231b7b47c244832aa3ed0055e0ff4d6bda9530.js is not in module cache!
2026-6-30 09:49:19-debug: D:\工程项目\PlayableAD\Cocos\TheW\20260615_HYQ\HYQ_Project\temp\programming\packer-driver\targets\editor\chunks\ac\ac0e66d1df96447f3ea6b579b5067cb87a880d84.js resolved to D:\工程项目\PlayableAD\Cocos\TheW\20260615_HYQ\HYQ_Project\temp\programming\packer-driver\targets\editor\chunks\ac\ac0e66d1df96447f3ea6b579b5067cb87a880d84.js is not in module cache!
2026-6-30 09:49:19-debug: D:\工程项目\PlayableAD\Cocos\TheW\20260615_HYQ\HYQ_Project\temp\programming\packer-driver\targets\editor\chunks\1e\1e9839fb85f612fea3030115a5d65b742de2db50.js resolved to D:\工程项目\PlayableAD\Cocos\TheW\20260615_HYQ\HYQ_Project\temp\programming\packer-driver\targets\editor\chunks\1e\1e9839fb85f612fea3030115a5d65b742de2db50.js is not in module cache!
2026-6-30 09:49:19-debug: [[Executor]] Register FbxManager
2026-6-30 09:49:19-debug: [[Executor]] Module "pack:///chunks/6b/6b5ef849a8a91f0cd956b88818795e47d9431e29.js" loaded.
2026-6-30 09:49:19-debug: [[Executor]] Register Role
2026-6-30 09:49:19-debug: [[Executor]] Module "pack:///chunks/78/7875e58dc11de4424867c114cd71cf4d379fd7ce.js" loaded.
2026-6-30 09:49:19-debug: [[Executor]] Module "pack:///chunks/1e/1e9839fb85f612fea3030115a5d65b742de2db50.js" loaded.
2026-6-30 09:49:19-debug: [[Executor]] Register GameOverPanel
2026-6-30 09:49:19-debug: [[Executor]] Module "pack:///chunks/fb/fb231b7b47c244832aa3ed0055e0ff4d6bda9530.js" loaded.
2026-6-30 09:49:19-debug: [[Executor]] Register Player
2026-6-30 09:49:19-debug: [[Executor]] Module "pack:///chunks/6b/6bf6369babd500e0802aeb38d4c346ae3462ef8b.js" loaded.
2026-6-30 09:49:19-debug: [[Executor]] Register MonsterBattleTaerget
2026-6-30 09:49:19-debug: [[Executor]] Module "pack:///chunks/12/120cba8f856407335ad8a04347cd4d36bf752a1e.js" loaded.
2026-6-30 09:49:19-debug: [[Executor]] Module "pack:///chunks/2c/2c40d59e1ac0050bfd5e4aece9657278c88a4b47.js" loaded.
2026-6-30 09:49:19-debug: [[Executor]] Register ArmsInfo
2026-6-30 09:49:19-debug: [[Executor]] Module "pack:///chunks/aa/aa6223cf35796d09344450a14919ad24c61174bb.js" loaded.
2026-6-30 09:49:19-debug: [[Executor]] Register PropArms
2026-6-30 09:49:19-debug: [[Executor]] Module "pack:///chunks/ac/ac0e66d1df96447f3ea6b579b5067cb87a880d84.js" loaded.
2026-6-30 09:49:19-debug: [[Executor]] Register PropLalianGate
2026-6-30 09:49:19-debug: [[Executor]] Register PropBrand
2026-6-30 09:49:19-debug: [[Executor]] Module "pack:///chunks/c1/c14c87720f6e6e7b27f438925fae2cc2d4587268.js" loaded.
2026-6-30 09:49:19-debug: [[Executor]] Module "pack:///chunks/e2/e2cd37831230a7474a5c89ec9f0764c2d6ce1581.js" loaded.
2026-6-30 09:49:19-debug: [[Executor]] Register CreatePropBrand
2026-6-30 09:49:19-debug: [[Executor]] Register MonsterCreateQueue
2026-6-30 09:49:19-debug: [[Executor]] Register MonsterCreate
2026-6-30 09:49:19-debug: [[Executor]] Register MonsterCreateInfo
2026-6-30 09:49:19-debug: [[Executor]] Module "pack:///chunks/7c/7cb3e78818d3ca7420c127c4f13ad5587e5cc5d3.js" loaded.
2026-6-30 09:49:19-debug: [[Executor]] Register GuideManager
2026-6-30 09:49:19-debug: [[Executor]] Module "pack:///chunks/dd/ddf9ec67bc21176ab14fd7bef2d6099af7cab4e3.js" loaded.
2026-6-30 09:49:19-debug: D:\工程项目\PlayableAD\Cocos\TheW\20260615_HYQ\HYQ_Project\temp\programming\packer-driver\targets\editor\chunks\7d\7d88e9fa4d49091167d5648112015c50cab8c311.js resolved to D:\工程项目\PlayableAD\Cocos\TheW\20260615_HYQ\HYQ_Project\temp\programming\packer-driver\targets\editor\chunks\7d\7d88e9fa4d49091167d5648112015c50cab8c311.js is not in module cache!
2026-6-30 09:49:19-debug: [[Executor]] Register ArmsUp
2026-6-30 09:49:19-debug: [[Executor]] Module "pack:///chunks/7d/7d88e9fa4d49091167d5648112015c50cab8c311.js" loaded.
2026-6-30 09:49:19-debug: D:\工程项目\PlayableAD\Cocos\TheW\20260615_HYQ\HYQ_Project\temp\programming\packer-driver\targets\editor\chunks\d0\d08abfe279c9195afbafb261981128dda32fee17.js resolved to D:\工程项目\PlayableAD\Cocos\TheW\20260615_HYQ\HYQ_Project\temp\programming\packer-driver\targets\editor\chunks\d0\d08abfe279c9195afbafb261981128dda32fee17.js is not in module cache!
2026-6-30 09:49:19-debug: [[Executor]] Register PropTireGate
2026-6-30 09:49:19-debug: [[Executor]] Module "pack:///chunks/d0/d08abfe279c9195afbafb261981128dda32fee17.js" loaded.
2026-6-30 09:49:19-debug: D:\工程项目\PlayableAD\Cocos\TheW\20260615_HYQ\HYQ_Project\temp\programming\packer-driver\targets\editor\chunks\e4\e49d377195f0f6ca8039098e5e76d909c726c89c.js resolved to D:\工程项目\PlayableAD\Cocos\TheW\20260615_HYQ\HYQ_Project\temp\programming\packer-driver\targets\editor\chunks\e4\e49d377195f0f6ca8039098e5e76d909c726c89c.js is not in module cache!
2026-6-30 09:49:19-debug: [[Executor]] Register RockerUI
2026-6-30 09:49:19-debug: [[Executor]] Module "pack:///chunks/c8/c8d2fc621a68aadf290b9938ae81f70dbefcc8d6.js" loaded.
2026-6-30 09:49:19-debug: D:\工程项目\PlayableAD\Cocos\TheW\20260615_HYQ\HYQ_Project\temp\programming\packer-driver\targets\editor\chunks\c8\c8d2fc621a68aadf290b9938ae81f70dbefcc8d6.js resolved to D:\工程项目\PlayableAD\Cocos\TheW\20260615_HYQ\HYQ_Project\temp\programming\packer-driver\targets\editor\chunks\c8\c8d2fc621a68aadf290b9938ae81f70dbefcc8d6.js is not in module cache!
2026-6-30 09:49:19-debug: [[Executor]] Register RockerMouseEvent
2026-6-30 09:49:19-debug: [[Executor]] Module "pack:///chunks/e4/e49d377195f0f6ca8039098e5e76d909c726c89c.js" loaded.
2026-6-30 09:49:19-debug: D:\工程项目\PlayableAD\Cocos\TheW\20260615_HYQ\HYQ_Project\temp\programming\packer-driver\targets\editor\chunks\41\41b6ef284e15d0779c96601cab9a95a7c5e5919b.js resolved to D:\工程项目\PlayableAD\Cocos\TheW\20260615_HYQ\HYQ_Project\temp\programming\packer-driver\targets\editor\chunks\41\41b6ef284e15d0779c96601cab9a95a7c5e5919b.js is not in module cache!
2026-6-30 09:49:19-debug: D:\工程项目\PlayableAD\Cocos\TheW\20260615_HYQ\HYQ_Project\temp\programming\packer-driver\targets\editor\chunks\5f\5fd5284b513982ea020d8e9513905cac6e75919a.js resolved to D:\工程项目\PlayableAD\Cocos\TheW\20260615_HYQ\HYQ_Project\temp\programming\packer-driver\targets\editor\chunks\5f\5fd5284b513982ea020d8e9513905cac6e75919a.js is not in module cache!
2026-6-30 09:49:19-debug: D:\工程项目\PlayableAD\Cocos\TheW\20260615_HYQ\HYQ_Project\temp\programming\packer-driver\targets\editor\chunks\1b\1b6bd2739873dc60bb0e67b18f2ae1f3b116fb07.js resolved to D:\工程项目\PlayableAD\Cocos\TheW\20260615_HYQ\HYQ_Project\temp\programming\packer-driver\targets\editor\chunks\1b\1b6bd2739873dc60bb0e67b18f2ae1f3b116fb07.js is not in module cache!
2026-6-30 09:49:19-debug: D:\工程项目\PlayableAD\Cocos\TheW\20260615_HYQ\HYQ_Project\temp\programming\packer-driver\targets\editor\chunks\c4\c409a49d391cd0107339e604abf784bacdef4b02.js resolved to D:\工程项目\PlayableAD\Cocos\TheW\20260615_HYQ\HYQ_Project\temp\programming\packer-driver\targets\editor\chunks\c4\c409a49d391cd0107339e604abf784bacdef4b02.js is not in module cache!
2026-6-30 09:49:19-debug: [[Executor]] Register ShoppIngEvent
2026-6-30 09:49:19-debug: [[Executor]] Module "pack:///chunks/c4/c409a49d391cd0107339e604abf784bacdef4b02.js" loaded.
2026-6-30 09:49:19-debug: [[Executor]] Module "pack:///chunks/5f/5fd5284b513982ea020d8e9513905cac6e75919a.js" loaded.
2026-6-30 09:49:19-debug: [[Executor]] Register Shopping
2026-6-30 09:49:19-debug: [[Executor]] Module "pack:///chunks/1b/1b6bd2739873dc60bb0e67b18f2ae1f3b116fb07.js" loaded.
2026-6-30 09:49:19-debug: [[Executor]] Register BuyWayBase
2026-6-30 09:49:19-debug: [[Executor]] Register BuyWay2D
2026-6-30 09:49:19-debug: [[Executor]] Module "pack:///chunks/41/41b6ef284e15d0779c96601cab9a95a7c5e5919b.js" loaded.
2026-6-30 09:49:19-debug: D:\工程项目\PlayableAD\Cocos\TheW\20260615_HYQ\HYQ_Project\temp\programming\packer-driver\targets\editor\chunks\99\9957d51b35d223fa476f8f6dcd2b5d011a93ab2f.js resolved to D:\工程项目\PlayableAD\Cocos\TheW\20260615_HYQ\HYQ_Project\temp\programming\packer-driver\targets\editor\chunks\99\9957d51b35d223fa476f8f6dcd2b5d011a93ab2f.js is not in module cache!
2026-6-30 09:49:19-debug: [[Executor]] Register BuyWay3D
2026-6-30 09:49:19-debug: [[Executor]] Module "pack:///chunks/99/9957d51b35d223fa476f8f6dcd2b5d011a93ab2f.js" loaded.
2026-6-30 09:49:19-debug: D:\工程项目\PlayableAD\Cocos\TheW\20260615_HYQ\HYQ_Project\temp\programming\packer-driver\targets\editor\chunks\d8\d87351923699bbc0b3bf2e76b9d6665983f7b324.js resolved to D:\工程项目\PlayableAD\Cocos\TheW\20260615_HYQ\HYQ_Project\temp\programming\packer-driver\targets\editor\chunks\d8\d87351923699bbc0b3bf2e76b9d6665983f7b324.js is not in module cache!
2026-6-30 09:49:19-debug: [[Executor]] Register ShoppingItem
2026-6-30 09:49:19-debug: [[Executor]] Register Shopping_Super
2026-6-30 09:49:19-debug: [[Executor]] Module "pack:///chunks/d8/d87351923699bbc0b3bf2e76b9d6665983f7b324.js" loaded.
2026-6-30 09:49:19-debug: D:\工程项目\PlayableAD\Cocos\TheW\20260615_HYQ\HYQ_Project\temp\programming\packer-driver\targets\editor\chunks\b8\b8ff2efe0a5ef0b3134c1c0a100a2fc7e48d38e3.js resolved to D:\工程项目\PlayableAD\Cocos\TheW\20260615_HYQ\HYQ_Project\temp\programming\packer-driver\targets\editor\chunks\b8\b8ff2efe0a5ef0b3134c1c0a100a2fc7e48d38e3.js is not in module cache!
2026-6-30 09:49:19-debug: [[Executor]] Module "pack:///chunks/b8/b8ff2efe0a5ef0b3134c1c0a100a2fc7e48d38e3.js" loaded.
2026-6-30 09:49:19-debug: [[Executor]] Register FrameAnimManager
2026-6-30 09:49:19-debug: D:\工程项目\PlayableAD\Cocos\TheW\20260615_HYQ\HYQ_Project\temp\programming\packer-driver\targets\editor\chunks\83\8354ac407215243163174d3e83d4cdab306051e3.js resolved to D:\工程项目\PlayableAD\Cocos\TheW\20260615_HYQ\HYQ_Project\temp\programming\packer-driver\targets\editor\chunks\83\8354ac407215243163174d3e83d4cdab306051e3.js is not in module cache!
2026-6-30 09:49:19-debug: [[Executor]] Module "pack:///chunks/83/8354ac407215243163174d3e83d4cdab306051e3.js" loaded.
2026-6-30 09:49:19-debug: [[Executor]] Register FrameManager
2026-6-30 09:49:19-debug: D:\工程项目\PlayableAD\Cocos\TheW\20260615_HYQ\HYQ_Project\temp\programming\packer-driver\targets\editor\chunks\84\848ca7bc3c110f0554094ecf01b3a37b01ea9dfd.js resolved to D:\工程项目\PlayableAD\Cocos\TheW\20260615_HYQ\HYQ_Project\temp\programming\packer-driver\targets\editor\chunks\84\848ca7bc3c110f0554094ecf01b3a37b01ea9dfd.js is not in module cache!
2026-6-30 09:49:19-debug: [[Executor]] Register UIButtonEvent
2026-6-30 09:49:19-debug: [[Executor]] Module "pack:///chunks/84/848ca7bc3c110f0554094ecf01b3a37b01ea9dfd.js" loaded.
2026-6-30 09:49:19-debug: D:\工程项目\PlayableAD\Cocos\TheW\20260615_HYQ\HYQ_Project\temp\programming\packer-driver\targets\editor\chunks\7e\7ece20e41250ede0e4707962498ddfd8c4453b24.js resolved to D:\工程项目\PlayableAD\Cocos\TheW\20260615_HYQ\HYQ_Project\temp\programming\packer-driver\targets\editor\chunks\7e\7ece20e41250ede0e4707962498ddfd8c4453b24.js is not in module cache!
2026-6-30 09:49:19-debug: D:\工程项目\PlayableAD\Cocos\TheW\20260615_HYQ\HYQ_Project\temp\programming\packer-driver\targets\editor\chunks\23\23f4bc413c460b50ee5cc83636bb099609a379fd.js resolved to D:\工程项目\PlayableAD\Cocos\TheW\20260615_HYQ\HYQ_Project\temp\programming\packer-driver\targets\editor\chunks\23\23f4bc413c460b50ee5cc83636bb099609a379fd.js is not in module cache!
2026-6-30 09:49:19-debug: D:\工程项目\PlayableAD\Cocos\TheW\20260615_HYQ\HYQ_Project\temp\programming\packer-driver\targets\editor\chunks\4a\4a434c55814df4d84e6cd9fee04d3f21bfa74070.js resolved to D:\工程项目\PlayableAD\Cocos\TheW\20260615_HYQ\HYQ_Project\temp\programming\packer-driver\targets\editor\chunks\4a\4a434c55814df4d84e6cd9fee04d3f21bfa74070.js is not in module cache!
2026-6-30 09:49:19-debug: D:\工程项目\PlayableAD\Cocos\TheW\20260615_HYQ\HYQ_Project\temp\programming\packer-driver\targets\editor\chunks\e9\e9668b02254f4db9826696b9dfb6914087bee6cc.js resolved to D:\工程项目\PlayableAD\Cocos\TheW\20260615_HYQ\HYQ_Project\temp\programming\packer-driver\targets\editor\chunks\e9\e9668b02254f4db9826696b9dfb6914087bee6cc.js is not in module cache!
2026-6-30 09:49:19-debug: D:\工程项目\PlayableAD\Cocos\TheW\20260615_HYQ\HYQ_Project\temp\programming\packer-driver\targets\editor\chunks\95\95d64f4c8aa166ee79b72d7add5021b420a7ce33.js resolved to D:\工程项目\PlayableAD\Cocos\TheW\20260615_HYQ\HYQ_Project\temp\programming\packer-driver\targets\editor\chunks\95\95d64f4c8aa166ee79b72d7add5021b420a7ce33.js is not in module cache!
2026-6-30 09:49:19-debug: [[Executor]] Module "pack:///chunks/95/95d64f4c8aa166ee79b72d7add5021b420a7ce33.js" loaded.
2026-6-30 09:49:19-debug: [[Executor]] Register StutterCheck
2026-6-30 09:49:19-debug: [[Executor]] Module "pack:///chunks/e9/e9668b02254f4db9826696b9dfb6914087bee6cc.js" loaded.
2026-6-30 09:49:19-debug: [[Executor]] Module "pack:///chunks/7e/7ece20e41250ede0e4707962498ddfd8c4453b24.js" loaded.
2026-6-30 09:49:19-debug: [[Executor]] Module "pack:///chunks/4a/4a434c55814df4d84e6cd9fee04d3f21bfa74070.js" loaded.
2026-6-30 09:49:19-debug: [[Executor]] Module "pack:///chunks/23/23f4bc413c460b50ee5cc83636bb099609a379fd.js" loaded.
2026-6-30 09:49:19-debug: D:\工程项目\PlayableAD\Cocos\TheW\20260615_HYQ\HYQ_Project\temp\programming\packer-driver\targets\editor\chunks\4d\4d68417d37cd80fe73d65d56dfe11dd26e9ef91a.js resolved to D:\工程项目\PlayableAD\Cocos\TheW\20260615_HYQ\HYQ_Project\temp\programming\packer-driver\targets\editor\chunks\4d\4d68417d37cd80fe73d65d56dfe11dd26e9ef91a.js is not in module cache!
2026-6-30 09:49:19-debug: [[Executor]] Module "pack:///chunks/4d/4d68417d37cd80fe73d65d56dfe11dd26e9ef91a.js" loaded.
2026-6-30 09:49:19-debug: [[Executor]] Module "pack:///chunks/6d/6d8fd2b0177941b032ddc0733af48a561fb60657.js" loaded.
2026-6-30 09:49:19-debug: Incremental keys: regeneratorRuntime,b2jsb
2026-6-30 09:49:19-debug: Init bundle share assets start..., progress: 9%
2026-6-30 09:49:19-debug: Init bundle share assets start..., progress: 13%
2026-6-30 09:49:19-debug: [[Executor]] after unlock
2026-6-30 09:49:19-warn: The AnimationClip used by component "CameraMove" in scene "Game_3D-002" is missing. Detailed information:Node path: "Camera"Asset url: "db://assets/Scene/Game_3D-002"Missing uuid: "c6316384-dbb5-4431-ad4a-4c00d3092298@73b7f"
2026-6-30 09:49:19-warn: The AnimationClip used by component "CameraMove" in scene "Game_3D-002" is missing. Detailed information:Node path: "Camera"Asset url: "db://assets/Scene/Game_3D-002"Missing uuid: "c6316384-dbb5-4431-ad4a-4c00d3092298@73b7f"
2026-6-30 09:49:19-warn: The AnimationClip used by component "CameraMove" in scene "Game_3D-002" is missing. Detailed information:Node path: "Camera"Asset url: "db://assets/Scene/Game_3D-002"Missing uuid: "c6316384-dbb5-4431-ad4a-4c00d3092298@73b7f"
2026-6-30 09:49:19-warn: The Mesh used by component "cc.MeshRenderer" in prefab "Role_1" is missing. Detailed information:Node path: "Role_1/New Node/Bip001 Prop1 Socket/jiateling01"Asset url: "db://assets/GameRes/Prefab/Role_1"Missing uuid: "03189dd5-73dd-4e52-8644-1ff1a122b972@18a45"
2026-6-30 09:49:19-warn: The Mesh used by component "cc.MeshRenderer" in prefab "Role_2" is missing. Detailed information:Node path: "Role_2/New Node/Bip001 Prop1 Socket/jiateling01"Asset url: "db://assets/GameRes/Prefab/Role_2"Missing uuid: "03189dd5-73dd-4e52-8644-1ff1a122b972@18a45"
2026-6-30 09:49:19-warn: The Mesh used by component "cc.MeshRenderer" in prefab "Role_2" is missing. Detailed information:Node path: "Role_2/New Node/Bip001 Prop1 Socket/jiateling01"Asset url: "db://assets/GameRes/Prefab/Role_2"Missing uuid: "03189dd5-73dd-4e52-8644-1ff1a122b972@18a45"
2026-6-30 09:49:20-debug: Init bundle share assets success..., progress: 9%
2026-6-30 09:49:20-debug: Init bundle share assets success..., progress: 13%
2026-6-30 09:49:20-debug: handle json group in bundle internal
2026-6-30 09:49:20-debug: handle json group in bundle internal success
2026-6-30 09:49:20-debug: handle json group in bundle resources
2026-6-30 09:49:20-debug: handle json group in bundle main
2026-6-30 09:49:20-debug: init image compress task 0 in bundle internal
2026-6-30 09:49:20-debug: handle json group in bundle resources success
2026-6-30 09:49:20-debug: init image compress task 0 in bundle resources
2026-6-30 09:49:20-debug: [json-group] check self or raw asset, skip. 799add5f-4370-4ee6-b0a4-aca1ebcd06a3 depended by 799add5f-4370-4ee6-b0a4-aca1ebcd06a3 has checked in raw asset 799add5f-4370-4ee6-b0a4-aca1ebcd06a3/bundle(main)}
2026-6-30 09:49:20-debug: [json-group] check self or raw asset, skip. f96153eb-6f89-4aad-b84b-808954761c02 depended by f96153eb-6f89-4aad-b84b-808954761c02 has checked in raw asset b5805d3a-3b80-4a12-adf5-588e63a7d886/bundle(main)}
2026-6-30 09:49:20-debug: [json-group] check self or raw asset, skip. 799add5f-4370-4ee6-b0a4-aca1ebcd06a3 depended by 799add5f-4370-4ee6-b0a4-aca1ebcd06a3 has checked in raw asset b5805d3a-3b80-4a12-adf5-588e63a7d886/bundle(main)}
2026-6-30 09:49:20-debug: handle json group in bundle main success
2026-6-30 09:49:20-debug: [json-group] check self or raw asset, skip. f96153eb-6f89-4aad-b84b-808954761c02 depended by f96153eb-6f89-4aad-b84b-808954761c02 has checked in raw asset f96153eb-6f89-4aad-b84b-808954761c02/bundle(main)}
2026-6-30 09:49:20-debug: init image compress task 0 in bundle main
2026-6-30 09:49:20-debug: // ---- build task 查询 Asset Bundle ---- (744ms)
2026-6-30 09:49:20-log: run build task 查询 Asset Bundle success in 744 ms√, progress: 14%
2026-6-30 09:49:20-debug: [Build Memory track]: 查询 Asset Bundle start:254.60MB, end 253.70MB, increase: -928.24KB
2026-6-30 09:49:20-debug: // ---- build task 查询 Asset Bundle ----
2026-6-30 09:49:20-debug: 查询 Asset Bundle start, progress: 14%
2026-6-30 09:49:20-debug: // ---- build task 查询 Asset Bundle ---- (53ms)
2026-6-30 09:49:20-log: run build task 查询 Asset Bundle success in 53 ms√, progress: 19%
2026-6-30 09:49:20-debug: [Build Memory track]: 查询 Asset Bundle start:253.73MB, end 254.01MB, increase: 283.71KB
2026-6-30 09:49:20-debug: // ---- build task 打包脚本 ----
2026-6-30 09:49:20-debug: 打包脚本 start, progress: 19%
2026-6-30 09:49:21-log: [buildPolyfillsCommand]enter sub process 12780, 9229, see: chrome://inspect/#devices
2026-6-30 09:49:29-debug: execute-script-end with buildPolyfillsCommand 8535ms
2026-6-30 09:49:29-debug: Generate systemJs..., progress: 19%
2026-6-30 09:49:35-debug: execute-script-end with buildSystemJsCommand 6162ms
2026-6-30 09:49:35-debug: 构建项目脚本 start..., progress: 19%
2026-6-30 09:49:35-debug: 构建项目脚本 start..., progress: 13%
2026-6-30 09:49:39-warn: [buildScriptCommand][[Build.Script.Rollup]] Circular dependency: file:///D:/%E5%B7%A5%E7%A8%8B%E9%A1%B9%E7%9B%AE/PlayableAD/Cocos/TheW/20260615_HYQ/HYQ_Project/assets/Script/functionS/Jump/JumpManager.ts -> file:///D:/%E5%B7%A5%E7%A8%8B%E9%A1%B9%E7%9B%AE/PlayableAD/Cocos/TheW/20260615_HYQ/HYQ_Project/assets/Script/functionS/Jump/JumpDriveEngine.ts -> file:///D:/%E5%B7%A5%E7%A8%8B%E9%A1%B9%E7%9B%AE/PlayableAD/Cocos/TheW/20260615_HYQ/HYQ_Project/assets/Script/functionS/Jump/JumpManager.ts
2026-6-30 09:49:39-warn: [buildScriptCommand][[Build.Script.Rollup]] Circular dependency: file:///D:/%E5%B7%A5%E7%A8%8B%E9%A1%B9%E7%9B%AE/PlayableAD/Cocos/TheW/20260615_HYQ/HYQ_Project/assets/Script/functionS/Other/PropArms.ts -> file:///D:/%E5%B7%A5%E7%A8%8B%E9%A1%B9%E7%9B%AE/PlayableAD/Cocos/TheW/20260615_HYQ/HYQ_Project/assets/Script/functionS/Monster/MonsterCreate.ts -> file:///D:/%E5%B7%A5%E7%A8%8B%E9%A1%B9%E7%9B%AE/PlayableAD/Cocos/TheW/20260615_HYQ/HYQ_Project/assets/Script/functionS/Other/PropArms.ts[warning][[Build.Script.Rollup]] Circular dependency: file:///D:/%E5%B7%A5%E7%A8%8B%E9%A1%B9%E7%9B%AE/PlayableAD/Cocos/TheW/20260615_HYQ/HYQ_Project/extensions/super-packager/package_assets/JiangYv/PBASDK-v3/PrintComponent.ts -> file:///D:/%E5%B7%A5%E7%A8%8B%E9%A1%B9%E7%9B%AE/PlayableAD/Cocos/TheW/20260615_HYQ/HYQ_Project/extensions/super-packager/package_assets/JiangYv/PBASDK-v3/StutterCheck.ts -> file:///D:/%E5%B7%A5%E7%A8%8B%E9%A1%B9%E7%9B%AE/PlayableAD/Cocos/TheW/20260615_HYQ/HYQ_Project/extensions/super-packager/package_assets/JiangYv/PBASDK-v3/PrintComponent.ts
2026-6-30 09:49:47-log: [buildScriptCommand]Number of non-entry chunks: 3
2026-6-30 09:49:47-debug: execute-script-end with buildScriptCommand 12151ms
2026-6-30 09:49:47-debug: Copy externalScripts success!
2026-6-30 09:49:47-debug: 构建项目脚本 in (12220 ms) √, progress: 19%
2026-6-30 09:49:47-debug: 构建项目脚本 in (12220 ms) √, progress: 13%
2026-6-30 09:49:47-debug: 构建引擎脚本 start..., progress: 19%
2026-6-30 09:49:47-debug: mangleProperties is enabled, found engine-mangle-config.json, use it
2026-6-30 09:49:47-debug: Engine cache (C:\Users\Admin\AppData\Local\Temp\CocosCreator\3.8.7\builder\engine\a154ee511c93165416d720dbd46d8d34) does not exist.
2026-6-30 09:49:47-debug: Cache is invalid, start build engine with options: {  "incremental": "C:\\Users\\Admin\\AppData\\Local\\Temp\\CocosCreator\\3.8.7\\builder\\engine\\a154ee511c93165416d720dbd46d8d34.watch-files.json",  "engine": "C:\\ProgramData\\cocos\\editors\\Creator\\3.8.7\\resources\\resources\\3d\\engine",  "out": "C:\\Users\\Admin\\AppData\\Local\\Temp\\CocosCreator\\3.8.7\\builder\\engine\\a154ee511c93165416d720dbd46d8d34",  "moduleFormat": "system",  "compress": true,  "nativeCodeBundleMode": "asmjs",  "assetURLFormat": "runtime-resolved",  "sourceMap": false,  "loose": true,  "features": [    "2d",    "3d",    "animation",    "audio",    "base",    "custom-pipeline",    "gfx-webgl",    "gfx-webgl2",    "graphics",    "particle",    "physics-2d-box2d",    "physics-ammo",    "primitive",    "profiler",    "skeletal-animation",    "tween",    "ui",    "custom-pipeline-builtin-scripts"  ],  "platform": "HTML5",  "flags": {    "DEBUG": false,    "LOAD_BULLET_MANUALLY": false,    "LOAD_SPINE_MANUALLY": false,    "WEBGPU": false  },  "mode": "BUILD",  "metaFile": "C:\\Users\\Admin\\AppData\\Local\\Temp\\CocosCreator\\3.8.7\\builder\\engine\\a154ee511c93165416d720dbd46d8d34.meta\\meta.json",  "wasmCompressionMode": false,  "inlineEnum": true,  "mangleProperties": false,  "mangleConfigJsonMtime": 0}
2026-6-30 09:49:47-debug: md5String: debug=false,sourceMaps=false,includeModules=["2d","3d","animation","audio","base","custom-pipeline","gfx-webgl","gfx-webgl2","graphics","particle","physics-2d-box2d","physics-ammo","primitive","profiler","skeletal-animation","tween","ui","custom-pipeline-builtin-scripts"],engineVersion="3.8.7",platformType="HTML5",split=false,nativeCodeBundleMode="asmjs",targets=undefined,entry="C:\\ProgramData\\cocos\\editors\\Creator\\3.8.7\\resources\\resources\\3d\\engine",noDeprecatedFeatures=undefined,loose=true,assetURLFormat="runtime-resolved",flags={"DEBUG":false,"LOAD_BULLET_MANUALLY":false,"LOAD_SPINE_MANUALLY":false,"WEBGPU":false},preserveType=undefined,wasmCompressionMode=false,enableNamedRegisterForSystemJSModuleFormat=undefined,mangleProperties=false,inlineEnum=true,
2026-6-30 09:49:47-debug: mangleProperties is disabled, platform: HTML5
2026-6-30 09:49:48-debug: Error: Exit process with code:null, signal:SIGTERM in task build-script    at ChildProcess.<anonymous> (C:\ProgramData\cocos\editors\Creator\3.8.7\resources\app.asar\builtin\builder\dist\worker\worker-pools\sub-process-manager.ccc:1:2409)    at ChildProcess.emit (node:events:519:28)    at Process.ChildProcess._handle.onexit (node:internal/child_process:294:12)
2026-6-30 09:49:49-log: [buildEngineCommand]enter sub process 22728, 9229, see: chrome://inspect/#devices
2026-6-30 09:49:51-log: [buildEngineCommand]start build engine with options: {"engine":"C:\\ProgramData\\cocos\\editors\\Creator\\3.8.7\\resources\\resources\\3d\\engine","out":"C:\\Users\\Admin\\AppData\\Local\\Temp\\CocosCreator\\3.8.7\\builder\\engine\\a154ee511c93165416d720dbd46d8d34","platform":"HTML5","moduleFormat":"system","compress":true,"split":false,"nativeCodeBundleMode":"asmjs","assetURLFormat":"runtime-resolved","noDeprecatedFeatures":false,"sourceMap":false,"features":["2d","3d","animation","audio","base","custom-pipeline","gfx-webgl","gfx-webgl2","graphics","particle","physics-2d-box2d","physics-ammo","primitive","profiler","skeletal-animation","tween","ui","custom-pipeline-builtin-scripts"],"loose":true,"mode":"BUILD","flags":{"DEBUG":false,"LOAD_BULLET_MANUALLY":false,"LOAD_SPINE_MANUALLY":false,"WEBGPU":false},"metaFile":"C:\\Users\\Admin\\AppData\\Local\\Temp\\CocosCreator\\3.8.7\\builder\\engine\\a154ee511c93165416d720dbd46d8d34.meta\\meta.json","mangleProperties":false,"inlineEnum":true,"incremental":"C:\\Users\\Admin\\AppData\\Local\\Temp\\CocosCreator\\3.8.7\\builder\\engine\\a154ee511c93165416d720dbd46d8d34.watch-files.json","wasmCompressionMode":false,"mangleConfigJsonMtime":0}
2026-6-30 09:49:51-log: [buildEngineCommand]Module source "internal-constants":function tryDefineGlobal (name, value) {    const _global = typeof window === 'undefined' ? global : window;    if (typeof _global[name] === 'undefined') {        return (_global[name] = value);    } else {        // eslint-disable-next-line @typescript-eslint/no-unsafe-return        return _global[name];    }}export const HTML5 = true;export const NATIVE = false;export const ANDROID = false;export const IOS = false;export const MAC = false;export const WINDOWS = false;export const LINUX = false;export const OHOS = false;export const OPEN_HARMONY = false;export const WECHAT = false;tryDefineGlobal('CC_WECHAT', false);export const WECHAT_MINI_PROGRAM = false;export const XIAOMI = false;tryDefineGlobal('CC_XIAOMI', false);export const ALIPAY = false;tryDefineGlobal('CC_ALIPAY', false);export const TAOBAO = false;export const TAOBAO_MINIGAME = false;export const BYTEDANCE = false;tryDefineGlobal('CC_BYTEDANCE', false);export const OPPO = false;tryDefineGlobal('CC_OPPO', false);export const VIVO = false;tryDefineGlobal('CC_VIVO', false);export const HUAWEI = false;tryDefineGlobal('CC_HUAWEI', false);export const MIGU = false;tryDefineGlobal('CC_MIGU', false);export const HONOR = false;tryDefineGlobal('CC_HONOR', false);export const COCOS_RUNTIME = false;tryDefineGlobal('CC_COCOS_RUNTIME', false);export const EDITOR = false;tryDefineGlobal('CC_EDITOR', false);export const EDITOR_NOT_IN_PREVIEW = false;export const PREVIEW = false;tryDefineGlobal('CC_PREVIEW', false);export const BUILD = true;tryDefineGlobal('CC_BUILD', true);export const TEST = false;tryDefineGlobal('CC_TEST', false);export const DEBUG = false;tryDefineGlobal('CC_DEBUG', false);export const SERVER_MODE = false;export const DEV = false;tryDefineGlobal('CC_DEV', false);export const MINIGAME = false;tryDefineGlobal('CC_MINIGAME', false);export const RUNTIME_BASED = false;tryDefineGlobal('CC_RUNTIME_BASED', false);export const SUPPORT_JIT = true;tryDefineGlobal('CC_SUPPORT_JIT', true);export const JSB = false;tryDefineGlobal('CC_JSB', false);export const NOT_PACK_PHYSX_LIBS = false;export const NET_MODE = 0;export const WEBGPU = false;export const NATIVE_CODE_BUNDLE_MODE = 0;export const WASM_SUBPACKAGE = false;export const CULL_MESHOPT = true;export const LOAD_SPINE_MANUALLY = false;export const LOAD_BOX2D_MANUALLY = false;export const LOAD_BULLET_MANUALLY = false;export const LOAD_PHYSX_MANUALLY = false;export const USE_3D = true;export const USE_UI_SKEW = false;export const USE_XR = false;export const USE_SORTING_2D = false;
2026-6-30 09:49:51-log: [buildEngineCommand]Module source "cc":export * from 'C:\\ProgramData\\cocos\\editors\\Creator\\3.8.7\\resources\\resources\\3d\\engine\\exports\\2d.ts';export * from 'C:\\ProgramData\\cocos\\editors\\Creator\\3.8.7\\resources\\resources\\3d\\engine\\exports\\sorting.ts';export * from 'C:\\ProgramData\\cocos\\editors\\Creator\\3.8.7\\resources\\resources\\3d\\engine\\exports\\3d.ts';export * from 'C:\\ProgramData\\cocos\\editors\\Creator\\3.8.7\\resources\\resources\\3d\\engine\\exports\\animation.ts';export * from 'C:\\ProgramData\\cocos\\editors\\Creator\\3.8.7\\resources\\resources\\3d\\engine\\exports\\audio.ts';export * from 'C:\\ProgramData\\cocos\\editors\\Creator\\3.8.7\\resources\\resources\\3d\\engine\\exports\\base.ts';export * from 'C:\\ProgramData\\cocos\\editors\\Creator\\3.8.7\\resources\\resources\\3d\\engine\\exports\\custom-pipeline.ts';export * from 'C:\\ProgramData\\cocos\\editors\\Creator\\3.8.7\\resources\\resources\\3d\\engine\\exports\\gfx-webgl.ts';export * from 'C:\\ProgramData\\cocos\\editors\\Creator\\3.8.7\\resources\\resources\\3d\\engine\\exports\\gfx-webgl2.ts';export * from 'C:\\ProgramData\\cocos\\editors\\Creator\\3.8.7\\resources\\resources\\3d\\engine\\exports\\graphics.ts';export * from 'C:\\ProgramData\\cocos\\editors\\Creator\\3.8.7\\resources\\resources\\3d\\engine\\exports\\particle.ts';export * from 'C:\\ProgramData\\cocos\\editors\\Creator\\3.8.7\\resources\\resources\\3d\\engine\\exports\\physics-2d-box2d.ts';export * from 'C:\\ProgramData\\cocos\\editors\\Creator\\3.8.7\\resources\\resources\\3d\\engine\\exports\\physics-2d-framework.ts';export * from 'C:\\ProgramData\\cocos\\editors\\Creator\\3.8.7\\resources\\resources\\3d\\engine\\exports\\physics-ammo.ts';export * from 'C:\\ProgramData\\cocos\\editors\\Creator\\3.8.7\\resources\\resources\\3d\\engine\\exports\\physics-framework.ts';export * from 'C:\\ProgramData\\cocos\\editors\\Creator\\3.8.7\\resources\\resources\\3d\\engine\\exports\\primitive.ts';export * from 'C:\\ProgramData\\cocos\\editors\\Creator\\3.8.7\\resources\\resources\\3d\\engine\\exports\\profiler.ts';export * from 'C:\\ProgramData\\cocos\\editors\\Creator\\3.8.7\\resources\\resources\\3d\\engine\\exports\\skeletal-animation.ts';export * from 'C:\\ProgramData\\cocos\\editors\\Creator\\3.8.7\\resources\\resources\\3d\\engine\\exports\\tween.ts';export * from 'C:\\ProgramData\\cocos\\editors\\Creator\\3.8.7\\resources\\resources\\3d\\engine\\exports\\ui.ts';
2026-6-30 09:50:27-log: [buildEngineCommand]Redirect module pal/system-info to C:\ProgramData\cocos\editors\Creator\3.8.7\resources\resources\3d\engine\pal\system-info\web\system-info.ts
2026-6-30 09:50:28-log: [buildEngineCommand]Redirect module C:\ProgramData\cocos\editors\Creator\3.8.7\resources\resources\3d\engine\cocos\2d\renderer\native-2d.ts to C:\ProgramData\cocos\editors\Creator\3.8.7\resources\resources\3d\engine\cocos\2d\renderer\native-2d-empty.ts
2026-6-30 09:50:30-log: [buildEngineCommand]Redirect module internal:native to C:\ProgramData\cocos\editors\Creator\3.8.7\resources\resources\3d\engine\cocos\native-binding\impl.ts
2026-6-30 09:50:36-log: [buildEngineCommand]Redirect module pal/screen-adapter to C:\ProgramData\cocos\editors\Creator\3.8.7\resources\resources\3d\engine\pal\screen-adapter\web\screen-adapter.ts
2026-6-30 09:50:37-log: [buildEngineCommand]Redirect module pal/env to C:\ProgramData\cocos\editors\Creator\3.8.7\resources\resources\3d\engine\pal\env\web\env.ts
2026-6-30 09:50:37-log: [buildEngineCommand]Redirect module pal/pacer to C:\ProgramData\cocos\editors\Creator\3.8.7\resources\resources\3d\engine\pal\pacer\pacer-web.ts
2026-6-30 09:50:39-log: [buildEngineCommand]Redirect module pal/input to C:\ProgramData\cocos\editors\Creator\3.8.7\resources\resources\3d\engine\pal\input\web\index.ts
2026-6-30 09:50:39-log: [buildEngineCommand]Redirect module C:\ProgramData\cocos\editors\Creator\3.8.7\resources\resources\3d\engine\cocos\animation\marionette\runtime-exports.ts to C:\ProgramData\cocos\editors\Creator\3.8.7\resources\resources\3d\engine\cocos\animation\marionette\index-empty.ts
2026-6-30 09:50:40-log: [buildEngineCommand]Redirect module pal/wasm to C:\ProgramData\cocos\editors\Creator\3.8.7\resources\resources\3d\engine\pal\wasm\wasm-web.ts
2026-6-30 09:50:41-log: [buildEngineCommand]Redirect module pal/audio to C:\ProgramData\cocos\editors\Creator\3.8.7\resources\resources\3d\engine\pal\audio\web\player.ts
2026-6-30 09:50:41-log: [buildEngineCommand]Redirect module pal/minigame to C:\ProgramData\cocos\editors\Creator\3.8.7\resources\resources\3d\engine\pal\minigame\non-minigame.ts
2026-6-30 09:50:52-log: [buildEngineCommand]==== Performance ====
2026-6-30 09:50:52-log: [buildEngineCommand]{"# BUILD":[45887.664399999994,1467862188,1641200828],"## initialize":[20375.701500000003,415097432,588441824],"- plugin 6 (node-resolve) - buildStart":[0.0885999999991327,-170656,173363592],"- plugin 8 (commonjs) - buildStart":[0.028299999998125713,3312,173367748],"- plugin 9 (@cocos/typescript) - buildStart":[20375.513799999997,415071680,588439832],"## generate module graph":[21476.496100000004,967312124,1555754536],"- plugin 0 (commonjs--resolver) - resolveId":[21.399399999994785,4375588,1554092316],"- plugin 1 (@cocos/ccbuild|external-loader) - resolveId":[11.842700000153854,-3411116,1553117308],"- plugin 2 (@cocos/ccbuild|module-overrides) - resolveId":[10.638499999935448,637960,1553122852],"- plugin 3 (virtual) - resolveId":[23.046800000287476,1655252,1553124632],"- plugin 1 (@cocos/ccbuild|external-loader) - load":[2.5253000000011525,412364,1554111136],"- plugin 2 (@cocos/ccbuild|module-overrides) - load":[4.655399999996007,709228,1554112300],"- plugin 3 (virtual) - load":[1.5278999999645748,181624,1554112796],"- plugin 7 (json) - transform":[3.3220999999830383,542884,1554117160],"- plugin 8 (commonjs) - transform":[642.6739000000453,37045516,1554118460],"- plugin 10 (babel) - transform":[159.39800000017567,16114112,1554119988],"generate ast":[1209.373400000004,249660556,1554126216],"- plugin 4 (@cocos/ccbuild|module-query-plugin) - resolveId":[12.525999999903433,3190504,1553163120],"- plugin 5 (ts-paths) - resolveId":[7.193400000047404,1106616,1553237784],"- plugin 9 (@cocos/typescript) - resolveId":[2215.93439999954,49302696,1553350248],"- plugin 10 (babel) - resolveId":[1.7448000000658794,102284,1553364700],"- plugin 6 (node-resolve) - resolveId":[3.181999999920663,411276,1453910036],"- plugin 6 (node-resolve) - load":[1.4880999999440974,-329244,1554113300],"- plugin 8 (commonjs) - load":[1.8756000000503263,17444,1554114284],"- plugin 9 (@cocos/typescript) - load":[29.91500000009546,-2390156,1453937992],"- plugin 10 (babel) - load":[144.07869999999093,4863484,1453938652],"## sort and bind modules":[261.53190000000177,19448900,1575203508],"## mark included statements":[3761.4150999999983,65420456,1640623996],"treeshaking pass 1":[871.8087999999989,44845932,1620293248],"treeshaking pass 2":[471.23309999999765,8870696,1629163976],"treeshaking pass 3":[194.3173999999999,3915232,1633079240],"treeshaking pass 4":[149.13060000000405,-1522552,1631556720],"treeshaking pass 5":[139.9126000000033,-882088,1630674664],"treeshaking pass 6":[600.4509000000035,11302472,1641977168],"treeshaking pass 7":[254.53659999999945,1292496,1643269696],"treeshaking pass 8":[175.65639999999985,-858268,1642411460],"treeshaking pass 9":[154.80049999999756,-4125604,1638285888],"treeshaking pass 10":[150.107600000003,2506180,1640792100],"treeshaking pass 11":[149.29439999999886,1915172,1642707304],"treeshaking pass 12":[151.39999999999418,2627268,1645334604],"treeshaking pass 13":[149.4644000000044,-6481092,1638853544],"treeshaking pass 14":[148.2583999999988,1770156,1640623732],"- plugin 8 (commonjs) - buildEnd":[0.00819999999657739,244,1640626680],"- plugin 9 (@cocos/typescript) - buildEnd":[12.27440000000206,573072,1641199784]}====             ====
2026-6-30 09:51:19-debug: execute-script-end with buildEngineCommand 90805ms
2026-6-30 09:51:19-debug: build engine done: output: C:\Users\Admin\AppData\Local\Temp\CocosCreator\3.8.7\builder\engine\a154ee511c93165416d720dbd46d8d34
2026-6-30 09:51:19-debug: 构建引擎脚本 in (91655 ms) √, progress: 19%
2026-6-30 09:51:19-debug: Copy plugin script ..., progress: 19%
2026-6-30 09:51:19-debug: Generate import-map..., progress: 19%
2026-6-30 09:51:19-debug: // ---- build task 打包脚本 ---- (119035ms)
2026-6-30 09:51:19-log: run build task 打包脚本 success in 1 min 59 s√, progress: 24%
2026-6-30 09:51:19-debug: [Build Memory track]: 打包脚本 start:254.17MB, end 251.99MB, increase: -2233.25KB
2026-6-30 09:51:19-debug: // ---- build task Build Assets ----
2026-6-30 09:51:19-debug: Build bundles..., progress: 24%
2026-6-30 09:51:19-debug: Build Assets start, progress: 24%
2026-6-30 09:51:19-debug: Pack Images start, progress: 24%
2026-6-30 09:51:19-debug: Pack Images start, progress: 13%
2026-6-30 09:51:19-debug: Number of pac assets: 3
2026-6-30 09:51:19-debug: Error: Exit process with code:null, signal:SIGTERM in task build-engine    at ChildProcess.<anonymous> (C:\ProgramData\cocos\editors\Creator\3.8.7\resources\app.asar\builtin\builder\dist\worker\worker-pools\sub-process-manager.ccc:1:2409)    at ChildProcess.emit (node:events:519:28)    at Process.ChildProcess._handle.onexit (node:internal/child_process:294:12)
2026-6-30 09:51:19-debug: Start trim sprite image ...
2026-6-30 09:51:19-debug: Start trim sprite image ...
2026-6-30 09:51:19-debug: determine atlas size...
2026-6-30 09:51:19-debug: Start generate atlas image...
2026-6-30 09:51:19-debug: determine atlas size...
2026-6-30 09:51:19-debug: Start generate atlas image...
2026-6-30 09:51:19-debug: Number of pack results: 2
2026-6-30 09:51:19-debug: start collect depend assets in pac17513a27-4f11-4047-a0be-8d0cb6187b9e
2026-6-30 09:51:19-debug: start collect depend assets in pacb74fc0c2-4c67-4dd4-8d74-9612ad56cfb1
2026-6-30 09:51:19-debug: start sort bundle in pac17513a27-4f11-4047-a0be-8d0cb6187b9e
2026-6-30 09:51:19-debug: end sort bundle in pacb74fc0c2-4c67-4dd4-8d74-9612ad56cfb1
2026-6-30 09:51:19-debug: end sort bundle in pac17513a27-4f11-4047-a0be-8d0cb6187b9e
2026-6-30 09:51:19-debug: start sort bundle in pacb74fc0c2-4c67-4dd4-8d74-9612ad56cfb1
2026-6-30 09:51:19-debug: builder:pack-auto-atlas-image (322ms)
2026-6-30 09:51:19-debug: Compress image start..., progress: 24%
2026-6-30 09:51:19-debug: Pack Images success, progress: 13%
2026-6-30 09:51:19-debug: Pack Images success, progress: 24%
2026-6-30 09:51:19-debug: Compress image start..., progress: 13%
2026-6-30 09:51:19-debug: sort compress task {}
2026-6-30 09:51:19-debug: No image need to compress
2026-6-30 09:51:19-debug: Num of all image compress task 0, really: 0, configTasks: 0
2026-6-30 09:51:19-debug: Compress image success..., progress: 24%
2026-6-30 09:51:19-debug: Compress image success..., progress: 13%
2026-6-30 09:51:19-debug: Output asset in bundles start, progress: 24%
2026-6-30 09:51:19-debug: Output asset in bundles start, progress: 13%
2026-6-30 09:51:19-debug: handle json group
2026-6-30 09:51:19-debug: Handle all json groups in bundle internal
2026-6-30 09:51:19-debug: Handle all json groups in bundle resources
2026-6-30 09:51:19-debug: handle json group
2026-6-30 09:51:19-debug: Handle all json groups in bundle main
2026-6-30 09:51:19-debug: handle json group
2026-6-30 09:51:19-debug: Json group(033f45a16) compile success，json number: 6
2026-6-30 09:51:19-debug: Json group(0b54f34d0) compile success，json number: 6
2026-6-30 09:51:19-debug: handle single json
2026-6-30 09:51:19-debug: Json group(0765dd8b4) compile success，json number: 6
2026-6-30 09:51:19-debug: Json group(0a84a1761) compile success，json number: 6
2026-6-30 09:51:19-debug: Json group(09e986d7f) compile success，json number: 6
2026-6-30 09:51:19-debug: Json group(0a8b38f43) compile success，json number: 6
2026-6-30 09:51:20-debug: Json group(0bd960b15) compile success，json number: 6
2026-6-30 09:51:20-debug: Json group(05a6ba422) compile success，json number: 6
2026-6-30 09:51:20-debug: handle single json
2026-6-30 09:51:20-debug: Json group(05d786f3c) compile success，json number: 6
2026-6-30 09:51:20-debug: Json group(0b4a73f10) compile success，json number: 6
2026-6-30 09:51:20-debug: Json group(0d36bcfd0) compile success，json number: 6
2026-6-30 09:51:20-debug: Json group(0939f5774) compile success，json number: 6
2026-6-30 09:51:20-debug: Json group(04d1efb95) compile success，json number: 6
2026-6-30 09:51:20-debug: Json group(05ff4bf9a) compile success，json number: 6
2026-6-30 09:51:20-debug: Json group(058888a4d) compile success，json number: 6
2026-6-30 09:51:20-debug: Json group(0aa2d87de) compile success，json number: 6
2026-6-30 09:51:20-debug: Json group(0936a916b) compile success，json number: 6
2026-6-30 09:51:20-debug: Json group(0b3e0b1ce) compile success，json number: 6
2026-6-30 09:51:20-debug: Json group(03bca836c) compile success，json number: 6
2026-6-30 09:51:20-debug: Json group(018f8689b) compile success，json number: 6
2026-6-30 09:51:20-debug: Json group(09f4a3c5f) compile success，json number: 6
2026-6-30 09:51:20-debug: Json group(0573d1736) compile success，json number: 6
2026-6-30 09:51:20-warn: The Mesh used by component "cc.MeshRenderer" in prefab "Role_2" is missing. Detailed information:Node path: "Role_2/New Node/Bip001 Prop1 Socket/jiateling01"Asset url: "db://assets/GameRes/Prefab/Role_2"Missing uuid: "03189dd5-73dd-4e52-8644-1ff1a122b972@18a45"
2026-6-30 09:51:20-warn: The Mesh used by component "cc.MeshRenderer" in prefab "Role_2" is missing. Detailed information:Node path: "Role_2/New Node/Bip001 Prop1 Socket/jiateling01"Asset url: "db://assets/GameRes/Prefab/Role_2"Missing uuid: "03189dd5-73dd-4e52-8644-1ff1a122b972@18a45"
2026-6-30 09:51:20-debug: Json group(0d1405e99) compile success，json number: 6
2026-6-30 09:51:20-debug: Json group(0fbb3d0d7) compile success，json number: 6
2026-6-30 09:51:20-debug: Json group(0b756a9e5) compile success，json number: 6
2026-6-30 09:51:20-debug: Json group(0acdaf410) compile success，json number: 6
2026-6-30 09:51:20-debug: Json group(045d59844) compile success，json number: 6
2026-6-30 09:51:20-debug: Json group(03d712220) compile success，json number: 6
2026-6-30 09:51:20-debug: Json group(0418d0963) compile success，json number: 6
2026-6-30 09:51:20-debug: Json group(0d46b5455) compile success，json number: 6
2026-6-30 09:51:20-debug: Json group(0d76502e0) compile success，json number: 6
2026-6-30 09:51:20-warn: The AnimationClip used by component "CameraMove" in scene "Game_3D-002" is missing. Detailed information:Node path: "Camera"Asset url: "db://assets/Scene/Game_3D-002"Missing uuid: "c6316384-dbb5-4431-ad4a-4c00d3092298@73b7f"
2026-6-30 09:51:20-warn: The AnimationClip used by component "CameraMove" in scene "Game_3D-002" is missing. Detailed information:Node path: "Camera"Asset url: "db://assets/Scene/Game_3D-002"Missing uuid: "c6316384-dbb5-4431-ad4a-4c00d3092298@73b7f"
2026-6-30 09:51:20-warn: The AnimationClip used by component "CameraMove" in scene "Game_3D-002" is missing. Detailed information:Node path: "Camera"Asset url: "db://assets/Scene/Game_3D-002"Missing uuid: "c6316384-dbb5-4431-ad4a-4c00d3092298@73b7f"
2026-6-30 09:51:21-warn: The Mesh used by component "cc.MeshRenderer" in prefab "Role_1" is missing. Detailed information:Node path: "Role_1/New Node/Bip001 Prop1 Socket/jiateling01"Asset url: "db://assets/GameRes/Prefab/Role_1"Missing uuid: "03189dd5-73dd-4e52-8644-1ff1a122b972@18a45"
2026-6-30 09:51:21-debug: Json group(015d25184) compile success，json number: 6
2026-6-30 09:51:21-debug: Json group(05744dfbc) compile success，json number: 6
2026-6-30 09:51:21-debug: handle single json
2026-6-30 09:51:21-debug: Output asset in bundles success, progress: 24%
2026-6-30 09:51:21-debug: Output asset in bundles success, progress: 13%
2026-6-30 09:51:21-debug: Output asset in bundles start, progress: 24%
2026-6-30 09:51:21-debug: compress config of bundle internal...
2026-6-30 09:51:21-debug: Output asset in bundles start, progress: 13%
2026-6-30 09:51:21-debug: compress config of bundle internal success
2026-6-30 09:51:21-debug: compress config of bundle resources...
2026-6-30 09:51:21-debug: compress config of bundle resources success
2026-6-30 09:51:21-debug: compress config of bundle main success
2026-6-30 09:51:21-debug: output config of bundle internal
2026-6-30 09:51:21-debug: compress config of bundle main...
2026-6-30 09:51:21-debug: output config of bundle resources success
2026-6-30 09:51:21-debug: output config of bundle main
2026-6-30 09:51:21-debug: output config of bundle main success
2026-6-30 09:51:21-debug: Output asset in bundles success, progress: 24%
2026-6-30 09:51:21-debug: Output asset in bundles success, progress: 13%
2026-6-30 09:51:21-debug: output config of bundle internal success
2026-6-30 09:51:21-debug: output config of bundle resources
2026-6-30 09:51:21-debug: // ---- build task Build Assets ---- (2649ms)
2026-6-30 09:51:21-log: run build task Build Assets success in 2 s√, progress: 29%
2026-6-30 09:51:21-debug: [Build Memory track]: Build Assets start:252.04MB, end 271.50MB, increase: 19.46MB
2026-6-30 09:51:21-debug: 整理部分构建选项内数据到 settings.json start, progress: 29%
2026-6-30 09:51:21-debug: // ---- build task 整理部分构建选项内数据到 settings.json ----
2026-6-30 09:51:21-debug: // ---- build task 整理部分构建选项内数据到 settings.json ---- (54ms)
2026-6-30 09:51:21-log: run build task 整理部分构建选项内数据到 settings.json success in 54 ms√, progress: 31%
2026-6-30 09:51:21-debug: // ---- build task 填充脚本数据到 settings.json ----
2026-6-30 09:51:21-debug: [Build Memory track]: 整理部分构建选项内数据到 settings.json start:271.62MB, end 271.70MB, increase: 83.89KB
2026-6-30 09:51:21-debug: 填充脚本数据到 settings.json start, progress: 31%
2026-6-30 09:51:21-debug: // ---- build task 填充脚本数据到 settings.json ---- (66ms)
2026-6-30 09:51:21-debug: [Build Memory track]: 填充脚本数据到 settings.json start:271.75MB, end 271.83MB, increase: 85.06KB
2026-6-30 09:51:21-log: run build task 填充脚本数据到 settings.json success in 66 ms√, progress: 32%
2026-6-30 09:51:21-debug: 整理部分构建选项内数据到 settings.json start, progress: 32%
2026-6-30 09:51:21-debug: // ---- build task 整理部分构建选项内数据到 settings.json ----
2026-6-30 09:51:23-debug: // ---- build task 整理部分构建选项内数据到 settings.json ---- (1355ms)
2026-6-30 09:51:23-log: run build task 整理部分构建选项内数据到 settings.json success in 1 s√, progress: 34%
2026-6-30 09:51:23-debug: // ---- build task web-mobile：onBeforeCompressSettings ----
2026-6-30 09:51:23-debug: [Build Memory track]: 整理部分构建选项内数据到 settings.json start:271.88MB, end 272.04MB, increase: 167.55KB
2026-6-30 09:51:23-debug: web-mobile:(onBeforeCompressSettings) start..., progress: 34%
2026-6-30 09:51:23-debug: // ---- build task web-mobile：onBeforeCompressSettings ---- (46ms)
2026-6-30 09:51:23-debug: web-mobile:(onBeforeCompressSettings) in 46 ms ✓, progress: 36%
2026-6-30 09:51:23-debug: cocos-service:(onBeforeCompressSettings) start..., progress: 36%
2026-6-30 09:51:23-debug: // ---- build task cocos-service：onBeforeCompressSettings ----
2026-6-30 09:51:23-debug: // ---- build task cocos-service：onBeforeCompressSettings ---- (148ms)
2026-6-30 09:51:23-debug: cocos-service:(onBeforeCompressSettings) in 148 ms ✓, progress: 38%
2026-6-30 09:51:23-debug: super-packager:(onBeforeCompressSettings) start..., progress: 38%
2026-6-30 09:51:23-debug: // ---- build task super-packager：onBeforeCompressSettings ----
2026-6-30 09:51:23-log: [SUPER_PACKAGE]onBeforeCompressSettings
2026-6-30 09:51:23-debug: // ---- build task super-packager：onBeforeCompressSettings ---- (51ms)
2026-6-30 09:51:23-debug: 整理静态模板文件 start, progress: 40%
2026-6-30 09:51:23-debug: // ---- build task 整理静态模板文件 ----
2026-6-30 09:51:23-debug: super-packager:(onBeforeCompressSettings) in 51 ms ✓, progress: 40%
2026-6-30 09:51:23-debug: // ---- build task 整理静态模板文件 ---- (223ms)
2026-6-30 09:51:23-log: run build task 整理静态模板文件 success in 223 ms√, progress: 45%
2026-6-30 09:51:23-debug: // ---- build task cocos-service：onAfterCompressSettings ----
2026-6-30 09:51:23-debug: [Build Memory track]: 整理静态模板文件 start:272.49MB, end 268.36MB, increase: -4227.29KB
2026-6-30 09:51:23-debug: cocos-service:(onAfterCompressSettings) start..., progress: 45%
2026-6-30 09:51:23-debug: // ---- build task cocos-service：onAfterCompressSettings ---- (109ms)
2026-6-30 09:51:23-debug: cocos-service:(onAfterCompressSettings) in 109 ms ✓, progress: 46%
2026-6-30 09:51:23-debug: super-packager:(onAfterCompressSettings) start..., progress: 46%
2026-6-30 09:51:23-debug: // ---- build task super-packager：onAfterCompressSettings ----
2026-6-30 09:51:23-log: [SUPER_PACKAGE]onAfterCompressSettings
2026-6-30 09:51:23-debug: // ---- build task super-packager：onAfterCompressSettings ---- (51ms)
2026-6-30 09:51:23-debug: super-packager:(onAfterCompressSettings) in 51 ms ✓, progress: 48%
2026-6-30 09:51:23-debug: web-mobile:(onBeforeCopyBuildTemplate) start..., progress: 48%
2026-6-30 09:51:23-debug: // ---- build task web-mobile：onBeforeCopyBuildTemplate ----
2026-6-30 09:51:24-debug: // ---- build task web-mobile：onBeforeCopyBuildTemplate ---- (915ms)
2026-6-30 09:51:24-debug: web-mobile:(onBeforeCopyBuildTemplate) in 915 ms ✓, progress: 50%
2026-6-30 09:51:24-debug: 给所有的资源加上 MD5 后缀 start, progress: 50%
2026-6-30 09:51:24-debug: // ---- build task 给所有的资源加上 MD5 后缀 ----
2026-6-30 09:51:24-debug: // ---- build task 给所有的资源加上 MD5 后缀 ---- (65ms)
2026-6-30 09:51:24-debug: [Build Memory track]: 给所有的资源加上 MD5 后缀 start:271.73MB, end 271.83MB, increase: 103.69KB
2026-6-30 09:51:24-log: run build task 给所有的资源加上 MD5 后缀 success in 65 ms√, progress: 60%
2026-6-30 09:51:24-debug: // ---- build task web-mobile：onAfterBuild ----
2026-6-30 09:51:24-debug: web-mobile:(onAfterBuild) start..., progress: 60%
2026-6-30 09:51:25-debug: // ---- build task web-mobile：onAfterBuild ---- (56ms)
2026-6-30 09:51:25-debug: cocos-service:(onAfterBuild) start..., progress: 62%
2026-6-30 09:51:25-debug: web-mobile:(onAfterBuild) in 56 ms ✓, progress: 62%
2026-6-30 09:51:25-debug: // ---- build task cocos-service：onAfterBuild ----
2026-6-30 09:51:25-debug: // ---- build task cocos-service：onAfterBuild ---- (156ms)
2026-6-30 09:51:25-debug: cocos-service:(onAfterBuild) in 156 ms ✓, progress: 64%
2026-6-30 09:51:25-debug: adsense-h5g-plugin:(onAfterBuild) start..., progress: 64%
2026-6-30 09:51:25-debug: // ---- build task adsense-h5g-plugin：onAfterBuild ----
2026-6-30 09:51:25-debug: // ---- build task adsense-h5g-plugin：onAfterBuild ---- (60ms)
2026-6-30 09:51:25-debug: // ---- build task super-html：onAfterBuild ----
2026-6-30 09:51:25-debug: adsense-h5g-plugin:(onAfterBuild) in 60 ms ✓, progress: 65%
2026-6-30 09:51:25-debug: super-html:(onAfterBuild) start..., progress: 65%
2026-6-30 09:51:25-log: [super-html] : -- start --
2026-6-30 09:51:25-log: [super-html] : engine version 3.8.7
2026-6-30 09:51:25-log: [super-html] : s_input_dir D:\工程项目\PlayableAD\Cocos\TheW\20260615_HYQ\HYQ_Project\build\web-mobile
2026-6-30 09:51:25-log: [super-html] : s_out_dir D:\工程项目\PlayableAD\Cocos\TheW\20260615_HYQ\HYQ_Project\build\super-html
2026-6-30 09:51:30-debug: // ---- build task super-html：onAfterBuild ---- (5131ms)
2026-6-30 09:51:30-log: [SUPER_PACKAGE]onAfterBuild
2026-6-30 09:51:30-debug: super-html:(onAfterBuild) in 5131 ms ✓, progress: 67%
2026-6-30 09:51:30-debug: // ---- build task super-packager：onAfterBuild ----
2026-6-30 09:51:30-debug: super-packager:(onAfterBuild) start..., progress: 67%
2026-6-30 09:51:30-debug: // ---- build task super-packager：onAfterBuild ---- (85ms)
2026-6-30 09:51:30-debug: super-packager:(onAfterBuild) in 85 ms ✓, progress: 69%
2026-6-30 09:51:30-log: Asset DB is resume!
2026-6-30 09:51:31-debug: builder:build-project-total (132441ms)
2026-6-30 09:51:31-debug: build task(web-mobile) in 132441!
2026-6-30 09:51:31-debug: [Build Memory track]: builder:build-project-total start:254.91MB, end 287.59MB, increase: 32.68MB
2026-6-30 09:51:31-debug: ================================ build Task (web-mobile) Finished in (2 min 12 s)ms ================================
2026-6-30 09:51:31-debug: Stop record console. {file(D:\工程项目\PlayableAD\Cocos\TheW\20260615_HYQ\HYQ_Project\temp\builder\log\web-mobile2026-6-30 09-49.log)}
2026-6-30 09:51:31-warn: The Mesh used by component "cc.MeshRenderer" in prefab "Role_2" is missing. Detailed information:Node path: "Role_2/New Node/Bip001 Prop1 Socket/jiateling01"Asset url: "db://assets/GameRes/Prefab/Role_2"Missing uuid: "03189dd5-73dd-4e52-8644-1ff1a122b972@18a45"
2026-6-30 09:51:31-warn: The Mesh used by component "cc.MeshRenderer" in prefab "Role_2" is missing. Detailed information:Node path: "Role_2/New Node/Bip001 Prop1 Socket/jiateling01"Asset url: "db://assets/GameRes/Prefab/Role_2"Missing uuid: "03189dd5-73dd-4e52-8644-1ff1a122b972@18a45"
2026-6-30 09:51:31-warn: The Mesh used by component "cc.MeshRenderer" in prefab "Role_1" is missing. Detailed information:Node path: "Role_1/New Node/Bip001 Prop1 Socket/jiateling01"Asset url: "db://assets/GameRes/Prefab/Role_1"Missing uuid: "03189dd5-73dd-4e52-8644-1ff1a122b972@18a45"
2026-6-30 09:51:31-warn: The AnimationClip used by component "CameraMove" in scene "Game_3D-002" is missing. Detailed information:Node path: "Camera"Asset url: "db://assets/Scene/Game_3D-002"Missing uuid: "c6316384-dbb5-4431-ad4a-4c00d3092298@73b7f"
2026-6-30 09:51:31-warn: The AnimationClip used by component "CameraMove" in scene "Game_3D-002" is missing. Detailed information:Node path: "Camera"Asset url: "db://assets/Scene/Game_3D-002"Missing uuid: "c6316384-dbb5-4431-ad4a-4c00d3092298@73b7f"
2026-6-30 09:51:31-warn: The AnimationClip used by component "CameraMove" in scene "Game_3D-002" is missing. Detailed information:Node path: "Camera"Asset url: "db://assets/Scene/Game_3D-002"Missing uuid: "c6316384-dbb5-4431-ad4a-4c00d3092298@73b7f"
2026-6-30 09:51:35-log: [super-html] : [common] [13645 kb] D:\工程项目\PlayableAD\Cocos\TheW\20260615_HYQ\HYQ_Project\build\super-html\common\HYQ_common.html
2026-6-30 09:51:35-log: [super-html] : [common] [6298 kb] D:\工程项目\PlayableAD\Cocos\TheW\20260615_HYQ\HYQ_Project\build\super-html\common\HYQ_common_min.html
2026-6-30 09:51:35-log: [super-html] : [ironsource] [6302 kb] D:\工程项目\PlayableAD\Cocos\TheW\20260615_HYQ\HYQ_Project\build\super-html\ironsource\HYQ_ironsource.html
2026-6-30 09:51:35-log: [super-html] : [ironsource2025] [6300 kb] D:\工程项目\PlayableAD\Cocos\TheW\20260615_HYQ\HYQ_Project\build\super-html\ironsource2025\HYQ_ironsource2025.html
2026-6-30 09:51:35-log: [super-html] : [applovin] [6298 kb] D:\工程项目\PlayableAD\Cocos\TheW\20260615_HYQ\HYQ_Project\build\super-html\applovin\HYQ_applovin.html
2026-6-30 09:51:36-log: [super-html] : [mintegral] [4561 kb] D:\工程项目\PlayableAD\Cocos\TheW\20260615_HYQ\HYQ_Project\build\super-html\mintegral\HYQ_mintegral.zip
2026-6-30 09:51:36-log: [super-html] : [unity] [6299 kb] D:\工程项目\PlayableAD\Cocos\TheW\20260615_HYQ\HYQ_Project\build\super-html\unity\HYQ_unity.html
2026-6-30 09:51:36-log: [super-html] : [chartboost] [6299 kb] D:\工程项目\PlayableAD\Cocos\TheW\20260615_HYQ\HYQ_Project\build\super-html\chartboost\HYQ_chartboost.html
2026-6-30 09:51:37-log: [super-html] : [google] [4632 kb] D:\工程项目\PlayableAD\Cocos\TheW\20260615_HYQ\HYQ_Project\build\super-html\google\HYQ_google.zip
2026-6-30 09:51:38-log: [super-html] : [google] [4632 kb] D:\工程项目\PlayableAD\Cocos\TheW\20260615_HYQ\HYQ_Project\build\super-html\google\HYQ_google_portrait.zip
2026-6-30 09:51:38-log: [super-html] : [google] [4632 kb] D:\工程项目\PlayableAD\Cocos\TheW\20260615_HYQ\HYQ_Project\build\super-html\google\HYQ_google_landscape.zip
2026-6-30 09:51:38-log: [super-html] : [facebook] [6298 kb] D:\工程项目\PlayableAD\Cocos\TheW\20260615_HYQ\HYQ_Project\build\super-html\facebook\HYQ_facebook.html
2026-6-30 09:51:39-log: [super-html] : [facebook] [4631 kb] D:\工程项目\PlayableAD\Cocos\TheW\20260615_HYQ\HYQ_Project\build\super-html\facebook\HYQ_facebook.zip
2026-6-30 09:51:40-log: [super-html] : [pangle] [4561 kb] D:\工程项目\PlayableAD\Cocos\TheW\20260615_HYQ\HYQ_Project\build\super-html\pangle\HYQ_pangle.zip
2026-6-30 09:51:41-log: [super-html] : [pangle] [4561 kb] D:\工程项目\PlayableAD\Cocos\TheW\20260615_HYQ\HYQ_Project\build\super-html\pangle\HYQ_pangle_portrait.zip
2026-6-30 09:51:42-log: [super-html] : [pangle] [4561 kb] D:\工程项目\PlayableAD\Cocos\TheW\20260615_HYQ\HYQ_Project\build\super-html\pangle\HYQ_pangle_landscape.zip
2026-6-30 09:51:42-log: [super-html] : [liftoff] [4561 kb] D:\工程项目\PlayableAD\Cocos\TheW\20260615_HYQ\HYQ_Project\build\super-html\liftoff\HYQ_liftoff.zip
2026-6-30 09:51:42-log: [super-html] : [moloco] [6298 kb] D:\工程项目\PlayableAD\Cocos\TheW\20260615_HYQ\HYQ_Project\build\super-html\moloco\HYQ_moloco.html
2026-6-30 09:51:43-log: [super-html] : [tiktok] [4561 kb] D:\工程项目\PlayableAD\Cocos\TheW\20260615_HYQ\HYQ_Project\build\super-html\tiktok\HYQ_tiktok.zip
2026-6-30 09:51:44-log: [super-html] : [vungle] [4561 kb] D:\工程项目\PlayableAD\Cocos\TheW\20260615_HYQ\HYQ_Project\build\super-html\vungle\HYQ_vungle.zip
2026-6-30 09:51:45-log: [super-html] : [kwai] : thumbnail_cover.jpg no find
2026-6-30 09:51:45-log: [super-html] : [bigo] [4561 kb] D:\工程项目\PlayableAD\Cocos\TheW\20260615_HYQ\HYQ_Project\build\super-html\bigo\HYQ_bigo.zip
2026-6-30 09:51:46-log: [super-html] : [kwai] [4561 kb] D:\工程项目\PlayableAD\Cocos\TheW\20260615_HYQ\HYQ_Project\build\super-html\kwai\HYQ_kwai.zip
2026-6-30 09:51:46-log: [super-html] : [nefta] [6299 kb] D:\工程项目\PlayableAD\Cocos\TheW\20260615_HYQ\HYQ_Project\build\super-html\nefta\HYQ_nefta.html
2026-6-30 09:51:47-log: [super-html] : [nefta] [4561 kb] D:\工程项目\PlayableAD\Cocos\TheW\20260615_HYQ\HYQ_Project\build\super-html\nefta\HYQ_nefta.zip
2026-6-30 09:51:47-log: [super-html] : [snapchat] [4632 kb] D:\工程项目\PlayableAD\Cocos\TheW\20260615_HYQ\HYQ_Project\build\super-html\snapchat\HYQ_snapchat_portrait.zip
2026-6-30 09:51:48-log: [super-html] : [gdt] [4632 kb] D:\工程项目\PlayableAD\Cocos\TheW\20260615_HYQ\HYQ_Project\build\super-html\gdt\HYQ_gdt.zip
2026-6-30 09:51:48-log: [super-html] : [gdt] [4632 kb] D:\工程项目\PlayableAD\Cocos\TheW\20260615_HYQ\HYQ_Project\build\super-html\gdt\HYQ_gdt_portrait.zip
2026-6-30 09:51:49-log: [super-html] : [gdt] [4632 kb] D:\工程项目\PlayableAD\Cocos\TheW\20260615_HYQ\HYQ_Project\build\super-html\gdt\HYQ_gdt_landscape.zip
2026-6-30 09:51:49-log: [super-html] : run time 24.168S
2026-6-30 09:51:49-log: [super-html] : -- end -- 
2026-6-30 09:53:20-debug: refresh db internal success
2026-6-30 09:53:21-debug: refresh db assets success
2026-6-30 09:53:21-debug: %cImport%c: D:\工程项目\PlayableAD\Cocos\TheW\20260615_HYQ\HYQ_Project\extensions\super-packager\package_assets\Common\SuperPackage.tsbackground: #aaff85; color: #000;color: #000;
2026-6-30 09:53:21-debug: %cImport%c: D:\工程项目\PlayableAD\Cocos\TheW\20260615_HYQ\HYQ_Project\extensions\super-packager\package_assets\JiangYv\PBASDK-v3\PBASDK.tsbackground: #aaff85; color: #000;color: #000;
2026-6-30 09:53:21-debug: Run asset db hook engine-extends:afterRefresh ...
2026-6-30 09:53:21-debug: Run asset db hook engine-extends:afterRefresh success!
2026-6-30 09:53:21-debug: refresh db super-packager success
2026-6-30 09:53:21-debug: asset-db:worker-effect-data-processing (2ms)
2026-6-30 09:53:21-debug: asset-db-hook-engine-extends-afterRefresh (3ms)
2026-6-30 09:53:21-debug: asset-db:refresh-all-database (430ms)
2026-6-30 09:53:23-debug: Query all assets info in project
2026-6-30 09:53:23-debug: init custom config: keepNodeUuid: false, useCache: true
2026-6-30 09:53:23-debug: Skip compress image, progress: 0%
2026-6-30 09:53:23-debug: Init all bundles start..., progress: 0%
2026-6-30 09:53:23-debug: Num of bundles: 3..., progress: 0%
2026-6-30 09:53:23-debug: 查询 Asset Bundle start, progress: 0%
2026-6-30 09:53:23-debug: // ---- build task 查询 Asset Bundle ----
2026-6-30 09:53:23-debug: Init bundle root assets start..., progress: 0%
2026-6-30 09:53:23-debug: Query preload assets/scripts from cc.config.json: 60f7195c-ec2a-45eb-ba94-8955f60e81d0,1c02ae6f-4492-4915-b8f8-7492a3b1e4cd,810e96e4-e456-4468-9b59-f4e8f39732c0,efe8e2a3-eace-427b-b4f1-cb8a937ec77d,e9aa9a3e-5b2b-4ac7-a2c7-073de2b2b24f,8bbdbcdd-5cd4-4100-b6d5-b7c9625b6107,50f4348b-c883-4e2f-8f11-ce233b859fa1,fda095cb-831d-4601-ad94-846013963de8,f92806d7-1768-443f-afe8-12bcde84d0f0,dd3a144d-ab7f-41f0-82b8-2e43a090d496,f0416e68-0200-4b77-a926-4f9d16e494da,511d2633-09a7-4bdd-ac42-f778032124b3,5d45aa00-e064-4938-b314-4265f0c2258c,9361fd90-ba52-4f84-aa93-6e878fd576ca,970b0598-bcb0-4714-91fb-2e81440dccd8,bcd64cc6-2dd9-43f6-abbe-66318d332032,d930590d-bb92-4cc8-8bd1-23cd027f9edf,a3cd009f-0ab0-420d-9278-b9fdab939bbc,6a2d0734-bd9e-4ddf-946e-caa52498cb75,d1346436-ac96-4271-b863-1f4fdead95b0,971bdb23-3ff6-43eb-b422-1c30165a3663,17debcc3-0a6b-4b8a-b00b-dc58b885581e,711ebe11-f673-4cd9-9a83-63c60ba54c5b,c0143906-9aed-447e-9436-2ae8512d1b6e,14da1725-c4c2-42b4-ab08-ee0aeb6898b3,081cab31-dccd-428e-8652-f2404cc81c47,78e0584a-4343-4727-8f37-e14e65c2a2db,ba21476f-2866-4f81-9c4d-6e359316e448,871c3b6c-7379-419d-bda3-794b239ab90d,ff9b0199-ce04-4cfe-86cc-6c719f08d6e4,de1c2107-70c8-4021-8459-6399f24d01c6,cbf30902-517f-40dc-af90-a550bac27cf1,5c601d96-e4c7-4698-991b-7ee674b11079
2026-6-30 09:53:23-debug:   Number of all scenes: 5
2026-6-30 09:53:23-debug:   Number of all scripts: 109
2026-6-30 09:53:23-debug:   Number of other assets: 1151
2026-6-30 09:53:23-debug: Init bundle root assets success..., progress: 0%
2026-6-30 09:53:23-debug: // ---- build task 查询 Asset Bundle ---- (19ms)
2026-6-30 09:53:23-log: run build task 查询 Asset Bundle success in 19 ms√, progress: 5%
2026-6-30 09:53:23-debug: [Build Memory track]: 查询 Asset Bundle start:279.75MB, end 278.34MB, increase: -1445.00KB
2026-6-30 09:53:23-debug: 查询 Asset Bundle start, progress: 5%
2026-6-30 09:53:23-debug: // ---- build task 查询 Asset Bundle ----
2026-6-30 09:53:23-debug: // ---- build task 查询 Asset Bundle ---- (6ms)
2026-6-30 09:53:23-log: run build task 查询 Asset Bundle success in 6 ms√, progress: 10%
2026-6-30 09:53:23-debug: [Build Memory track]: 查询 Asset Bundle start:278.38MB, end 278.61MB, increase: 234.96KB
2026-6-30 09:53:23-debug: 整理部分构建选项内数据到 settings.json start, progress: 10%
2026-6-30 09:53:23-debug: // ---- build task 整理部分构建选项内数据到 settings.json ----
2026-6-30 09:53:23-debug: // ---- build task 整理部分构建选项内数据到 settings.json ---- (1ms)
2026-6-30 09:53:23-log: run build task 整理部分构建选项内数据到 settings.json success in 1 ms√, progress: 12%
2026-6-30 09:53:23-debug: [Build Memory track]: 整理部分构建选项内数据到 settings.json start:278.64MB, end 278.67MB, increase: 29.81KB
2026-6-30 09:53:23-debug: // ---- build task 填充脚本数据到 settings.json ----
2026-6-30 09:53:23-debug: 填充脚本数据到 settings.json start, progress: 12%
2026-6-30 09:53:23-debug: // ---- build task 填充脚本数据到 settings.json ---- (3ms)
2026-6-30 09:53:23-log: run build task 填充脚本数据到 settings.json success in 3 ms√, progress: 13%
2026-6-30 09:53:23-debug: [Build Memory track]: 填充脚本数据到 settings.json start:278.71MB, end 278.74MB, increase: 31.04KB
2026-6-30 09:53:23-debug: 整理部分构建选项内数据到 settings.json start, progress: 13%
2026-6-30 09:53:23-debug: // ---- build task 整理部分构建选项内数据到 settings.json ----
2026-6-30 09:53:23-debug: // ---- build task 整理部分构建选项内数据到 settings.json ---- (13ms)
2026-6-30 09:53:23-log: run build task 整理部分构建选项内数据到 settings.json success in 13 ms√, progress: 15%
2026-6-30 09:53:23-debug: [Build Memory track]: 整理部分构建选项内数据到 settings.json start:278.77MB, end 278.84MB, increase: 71.13KB
2026-6-30 10:01:35-debug: refresh db internal success
2026-6-30 10:01:35-debug: %cImport%c: D:\工程项目\PlayableAD\Cocos\TheW\20260615_HYQ\HYQ_Project\assets\Script\functionS\Battle\Base\BattleTargetBase.tsbackground: #aaff85; color: #000;color: #000;
2026-6-30 10:01:35-debug: refresh db assets success
2026-6-30 10:01:35-debug: refresh db super-packager success
2026-6-30 10:01:35-debug: Run asset db hook engine-extends:afterRefresh ...
2026-6-30 10:01:35-debug: Run asset db hook engine-extends:afterRefresh success!
2026-6-30 10:01:35-debug: asset-db:refresh-all-database (933ms)
2026-6-30 10:01:35-debug: asset-db:worker-effect-data-processing (13ms)
2026-6-30 10:01:35-debug: asset-db-hook-engine-extends-afterRefresh (19ms)
2026-6-30 10:01:38-debug: %cImport%c: D:\工程项目\PlayableAD\Cocos\TheW\20260615_HYQ\HYQ_Project\assets\Scene\Game_3D-002.scenebackground: #aaff85; color: #000;color: #000;
2026-6-30 10:01:38-debug: asset-db:reimport-assetb5805d3a-3b80-4a12-adf5-588e63a7d886 (63ms)
2026-6-30 10:01:38-debug: Query all assets info in project
2026-6-30 10:01:38-debug: init custom config: keepNodeUuid: false, useCache: true
2026-6-30 10:01:38-debug: Skip compress image, progress: 0%
2026-6-30 10:01:38-debug: Num of bundles: 3..., progress: 0%
2026-6-30 10:01:38-debug: 查询 Asset Bundle start, progress: 0%
2026-6-30 10:01:38-debug: // ---- build task 查询 Asset Bundle ----
2026-6-30 10:01:38-debug: Init all bundles start..., progress: 0%
2026-6-30 10:01:38-debug: Init bundle root assets start..., progress: 0%
2026-6-30 10:01:38-debug:   Number of all scenes: 5
2026-6-30 10:01:38-debug: Query preload assets/scripts from cc.config.json: 60f7195c-ec2a-45eb-ba94-8955f60e81d0,1c02ae6f-4492-4915-b8f8-7492a3b1e4cd,810e96e4-e456-4468-9b59-f4e8f39732c0,efe8e2a3-eace-427b-b4f1-cb8a937ec77d,e9aa9a3e-5b2b-4ac7-a2c7-073de2b2b24f,8bbdbcdd-5cd4-4100-b6d5-b7c9625b6107,50f4348b-c883-4e2f-8f11-ce233b859fa1,fda095cb-831d-4601-ad94-846013963de8,f92806d7-1768-443f-afe8-12bcde84d0f0,dd3a144d-ab7f-41f0-82b8-2e43a090d496,f0416e68-0200-4b77-a926-4f9d16e494da,511d2633-09a7-4bdd-ac42-f778032124b3,5d45aa00-e064-4938-b314-4265f0c2258c,9361fd90-ba52-4f84-aa93-6e878fd576ca,970b0598-bcb0-4714-91fb-2e81440dccd8,bcd64cc6-2dd9-43f6-abbe-66318d332032,d930590d-bb92-4cc8-8bd1-23cd027f9edf,a3cd009f-0ab0-420d-9278-b9fdab939bbc,6a2d0734-bd9e-4ddf-946e-caa52498cb75,d1346436-ac96-4271-b863-1f4fdead95b0,971bdb23-3ff6-43eb-b422-1c30165a3663,17debcc3-0a6b-4b8a-b00b-dc58b885581e,711ebe11-f673-4cd9-9a83-63c60ba54c5b,c0143906-9aed-447e-9436-2ae8512d1b6e,14da1725-c4c2-42b4-ab08-ee0aeb6898b3,081cab31-dccd-428e-8652-f2404cc81c47,78e0584a-4343-4727-8f37-e14e65c2a2db,ba21476f-2866-4f81-9c4d-6e359316e448,871c3b6c-7379-419d-bda3-794b239ab90d,ff9b0199-ce04-4cfe-86cc-6c719f08d6e4,de1c2107-70c8-4021-8459-6399f24d01c6,cbf30902-517f-40dc-af90-a550bac27cf1,5c601d96-e4c7-4698-991b-7ee674b11079
2026-6-30 10:01:38-debug:   Number of other assets: 1151
2026-6-30 10:01:38-debug:   Number of all scripts: 109
2026-6-30 10:01:38-debug: // ---- build task 查询 Asset Bundle ---- (15ms)
2026-6-30 10:01:38-log: run build task 查询 Asset Bundle success in 15 ms√, progress: 5%
2026-6-30 10:01:38-debug: [Build Memory track]: 查询 Asset Bundle start:285.07MB, end 283.67MB, increase: -1426.45KB
2026-6-30 10:01:38-debug: Init bundle root assets success..., progress: 0%
2026-6-30 10:01:38-debug: // ---- build task 查询 Asset Bundle ----
2026-6-30 10:01:38-debug: 查询 Asset Bundle start, progress: 5%
2026-6-30 10:01:38-debug: // ---- build task 查询 Asset Bundle ---- (7ms)
2026-6-30 10:01:38-log: run build task 查询 Asset Bundle success in 7 ms√, progress: 10%
2026-6-30 10:01:38-debug: 整理部分构建选项内数据到 settings.json start, progress: 10%
2026-6-30 10:01:38-debug: [Build Memory track]: 查询 Asset Bundle start:283.71MB, end 284.63MB, increase: 948.82KB
2026-6-30 10:01:38-debug: // ---- build task 整理部分构建选项内数据到 settings.json ----
2026-6-30 10:01:38-debug: [Build Memory track]: 整理部分构建选项内数据到 settings.json start:284.67MB, end 284.70MB, increase: 29.78KB
2026-6-30 10:01:38-debug: // ---- build task 整理部分构建选项内数据到 settings.json ---- (3ms)
2026-6-30 10:01:38-log: run build task 整理部分构建选项内数据到 settings.json success in 3 ms√, progress: 12%
2026-6-30 10:01:38-debug: 填充脚本数据到 settings.json start, progress: 12%
2026-6-30 10:01:38-debug: // ---- build task 填充脚本数据到 settings.json ----
2026-6-30 10:01:38-debug: // ---- build task 填充脚本数据到 settings.json ---- (4ms)
2026-6-30 10:01:38-log: run build task 填充脚本数据到 settings.json success in 4 ms√, progress: 13%
2026-6-30 10:01:38-debug: [Build Memory track]: 填充脚本数据到 settings.json start:284.73MB, end 284.76MB, increase: 29.06KB
2026-6-30 10:01:38-debug: 整理部分构建选项内数据到 settings.json start, progress: 13%
2026-6-30 10:01:38-debug: // ---- build task 整理部分构建选项内数据到 settings.json ----
2026-6-30 10:01:38-debug: // ---- build task 整理部分构建选项内数据到 settings.json ---- (45ms)
2026-6-30 10:01:38-log: run build task 整理部分构建选项内数据到 settings.json success in 45 ms√, progress: 15%
2026-6-30 10:01:38-debug: [Build Memory track]: 整理部分构建选项内数据到 settings.json start:284.80MB, end 286.43MB, increase: 1.64MB
2026-6-30 10:01:40-debug: refresh db internal success
2026-6-30 10:01:40-debug: refresh db assets success
2026-6-30 10:01:40-debug: refresh db super-packager success
2026-6-30 10:01:40-debug: Run asset db hook engine-extends:afterRefresh ...
2026-6-30 10:01:40-debug: Run asset db hook engine-extends:afterRefresh success!
2026-6-30 10:01:40-debug: asset-db:refresh-all-database (267ms)
2026-6-30 10:01:40-debug: asset-db:worker-effect-data-processing (2ms)
2026-6-30 10:01:40-debug: asset-db-hook-engine-extends-afterRefresh (3ms)
2026-6-30 10:02:46-debug: refresh db internal success
2026-6-30 10:02:46-debug: refresh db assets success
2026-6-30 10:02:46-debug: refresh db super-packager success
2026-6-30 10:02:46-debug: Run asset db hook engine-extends:afterRefresh ...
2026-6-30 10:02:46-debug: Run asset db hook engine-extends:afterRefresh success!
2026-6-30 10:02:46-debug: asset-db:worker-effect-data-processing (2ms)
2026-6-30 10:02:46-debug: asset-db:refresh-all-database (394ms)
2026-6-30 10:02:46-debug: asset-db-hook-engine-extends-afterRefresh (3ms)
2026-6-30 10:02:48-debug: refresh db internal success
2026-6-30 10:02:48-debug: refresh db assets success
2026-6-30 10:02:48-debug: refresh db super-packager success
2026-6-30 10:02:48-debug: Run asset db hook engine-extends:afterRefresh ...
2026-6-30 10:02:48-debug: Run asset db hook engine-extends:afterRefresh success!
2026-6-30 10:02:48-debug: asset-db:refresh-all-database (270ms)
2026-6-30 10:02:48-debug: asset-db:worker-effect-data-processing (4ms)
2026-6-30 10:02:48-debug: asset-db-hook-engine-extends-afterRefresh (5ms)
2026-6-30 10:02:50-debug: Start record console... {file(D:\工程项目\PlayableAD\Cocos\TheW\20260615_HYQ\HYQ_Project\temp\builder\log\web-mobile2026-6-30 09-49.log)}
2026-6-30 10:02:50-debug: Build with Cocos Creator 3.8.7
2026-6-30 10:02:50-debug: =================================== build Task (web-mobile) Start ================================
2026-6-30 10:02:50-debug: Start build task, options:{"name":"HYQ","server":"","engineModulesConfigKey":"defaultConfig","platform":"web-mobile","buildPath":"project://build","debug":false,"buildMode":"normal","mangleProperties":false,"md5Cache":false,"skipCompressTexture":false,"sourceMaps":false,"overwriteProjectSettings":{"includeModules":{"gfx-webgl2":"on","physics":"inherit-project-setting","physics-2d":"inherit-project-setting"},"macroConfig":{"cleanupImageCache":"inherit-project-setting"}},"nativeCodeBundleMode":"asmjs","polyfills":{"asyncFunctions":true},"experimentalEraseModules":false,"startSceneAssetBundle":false,"bundleConfigs":[],"inlineEnum":true,"useBuiltinServer":false,"md5CacheOptions":{"excludes":[],"includes":[],"replaceOnly":[],"handleTemplateMd5Link":true},"mainBundleIsRemote":false,"mainBundleCompressionType":"merge_dep","useSplashScreen":true,"bundleCommonChunk":false,"packAutoAtlas":true,"startScene":"b5805d3a-3b80-4a12-adf5-588e63a7d886","outputName":"web-mobile","taskName":"web-mobile","scenes":[{"url":"db://assets/Scene/Game_3D-002.scene","uuid":"b5805d3a-3b80-4a12-adf5-588e63a7d886"}],"wasmCompressionMode":false,"binGroupConfig":{"threshold":16,"enable":false},"packages":{"web-mobile":{"useWebGPU":false,"orientation":"auto","embedWebDebugger":false,"__version__":"1.0.1"},"super-packager":{"googlePlayUrl":"","appStoreUrl":"","__version__":"2.7.0"},"adsense-h5g-plugin":{"enableAdsense":false,"enableTestAd":false,"__version__":"1.0.1","AFPHostPropertyCode":"ca-host-pub-5396158963872751","AFPHostDomain":"douyougame.com","otherAFPHostPropertyCode":"","otherAFPDomain":""},"cocos-service":{"configID":"56841a","services":[]}},"__version__":"1.3.9","logDest":"project://temp/builder/log/web-mobile2026-6-30 09-49.log"}
2026-6-30 10:02:50-debug: cocos-service:(onBeforeBuild) start..., progress: 0%
2026-6-30 10:02:50-debug: // ---- build task cocos-service：onBeforeBuild ----
2026-6-30 10:02:51-debug: // ---- build task cocos-service：onBeforeBuild ---- (275ms)
2026-6-30 10:02:51-debug: cocos-service:(onBeforeBuild) in 275 ms ✓, progress: 2%
2026-6-30 10:02:51-debug: scene:(onBeforeBuild) start..., progress: 2%
2026-6-30 10:02:51-debug: // ---- build task scene：onBeforeBuild ----
2026-6-30 10:02:51-debug: scene:(onBeforeBuild) in 61 ms ✓, progress: 4%
2026-6-30 10:02:51-debug: // ---- build task scene：onBeforeBuild ---- (61ms)
2026-6-30 10:02:51-debug: // ---- build task super-packager：onBeforeBuild ----
2026-6-30 10:02:51-log: [SUPER_PACKAGE]onBeforeBuild
2026-6-30 10:02:51-debug: super-packager:(onBeforeBuild) start..., progress: 4%
2026-6-30 10:02:51-log: [SUPER_PACKAGE]商店链接配置:{"googlePlayUrl":"","appStoreUrl":""}
2026-6-30 10:02:51-log: [SUPER_PACKAGE]商店链接已同步到文件
2026-6-30 10:02:51-debug: super-packager:(onBeforeBuild) in 56 ms ✓, progress: 5%
2026-6-30 10:02:51-debug: // ---- build task super-packager：onBeforeBuild ---- (56ms)
2026-6-30 10:02:51-debug: Start lock asset db..., progress: 5%
2026-6-30 10:02:51-log: Asset DB is paused with build!
2026-6-30 10:02:51-debug: Query all assets info in project
2026-6-30 10:02:51-debug: web-mobile:(onAfterInit) start..., progress: 5%
2026-6-30 10:02:51-debug: init custom config: keepNodeUuid: false, useCache: true
2026-6-30 10:02:51-debug: // ---- build task web-mobile：onAfterInit ----
2026-6-30 10:02:51-debug: web-mobile:(onAfterInit) in 39 ms ✓, progress: 7%
2026-6-30 10:02:51-debug: // ---- build task web-mobile：onAfterInit ---- (39ms)
2026-6-30 10:02:51-debug: cocos-service:(onAfterInit) start..., progress: 7%
2026-6-30 10:02:51-debug: // ---- build task cocos-service：onAfterInit ----
2026-6-30 10:02:51-debug: // ---- build task cocos-service：onAfterInit ---- (120ms)
2026-6-30 10:02:51-debug: adsense-h5g-plugin:(onBeforeBundleInit) start..., progress: 9%
2026-6-30 10:02:51-debug: Skip compress image, progress: 0%
2026-6-30 10:02:51-debug: adsense-h5g-plugin:(onBeforeBundleInit) start..., progress: 0%
2026-6-30 10:02:51-debug: // ---- build task adsense-h5g-plugin：onBeforeBundleInit ----
2026-6-30 10:02:51-debug: cocos-service:(onAfterInit) in 120 ms ✓, progress: 9%
2026-6-30 10:02:51-debug: [adsense-h5g-plugin] remove script success
2026-6-30 10:02:51-debug: // ---- build task adsense-h5g-plugin：onBeforeBundleInit ---- (75ms)
2026-6-30 10:02:51-debug: adsense-h5g-plugin:(onBeforeBundleInit) in 75 ms ✓, progress: 9%
2026-6-30 10:02:51-debug: adsense-h5g-plugin:(onBeforeBundleInit) in 75 ms ✓, progress: 7%
2026-6-30 10:02:51-debug: Init all bundles start..., progress: 9%
2026-6-30 10:02:51-debug: Init all bundles start..., progress: 7%
2026-6-30 10:02:51-debug: Num of bundles: 3..., progress: 9%
2026-6-30 10:02:51-debug: web-mobile:(onAfterBundleInit) start..., progress: 9%
2026-6-30 10:02:51-debug: web-mobile:(onAfterBundleInit) start..., progress: 7%
2026-6-30 10:02:51-debug: Num of bundles: 3..., progress: 7%
2026-6-30 10:02:51-debug: // ---- build task web-mobile：onAfterBundleInit ----
2026-6-30 10:02:51-debug: // ---- build task web-mobile：onAfterBundleInit ---- (95ms)
2026-6-30 10:02:51-debug: web-mobile:(onAfterBundleInit) in 95 ms ✓, progress: 13%
2026-6-30 10:02:51-debug: // ---- build task 查询 Asset Bundle ----
2026-6-30 10:02:51-debug: web-mobile:(onAfterBundleInit) in 95 ms ✓, progress: 9%
2026-6-30 10:02:51-debug: 查询 Asset Bundle start, progress: 9%
2026-6-30 10:02:51-debug: Init bundle root assets start..., progress: 9%
2026-6-30 10:02:51-debug: Init bundle root assets start..., progress: 13%
2026-6-30 10:02:51-debug: Query preload assets/scripts from cc.config.json: 60f7195c-ec2a-45eb-ba94-8955f60e81d0,1c02ae6f-4492-4915-b8f8-7492a3b1e4cd,810e96e4-e456-4468-9b59-f4e8f39732c0,efe8e2a3-eace-427b-b4f1-cb8a937ec77d,e9aa9a3e-5b2b-4ac7-a2c7-073de2b2b24f,8bbdbcdd-5cd4-4100-b6d5-b7c9625b6107,50f4348b-c883-4e2f-8f11-ce233b859fa1,fda095cb-831d-4601-ad94-846013963de8,f92806d7-1768-443f-afe8-12bcde84d0f0,dd3a144d-ab7f-41f0-82b8-2e43a090d496,f0416e68-0200-4b77-a926-4f9d16e494da,511d2633-09a7-4bdd-ac42-f778032124b3,5d45aa00-e064-4938-b314-4265f0c2258c,9361fd90-ba52-4f84-aa93-6e878fd576ca,970b0598-bcb0-4714-91fb-2e81440dccd8,bcd64cc6-2dd9-43f6-abbe-66318d332032,d930590d-bb92-4cc8-8bd1-23cd027f9edf,a3cd009f-0ab0-420d-9278-b9fdab939bbc,6a2d0734-bd9e-4ddf-946e-caa52498cb75,d1346436-ac96-4271-b863-1f4fdead95b0,971bdb23-3ff6-43eb-b422-1c30165a3663,17debcc3-0a6b-4b8a-b00b-dc58b885581e,711ebe11-f673-4cd9-9a83-63c60ba54c5b,c0143906-9aed-447e-9436-2ae8512d1b6e,14da1725-c4c2-42b4-ab08-ee0aeb6898b3,081cab31-dccd-428e-8652-f2404cc81c47,78e0584a-4343-4727-8f37-e14e65c2a2db,ba21476f-2866-4f81-9c4d-6e359316e448,871c3b6c-7379-419d-bda3-794b239ab90d,ff9b0199-ce04-4cfe-86cc-6c719f08d6e4,de1c2107-70c8-4021-8459-6399f24d01c6,cbf30902-517f-40dc-af90-a550bac27cf1,5c601d96-e4c7-4698-991b-7ee674b11079
2026-6-30 10:02:51-debug:   Number of all scripts: 109
2026-6-30 10:02:51-debug: Init bundle root assets success..., progress: 13%
2026-6-30 10:02:51-debug:   Number of all scenes: 5
2026-6-30 10:02:51-debug:   Number of other assets: 1151
2026-6-30 10:02:51-debug: Init bundle root assets success..., progress: 9%
2026-6-30 10:02:51-debug: reload all scripts.
2026-6-30 10:02:52-debug: [[Executor]] reload before lock
2026-6-30 10:02:52-debug: Set detail map pack:///resolution-detail-map.json: {}
2026-6-30 10:02:52-debug: Unregister BuiltinPipelinePassBuilder
2026-6-30 10:02:52-debug: Unregister BuiltinPipelineSettings
2026-6-30 10:02:52-debug: Unregister DebugViewRuntimeControl
2026-6-30 10:02:52-debug: Unregister BuiltinDepthOfFieldPass
2026-6-30 10:02:52-debug: Unregister Lightning
2026-6-30 10:02:52-debug: Unregister LayerManager
2026-6-30 10:02:52-debug: Unregister CameraMove
2026-6-30 10:02:52-debug: Unregister UnityUpComponent
2026-6-30 10:02:52-debug: Unregister MoveDrive
2026-6-30 10:02:52-debug: Unregister RotationDrive
2026-6-30 10:02:52-debug: Unregister RotationVector
2026-6-30 10:02:52-debug: Unregister PrefabsManager
2026-6-30 10:02:52-debug: Unregister PrefabsRes
2026-6-30 10:02:52-debug: Unregister L18nManager
2026-6-30 10:02:52-debug: Unregister DownLoadL8
2026-6-30 10:02:52-debug: Unregister LangArrAuto
2026-6-30 10:02:52-debug: Unregister DownLoadL8
2026-6-30 10:02:52-debug: Unregister ResurrectionL8
2026-6-30 10:02:52-debug: Unregister Prop
2026-6-30 10:02:52-debug: Unregister LangAuto
2026-6-30 10:02:52-debug: Unregister JumpDriveEngine
2026-6-30 10:02:52-debug: Unregister GroupBag3D
2026-6-30 10:02:52-debug: Unregister BagBase
2026-6-30 10:02:52-debug: Unregister FlayPropManager
2026-6-30 10:02:52-debug: Unregister GroupPropTransform
2026-6-30 10:02:52-debug: Unregister LabBagUp
2026-6-30 10:02:52-debug: Unregister CollectGetTarget
2026-6-30 10:02:52-debug: Unregister AttackTargetBase
2026-6-30 10:02:52-debug: Unregister AreaAttack
2026-6-30 10:02:52-debug: Unregister MeleeAttack
2026-6-30 10:02:52-debug: Unregister MeshFlashPropData
2026-6-30 10:02:52-debug: Unregister HpComponent
2026-6-30 10:02:52-debug: Unregister MeshFlashSwitchData
2026-6-30 10:02:52-debug: Unregister MeshFlashData
2026-6-30 10:02:52-debug: Unregister BattleTargetBase
2026-6-30 10:02:52-debug: Unregister EffectRemoveBase
2026-6-30 10:02:52-debug: Unregister EffectTimePartRemove
2026-6-30 10:02:52-debug: Unregister EffectManager
2026-6-30 10:02:52-debug: Unregister ColliderTag
2026-6-30 10:02:52-debug: Unregister BulletMonsterCollisionManager
2026-6-30 10:02:52-debug: Unregister BulletBattle3D
2026-6-30 10:02:52-debug: Unregister BattleTarget3D
2026-6-30 10:02:52-debug: Unregister BulletCollideBase2D
2026-6-30 10:02:52-debug: Unregister BulletBattle2D
2026-6-30 10:02:52-debug: Unregister RangedAttack
2026-6-30 10:02:52-debug: Unregister TriggerBase2D
2026-6-30 10:02:52-debug: Unregister BattleTarget2D
2026-6-30 10:02:52-debug: Unregister CollectBattleTarger2D
2026-6-30 10:02:52-debug: Unregister BulletBatchRenderer
2026-6-30 10:02:52-debug: Unregister AttackParkPlay
2026-6-30 10:02:52-debug: Unregister RangeTowerAttack
2026-6-30 10:02:52-debug: Unregister RangedAttack_Shrapnel
2026-6-30 10:02:52-debug: Unregister BulletCollideBase3D
2026-6-30 10:02:52-debug: Unregister RangedAttack_Circle
2026-6-30 10:02:52-debug: Unregister CollectBattleTarger3D
2026-6-30 10:02:52-debug: Unregister TriggerBase3D
2026-6-30 10:02:52-debug: Unregister EffectTimeRemove
2026-6-30 10:02:52-debug: Unregister FbxManager
2026-6-30 10:02:52-debug: Unregister GuideLine
2026-6-30 10:02:52-debug: Unregister Role
2026-6-30 10:02:52-debug: Unregister GameOverPanel
2026-6-30 10:02:52-debug: Unregister Player
2026-6-30 10:02:52-debug: Unregister ArmsInfo
2026-6-30 10:02:52-debug: Unregister MonsterBattleTaerget
2026-6-30 10:02:52-debug: Unregister PropArms
2026-6-30 10:02:52-debug: Unregister PropBrand
2026-6-30 10:02:52-debug: Unregister PropLalianGate
2026-6-30 10:02:52-debug: Unregister CreatePropBrand
2026-6-30 10:02:52-debug: Unregister MonsterCreateInfo
2026-6-30 10:02:52-debug: Unregister MonsterCreateQueue
2026-6-30 10:02:52-debug: Unregister MonsterCreate
2026-6-30 10:02:52-debug: Unregister GuideManager
2026-6-30 10:02:52-debug: Unregister PropTireGate
2026-6-30 10:02:52-debug: Unregister ArmsUp
2026-6-30 10:02:52-debug: Unregister RockerMouseEvent
2026-6-30 10:02:52-debug: Unregister RockerUI
2026-6-30 10:02:52-debug: Unregister ShoppIngEvent
2026-6-30 10:02:52-debug: Unregister Shopping
2026-6-30 10:02:52-debug: Unregister BuyWayBase
2026-6-30 10:02:52-debug: Unregister BuyWay2D
2026-6-30 10:02:52-debug: Unregister BuyWay3D
2026-6-30 10:02:52-debug: Unregister ShoppingItem
2026-6-30 10:02:52-debug: Unregister Shopping_Super
2026-6-30 10:02:52-debug: Unregister FrameAnimManager
2026-6-30 10:02:52-debug: Unregister FrameManager
2026-6-30 10:02:52-debug: Unregister UIButtonEvent
2026-6-30 10:02:52-debug: Invalidating 'pack:///chunks/93/93ba276ea7b26ffcdc433fab14afc1ed6f05647b.js'
2026-6-30 10:02:52-debug: Unregister StutterCheck
2026-6-30 10:02:52-debug: Invalidating 'pack:///chunks/6d/6d8fd2b0177941b032ddc0733af48a561fb60657.js'
2026-6-30 10:02:52-debug: Invalidating 'pack:///chunks/f2/f22794b1c95bc92b6e994a97e9b193af020adc12.js'
2026-6-30 10:02:52-debug: Invalidating 'pack:///chunks/c9/c9d891290a54ec567f150962e76c6bf9cdf47b3b.js'
2026-6-30 10:02:52-debug: Invalidating 'pack:///chunks/d9/d980f46bad1521f99cf9b02f6f4709610973859b.js'
2026-6-30 10:02:52-debug: Invalidating 'pack:///chunks/6a/6a5019a719a9014c047e67aa1cf34453ab8392ce.js'
2026-6-30 10:02:52-debug: Invalidating 'pack:///chunks/04/04f62969dc20e2c08fceeca28e5f160f93c57d48.js'
2026-6-30 10:02:52-debug: Invalidating 'pack:///chunks/84/84fdd98491917343dab9e13fe8b5a70bd6a363c2.js'
2026-6-30 10:02:52-debug: Invalidating 'pack:///chunks/e0/e099fc7c0597d98bad93ecd30952e1955267ade1.js'
2026-6-30 10:02:52-debug: Invalidating 'pack:///chunks/e2/e2118395860d446afdd7349c12bbbbd5ff0a8915.js'
2026-6-30 10:02:52-debug: Invalidating 'pack:///chunks/14/14cec8e3738599ab9965ee6a2127491eba1361af.js'
2026-6-30 10:02:52-debug: Invalidating 'pack:///chunks/31/31cebe8e0355019a96c8dc216aed673e195b2a53.js'
2026-6-30 10:02:52-debug: Invalidating 'pack:///chunks/e9/e96bc804d4af33012a1ad5c19177a551c107f2ae.js'
2026-6-30 10:02:52-debug: Invalidating 'pack:///chunks/4d/4d6662648c8c361d9de350d72c1ab0a8e7508014.js'
2026-6-30 10:02:52-debug: Invalidating 'pack:///chunks/3f/3fc33806253ded99e50ac9220c73832ef2904ca7.js'
2026-6-30 10:02:52-debug: Invalidating 'pack:///chunks/56/5601ae9cf318e5c14df7d30ca1cafe71734c982a.js'
2026-6-30 10:02:52-debug: Invalidating 'pack:///chunks/90/901a8f42214a0198b9aca11ce347c093cca5e26c.js'
2026-6-30 10:02:52-debug: Invalidating 'pack:///chunks/8a/8ae7d51cc818f718270f9e2ad9b78b6df4ffa62c.js'
2026-6-30 10:02:52-debug: Invalidating 'pack:///chunks/84/8436bf0d6f6a392b090fff8471ad48b32970414b.js'
2026-6-30 10:02:52-debug: Invalidating 'pack:///chunks/8b/8b1077471006cad018e02beccd0bed5dcc54c671.js'
2026-6-30 10:02:52-debug: Invalidating 'pack:///chunks/a1/a1d124b8795c6e55160d2ce5ecbd41437847152f.js'
2026-6-30 10:02:52-debug: Invalidating 'pack:///chunks/79/798785a3f67288cbb075d5efa15a2c266208a881.js'
2026-6-30 10:02:52-debug: Invalidating 'pack:///chunks/eb/eb316915c4446a477164305c14374917acb92a23.js'
2026-6-30 10:02:52-debug: Invalidating 'pack:///chunks/f2/f20c45b49501fbe07d44e99d95c2c506a06a0ecd.js'
2026-6-30 10:02:52-debug: Invalidating 'pack:///chunks/e9/e950dd2519065be1280daf69ce7f6b07e4d0caaa.js'
2026-6-30 10:02:52-debug: Invalidating 'pack:///chunks/f0/f04c2dd9d3cc608a6f46e13bb5d3c46aa5633baf.js'
2026-6-30 10:02:52-debug: Invalidating 'pack:///chunks/ed/edbdde40fab9baf06e704beb85e64d72f20aefb8.js'
2026-6-30 10:02:52-debug: Invalidating 'pack:///chunks/f8/f8baeccf8cf047db05161c9b9e8b6b4ff9eefe2f.js'
2026-6-30 10:02:52-debug: Invalidating 'pack:///chunks/63/633ac4308370832c1c78b9f28702617696f6e9fb.js'
2026-6-30 10:02:52-debug: Invalidating 'pack:///chunks/0f/0fd75e1d9556ba520ee98c89195f9d0594110ad2.js'
2026-6-30 10:02:52-debug: Invalidating 'pack:///chunks/40/407fe08f85a1575a06beb3692d40cf36d9684f58.js'
2026-6-30 10:02:52-debug: Invalidating 'pack:///chunks/f5/f570589f727cbf96139a6869e201d7a87544da71.js'
2026-6-30 10:02:52-debug: Invalidating 'pack:///chunks/84/84bbaa7f2e1a0639f57f755b935e1acb7d73f78e.js'
2026-6-30 10:02:52-debug: Invalidating 'pack:///chunks/5f/5fdfd08a9c16dc742e66ef16a5a8e13f5f831a3e.js'
2026-6-30 10:02:52-debug: Invalidating 'pack:///chunks/4c/4c2851018e56f823e74c2b3e2117156bcb9e76d0.js'
2026-6-30 10:02:52-debug: Invalidating 'pack:///chunks/ec/ecb76259f390974cf14cad52564b11281c42a7e6.js'
2026-6-30 10:02:52-debug: Invalidating 'pack:///chunks/2e/2edb51f2f57b638345a2b9d561f476b67029b574.js'
2026-6-30 10:02:52-debug: Invalidating 'pack:///chunks/e5/e5fea8c54230bb378b45e63a8ea8186bdeccbbe2.js'
2026-6-30 10:02:52-debug: Invalidating 'pack:///chunks/38/38483f6f68b174c6aad120536d38c3642cb0e458.js'
2026-6-30 10:02:52-debug: Invalidating 'pack:///chunks/d5/d58c1ab1b696259af8c3b1384857266dba055462.js'
2026-6-30 10:02:52-debug: Invalidating 'pack:///chunks/f6/f6cf9b6088316a765dbcd0b22eb496d3f4be80dc.js'
2026-6-30 10:02:52-debug: Invalidating 'pack:///chunks/41/4103e3b8e8be7d1b0e7a8a67f28a2c29fe9aa2dc.js'
2026-6-30 10:02:52-debug: Invalidating 'pack:///chunks/80/80f420cd19a5967732f7f177a68c3670990311d3.js'
2026-6-30 10:02:52-debug: Invalidating 'pack:///chunks/b6/b6919de7425c243c4e1697f376cb4f6f6b2769a4.js'
2026-6-30 10:02:52-debug: Invalidating 'pack:///chunks/b5/b5c69e24499acddd297e4328687b0ea934b109d5.js'
2026-6-30 10:02:52-debug: Invalidating 'pack:///chunks/f4/f4bb2b73aacdc0370fc65face1ef60d9e8732bfd.js'
2026-6-30 10:02:52-debug: Invalidating 'pack:///chunks/7e/7e52be47c960966fc7d962b7957dbbce1047514e.js'
2026-6-30 10:02:52-debug: Invalidating 'pack:///chunks/0e/0ea1c77c59b038eb4661ef171f440cbc7cc134ca.js'
2026-6-30 10:02:52-debug: Invalidating 'pack:///chunks/29/296009d632e65e6f653d790324d741c2d9759f34.js'
2026-6-30 10:02:52-debug: Invalidating 'pack:///chunks/3f/3ff8f1a74d7fbbd22ced04971b6ab15e04fd86a6.js'
2026-6-30 10:02:52-debug: Invalidating 'pack:///chunks/80/803faff6203a98317cc86f08677de73b7112b743.js'
2026-6-30 10:02:52-debug: Invalidating 'pack:///chunks/d5/d5f6e07e1b02d743fed3d9c2c8e155b0c3309d52.js'
2026-6-30 10:02:52-debug: Invalidating 'pack:///chunks/02/021cbce763294c7c4adf05845718c817a68ff9f3.js'
2026-6-30 10:02:52-debug: Invalidating 'pack:///chunks/b1/b12e427b1fcb487f729ef654542d8e9775a297cb.js'
2026-6-30 10:02:52-debug: Invalidating 'pack:///chunks/9e/9ec8816866d723aea0e61547ea23bf04cc3c7c78.js'
2026-6-30 10:02:52-debug: Invalidating 'pack:///chunks/23/2370bd6a63dbba247d7fcab21c5244288f150386.js'
2026-6-30 10:02:52-debug: Invalidating 'pack:///chunks/43/4314f54defc530df4c3d4a14e3561038b8628ff3.js'
2026-6-30 10:02:52-debug: Invalidating 'pack:///chunks/9b/9be30ad1a917cc0914201f1db5bdf1c5cb4d6e49.js'
2026-6-30 10:02:52-debug: Invalidating 'pack:///chunks/6c/6c35293030e947e52f03ea585990d17f31ea7df0.js'
2026-6-30 10:02:52-debug: Invalidating 'pack:///chunks/a7/a78b9d0a8af4315011c59f40b6c49da033e49269.js'
2026-6-30 10:02:52-debug: Invalidating 'pack:///chunks/9a/9a8786a747b555136cef77c9f5e7ad17e18a31eb.js'
2026-6-30 10:02:52-debug: Invalidating 'pack:///chunks/bb/bb66609565f0d30fbedfe7ab7019decca8a2726b.js'
2026-6-30 10:02:52-debug: Invalidating 'pack:///chunks/b0/b0316da27abe29af9f8a517d28257bc913762f57.js'
2026-6-30 10:02:52-debug: Invalidating 'pack:///chunks/e1/e13771ea8032dbc1728530af431c57de3b1e5e24.js'
2026-6-30 10:02:52-debug: Invalidating 'pack:///chunks/4a/4a75ba705e89112b3bcc356e77985c7a095b80f4.js'
2026-6-30 10:02:52-debug: Invalidating 'pack:///chunks/ce/ced31965a759b2c1d777a8f0d98f8cd326020d87.js'
2026-6-30 10:02:52-debug: Invalidating 'pack:///chunks/dc/dcc18999575bc7125a793680f1b595554e7f2cde.js'
2026-6-30 10:02:52-debug: Invalidating 'pack:///chunks/05/0510980ff6e9ad26ec622e2230780bc7f1d96f08.js'
2026-6-30 10:02:52-debug: Invalidating 'pack:///chunks/5b/5b626ae965dfc8bbf67ffe6dd329ea95c382afe6.js'
2026-6-30 10:02:52-debug: Invalidating 'pack:///chunks/8a/8a4b23fc8904a55daa926fa9bf2d450c2c59d378.js'
2026-6-30 10:02:52-debug: Invalidating 'pack:///chunks/f0/f05038aedf4d7805ad91dbf59f1c87fe35c23bb5.js'
2026-6-30 10:02:52-debug: Invalidating 'pack:///chunks/05/05825d2a71d7765a90fbbdda8907aab57810f0a0.js'
2026-6-30 10:02:52-debug: Invalidating 'pack:///chunks/6e/6e4d3e245933373fd13279940a5d6dee30418f49.js'
2026-6-30 10:02:52-debug: Invalidating 'pack:///chunks/fa/fad9c36dab7fd23cbd0b1b9ebcbd02e6023aaadd.js'
2026-6-30 10:02:52-debug: Invalidating 'pack:///chunks/01/011c6605e93c83936bcaadc521a3f2df21bdd87a.js'
2026-6-30 10:02:52-debug: Invalidating 'pack:///chunks/7a/7a056ac353cd4f184635b76aa08c0d427085fda7.js'
2026-6-30 10:02:52-debug: Invalidating 'pack:///chunks/11/1193ac27b94da532d27808ef712ed0fcd809d84d.js'
2026-6-30 10:02:52-debug: Invalidating 'pack:///chunks/03/031aac2e2ea93f03b5422269c22800e822715034.js'
2026-6-30 10:02:52-debug: Invalidating 'pack:///chunks/29/2933ae65951958109aeb70104e6287b8240a8e01.js'
2026-6-30 10:02:52-debug: Invalidating 'pack:///chunks/dd/ddf9ec67bc21176ab14fd7bef2d6099af7cab4e3.js'
2026-6-30 10:02:52-debug: Invalidating 'pack:///chunks/cd/cd87286564d42a577ada1093f142b4db43415d61.js'
2026-6-30 10:02:52-debug: Invalidating 'pack:///chunks/12/120cba8f856407335ad8a04347cd4d36bf752a1e.js'
2026-6-30 10:02:52-debug: Invalidating 'pack:///chunks/6b/6b5ef849a8a91f0cd956b88818795e47d9431e29.js'
2026-6-30 10:02:52-debug: Invalidating 'pack:///chunks/7c/7cb3e78818d3ca7420c127c4f13ad5587e5cc5d3.js'
2026-6-30 10:02:52-debug: Invalidating 'pack:///chunks/78/7875e58dc11de4424867c114cd71cf4d379fd7ce.js'
2026-6-30 10:02:52-debug: Invalidating 'pack:///chunks/2c/2c40d59e1ac0050bfd5e4aece9657278c88a4b47.js'
2026-6-30 10:02:52-debug: Invalidating 'pack:///chunks/aa/aa6223cf35796d09344450a14919ad24c61174bb.js'
2026-6-30 10:02:52-debug: Invalidating 'pack:///chunks/6b/6bf6369babd500e0802aeb38d4c346ae3462ef8b.js'
2026-6-30 10:02:52-debug: Invalidating 'pack:///chunks/c1/c14c87720f6e6e7b27f438925fae2cc2d4587268.js'
2026-6-30 10:02:52-debug: Invalidating 'pack:///chunks/fb/fb231b7b47c244832aa3ed0055e0ff4d6bda9530.js'
2026-6-30 10:02:52-debug: Invalidating 'pack:///chunks/e2/e2cd37831230a7474a5c89ec9f0764c2d6ce1581.js'
2026-6-30 10:02:52-debug: Invalidating 'pack:///chunks/1e/1e9839fb85f612fea3030115a5d65b742de2db50.js'
2026-6-30 10:02:52-debug: Invalidating 'pack:///chunks/ac/ac0e66d1df96447f3ea6b579b5067cb87a880d84.js'
2026-6-30 10:02:52-debug: Invalidating 'pack:///chunks/7d/7d88e9fa4d49091167d5648112015c50cab8c311.js'
2026-6-30 10:02:52-debug: Invalidating 'pack:///chunks/e4/e49d377195f0f6ca8039098e5e76d909c726c89c.js'
2026-6-30 10:02:52-debug: Invalidating 'pack:///chunks/d0/d08abfe279c9195afbafb261981128dda32fee17.js'
2026-6-30 10:02:52-debug: Invalidating 'pack:///chunks/c8/c8d2fc621a68aadf290b9938ae81f70dbefcc8d6.js'
2026-6-30 10:02:52-debug: Invalidating 'pack:///chunks/5f/5fd5284b513982ea020d8e9513905cac6e75919a.js'
2026-6-30 10:02:52-debug: Invalidating 'pack:///chunks/41/41b6ef284e15d0779c96601cab9a95a7c5e5919b.js'
2026-6-30 10:02:52-debug: Invalidating 'pack:///chunks/1b/1b6bd2739873dc60bb0e67b18f2ae1f3b116fb07.js'
2026-6-30 10:02:52-debug: Invalidating 'pack:///chunks/99/9957d51b35d223fa476f8f6dcd2b5d011a93ab2f.js'
2026-6-30 10:02:52-debug: Invalidating 'pack:///chunks/c4/c409a49d391cd0107339e604abf784bacdef4b02.js'
2026-6-30 10:02:52-debug: Invalidating 'pack:///chunks/d8/d87351923699bbc0b3bf2e76b9d6665983f7b324.js'
2026-6-30 10:02:52-debug: Invalidating 'pack:///chunks/83/8354ac407215243163174d3e83d4cdab306051e3.js'
2026-6-30 10:02:52-debug: Invalidating 'pack:///chunks/84/848ca7bc3c110f0554094ecf01b3a37b01ea9dfd.js'
2026-6-30 10:02:52-debug: Invalidating 'pack:///chunks/23/23f4bc413c460b50ee5cc83636bb099609a379fd.js'
2026-6-30 10:02:52-debug: Invalidating 'pack:///chunks/7e/7ece20e41250ede0e4707962498ddfd8c4453b24.js'
2026-6-30 10:02:52-debug: Invalidating 'pack:///chunks/b8/b8ff2efe0a5ef0b3134c1c0a100a2fc7e48d38e3.js'
2026-6-30 10:02:52-debug: Invalidating 'pack:///chunks/4a/4a434c55814df4d84e6cd9fee04d3f21bfa74070.js'
2026-6-30 10:02:52-debug: Invalidating 'pack:///chunks/e9/e9668b02254f4db9826696b9dfb6914087bee6cc.js'
2026-6-30 10:02:52-debug: Invalidating 'pack:///chunks/95/95d64f4c8aa166ee79b72d7add5021b420a7ce33.js'
2026-6-30 10:02:52-debug: Invalidating 'pack:///chunks/4d/4d68417d37cd80fe73d65d56dfe11dd26e9ef91a.js'
2026-6-30 10:02:52-debug: [[Executor]] Module "pack:///chunks/93/93ba276ea7b26ffcdc433fab14afc1ed6f05647b.js" loaded.
2026-6-30 10:02:52-debug: D:\工程项目\PlayableAD\Cocos\TheW\20260615_HYQ\HYQ_Project\temp\programming\packer-driver\targets\editor\chunks\6d\6d8fd2b0177941b032ddc0733af48a561fb60657.js resolved to D:\工程项目\PlayableAD\Cocos\TheW\20260615_HYQ\HYQ_Project\temp\programming\packer-driver\targets\editor\chunks\6d\6d8fd2b0177941b032ddc0733af48a561fb60657.js is not in module cache!
2026-6-30 10:02:52-debug: [[Executor]] Module "pack:///chunks/6d/6d8fd2b0177941b032ddc0733af48a561fb60657.js" loaded.
2026-6-30 10:02:52-debug: [[Executor]] Module "pack:///chunks/6a/6a5019a719a9014c047e67aa1cf34453ab8392ce.js" loaded.
2026-6-30 10:02:52-debug: [[Executor]] Register BuiltinPipelineSettings
2026-6-30 10:02:52-debug: [[Executor]] Module "pack:///chunks/84/84fdd98491917343dab9e13fe8b5a70bd6a363c2.js" loaded.
2026-6-30 10:02:52-debug: [[Executor]] Module "pack:///chunks/c9/c9d891290a54ec567f150962e76c6bf9cdf47b3b.js" loaded.
2026-6-30 10:02:52-debug: [[Executor]] Module "pack:///chunks/d9/d980f46bad1521f99cf9b02f6f4709610973859b.js" loaded.
2026-6-30 10:02:52-debug: [[Executor]] Register BuiltinPipelinePassBuilder
2026-6-30 10:02:52-debug: [[Executor]] Module "pack:///chunks/04/04f62969dc20e2c08fceeca28e5f160f93c57d48.js" loaded.
2026-6-30 10:02:52-debug: [[Executor]] Module "pack:///chunks/f2/f22794b1c95bc92b6e994a97e9b193af020adc12.js" loaded.
2026-6-30 10:02:52-debug: [[Executor]] Register DebugViewRuntimeControl
2026-6-30 10:02:52-debug: [[Executor]] Register Lightning
2026-6-30 10:02:52-debug: [[Executor]] Module "pack:///chunks/e0/e099fc7c0597d98bad93ecd30952e1955267ade1.js" loaded.
2026-6-30 10:02:52-debug: [[Executor]] Module "pack:///chunks/e2/e2118395860d446afdd7349c12bbbbd5ff0a8915.js" loaded.
2026-6-30 10:02:52-debug: [[Executor]] Module "pack:///chunks/e9/e96bc804d4af33012a1ad5c19177a551c107f2ae.js" loaded.
2026-6-30 10:02:52-debug: [[Executor]] Module "pack:///chunks/4d/4d6662648c8c361d9de350d72c1ab0a8e7508014.js" loaded.
2026-6-30 10:02:52-debug: [[Executor]] Register LayerManager
2026-6-30 10:02:52-debug: [[Executor]] Module "pack:///chunks/31/31cebe8e0355019a96c8dc216aed673e195b2a53.js" loaded.
2026-6-30 10:02:52-debug: [[Executor]] Register CameraMove
2026-6-30 10:02:52-debug: [[Executor]] Register BuiltinDepthOfFieldPass
2026-6-30 10:02:52-debug: [[Executor]] Module "pack:///chunks/14/14cec8e3738599ab9965ee6a2127491eba1361af.js" loaded.
2026-6-30 10:02:52-debug: [[Executor]] Module "pack:///chunks/56/5601ae9cf318e5c14df7d30ca1cafe71734c982a.js" loaded.
2026-6-30 10:02:52-debug: [[Executor]] Module "pack:///chunks/3f/3fc33806253ded99e50ac9220c73832ef2904ca7.js" loaded.
2026-6-30 10:02:52-debug: [[Executor]] Register UnityUpComponent
2026-6-30 10:02:52-debug: [[Executor]] Module "pack:///chunks/8a/8ae7d51cc818f718270f9e2ad9b78b6df4ffa62c.js" loaded.
2026-6-30 10:02:52-debug: [[Executor]] Module "pack:///chunks/79/798785a3f67288cbb075d5efa15a2c266208a881.js" loaded.
2026-6-30 10:02:52-debug: [[Executor]] Module "pack:///chunks/f2/f20c45b49501fbe07d44e99d95c2c506a06a0ecd.js" loaded.
2026-6-30 10:02:52-debug: [[Executor]] Module "pack:///chunks/84/8436bf0d6f6a392b090fff8471ad48b32970414b.js" loaded.
2026-6-30 10:02:52-debug: [[Executor]] Module "pack:///chunks/8b/8b1077471006cad018e02beccd0bed5dcc54c671.js" loaded.
2026-6-30 10:02:52-debug: [[Executor]] Register RotationDrive
2026-6-30 10:02:52-debug: [[Executor]] Module "pack:///chunks/a1/a1d124b8795c6e55160d2ce5ecbd41437847152f.js" loaded.
2026-6-30 10:02:52-debug: [[Executor]] Register MoveDrive
2026-6-30 10:02:52-debug: [[Executor]] Module "pack:///chunks/90/901a8f42214a0198b9aca11ce347c093cca5e26c.js" loaded.
2026-6-30 10:02:52-debug: [[Executor]] Module "pack:///chunks/eb/eb316915c4446a477164305c14374917acb92a23.js" loaded.
2026-6-30 10:02:52-debug: [[Executor]] Register PrefabsRes
2026-6-30 10:02:52-debug: [[Executor]] Register PrefabsManager
2026-6-30 10:02:52-debug: [[Executor]] Module "pack:///chunks/e9/e950dd2519065be1280daf69ce7f6b07e4d0caaa.js" loaded.
2026-6-30 10:02:52-debug: [[Executor]] Register RotationVector
2026-6-30 10:02:52-debug: [[Executor]] Module "pack:///chunks/ed/edbdde40fab9baf06e704beb85e64d72f20aefb8.js" loaded.
2026-6-30 10:02:52-debug: [[Executor]] Register DownLoadL8
2026-6-30 10:02:52-debug: [[Executor]] Register L18nManager
2026-6-30 10:02:52-debug: [[Executor]] Module "pack:///chunks/f0/f04c2dd9d3cc608a6f46e13bb5d3c46aa5633baf.js" loaded.
2026-6-30 10:02:52-debug: [[Executor]] Register DownLoadL8
2026-6-30 10:02:52-debug: [[Executor]] Module "pack:///chunks/f8/f8baeccf8cf047db05161c9b9e8b6b4ff9eefe2f.js" loaded.
2026-6-30 10:02:52-debug: [[Executor]] Register LangArrAuto
2026-6-30 10:02:52-debug: [[Executor]] Module "pack:///chunks/63/633ac4308370832c1c78b9f28702617696f6e9fb.js" loaded.
2026-6-30 10:02:52-debug: [[Executor]] Register LangAuto
2026-6-30 10:02:52-debug: [[Executor]] Module "pack:///chunks/f5/f570589f727cbf96139a6869e201d7a87544da71.js" loaded.
2026-6-30 10:02:52-debug: [[Executor]] Register ResurrectionL8
2026-6-30 10:02:52-debug: [[Executor]] Module "pack:///chunks/40/407fe08f85a1575a06beb3692d40cf36d9684f58.js" loaded.
2026-6-30 10:02:52-debug: [[Executor]] Module "pack:///chunks/0f/0fd75e1d9556ba520ee98c89195f9d0594110ad2.js" loaded.
2026-6-30 10:02:52-debug: [[Executor]] Module "pack:///chunks/4c/4c2851018e56f823e74c2b3e2117156bcb9e76d0.js" loaded.
2026-6-30 10:02:52-debug: [[Executor]] Register Prop
2026-6-30 10:02:52-debug: [[Executor]] Module "pack:///chunks/f6/f6cf9b6088316a765dbcd0b22eb496d3f4be80dc.js" loaded.
2026-6-30 10:02:52-debug: [[Executor]] Module "pack:///chunks/ec/ecb76259f390974cf14cad52564b11281c42a7e6.js" loaded.
2026-6-30 10:02:52-debug: [[Executor]] Module "pack:///chunks/38/38483f6f68b174c6aad120536d38c3642cb0e458.js" loaded.
2026-6-30 10:02:52-debug: [[Executor]] Register JumpDriveEngine
2026-6-30 10:02:52-debug: [[Executor]] Module "pack:///chunks/e5/e5fea8c54230bb378b45e63a8ea8186bdeccbbe2.js" loaded.
2026-6-30 10:02:52-debug: [[Executor]] Module "pack:///chunks/d5/d58c1ab1b696259af8c3b1384857266dba055462.js" loaded.
2026-6-30 10:02:52-debug: [[Executor]] Module "pack:///chunks/41/4103e3b8e8be7d1b0e7a8a67f28a2c29fe9aa2dc.js" loaded.
2026-6-30 10:02:52-debug: [[Executor]] Module "pack:///chunks/2e/2edb51f2f57b638345a2b9d561f476b67029b574.js" loaded.
2026-6-30 10:02:52-debug: [[Executor]] Module "pack:///chunks/5f/5fdfd08a9c16dc742e66ef16a5a8e13f5f831a3e.js" loaded.
2026-6-30 10:02:52-debug: [[Executor]] Module "pack:///chunks/b6/b6919de7425c243c4e1697f376cb4f6f6b2769a4.js" loaded.
2026-6-30 10:02:52-debug: [[Executor]] Register BagBase
2026-6-30 10:02:52-debug: [[Executor]] Module "pack:///chunks/84/84bbaa7f2e1a0639f57f755b935e1acb7d73f78e.js" loaded.
2026-6-30 10:02:52-debug: [[Executor]] Register FlayPropManager
2026-6-30 10:02:52-debug: [[Executor]] Module "pack:///chunks/80/80f420cd19a5967732f7f177a68c3670990311d3.js" loaded.
2026-6-30 10:02:52-debug: [[Executor]] Module "pack:///chunks/b5/b5c69e24499acddd297e4328687b0ea934b109d5.js" loaded.
2026-6-30 10:02:52-debug: [[Executor]] Register GroupPropTransform
2026-6-30 10:02:52-debug: [[Executor]] Register GroupBag3D
2026-6-30 10:02:52-debug: [[Executor]] Module "pack:///chunks/7e/7e52be47c960966fc7d962b7957dbbce1047514e.js" loaded.
2026-6-30 10:02:52-debug: [[Executor]] Module "pack:///chunks/f4/f4bb2b73aacdc0370fc65face1ef60d9e8732bfd.js" loaded.
2026-6-30 10:02:52-debug: [[Executor]] Module "pack:///chunks/0e/0ea1c77c59b038eb4661ef171f440cbc7cc134ca.js" loaded.
2026-6-30 10:02:52-debug: [[Executor]] Register LabBagUp
2026-6-30 10:02:52-debug: [[Executor]] Register CollectGetTarget
2026-6-30 10:02:52-debug: [[Executor]] Module "pack:///chunks/80/803faff6203a98317cc86f08677de73b7112b743.js" loaded.
2026-6-30 10:02:52-debug: [[Executor]] Register AttackTargetBase
2026-6-30 10:02:52-debug: [[Executor]] Module "pack:///chunks/b1/b12e427b1fcb487f729ef654542d8e9775a297cb.js" loaded.
2026-6-30 10:02:52-debug: [[Executor]] Module "pack:///chunks/3f/3ff8f1a74d7fbbd22ced04971b6ab15e04fd86a6.js" loaded.
2026-6-30 10:02:52-debug: [[Executor]] Register AreaAttack
2026-6-30 10:02:52-debug: [[Executor]] Module "pack:///chunks/29/296009d632e65e6f653d790324d741c2d9759f34.js" loaded.
2026-6-30 10:02:52-debug: [[Executor]] Register MeleeAttack
2026-6-30 10:02:52-debug: [[Executor]] Module "pack:///chunks/d5/d5f6e07e1b02d743fed3d9c2c8e155b0c3309d52.js" loaded.
2026-6-30 10:02:52-debug: D:\工程项目\PlayableAD\Cocos\TheW\20260615_HYQ\HYQ_Project\temp\programming\packer-driver\targets\editor\chunks\02\021cbce763294c7c4adf05845718c817a68ff9f3.js resolved to D:\工程项目\PlayableAD\Cocos\TheW\20260615_HYQ\HYQ_Project\temp\programming\packer-driver\targets\editor\chunks\02\021cbce763294c7c4adf05845718c817a68ff9f3.js is not in module cache!
2026-6-30 10:02:52-debug: [[Executor]] Register HpComponent
2026-6-30 10:02:52-debug: [[Executor]] Register MeshFlashPropData
2026-6-30 10:02:52-debug: [[Executor]] Module "pack:///chunks/9e/9ec8816866d723aea0e61547ea23bf04cc3c7c78.js" loaded.
2026-6-30 10:02:52-debug: [[Executor]] Register MeshFlashData
2026-6-30 10:02:52-debug: [[Executor]] Module "pack:///chunks/23/2370bd6a63dbba247d7fcab21c5244288f150386.js" loaded.
2026-6-30 10:02:52-debug: [[Executor]] Register BattleTargetBase
2026-6-30 10:02:52-debug: [[Executor]] Module "pack:///chunks/02/021cbce763294c7c4adf05845718c817a68ff9f3.js" loaded.
2026-6-30 10:02:52-debug: [[Executor]] Register EffectRemoveBase
2026-6-30 10:02:52-debug: [[Executor]] Module "pack:///chunks/dc/dcc18999575bc7125a793680f1b595554e7f2cde.js" loaded.
2026-6-30 10:02:52-debug: [[Executor]] Register EffectTimePartRemove
2026-6-30 10:02:52-debug: [[Executor]] Module "pack:///chunks/b0/b0316da27abe29af9f8a517d28257bc913762f57.js" loaded.
2026-6-30 10:02:52-debug: [[Executor]] Register ColliderTag
2026-6-30 10:02:52-debug: [[Executor]] Module "pack:///chunks/ce/ced31965a759b2c1d777a8f0d98f8cd326020d87.js" loaded.
2026-6-30 10:02:52-debug: [[Executor]] Register BulletMonsterCollisionManager
2026-6-30 10:02:52-debug: [[Executor]] Module "pack:///chunks/e1/e13771ea8032dbc1728530af431c57de3b1e5e24.js" loaded.
2026-6-30 10:02:52-debug: [[Executor]] Register BulletBattle3D
2026-6-30 10:02:52-debug: [[Executor]] Register MeshFlashSwitchData
2026-6-30 10:02:52-debug: [[Executor]] Register BattleTarget3D
2026-6-30 10:02:52-debug: [[Executor]] Module "pack:///chunks/9a/9a8786a747b555136cef77c9f5e7ad17e18a31eb.js" loaded.
2026-6-30 10:02:52-debug: [[Executor]] Register BulletCollideBase2D
2026-6-30 10:02:52-debug: [[Executor]] Module "pack:///chunks/bb/bb66609565f0d30fbedfe7ab7019decca8a2726b.js" loaded.
2026-6-30 10:02:52-debug: [[Executor]] Register BulletBattle2D
2026-6-30 10:02:52-debug: [[Executor]] Module "pack:///chunks/6c/6c35293030e947e52f03ea585990d17f31ea7df0.js" loaded.
2026-6-30 10:02:52-debug: [[Executor]] Module "pack:///chunks/43/4314f54defc530df4c3d4a14e3561038b8628ff3.js" loaded.
2026-6-30 10:02:52-debug: [[Executor]] Register RangedAttack
2026-6-30 10:02:52-debug: [[Executor]] Module "pack:///chunks/9b/9be30ad1a917cc0914201f1db5bdf1c5cb4d6e49.js" loaded.
2026-6-30 10:02:52-debug: [[Executor]] Register TriggerBase2D
2026-6-30 10:02:52-debug: [[Executor]] Module "pack:///chunks/8a/8a4b23fc8904a55daa926fa9bf2d450c2c59d378.js" loaded.
2026-6-30 10:02:52-debug: [[Executor]] Register BattleTarget2D
2026-6-30 10:02:52-debug: [[Executor]] Module "pack:///chunks/5b/5b626ae965dfc8bbf67ffe6dd329ea95c382afe6.js" loaded.
2026-6-30 10:02:52-debug: [[Executor]] Register CollectBattleTarger2D
2026-6-30 10:02:52-debug: [[Executor]] Module "pack:///chunks/4a/4a75ba705e89112b3bcc356e77985c7a095b80f4.js" loaded.
2026-6-30 10:02:52-debug: [[Executor]] Module "pack:///chunks/05/0510980ff6e9ad26ec622e2230780bc7f1d96f08.js" loaded.
2026-6-30 10:02:52-debug: [[Executor]] Module "pack:///chunks/f0/f05038aedf4d7805ad91dbf59f1c87fe35c23bb5.js" loaded.
2026-6-30 10:02:52-debug: [[Executor]] Register AttackParkPlay
2026-6-30 10:02:52-debug: [[Executor]] Module "pack:///chunks/05/05825d2a71d7765a90fbbdda8907aab57810f0a0.js" loaded.
2026-6-30 10:02:52-debug: [[Executor]] Register BulletBatchRenderer
2026-6-30 10:02:52-debug: [[Executor]] Module "pack:///chunks/a7/a78b9d0a8af4315011c59f40b6c49da033e49269.js" loaded.
2026-6-30 10:02:52-debug: [[Executor]] Module "pack:///chunks/6e/6e4d3e245933373fd13279940a5d6dee30418f49.js" loaded.
2026-6-30 10:02:52-debug: [[Executor]] Register RangedAttack_Circle
2026-6-30 10:02:52-debug: [[Executor]] Module "pack:///chunks/fa/fad9c36dab7fd23cbd0b1b9ebcbd02e6023aaadd.js" loaded.
2026-6-30 10:02:52-debug: [[Executor]] Register RangedAttack_Shrapnel
2026-6-30 10:02:52-debug: [[Executor]] Module "pack:///chunks/01/011c6605e93c83936bcaadc521a3f2df21bdd87a.js" loaded.
2026-6-30 10:02:52-debug: [[Executor]] Register BulletCollideBase3D
2026-6-30 10:02:52-debug: [[Executor]] Register EffectManager
2026-6-30 10:02:52-debug: [[Executor]] Register RangeTowerAttack
2026-6-30 10:02:52-debug: [[Executor]] Module "pack:///chunks/03/031aac2e2ea93f03b5422269c22800e822715034.js" loaded.
2026-6-30 10:02:52-debug: [[Executor]] Module "pack:///chunks/7a/7a056ac353cd4f184635b76aa08c0d427085fda7.js" loaded.
2026-6-30 10:02:52-debug: [[Executor]] Register CollectBattleTarger3D
2026-6-30 10:02:52-debug: [[Executor]] Module "pack:///chunks/11/1193ac27b94da532d27808ef712ed0fcd809d84d.js" loaded.
2026-6-30 10:02:52-debug: [[Executor]] Register EffectTimeRemove
2026-6-30 10:02:52-debug: [[Executor]] Module "pack:///chunks/29/2933ae65951958109aeb70104e6287b8240a8e01.js" loaded.
2026-6-30 10:02:52-debug: [[Executor]] Register TriggerBase3D
2026-6-30 10:02:52-debug: [[Executor]] Module "pack:///chunks/cd/cd87286564d42a577ada1093f142b4db43415d61.js" loaded.
2026-6-30 10:02:52-debug: [[Executor]] Register GuideLine
2026-6-30 10:02:52-debug: D:\工程项目\PlayableAD\Cocos\TheW\20260615_HYQ\HYQ_Project\temp\programming\packer-driver\targets\editor\chunks\fb\fb231b7b47c244832aa3ed0055e0ff4d6bda9530.js resolved to D:\工程项目\PlayableAD\Cocos\TheW\20260615_HYQ\HYQ_Project\temp\programming\packer-driver\targets\editor\chunks\fb\fb231b7b47c244832aa3ed0055e0ff4d6bda9530.js is not in module cache!
2026-6-30 10:02:52-debug: [[Executor]] Module "pack:///chunks/6b/6b5ef849a8a91f0cd956b88818795e47d9431e29.js" loaded.
2026-6-30 10:02:52-debug: [[Executor]] Register Role
2026-6-30 10:02:52-debug: [[Executor]] Register FbxManager
2026-6-30 10:02:52-debug: [[Executor]] Module "pack:///chunks/78/7875e58dc11de4424867c114cd71cf4d379fd7ce.js" loaded.
2026-6-30 10:02:52-debug: [[Executor]] Module "pack:///chunks/1e/1e9839fb85f612fea3030115a5d65b742de2db50.js" loaded.
2026-6-30 10:02:52-debug: [[Executor]] Module "pack:///chunks/fb/fb231b7b47c244832aa3ed0055e0ff4d6bda9530.js" loaded.
2026-6-30 10:02:52-debug: [[Executor]] Module "pack:///chunks/6b/6bf6369babd500e0802aeb38d4c346ae3462ef8b.js" loaded.
2026-6-30 10:02:52-debug: [[Executor]] Register GameOverPanel
2026-6-30 10:02:52-debug: [[Executor]] Module "pack:///chunks/12/120cba8f856407335ad8a04347cd4d36bf752a1e.js" loaded.
2026-6-30 10:02:52-debug: [[Executor]] Register MonsterBattleTaerget
2026-6-30 10:02:52-debug: [[Executor]] Register Player
2026-6-30 10:02:52-debug: [[Executor]] Module "pack:///chunks/2c/2c40d59e1ac0050bfd5e4aece9657278c88a4b47.js" loaded.
2026-6-30 10:02:52-debug: [[Executor]] Register ArmsInfo
2026-6-30 10:02:52-debug: [[Executor]] Register PropArms
2026-6-30 10:02:52-debug: [[Executor]] Module "pack:///chunks/aa/aa6223cf35796d09344450a14919ad24c61174bb.js" loaded.
2026-6-30 10:02:52-debug: [[Executor]] Register PropBrand
2026-6-30 10:02:52-debug: [[Executor]] Module "pack:///chunks/ac/ac0e66d1df96447f3ea6b579b5067cb87a880d84.js" loaded.
2026-6-30 10:02:52-debug: [[Executor]] Register PropLalianGate
2026-6-30 10:02:52-debug: [[Executor]] Module "pack:///chunks/c1/c14c87720f6e6e7b27f438925fae2cc2d4587268.js" loaded.
2026-6-30 10:02:52-debug: [[Executor]] Module "pack:///chunks/e2/e2cd37831230a7474a5c89ec9f0764c2d6ce1581.js" loaded.
2026-6-30 10:02:52-debug: [[Executor]] Register CreatePropBrand
2026-6-30 10:02:52-debug: [[Executor]] Register MonsterCreateInfo
2026-6-30 10:02:52-debug: [[Executor]] Register MonsterCreateQueue
2026-6-30 10:02:52-debug: [[Executor]] Module "pack:///chunks/7c/7cb3e78818d3ca7420c127c4f13ad5587e5cc5d3.js" loaded.
2026-6-30 10:02:52-debug: [[Executor]] Register GuideManager
2026-6-30 10:02:52-debug: [[Executor]] Register MonsterCreate
2026-6-30 10:02:52-debug: [[Executor]] Module "pack:///chunks/dd/ddf9ec67bc21176ab14fd7bef2d6099af7cab4e3.js" loaded.
2026-6-30 10:02:52-debug: [[Executor]] Register ArmsUp
2026-6-30 10:02:52-debug: [[Executor]] Module "pack:///chunks/7d/7d88e9fa4d49091167d5648112015c50cab8c311.js" loaded.
2026-6-30 10:02:52-debug: [[Executor]] Module "pack:///chunks/d0/d08abfe279c9195afbafb261981128dda32fee17.js" loaded.
2026-6-30 10:02:52-debug: [[Executor]] Register RockerUI
2026-6-30 10:02:52-debug: [[Executor]] Register PropTireGate
2026-6-30 10:02:52-debug: [[Executor]] Module "pack:///chunks/c8/c8d2fc621a68aadf290b9938ae81f70dbefcc8d6.js" loaded.
2026-6-30 10:02:52-debug: [[Executor]] Module "pack:///chunks/e4/e49d377195f0f6ca8039098e5e76d909c726c89c.js" loaded.
2026-6-30 10:02:52-debug: [[Executor]] Register RockerMouseEvent
2026-6-30 10:02:52-debug: [[Executor]] Module "pack:///chunks/c4/c409a49d391cd0107339e604abf784bacdef4b02.js" loaded.
2026-6-30 10:02:52-debug: [[Executor]] Register Shopping
2026-6-30 10:02:52-debug: [[Executor]] Register ShoppIngEvent
2026-6-30 10:02:52-debug: [[Executor]] Module "pack:///chunks/5f/5fd5284b513982ea020d8e9513905cac6e75919a.js" loaded.
2026-6-30 10:02:52-debug: [[Executor]] Register BuyWayBase
2026-6-30 10:02:52-debug: [[Executor]] Module "pack:///chunks/1b/1b6bd2739873dc60bb0e67b18f2ae1f3b116fb07.js" loaded.
2026-6-30 10:02:52-debug: [[Executor]] Register BuyWay2D
2026-6-30 10:02:52-debug: [[Executor]] Module "pack:///chunks/41/41b6ef284e15d0779c96601cab9a95a7c5e5919b.js" loaded.
2026-6-30 10:02:52-debug: [[Executor]] Register BuyWay3D
2026-6-30 10:02:52-debug: [[Executor]] Register ShoppingItem
2026-6-30 10:02:52-debug: [[Executor]] Module "pack:///chunks/99/9957d51b35d223fa476f8f6dcd2b5d011a93ab2f.js" loaded.
2026-6-30 10:02:52-debug: [[Executor]] Module "pack:///chunks/d8/d87351923699bbc0b3bf2e76b9d6665983f7b324.js" loaded.
2026-6-30 10:02:52-debug: [[Executor]] Register Shopping_Super
2026-6-30 10:02:52-debug: [[Executor]] Register FrameAnimManager
2026-6-30 10:02:52-debug: [[Executor]] Register FrameManager
2026-6-30 10:02:52-debug: [[Executor]] Module "pack:///chunks/83/8354ac407215243163174d3e83d4cdab306051e3.js" loaded.
2026-6-30 10:02:52-debug: [[Executor]] Module "pack:///chunks/b8/b8ff2efe0a5ef0b3134c1c0a100a2fc7e48d38e3.js" loaded.
2026-6-30 10:02:52-debug: [[Executor]] Register UIButtonEvent
2026-6-30 10:02:52-debug: [[Executor]] Module "pack:///chunks/84/848ca7bc3c110f0554094ecf01b3a37b01ea9dfd.js" loaded.
2026-6-30 10:02:52-debug: D:\工程项目\PlayableAD\Cocos\TheW\20260615_HYQ\HYQ_Project\temp\programming\packer-driver\targets\editor\chunks\7e\7ece20e41250ede0e4707962498ddfd8c4453b24.js resolved to D:\工程项目\PlayableAD\Cocos\TheW\20260615_HYQ\HYQ_Project\temp\programming\packer-driver\targets\editor\chunks\7e\7ece20e41250ede0e4707962498ddfd8c4453b24.js is not in module cache!
2026-6-30 10:02:52-debug: [[Executor]] Module "pack:///chunks/95/95d64f4c8aa166ee79b72d7add5021b420a7ce33.js" loaded.
2026-6-30 10:02:52-debug: [[Executor]] Module "pack:///chunks/23/23f4bc413c460b50ee5cc83636bb099609a379fd.js" loaded.
2026-6-30 10:02:52-debug: [[Executor]] Register StutterCheck
2026-6-30 10:02:52-debug: [[Executor]] Module "pack:///chunks/4a/4a434c55814df4d84e6cd9fee04d3f21bfa74070.js" loaded.
2026-6-30 10:02:52-debug: [[Executor]] Module "pack:///chunks/e9/e9668b02254f4db9826696b9dfb6914087bee6cc.js" loaded.
2026-6-30 10:02:52-debug: [[Executor]] Module "pack:///chunks/7e/7ece20e41250ede0e4707962498ddfd8c4453b24.js" loaded.
2026-6-30 10:02:52-debug: [[Executor]] Module "pack:///chunks/4d/4d68417d37cd80fe73d65d56dfe11dd26e9ef91a.js" loaded.
2026-6-30 10:02:52-debug: [[Executor]] Module "pack:///chunks/6d/6d8fd2b0177941b032ddc0733af48a561fb60657.js" loaded.
2026-6-30 10:02:52-debug: [[Executor]] after unlock
2026-6-30 10:02:52-debug: Incremental keys: 
2026-6-30 10:02:52-debug: Init bundle share assets start..., progress: 9%
2026-6-30 10:02:52-debug: Init bundle share assets start..., progress: 13%
2026-6-30 10:02:52-warn: The AnimationClip used by component "CameraMove" in scene "Game_3D-002" is missing. Detailed information:Node path: "Camera"Asset url: "db://assets/Scene/Game_3D-002"Missing uuid: "c6316384-dbb5-4431-ad4a-4c00d3092298@73b7f"
2026-6-30 10:02:52-warn: The AnimationClip used by component "CameraMove" in scene "Game_3D-002" is missing. Detailed information:Node path: "Camera"Asset url: "db://assets/Scene/Game_3D-002"Missing uuid: "c6316384-dbb5-4431-ad4a-4c00d3092298@73b7f"
2026-6-30 10:02:52-warn: The AnimationClip used by component "CameraMove" in scene "Game_3D-002" is missing. Detailed information:Node path: "Camera"Asset url: "db://assets/Scene/Game_3D-002"Missing uuid: "c6316384-dbb5-4431-ad4a-4c00d3092298@73b7f"
2026-6-30 10:02:52-warn: The Mesh used by component "cc.MeshRenderer" in prefab "Role_1" is missing. Detailed information:Node path: "Role_1/New Node/Bip001 Prop1 Socket/jiateling01"Asset url: "db://assets/GameRes/Prefab/Role_1"Missing uuid: "03189dd5-73dd-4e52-8644-1ff1a122b972@18a45"
2026-6-30 10:02:52-warn: The Mesh used by component "cc.MeshRenderer" in prefab "Role_2" is missing. Detailed information:Node path: "Role_2/New Node/Bip001 Prop1 Socket/jiateling01"Asset url: "db://assets/GameRes/Prefab/Role_2"Missing uuid: "03189dd5-73dd-4e52-8644-1ff1a122b972@18a45"
2026-6-30 10:02:52-warn: The Mesh used by component "cc.MeshRenderer" in prefab "Role_2" is missing. Detailed information:Node path: "Role_2/New Node/Bip001 Prop1 Socket/jiateling01"Asset url: "db://assets/GameRes/Prefab/Role_2"Missing uuid: "03189dd5-73dd-4e52-8644-1ff1a122b972@18a45"
2026-6-30 10:02:52-debug: Init bundle share assets success..., progress: 9%
2026-6-30 10:02:52-debug: Init bundle share assets success..., progress: 13%
2026-6-30 10:02:52-debug: handle json group in bundle internal success
2026-6-30 10:02:52-debug: handle json group in bundle resources
2026-6-30 10:02:52-debug: handle json group in bundle main
2026-6-30 10:02:52-debug: handle json group in bundle internal
2026-6-30 10:02:52-debug: init image compress task 0 in bundle internal
2026-6-30 10:02:52-debug: handle json group in bundle resources success
2026-6-30 10:02:52-debug: init image compress task 0 in bundle resources
2026-6-30 10:02:52-debug: [json-group] check self or raw asset, skip. f96153eb-6f89-4aad-b84b-808954761c02 depended by f96153eb-6f89-4aad-b84b-808954761c02 has checked in raw asset b5805d3a-3b80-4a12-adf5-588e63a7d886/bundle(main)}
2026-6-30 10:02:52-debug: [json-group] check self or raw asset, skip. 799add5f-4370-4ee6-b0a4-aca1ebcd06a3 depended by 799add5f-4370-4ee6-b0a4-aca1ebcd06a3 has checked in raw asset 799add5f-4370-4ee6-b0a4-aca1ebcd06a3/bundle(main)}
2026-6-30 10:02:52-debug: [json-group] check self or raw asset, skip. 799add5f-4370-4ee6-b0a4-aca1ebcd06a3 depended by 799add5f-4370-4ee6-b0a4-aca1ebcd06a3 has checked in raw asset b5805d3a-3b80-4a12-adf5-588e63a7d886/bundle(main)}
2026-6-30 10:02:52-debug: [json-group] check self or raw asset, skip. f96153eb-6f89-4aad-b84b-808954761c02 depended by f96153eb-6f89-4aad-b84b-808954761c02 has checked in raw asset f96153eb-6f89-4aad-b84b-808954761c02/bundle(main)}
2026-6-30 10:02:52-debug: handle json group in bundle main success
2026-6-30 10:02:52-debug: init image compress task 0 in bundle main
2026-6-30 10:02:52-debug: // ---- build task 查询 Asset Bundle ---- (685ms)
2026-6-30 10:02:52-log: run build task 查询 Asset Bundle success in 685 ms√, progress: 14%
2026-6-30 10:02:52-debug: [Build Memory track]: 查询 Asset Bundle start:289.46MB, end 295.87MB, increase: 6.41MB
2026-6-30 10:02:52-debug: // ---- build task 查询 Asset Bundle ----
2026-6-30 10:02:52-debug: 查询 Asset Bundle start, progress: 14%
2026-6-30 10:02:52-debug: // ---- build task 查询 Asset Bundle ---- (69ms)
2026-6-30 10:02:52-log: run build task 查询 Asset Bundle success in 69 ms√, progress: 19%
2026-6-30 10:02:52-debug: [Build Memory track]: 查询 Asset Bundle start:295.90MB, end 296.18MB, increase: 280.50KB
2026-6-30 10:02:52-debug: 打包脚本 start, progress: 19%
2026-6-30 10:02:52-debug: // ---- build task 打包脚本 ----
2026-6-30 10:02:54-log: [buildPolyfillsCommand]enter sub process 23372, 9229, see: chrome://inspect/#devices
2026-6-30 10:03:06-debug: Generate systemJs..., progress: 19%
2026-6-30 10:03:06-debug: execute-script-end with buildPolyfillsCommand 12660ms
2026-6-30 10:03:15-debug: execute-script-end with buildSystemJsCommand 9438ms
2026-6-30 10:03:15-debug: 构建项目脚本 start..., progress: 19%
2026-6-30 10:03:15-debug: 构建项目脚本 start..., progress: 13%
2026-6-30 10:03:24-warn: [buildScriptCommand][[Build.Script.Rollup]] Circular dependency: file:///D:/%E5%B7%A5%E7%A8%8B%E9%A1%B9%E7%9B%AE/PlayableAD/Cocos/TheW/20260615_HYQ/HYQ_Project/assets/Script/functionS/Jump/JumpManager.ts -> file:///D:/%E5%B7%A5%E7%A8%8B%E9%A1%B9%E7%9B%AE/PlayableAD/Cocos/TheW/20260615_HYQ/HYQ_Project/assets/Script/functionS/Jump/JumpDriveEngine.ts -> file:///D:/%E5%B7%A5%E7%A8%8B%E9%A1%B9%E7%9B%AE/PlayableAD/Cocos/TheW/20260615_HYQ/HYQ_Project/assets/Script/functionS/Jump/JumpManager.ts
2026-6-30 10:03:24-warn: [buildScriptCommand][[Build.Script.Rollup]] Circular dependency: file:///D:/%E5%B7%A5%E7%A8%8B%E9%A1%B9%E7%9B%AE/PlayableAD/Cocos/TheW/20260615_HYQ/HYQ_Project/assets/Script/functionS/Other/PropArms.ts -> file:///D:/%E5%B7%A5%E7%A8%8B%E9%A1%B9%E7%9B%AE/PlayableAD/Cocos/TheW/20260615_HYQ/HYQ_Project/assets/Script/functionS/Monster/MonsterCreate.ts -> file:///D:/%E5%B7%A5%E7%A8%8B%E9%A1%B9%E7%9B%AE/PlayableAD/Cocos/TheW/20260615_HYQ/HYQ_Project/assets/Script/functionS/Other/PropArms.ts[warning][[Build.Script.Rollup]] Circular dependency: file:///D:/%E5%B7%A5%E7%A8%8B%E9%A1%B9%E7%9B%AE/PlayableAD/Cocos/TheW/20260615_HYQ/HYQ_Project/extensions/super-packager/package_assets/JiangYv/PBASDK-v3/PrintComponent.ts -> file:///D:/%E5%B7%A5%E7%A8%8B%E9%A1%B9%E7%9B%AE/PlayableAD/Cocos/TheW/20260615_HYQ/HYQ_Project/extensions/super-packager/package_assets/JiangYv/PBASDK-v3/StutterCheck.ts -> file:///D:/%E5%B7%A5%E7%A8%8B%E9%A1%B9%E7%9B%AE/PlayableAD/Cocos/TheW/20260615_HYQ/HYQ_Project/extensions/super-packager/package_assets/JiangYv/PBASDK-v3/PrintComponent.ts
2026-6-30 10:03:34-log: [buildScriptCommand]Number of non-entry chunks: 3
2026-6-30 10:03:34-debug: execute-script-end with buildScriptCommand 19259ms
2026-6-30 10:03:34-debug: Copy externalScripts success!
2026-6-30 10:03:34-debug: 构建项目脚本 in (19333 ms) √, progress: 19%
2026-6-30 10:03:34-debug: 构建项目脚本 in (19333 ms) √, progress: 13%
2026-6-30 10:03:34-debug: 构建引擎脚本 start..., progress: 19%
2026-6-30 10:03:34-debug: mangleProperties is enabled, found engine-mangle-config.json, use it
2026-6-30 10:03:35-debug: Error: Exit process with code:null, signal:SIGTERM in task build-script    at ChildProcess.<anonymous> (C:\ProgramData\cocos\editors\Creator\3.8.7\resources\app.asar\builtin\builder\dist\worker\worker-pools\sub-process-manager.ccc:1:2409)    at ChildProcess.emit (node:events:519:28)    at Process.ChildProcess._handle.onexit (node:internal/child_process:294:12)
2026-6-30 10:03:35-debug: Use cache engine: {link(C:\Users\Admin\AppData\Local\Temp\CocosCreator\3.8.7\builder\engine\a154ee511c93165416d720dbd46d8d34)}
2026-6-30 10:03:35-debug: Use cache, md5String: debug=false,sourceMaps=false,includeModules=["2d","3d","animation","audio","base","custom-pipeline","gfx-webgl","gfx-webgl2","graphics","particle","physics-2d-box2d","physics-ammo","primitive","profiler","skeletal-animation","tween","ui","custom-pipeline-builtin-scripts"],engineVersion="3.8.7",platformType="HTML5",split=false,nativeCodeBundleMode="asmjs",targets=undefined,entry="C:\\ProgramData\\cocos\\editors\\Creator\\3.8.7\\resources\\resources\\3d\\engine",noDeprecatedFeatures=undefined,loose=true,assetURLFormat="runtime-resolved",flags={"DEBUG":false,"LOAD_BULLET_MANUALLY":false,"LOAD_SPINE_MANUALLY":false,"WEBGPU":false},preserveType=undefined,wasmCompressionMode=false,enableNamedRegisterForSystemJSModuleFormat=undefined,mangleProperties=false,inlineEnum=true,
2026-6-30 10:03:35-debug: Use cache, options: {  "entry": "C:\\ProgramData\\cocos\\editors\\Creator\\3.8.7\\resources\\resources\\3d\\engine",  "debug": false,  "mangleProperties": false,  "inlineEnum": true,  "sourceMaps": false,  "includeModules": [    "2d",    "3d",    "animation",    "audio",    "base",    "custom-pipeline",    "gfx-webgl",    "gfx-webgl2",    "graphics",    "particle",    "physics-2d-box2d",    "physics-ammo",    "primitive",    "profiler",    "skeletal-animation",    "tween",    "ui",    "custom-pipeline-builtin-scripts"  ],  "engineVersion": "3.8.7",  "md5Map": [],  "engineName": "cocos-js",  "output": "D:\\工程项目\\PlayableAD\\Cocos\\TheW\\20260615_HYQ\\HYQ_Project\\build\\web-mobile\\cocos-js",  "platformType": "HTML5",  "useCache": true,  "nativeCodeBundleMode": "asmjs",  "wasmCompressionMode": false,  "split": false,  "assetURLFormat": "runtime-resolved",  "flags": {    "DEBUG": false,    "LOAD_BULLET_MANUALLY": false,    "LOAD_SPINE_MANUALLY": false,    "WEBGPU": false  }}
2026-6-30 10:03:35-debug: 构建引擎脚本 in (621 ms) √, progress: 19%
2026-6-30 10:03:35-debug: Copy plugin script ..., progress: 19%
2026-6-30 10:03:35-debug: Generate import-map..., progress: 19%
2026-6-30 10:03:35-log: run build task 打包脚本 success in 42 s√, progress: 24%
2026-6-30 10:03:35-debug: // ---- build task 打包脚本 ---- (42907ms)
2026-6-30 10:03:35-debug: [Build Memory track]: 打包脚本 start:296.34MB, end 275.88MB, increase: -20954.75KB
2026-6-30 10:03:35-debug: Build Assets start, progress: 24%
2026-6-30 10:03:35-debug: // ---- build task Build Assets ----
2026-6-30 10:03:35-debug: Build bundles..., progress: 24%
2026-6-30 10:03:35-debug: Pack Images start, progress: 24%
2026-6-30 10:03:35-debug: Pack Images start, progress: 13%
2026-6-30 10:03:35-debug: Number of pac assets: 3
2026-6-30 10:03:35-debug: Get Cache info of pac success {asset(17513a27-4f11-4047-a0be-8d0cb6187b9e)}
2026-6-30 10:03:35-debug: Get Cache info of pac success {asset(b74fc0c2-4c67-4dd4-8d74-9612ad56cfb1)}
2026-6-30 10:03:35-debug: Number of pack results: 2
2026-6-30 10:03:35-debug: start collect depend assets in pac17513a27-4f11-4047-a0be-8d0cb6187b9e
2026-6-30 10:03:35-debug: start sort bundle in pacb74fc0c2-4c67-4dd4-8d74-9612ad56cfb1
2026-6-30 10:03:35-debug: start collect depend assets in pacb74fc0c2-4c67-4dd4-8d74-9612ad56cfb1
2026-6-30 10:03:35-debug: end sort bundle in pacb74fc0c2-4c67-4dd4-8d74-9612ad56cfb1
2026-6-30 10:03:35-debug: start sort bundle in pac17513a27-4f11-4047-a0be-8d0cb6187b9e
2026-6-30 10:03:35-debug: end sort bundle in pac17513a27-4f11-4047-a0be-8d0cb6187b9e
2026-6-30 10:03:35-debug: builder:pack-auto-atlas-image (212ms)
2026-6-30 10:03:35-debug: Compress image start..., progress: 24%
2026-6-30 10:03:35-debug: Pack Images success, progress: 24%
2026-6-30 10:03:35-debug: Compress image start..., progress: 13%
2026-6-30 10:03:35-debug: Pack Images success, progress: 13%
2026-6-30 10:03:35-debug: Num of all image compress task 0, really: 0, configTasks: 0
2026-6-30 10:03:35-debug: sort compress task {}
2026-6-30 10:03:35-debug: Compress image success..., progress: 24%
2026-6-30 10:03:35-debug: Compress image success..., progress: 13%
2026-6-30 10:03:35-debug: Output asset in bundles start, progress: 24%
2026-6-30 10:03:35-debug: Output asset in bundles start, progress: 13%
2026-6-30 10:03:35-debug: No image need to compress
2026-6-30 10:03:35-debug: handle json group
2026-6-30 10:03:35-debug: Handle all json groups in bundle internal
2026-6-30 10:03:35-debug: handle json group
2026-6-30 10:03:35-debug: Handle all json groups in bundle resources
2026-6-30 10:03:35-debug: Handle all json groups in bundle main
2026-6-30 10:03:35-debug: handle json group
2026-6-30 10:03:35-debug: Json group(033f45a16) compile success，json number: 6
2026-6-30 10:03:35-debug: handle single json
2026-6-30 10:03:35-debug: Json group(0b54f34d0) compile success，json number: 6
2026-6-30 10:03:35-debug: Json group(0765dd8b4) compile success，json number: 6
2026-6-30 10:03:35-debug: Json group(0a84a1761) compile success，json number: 6
2026-6-30 10:03:36-debug: Json group(09e986d7f) compile success，json number: 6
2026-6-30 10:03:36-debug: Json group(0a8b38f43) compile success，json number: 6
2026-6-30 10:03:36-debug: Json group(05a6ba422) compile success，json number: 6
2026-6-30 10:03:36-debug: handle single json
2026-6-30 10:03:36-debug: Json group(0bd960b15) compile success，json number: 6
2026-6-30 10:03:36-debug: Json group(05d786f3c) compile success，json number: 6
2026-6-30 10:03:36-debug: Json group(0b4a73f10) compile success，json number: 6
2026-6-30 10:03:36-debug: Json group(0d36bcfd0) compile success，json number: 6
2026-6-30 10:03:36-debug: Json group(0939f5774) compile success，json number: 6
2026-6-30 10:03:36-debug: Json group(04d1efb95) compile success，json number: 6
2026-6-30 10:03:36-debug: Json group(05ff4bf9a) compile success，json number: 6
2026-6-30 10:03:36-debug: Json group(058888a4d) compile success，json number: 6
2026-6-30 10:03:36-debug: Json group(0aa2d87de) compile success，json number: 6
2026-6-30 10:03:36-debug: Json group(0936a916b) compile success，json number: 6
2026-6-30 10:03:36-debug: Json group(0b3e0b1ce) compile success，json number: 6
2026-6-30 10:03:36-debug: Json group(03bca836c) compile success，json number: 6
2026-6-30 10:03:36-debug: Json group(018f8689b) compile success，json number: 6
2026-6-30 10:03:36-debug: Json group(09f4a3c5f) compile success，json number: 6
2026-6-30 10:03:36-debug: Json group(0573d1736) compile success，json number: 6
2026-6-30 10:03:36-warn: The Mesh used by component "cc.MeshRenderer" in prefab "Role_2" is missing. Detailed information:Node path: "Role_2/New Node/Bip001 Prop1 Socket/jiateling01"Asset url: "db://assets/GameRes/Prefab/Role_2"Missing uuid: "03189dd5-73dd-4e52-8644-1ff1a122b972@18a45"
2026-6-30 10:03:36-warn: The Mesh used by component "cc.MeshRenderer" in prefab "Role_2" is missing. Detailed information:Node path: "Role_2/New Node/Bip001 Prop1 Socket/jiateling01"Asset url: "db://assets/GameRes/Prefab/Role_2"Missing uuid: "03189dd5-73dd-4e52-8644-1ff1a122b972@18a45"
2026-6-30 10:03:36-debug: Json group(0d1405e99) compile success，json number: 6
2026-6-30 10:03:36-debug: Json group(0fbb3d0d7) compile success，json number: 6
2026-6-30 10:03:36-debug: Json group(0b756a9e5) compile success，json number: 6
2026-6-30 10:03:36-debug: Json group(0acdaf410) compile success，json number: 6
2026-6-30 10:03:36-debug: Json group(045d59844) compile success，json number: 6
2026-6-30 10:03:36-debug: Json group(03d712220) compile success，json number: 6
2026-6-30 10:03:36-debug: Json group(0418d0963) compile success，json number: 6
2026-6-30 10:03:36-debug: Json group(0d46b5455) compile success，json number: 6
2026-6-30 10:03:36-debug: Json group(0d76502e0) compile success，json number: 6
2026-6-30 10:03:36-warn: The AnimationClip used by component "CameraMove" in scene "Game_3D-002" is missing. Detailed information:Node path: "Camera"Asset url: "db://assets/Scene/Game_3D-002"Missing uuid: "c6316384-dbb5-4431-ad4a-4c00d3092298@73b7f"
2026-6-30 10:03:36-warn: The AnimationClip used by component "CameraMove" in scene "Game_3D-002" is missing. Detailed information:Node path: "Camera"Asset url: "db://assets/Scene/Game_3D-002"Missing uuid: "c6316384-dbb5-4431-ad4a-4c00d3092298@73b7f"
2026-6-30 10:03:36-warn: The AnimationClip used by component "CameraMove" in scene "Game_3D-002" is missing. Detailed information:Node path: "Camera"Asset url: "db://assets/Scene/Game_3D-002"Missing uuid: "c6316384-dbb5-4431-ad4a-4c00d3092298@73b7f"
2026-6-30 10:03:36-warn: The Mesh used by component "cc.MeshRenderer" in prefab "Role_1" is missing. Detailed information:Node path: "Role_1/New Node/Bip001 Prop1 Socket/jiateling01"Asset url: "db://assets/GameRes/Prefab/Role_1"Missing uuid: "03189dd5-73dd-4e52-8644-1ff1a122b972@18a45"
2026-6-30 10:03:36-debug: Json group(015d25184) compile success，json number: 6
2026-6-30 10:03:36-debug: Json group(05744dfbc) compile success，json number: 6
2026-6-30 10:03:36-debug: handle single json
2026-6-30 10:03:37-debug: Output asset in bundles success, progress: 24%
2026-6-30 10:03:37-debug: Output asset in bundles success, progress: 13%
2026-6-30 10:03:37-debug: Output asset in bundles start, progress: 24%
2026-6-30 10:03:37-debug: compress config of bundle internal...
2026-6-30 10:03:37-debug: compress config of bundle internal success
2026-6-30 10:03:37-debug: compress config of bundle resources success
2026-6-30 10:03:37-debug: Output asset in bundles start, progress: 13%
2026-6-30 10:03:37-debug: compress config of bundle main success
2026-6-30 10:03:37-debug: output config of bundle internal
2026-6-30 10:03:37-debug: output config of bundle internal success
2026-6-30 10:03:37-debug: output config of bundle resources
2026-6-30 10:03:37-debug: output config of bundle resources success
2026-6-30 10:03:37-debug: output config of bundle main
2026-6-30 10:03:37-debug: output config of bundle main success
2026-6-30 10:03:37-debug: compress config of bundle main...
2026-6-30 10:03:37-debug: compress config of bundle resources...
2026-6-30 10:03:37-debug: Output asset in bundles success, progress: 13%
2026-6-30 10:03:37-debug: Output asset in bundles success, progress: 24%
2026-6-30 10:03:37-debug: // ---- build task Build Assets ---- (2068ms)
2026-6-30 10:03:37-log: run build task Build Assets success in 2 s√, progress: 29%
2026-6-30 10:03:37-debug: 整理部分构建选项内数据到 settings.json start, progress: 29%
2026-6-30 10:03:37-debug: [Build Memory track]: Build Assets start:275.91MB, end 332.83MB, increase: 56.92MB
2026-6-30 10:03:37-debug: // ---- build task 整理部分构建选项内数据到 settings.json ----
2026-6-30 10:03:37-debug: // ---- build task 整理部分构建选项内数据到 settings.json ---- (77ms)
2026-6-30 10:03:37-log: run build task 整理部分构建选项内数据到 settings.json success in 77 ms√, progress: 31%
2026-6-30 10:03:37-debug: [Build Memory track]: 整理部分构建选项内数据到 settings.json start:332.94MB, end 333.02MB, increase: 77.63KB
2026-6-30 10:03:37-debug: 填充脚本数据到 settings.json start, progress: 31%
2026-6-30 10:03:37-debug: // ---- build task 填充脚本数据到 settings.json ----
2026-6-30 10:03:37-log: run build task 填充脚本数据到 settings.json success in 55 ms√, progress: 32%
2026-6-30 10:03:37-debug: [Build Memory track]: 填充脚本数据到 settings.json start:333.06MB, end 333.13MB, increase: 78.84KB
2026-6-30 10:03:37-debug: 整理部分构建选项内数据到 settings.json start, progress: 32%
2026-6-30 10:03:37-debug: // ---- build task 整理部分构建选项内数据到 settings.json ----
2026-6-30 10:03:37-debug: // ---- build task 填充脚本数据到 settings.json ---- (55ms)
2026-6-30 10:03:38-debug: // ---- build task 整理部分构建选项内数据到 settings.json ---- (337ms)
2026-6-30 10:03:38-log: run build task 整理部分构建选项内数据到 settings.json success in 337 ms√, progress: 34%
2026-6-30 10:03:38-debug: web-mobile:(onBeforeCompressSettings) start..., progress: 34%
2026-6-30 10:03:38-debug: [Build Memory track]: 整理部分构建选项内数据到 settings.json start:333.17MB, end 333.33MB, increase: 158.27KB
2026-6-30 10:03:38-debug: // ---- build task web-mobile：onBeforeCompressSettings ----
2026-6-30 10:03:38-debug: // ---- build task web-mobile：onBeforeCompressSettings ---- (65ms)
2026-6-30 10:03:38-debug: web-mobile:(onBeforeCompressSettings) in 65 ms ✓, progress: 36%
2026-6-30 10:03:38-debug: cocos-service:(onBeforeCompressSettings) start..., progress: 36%
2026-6-30 10:03:38-debug: // ---- build task cocos-service：onBeforeCompressSettings ----
2026-6-30 10:03:38-debug: // ---- build task cocos-service：onBeforeCompressSettings ---- (168ms)
2026-6-30 10:03:38-debug: super-packager:(onBeforeCompressSettings) start..., progress: 38%
2026-6-30 10:03:38-debug: cocos-service:(onBeforeCompressSettings) in 168 ms ✓, progress: 38%
2026-6-30 10:03:38-debug: // ---- build task super-packager：onBeforeCompressSettings ----
2026-6-30 10:03:38-log: [SUPER_PACKAGE]onBeforeCompressSettings
2026-6-30 10:03:38-debug: // ---- build task super-packager：onBeforeCompressSettings ---- (66ms)
2026-6-30 10:03:38-debug: super-packager:(onBeforeCompressSettings) in 66 ms ✓, progress: 40%
2026-6-30 10:03:38-debug: // ---- build task 整理静态模板文件 ----
2026-6-30 10:03:38-debug: 整理静态模板文件 start, progress: 40%
2026-6-30 10:03:38-debug: // ---- build task 整理静态模板文件 ---- (112ms)
2026-6-30 10:03:38-log: run build task 整理静态模板文件 success in 112 ms√, progress: 45%
2026-6-30 10:03:38-debug: [Build Memory track]: 整理静态模板文件 start:333.74MB, end 329.71MB, increase: -4121.65KB
2026-6-30 10:03:38-debug: cocos-service:(onAfterCompressSettings) start..., progress: 45%
2026-6-30 10:03:38-debug: // ---- build task cocos-service：onAfterCompressSettings ----
2026-6-30 10:03:38-debug: cocos-service:(onAfterCompressSettings) in 120 ms ✓, progress: 46%
2026-6-30 10:03:38-debug: // ---- build task cocos-service：onAfterCompressSettings ---- (120ms)
2026-6-30 10:03:38-debug: super-packager:(onAfterCompressSettings) start..., progress: 46%
2026-6-30 10:03:38-debug: // ---- build task super-packager：onAfterCompressSettings ----
2026-6-30 10:03:38-log: [SUPER_PACKAGE]onAfterCompressSettings
2026-6-30 10:03:38-debug: web-mobile:(onBeforeCopyBuildTemplate) start..., progress: 48%
2026-6-30 10:03:38-debug: // ---- build task super-packager：onAfterCompressSettings ---- (41ms)
2026-6-30 10:03:38-debug: // ---- build task web-mobile：onBeforeCopyBuildTemplate ----
2026-6-30 10:03:38-debug: super-packager:(onAfterCompressSettings) in 41 ms ✓, progress: 48%
2026-6-30 10:03:38-debug: web-mobile:(onBeforeCopyBuildTemplate) in 88 ms ✓, progress: 50%
2026-6-30 10:03:38-debug: // ---- build task web-mobile：onBeforeCopyBuildTemplate ---- (88ms)
2026-6-30 10:03:38-debug: 给所有的资源加上 MD5 后缀 start, progress: 50%
2026-6-30 10:03:38-debug: // ---- build task 给所有的资源加上 MD5 后缀 ----
2026-6-30 10:03:38-debug: // ---- build task 给所有的资源加上 MD5 后缀 ---- (70ms)
2026-6-30 10:03:38-debug: [Build Memory track]: 给所有的资源加上 MD5 后缀 start:328.58MB, end 328.66MB, increase: 77.13KB
2026-6-30 10:03:38-log: run build task 给所有的资源加上 MD5 后缀 success in 70 ms√, progress: 60%
2026-6-30 10:03:38-debug: web-mobile:(onAfterBuild) start..., progress: 60%
2026-6-30 10:03:38-debug: // ---- build task web-mobile：onAfterBuild ----
2026-6-30 10:03:38-debug: // ---- build task web-mobile：onAfterBuild ---- (61ms)
2026-6-30 10:03:38-debug: cocos-service:(onAfterBuild) start..., progress: 62%
2026-6-30 10:03:38-debug: web-mobile:(onAfterBuild) in 61 ms ✓, progress: 62%
2026-6-30 10:03:38-debug: // ---- build task cocos-service：onAfterBuild ----
2026-6-30 10:03:38-debug: // ---- build task cocos-service：onAfterBuild ---- (117ms)
2026-6-30 10:03:38-debug: cocos-service:(onAfterBuild) in 117 ms ✓, progress: 64%
2026-6-30 10:03:38-debug: adsense-h5g-plugin:(onAfterBuild) start..., progress: 64%
2026-6-30 10:03:38-debug: // ---- build task adsense-h5g-plugin：onAfterBuild ----
2026-6-30 10:03:39-debug: // ---- build task adsense-h5g-plugin：onAfterBuild ---- (67ms)
2026-6-30 10:03:39-debug: adsense-h5g-plugin:(onAfterBuild) in 67 ms ✓, progress: 65%
2026-6-30 10:03:39-debug: // ---- build task super-html：onAfterBuild ----
2026-6-30 10:03:39-debug: super-html:(onAfterBuild) start..., progress: 65%
2026-6-30 10:03:39-log: [super-html] : -- start --
2026-6-30 10:03:39-log: [super-html] : engine version 3.8.7
2026-6-30 10:03:39-log: [super-html] : s_input_dir D:\工程项目\PlayableAD\Cocos\TheW\20260615_HYQ\HYQ_Project\build\web-mobile
2026-6-30 10:03:39-log: [super-html] : s_out_dir D:\工程项目\PlayableAD\Cocos\TheW\20260615_HYQ\HYQ_Project\build\super-html
2026-6-30 10:03:45-debug: // ---- build task super-html：onAfterBuild ---- (6926ms)
2026-6-30 10:03:46-debug: super-html:(onAfterBuild) in 6926 ms ✓, progress: 67%
2026-6-30 10:03:46-debug: super-packager:(onAfterBuild) start..., progress: 67%
2026-6-30 10:03:46-debug: // ---- build task super-packager：onAfterBuild ----
2026-6-30 10:03:46-log: [SUPER_PACKAGE]onAfterBuild
2026-6-30 10:03:46-debug: // ---- build task super-packager：onAfterBuild ---- (305ms)
2026-6-30 10:03:46-log: Asset DB is resume!
2026-6-30 10:03:46-debug: super-packager:(onAfterBuild) in 305 ms ✓, progress: 69%
2026-6-30 10:03:46-debug: builder:build-project-total (55867ms)
2026-6-30 10:03:46-debug: build task(web-mobile) in 55867!
2026-6-30 10:03:47-debug: [Build Memory track]: builder:build-project-total start:289.57MB, end 283.84MB, increase: -5866.52KB
2026-6-30 10:03:47-debug: ================================ build Task (web-mobile) Finished in (56 s)ms ================================
2026-6-30 10:03:47-debug: Stop record console. {file(D:\工程项目\PlayableAD\Cocos\TheW\20260615_HYQ\HYQ_Project\temp\builder\log\web-mobile2026-6-30 09-49.log)}
2026-6-30 10:03:47-warn: The Mesh used by component "cc.MeshRenderer" in prefab "Role_2" is missing. Detailed information:Node path: "Role_2/New Node/Bip001 Prop1 Socket/jiateling01"Asset url: "db://assets/GameRes/Prefab/Role_2"Missing uuid: "03189dd5-73dd-4e52-8644-1ff1a122b972@18a45"
2026-6-30 10:03:47-warn: The Mesh used by component "cc.MeshRenderer" in prefab "Role_2" is missing. Detailed information:Node path: "Role_2/New Node/Bip001 Prop1 Socket/jiateling01"Asset url: "db://assets/GameRes/Prefab/Role_2"Missing uuid: "03189dd5-73dd-4e52-8644-1ff1a122b972@18a45"
2026-6-30 10:03:47-warn: The AnimationClip used by component "CameraMove" in scene "Game_3D-002" is missing. Detailed information:Node path: "Camera"Asset url: "db://assets/Scene/Game_3D-002"Missing uuid: "c6316384-dbb5-4431-ad4a-4c00d3092298@73b7f"
2026-6-30 10:03:47-warn: The AnimationClip used by component "CameraMove" in scene "Game_3D-002" is missing. Detailed information:Node path: "Camera"Asset url: "db://assets/Scene/Game_3D-002"Missing uuid: "c6316384-dbb5-4431-ad4a-4c00d3092298@73b7f"
2026-6-30 10:03:47-warn: The AnimationClip used by component "CameraMove" in scene "Game_3D-002" is missing. Detailed information:Node path: "Camera"Asset url: "db://assets/Scene/Game_3D-002"Missing uuid: "c6316384-dbb5-4431-ad4a-4c00d3092298@73b7f"
2026-6-30 10:03:47-warn: The Mesh used by component "cc.MeshRenderer" in prefab "Role_1" is missing. Detailed information:Node path: "Role_1/New Node/Bip001 Prop1 Socket/jiateling01"Asset url: "db://assets/GameRes/Prefab/Role_1"Missing uuid: "03189dd5-73dd-4e52-8644-1ff1a122b972@18a45"
2026-6-30 10:03:51-log: [super-html] : [common] [13645 kb] D:\工程项目\PlayableAD\Cocos\TheW\20260615_HYQ\HYQ_Project\build\super-html\common\HYQ_common.html
2026-6-30 10:03:51-log: [super-html] : [common] [6297 kb] D:\工程项目\PlayableAD\Cocos\TheW\20260615_HYQ\HYQ_Project\build\super-html\common\HYQ_common_min.html
2026-6-30 10:03:52-log: [super-html] : [applovin] [6298 kb] D:\工程项目\PlayableAD\Cocos\TheW\20260615_HYQ\HYQ_Project\build\super-html\applovin\HYQ_applovin.html
2026-6-30 10:03:52-log: [super-html] : [ironsource] [6301 kb] D:\工程项目\PlayableAD\Cocos\TheW\20260615_HYQ\HYQ_Project\build\super-html\ironsource\HYQ_ironsource.html
2026-6-30 10:03:52-log: [super-html] : [ironsource2025] [6299 kb] D:\工程项目\PlayableAD\Cocos\TheW\20260615_HYQ\HYQ_Project\build\super-html\ironsource2025\HYQ_ironsource2025.html
2026-6-30 10:03:53-log: [super-html] : [mintegral] [4561 kb] D:\工程项目\PlayableAD\Cocos\TheW\20260615_HYQ\HYQ_Project\build\super-html\mintegral\HYQ_mintegral.zip
2026-6-30 10:03:53-log: [super-html] : [chartboost] [6298 kb] D:\工程项目\PlayableAD\Cocos\TheW\20260615_HYQ\HYQ_Project\build\super-html\chartboost\HYQ_chartboost.html
2026-6-30 10:03:53-log: [super-html] : [unity] [6298 kb] D:\工程项目\PlayableAD\Cocos\TheW\20260615_HYQ\HYQ_Project\build\super-html\unity\HYQ_unity.html
2026-6-30 10:03:54-log: [super-html] : [google] [4631 kb] D:\工程项目\PlayableAD\Cocos\TheW\20260615_HYQ\HYQ_Project\build\super-html\google\HYQ_google.zip
2026-6-30 10:03:55-log: [super-html] : [google] [4631 kb] D:\工程项目\PlayableAD\Cocos\TheW\20260615_HYQ\HYQ_Project\build\super-html\google\HYQ_google_portrait.zip
2026-6-30 10:03:55-log: [super-html] : [google] [4631 kb] D:\工程项目\PlayableAD\Cocos\TheW\20260615_HYQ\HYQ_Project\build\super-html\google\HYQ_google_landscape.zip
2026-6-30 10:03:55-log: [super-html] : [facebook] [6298 kb] D:\工程项目\PlayableAD\Cocos\TheW\20260615_HYQ\HYQ_Project\build\super-html\facebook\HYQ_facebook.html
2026-6-30 10:03:56-log: [super-html] : [facebook] [4631 kb] D:\工程项目\PlayableAD\Cocos\TheW\20260615_HYQ\HYQ_Project\build\super-html\facebook\HYQ_facebook.zip
2026-6-30 10:03:57-log: [super-html] : [pangle] [4561 kb] D:\工程项目\PlayableAD\Cocos\TheW\20260615_HYQ\HYQ_Project\build\super-html\pangle\HYQ_pangle.zip
2026-6-30 10:03:59-log: [super-html] : [pangle] [4561 kb] D:\工程项目\PlayableAD\Cocos\TheW\20260615_HYQ\HYQ_Project\build\super-html\pangle\HYQ_pangle_portrait.zip
2026-6-30 10:04:00-log: [super-html] : [pangle] [4561 kb] D:\工程项目\PlayableAD\Cocos\TheW\20260615_HYQ\HYQ_Project\build\super-html\pangle\HYQ_pangle_landscape.zip
2026-6-30 10:04:01-log: [super-html] : [liftoff] [4561 kb] D:\工程项目\PlayableAD\Cocos\TheW\20260615_HYQ\HYQ_Project\build\super-html\liftoff\HYQ_liftoff.zip
2026-6-30 10:04:01-log: [super-html] : [moloco] [6298 kb] D:\工程项目\PlayableAD\Cocos\TheW\20260615_HYQ\HYQ_Project\build\super-html\moloco\HYQ_moloco.html
2026-6-30 10:04:02-log: [super-html] : [tiktok] [4561 kb] D:\工程项目\PlayableAD\Cocos\TheW\20260615_HYQ\HYQ_Project\build\super-html\tiktok\HYQ_tiktok.zip
2026-6-30 10:04:03-log: [super-html] : [vungle] [4561 kb] D:\工程项目\PlayableAD\Cocos\TheW\20260615_HYQ\HYQ_Project\build\super-html\vungle\HYQ_vungle.zip
2026-6-30 10:04:04-log: [super-html] : [bigo] [4561 kb] D:\工程项目\PlayableAD\Cocos\TheW\20260615_HYQ\HYQ_Project\build\super-html\bigo\HYQ_bigo.zip
2026-6-30 10:04:04-log: [super-html] : [kwai] : thumbnail_cover.jpg no find
2026-6-30 10:04:05-log: [super-html] : [kwai] [4561 kb] D:\工程项目\PlayableAD\Cocos\TheW\20260615_HYQ\HYQ_Project\build\super-html\kwai\HYQ_kwai.zip
2026-6-30 10:04:05-log: [super-html] : [nefta] [6298 kb] D:\工程项目\PlayableAD\Cocos\TheW\20260615_HYQ\HYQ_Project\build\super-html\nefta\HYQ_nefta.html
2026-6-30 10:04:06-log: [super-html] : [nefta] [4561 kb] D:\工程项目\PlayableAD\Cocos\TheW\20260615_HYQ\HYQ_Project\build\super-html\nefta\HYQ_nefta.zip
2026-6-30 10:04:06-log: [super-html] : [snapchat] [4631 kb] D:\工程项目\PlayableAD\Cocos\TheW\20260615_HYQ\HYQ_Project\build\super-html\snapchat\HYQ_snapchat_portrait.zip
2026-6-30 10:04:07-log: [super-html] : [gdt] [4631 kb] D:\工程项目\PlayableAD\Cocos\TheW\20260615_HYQ\HYQ_Project\build\super-html\gdt\HYQ_gdt.zip
2026-6-30 10:04:08-log: [super-html] : [gdt] [4631 kb] D:\工程项目\PlayableAD\Cocos\TheW\20260615_HYQ\HYQ_Project\build\super-html\gdt\HYQ_gdt_portrait.zip
2026-6-30 10:04:09-log: [super-html] : [gdt] [4631 kb] D:\工程项目\PlayableAD\Cocos\TheW\20260615_HYQ\HYQ_Project\build\super-html\gdt\HYQ_gdt_landscape.zip
2026-6-30 10:04:09-log: [super-html] : run time 30.052S
2026-6-30 10:04:09-log: [super-html] : -- end -- 
2026-6-30 10:04:26-debug: refresh db internal success
2026-6-30 10:04:26-debug: refresh db assets success
2026-6-30 10:04:26-debug: %cImport%c: D:\工程项目\PlayableAD\Cocos\TheW\20260615_HYQ\HYQ_Project\extensions\super-packager\package_assets\Common\SuperPackage.tsbackground: #aaff85; color: #000;color: #000;
2026-6-30 10:04:26-debug: %cImport%c: D:\工程项目\PlayableAD\Cocos\TheW\20260615_HYQ\HYQ_Project\extensions\super-packager\package_assets\JiangYv\PBASDK-v3\PBASDK.tsbackground: #aaff85; color: #000;color: #000;
2026-6-30 10:04:26-debug: refresh db super-packager success
2026-6-30 10:04:26-debug: Run asset db hook engine-extends:afterRefresh ...
2026-6-30 10:04:26-debug: Run asset db hook engine-extends:afterRefresh success!
2026-6-30 10:04:26-debug: asset-db:refresh-all-database (386ms)
2026-6-30 10:04:26-debug: asset-db:worker-effect-data-processing (2ms)
2026-6-30 10:04:26-debug: asset-db-hook-engine-extends-afterRefresh (2ms)
2026-6-30 10:04:28-debug: Query all assets info in project
2026-6-30 10:04:28-debug: init custom config: keepNodeUuid: false, useCache: true
2026-6-30 10:04:28-debug: Skip compress image, progress: 0%
2026-6-30 10:04:28-debug: Init all bundles start..., progress: 0%
2026-6-30 10:04:28-debug: 查询 Asset Bundle start, progress: 0%
2026-6-30 10:04:28-debug: // ---- build task 查询 Asset Bundle ----
2026-6-30 10:04:28-debug: Num of bundles: 3..., progress: 0%
2026-6-30 10:04:28-debug: Init bundle root assets start..., progress: 0%
2026-6-30 10:04:28-debug: Query preload assets/scripts from cc.config.json: 60f7195c-ec2a-45eb-ba94-8955f60e81d0,1c02ae6f-4492-4915-b8f8-7492a3b1e4cd,810e96e4-e456-4468-9b59-f4e8f39732c0,efe8e2a3-eace-427b-b4f1-cb8a937ec77d,e9aa9a3e-5b2b-4ac7-a2c7-073de2b2b24f,8bbdbcdd-5cd4-4100-b6d5-b7c9625b6107,50f4348b-c883-4e2f-8f11-ce233b859fa1,fda095cb-831d-4601-ad94-846013963de8,f92806d7-1768-443f-afe8-12bcde84d0f0,dd3a144d-ab7f-41f0-82b8-2e43a090d496,f0416e68-0200-4b77-a926-4f9d16e494da,511d2633-09a7-4bdd-ac42-f778032124b3,5d45aa00-e064-4938-b314-4265f0c2258c,9361fd90-ba52-4f84-aa93-6e878fd576ca,970b0598-bcb0-4714-91fb-2e81440dccd8,bcd64cc6-2dd9-43f6-abbe-66318d332032,d930590d-bb92-4cc8-8bd1-23cd027f9edf,a3cd009f-0ab0-420d-9278-b9fdab939bbc,6a2d0734-bd9e-4ddf-946e-caa52498cb75,d1346436-ac96-4271-b863-1f4fdead95b0,971bdb23-3ff6-43eb-b422-1c30165a3663,17debcc3-0a6b-4b8a-b00b-dc58b885581e,711ebe11-f673-4cd9-9a83-63c60ba54c5b,c0143906-9aed-447e-9436-2ae8512d1b6e,14da1725-c4c2-42b4-ab08-ee0aeb6898b3,081cab31-dccd-428e-8652-f2404cc81c47,78e0584a-4343-4727-8f37-e14e65c2a2db,ba21476f-2866-4f81-9c4d-6e359316e448,871c3b6c-7379-419d-bda3-794b239ab90d,ff9b0199-ce04-4cfe-86cc-6c719f08d6e4,de1c2107-70c8-4021-8459-6399f24d01c6,cbf30902-517f-40dc-af90-a550bac27cf1,5c601d96-e4c7-4698-991b-7ee674b11079
2026-6-30 10:04:28-debug:   Number of other assets: 1151
2026-6-30 10:04:28-debug:   Number of all scenes: 5
2026-6-30 10:04:28-debug:   Number of all scripts: 109
2026-6-30 10:04:28-debug: Init bundle root assets success..., progress: 0%
2026-6-30 10:04:28-debug: // ---- build task 查询 Asset Bundle ---- (19ms)
2026-6-30 10:04:28-log: run build task 查询 Asset Bundle success in 19 ms√, progress: 5%
2026-6-30 10:04:28-debug: [Build Memory track]: 查询 Asset Bundle start:281.42MB, end 279.39MB, increase: -2076.53KB
2026-6-30 10:04:28-debug: 查询 Asset Bundle start, progress: 5%
2026-6-30 10:04:28-debug: // ---- build task 查询 Asset Bundle ----
2026-6-30 10:04:28-debug: // ---- build task 查询 Asset Bundle ---- (7ms)
2026-6-30 10:04:28-debug: [Build Memory track]: 查询 Asset Bundle start:279.43MB, end 279.65MB, increase: 229.85KB
2026-6-30 10:04:28-log: run build task 查询 Asset Bundle success in 7 ms√, progress: 10%
2026-6-30 10:04:28-debug: 整理部分构建选项内数据到 settings.json start, progress: 10%
2026-6-30 10:04:28-debug: // ---- build task 整理部分构建选项内数据到 settings.json ----
2026-6-30 10:04:28-debug: // ---- build task 整理部分构建选项内数据到 settings.json ---- (3ms)
2026-6-30 10:04:28-log: run build task 整理部分构建选项内数据到 settings.json success in 3 ms√, progress: 12%
2026-6-30 10:04:28-debug: // ---- build task 填充脚本数据到 settings.json ----
2026-6-30 10:04:28-debug: [Build Memory track]: 整理部分构建选项内数据到 settings.json start:279.69MB, end 279.72MB, increase: 38.62KB
2026-6-30 10:04:28-debug: 填充脚本数据到 settings.json start, progress: 12%
2026-6-30 10:04:28-debug: // ---- build task 填充脚本数据到 settings.json ---- (12ms)
2026-6-30 10:04:28-log: run build task 填充脚本数据到 settings.json success in 12 ms√, progress: 13%
2026-6-30 10:04:28-debug: [Build Memory track]: 填充脚本数据到 settings.json start:279.76MB, end 279.79MB, increase: 29.30KB
2026-6-30 10:04:28-debug: 整理部分构建选项内数据到 settings.json start, progress: 13%
2026-6-30 10:04:28-debug: // ---- build task 整理部分构建选项内数据到 settings.json ----
2026-6-30 10:04:28-debug: // ---- build task 整理部分构建选项内数据到 settings.json ---- (8ms)
2026-6-30 10:04:28-log: run build task 整理部分构建选项内数据到 settings.json success in 8 ms√, progress: 15%
2026-6-30 10:04:28-debug: [Build Memory track]: 整理部分构建选项内数据到 settings.json start:279.82MB, end 279.89MB, increase: 71.46KB
2026-6-30 10:14:14-debug: refresh db internal success
2026-6-30 10:14:14-debug: %cImport%c: D:\工程项目\PlayableAD\Cocos\TheW\20260615_HYQ\HYQ_Project\assets\Script\functionS\Other\PropArms.tsbackground: #aaff85; color: #000;color: #000;
2026-6-30 10:14:14-debug: refresh db assets success
2026-6-30 10:14:14-debug: refresh db super-packager success
2026-6-30 10:14:14-debug: Run asset db hook engine-extends:afterRefresh ...
2026-6-30 10:14:14-debug: Run asset db hook engine-extends:afterRefresh success!
2026-6-30 10:14:14-debug: asset-db:refresh-all-database (386ms)
2026-6-30 10:14:14-debug: asset-db-hook-engine-extends-afterRefresh (2ms)
2026-6-30 10:14:14-debug: asset-db:worker-effect-data-processing (2ms)
2026-6-30 10:14:19-debug: Query all assets info in project
2026-6-30 10:14:19-debug: Skip compress image, progress: 0%
2026-6-30 10:14:19-debug: init custom config: keepNodeUuid: false, useCache: true
2026-6-30 10:14:19-debug: Init all bundles start..., progress: 0%
2026-6-30 10:14:19-debug: Num of bundles: 3..., progress: 0%
2026-6-30 10:14:19-debug: 查询 Asset Bundle start, progress: 0%
2026-6-30 10:14:19-debug: // ---- build task 查询 Asset Bundle ----
2026-6-30 10:14:19-debug: Init bundle root assets start..., progress: 0%
2026-6-30 10:14:19-debug: Query preload assets/scripts from cc.config.json: 60f7195c-ec2a-45eb-ba94-8955f60e81d0,1c02ae6f-4492-4915-b8f8-7492a3b1e4cd,810e96e4-e456-4468-9b59-f4e8f39732c0,efe8e2a3-eace-427b-b4f1-cb8a937ec77d,e9aa9a3e-5b2b-4ac7-a2c7-073de2b2b24f,8bbdbcdd-5cd4-4100-b6d5-b7c9625b6107,50f4348b-c883-4e2f-8f11-ce233b859fa1,fda095cb-831d-4601-ad94-846013963de8,f92806d7-1768-443f-afe8-12bcde84d0f0,dd3a144d-ab7f-41f0-82b8-2e43a090d496,f0416e68-0200-4b77-a926-4f9d16e494da,511d2633-09a7-4bdd-ac42-f778032124b3,5d45aa00-e064-4938-b314-4265f0c2258c,9361fd90-ba52-4f84-aa93-6e878fd576ca,970b0598-bcb0-4714-91fb-2e81440dccd8,bcd64cc6-2dd9-43f6-abbe-66318d332032,d930590d-bb92-4cc8-8bd1-23cd027f9edf,a3cd009f-0ab0-420d-9278-b9fdab939bbc,6a2d0734-bd9e-4ddf-946e-caa52498cb75,d1346436-ac96-4271-b863-1f4fdead95b0,971bdb23-3ff6-43eb-b422-1c30165a3663,17debcc3-0a6b-4b8a-b00b-dc58b885581e,711ebe11-f673-4cd9-9a83-63c60ba54c5b,c0143906-9aed-447e-9436-2ae8512d1b6e,14da1725-c4c2-42b4-ab08-ee0aeb6898b3,081cab31-dccd-428e-8652-f2404cc81c47,78e0584a-4343-4727-8f37-e14e65c2a2db,ba21476f-2866-4f81-9c4d-6e359316e448,871c3b6c-7379-419d-bda3-794b239ab90d,ff9b0199-ce04-4cfe-86cc-6c719f08d6e4,de1c2107-70c8-4021-8459-6399f24d01c6,cbf30902-517f-40dc-af90-a550bac27cf1,5c601d96-e4c7-4698-991b-7ee674b11079
2026-6-30 10:14:19-debug:   Number of all scenes: 5
2026-6-30 10:14:19-debug:   Number of all scripts: 109
2026-6-30 10:14:19-debug: Init bundle root assets success..., progress: 0%
2026-6-30 10:14:19-debug: // ---- build task 查询 Asset Bundle ---- (39ms)
2026-6-30 10:14:19-debug: [Build Memory track]: 查询 Asset Bundle start:286.16MB, end 282.99MB, increase: -3243.90KB
2026-6-30 10:14:19-debug: 查询 Asset Bundle start, progress: 5%
2026-6-30 10:14:19-log: run build task 查询 Asset Bundle success in 39 ms√, progress: 5%
2026-6-30 10:14:19-debug:   Number of other assets: 1151
2026-6-30 10:14:19-debug: // ---- build task 查询 Asset Bundle ----
2026-6-30 10:14:19-debug: // ---- build task 查询 Asset Bundle ---- (4ms)
2026-6-30 10:14:19-debug: [Build Memory track]: 查询 Asset Bundle start:283.03MB, end 283.26MB, increase: 234.05KB
2026-6-30 10:14:19-debug: 整理部分构建选项内数据到 settings.json start, progress: 10%
2026-6-30 10:14:19-log: run build task 查询 Asset Bundle success in 4 ms√, progress: 10%
2026-6-30 10:14:19-debug: // ---- build task 整理部分构建选项内数据到 settings.json ----
2026-6-30 10:14:19-debug: // ---- build task 整理部分构建选项内数据到 settings.json ---- (2ms)
2026-6-30 10:14:19-log: run build task 整理部分构建选项内数据到 settings.json success in 2 ms√, progress: 12%
2026-6-30 10:14:19-debug: [Build Memory track]: 整理部分构建选项内数据到 settings.json start:283.29MB, end 283.32MB, increase: 29.57KB
2026-6-30 10:14:19-debug: // ---- build task 填充脚本数据到 settings.json ----
2026-6-30 10:14:20-debug: // ---- build task 填充脚本数据到 settings.json ---- (5ms)
2026-6-30 10:14:20-log: run build task 填充脚本数据到 settings.json success in 5 ms√, progress: 13%
2026-6-30 10:14:20-debug: [Build Memory track]: 填充脚本数据到 settings.json start:283.35MB, end 283.38MB, increase: 27.61KB
2026-6-30 10:14:19-debug: 填充脚本数据到 settings.json start, progress: 12%
2026-6-30 10:14:20-debug: 整理部分构建选项内数据到 settings.json start, progress: 13%
2026-6-30 10:14:20-debug: // ---- build task 整理部分构建选项内数据到 settings.json ----
2026-6-30 10:14:20-debug: // ---- build task 整理部分构建选项内数据到 settings.json ---- (10ms)
2026-6-30 10:14:20-log: run build task 整理部分构建选项内数据到 settings.json success in 10 ms√, progress: 15%
2026-6-30 10:14:20-debug: [Build Memory track]: 整理部分构建选项内数据到 settings.json start:283.42MB, end 283.48MB, increase: 67.14KB
2026-6-30 10:14:20-debug: %cImport%c: D:\工程项目\PlayableAD\Cocos\TheW\20260615_HYQ\HYQ_Project\assets\Scene\Game_3D-002.scenebackground: #aaff85; color: #000;color: #000;
2026-6-30 10:14:20-debug: asset-db:reimport-assetb5805d3a-3b80-4a12-adf5-588e63a7d886 (49ms)
2026-6-30 10:14:25-debug: refresh db internal success
2026-6-30 10:14:25-debug: refresh db assets success
2026-6-30 10:14:25-debug: refresh db super-packager success
2026-6-30 10:14:25-debug: Run asset db hook engine-extends:afterRefresh ...
2026-6-30 10:14:25-debug: Run asset db hook engine-extends:afterRefresh success!
2026-6-30 10:14:25-debug: asset-db:refresh-all-database (554ms)
2026-6-30 10:14:25-debug: asset-db:worker-effect-data-processing (49ms)
2026-6-30 10:14:25-debug: asset-db-hook-engine-extends-afterRefresh (49ms)
2026-6-30 10:14:53-debug: refresh db internal success
2026-6-30 10:14:53-debug: refresh db assets success
2026-6-30 10:14:54-debug: refresh db super-packager success
2026-6-30 10:14:54-debug: Run asset db hook engine-extends:afterRefresh success!
2026-6-30 10:14:54-debug: Run asset db hook engine-extends:afterRefresh ...
2026-6-30 10:14:54-debug: asset-db:refresh-all-database (446ms)
2026-6-30 10:14:54-debug: asset-db:worker-effect-data-processing (3ms)
2026-6-30 10:14:54-debug: asset-db-hook-engine-extends-afterRefresh (4ms)
2026-6-30 10:15:12-debug: refresh db internal success
2026-6-30 10:15:13-debug: refresh db assets success
2026-6-30 10:15:13-debug: refresh db super-packager success
2026-6-30 10:15:13-debug: Run asset db hook engine-extends:afterRefresh ...
2026-6-30 10:15:13-debug: Run asset db hook engine-extends:afterRefresh success!
2026-6-30 10:15:13-debug: asset-db:refresh-all-database (372ms)
2026-6-30 10:15:13-debug: asset-db:worker-effect-data-processing (2ms)
2026-6-30 10:15:13-debug: asset-db-hook-engine-extends-afterRefresh (2ms)
2026-6-30 10:22:40-debug: refresh db internal success
2026-6-30 10:22:41-debug: %cImport%c: D:\工程项目\PlayableAD\Cocos\TheW\20260615_HYQ\HYQ_Project\assets\Script\functionS\Battle\BattleTarger\BattleTarget3D.tsbackground: #aaff85; color: #000;color: #000;
2026-6-30 10:22:41-debug: refresh db assets success
2026-6-30 10:22:41-debug: refresh db super-packager success
2026-6-30 10:22:41-debug: Run asset db hook engine-extends:afterRefresh ...
2026-6-30 10:22:41-debug: Run asset db hook engine-extends:afterRefresh success!
2026-6-30 10:22:42-debug: asset-db:refresh-all-database (1851ms)
2026-6-30 10:22:42-debug: asset-db-hook-engine-extends-afterRefresh (40ms)
2026-6-30 10:22:42-debug: asset-db:worker-effect-data-processing (28ms)
2026-6-30 10:22:53-debug: refresh db internal success
2026-6-30 10:22:53-debug: refresh db assets success
2026-6-30 10:22:53-debug: refresh db super-packager success
2026-6-30 10:22:53-debug: Run asset db hook engine-extends:afterRefresh ...
2026-6-30 10:22:53-debug: Run asset db hook engine-extends:afterRefresh success!
2026-6-30 10:22:53-debug: asset-db:refresh-all-database (337ms)
2026-6-30 10:22:53-debug: asset-db:worker-effect-data-processing (2ms)
2026-6-30 10:22:53-debug: asset-db-hook-engine-extends-afterRefresh (4ms)
2026-6-30 10:26:11-debug: refresh db internal success
2026-6-30 10:26:12-debug: refresh db assets success
2026-6-30 10:26:12-debug: refresh db super-packager success
2026-6-30 10:26:12-debug: Run asset db hook engine-extends:afterRefresh ...
2026-6-30 10:26:12-debug: Run asset db hook engine-extends:afterRefresh success!
2026-6-30 10:26:12-debug: asset-db:worker-effect-data-processing (2ms)
2026-6-30 10:26:12-debug: asset-db:refresh-all-database (946ms)
2026-6-30 10:26:12-debug: asset-db-hook-engine-extends-afterRefresh (3ms)
2026-6-30 10:26:24-debug: refresh db internal success
2026-6-30 10:26:24-debug: refresh db assets success
2026-6-30 10:26:24-debug: refresh db super-packager success
2026-6-30 10:26:24-debug: Run asset db hook engine-extends:afterRefresh success!
2026-6-30 10:26:24-debug: Run asset db hook engine-extends:afterRefresh ...
2026-6-30 10:26:24-debug: asset-db:worker-effect-data-processing (6ms)
2026-6-30 10:26:24-debug: asset-db-hook-engine-extends-afterRefresh (7ms)
2026-6-30 10:26:24-debug: asset-db:refresh-all-database (501ms)
2026-6-30 10:26:34-debug: refresh db internal success
2026-6-30 10:26:34-debug: refresh db assets success
2026-6-30 10:26:34-debug: refresh db super-packager success
2026-6-30 10:26:34-debug: Run asset db hook engine-extends:afterRefresh ...
2026-6-30 10:26:34-debug: Run asset db hook engine-extends:afterRefresh success!
2026-6-30 10:26:34-debug: asset-db:refresh-all-database (350ms)
2026-6-30 10:26:34-debug: asset-db:worker-effect-data-processing (4ms)
2026-6-30 10:26:34-debug: asset-db-hook-engine-extends-afterRefresh (5ms)
2026-6-30 10:27:01-debug: Start record console... {file(D:\工程项目\PlayableAD\Cocos\TheW\20260615_HYQ\HYQ_Project\temp\builder\log\web-mobile2026-6-30 10-27.log)}
2026-6-30 10:27:01-debug: =================================== build Task (web-mobile) Start ================================
2026-6-30 10:27:01-debug: Start build task, options:{"name":"HYQ","server":"","engineModulesConfigKey":"defaultConfig","platform":"web-mobile","buildPath":"project://build","debug":false,"buildMode":"normal","mangleProperties":false,"md5Cache":false,"skipCompressTexture":false,"sourceMaps":false,"overwriteProjectSettings":{"includeModules":{"gfx-webgl2":"on","physics":"inherit-project-setting","physics-2d":"inherit-project-setting"},"macroConfig":{"cleanupImageCache":"inherit-project-setting"}},"nativeCodeBundleMode":"asmjs","polyfills":{"asyncFunctions":true},"experimentalEraseModules":false,"startSceneAssetBundle":false,"bundleConfigs":[],"inlineEnum":true,"useBuiltinServer":false,"md5CacheOptions":{"excludes":[],"includes":[],"replaceOnly":[],"handleTemplateMd5Link":true},"mainBundleIsRemote":false,"mainBundleCompressionType":"merge_dep","useSplashScreen":true,"bundleCommonChunk":false,"packAutoAtlas":true,"startScene":"b5805d3a-3b80-4a12-adf5-588e63a7d886","outputName":"web-mobile","taskName":"web-mobile","scenes":[{"url":"db://assets/Scene/Game_3D-002.scene","uuid":"b5805d3a-3b80-4a12-adf5-588e63a7d886"}],"wasmCompressionMode":false,"binGroupConfig":{"threshold":16,"enable":false},"packages":{"web-mobile":{"useWebGPU":false,"orientation":"auto","embedWebDebugger":false,"__version__":"1.0.1"},"super-packager":{"googlePlayUrl":"","appStoreUrl":"","__version__":"2.7.0"},"adsense-h5g-plugin":{"enableAdsense":false,"enableTestAd":false,"__version__":"1.0.1","AFPHostPropertyCode":"ca-host-pub-5396158963872751","AFPHostDomain":"douyougame.com","otherAFPHostPropertyCode":"","otherAFPDomain":""},"cocos-service":{"configID":"56841a","services":[],"__version__":"3.0.9"}},"__version__":"1.3.9","logDest":"project://temp/builder/log/web-mobile2026-6-30 10-27.log"}
2026-6-30 10:27:01-debug: Build with Cocos Creator 3.8.7
2026-6-30 10:27:01-debug: cocos-service:(onBeforeBuild) start..., progress: 0%
2026-6-30 10:27:01-debug: // ---- build task cocos-service：onBeforeBuild ----
2026-6-30 10:27:02-debug: // ---- build task cocos-service：onBeforeBuild ---- (301ms)
2026-6-30 10:27:02-debug: cocos-service:(onBeforeBuild) in 301 ms ✓, progress: 2%
2026-6-30 10:27:02-debug: scene:(onBeforeBuild) start..., progress: 2%
2026-6-30 10:27:02-debug: // ---- build task scene：onBeforeBuild ----
2026-6-30 10:27:02-debug: // ---- build task scene：onBeforeBuild ---- (55ms)
2026-6-30 10:27:02-debug: scene:(onBeforeBuild) in 55 ms ✓, progress: 4%
2026-6-30 10:27:02-debug: super-packager:(onBeforeBuild) start..., progress: 4%
2026-6-30 10:27:02-debug: // ---- build task super-packager：onBeforeBuild ----
2026-6-30 10:27:02-log: [SUPER_PACKAGE]商店链接配置:{"googlePlayUrl":"","appStoreUrl":""}
2026-6-30 10:27:02-log: [SUPER_PACKAGE]onBeforeBuild
2026-6-30 10:27:02-debug: // ---- build task super-packager：onBeforeBuild ---- (73ms)
2026-6-30 10:27:02-debug: super-packager:(onBeforeBuild) in 73 ms ✓, progress: 5%
2026-6-30 10:27:02-debug: Start lock asset db..., progress: 5%
2026-6-30 10:27:02-log: Asset DB is paused with build!
2026-6-30 10:27:02-log: [SUPER_PACKAGE]商店链接已同步到文件
2026-6-30 10:27:02-debug: Query all assets info in project
2026-6-30 10:27:02-debug: init custom config: keepNodeUuid: false, useCache: true
2026-6-30 10:27:02-debug: web-mobile:(onAfterInit) start..., progress: 5%
2026-6-30 10:27:02-debug: // ---- build task web-mobile：onAfterInit ----
2026-6-30 10:27:02-debug: // ---- build task web-mobile：onAfterInit ---- (17ms)
2026-6-30 10:27:02-debug: web-mobile:(onAfterInit) in 17 ms ✓, progress: 7%
2026-6-30 10:27:02-debug: cocos-service:(onAfterInit) start..., progress: 7%
2026-6-30 10:27:02-debug: // ---- build task cocos-service：onAfterInit ----
2026-6-30 10:27:02-debug: // ---- build task cocos-service：onAfterInit ---- (129ms)
2026-6-30 10:27:02-debug: adsense-h5g-plugin:(onBeforeBundleInit) start..., progress: 9%
2026-6-30 10:27:02-debug: cocos-service:(onAfterInit) in 129 ms ✓, progress: 9%
2026-6-30 10:27:02-debug: adsense-h5g-plugin:(onBeforeBundleInit) start..., progress: 0%
2026-6-30 10:27:02-debug: // ---- build task adsense-h5g-plugin：onBeforeBundleInit ----
2026-6-30 10:27:02-debug: Skip compress image, progress: 0%
2026-6-30 10:27:02-debug: [adsense-h5g-plugin] remove script success
2026-6-30 10:27:02-debug: adsense-h5g-plugin:(onBeforeBundleInit) in 55 ms ✓, progress: 9%
2026-6-30 10:27:02-debug: // ---- build task adsense-h5g-plugin：onBeforeBundleInit ---- (55ms)
2026-6-30 10:27:02-debug: adsense-h5g-plugin:(onBeforeBundleInit) in 55 ms ✓, progress: 7%
2026-6-30 10:27:02-debug: Init all bundles start..., progress: 9%
2026-6-30 10:27:02-debug: Init all bundles start..., progress: 7%
2026-6-30 10:27:02-debug: Num of bundles: 3..., progress: 7%
2026-6-30 10:27:02-debug: web-mobile:(onAfterBundleInit) start..., progress: 7%
2026-6-30 10:27:02-debug: Num of bundles: 3..., progress: 9%
2026-6-30 10:27:02-debug: // ---- build task web-mobile：onAfterBundleInit ----
2026-6-30 10:27:02-debug: web-mobile:(onAfterBundleInit) start..., progress: 9%
2026-6-30 10:27:02-debug: web-mobile:(onAfterBundleInit) in 85 ms ✓, progress: 9%
2026-6-30 10:27:02-debug: // ---- build task web-mobile：onAfterBundleInit ---- (85ms)
2026-6-30 10:27:02-debug: 查询 Asset Bundle start, progress: 9%
2026-6-30 10:27:02-debug: // ---- build task 查询 Asset Bundle ----
2026-6-30 10:27:02-debug: Init bundle root assets start..., progress: 9%
2026-6-30 10:27:02-debug: Init bundle root assets start..., progress: 13%
2026-6-30 10:27:02-debug: web-mobile:(onAfterBundleInit) in 85 ms ✓, progress: 13%
2026-6-30 10:27:03-debug:   Number of all scenes: 5
2026-6-30 10:27:03-debug: Query preload assets/scripts from cc.config.json: 60f7195c-ec2a-45eb-ba94-8955f60e81d0,1c02ae6f-4492-4915-b8f8-7492a3b1e4cd,810e96e4-e456-4468-9b59-f4e8f39732c0,efe8e2a3-eace-427b-b4f1-cb8a937ec77d,e9aa9a3e-5b2b-4ac7-a2c7-073de2b2b24f,8bbdbcdd-5cd4-4100-b6d5-b7c9625b6107,50f4348b-c883-4e2f-8f11-ce233b859fa1,fda095cb-831d-4601-ad94-846013963de8,f92806d7-1768-443f-afe8-12bcde84d0f0,dd3a144d-ab7f-41f0-82b8-2e43a090d496,f0416e68-0200-4b77-a926-4f9d16e494da,511d2633-09a7-4bdd-ac42-f778032124b3,5d45aa00-e064-4938-b314-4265f0c2258c,9361fd90-ba52-4f84-aa93-6e878fd576ca,970b0598-bcb0-4714-91fb-2e81440dccd8,bcd64cc6-2dd9-43f6-abbe-66318d332032,d930590d-bb92-4cc8-8bd1-23cd027f9edf,a3cd009f-0ab0-420d-9278-b9fdab939bbc,6a2d0734-bd9e-4ddf-946e-caa52498cb75,d1346436-ac96-4271-b863-1f4fdead95b0,971bdb23-3ff6-43eb-b422-1c30165a3663,17debcc3-0a6b-4b8a-b00b-dc58b885581e,711ebe11-f673-4cd9-9a83-63c60ba54c5b,c0143906-9aed-447e-9436-2ae8512d1b6e,14da1725-c4c2-42b4-ab08-ee0aeb6898b3,081cab31-dccd-428e-8652-f2404cc81c47,78e0584a-4343-4727-8f37-e14e65c2a2db,ba21476f-2866-4f81-9c4d-6e359316e448,871c3b6c-7379-419d-bda3-794b239ab90d,ff9b0199-ce04-4cfe-86cc-6c719f08d6e4,de1c2107-70c8-4021-8459-6399f24d01c6,cbf30902-517f-40dc-af90-a550bac27cf1,5c601d96-e4c7-4698-991b-7ee674b11079
2026-6-30 10:27:03-debug:   Number of all scripts: 109
2026-6-30 10:27:03-debug: Init bundle root assets success..., progress: 13%
2026-6-30 10:27:03-debug:   Number of other assets: 1151
2026-6-30 10:27:03-debug: Init bundle root assets success..., progress: 9%
2026-6-30 10:27:03-debug: reload all scripts.
2026-6-30 10:27:03-debug: [[Executor]] reload before lock
2026-6-30 10:27:03-debug: Set detail map pack:///resolution-detail-map.json: {}
2026-6-30 10:27:03-debug: Unregister BuiltinPipelinePassBuilder
2026-6-30 10:27:03-debug: Unregister BuiltinPipelineSettings
2026-6-30 10:27:03-debug: Unregister BuiltinDepthOfFieldPass
2026-6-30 10:27:03-debug: Unregister DebugViewRuntimeControl
2026-6-30 10:27:03-debug: Unregister Lightning
2026-6-30 10:27:03-debug: Unregister CameraMove
2026-6-30 10:27:03-debug: Unregister LayerManager
2026-6-30 10:27:03-debug: Unregister UnityUpComponent
2026-6-30 10:27:03-debug: Unregister RotationDrive
2026-6-30 10:27:03-debug: Unregister MoveDrive
2026-6-30 10:27:03-debug: Unregister RotationVector
2026-6-30 10:27:03-debug: Unregister PrefabsRes
2026-6-30 10:27:03-debug: Unregister PrefabsManager
2026-6-30 10:27:03-debug: Unregister L18nManager
2026-6-30 10:27:03-debug: Unregister DownLoadL8
2026-6-30 10:27:03-debug: Unregister DownLoadL8
2026-6-30 10:27:03-debug: Unregister LangArrAuto
2026-6-30 10:27:03-debug: Unregister LangAuto
2026-6-30 10:27:03-debug: Unregister ResurrectionL8
2026-6-30 10:27:03-debug: Unregister Prop
2026-6-30 10:27:03-debug: Unregister JumpDriveEngine
2026-6-30 10:27:03-debug: Unregister BagBase
2026-6-30 10:27:03-debug: Unregister FlayPropManager
2026-6-30 10:27:03-debug: Unregister GroupBag3D
2026-6-30 10:27:03-debug: Unregister LabBagUp
2026-6-30 10:27:03-debug: Unregister GroupPropTransform
2026-6-30 10:27:03-debug: Unregister CollectGetTarget
2026-6-30 10:27:03-debug: Unregister MeleeAttack
2026-6-30 10:27:03-debug: Unregister HpComponent
2026-6-30 10:27:03-debug: Unregister AttackTargetBase
2026-6-30 10:27:03-debug: Unregister MeshFlashSwitchData
2026-6-30 10:27:03-debug: Unregister MeshFlashPropData
2026-6-30 10:27:03-debug: Unregister MeshFlashData
2026-6-30 10:27:03-debug: Unregister AreaAttack
2026-6-30 10:27:03-debug: Unregister BattleTargetBase
2026-6-30 10:27:03-debug: Unregister EffectRemoveBase
2026-6-30 10:27:03-debug: Unregister EffectManager
2026-6-30 10:27:03-debug: Unregister ColliderTag
2026-6-30 10:27:03-debug: Unregister EffectTimePartRemove
2026-6-30 10:27:03-debug: Unregister BulletMonsterCollisionManager
2026-6-30 10:27:03-debug: Unregister BulletBattle3D
2026-6-30 10:27:03-debug: Unregister BattleTarget3D
2026-6-30 10:27:03-debug: Unregister BulletBattle2D
2026-6-30 10:27:03-debug: Unregister RangedAttack
2026-6-30 10:27:03-debug: Unregister TriggerBase2D
2026-6-30 10:27:03-debug: Unregister BattleTarget2D
2026-6-30 10:27:03-debug: Unregister BulletCollideBase2D
2026-6-30 10:27:03-debug: Unregister BulletBatchRenderer
2026-6-30 10:27:03-debug: Unregister CollectBattleTarger2D
2026-6-30 10:27:03-debug: Unregister AttackParkPlay
2026-6-30 10:27:03-debug: Unregister RangeTowerAttack
2026-6-30 10:27:03-debug: Unregister RangedAttack_Circle
2026-6-30 10:27:03-debug: Unregister RangedAttack_Shrapnel
2026-6-30 10:27:03-debug: Unregister BulletCollideBase3D
2026-6-30 10:27:03-debug: Unregister TriggerBase3D
2026-6-30 10:27:03-debug: Unregister CollectBattleTarger3D
2026-6-30 10:27:03-debug: Unregister EffectTimeRemove
2026-6-30 10:27:03-debug: Unregister GuideLine
2026-6-30 10:27:03-debug: Unregister FbxManager
2026-6-30 10:27:03-debug: Unregister Role
2026-6-30 10:27:03-debug: Unregister GameOverPanel
2026-6-30 10:27:03-debug: Unregister Player
2026-6-30 10:27:03-debug: Unregister MonsterBattleTaerget
2026-6-30 10:27:03-debug: Unregister ArmsInfo
2026-6-30 10:27:03-debug: Unregister PropArms
2026-6-30 10:27:03-debug: Unregister PropBrand
2026-6-30 10:27:03-debug: Unregister CreatePropBrand
2026-6-30 10:27:03-debug: Unregister PropLalianGate
2026-6-30 10:27:03-debug: Unregister MonsterCreateInfo
2026-6-30 10:27:03-debug: Unregister MonsterCreateQueue
2026-6-30 10:27:03-debug: Unregister GuideManager
2026-6-30 10:27:03-debug: Unregister ArmsUp
2026-6-30 10:27:03-debug: Unregister PropTireGate
2026-6-30 10:27:03-debug: Unregister RockerUI
2026-6-30 10:27:03-debug: Unregister RockerMouseEvent
2026-6-30 10:27:03-debug: Unregister ShoppIngEvent
2026-6-30 10:27:03-debug: Unregister Shopping
2026-6-30 10:27:03-debug: Unregister BuyWayBase
2026-6-30 10:27:03-debug: Unregister BuyWay2D
2026-6-30 10:27:03-debug: Unregister BuyWay3D
2026-6-30 10:27:03-debug: Unregister ShoppingItem
2026-6-30 10:27:03-debug: Unregister Shopping_Super
2026-6-30 10:27:03-debug: Unregister FrameAnimManager
2026-6-30 10:27:03-debug: Unregister FrameManager
2026-6-30 10:27:03-debug: Unregister MonsterCreate
2026-6-30 10:27:03-debug: Unregister UIButtonEvent
2026-6-30 10:27:03-debug: Unregister StutterCheck
2026-6-30 10:27:03-debug: Invalidating 'pack:///chunks/93/93ba276ea7b26ffcdc433fab14afc1ed6f05647b.js'
2026-6-30 10:27:03-debug: Invalidating 'pack:///chunks/6d/6d8fd2b0177941b032ddc0733af48a561fb60657.js'
2026-6-30 10:27:03-debug: Invalidating 'pack:///chunks/f2/f22794b1c95bc92b6e994a97e9b193af020adc12.js'
2026-6-30 10:27:03-debug: Invalidating 'pack:///chunks/6a/6a5019a719a9014c047e67aa1cf34453ab8392ce.js'
2026-6-30 10:27:03-debug: Invalidating 'pack:///chunks/c9/c9d891290a54ec567f150962e76c6bf9cdf47b3b.js'
2026-6-30 10:27:03-debug: Invalidating 'pack:///chunks/d9/d980f46bad1521f99cf9b02f6f4709610973859b.js'
2026-6-30 10:27:03-debug: Invalidating 'pack:///chunks/04/04f62969dc20e2c08fceeca28e5f160f93c57d48.js'
2026-6-30 10:27:03-debug: Invalidating 'pack:///chunks/84/84fdd98491917343dab9e13fe8b5a70bd6a363c2.js'
2026-6-30 10:27:03-debug: Invalidating 'pack:///chunks/e0/e099fc7c0597d98bad93ecd30952e1955267ade1.js'
2026-6-30 10:27:03-debug: Invalidating 'pack:///chunks/e9/e96bc804d4af33012a1ad5c19177a551c107f2ae.js'
2026-6-30 10:27:03-debug: Invalidating 'pack:///chunks/e2/e2118395860d446afdd7349c12bbbbd5ff0a8915.js'
2026-6-30 10:27:03-debug: Invalidating 'pack:///chunks/14/14cec8e3738599ab9965ee6a2127491eba1361af.js'
2026-6-30 10:27:03-debug: Invalidating 'pack:///chunks/4d/4d6662648c8c361d9de350d72c1ab0a8e7508014.js'
2026-6-30 10:27:03-debug: Invalidating 'pack:///chunks/31/31cebe8e0355019a96c8dc216aed673e195b2a53.js'
2026-6-30 10:27:03-debug: Invalidating 'pack:///chunks/3f/3fc33806253ded99e50ac9220c73832ef2904ca7.js'
2026-6-30 10:27:03-debug: Invalidating 'pack:///chunks/56/5601ae9cf318e5c14df7d30ca1cafe71734c982a.js'
2026-6-30 10:27:03-debug: Invalidating 'pack:///chunks/90/901a8f42214a0198b9aca11ce347c093cca5e26c.js'
2026-6-30 10:27:03-debug: Invalidating 'pack:///chunks/8a/8ae7d51cc818f718270f9e2ad9b78b6df4ffa62c.js'
2026-6-30 10:27:03-debug: Invalidating 'pack:///chunks/84/8436bf0d6f6a392b090fff8471ad48b32970414b.js'
2026-6-30 10:27:03-debug: Invalidating 'pack:///chunks/79/798785a3f67288cbb075d5efa15a2c266208a881.js'
2026-6-30 10:27:03-debug: Invalidating 'pack:///chunks/e9/e950dd2519065be1280daf69ce7f6b07e4d0caaa.js'
2026-6-30 10:27:03-debug: Invalidating 'pack:///chunks/ed/edbdde40fab9baf06e704beb85e64d72f20aefb8.js'
2026-6-30 10:27:03-debug: Invalidating 'pack:///chunks/f8/f8baeccf8cf047db05161c9b9e8b6b4ff9eefe2f.js'
2026-6-30 10:27:03-debug: Invalidating 'pack:///chunks/63/633ac4308370832c1c78b9f28702617696f6e9fb.js'
2026-6-30 10:27:03-debug: Invalidating 'pack:///chunks/a1/a1d124b8795c6e55160d2ce5ecbd41437847152f.js'
2026-6-30 10:27:03-debug: Invalidating 'pack:///chunks/8b/8b1077471006cad018e02beccd0bed5dcc54c671.js'
2026-6-30 10:27:03-debug: Invalidating 'pack:///chunks/f0/f04c2dd9d3cc608a6f46e13bb5d3c46aa5633baf.js'
2026-6-30 10:27:03-debug: Invalidating 'pack:///chunks/f5/f570589f727cbf96139a6869e201d7a87544da71.js'
2026-6-30 10:27:03-debug: Invalidating 'pack:///chunks/40/407fe08f85a1575a06beb3692d40cf36d9684f58.js'
2026-6-30 10:27:03-debug: Invalidating 'pack:///chunks/84/84bbaa7f2e1a0639f57f755b935e1acb7d73f78e.js'
2026-6-30 10:27:03-debug: Invalidating 'pack:///chunks/0f/0fd75e1d9556ba520ee98c89195f9d0594110ad2.js'
2026-6-30 10:27:03-debug: Invalidating 'pack:///chunks/5f/5fdfd08a9c16dc742e66ef16a5a8e13f5f831a3e.js'
2026-6-30 10:27:03-debug: Invalidating 'pack:///chunks/4c/4c2851018e56f823e74c2b3e2117156bcb9e76d0.js'
2026-6-30 10:27:03-debug: Invalidating 'pack:///chunks/eb/eb316915c4446a477164305c14374917acb92a23.js'
2026-6-30 10:27:03-debug: Invalidating 'pack:///chunks/2e/2edb51f2f57b638345a2b9d561f476b67029b574.js'
2026-6-30 10:27:03-debug: Invalidating 'pack:///chunks/ec/ecb76259f390974cf14cad52564b11281c42a7e6.js'
2026-6-30 10:27:03-debug: Invalidating 'pack:///chunks/38/38483f6f68b174c6aad120536d38c3642cb0e458.js'
2026-6-30 10:27:03-debug: Invalidating 'pack:///chunks/e5/e5fea8c54230bb378b45e63a8ea8186bdeccbbe2.js'
2026-6-30 10:27:03-debug: Invalidating 'pack:///chunks/d5/d58c1ab1b696259af8c3b1384857266dba055462.js'
2026-6-30 10:27:03-debug: Invalidating 'pack:///chunks/b6/b6919de7425c243c4e1697f376cb4f6f6b2769a4.js'
2026-6-30 10:27:03-debug: Invalidating 'pack:///chunks/41/4103e3b8e8be7d1b0e7a8a67f28a2c29fe9aa2dc.js'
2026-6-30 10:27:03-debug: Invalidating 'pack:///chunks/f6/f6cf9b6088316a765dbcd0b22eb496d3f4be80dc.js'
2026-6-30 10:27:03-debug: Invalidating 'pack:///chunks/80/80f420cd19a5967732f7f177a68c3670990311d3.js'
2026-6-30 10:27:03-debug: Invalidating 'pack:///chunks/b5/b5c69e24499acddd297e4328687b0ea934b109d5.js'
2026-6-30 10:27:03-debug: Invalidating 'pack:///chunks/7e/7e52be47c960966fc7d962b7957dbbce1047514e.js'
2026-6-30 10:27:03-debug: Invalidating 'pack:///chunks/f4/f4bb2b73aacdc0370fc65face1ef60d9e8732bfd.js'
2026-6-30 10:27:03-debug: Invalidating 'pack:///chunks/0e/0ea1c77c59b038eb4661ef171f440cbc7cc134ca.js'
2026-6-30 10:27:03-debug: Invalidating 'pack:///chunks/3f/3ff8f1a74d7fbbd22ced04971b6ab15e04fd86a6.js'
2026-6-30 10:27:03-debug: Invalidating 'pack:///chunks/29/296009d632e65e6f653d790324d741c2d9759f34.js'
2026-6-30 10:27:03-debug: Invalidating 'pack:///chunks/80/803faff6203a98317cc86f08677de73b7112b743.js'
2026-6-30 10:27:03-debug: Invalidating 'pack:///chunks/b1/b12e427b1fcb487f729ef654542d8e9775a297cb.js'
2026-6-30 10:27:03-debug: Invalidating 'pack:///chunks/02/021cbce763294c7c4adf05845718c817a68ff9f3.js'
2026-6-30 10:27:03-debug: Invalidating 'pack:///chunks/23/2370bd6a63dbba247d7fcab21c5244288f150386.js'
2026-6-30 10:27:03-debug: Invalidating 'pack:///chunks/9e/9ec8816866d723aea0e61547ea23bf04cc3c7c78.js'
2026-6-30 10:27:03-debug: Invalidating 'pack:///chunks/9b/9be30ad1a917cc0914201f1db5bdf1c5cb4d6e49.js'
2026-6-30 10:27:03-debug: Invalidating 'pack:///chunks/d5/d5f6e07e1b02d743fed3d9c2c8e155b0c3309d52.js'
2026-6-30 10:27:03-debug: Invalidating 'pack:///chunks/43/4314f54defc530df4c3d4a14e3561038b8628ff3.js'
2026-6-30 10:27:03-debug: Invalidating 'pack:///chunks/a7/a78b9d0a8af4315011c59f40b6c49da033e49269.js'
2026-6-30 10:27:03-debug: Invalidating 'pack:///chunks/b0/b0316da27abe29af9f8a517d28257bc913762f57.js'
2026-6-30 10:27:03-debug: Invalidating 'pack:///chunks/4a/4a75ba705e89112b3bcc356e77985c7a095b80f4.js'
2026-6-30 10:27:03-debug: Invalidating 'pack:///chunks/e1/e13771ea8032dbc1728530af431c57de3b1e5e24.js'
2026-6-30 10:27:03-debug: Invalidating 'pack:///chunks/9a/9a8786a747b555136cef77c9f5e7ad17e18a31eb.js'
2026-6-30 10:27:03-debug: Invalidating 'pack:///chunks/6c/6c35293030e947e52f03ea585990d17f31ea7df0.js'
2026-6-30 10:27:03-debug: Invalidating 'pack:///chunks/ce/ced31965a759b2c1d777a8f0d98f8cd326020d87.js'
2026-6-30 10:27:03-debug: Invalidating 'pack:///chunks/bb/bb66609565f0d30fbedfe7ab7019decca8a2726b.js'
2026-6-30 10:27:03-debug: Invalidating 'pack:///chunks/dc/dcc18999575bc7125a793680f1b595554e7f2cde.js'
2026-6-30 10:27:03-debug: Invalidating 'pack:///chunks/05/0510980ff6e9ad26ec622e2230780bc7f1d96f08.js'
2026-6-30 10:27:03-debug: Invalidating 'pack:///chunks/5b/5b626ae965dfc8bbf67ffe6dd329ea95c382afe6.js'
2026-6-30 10:27:03-debug: Invalidating 'pack:///chunks/f2/f20c45b49501fbe07d44e99d95c2c506a06a0ecd.js'
2026-6-30 10:27:03-debug: Invalidating 'pack:///chunks/8a/8a4b23fc8904a55daa926fa9bf2d450c2c59d378.js'
2026-6-30 10:27:03-debug: Invalidating 'pack:///chunks/6e/6e4d3e245933373fd13279940a5d6dee30418f49.js'
2026-6-30 10:27:03-debug: Invalidating 'pack:///chunks/f0/f05038aedf4d7805ad91dbf59f1c87fe35c23bb5.js'
2026-6-30 10:27:03-debug: Invalidating 'pack:///chunks/05/05825d2a71d7765a90fbbdda8907aab57810f0a0.js'
2026-6-30 10:27:03-debug: Invalidating 'pack:///chunks/fa/fad9c36dab7fd23cbd0b1b9ebcbd02e6023aaadd.js'
2026-6-30 10:27:03-debug: Invalidating 'pack:///chunks/01/011c6605e93c83936bcaadc521a3f2df21bdd87a.js'
2026-6-30 10:27:03-debug: Invalidating 'pack:///chunks/7a/7a056ac353cd4f184635b76aa08c0d427085fda7.js'
2026-6-30 10:27:03-debug: Invalidating 'pack:///chunks/11/1193ac27b94da532d27808ef712ed0fcd809d84d.js'
2026-6-30 10:27:03-debug: Invalidating 'pack:///chunks/03/031aac2e2ea93f03b5422269c22800e822715034.js'
2026-6-30 10:27:03-debug: Invalidating 'pack:///chunks/29/2933ae65951958109aeb70104e6287b8240a8e01.js'
2026-6-30 10:27:03-debug: Invalidating 'pack:///chunks/cd/cd87286564d42a577ada1093f142b4db43415d61.js'
2026-6-30 10:27:03-debug: Invalidating 'pack:///chunks/dd/ddf9ec67bc21176ab14fd7bef2d6099af7cab4e3.js'
2026-6-30 10:27:03-debug: Invalidating 'pack:///chunks/12/120cba8f856407335ad8a04347cd4d36bf752a1e.js'
2026-6-30 10:27:03-debug: Invalidating 'pack:///chunks/7c/7cb3e78818d3ca7420c127c4f13ad5587e5cc5d3.js'
2026-6-30 10:27:03-debug: Invalidating 'pack:///chunks/78/7875e58dc11de4424867c114cd71cf4d379fd7ce.js'
2026-6-30 10:27:03-debug: Invalidating 'pack:///chunks/6b/6b5ef849a8a91f0cd956b88818795e47d9431e29.js'
2026-6-30 10:27:03-debug: Invalidating 'pack:///chunks/6b/6bf6369babd500e0802aeb38d4c346ae3462ef8b.js'
2026-6-30 10:27:03-debug: Invalidating 'pack:///chunks/2c/2c40d59e1ac0050bfd5e4aece9657278c88a4b47.js'
2026-6-30 10:27:03-debug: Invalidating 'pack:///chunks/aa/aa6223cf35796d09344450a14919ad24c61174bb.js'
2026-6-30 10:27:03-debug: Invalidating 'pack:///chunks/e2/e2cd37831230a7474a5c89ec9f0764c2d6ce1581.js'
2026-6-30 10:27:03-debug: Invalidating 'pack:///chunks/c1/c14c87720f6e6e7b27f438925fae2cc2d4587268.js'
2026-6-30 10:27:03-debug: Invalidating 'pack:///chunks/ac/ac0e66d1df96447f3ea6b579b5067cb87a880d84.js'
2026-6-30 10:27:03-debug: Invalidating 'pack:///chunks/fb/fb231b7b47c244832aa3ed0055e0ff4d6bda9530.js'
2026-6-30 10:27:03-debug: Invalidating 'pack:///chunks/1e/1e9839fb85f612fea3030115a5d65b742de2db50.js'
2026-6-30 10:27:03-debug: Invalidating 'pack:///chunks/d0/d08abfe279c9195afbafb261981128dda32fee17.js'
2026-6-30 10:27:03-debug: Invalidating 'pack:///chunks/c8/c8d2fc621a68aadf290b9938ae81f70dbefcc8d6.js'
2026-6-30 10:27:03-debug: Invalidating 'pack:///chunks/7d/7d88e9fa4d49091167d5648112015c50cab8c311.js'
2026-6-30 10:27:03-debug: Invalidating 'pack:///chunks/41/41b6ef284e15d0779c96601cab9a95a7c5e5919b.js'
2026-6-30 10:27:03-debug: Invalidating 'pack:///chunks/5f/5fd5284b513982ea020d8e9513905cac6e75919a.js'
2026-6-30 10:27:03-debug: Invalidating 'pack:///chunks/c4/c409a49d391cd0107339e604abf784bacdef4b02.js'
2026-6-30 10:27:03-debug: Invalidating 'pack:///chunks/99/9957d51b35d223fa476f8f6dcd2b5d011a93ab2f.js'
2026-6-30 10:27:03-debug: Invalidating 'pack:///chunks/e4/e49d377195f0f6ca8039098e5e76d909c726c89c.js'
2026-6-30 10:27:03-debug: Invalidating 'pack:///chunks/d8/d87351923699bbc0b3bf2e76b9d6665983f7b324.js'
2026-6-30 10:27:03-debug: Invalidating 'pack:///chunks/b8/b8ff2efe0a5ef0b3134c1c0a100a2fc7e48d38e3.js'
2026-6-30 10:27:03-debug: Invalidating 'pack:///chunks/83/8354ac407215243163174d3e83d4cdab306051e3.js'
2026-6-30 10:27:03-debug: Invalidating 'pack:///chunks/7e/7ece20e41250ede0e4707962498ddfd8c4453b24.js'
2026-6-30 10:27:03-debug: Invalidating 'pack:///chunks/95/95d64f4c8aa166ee79b72d7add5021b420a7ce33.js'
2026-6-30 10:27:03-debug: Invalidating 'pack:///chunks/1b/1b6bd2739873dc60bb0e67b18f2ae1f3b116fb07.js'
2026-6-30 10:27:03-debug: Invalidating 'pack:///chunks/e9/e9668b02254f4db9826696b9dfb6914087bee6cc.js'
2026-6-30 10:27:03-debug: Invalidating 'pack:///chunks/4a/4a434c55814df4d84e6cd9fee04d3f21bfa74070.js'
2026-6-30 10:27:03-debug: Invalidating 'pack:///chunks/84/848ca7bc3c110f0554094ecf01b3a37b01ea9dfd.js'
2026-6-30 10:27:03-debug: Invalidating 'pack:///chunks/23/23f4bc413c460b50ee5cc83636bb099609a379fd.js'
2026-6-30 10:27:03-debug: Invalidating 'pack:///chunks/4d/4d68417d37cd80fe73d65d56dfe11dd26e9ef91a.js'
2026-6-30 10:27:03-debug: [[Executor]] Module "pack:///chunks/93/93ba276ea7b26ffcdc433fab14afc1ed6f05647b.js" loaded.
2026-6-30 10:27:03-debug: D:\工程项目\PlayableAD\Cocos\TheW\20260615_HYQ\HYQ_Project\temp\programming\packer-driver\targets\editor\chunks\6d\6d8fd2b0177941b032ddc0733af48a561fb60657.js resolved to D:\工程项目\PlayableAD\Cocos\TheW\20260615_HYQ\HYQ_Project\temp\programming\packer-driver\targets\editor\chunks\6d\6d8fd2b0177941b032ddc0733af48a561fb60657.js is not in module cache!
2026-6-30 10:27:03-debug: [[Executor]] Module "pack:///chunks/6d/6d8fd2b0177941b032ddc0733af48a561fb60657.js" loaded.
2026-6-30 10:27:03-debug: [[Executor]] Module "pack:///chunks/6a/6a5019a719a9014c047e67aa1cf34453ab8392ce.js" loaded.
2026-6-30 10:27:03-debug: [[Executor]] Register BuiltinPipelineSettings
2026-6-30 10:27:03-debug: [[Executor]] Module "pack:///chunks/c9/c9d891290a54ec567f150962e76c6bf9cdf47b3b.js" loaded.
2026-6-30 10:27:03-debug: [[Executor]] Register BuiltinPipelinePassBuilder
2026-6-30 10:27:03-debug: [[Executor]] Module "pack:///chunks/d9/d980f46bad1521f99cf9b02f6f4709610973859b.js" loaded.
2026-6-30 10:27:03-debug: [[Executor]] Module "pack:///chunks/04/04f62969dc20e2c08fceeca28e5f160f93c57d48.js" loaded.
2026-6-30 10:27:03-debug: [[Executor]] Module "pack:///chunks/84/84fdd98491917343dab9e13fe8b5a70bd6a363c2.js" loaded.
2026-6-30 10:27:03-debug: [[Executor]] Register BuiltinDepthOfFieldPass
2026-6-30 10:27:03-debug: [[Executor]] Module "pack:///chunks/f2/f22794b1c95bc92b6e994a97e9b193af020adc12.js" loaded.
2026-6-30 10:27:03-debug: [[Executor]] Register DebugViewRuntimeControl
2026-6-30 10:27:03-debug: [[Executor]] Module "pack:///chunks/e0/e099fc7c0597d98bad93ecd30952e1955267ade1.js" loaded.
2026-6-30 10:27:03-debug: [[Executor]] Register Lightning
2026-6-30 10:27:03-debug: [[Executor]] Module "pack:///chunks/e2/e2118395860d446afdd7349c12bbbbd5ff0a8915.js" loaded.
2026-6-30 10:27:03-debug: [[Executor]] Module "pack:///chunks/31/31cebe8e0355019a96c8dc216aed673e195b2a53.js" loaded.
2026-6-30 10:27:03-debug: [[Executor]] Module "pack:///chunks/e9/e96bc804d4af33012a1ad5c19177a551c107f2ae.js" loaded.
2026-6-30 10:27:03-debug: [[Executor]] Register LayerManager
2026-6-30 10:27:03-debug: [[Executor]] Module "pack:///chunks/4d/4d6662648c8c361d9de350d72c1ab0a8e7508014.js" loaded.
2026-6-30 10:27:03-debug: [[Executor]] Module "pack:///chunks/14/14cec8e3738599ab9965ee6a2127491eba1361af.js" loaded.
2026-6-30 10:27:03-debug: [[Executor]] Module "pack:///chunks/56/5601ae9cf318e5c14df7d30ca1cafe71734c982a.js" loaded.
2026-6-30 10:27:03-debug: [[Executor]] Module "pack:///chunks/3f/3fc33806253ded99e50ac9220c73832ef2904ca7.js" loaded.
2026-6-30 10:27:03-debug: [[Executor]] Register UnityUpComponent
2026-6-30 10:27:03-debug: [[Executor]] Register CameraMove
2026-6-30 10:27:03-debug: [[Executor]] Module "pack:///chunks/8a/8ae7d51cc818f718270f9e2ad9b78b6df4ffa62c.js" loaded.
2026-6-30 10:27:03-debug: [[Executor]] Module "pack:///chunks/79/798785a3f67288cbb075d5efa15a2c266208a881.js" loaded.
2026-6-30 10:27:03-debug: [[Executor]] Module "pack:///chunks/84/8436bf0d6f6a392b090fff8471ad48b32970414b.js" loaded.
2026-6-30 10:27:03-debug: [[Executor]] Module "pack:///chunks/f2/f20c45b49501fbe07d44e99d95c2c506a06a0ecd.js" loaded.
2026-6-30 10:27:03-debug: [[Executor]] Register RotationDrive
2026-6-30 10:27:03-debug: [[Executor]] Module "pack:///chunks/a1/a1d124b8795c6e55160d2ce5ecbd41437847152f.js" loaded.
2026-6-30 10:27:03-debug: [[Executor]] Register MoveDrive
2026-6-30 10:27:03-debug: [[Executor]] Module "pack:///chunks/90/901a8f42214a0198b9aca11ce347c093cca5e26c.js" loaded.
2026-6-30 10:27:03-debug: [[Executor]] Module "pack:///chunks/8b/8b1077471006cad018e02beccd0bed5dcc54c671.js" loaded.
2026-6-30 10:27:03-debug: [[Executor]] Register RotationVector
2026-6-30 10:27:03-debug: [[Executor]] Module "pack:///chunks/eb/eb316915c4446a477164305c14374917acb92a23.js" loaded.
2026-6-30 10:27:03-debug: [[Executor]] Register PrefabsRes
2026-6-30 10:27:03-debug: [[Executor]] Register PrefabsManager
2026-6-30 10:27:03-debug: [[Executor]] Register DownLoadL8
2026-6-30 10:27:03-debug: [[Executor]] Register L18nManager
2026-6-30 10:27:03-debug: [[Executor]] Module "pack:///chunks/f0/f04c2dd9d3cc608a6f46e13bb5d3c46aa5633baf.js" loaded.
2026-6-30 10:27:03-debug: [[Executor]] Module "pack:///chunks/e9/e950dd2519065be1280daf69ce7f6b07e4d0caaa.js" loaded.
2026-6-30 10:27:03-debug: [[Executor]] Module "pack:///chunks/f8/f8baeccf8cf047db05161c9b9e8b6b4ff9eefe2f.js" loaded.
2026-6-30 10:27:03-debug: [[Executor]] Module "pack:///chunks/ed/edbdde40fab9baf06e704beb85e64d72f20aefb8.js" loaded.
2026-6-30 10:27:03-debug: [[Executor]] Register LangArrAuto
2026-6-30 10:27:03-debug: [[Executor]] Module "pack:///chunks/63/633ac4308370832c1c78b9f28702617696f6e9fb.js" loaded.
2026-6-30 10:27:03-debug: [[Executor]] Register LangAuto
2026-6-30 10:27:03-debug: [[Executor]] Module "pack:///chunks/f5/f570589f727cbf96139a6869e201d7a87544da71.js" loaded.
2026-6-30 10:27:03-debug: [[Executor]] Register ResurrectionL8
2026-6-30 10:27:03-debug: [[Executor]] Module "pack:///chunks/0f/0fd75e1d9556ba520ee98c89195f9d0594110ad2.js" loaded.
2026-6-30 10:27:03-debug: [[Executor]] Register Prop
2026-6-30 10:27:03-debug: [[Executor]] Module "pack:///chunks/4c/4c2851018e56f823e74c2b3e2117156bcb9e76d0.js" loaded.
2026-6-30 10:27:03-debug: [[Executor]] Module "pack:///chunks/40/407fe08f85a1575a06beb3692d40cf36d9684f58.js" loaded.
2026-6-30 10:27:03-debug: [[Executor]] Module "pack:///chunks/f6/f6cf9b6088316a765dbcd0b22eb496d3f4be80dc.js" loaded.
2026-6-30 10:27:03-debug: [[Executor]] Module "pack:///chunks/ec/ecb76259f390974cf14cad52564b11281c42a7e6.js" loaded.
2026-6-30 10:27:03-debug: [[Executor]] Module "pack:///chunks/38/38483f6f68b174c6aad120536d38c3642cb0e458.js" loaded.
2026-6-30 10:27:03-debug: [[Executor]] Module "pack:///chunks/e5/e5fea8c54230bb378b45e63a8ea8186bdeccbbe2.js" loaded.
2026-6-30 10:27:03-debug: [[Executor]] Register DownLoadL8
2026-6-30 10:27:03-debug: [[Executor]] Register JumpDriveEngine
2026-6-30 10:27:03-debug: [[Executor]] Module "pack:///chunks/41/4103e3b8e8be7d1b0e7a8a67f28a2c29fe9aa2dc.js" loaded.
2026-6-30 10:27:03-debug: [[Executor]] Module "pack:///chunks/b6/b6919de7425c243c4e1697f376cb4f6f6b2769a4.js" loaded.
2026-6-30 10:27:03-debug: [[Executor]] Module "pack:///chunks/2e/2edb51f2f57b638345a2b9d561f476b67029b574.js" loaded.
2026-6-30 10:27:03-debug: [[Executor]] Register BagBase
2026-6-30 10:27:03-debug: [[Executor]] Module "pack:///chunks/80/80f420cd19a5967732f7f177a68c3670990311d3.js" loaded.
2026-6-30 10:27:03-debug: [[Executor]] Register GroupBag3D
2026-6-30 10:27:03-debug: [[Executor]] Module "pack:///chunks/b5/b5c69e24499acddd297e4328687b0ea934b109d5.js" loaded.
2026-6-30 10:27:03-debug: [[Executor]] Module "pack:///chunks/d5/d58c1ab1b696259af8c3b1384857266dba055462.js" loaded.
2026-6-30 10:27:03-debug: [[Executor]] Module "pack:///chunks/84/84bbaa7f2e1a0639f57f755b935e1acb7d73f78e.js" loaded.
2026-6-30 10:27:03-debug: [[Executor]] Register GroupPropTransform
2026-6-30 10:27:03-debug: [[Executor]] Module "pack:///chunks/7e/7e52be47c960966fc7d962b7957dbbce1047514e.js" loaded.
2026-6-30 10:27:03-debug: [[Executor]] Register LabBagUp
2026-6-30 10:27:03-debug: [[Executor]] Module "pack:///chunks/80/803faff6203a98317cc86f08677de73b7112b743.js" loaded.
2026-6-30 10:27:03-debug: [[Executor]] Module "pack:///chunks/f4/f4bb2b73aacdc0370fc65face1ef60d9e8732bfd.js" loaded.
2026-6-30 10:27:03-debug: [[Executor]] Module "pack:///chunks/0e/0ea1c77c59b038eb4661ef171f440cbc7cc134ca.js" loaded.
2026-6-30 10:27:03-debug: [[Executor]] Module "pack:///chunks/b1/b12e427b1fcb487f729ef654542d8e9775a297cb.js" loaded.
2026-6-30 10:27:03-debug: [[Executor]] Register AttackTargetBase
2026-6-30 10:27:03-debug: [[Executor]] Module "pack:///chunks/3f/3ff8f1a74d7fbbd22ced04971b6ab15e04fd86a6.js" loaded.
2026-6-30 10:27:03-debug: [[Executor]] Module "pack:///chunks/29/296009d632e65e6f653d790324d741c2d9759f34.js" loaded.
2026-6-30 10:27:03-debug: [[Executor]] Register AreaAttack
2026-6-30 10:27:03-debug: [[Executor]] Register MeleeAttack
2026-6-30 10:27:03-debug: [[Executor]] Module "pack:///chunks/d5/d5f6e07e1b02d743fed3d9c2c8e155b0c3309d52.js" loaded.
2026-6-30 10:27:03-debug: [[Executor]] Register HpComponent
2026-6-30 10:27:03-debug: [[Executor]] Module "pack:///chunks/9e/9ec8816866d723aea0e61547ea23bf04cc3c7c78.js" loaded.
2026-6-30 10:27:03-debug: [[Executor]] Module "pack:///chunks/23/2370bd6a63dbba247d7fcab21c5244288f150386.js" loaded.
2026-6-30 10:27:03-debug: [[Executor]] Register MeshFlashSwitchData
2026-6-30 10:27:03-debug: [[Executor]] Module "pack:///chunks/5f/5fdfd08a9c16dc742e66ef16a5a8e13f5f831a3e.js" loaded.
2026-6-30 10:27:03-debug: [[Executor]] Register FlayPropManager
2026-6-30 10:27:03-debug: [[Executor]] Register CollectGetTarget
2026-6-30 10:27:03-debug: [[Executor]] Register MeshFlashPropData
2026-6-30 10:27:03-debug: [[Executor]] Module "pack:///chunks/02/021cbce763294c7c4adf05845718c817a68ff9f3.js" loaded.
2026-6-30 10:27:03-debug: [[Executor]] Register BattleTargetBase
2026-6-30 10:27:03-debug: [[Executor]] Register MeshFlashData
2026-6-30 10:27:03-debug: [[Executor]] Register EffectRemoveBase
2026-6-30 10:27:03-debug: D:\工程项目\PlayableAD\Cocos\TheW\20260615_HYQ\HYQ_Project\temp\programming\packer-driver\targets\editor\chunks\9a\9a8786a747b555136cef77c9f5e7ad17e18a31eb.js resolved to D:\工程项目\PlayableAD\Cocos\TheW\20260615_HYQ\HYQ_Project\temp\programming\packer-driver\targets\editor\chunks\9a\9a8786a747b555136cef77c9f5e7ad17e18a31eb.js is not in module cache!
2026-6-30 10:27:03-debug: [[Executor]] Module "pack:///chunks/dc/dcc18999575bc7125a793680f1b595554e7f2cde.js" loaded.
2026-6-30 10:27:03-debug: [[Executor]] Register EffectTimePartRemove
2026-6-30 10:27:03-debug: [[Executor]] Module "pack:///chunks/ce/ced31965a759b2c1d777a8f0d98f8cd326020d87.js" loaded.
2026-6-30 10:27:03-debug: [[Executor]] Register EffectManager
2026-6-30 10:27:03-debug: [[Executor]] Module "pack:///chunks/b0/b0316da27abe29af9f8a517d28257bc913762f57.js" loaded.
2026-6-30 10:27:03-debug: [[Executor]] Register ColliderTag
2026-6-30 10:27:03-debug: [[Executor]] Module "pack:///chunks/4a/4a75ba705e89112b3bcc356e77985c7a095b80f4.js" loaded.
2026-6-30 10:27:03-debug: [[Executor]] Register BulletMonsterCollisionManager
2026-6-30 10:27:03-debug: [[Executor]] Module "pack:///chunks/e1/e13771ea8032dbc1728530af431c57de3b1e5e24.js" loaded.
2026-6-30 10:27:03-debug: [[Executor]] Register BulletBattle3D
2026-6-30 10:27:03-debug: [[Executor]] Module "pack:///chunks/a7/a78b9d0a8af4315011c59f40b6c49da033e49269.js" loaded.
2026-6-30 10:27:03-debug: [[Executor]] Register BattleTarget3D
2026-6-30 10:27:03-debug: [[Executor]] Module "pack:///chunks/9a/9a8786a747b555136cef77c9f5e7ad17e18a31eb.js" loaded.
2026-6-30 10:27:03-debug: [[Executor]] Register BulletCollideBase2D
2026-6-30 10:27:03-debug: [[Executor]] Module "pack:///chunks/bb/bb66609565f0d30fbedfe7ab7019decca8a2726b.js" loaded.
2026-6-30 10:27:03-debug: [[Executor]] Register BulletBattle2D
2026-6-30 10:27:03-debug: [[Executor]] Module "pack:///chunks/6c/6c35293030e947e52f03ea585990d17f31ea7df0.js" loaded.
2026-6-30 10:27:03-debug: [[Executor]] Module "pack:///chunks/43/4314f54defc530df4c3d4a14e3561038b8628ff3.js" loaded.
2026-6-30 10:27:03-debug: [[Executor]] Register RangedAttack
2026-6-30 10:27:03-debug: [[Executor]] Module "pack:///chunks/9b/9be30ad1a917cc0914201f1db5bdf1c5cb4d6e49.js" loaded.
2026-6-30 10:27:03-debug: [[Executor]] Register TriggerBase2D
2026-6-30 10:27:03-debug: [[Executor]] Module "pack:///chunks/8a/8a4b23fc8904a55daa926fa9bf2d450c2c59d378.js" loaded.
2026-6-30 10:27:03-debug: [[Executor]] Register BattleTarget2D
2026-6-30 10:27:03-debug: [[Executor]] Module "pack:///chunks/5b/5b626ae965dfc8bbf67ffe6dd329ea95c382afe6.js" loaded.
2026-6-30 10:27:03-debug: [[Executor]] Register CollectBattleTarger2D
2026-6-30 10:27:03-debug: [[Executor]] Module "pack:///chunks/05/0510980ff6e9ad26ec622e2230780bc7f1d96f08.js" loaded.
2026-6-30 10:27:03-debug: [[Executor]] Register BulletBatchRenderer
2026-6-30 10:27:03-debug: [[Executor]] Module "pack:///chunks/f0/f05038aedf4d7805ad91dbf59f1c87fe35c23bb5.js" loaded.
2026-6-30 10:27:03-debug: [[Executor]] Register AttackParkPlay
2026-6-30 10:27:03-debug: [[Executor]] Module "pack:///chunks/05/05825d2a71d7765a90fbbdda8907aab57810f0a0.js" loaded.
2026-6-30 10:27:03-debug: [[Executor]] Register RangeTowerAttack
2026-6-30 10:27:03-debug: [[Executor]] Module "pack:///chunks/6e/6e4d3e245933373fd13279940a5d6dee30418f49.js" loaded.
2026-6-30 10:27:03-debug: [[Executor]] Register RangedAttack_Circle
2026-6-30 10:27:03-debug: [[Executor]] Module "pack:///chunks/fa/fad9c36dab7fd23cbd0b1b9ebcbd02e6023aaadd.js" loaded.
2026-6-30 10:27:03-debug: [[Executor]] Register RangedAttack_Shrapnel
2026-6-30 10:27:03-debug: [[Executor]] Module "pack:///chunks/01/011c6605e93c83936bcaadc521a3f2df21bdd87a.js" loaded.
2026-6-30 10:27:03-debug: [[Executor]] Register BulletCollideBase3D
2026-6-30 10:27:03-debug: [[Executor]] Module "pack:///chunks/7a/7a056ac353cd4f184635b76aa08c0d427085fda7.js" loaded.
2026-6-30 10:27:03-debug: [[Executor]] Register TriggerBase3D
2026-6-30 10:27:03-debug: [[Executor]] Module "pack:///chunks/03/031aac2e2ea93f03b5422269c22800e822715034.js" loaded.
2026-6-30 10:27:03-debug: [[Executor]] Register CollectBattleTarger3D
2026-6-30 10:27:03-debug: [[Executor]] Module "pack:///chunks/11/1193ac27b94da532d27808ef712ed0fcd809d84d.js" loaded.
2026-6-30 10:27:03-debug: [[Executor]] Register EffectTimeRemove
2026-6-30 10:27:03-debug: [[Executor]] Module "pack:///chunks/29/2933ae65951958109aeb70104e6287b8240a8e01.js" loaded.
2026-6-30 10:27:03-debug: [[Executor]] Register GuideLine
2026-6-30 10:27:03-debug: [[Executor]] Module "pack:///chunks/cd/cd87286564d42a577ada1093f142b4db43415d61.js" loaded.
2026-6-30 10:27:03-debug: D:\工程项目\PlayableAD\Cocos\TheW\20260615_HYQ\HYQ_Project\temp\programming\packer-driver\targets\editor\chunks\aa\aa6223cf35796d09344450a14919ad24c61174bb.js resolved to D:\工程项目\PlayableAD\Cocos\TheW\20260615_HYQ\HYQ_Project\temp\programming\packer-driver\targets\editor\chunks\aa\aa6223cf35796d09344450a14919ad24c61174bb.js is not in module cache!
2026-6-30 10:27:03-debug: D:\工程项目\PlayableAD\Cocos\TheW\20260615_HYQ\HYQ_Project\temp\programming\packer-driver\targets\editor\chunks\fb\fb231b7b47c244832aa3ed0055e0ff4d6bda9530.js resolved to D:\工程项目\PlayableAD\Cocos\TheW\20260615_HYQ\HYQ_Project\temp\programming\packer-driver\targets\editor\chunks\fb\fb231b7b47c244832aa3ed0055e0ff4d6bda9530.js is not in module cache!
2026-6-30 10:27:03-debug: [[Executor]] Register FbxManager
2026-6-30 10:27:03-debug: [[Executor]] Module "pack:///chunks/6b/6b5ef849a8a91f0cd956b88818795e47d9431e29.js" loaded.
2026-6-30 10:27:03-debug: [[Executor]] Register Role
2026-6-30 10:27:03-debug: [[Executor]] Module "pack:///chunks/78/7875e58dc11de4424867c114cd71cf4d379fd7ce.js" loaded.
2026-6-30 10:27:03-debug: [[Executor]] Module "pack:///chunks/fb/fb231b7b47c244832aa3ed0055e0ff4d6bda9530.js" loaded.
2026-6-30 10:27:03-debug: [[Executor]] Register GameOverPanel
2026-6-30 10:27:03-debug: [[Executor]] Module "pack:///chunks/1e/1e9839fb85f612fea3030115a5d65b742de2db50.js" loaded.
2026-6-30 10:27:03-debug: [[Executor]] Register MonsterBattleTaerget
2026-6-30 10:27:03-debug: [[Executor]] Module "pack:///chunks/6b/6bf6369babd500e0802aeb38d4c346ae3462ef8b.js" loaded.
2026-6-30 10:27:03-debug: [[Executor]] Module "pack:///chunks/2c/2c40d59e1ac0050bfd5e4aece9657278c88a4b47.js" loaded.
2026-6-30 10:27:03-debug: [[Executor]] Register PropArms
2026-6-30 10:27:03-debug: [[Executor]] Register ArmsInfo
2026-6-30 10:27:03-debug: [[Executor]] Module "pack:///chunks/aa/aa6223cf35796d09344450a14919ad24c61174bb.js" loaded.
2026-6-30 10:27:03-debug: [[Executor]] Register PropBrand
2026-6-30 10:27:03-debug: [[Executor]] Module "pack:///chunks/ac/ac0e66d1df96447f3ea6b579b5067cb87a880d84.js" loaded.
2026-6-30 10:27:03-debug: [[Executor]] Register PropLalianGate
2026-6-30 10:27:03-debug: [[Executor]] Register CreatePropBrand
2026-6-30 10:27:03-debug: [[Executor]] Register Player
2026-6-30 10:27:03-debug: [[Executor]] Module "pack:///chunks/c1/c14c87720f6e6e7b27f438925fae2cc2d4587268.js" loaded.
2026-6-30 10:27:03-debug: [[Executor]] Register MonsterCreateInfo
2026-6-30 10:27:03-debug: [[Executor]] Register MonsterCreateQueue
2026-6-30 10:27:03-debug: [[Executor]] Module "pack:///chunks/e2/e2cd37831230a7474a5c89ec9f0764c2d6ce1581.js" loaded.
2026-6-30 10:27:03-debug: [[Executor]] Register MonsterCreate
2026-6-30 10:27:03-debug: [[Executor]] Module "pack:///chunks/7c/7cb3e78818d3ca7420c127c4f13ad5587e5cc5d3.js" loaded.
2026-6-30 10:27:03-debug: [[Executor]] Register GuideManager
2026-6-30 10:27:03-debug: [[Executor]] Module "pack:///chunks/12/120cba8f856407335ad8a04347cd4d36bf752a1e.js" loaded.
2026-6-30 10:27:03-debug: [[Executor]] Register ArmsUp
2026-6-30 10:27:03-debug: [[Executor]] Register PropTireGate
2026-6-30 10:27:03-debug: [[Executor]] Register RockerUI
2026-6-30 10:27:03-debug: [[Executor]] Register RockerMouseEvent
2026-6-30 10:27:03-debug: [[Executor]] Module "pack:///chunks/e4/e49d377195f0f6ca8039098e5e76d909c726c89c.js" loaded.
2026-6-30 10:27:03-debug: [[Executor]] Module "pack:///chunks/7d/7d88e9fa4d49091167d5648112015c50cab8c311.js" loaded.
2026-6-30 10:27:03-debug: [[Executor]] Module "pack:///chunks/c8/c8d2fc621a68aadf290b9938ae81f70dbefcc8d6.js" loaded.
2026-6-30 10:27:03-debug: [[Executor]] Module "pack:///chunks/d0/d08abfe279c9195afbafb261981128dda32fee17.js" loaded.
2026-6-30 10:27:03-debug: [[Executor]] Register ShoppIngEvent
2026-6-30 10:27:03-debug: [[Executor]] Module "pack:///chunks/c4/c409a49d391cd0107339e604abf784bacdef4b02.js" loaded.
2026-6-30 10:27:03-debug: [[Executor]] Register Shopping
2026-6-30 10:27:03-debug: [[Executor]] Module "pack:///chunks/5f/5fd5284b513982ea020d8e9513905cac6e75919a.js" loaded.
2026-6-30 10:27:03-debug: [[Executor]] Module "pack:///chunks/1b/1b6bd2739873dc60bb0e67b18f2ae1f3b116fb07.js" loaded.
2026-6-30 10:27:03-debug: [[Executor]] Module "pack:///chunks/41/41b6ef284e15d0779c96601cab9a95a7c5e5919b.js" loaded.
2026-6-30 10:27:03-debug: [[Executor]] Register BuyWay2D
2026-6-30 10:27:03-debug: [[Executor]] Register BuyWay3D
2026-6-30 10:27:03-debug: [[Executor]] Module "pack:///chunks/99/9957d51b35d223fa476f8f6dcd2b5d011a93ab2f.js" loaded.
2026-6-30 10:27:03-debug: [[Executor]] Register ShoppingItem
2026-6-30 10:27:03-debug: [[Executor]] Module "pack:///chunks/d8/d87351923699bbc0b3bf2e76b9d6665983f7b324.js" loaded.
2026-6-30 10:27:03-debug: [[Executor]] Register Shopping_Super
2026-6-30 10:27:03-debug: [[Executor]] Register FrameAnimManager
2026-6-30 10:27:03-debug: [[Executor]] Module "pack:///chunks/b8/b8ff2efe0a5ef0b3134c1c0a100a2fc7e48d38e3.js" loaded.
2026-6-30 10:27:03-debug: [[Executor]] Register FrameManager
2026-6-30 10:27:03-debug: [[Executor]] Register UIButtonEvent
2026-6-30 10:27:03-debug: [[Executor]] Module "pack:///chunks/83/8354ac407215243163174d3e83d4cdab306051e3.js" loaded.
2026-6-30 10:27:03-debug: [[Executor]] Module "pack:///chunks/84/848ca7bc3c110f0554094ecf01b3a37b01ea9dfd.js" loaded.
2026-6-30 10:27:03-debug: [[Executor]] Module "pack:///chunks/dd/ddf9ec67bc21176ab14fd7bef2d6099af7cab4e3.js" loaded.
2026-6-30 10:27:03-debug: [[Executor]] Register BuyWayBase
2026-6-30 10:27:03-debug: D:\工程项目\PlayableAD\Cocos\TheW\20260615_HYQ\HYQ_Project\temp\programming\packer-driver\targets\editor\chunks\7e\7ece20e41250ede0e4707962498ddfd8c4453b24.js resolved to D:\工程项目\PlayableAD\Cocos\TheW\20260615_HYQ\HYQ_Project\temp\programming\packer-driver\targets\editor\chunks\7e\7ece20e41250ede0e4707962498ddfd8c4453b24.js is not in module cache!
2026-6-30 10:27:03-debug: [[Executor]] Module "pack:///chunks/95/95d64f4c8aa166ee79b72d7add5021b420a7ce33.js" loaded.
2026-6-30 10:27:03-debug: [[Executor]] Module "pack:///chunks/23/23f4bc413c460b50ee5cc83636bb099609a379fd.js" loaded.
2026-6-30 10:27:03-debug: [[Executor]] Register StutterCheck
2026-6-30 10:27:03-debug: [[Executor]] Module "pack:///chunks/4a/4a434c55814df4d84e6cd9fee04d3f21bfa74070.js" loaded.
2026-6-30 10:27:03-debug: [[Executor]] Module "pack:///chunks/e9/e9668b02254f4db9826696b9dfb6914087bee6cc.js" loaded.
2026-6-30 10:27:03-debug: [[Executor]] Module "pack:///chunks/7e/7ece20e41250ede0e4707962498ddfd8c4453b24.js" loaded.
2026-6-30 10:27:03-debug: [[Executor]] Module "pack:///chunks/4d/4d68417d37cd80fe73d65d56dfe11dd26e9ef91a.js" loaded.
2026-6-30 10:27:03-debug: [[Executor]] Module "pack:///chunks/6d/6d8fd2b0177941b032ddc0733af48a561fb60657.js" loaded.
2026-6-30 10:27:03-debug: [[Executor]] after unlock
2026-6-30 10:27:03-debug: Incremental keys: 
2026-6-30 10:27:03-debug: Init bundle share assets start..., progress: 9%
2026-6-30 10:27:03-debug: Init bundle share assets start..., progress: 13%
2026-6-30 10:27:03-warn: The AnimationClip used by component "CameraMove" in scene "Game_3D-002" is missing. Detailed information:Node path: "Camera"Asset url: "db://assets/Scene/Game_3D-002"Missing uuid: "c6316384-dbb5-4431-ad4a-4c00d3092298@73b7f"
2026-6-30 10:27:03-warn: The AnimationClip used by component "CameraMove" in scene "Game_3D-002" is missing. Detailed information:Node path: "Camera"Asset url: "db://assets/Scene/Game_3D-002"Missing uuid: "c6316384-dbb5-4431-ad4a-4c00d3092298@73b7f"
2026-6-30 10:27:03-warn: The AnimationClip used by component "CameraMove" in scene "Game_3D-002" is missing. Detailed information:Node path: "Camera"Asset url: "db://assets/Scene/Game_3D-002"Missing uuid: "c6316384-dbb5-4431-ad4a-4c00d3092298@73b7f"
2026-6-30 10:27:03-warn: The Mesh used by component "cc.MeshRenderer" in prefab "Role_2" is missing. Detailed information:Node path: "Role_2/New Node/Bip001 Prop1 Socket/jiateling01"Asset url: "db://assets/GameRes/Prefab/Role_2"Missing uuid: "03189dd5-73dd-4e52-8644-1ff1a122b972@18a45"
2026-6-30 10:27:03-warn: The Mesh used by component "cc.MeshRenderer" in prefab "Role_1" is missing. Detailed information:Node path: "Role_1/New Node/Bip001 Prop1 Socket/jiateling01"Asset url: "db://assets/GameRes/Prefab/Role_1"Missing uuid: "03189dd5-73dd-4e52-8644-1ff1a122b972@18a45"
2026-6-30 10:27:03-warn: The Mesh used by component "cc.MeshRenderer" in prefab "Role_2" is missing. Detailed information:Node path: "Role_2/New Node/Bip001 Prop1 Socket/jiateling01"Asset url: "db://assets/GameRes/Prefab/Role_2"Missing uuid: "03189dd5-73dd-4e52-8644-1ff1a122b972@18a45"
2026-6-30 10:27:03-debug: Init bundle share assets success..., progress: 9%
2026-6-30 10:27:03-debug: Init bundle share assets success..., progress: 13%
2026-6-30 10:27:03-debug: handle json group in bundle internal success
2026-6-30 10:27:03-debug: handle json group in bundle main
2026-6-30 10:27:03-debug: handle json group in bundle internal
2026-6-30 10:27:03-debug: handle json group in bundle resources
2026-6-30 10:27:03-debug: init image compress task 0 in bundle internal
2026-6-30 10:27:03-debug: handle json group in bundle resources success
2026-6-30 10:27:03-debug: init image compress task 0 in bundle resources
2026-6-30 10:27:03-debug: [json-group] check self or raw asset, skip. 799add5f-4370-4ee6-b0a4-aca1ebcd06a3 depended by 799add5f-4370-4ee6-b0a4-aca1ebcd06a3 has checked in raw asset 799add5f-4370-4ee6-b0a4-aca1ebcd06a3/bundle(main)}
2026-6-30 10:27:03-debug: [json-group] check self or raw asset, skip. f96153eb-6f89-4aad-b84b-808954761c02 depended by f96153eb-6f89-4aad-b84b-808954761c02 has checked in raw asset b5805d3a-3b80-4a12-adf5-588e63a7d886/bundle(main)}
2026-6-30 10:27:03-debug: [json-group] check self or raw asset, skip. f96153eb-6f89-4aad-b84b-808954761c02 depended by f96153eb-6f89-4aad-b84b-808954761c02 has checked in raw asset f96153eb-6f89-4aad-b84b-808954761c02/bundle(main)}
2026-6-30 10:27:03-debug: handle json group in bundle main success
2026-6-30 10:27:03-debug: [json-group] check self or raw asset, skip. 799add5f-4370-4ee6-b0a4-aca1ebcd06a3 depended by 799add5f-4370-4ee6-b0a4-aca1ebcd06a3 has checked in raw asset b5805d3a-3b80-4a12-adf5-588e63a7d886/bundle(main)}
2026-6-30 10:27:03-debug: init image compress task 0 in bundle main
2026-6-30 10:27:03-debug: // ---- build task 查询 Asset Bundle ---- (877ms)
2026-6-30 10:27:03-log: run build task 查询 Asset Bundle success in 877 ms√, progress: 14%
2026-6-30 10:27:03-debug: [Build Memory track]: 查询 Asset Bundle start:280.57MB, end 288.83MB, increase: 8.26MB
2026-6-30 10:27:03-debug: 查询 Asset Bundle start, progress: 14%
2026-6-30 10:27:03-debug: // ---- build task 查询 Asset Bundle ----
2026-6-30 10:27:03-log: run build task 查询 Asset Bundle success in 54 ms√, progress: 19%
2026-6-30 10:27:03-debug: // ---- build task 查询 Asset Bundle ---- (54ms)
2026-6-30 10:27:03-debug: [Build Memory track]: 查询 Asset Bundle start:288.87MB, end 289.15MB, increase: 289.50KB
2026-6-30 10:27:03-debug: 打包脚本 start, progress: 19%
2026-6-30 10:27:03-debug: // ---- build task 打包脚本 ----
2026-6-30 10:27:06-log: [buildPolyfillsCommand]enter sub process 8800, 9229, see: chrome://inspect/#devices
2026-6-30 10:27:19-debug: execute-script-end with buildPolyfillsCommand 14745ms
2026-6-30 10:27:19-debug: Generate systemJs..., progress: 19%
2026-6-30 10:27:28-log: 资源数据库已锁定，资源操作(refresh)将会延迟响应，请稍侯
2026-6-30 10:27:33-debug: execute-script-end with buildSystemJsCommand 13294ms
2026-6-30 10:27:33-debug: 构建项目脚本 start..., progress: 19%
2026-6-30 10:27:33-debug: 构建项目脚本 start..., progress: 13%
2026-6-30 10:27:44-warn: [buildScriptCommand][[Build.Script.Rollup]] Circular dependency: file:///D:/%E5%B7%A5%E7%A8%8B%E9%A1%B9%E7%9B%AE/PlayableAD/Cocos/TheW/20260615_HYQ/HYQ_Project/assets/Script/functionS/Jump/JumpManager.ts -> file:///D:/%E5%B7%A5%E7%A8%8B%E9%A1%B9%E7%9B%AE/PlayableAD/Cocos/TheW/20260615_HYQ/HYQ_Project/assets/Script/functionS/Jump/JumpDriveEngine.ts -> file:///D:/%E5%B7%A5%E7%A8%8B%E9%A1%B9%E7%9B%AE/PlayableAD/Cocos/TheW/20260615_HYQ/HYQ_Project/assets/Script/functionS/Jump/JumpManager.ts
2026-6-30 10:27:44-warn: [buildScriptCommand][[Build.Script.Rollup]] Circular dependency: file:///D:/%E5%B7%A5%E7%A8%8B%E9%A1%B9%E7%9B%AE/PlayableAD/Cocos/TheW/20260615_HYQ/HYQ_Project/assets/Script/functionS/Other/PropArms.ts -> file:///D:/%E5%B7%A5%E7%A8%8B%E9%A1%B9%E7%9B%AE/PlayableAD/Cocos/TheW/20260615_HYQ/HYQ_Project/assets/Script/functionS/Monster/MonsterCreate.ts -> file:///D:/%E5%B7%A5%E7%A8%8B%E9%A1%B9%E7%9B%AE/PlayableAD/Cocos/TheW/20260615_HYQ/HYQ_Project/assets/Script/functionS/Other/PropArms.ts[warning][[Build.Script.Rollup]] Circular dependency: file:///D:/%E5%B7%A5%E7%A8%8B%E9%A1%B9%E7%9B%AE/PlayableAD/Cocos/TheW/20260615_HYQ/HYQ_Project/extensions/super-packager/package_assets/JiangYv/PBASDK-v3/PrintComponent.ts -> file:///D:/%E5%B7%A5%E7%A8%8B%E9%A1%B9%E7%9B%AE/PlayableAD/Cocos/TheW/20260615_HYQ/HYQ_Project/extensions/super-packager/package_assets/JiangYv/PBASDK-v3/StutterCheck.ts -> file:///D:/%E5%B7%A5%E7%A8%8B%E9%A1%B9%E7%9B%AE/PlayableAD/Cocos/TheW/20260615_HYQ/HYQ_Project/extensions/super-packager/package_assets/JiangYv/PBASDK-v3/PrintComponent.ts
2026-6-30 10:27:56-log: [buildScriptCommand]Number of non-entry chunks: 3
2026-6-30 10:27:56-debug: execute-script-end with buildScriptCommand 23630ms
2026-6-30 10:27:56-debug: Copy externalScripts success!
2026-6-30 10:27:56-debug: 构建项目脚本 in (23693 ms) √, progress: 19%
2026-6-30 10:27:56-debug: 构建项目脚本 in (23693 ms) √, progress: 13%
2026-6-30 10:27:56-debug: 构建引擎脚本 start..., progress: 19%
2026-6-30 10:27:56-debug: mangleProperties is enabled, found engine-mangle-config.json, use it
2026-6-30 10:27:57-debug: Use cache engine: {link(C:\Users\Admin\AppData\Local\Temp\CocosCreator\3.8.7\builder\engine\a154ee511c93165416d720dbd46d8d34)}
2026-6-30 10:27:57-debug: Use cache, md5String: debug=false,sourceMaps=false,includeModules=["2d","3d","animation","audio","base","custom-pipeline","gfx-webgl","gfx-webgl2","graphics","particle","physics-2d-box2d","physics-ammo","primitive","profiler","skeletal-animation","tween","ui","custom-pipeline-builtin-scripts"],engineVersion="3.8.7",platformType="HTML5",split=false,nativeCodeBundleMode="asmjs",targets=undefined,entry="C:\\ProgramData\\cocos\\editors\\Creator\\3.8.7\\resources\\resources\\3d\\engine",noDeprecatedFeatures=undefined,loose=true,assetURLFormat="runtime-resolved",flags={"DEBUG":false,"LOAD_BULLET_MANUALLY":false,"LOAD_SPINE_MANUALLY":false,"WEBGPU":false},preserveType=undefined,wasmCompressionMode=false,enableNamedRegisterForSystemJSModuleFormat=undefined,mangleProperties=false,inlineEnum=true,
2026-6-30 10:27:57-debug: Use cache, options: {  "entry": "C:\\ProgramData\\cocos\\editors\\Creator\\3.8.7\\resources\\resources\\3d\\engine",  "debug": false,  "mangleProperties": false,  "inlineEnum": true,  "sourceMaps": false,  "includeModules": [    "2d",    "3d",    "animation",    "audio",    "base",    "custom-pipeline",    "gfx-webgl",    "gfx-webgl2",    "graphics",    "particle",    "physics-2d-box2d",    "physics-ammo",    "primitive",    "profiler",    "skeletal-animation",    "tween",    "ui",    "custom-pipeline-builtin-scripts"  ],  "engineVersion": "3.8.7",  "md5Map": [],  "engineName": "cocos-js",  "output": "D:\\工程项目\\PlayableAD\\Cocos\\TheW\\20260615_HYQ\\HYQ_Project\\build\\web-mobile\\cocos-js",  "platformType": "HTML5",  "useCache": true,  "nativeCodeBundleMode": "asmjs",  "wasmCompressionMode": false,  "split": false,  "assetURLFormat": "runtime-resolved",  "flags": {    "DEBUG": false,    "LOAD_BULLET_MANUALLY": false,    "LOAD_SPINE_MANUALLY": false,    "WEBGPU": false  }}
2026-6-30 10:27:57-debug: 构建引擎脚本 in (395 ms) √, progress: 19%
2026-6-30 10:27:57-debug: Copy plugin script ..., progress: 19%
2026-6-30 10:27:57-debug: Generate import-map..., progress: 19%
2026-6-30 10:27:57-debug: Error: Exit process with code:null, signal:SIGTERM in task build-script    at ChildProcess.<anonymous> (C:\ProgramData\cocos\editors\Creator\3.8.7\resources\app.asar\builtin\builder\dist\worker\worker-pools\sub-process-manager.ccc:1:2409)    at ChildProcess.emit (node:events:519:28)    at Process.ChildProcess._handle.onexit (node:internal/child_process:294:12)
2026-6-30 10:27:57-debug: // ---- build task 打包脚本 ---- (53453ms)
2026-6-30 10:27:57-debug: [Build Memory track]: 打包脚本 start:289.32MB, end 288.22MB, increase: -1128.55KB
2026-6-30 10:27:57-debug: Build Assets start, progress: 24%
2026-6-30 10:27:57-log: run build task 打包脚本 success in 53 s√, progress: 24%
2026-6-30 10:27:57-debug: // ---- build task Build Assets ----
2026-6-30 10:27:57-debug: Pack Images start, progress: 24%
2026-6-30 10:27:57-debug: Pack Images start, progress: 13%
2026-6-30 10:27:57-debug: Build bundles..., progress: 24%
2026-6-30 10:27:57-debug: Number of pac assets: 3
2026-6-30 10:27:57-debug: Get Cache info of pac success {asset(17513a27-4f11-4047-a0be-8d0cb6187b9e)}
2026-6-30 10:27:57-debug: Get Cache info of pac success {asset(b74fc0c2-4c67-4dd4-8d74-9612ad56cfb1)}
2026-6-30 10:27:57-debug: Number of pack results: 2
2026-6-30 10:27:57-debug: start collect depend assets in pac17513a27-4f11-4047-a0be-8d0cb6187b9e
2026-6-30 10:27:57-debug: start sort bundle in pacb74fc0c2-4c67-4dd4-8d74-9612ad56cfb1
2026-6-30 10:27:57-debug: end sort bundle in pacb74fc0c2-4c67-4dd4-8d74-9612ad56cfb1
2026-6-30 10:27:57-debug: start collect depend assets in pacb74fc0c2-4c67-4dd4-8d74-9612ad56cfb1
2026-6-30 10:27:57-debug: start sort bundle in pac17513a27-4f11-4047-a0be-8d0cb6187b9e
2026-6-30 10:27:57-debug: end sort bundle in pac17513a27-4f11-4047-a0be-8d0cb6187b9e
2026-6-30 10:27:57-debug: builder:pack-auto-atlas-image (275ms)
2026-6-30 10:27:57-debug: Pack Images success, progress: 24%
2026-6-30 10:27:57-debug: Pack Images success, progress: 13%
2026-6-30 10:27:57-debug: Compress image start..., progress: 13%
2026-6-30 10:27:57-debug: Compress image start..., progress: 24%
2026-6-30 10:27:57-debug: sort compress task {}
2026-6-30 10:27:57-debug: Num of all image compress task 0, really: 0, configTasks: 0
2026-6-30 10:27:57-debug: Compress image success..., progress: 24%
2026-6-30 10:27:57-debug: No image need to compress
2026-6-30 10:27:57-debug: Compress image success..., progress: 13%
2026-6-30 10:27:57-debug: Output asset in bundles start, progress: 24%
2026-6-30 10:27:57-debug: Output asset in bundles start, progress: 13%
2026-6-30 10:27:57-debug: Handle all json groups in bundle internal
2026-6-30 10:27:57-debug: handle json group
2026-6-30 10:27:57-debug: Handle all json groups in bundle resources
2026-6-30 10:27:57-debug: handle json group
2026-6-30 10:27:57-debug: Handle all json groups in bundle main
2026-6-30 10:27:57-debug: handle json group
2026-6-30 10:27:57-debug: Json group(033f45a16) compile success，json number: 6
2026-6-30 10:27:57-debug: Json group(0b54f34d0) compile success，json number: 6
2026-6-30 10:27:57-debug: handle single json
2026-6-30 10:27:57-debug: Json group(0765dd8b4) compile success，json number: 6
2026-6-30 10:27:58-debug: Json group(0a84a1761) compile success，json number: 6
2026-6-30 10:27:58-debug: Json group(09e986d7f) compile success，json number: 6
2026-6-30 10:27:58-debug: Json group(0a8b38f43) compile success，json number: 6
2026-6-30 10:27:58-debug: Json group(0bd960b15) compile success，json number: 6
2026-6-30 10:27:58-debug: Json group(05a6ba422) compile success，json number: 6
2026-6-30 10:27:58-debug: handle single json
2026-6-30 10:27:58-debug: Json group(05d786f3c) compile success，json number: 6
2026-6-30 10:27:58-debug: Json group(0b4a73f10) compile success，json number: 6
2026-6-30 10:27:58-debug: Json group(0d36bcfd0) compile success，json number: 6
2026-6-30 10:27:58-debug: Json group(0939f5774) compile success，json number: 6
2026-6-30 10:27:58-debug: Json group(04d1efb95) compile success，json number: 6
2026-6-30 10:27:58-debug: Json group(05ff4bf9a) compile success，json number: 6
2026-6-30 10:27:58-debug: Json group(058888a4d) compile success，json number: 6
2026-6-30 10:27:58-debug: Json group(0aa2d87de) compile success，json number: 6
2026-6-30 10:27:58-debug: Json group(0936a916b) compile success，json number: 6
2026-6-30 10:27:58-debug: Json group(0b3e0b1ce) compile success，json number: 6
2026-6-30 10:27:58-debug: Json group(03bca836c) compile success，json number: 6
2026-6-30 10:27:58-debug: Json group(018f8689b) compile success，json number: 6
2026-6-30 10:27:58-debug: Json group(09f4a3c5f) compile success，json number: 6
2026-6-30 10:27:58-debug: Json group(0573d1736) compile success，json number: 6
2026-6-30 10:27:58-warn: The Mesh used by component "cc.MeshRenderer" in prefab "Role_2" is missing. Detailed information:Node path: "Role_2/New Node/Bip001 Prop1 Socket/jiateling01"Asset url: "db://assets/GameRes/Prefab/Role_2"Missing uuid: "03189dd5-73dd-4e52-8644-1ff1a122b972@18a45"
2026-6-30 10:27:58-warn: The Mesh used by component "cc.MeshRenderer" in prefab "Role_2" is missing. Detailed information:Node path: "Role_2/New Node/Bip001 Prop1 Socket/jiateling01"Asset url: "db://assets/GameRes/Prefab/Role_2"Missing uuid: "03189dd5-73dd-4e52-8644-1ff1a122b972@18a45"
2026-6-30 10:27:58-debug: Json group(0d1405e99) compile success，json number: 6
2026-6-30 10:27:58-debug: Json group(0fbb3d0d7) compile success，json number: 6
2026-6-30 10:27:58-debug: Json group(0b756a9e5) compile success，json number: 6
2026-6-30 10:27:58-debug: Json group(0acdaf410) compile success，json number: 6
2026-6-30 10:27:58-debug: Json group(045d59844) compile success，json number: 6
2026-6-30 10:27:58-debug: Json group(03d712220) compile success，json number: 6
2026-6-30 10:27:58-debug: Json group(0418d0963) compile success，json number: 6
2026-6-30 10:27:59-debug: Json group(0d46b5455) compile success，json number: 6
2026-6-30 10:27:59-debug: Json group(0d76502e0) compile success，json number: 6
2026-6-30 10:27:59-warn: The AnimationClip used by component "CameraMove" in scene "Game_3D-002" is missing. Detailed information:Node path: "Camera"Asset url: "db://assets/Scene/Game_3D-002"Missing uuid: "c6316384-dbb5-4431-ad4a-4c00d3092298@73b7f"
2026-6-30 10:27:59-warn: The AnimationClip used by component "CameraMove" in scene "Game_3D-002" is missing. Detailed information:Node path: "Camera"Asset url: "db://assets/Scene/Game_3D-002"Missing uuid: "c6316384-dbb5-4431-ad4a-4c00d3092298@73b7f"
2026-6-30 10:27:59-warn: The AnimationClip used by component "CameraMove" in scene "Game_3D-002" is missing. Detailed information:Node path: "Camera"Asset url: "db://assets/Scene/Game_3D-002"Missing uuid: "c6316384-dbb5-4431-ad4a-4c00d3092298@73b7f"
2026-6-30 10:27:59-warn: The Mesh used by component "cc.MeshRenderer" in prefab "Role_1" is missing. Detailed information:Node path: "Role_1/New Node/Bip001 Prop1 Socket/jiateling01"Asset url: "db://assets/GameRes/Prefab/Role_1"Missing uuid: "03189dd5-73dd-4e52-8644-1ff1a122b972@18a45"
2026-6-30 10:27:59-debug: Json group(015d25184) compile success，json number: 6
2026-6-30 10:27:59-debug: Json group(05744dfbc) compile success，json number: 6
2026-6-30 10:27:59-debug: handle single json
2026-6-30 10:28:00-debug: Output asset in bundles success, progress: 24%
2026-6-30 10:28:00-debug: Output asset in bundles success, progress: 13%
2026-6-30 10:28:00-debug: Output asset in bundles start, progress: 24%
2026-6-30 10:28:00-debug: Output asset in bundles start, progress: 13%
2026-6-30 10:28:00-debug: compress config of bundle internal success
2026-6-30 10:28:00-debug: compress config of bundle internal...
2026-6-30 10:28:00-debug: compress config of bundle resources...
2026-6-30 10:28:00-debug: compress config of bundle main...
2026-6-30 10:28:00-debug: compress config of bundle resources success
2026-6-30 10:28:00-debug: compress config of bundle main success
2026-6-30 10:28:00-debug: output config of bundle internal
2026-6-30 10:28:00-debug: output config of bundle internal success
2026-6-30 10:28:00-debug: output config of bundle resources
2026-6-30 10:28:00-debug: output config of bundle resources success
2026-6-30 10:28:00-debug: output config of bundle main
2026-6-30 10:28:00-debug: output config of bundle main success
2026-6-30 10:28:00-debug: Output asset in bundles success, progress: 24%
2026-6-30 10:28:00-debug: Output asset in bundles success, progress: 13%
2026-6-30 10:28:00-debug: // ---- build task Build Assets ---- (3233ms)
2026-6-30 10:28:00-log: run build task Build Assets success in 3 s√, progress: 29%
2026-6-30 10:28:00-debug: [Build Memory track]: Build Assets start:288.25MB, end 281.09MB, increase: -7334.15KB
2026-6-30 10:28:00-debug: 整理部分构建选项内数据到 settings.json start, progress: 29%
2026-6-30 10:28:00-debug: // ---- build task 整理部分构建选项内数据到 settings.json ----
2026-6-30 10:28:00-debug: // ---- build task 整理部分构建选项内数据到 settings.json ---- (87ms)
2026-6-30 10:28:00-log: run build task 整理部分构建选项内数据到 settings.json success in 87 ms√, progress: 31%
2026-6-30 10:28:00-debug: 填充脚本数据到 settings.json start, progress: 31%
2026-6-30 10:28:00-debug: [Build Memory track]: 整理部分构建选项内数据到 settings.json start:281.20MB, end 281.29MB, increase: 97.71KB
2026-6-30 10:28:00-debug: // ---- build task 填充脚本数据到 settings.json ----
2026-6-30 10:28:00-debug: // ---- build task 填充脚本数据到 settings.json ---- (54ms)
2026-6-30 10:28:00-debug: [Build Memory track]: 填充脚本数据到 settings.json start:281.33MB, end 281.41MB, increase: 79.07KB
2026-6-30 10:28:00-log: run build task 填充脚本数据到 settings.json success in 54 ms√, progress: 32%
2026-6-30 10:28:00-debug: 整理部分构建选项内数据到 settings.json start, progress: 32%
2026-6-30 10:28:00-debug: // ---- build task 整理部分构建选项内数据到 settings.json ----
2026-6-30 10:28:01-debug: // ---- build task 整理部分构建选项内数据到 settings.json ---- (395ms)
2026-6-30 10:28:01-log: run build task 整理部分构建选项内数据到 settings.json success in 395 ms√, progress: 34%
2026-6-30 10:28:01-debug: [Build Memory track]: 整理部分构建选项内数据到 settings.json start:281.44MB, end 281.58MB, increase: 137.93KB
2026-6-30 10:28:01-debug: web-mobile:(onBeforeCompressSettings) start..., progress: 34%
2026-6-30 10:28:01-debug: // ---- build task web-mobile：onBeforeCompressSettings ----
2026-6-30 10:28:01-debug: // ---- build task web-mobile：onBeforeCompressSettings ---- (67ms)
2026-6-30 10:28:01-debug: web-mobile:(onBeforeCompressSettings) in 67 ms ✓, progress: 36%
2026-6-30 10:28:01-debug: cocos-service:(onBeforeCompressSettings) start..., progress: 36%
2026-6-30 10:28:01-debug: // ---- build task cocos-service：onBeforeCompressSettings ----
2026-6-30 10:28:01-debug: // ---- build task cocos-service：onBeforeCompressSettings ---- (206ms)
2026-6-30 10:28:01-debug: super-packager:(onBeforeCompressSettings) start..., progress: 38%
2026-6-30 10:28:01-debug: cocos-service:(onBeforeCompressSettings) in 206 ms ✓, progress: 38%
2026-6-30 10:28:01-debug: // ---- build task super-packager：onBeforeCompressSettings ----
2026-6-30 10:28:01-log: [SUPER_PACKAGE]onBeforeCompressSettings
2026-6-30 10:28:01-debug: // ---- build task super-packager：onBeforeCompressSettings ---- (63ms)
2026-6-30 10:28:01-debug: 整理静态模板文件 start, progress: 40%
2026-6-30 10:28:01-debug: // ---- build task 整理静态模板文件 ----
2026-6-30 10:28:01-debug: super-packager:(onBeforeCompressSettings) in 63 ms ✓, progress: 40%
2026-6-30 10:28:01-debug: // ---- build task 整理静态模板文件 ---- (128ms)
2026-6-30 10:28:01-log: run build task 整理静态模板文件 success in 128 ms√, progress: 45%
2026-6-30 10:28:01-debug: cocos-service:(onAfterCompressSettings) start..., progress: 45%
2026-6-30 10:28:01-debug: [Build Memory track]: 整理静态模板文件 start:281.96MB, end 286.20MB, increase: 4.23MB
2026-6-30 10:28:01-debug: // ---- build task cocos-service：onAfterCompressSettings ----
2026-6-30 10:28:01-debug: // ---- build task cocos-service：onAfterCompressSettings ---- (129ms)
2026-6-30 10:28:01-debug: super-packager:(onAfterCompressSettings) start..., progress: 46%
2026-6-30 10:28:01-debug: // ---- build task super-packager：onAfterCompressSettings ----
2026-6-30 10:28:01-debug: cocos-service:(onAfterCompressSettings) in 129 ms ✓, progress: 46%
2026-6-30 10:28:01-log: [SUPER_PACKAGE]onAfterCompressSettings
2026-6-30 10:28:01-debug: // ---- build task super-packager：onAfterCompressSettings ---- (52ms)
2026-6-30 10:28:01-debug: super-packager:(onAfterCompressSettings) in 52 ms ✓, progress: 48%
2026-6-30 10:28:01-debug: web-mobile:(onBeforeCopyBuildTemplate) start..., progress: 48%
2026-6-30 10:28:01-debug: // ---- build task web-mobile：onBeforeCopyBuildTemplate ----
2026-6-30 10:28:01-debug: // ---- build task web-mobile：onBeforeCopyBuildTemplate ---- (88ms)
2026-6-30 10:28:01-debug: web-mobile:(onBeforeCopyBuildTemplate) in 88 ms ✓, progress: 50%
2026-6-30 10:28:01-debug: 给所有的资源加上 MD5 后缀 start, progress: 50%
2026-6-30 10:28:01-debug: // ---- build task 给所有的资源加上 MD5 后缀 ----
2026-6-30 10:28:01-log: run build task 给所有的资源加上 MD5 后缀 success in 86 ms√, progress: 60%
2026-6-30 10:28:01-debug: // ---- build task 给所有的资源加上 MD5 后缀 ---- (86ms)
2026-6-30 10:28:01-debug: web-mobile:(onAfterBuild) start..., progress: 60%
2026-6-30 10:28:01-debug: // ---- build task web-mobile：onAfterBuild ----
2026-6-30 10:28:01-debug: [Build Memory track]: 给所有的资源加上 MD5 后缀 start:282.38MB, end 282.45MB, increase: 75.39KB
2026-6-30 10:28:01-debug: web-mobile:(onAfterBuild) in 42 ms ✓, progress: 62%
2026-6-30 10:28:01-debug: cocos-service:(onAfterBuild) start..., progress: 62%
2026-6-30 10:28:01-debug: // ---- build task cocos-service：onAfterBuild ----
2026-6-30 10:28:01-debug: // ---- build task web-mobile：onAfterBuild ---- (42ms)
2026-6-30 10:28:02-debug: // ---- build task cocos-service：onAfterBuild ---- (171ms)
2026-6-30 10:28:02-debug: cocos-service:(onAfterBuild) in 171 ms ✓, progress: 64%
2026-6-30 10:28:02-debug: adsense-h5g-plugin:(onAfterBuild) start..., progress: 64%
2026-6-30 10:28:02-debug: // ---- build task adsense-h5g-plugin：onAfterBuild ----
2026-6-30 10:28:02-debug: super-html:(onAfterBuild) start..., progress: 65%
2026-6-30 10:28:02-debug: // ---- build task super-html：onAfterBuild ----
2026-6-30 10:28:02-debug: // ---- build task adsense-h5g-plugin：onAfterBuild ---- (76ms)
2026-6-30 10:28:02-debug: adsense-h5g-plugin:(onAfterBuild) in 76 ms ✓, progress: 65%
2026-6-30 10:28:02-log: [super-html] : s_input_dir D:\工程项目\PlayableAD\Cocos\TheW\20260615_HYQ\HYQ_Project\build\web-mobile
2026-6-30 10:28:02-log: [super-html] : engine version 3.8.7
2026-6-30 10:28:02-log: [super-html] : -- start --
2026-6-30 10:28:02-log: [super-html] : s_out_dir D:\工程项目\PlayableAD\Cocos\TheW\20260615_HYQ\HYQ_Project\build\super-html
2026-6-30 10:28:11-debug: // ---- build task super-html：onAfterBuild ---- (9689ms)
2026-6-30 10:28:11-debug: super-html:(onAfterBuild) in 9689 ms ✓, progress: 67%
2026-6-30 10:28:11-debug: super-packager:(onAfterBuild) start..., progress: 67%
2026-6-30 10:28:11-debug: // ---- build task super-packager：onAfterBuild ----
2026-6-30 10:28:11-log: [SUPER_PACKAGE]onAfterBuild
2026-6-30 10:28:12-debug: super-packager:(onAfterBuild) in 95 ms ✓, progress: 69%
2026-6-30 10:28:12-debug: // ---- build task super-packager：onAfterBuild ---- (95ms)
2026-6-30 10:28:12-log: Asset DB is resume!
2026-6-30 10:28:12-debug: builder:build-project-total (70636ms)
2026-6-30 10:28:12-debug: build task(web-mobile) in 70636!
2026-6-30 10:28:13-debug: [Build Memory track]: builder:build-project-total start:280.41MB, end 289.25MB, increase: 8.85MB
2026-6-30 10:28:13-debug: ================================ build Task (web-mobile) Finished in (1 min 11 s)ms ================================
2026-6-30 10:28:13-debug: Stop record console. {file(D:\工程项目\PlayableAD\Cocos\TheW\20260615_HYQ\HYQ_Project\temp\builder\log\web-mobile2026-6-30 10-27.log)}
2026-6-30 10:28:13-warn: The Mesh used by component "cc.MeshRenderer" in prefab "Role_2" is missing. Detailed information:Node path: "Role_2/New Node/Bip001 Prop1 Socket/jiateling01"Asset url: "db://assets/GameRes/Prefab/Role_2"Missing uuid: "03189dd5-73dd-4e52-8644-1ff1a122b972@18a45"
2026-6-30 10:28:13-warn: The Mesh used by component "cc.MeshRenderer" in prefab "Role_2" is missing. Detailed information:Node path: "Role_2/New Node/Bip001 Prop1 Socket/jiateling01"Asset url: "db://assets/GameRes/Prefab/Role_2"Missing uuid: "03189dd5-73dd-4e52-8644-1ff1a122b972@18a45"
2026-6-30 10:28:13-warn: The AnimationClip used by component "CameraMove" in scene "Game_3D-002" is missing. Detailed information:Node path: "Camera"Asset url: "db://assets/Scene/Game_3D-002"Missing uuid: "c6316384-dbb5-4431-ad4a-4c00d3092298@73b7f"
2026-6-30 10:28:13-warn: The AnimationClip used by component "CameraMove" in scene "Game_3D-002" is missing. Detailed information:Node path: "Camera"Asset url: "db://assets/Scene/Game_3D-002"Missing uuid: "c6316384-dbb5-4431-ad4a-4c00d3092298@73b7f"
2026-6-30 10:28:13-warn: The AnimationClip used by component "CameraMove" in scene "Game_3D-002" is missing. Detailed information:Node path: "Camera"Asset url: "db://assets/Scene/Game_3D-002"Missing uuid: "c6316384-dbb5-4431-ad4a-4c00d3092298@73b7f"
2026-6-30 10:28:13-warn: The Mesh used by component "cc.MeshRenderer" in prefab "Role_1" is missing. Detailed information:Node path: "Role_1/New Node/Bip001 Prop1 Socket/jiateling01"Asset url: "db://assets/GameRes/Prefab/Role_1"Missing uuid: "03189dd5-73dd-4e52-8644-1ff1a122b972@18a45"
2026-6-30 10:28:14-debug: refresh db internal success
2026-6-30 10:28:14-debug: refresh db assets success
2026-6-30 10:28:14-debug: %cImport%c: D:\工程项目\PlayableAD\Cocos\TheW\20260615_HYQ\HYQ_Project\extensions\super-packager\package_assets\Common\SuperPackage.tsbackground: #aaff85; color: #000;color: #000;
2026-6-30 10:28:14-debug: %cImport%c: D:\工程项目\PlayableAD\Cocos\TheW\20260615_HYQ\HYQ_Project\extensions\super-packager\package_assets\JiangYv\PBASDK-v3\PBASDK.tsbackground: #aaff85; color: #000;color: #000;
2026-6-30 10:28:14-debug: refresh db super-packager success
2026-6-30 10:28:14-debug: Run asset db hook engine-extends:afterRefresh ...
2026-6-30 10:28:14-debug: Run asset db hook engine-extends:afterRefresh success!
2026-6-30 10:28:14-debug: asset-db:worker-effect-data-processing (4ms)
2026-6-30 10:28:14-debug: asset-db:refresh-all-database (2362ms)
2026-6-30 10:28:14-debug: asset-db-hook-engine-extends-afterRefresh (5ms)
2026-6-30 10:28:19-log: [super-html] : [common] [6299 kb] D:\工程项目\PlayableAD\Cocos\TheW\20260615_HYQ\HYQ_Project\build\super-html\common\HYQ_common_min.html
2026-6-30 10:28:19-log: [super-html] : [applovin] [6299 kb] D:\工程项目\PlayableAD\Cocos\TheW\20260615_HYQ\HYQ_Project\build\super-html\applovin\HYQ_applovin.html
2026-6-30 10:28:19-log: [super-html] : [ironsource] [6302 kb] D:\工程项目\PlayableAD\Cocos\TheW\20260615_HYQ\HYQ_Project\build\super-html\ironsource\HYQ_ironsource.html
2026-6-30 10:28:19-log: [super-html] : [ironsource2025] [6300 kb] D:\工程项目\PlayableAD\Cocos\TheW\20260615_HYQ\HYQ_Project\build\super-html\ironsource2025\HYQ_ironsource2025.html
2026-6-30 10:28:19-log: [super-html] : [common] [13646 kb] D:\工程项目\PlayableAD\Cocos\TheW\20260615_HYQ\HYQ_Project\build\super-html\common\HYQ_common.html
2026-6-30 10:28:21-log: [super-html] : [mintegral] [4562 kb] D:\工程项目\PlayableAD\Cocos\TheW\20260615_HYQ\HYQ_Project\build\super-html\mintegral\HYQ_mintegral.zip
2026-6-30 10:28:21-log: [super-html] : [unity] [6300 kb] D:\工程项目\PlayableAD\Cocos\TheW\20260615_HYQ\HYQ_Project\build\super-html\unity\HYQ_unity.html
2026-6-30 10:28:21-log: [super-html] : [chartboost] [6299 kb] D:\工程项目\PlayableAD\Cocos\TheW\20260615_HYQ\HYQ_Project\build\super-html\chartboost\HYQ_chartboost.html
2026-6-30 10:28:22-log: [super-html] : [google] [4632 kb] D:\工程项目\PlayableAD\Cocos\TheW\20260615_HYQ\HYQ_Project\build\super-html\google\HYQ_google.zip
2026-6-30 10:28:23-log: [super-html] : [google] [4632 kb] D:\工程项目\PlayableAD\Cocos\TheW\20260615_HYQ\HYQ_Project\build\super-html\google\HYQ_google_portrait.zip
2026-6-30 10:28:24-log: [super-html] : [google] [4632 kb] D:\工程项目\PlayableAD\Cocos\TheW\20260615_HYQ\HYQ_Project\build\super-html\google\HYQ_google_landscape.zip
2026-6-30 10:28:24-log: [super-html] : [facebook] [6299 kb] D:\工程项目\PlayableAD\Cocos\TheW\20260615_HYQ\HYQ_Project\build\super-html\facebook\HYQ_facebook.html
2026-6-30 10:28:25-log: [super-html] : [facebook] [4632 kb] D:\工程项目\PlayableAD\Cocos\TheW\20260615_HYQ\HYQ_Project\build\super-html\facebook\HYQ_facebook.zip
2026-6-30 10:28:27-log: [super-html] : [pangle] [4562 kb] D:\工程项目\PlayableAD\Cocos\TheW\20260615_HYQ\HYQ_Project\build\super-html\pangle\HYQ_pangle.zip
2026-6-30 10:28:29-log: [super-html] : [pangle] [4562 kb] D:\工程项目\PlayableAD\Cocos\TheW\20260615_HYQ\HYQ_Project\build\super-html\pangle\HYQ_pangle_portrait.zip
2026-6-30 10:28:30-log: [super-html] : [pangle] [4562 kb] D:\工程项目\PlayableAD\Cocos\TheW\20260615_HYQ\HYQ_Project\build\super-html\pangle\HYQ_pangle_landscape.zip
2026-6-30 10:28:31-log: [super-html] : [liftoff] [4561 kb] D:\工程项目\PlayableAD\Cocos\TheW\20260615_HYQ\HYQ_Project\build\super-html\liftoff\HYQ_liftoff.zip
2026-6-30 10:28:31-log: [super-html] : [moloco] [6299 kb] D:\工程项目\PlayableAD\Cocos\TheW\20260615_HYQ\HYQ_Project\build\super-html\moloco\HYQ_moloco.html
2026-6-30 10:28:32-log: [super-html] : [tiktok] [4562 kb] D:\工程项目\PlayableAD\Cocos\TheW\20260615_HYQ\HYQ_Project\build\super-html\tiktok\HYQ_tiktok.zip
2026-6-30 10:28:34-log: [super-html] : [vungle] [4561 kb] D:\工程项目\PlayableAD\Cocos\TheW\20260615_HYQ\HYQ_Project\build\super-html\vungle\HYQ_vungle.zip
2026-6-30 10:28:35-log: [super-html] : [bigo] [4562 kb] D:\工程项目\PlayableAD\Cocos\TheW\20260615_HYQ\HYQ_Project\build\super-html\bigo\HYQ_bigo.zip
2026-6-30 10:28:35-log: [super-html] : [kwai] : thumbnail_cover.jpg no find
2026-6-30 10:28:36-log: [super-html] : [kwai] [4562 kb] D:\工程项目\PlayableAD\Cocos\TheW\20260615_HYQ\HYQ_Project\build\super-html\kwai\HYQ_kwai.zip
2026-6-30 10:28:36-log: [super-html] : [nefta] [6299 kb] D:\工程项目\PlayableAD\Cocos\TheW\20260615_HYQ\HYQ_Project\build\super-html\nefta\HYQ_nefta.html
2026-6-30 10:28:37-log: [super-html] : [nefta] [4562 kb] D:\工程项目\PlayableAD\Cocos\TheW\20260615_HYQ\HYQ_Project\build\super-html\nefta\HYQ_nefta.zip
2026-6-30 10:28:37-log: [super-html] : [snapchat] [4632 kb] D:\工程项目\PlayableAD\Cocos\TheW\20260615_HYQ\HYQ_Project\build\super-html\snapchat\HYQ_snapchat_portrait.zip
2026-6-30 10:28:38-log: [super-html] : [gdt] [4632 kb] D:\工程项目\PlayableAD\Cocos\TheW\20260615_HYQ\HYQ_Project\build\super-html\gdt\HYQ_gdt.zip
2026-6-30 10:28:39-log: [super-html] : [gdt] [4632 kb] D:\工程项目\PlayableAD\Cocos\TheW\20260615_HYQ\HYQ_Project\build\super-html\gdt\HYQ_gdt_portrait.zip
2026-6-30 10:28:39-log: [super-html] : [gdt] [4632 kb] D:\工程项目\PlayableAD\Cocos\TheW\20260615_HYQ\HYQ_Project\build\super-html\gdt\HYQ_gdt_landscape.zip
2026-6-30 10:28:39-log: [super-html] : run time 37.711S
2026-6-30 10:28:39-log: [super-html] : -- end -- 
2026-6-30 10:29:17-debug: refresh db internal success
2026-6-30 10:29:17-debug: refresh db assets success
2026-6-30 10:29:17-debug: refresh db super-packager success
2026-6-30 10:29:17-debug: Run asset db hook engine-extends:afterRefresh ...
2026-6-30 10:29:17-debug: Run asset db hook engine-extends:afterRefresh success!
2026-6-30 10:29:17-debug: asset-db:refresh-all-database (370ms)
2026-6-30 10:29:17-debug: asset-db:worker-effect-data-processing (2ms)
2026-6-30 10:29:17-debug: asset-db-hook-engine-extends-afterRefresh (3ms)
2026-6-30 10:34:44-debug: refresh db internal success
2026-6-30 10:34:44-debug: refresh db assets success
2026-6-30 10:34:44-debug: refresh db super-packager success
2026-6-30 10:34:44-debug: Run asset db hook engine-extends:afterRefresh ...
2026-6-30 10:34:44-debug: Run asset db hook engine-extends:afterRefresh success!
2026-6-30 10:34:44-debug: asset-db:refresh-all-database (280ms)
2026-6-30 10:34:44-debug: asset-db:worker-effect-data-processing (1ms)
2026-6-30 10:34:44-debug: asset-db-hook-engine-extends-afterRefresh (2ms)
