2026-7-7 16:00:25-log: Cannot access game frame or container.
2026-7-7 16:00:25-debug: asset-db:require-engine-code (911ms)
2026-7-7 16:00:25-log: meshopt wasm decoder initialized
2026-7-7 16:00:25-log: [bullet]:bullet wasm lib loaded.
2026-7-7 16:00:25-log: [box2d]:box2d wasm lib loaded.
2026-7-7 16:00:25-log: Cocos Creator v3.8.7
2026-7-7 16:00:25-log: Using legacy pipeline
2026-7-7 16:00:26-debug: [Assets Memory track]: asset-db:worker-init: initEngine start:29.52MB, end 80.08MB, increase: 50.56MB
2026-7-7 16:00:25-log: Forward render pipeline initialized.
2026-7-7 16:00:28-debug: [Assets Memory track]: asset-db:worker-init: initPlugin start:80.19MB, end 274.98MB, increase: 194.80MB
2026-7-7 16:00:28-debug: run package(super-packager) handler(enable) success!
2026-7-7 16:00:28-debug: run package(super-html) handler(enable) success!
2026-7-7 16:00:28-debug: run package(super-packager) handler(enable) start
2026-7-7 16:00:28-debug: run package(super-html) handler(enable) start
2026-7-7 16:00:28-debug: run package(placeholder) handler(enable) success!
2026-7-7 16:00:28-debug: run package(placeholder) handler(enable) start
2026-7-7 16:00:28-debug: asset-db:worker-init: initPlugin (2577ms)
2026-7-7 16:00:28-debug: Run asset db hook engine-extends:beforePreStart ...
2026-7-7 16:00:28-debug: Run asset db hook engine-extends:beforePreStart success!
2026-7-7 16:00:28-debug: Run asset db hook programming:beforePreStart ...
2026-7-7 16:00:28-debug: Run asset db hook programming:beforePreStart success!
2026-7-7 16:00:29-debug: Preimport db  success
2026-7-7 16:00:29-debug: Preimport db  success
2026-7-7 16:00:29-debug: Run asset db hook programming:afterPreStart ...
2026-7-7 16:00:29-debug: starting packer-driver...
2026-7-7 16:00:29-debug: Preimport db  success
2026-7-7 16:00:28-debug: [Assets Memory track]: asset-db:worker-init start:29.51MB, end 275.25MB, increase: 245.73MB
2026-7-7 16:00:29-debug: asset-db:worker-init (4192ms)
2026-7-7 16:00:29-debug: asset-db-hook-programming-beforePreStart (82ms)
2026-7-7 16:00:29-debug: asset-db-hook-engine-extends-beforePreStart (82ms)
2026-7-7 16:00:29-debug: initialize scripting environment...
2026-7-7 16:00:29-debug: [[Executor]] prepare before lock
2026-7-7 16:00:29-debug: Set detail map pack:///resolution-detail-map.json: {}
2026-7-7 16:00:29-debug: Run asset db hook programming:afterPreStart success!
2026-7-7 16:00:29-debug: Run asset db hook engine-extends:afterPreStart success!
2026-7-7 16:00:29-debug: Run asset db hook engine-extends:afterPreStart ...
2026-7-7 16:00:29-debug: [[Executor]] prepare after unlock
2026-7-7 16:00:29-debug: Start up the 'internal' database...
2026-7-7 16:00:29-debug: asset-db-hook-programming-afterPreStart (535ms)
2026-7-7 16:00:29-debug: asset-db:worker-effect-data-processing (127ms)
2026-7-7 16:00:29-debug: asset-db-hook-engine-extends-afterPreStart (128ms)
2026-7-7 16:00:30-debug: Run asset db hook engine-extends:afterStartDB ...
2026-7-7 16:00:30-debug: recompile effect.bin success
2026-7-7 16:00:30-debug: Run asset db hook engine-extends:afterStartDB success!
2026-7-7 16:00:30-debug: Start up the 'assets' database...
2026-7-7 16:00:30-debug: Run asset db hook engine-extends:afterStartDB ...
2026-7-7 16:00:31-debug: recompile effect.bin success
2026-7-7 16:00:31-debug: Run asset db hook engine-extends:afterStartDB success!
2026-7-7 16:00:31-debug: Start up the 'super-packager' database...
2026-7-7 16:00:31-debug: Run asset db hook engine-extends:afterStartDB ...
2026-7-7 16:00:31-debug: asset-db:worker-effect-data-processing (1544ms)
2026-7-7 16:00:31-debug: asset-db-hook-engine-extends-afterStartDB (1544ms)
2026-7-7 16:00:31-debug: asset-db-hook-engine-extends-afterStartDB (821ms)
2026-7-7 16:00:31-debug: asset-db:worker-effect-data-processing (820ms)
2026-7-7 16:00:31-debug: recompile effect.bin success
2026-7-7 16:00:31-debug: Run asset db hook engine-extends:afterStartDB success!
2026-7-7 16:00:31-debug: lazy register asset handler text
2026-7-7 16:00:31-debug: lazy register asset handler directory
2026-7-7 16:00:31-debug: lazy register asset handler spine-data
2026-7-7 16:00:31-debug: lazy register asset handler json
2026-7-7 16:00:31-debug: lazy register asset handler dragonbones
2026-7-7 16:00:31-debug: lazy register asset handler dragonbones-atlas
2026-7-7 16:00:31-debug: lazy register asset handler *
2026-7-7 16:00:31-debug: lazy register asset handler javascript
2026-7-7 16:00:31-debug: lazy register asset handler scene
2026-7-7 16:00:31-debug: lazy register asset handler typescript
2026-7-7 16:00:31-debug: lazy register asset handler terrain
2026-7-7 16:00:31-debug: lazy register asset handler sprite-frame
2026-7-7 16:00:31-debug: lazy register asset handler tiled-map
2026-7-7 16:00:31-debug: lazy register asset handler prefab
2026-7-7 16:00:31-debug: lazy register asset handler image
2026-7-7 16:00:31-debug: lazy register asset handler sign-image
2026-7-7 16:00:31-debug: lazy register asset handler buffer
2026-7-7 16:00:31-debug: lazy register asset handler texture
2026-7-7 16:00:31-debug: lazy register asset handler texture-cube
2026-7-7 16:00:31-debug: lazy register asset handler erp-texture-cube
2026-7-7 16:00:31-debug: lazy register asset handler render-texture
2026-7-7 16:00:31-debug: lazy register asset handler texture-cube-face
2026-7-7 16:00:31-debug: lazy register asset handler gltf
2026-7-7 16:00:31-debug: lazy register asset handler alpha-image
2026-7-7 16:00:31-debug: lazy register asset handler rt-sprite-frame
2026-7-7 16:00:31-debug: lazy register asset handler gltf-mesh
2026-7-7 16:00:31-debug: lazy register asset handler gltf-animation
2026-7-7 16:00:31-debug: lazy register asset handler gltf-material
2026-7-7 16:00:31-debug: lazy register asset handler gltf-scene
2026-7-7 16:00:31-debug: lazy register asset handler gltf-skeleton
2026-7-7 16:00:31-debug: lazy register asset handler gltf-embeded-image
2026-7-7 16:00:31-debug: lazy register asset handler fbx
2026-7-7 16:00:31-debug: lazy register asset handler material
2026-7-7 16:00:31-debug: lazy register asset handler physics-material
2026-7-7 16:00:31-debug: lazy register asset handler effect
2026-7-7 16:00:31-debug: lazy register asset handler effect-header
2026-7-7 16:00:31-debug: lazy register asset handler animation-clip
2026-7-7 16:00:31-debug: lazy register asset handler audio-clip
2026-7-7 16:00:31-debug: lazy register asset handler animation-graph
2026-7-7 16:00:31-debug: lazy register asset handler animation-graph-variant
2026-7-7 16:00:31-debug: lazy register asset handler animation-mask
2026-7-7 16:00:31-debug: lazy register asset handler bitmap-font
2026-7-7 16:00:31-debug: lazy register asset handler particle
2026-7-7 16:00:31-debug: lazy register asset handler sprite-atlas
2026-7-7 16:00:31-debug: lazy register asset handler ttf-font
2026-7-7 16:00:31-debug: lazy register asset handler auto-atlas
2026-7-7 16:00:31-debug: lazy register asset handler render-pipeline
2026-7-7 16:00:31-debug: lazy register asset handler render-flow
2026-7-7 16:00:31-debug: lazy register asset handler render-stage
2026-7-7 16:00:31-debug: lazy register asset handler instantiation-material
2026-7-7 16:00:31-debug: lazy register asset handler instantiation-mesh
2026-7-7 16:00:31-debug: lazy register asset handler instantiation-skeleton
2026-7-7 16:00:31-debug: lazy register asset handler instantiation-animation
2026-7-7 16:00:31-debug: lazy register asset handler label-atlas
2026-7-7 16:00:31-debug: lazy register asset handler video-clip
2026-7-7 16:00:32-debug: asset-db:worker-effect-data-processing (561ms)
2026-7-7 16:00:32-debug: asset-db-hook-engine-extends-afterStartDB (562ms)
2026-7-7 16:00:32-debug: asset-db:start-database (3026ms)
2026-7-7 16:00:32-debug: asset-db:ready (10457ms)
2026-7-7 16:00:32-debug: init worker message success
2026-7-7 16:00:33-log: [SUPER_PACKAGE]async function() {
  console.log(PACKAGE_NAME, load);
}
2026-7-7 16:00:33-debug: programming:execute-script (13ms)
2026-7-7 16:00:33-debug: [Build Memory track]: builder:worker-init start:229.47MB, end 254.91MB, increase: 25.44MB
2026-7-7 16:00:33-debug: Query all assets info in project
2026-7-7 16:00:33-debug: builder:worker-init (1156ms)
2026-7-7 16:00:33-debug: init custom config: keepNodeUuid: false, useCache: true
2026-7-7 16:00:33-debug: Skip compress image, progress: 0%
2026-7-7 16:00:33-debug: Init all bundles start..., progress: 0%
2026-7-7 16:00:33-debug: // ---- build task 查询 Asset Bundle ----
2026-7-7 16:00:33-debug: Init bundle root assets start..., progress: 0%
2026-7-7 16:00:33-debug: Num of bundles: 3..., progress: 0%
2026-7-7 16:00:33-debug: 查询 Asset Bundle start, progress: 0%
2026-7-7 16:00:33-debug: Query preload assets/scripts from cc.config.json: 60f7195c-ec2a-45eb-ba94-8955f60e81d0,1c02ae6f-4492-4915-b8f8-7492a3b1e4cd,810e96e4-e456-4468-9b59-f4e8f39732c0,efe8e2a3-eace-427b-b4f1-cb8a937ec77d,e9aa9a3e-5b2b-4ac7-a2c7-073de2b2b24f,8bbdbcdd-5cd4-4100-b6d5-b7c9625b6107,50f4348b-c883-4e2f-8f11-ce233b859fa1,fda095cb-831d-4601-ad94-846013963de8,f92806d7-1768-443f-afe8-12bcde84d0f0,dd3a144d-ab7f-41f0-82b8-2e43a090d496,f0416e68-0200-4b77-a926-4f9d16e494da,511d2633-09a7-4bdd-ac42-f778032124b3,5d45aa00-e064-4938-b314-4265f0c2258c,9361fd90-ba52-4f84-aa93-6e878fd576ca,970b0598-bcb0-4714-91fb-2e81440dccd8,bcd64cc6-2dd9-43f6-abbe-66318d332032,d930590d-bb92-4cc8-8bd1-23cd027f9edf,a3cd009f-0ab0-420d-9278-b9fdab939bbc,6a2d0734-bd9e-4ddf-946e-caa52498cb75,d1346436-ac96-4271-b863-1f4fdead95b0,971bdb23-3ff6-43eb-b422-1c30165a3663,17debcc3-0a6b-4b8a-b00b-dc58b885581e,711ebe11-f673-4cd9-9a83-63c60ba54c5b,c0143906-9aed-447e-9436-2ae8512d1b6e,14da1725-c4c2-42b4-ab08-ee0aeb6898b3,081cab31-dccd-428e-8652-f2404cc81c47,78e0584a-4343-4727-8f37-e14e65c2a2db,ba21476f-2866-4f81-9c4d-6e359316e448,871c3b6c-7379-419d-bda3-794b239ab90d,ff9b0199-ce04-4cfe-86cc-6c719f08d6e4,de1c2107-70c8-4021-8459-6399f24d01c6,cbf30902-517f-40dc-af90-a550bac27cf1,5c601d96-e4c7-4698-991b-7ee674b11079
2026-7-7 16:00:33-debug:   Number of all scenes: 5
2026-7-7 16:00:33-debug:   Number of all scripts: 109
2026-7-7 16:00:33-debug:   Number of other assets: 1158
2026-7-7 16:00:33-debug: Init bundle root assets success..., progress: 0%
2026-7-7 16:00:33-debug: // ---- build task 查询 Asset Bundle ---- (12ms)
2026-7-7 16:00:33-log: run build task 查询 Asset Bundle success in 12 ms√, progress: 5%
2026-7-7 16:00:33-debug: 查询 Asset Bundle start, progress: 5%
2026-7-7 16:00:33-debug: [Build Memory track]: 查询 Asset Bundle start:252.58MB, end 254.28MB, increase: 1.70MB
2026-7-7 16:00:33-debug: // ---- build task 查询 Asset Bundle ----
2026-7-7 16:00:33-debug: // ---- build task 查询 Asset Bundle ---- (6ms)
2026-7-7 16:00:33-log: run build task 查询 Asset Bundle success in 6 ms√, progress: 10%
2026-7-7 16:00:33-debug: 整理部分构建选项内数据到 settings.json start, progress: 10%
2026-7-7 16:00:33-debug: // ---- build task 整理部分构建选项内数据到 settings.json ----
2026-7-7 16:00:33-debug: [Build Memory track]: 查询 Asset Bundle start:254.32MB, end 254.60MB, increase: 281.34KB
2026-7-7 16:00:33-debug: // ---- build task 整理部分构建选项内数据到 settings.json ---- (2ms)
2026-7-7 16:00:33-log: run build task 整理部分构建选项内数据到 settings.json success in 2 ms√, progress: 12%
2026-7-7 16:00:33-debug: // ---- build task 填充脚本数据到 settings.json ----
2026-7-7 16:00:33-debug: [Build Memory track]: 整理部分构建选项内数据到 settings.json start:254.64MB, end 254.69MB, increase: 43.98KB
2026-7-7 16:00:33-debug: 填充脚本数据到 settings.json start, progress: 12%
2026-7-7 16:00:33-debug: // ---- build task 填充脚本数据到 settings.json ---- (2ms)
2026-7-7 16:00:33-log: run build task 填充脚本数据到 settings.json success in 2 ms√, progress: 13%
2026-7-7 16:00:33-debug: // ---- build task 整理部分构建选项内数据到 settings.json ----
2026-7-7 16:00:33-debug: [Build Memory track]: 填充脚本数据到 settings.json start:254.74MB, end 254.77MB, increase: 36.63KB
2026-7-7 16:00:33-debug: 整理部分构建选项内数据到 settings.json start, progress: 13%
2026-7-7 16:00:33-debug: // ---- build task 整理部分构建选项内数据到 settings.json ---- (6ms)
2026-7-7 16:00:33-log: run build task 整理部分构建选项内数据到 settings.json success in 6 ms√, progress: 15%
2026-7-7 16:00:33-debug: [Build Memory track]: 整理部分构建选项内数据到 settings.json start:254.82MB, end 254.92MB, increase: 105.52KB
2026-7-7 16:00:34-debug: Query all assets info in project
2026-7-7 16:00:34-debug: init custom config: keepNodeUuid: false, useCache: true
2026-7-7 16:00:34-debug: Skip compress image, progress: 0%
2026-7-7 16:00:34-debug: Init all bundles start..., progress: 0%
2026-7-7 16:00:34-debug: // ---- build task 查询 Asset Bundle ----
2026-7-7 16:00:34-debug: Init bundle root assets start..., progress: 0%
2026-7-7 16:00:34-debug: Num of bundles: 3..., progress: 0%
2026-7-7 16:00:34-debug: 查询 Asset Bundle start, progress: 0%
2026-7-7 16:00:34-debug: Query preload assets/scripts from cc.config.json: 60f7195c-ec2a-45eb-ba94-8955f60e81d0,1c02ae6f-4492-4915-b8f8-7492a3b1e4cd,810e96e4-e456-4468-9b59-f4e8f39732c0,efe8e2a3-eace-427b-b4f1-cb8a937ec77d,e9aa9a3e-5b2b-4ac7-a2c7-073de2b2b24f,8bbdbcdd-5cd4-4100-b6d5-b7c9625b6107,50f4348b-c883-4e2f-8f11-ce233b859fa1,fda095cb-831d-4601-ad94-846013963de8,f92806d7-1768-443f-afe8-12bcde84d0f0,dd3a144d-ab7f-41f0-82b8-2e43a090d496,f0416e68-0200-4b77-a926-4f9d16e494da,511d2633-09a7-4bdd-ac42-f778032124b3,5d45aa00-e064-4938-b314-4265f0c2258c,9361fd90-ba52-4f84-aa93-6e878fd576ca,970b0598-bcb0-4714-91fb-2e81440dccd8,bcd64cc6-2dd9-43f6-abbe-66318d332032,d930590d-bb92-4cc8-8bd1-23cd027f9edf,a3cd009f-0ab0-420d-9278-b9fdab939bbc,6a2d0734-bd9e-4ddf-946e-caa52498cb75,d1346436-ac96-4271-b863-1f4fdead95b0,971bdb23-3ff6-43eb-b422-1c30165a3663,17debcc3-0a6b-4b8a-b00b-dc58b885581e,711ebe11-f673-4cd9-9a83-63c60ba54c5b,c0143906-9aed-447e-9436-2ae8512d1b6e,14da1725-c4c2-42b4-ab08-ee0aeb6898b3,081cab31-dccd-428e-8652-f2404cc81c47,78e0584a-4343-4727-8f37-e14e65c2a2db,ba21476f-2866-4f81-9c4d-6e359316e448,871c3b6c-7379-419d-bda3-794b239ab90d,ff9b0199-ce04-4cfe-86cc-6c719f08d6e4,de1c2107-70c8-4021-8459-6399f24d01c6,cbf30902-517f-40dc-af90-a550bac27cf1,5c601d96-e4c7-4698-991b-7ee674b11079
2026-7-7 16:00:34-debug:   Number of all scenes: 5
2026-7-7 16:00:34-debug:   Number of all scripts: 109
2026-7-7 16:00:34-debug:   Number of other assets: 1158
2026-7-7 16:00:34-debug: Init bundle root assets success..., progress: 0%
2026-7-7 16:00:34-debug: // ---- build task 查询 Asset Bundle ---- (21ms)
2026-7-7 16:00:34-debug: [Build Memory track]: 查询 Asset Bundle start:257.57MB, end 252.79MB, increase: -4895.19KB
2026-7-7 16:00:34-debug: 查询 Asset Bundle start, progress: 5%
2026-7-7 16:00:34-debug: // ---- build task 查询 Asset Bundle ----
2026-7-7 16:00:34-log: run build task 查询 Asset Bundle success in 21 ms√, progress: 5%
2026-7-7 16:00:34-debug: // ---- build task 查询 Asset Bundle ---- (5ms)
2026-7-7 16:00:34-log: run build task 查询 Asset Bundle success in 5 ms√, progress: 10%
2026-7-7 16:00:34-debug: 整理部分构建选项内数据到 settings.json start, progress: 10%
2026-7-7 16:00:34-debug: // ---- build task 整理部分构建选项内数据到 settings.json ----
2026-7-7 16:00:34-debug: [Build Memory track]: 查询 Asset Bundle start:252.84MB, end 253.08MB, increase: 249.59KB
2026-7-7 16:00:34-debug: // ---- build task 整理部分构建选项内数据到 settings.json ---- (2ms)
2026-7-7 16:00:34-log: run build task 整理部分构建选项内数据到 settings.json success in 2 ms√, progress: 12%
2026-7-7 16:00:34-debug: [Build Memory track]: 整理部分构建选项内数据到 settings.json start:253.13MB, end 253.18MB, increase: 46.40KB
2026-7-7 16:00:34-debug: 填充脚本数据到 settings.json start, progress: 12%
2026-7-7 16:00:34-debug: // ---- build task 填充脚本数据到 settings.json ----
2026-7-7 16:00:34-debug: // ---- build task 填充脚本数据到 settings.json ---- (2ms)
2026-7-7 16:00:34-log: run build task 填充脚本数据到 settings.json success in 2 ms√, progress: 13%
2026-7-7 16:00:34-debug: [Build Memory track]: 填充脚本数据到 settings.json start:253.22MB, end 253.26MB, increase: 40.88KB
2026-7-7 16:00:34-debug: 整理部分构建选项内数据到 settings.json start, progress: 13%
2026-7-7 16:00:34-debug: // ---- build task 整理部分构建选项内数据到 settings.json ----
2026-7-7 16:00:34-log: run build task 整理部分构建选项内数据到 settings.json success in 10 ms√, progress: 15%
2026-7-7 16:00:34-debug: [Build Memory track]: 整理部分构建选项内数据到 settings.json start:253.31MB, end 253.38MB, increase: 74.30KB
2026-7-7 16:00:34-debug: // ---- build task 整理部分构建选项内数据到 settings.json ---- (10ms)
2026-7-7 16:00:51-debug: refresh db internal success
2026-7-7 16:00:51-debug: refresh db assets success
2026-7-7 16:00:51-debug: refresh db super-packager success
2026-7-7 16:00:51-debug: Run asset db hook engine-extends:afterRefresh ...
2026-7-7 16:00:51-debug: Run asset db hook engine-extends:afterRefresh success!
2026-7-7 16:00:51-debug: asset-db:refresh-all-database (294ms)
2026-7-7 16:00:51-debug: asset-db:worker-effect-data-processing (2ms)
2026-7-7 16:00:51-debug: asset-db-hook-engine-extends-afterRefresh (2ms)
2026-7-7 16:02:18-debug: %cImport%c: D:\工程项目\PlayableAD\Cocos\TheW\20260615_HYQ\HYQ_Project\assets\Scene\Game_3D-002.scenebackground: #aaff85; color: #000;color: #000;
2026-7-7 16:02:18-debug: asset-db:reimport-assetb5805d3a-3b80-4a12-adf5-588e63a7d886 (37ms)
2026-7-7 16:02:19-debug: Query all assets info in project
2026-7-7 16:02:19-debug: init custom config: keepNodeUuid: false, useCache: true
2026-7-7 16:02:19-debug: Skip compress image, progress: 0%
2026-7-7 16:02:19-debug: Init all bundles start..., progress: 0%
2026-7-7 16:02:19-debug: 查询 Asset Bundle start, progress: 0%
2026-7-7 16:02:19-debug: // ---- build task 查询 Asset Bundle ----
2026-7-7 16:02:19-debug: Init bundle root assets start..., progress: 0%
2026-7-7 16:02:19-debug: Num of bundles: 3..., progress: 0%
2026-7-7 16:02:19-debug: Query preload assets/scripts from cc.config.json: 60f7195c-ec2a-45eb-ba94-8955f60e81d0,1c02ae6f-4492-4915-b8f8-7492a3b1e4cd,810e96e4-e456-4468-9b59-f4e8f39732c0,efe8e2a3-eace-427b-b4f1-cb8a937ec77d,e9aa9a3e-5b2b-4ac7-a2c7-073de2b2b24f,8bbdbcdd-5cd4-4100-b6d5-b7c9625b6107,50f4348b-c883-4e2f-8f11-ce233b859fa1,fda095cb-831d-4601-ad94-846013963de8,f92806d7-1768-443f-afe8-12bcde84d0f0,dd3a144d-ab7f-41f0-82b8-2e43a090d496,f0416e68-0200-4b77-a926-4f9d16e494da,511d2633-09a7-4bdd-ac42-f778032124b3,5d45aa00-e064-4938-b314-4265f0c2258c,9361fd90-ba52-4f84-aa93-6e878fd576ca,970b0598-bcb0-4714-91fb-2e81440dccd8,bcd64cc6-2dd9-43f6-abbe-66318d332032,d930590d-bb92-4cc8-8bd1-23cd027f9edf,a3cd009f-0ab0-420d-9278-b9fdab939bbc,6a2d0734-bd9e-4ddf-946e-caa52498cb75,d1346436-ac96-4271-b863-1f4fdead95b0,971bdb23-3ff6-43eb-b422-1c30165a3663,17debcc3-0a6b-4b8a-b00b-dc58b885581e,711ebe11-f673-4cd9-9a83-63c60ba54c5b,c0143906-9aed-447e-9436-2ae8512d1b6e,14da1725-c4c2-42b4-ab08-ee0aeb6898b3,081cab31-dccd-428e-8652-f2404cc81c47,78e0584a-4343-4727-8f37-e14e65c2a2db,ba21476f-2866-4f81-9c4d-6e359316e448,871c3b6c-7379-419d-bda3-794b239ab90d,ff9b0199-ce04-4cfe-86cc-6c719f08d6e4,de1c2107-70c8-4021-8459-6399f24d01c6,cbf30902-517f-40dc-af90-a550bac27cf1,5c601d96-e4c7-4698-991b-7ee674b11079
2026-7-7 16:02:19-debug:   Number of all scripts: 109
2026-7-7 16:02:19-debug:   Number of other assets: 1158
2026-7-7 16:02:19-debug: Init bundle root assets success..., progress: 0%
2026-7-7 16:02:19-debug:   Number of all scenes: 5
2026-7-7 16:02:19-debug: // ---- build task 查询 Asset Bundle ---- (16ms)
2026-7-7 16:02:19-log: run build task 查询 Asset Bundle success in 16 ms√, progress: 5%
2026-7-7 16:02:19-debug: 查询 Asset Bundle start, progress: 5%
2026-7-7 16:02:19-debug: // ---- build task 查询 Asset Bundle ----
2026-7-7 16:02:19-debug: [Build Memory track]: 查询 Asset Bundle start:244.74MB, end 244.69MB, increase: -48.42KB
2026-7-7 16:02:19-debug: // ---- build task 查询 Asset Bundle ---- (5ms)
2026-7-7 16:02:19-log: run build task 查询 Asset Bundle success in 5 ms√, progress: 10%
2026-7-7 16:02:19-debug: // ---- build task 整理部分构建选项内数据到 settings.json ----
2026-7-7 16:02:19-debug: [Build Memory track]: 查询 Asset Bundle start:244.73MB, end 244.98MB, increase: 251.75KB
2026-7-7 16:02:19-debug: 整理部分构建选项内数据到 settings.json start, progress: 10%
2026-7-7 16:02:19-debug: // ---- build task 整理部分构建选项内数据到 settings.json ---- (1ms)
2026-7-7 16:02:19-log: run build task 整理部分构建选项内数据到 settings.json success in 1 ms√, progress: 12%
2026-7-7 16:02:19-debug: 填充脚本数据到 settings.json start, progress: 12%
2026-7-7 16:02:19-debug: // ---- build task 填充脚本数据到 settings.json ----
2026-7-7 16:02:19-debug: [Build Memory track]: 整理部分构建选项内数据到 settings.json start:245.03MB, end 245.07MB, increase: 42.02KB
2026-7-7 16:02:19-debug: // ---- build task 填充脚本数据到 settings.json ---- (2ms)
2026-7-7 16:02:19-log: run build task 填充脚本数据到 settings.json success in 2 ms√, progress: 13%
2026-7-7 16:02:19-debug: [Build Memory track]: 填充脚本数据到 settings.json start:245.11MB, end 245.15MB, increase: 36.01KB
2026-7-7 16:02:19-debug: // ---- build task 整理部分构建选项内数据到 settings.json ----
2026-7-7 16:02:19-debug: 整理部分构建选项内数据到 settings.json start, progress: 13%
2026-7-7 16:02:19-debug: // ---- build task 整理部分构建选项内数据到 settings.json ---- (5ms)
2026-7-7 16:02:19-debug: [Build Memory track]: 整理部分构建选项内数据到 settings.json start:245.19MB, end 245.27MB, increase: 77.55KB
2026-7-7 16:02:19-log: run build task 整理部分构建选项内数据到 settings.json success in 5 ms√, progress: 15%
2026-7-7 16:02:32-debug: %cImport%c: D:\工程项目\PlayableAD\Cocos\TheW\20260615_HYQ\HYQ_Project\assets\Scene\Game_3D-002.scenebackground: #aaff85; color: #000;color: #000;
2026-7-7 16:02:32-debug: asset-db:reimport-assetb5805d3a-3b80-4a12-adf5-588e63a7d886 (39ms)
2026-7-7 16:02:32-debug: Query all assets info in project
2026-7-7 16:02:32-debug: init custom config: keepNodeUuid: false, useCache: true
2026-7-7 16:02:32-debug: Skip compress image, progress: 0%
2026-7-7 16:02:32-debug: Init all bundles start..., progress: 0%
2026-7-7 16:02:32-debug: // ---- build task 查询 Asset Bundle ----
2026-7-7 16:02:32-debug: 查询 Asset Bundle start, progress: 0%
2026-7-7 16:02:32-debug: Num of bundles: 3..., progress: 0%
2026-7-7 16:02:32-debug: Init bundle root assets start..., progress: 0%
2026-7-7 16:02:32-debug: Query preload assets/scripts from cc.config.json: 60f7195c-ec2a-45eb-ba94-8955f60e81d0,1c02ae6f-4492-4915-b8f8-7492a3b1e4cd,810e96e4-e456-4468-9b59-f4e8f39732c0,efe8e2a3-eace-427b-b4f1-cb8a937ec77d,e9aa9a3e-5b2b-4ac7-a2c7-073de2b2b24f,8bbdbcdd-5cd4-4100-b6d5-b7c9625b6107,50f4348b-c883-4e2f-8f11-ce233b859fa1,fda095cb-831d-4601-ad94-846013963de8,f92806d7-1768-443f-afe8-12bcde84d0f0,dd3a144d-ab7f-41f0-82b8-2e43a090d496,f0416e68-0200-4b77-a926-4f9d16e494da,511d2633-09a7-4bdd-ac42-f778032124b3,5d45aa00-e064-4938-b314-4265f0c2258c,9361fd90-ba52-4f84-aa93-6e878fd576ca,970b0598-bcb0-4714-91fb-2e81440dccd8,bcd64cc6-2dd9-43f6-abbe-66318d332032,d930590d-bb92-4cc8-8bd1-23cd027f9edf,a3cd009f-0ab0-420d-9278-b9fdab939bbc,6a2d0734-bd9e-4ddf-946e-caa52498cb75,d1346436-ac96-4271-b863-1f4fdead95b0,971bdb23-3ff6-43eb-b422-1c30165a3663,17debcc3-0a6b-4b8a-b00b-dc58b885581e,711ebe11-f673-4cd9-9a83-63c60ba54c5b,c0143906-9aed-447e-9436-2ae8512d1b6e,14da1725-c4c2-42b4-ab08-ee0aeb6898b3,081cab31-dccd-428e-8652-f2404cc81c47,78e0584a-4343-4727-8f37-e14e65c2a2db,ba21476f-2866-4f81-9c4d-6e359316e448,871c3b6c-7379-419d-bda3-794b239ab90d,ff9b0199-ce04-4cfe-86cc-6c719f08d6e4,de1c2107-70c8-4021-8459-6399f24d01c6,cbf30902-517f-40dc-af90-a550bac27cf1,5c601d96-e4c7-4698-991b-7ee674b11079
2026-7-7 16:02:32-debug:   Number of all scenes: 5
2026-7-7 16:02:32-debug:   Number of other assets: 1158
2026-7-7 16:02:32-debug: Init bundle root assets success..., progress: 0%
2026-7-7 16:02:32-debug:   Number of all scripts: 109
2026-7-7 16:02:32-debug: // ---- build task 查询 Asset Bundle ---- (15ms)
2026-7-7 16:02:32-log: run build task 查询 Asset Bundle success in 15 ms√, progress: 5%
2026-7-7 16:02:32-debug: [Build Memory track]: 查询 Asset Bundle start:248.93MB, end 248.02MB, increase: -931.68KB
2026-7-7 16:02:32-debug: // ---- build task 查询 Asset Bundle ----
2026-7-7 16:02:32-debug: 查询 Asset Bundle start, progress: 5%
2026-7-7 16:02:32-debug: // ---- build task 查询 Asset Bundle ---- (4ms)
2026-7-7 16:02:32-log: run build task 查询 Asset Bundle success in 4 ms√, progress: 10%
2026-7-7 16:02:32-debug: // ---- build task 整理部分构建选项内数据到 settings.json ----
2026-7-7 16:02:32-debug: [Build Memory track]: 查询 Asset Bundle start:248.07MB, end 248.30MB, increase: 239.65KB
2026-7-7 16:02:32-debug: 整理部分构建选项内数据到 settings.json start, progress: 10%
2026-7-7 16:02:32-debug: // ---- build task 整理部分构建选项内数据到 settings.json ---- (3ms)
2026-7-7 16:02:32-log: run build task 整理部分构建选项内数据到 settings.json success in 3 ms√, progress: 12%
2026-7-7 16:02:32-debug: // ---- build task 填充脚本数据到 settings.json ----
2026-7-7 16:02:32-debug: 填充脚本数据到 settings.json start, progress: 12%
2026-7-7 16:02:32-debug: [Build Memory track]: 整理部分构建选项内数据到 settings.json start:248.35MB, end 248.40MB, increase: 52.31KB
2026-7-7 16:02:32-debug: // ---- build task 填充脚本数据到 settings.json ---- (2ms)
2026-7-7 16:02:32-log: run build task 填充脚本数据到 settings.json success in 2 ms√, progress: 13%
2026-7-7 16:02:32-debug: // ---- build task 整理部分构建选项内数据到 settings.json ----
2026-7-7 16:02:32-debug: [Build Memory track]: 填充脚本数据到 settings.json start:248.44MB, end 248.48MB, increase: 36.04KB
2026-7-7 16:02:32-debug: 整理部分构建选项内数据到 settings.json start, progress: 13%
2026-7-7 16:02:32-debug: // ---- build task 整理部分构建选项内数据到 settings.json ---- (5ms)
2026-7-7 16:02:32-log: run build task 整理部分构建选项内数据到 settings.json success in 5 ms√, progress: 15%
2026-7-7 16:02:32-debug: [Build Memory track]: 整理部分构建选项内数据到 settings.json start:248.52MB, end 248.59MB, increase: 72.51KB
2026-7-7 16:03:17-debug: refresh db internal success
2026-7-7 16:03:17-debug: refresh db assets success
2026-7-7 16:03:17-debug: refresh db super-packager success
2026-7-7 16:03:17-debug: Run asset db hook engine-extends:afterRefresh ...
2026-7-7 16:03:17-debug: Run asset db hook engine-extends:afterRefresh success!
2026-7-7 16:03:17-debug: asset-db:refresh-all-database (252ms)
2026-7-7 16:03:17-debug: asset-db:worker-effect-data-processing (2ms)
2026-7-7 16:03:17-debug: asset-db-hook-engine-extends-afterRefresh (2ms)
2026-7-7 16:04:23-debug: %cImport%c: D:\工程项目\PlayableAD\Cocos\TheW\20260615_HYQ\HYQ_Project\assets\Scene\Game_3D-002.scenebackground: #aaff85; color: #000;color: #000;
2026-7-7 16:04:23-debug: asset-db:reimport-assetb5805d3a-3b80-4a12-adf5-588e63a7d886 (47ms)
2026-7-7 16:04:24-debug: Query all assets info in project
2026-7-7 16:04:24-debug: Skip compress image, progress: 0%
2026-7-7 16:04:24-debug: init custom config: keepNodeUuid: false, useCache: true
2026-7-7 16:04:24-debug: Init all bundles start..., progress: 0%
2026-7-7 16:04:24-debug: // ---- build task 查询 Asset Bundle ----
2026-7-7 16:04:24-debug: Init bundle root assets start..., progress: 0%
2026-7-7 16:04:24-debug: 查询 Asset Bundle start, progress: 0%
2026-7-7 16:04:24-debug: Num of bundles: 3..., progress: 0%
2026-7-7 16:04:24-debug: Query preload assets/scripts from cc.config.json: 60f7195c-ec2a-45eb-ba94-8955f60e81d0,1c02ae6f-4492-4915-b8f8-7492a3b1e4cd,810e96e4-e456-4468-9b59-f4e8f39732c0,efe8e2a3-eace-427b-b4f1-cb8a937ec77d,e9aa9a3e-5b2b-4ac7-a2c7-073de2b2b24f,8bbdbcdd-5cd4-4100-b6d5-b7c9625b6107,50f4348b-c883-4e2f-8f11-ce233b859fa1,fda095cb-831d-4601-ad94-846013963de8,f92806d7-1768-443f-afe8-12bcde84d0f0,dd3a144d-ab7f-41f0-82b8-2e43a090d496,f0416e68-0200-4b77-a926-4f9d16e494da,511d2633-09a7-4bdd-ac42-f778032124b3,5d45aa00-e064-4938-b314-4265f0c2258c,9361fd90-ba52-4f84-aa93-6e878fd576ca,970b0598-bcb0-4714-91fb-2e81440dccd8,bcd64cc6-2dd9-43f6-abbe-66318d332032,d930590d-bb92-4cc8-8bd1-23cd027f9edf,a3cd009f-0ab0-420d-9278-b9fdab939bbc,6a2d0734-bd9e-4ddf-946e-caa52498cb75,d1346436-ac96-4271-b863-1f4fdead95b0,971bdb23-3ff6-43eb-b422-1c30165a3663,17debcc3-0a6b-4b8a-b00b-dc58b885581e,711ebe11-f673-4cd9-9a83-63c60ba54c5b,c0143906-9aed-447e-9436-2ae8512d1b6e,14da1725-c4c2-42b4-ab08-ee0aeb6898b3,081cab31-dccd-428e-8652-f2404cc81c47,78e0584a-4343-4727-8f37-e14e65c2a2db,ba21476f-2866-4f81-9c4d-6e359316e448,871c3b6c-7379-419d-bda3-794b239ab90d,ff9b0199-ce04-4cfe-86cc-6c719f08d6e4,de1c2107-70c8-4021-8459-6399f24d01c6,cbf30902-517f-40dc-af90-a550bac27cf1,5c601d96-e4c7-4698-991b-7ee674b11079
2026-7-7 16:04:24-debug:   Number of all scenes: 5
2026-7-7 16:04:24-debug:   Number of other assets: 1158
2026-7-7 16:04:24-debug: Init bundle root assets success..., progress: 0%
2026-7-7 16:04:24-debug:   Number of all scripts: 109
2026-7-7 16:04:24-debug: // ---- build task 查询 Asset Bundle ---- (16ms)
2026-7-7 16:04:24-log: run build task 查询 Asset Bundle success in 16 ms√, progress: 5%
2026-7-7 16:04:24-debug: // ---- build task 查询 Asset Bundle ----
2026-7-7 16:04:24-debug: [Build Memory track]: 查询 Asset Bundle start:255.23MB, end 254.90MB, increase: -337.74KB
2026-7-7 16:04:24-debug: 查询 Asset Bundle start, progress: 5%
2026-7-7 16:04:24-debug: // ---- build task 查询 Asset Bundle ---- (4ms)
2026-7-7 16:04:24-log: run build task 查询 Asset Bundle success in 4 ms√, progress: 10%
2026-7-7 16:04:24-debug: // ---- build task 整理部分构建选项内数据到 settings.json ----
2026-7-7 16:04:24-debug: [Build Memory track]: 查询 Asset Bundle start:254.94MB, end 254.28MB, increase: -678.40KB
2026-7-7 16:04:24-debug: 整理部分构建选项内数据到 settings.json start, progress: 10%
2026-7-7 16:04:24-debug: // ---- build task 整理部分构建选项内数据到 settings.json ---- (1ms)
2026-7-7 16:04:24-log: run build task 整理部分构建选项内数据到 settings.json success in 1 ms√, progress: 12%
2026-7-7 16:04:24-debug: [Build Memory track]: 整理部分构建选项内数据到 settings.json start:254.32MB, end 254.36MB, increase: 36.55KB
2026-7-7 16:04:24-debug: // ---- build task 填充脚本数据到 settings.json ----
2026-7-7 16:04:24-debug: 填充脚本数据到 settings.json start, progress: 12%
2026-7-7 16:04:24-debug: // ---- build task 填充脚本数据到 settings.json ---- (4ms)
2026-7-7 16:04:24-log: run build task 填充脚本数据到 settings.json success in 4 ms√, progress: 13%
2026-7-7 16:04:24-debug: [Build Memory track]: 填充脚本数据到 settings.json start:254.40MB, end 254.44MB, increase: 38.37KB
2026-7-7 16:04:24-debug: 整理部分构建选项内数据到 settings.json start, progress: 13%
2026-7-7 16:04:24-debug: // ---- build task 整理部分构建选项内数据到 settings.json ----
2026-7-7 16:04:24-debug: // ---- build task 整理部分构建选项内数据到 settings.json ---- (8ms)
2026-7-7 16:04:24-log: run build task 整理部分构建选项内数据到 settings.json success in 8 ms√, progress: 15%
2026-7-7 16:04:24-debug: [Build Memory track]: 整理部分构建选项内数据到 settings.json start:254.49MB, end 254.56MB, increase: 79.09KB
2026-7-7 16:04:42-debug: refresh db internal success
2026-7-7 16:04:42-debug: refresh db assets success
2026-7-7 16:04:42-debug: refresh db super-packager success
2026-7-7 16:04:42-debug: Run asset db hook engine-extends:afterRefresh ...
2026-7-7 16:04:42-debug: Run asset db hook engine-extends:afterRefresh success!
2026-7-7 16:04:42-debug: asset-db:refresh-all-database (216ms)
2026-7-7 16:04:42-debug: asset-db:worker-effect-data-processing (1ms)
2026-7-7 16:04:42-debug: asset-db-hook-engine-extends-afterRefresh (2ms)
2026-7-7 16:04:46-debug: %cImport%c: D:\工程项目\PlayableAD\Cocos\TheW\20260615_HYQ\HYQ_Project\assets\Scene\Game_3D-002.scenebackground: #aaff85; color: #000;color: #000;
2026-7-7 16:04:46-debug: asset-db:reimport-assetb5805d3a-3b80-4a12-adf5-588e63a7d886 (51ms)
2026-7-7 16:04:46-debug: Query all assets info in project
2026-7-7 16:04:47-debug: init custom config: keepNodeUuid: false, useCache: true
2026-7-7 16:04:47-debug: Skip compress image, progress: 0%
2026-7-7 16:04:47-debug: Init all bundles start..., progress: 0%
2026-7-7 16:04:47-debug: Num of bundles: 3..., progress: 0%
2026-7-7 16:04:47-debug: 查询 Asset Bundle start, progress: 0%
2026-7-7 16:04:47-debug: // ---- build task 查询 Asset Bundle ----
2026-7-7 16:04:47-debug: Init bundle root assets start..., progress: 0%
2026-7-7 16:04:47-debug: Query preload assets/scripts from cc.config.json: 60f7195c-ec2a-45eb-ba94-8955f60e81d0,1c02ae6f-4492-4915-b8f8-7492a3b1e4cd,810e96e4-e456-4468-9b59-f4e8f39732c0,efe8e2a3-eace-427b-b4f1-cb8a937ec77d,e9aa9a3e-5b2b-4ac7-a2c7-073de2b2b24f,8bbdbcdd-5cd4-4100-b6d5-b7c9625b6107,50f4348b-c883-4e2f-8f11-ce233b859fa1,fda095cb-831d-4601-ad94-846013963de8,f92806d7-1768-443f-afe8-12bcde84d0f0,dd3a144d-ab7f-41f0-82b8-2e43a090d496,f0416e68-0200-4b77-a926-4f9d16e494da,511d2633-09a7-4bdd-ac42-f778032124b3,5d45aa00-e064-4938-b314-4265f0c2258c,9361fd90-ba52-4f84-aa93-6e878fd576ca,970b0598-bcb0-4714-91fb-2e81440dccd8,bcd64cc6-2dd9-43f6-abbe-66318d332032,d930590d-bb92-4cc8-8bd1-23cd027f9edf,a3cd009f-0ab0-420d-9278-b9fdab939bbc,6a2d0734-bd9e-4ddf-946e-caa52498cb75,d1346436-ac96-4271-b863-1f4fdead95b0,971bdb23-3ff6-43eb-b422-1c30165a3663,17debcc3-0a6b-4b8a-b00b-dc58b885581e,711ebe11-f673-4cd9-9a83-63c60ba54c5b,c0143906-9aed-447e-9436-2ae8512d1b6e,14da1725-c4c2-42b4-ab08-ee0aeb6898b3,081cab31-dccd-428e-8652-f2404cc81c47,78e0584a-4343-4727-8f37-e14e65c2a2db,ba21476f-2866-4f81-9c4d-6e359316e448,871c3b6c-7379-419d-bda3-794b239ab90d,ff9b0199-ce04-4cfe-86cc-6c719f08d6e4,de1c2107-70c8-4021-8459-6399f24d01c6,cbf30902-517f-40dc-af90-a550bac27cf1,5c601d96-e4c7-4698-991b-7ee674b11079
2026-7-7 16:04:47-debug:   Number of all scripts: 109
2026-7-7 16:04:47-debug:   Number of other assets: 1158
2026-7-7 16:04:47-debug: Init bundle root assets success..., progress: 0%
2026-7-7 16:04:47-debug:   Number of all scenes: 5
2026-7-7 16:04:47-debug: // ---- build task 查询 Asset Bundle ---- (11ms)
2026-7-7 16:04:47-log: run build task 查询 Asset Bundle success in 11 ms√, progress: 5%
2026-7-7 16:04:47-debug: 查询 Asset Bundle start, progress: 5%
2026-7-7 16:04:47-debug: // ---- build task 查询 Asset Bundle ----
2026-7-7 16:04:47-debug: [Build Memory track]: 查询 Asset Bundle start:262.16MB, end 259.27MB, increase: -2967.80KB
2026-7-7 16:04:47-debug: // ---- build task 查询 Asset Bundle ---- (5ms)
2026-7-7 16:04:47-log: run build task 查询 Asset Bundle success in 5 ms√, progress: 10%
2026-7-7 16:04:47-debug: // ---- build task 整理部分构建选项内数据到 settings.json ----
2026-7-7 16:04:47-debug: [Build Memory track]: 查询 Asset Bundle start:259.31MB, end 259.54MB, increase: 240.03KB
2026-7-7 16:04:47-debug: 整理部分构建选项内数据到 settings.json start, progress: 10%
2026-7-7 16:04:47-debug: // ---- build task 整理部分构建选项内数据到 settings.json ---- (3ms)
2026-7-7 16:04:47-log: run build task 整理部分构建选项内数据到 settings.json success in 3 ms√, progress: 12%
2026-7-7 16:04:47-debug: [Build Memory track]: 整理部分构建选项内数据到 settings.json start:259.59MB, end 259.62MB, increase: 36.59KB
2026-7-7 16:04:47-debug: 填充脚本数据到 settings.json start, progress: 12%
2026-7-7 16:04:47-debug: // ---- build task 填充脚本数据到 settings.json ----
2026-7-7 16:04:47-debug: // ---- build task 填充脚本数据到 settings.json ---- (1ms)
2026-7-7 16:04:47-log: run build task 填充脚本数据到 settings.json success in 1 ms√, progress: 13%
2026-7-7 16:04:47-debug: [Build Memory track]: 填充脚本数据到 settings.json start:259.67MB, end 259.70MB, increase: 34.82KB
2026-7-7 16:04:47-debug: 整理部分构建选项内数据到 settings.json start, progress: 13%
2026-7-7 16:04:47-debug: // ---- build task 整理部分构建选项内数据到 settings.json ----
2026-7-7 16:04:47-debug: // ---- build task 整理部分构建选项内数据到 settings.json ---- (6ms)
2026-7-7 16:04:47-log: run build task 整理部分构建选项内数据到 settings.json success in 6 ms√, progress: 15%
2026-7-7 16:04:47-debug: [Build Memory track]: 整理部分构建选项内数据到 settings.json start:259.75MB, end 259.82MB, increase: 73.84KB
2026-7-7 16:05:36-debug: refresh db internal success
2026-7-7 16:05:36-debug: refresh db assets success
2026-7-7 16:05:36-debug: refresh db super-packager success
2026-7-7 16:05:36-debug: Run asset db hook engine-extends:afterRefresh ...
2026-7-7 16:05:36-debug: Run asset db hook engine-extends:afterRefresh success!
2026-7-7 16:05:36-debug: asset-db:refresh-all-database (224ms)
2026-7-7 16:05:36-debug: asset-db:worker-effect-data-processing (2ms)
2026-7-7 16:05:36-debug: asset-db-hook-engine-extends-afterRefresh (3ms)
2026-7-7 16:06:01-debug: refresh db internal success
2026-7-7 16:06:01-debug: refresh db assets success
2026-7-7 16:06:01-debug: refresh db super-packager success
2026-7-7 16:06:01-debug: Run asset db hook engine-extends:afterRefresh ...
2026-7-7 16:06:01-debug: Run asset db hook engine-extends:afterRefresh success!
2026-7-7 16:06:01-debug: asset-db:refresh-all-database (181ms)
2026-7-7 16:06:01-debug: asset-db:worker-effect-data-processing (2ms)
2026-7-7 16:06:01-debug: asset-db-hook-engine-extends-afterRefresh (2ms)
2026-7-7 16:06:39-debug: %cImport%c: D:\工程项目\PlayableAD\Cocos\TheW\20260615_HYQ\HYQ_Project\assets\GameRes\Prefab\Prop_Brand_2.prefabbackground: #aaff85; color: #000;color: #000;
2026-7-7 16:06:39-debug: asset-db:reimport-asset09f7d7d0-5529-499d-8bbb-e3e6a9394677 (16ms)
2026-7-7 16:06:40-debug: %cImport%c: D:\工程项目\PlayableAD\Cocos\TheW\20260615_HYQ\HYQ_Project\assets\GameRes\Prefab\Prop_Brand_2.prefabbackground: #aaff85; color: #000;color: #000;
2026-7-7 16:06:40-debug: asset-db:reimport-asset09f7d7d0-5529-499d-8bbb-e3e6a9394677 (17ms)
2026-7-7 16:06:47-debug: %cImport%c: D:\工程项目\PlayableAD\Cocos\TheW\20260615_HYQ\HYQ_Project\assets\GameRes\Prefab\Prop_Brand.prefabbackground: #aaff85; color: #000;color: #000;
2026-7-7 16:06:47-debug: asset-db:reimport-asset0138029d-bfaa-4d43-aa1c-63b3be01e8e5 (11ms)
2026-7-7 16:06:48-debug: %cImport%c: D:\工程项目\PlayableAD\Cocos\TheW\20260615_HYQ\HYQ_Project\assets\GameRes\Prefab\Prop_Brand.prefabbackground: #aaff85; color: #000;color: #000;
2026-7-7 16:06:48-debug: asset-db:reimport-asset0138029d-bfaa-4d43-aa1c-63b3be01e8e5 (16ms)
2026-7-7 16:06:52-debug: Query all assets info in project
2026-7-7 16:06:52-debug: init custom config: keepNodeUuid: false, useCache: true
2026-7-7 16:06:52-debug: Skip compress image, progress: 0%
2026-7-7 16:06:52-debug: Init all bundles start..., progress: 0%
2026-7-7 16:06:52-debug: // ---- build task 查询 Asset Bundle ----
2026-7-7 16:06:52-debug: Init bundle root assets start..., progress: 0%
2026-7-7 16:06:52-debug: 查询 Asset Bundle start, progress: 0%
2026-7-7 16:06:52-debug: Num of bundles: 3..., progress: 0%
2026-7-7 16:06:52-debug:   Number of all scenes: 5
2026-7-7 16:06:52-debug: Query preload assets/scripts from cc.config.json: 60f7195c-ec2a-45eb-ba94-8955f60e81d0,1c02ae6f-4492-4915-b8f8-7492a3b1e4cd,810e96e4-e456-4468-9b59-f4e8f39732c0,efe8e2a3-eace-427b-b4f1-cb8a937ec77d,e9aa9a3e-5b2b-4ac7-a2c7-073de2b2b24f,8bbdbcdd-5cd4-4100-b6d5-b7c9625b6107,50f4348b-c883-4e2f-8f11-ce233b859fa1,fda095cb-831d-4601-ad94-846013963de8,f92806d7-1768-443f-afe8-12bcde84d0f0,dd3a144d-ab7f-41f0-82b8-2e43a090d496,f0416e68-0200-4b77-a926-4f9d16e494da,511d2633-09a7-4bdd-ac42-f778032124b3,5d45aa00-e064-4938-b314-4265f0c2258c,9361fd90-ba52-4f84-aa93-6e878fd576ca,970b0598-bcb0-4714-91fb-2e81440dccd8,bcd64cc6-2dd9-43f6-abbe-66318d332032,d930590d-bb92-4cc8-8bd1-23cd027f9edf,a3cd009f-0ab0-420d-9278-b9fdab939bbc,6a2d0734-bd9e-4ddf-946e-caa52498cb75,d1346436-ac96-4271-b863-1f4fdead95b0,971bdb23-3ff6-43eb-b422-1c30165a3663,17debcc3-0a6b-4b8a-b00b-dc58b885581e,711ebe11-f673-4cd9-9a83-63c60ba54c5b,c0143906-9aed-447e-9436-2ae8512d1b6e,14da1725-c4c2-42b4-ab08-ee0aeb6898b3,081cab31-dccd-428e-8652-f2404cc81c47,78e0584a-4343-4727-8f37-e14e65c2a2db,ba21476f-2866-4f81-9c4d-6e359316e448,871c3b6c-7379-419d-bda3-794b239ab90d,ff9b0199-ce04-4cfe-86cc-6c719f08d6e4,de1c2107-70c8-4021-8459-6399f24d01c6,cbf30902-517f-40dc-af90-a550bac27cf1,5c601d96-e4c7-4698-991b-7ee674b11079
2026-7-7 16:06:52-debug:   Number of other assets: 1158
2026-7-7 16:06:52-debug: Init bundle root assets success..., progress: 0%
2026-7-7 16:06:52-debug:   Number of all scripts: 109
2026-7-7 16:06:52-debug: // ---- build task 查询 Asset Bundle ---- (14ms)
2026-7-7 16:06:52-log: run build task 查询 Asset Bundle success in 14 ms√, progress: 5%
2026-7-7 16:06:52-debug: // ---- build task 查询 Asset Bundle ----
2026-7-7 16:06:52-debug: [Build Memory track]: 查询 Asset Bundle start:248.32MB, end 248.32MB, increase: -2.09KB
2026-7-7 16:06:52-debug: 查询 Asset Bundle start, progress: 5%
2026-7-7 16:06:52-debug: // ---- build task 查询 Asset Bundle ---- (5ms)
2026-7-7 16:06:52-log: run build task 查询 Asset Bundle success in 5 ms√, progress: 10%
2026-7-7 16:06:52-debug: // ---- build task 整理部分构建选项内数据到 settings.json ----
2026-7-7 16:06:52-debug: [Build Memory track]: 查询 Asset Bundle start:248.36MB, end 248.60MB, increase: 246.09KB
2026-7-7 16:06:52-debug: 整理部分构建选项内数据到 settings.json start, progress: 10%
2026-7-7 16:06:52-debug: // ---- build task 整理部分构建选项内数据到 settings.json ---- (1ms)
2026-7-7 16:06:52-log: run build task 整理部分构建选项内数据到 settings.json success in 1 ms√, progress: 12%
2026-7-7 16:06:52-debug: 填充脚本数据到 settings.json start, progress: 12%
2026-7-7 16:06:52-debug: [Build Memory track]: 整理部分构建选项内数据到 settings.json start:248.63MB, end 248.66MB, increase: 29.54KB
2026-7-7 16:06:52-debug: // ---- build task 填充脚本数据到 settings.json ----
2026-7-7 16:06:52-debug: // ---- build task 填充脚本数据到 settings.json ---- (1ms)
2026-7-7 16:06:52-log: run build task 填充脚本数据到 settings.json success in 1 ms√, progress: 13%
2026-7-7 16:06:52-debug: // ---- build task 整理部分构建选项内数据到 settings.json ----
2026-7-7 16:06:52-debug: 整理部分构建选项内数据到 settings.json start, progress: 13%
2026-7-7 16:06:52-debug: [Build Memory track]: 填充脚本数据到 settings.json start:248.69MB, end 248.72MB, increase: 29.13KB
2026-7-7 16:06:52-debug: // ---- build task 整理部分构建选项内数据到 settings.json ---- (5ms)
2026-7-7 16:06:52-log: run build task 整理部分构建选项内数据到 settings.json success in 5 ms√, progress: 15%
2026-7-7 16:06:52-debug: [Build Memory track]: 整理部分构建选项内数据到 settings.json start:248.76MB, end 248.83MB, increase: 77.67KB
2026-7-7 16:06:56-debug: refresh db internal success
2026-7-7 16:06:56-debug: refresh db assets success
2026-7-7 16:06:56-debug: refresh db super-packager success
2026-7-7 16:06:56-debug: Run asset db hook engine-extends:afterRefresh ...
2026-7-7 16:06:56-debug: Run asset db hook engine-extends:afterRefresh success!
2026-7-7 16:06:56-debug: asset-db:refresh-all-database (202ms)
2026-7-7 16:06:56-debug: asset-db:worker-effect-data-processing (2ms)
2026-7-7 16:06:56-debug: asset-db-hook-engine-extends-afterRefresh (2ms)
2026-7-7 16:07:22-debug: refresh db internal success
2026-7-7 16:07:22-debug: refresh db assets success
2026-7-7 16:07:22-debug: refresh db super-packager success
2026-7-7 16:07:22-debug: Run asset db hook engine-extends:afterRefresh ...
2026-7-7 16:07:22-debug: Run asset db hook engine-extends:afterRefresh success!
2026-7-7 16:07:22-debug: asset-db:refresh-all-database (176ms)
2026-7-7 16:07:22-debug: asset-db:worker-effect-data-processing (1ms)
2026-7-7 16:07:22-debug: asset-db-hook-engine-extends-afterRefresh (1ms)
2026-7-7 16:07:29-debug: refresh db internal success
2026-7-7 16:07:29-debug: refresh db assets success
2026-7-7 16:07:29-debug: refresh db super-packager success
2026-7-7 16:07:29-debug: Run asset db hook engine-extends:afterRefresh ...
2026-7-7 16:07:29-debug: Run asset db hook engine-extends:afterRefresh success!
2026-7-7 16:07:29-debug: asset-db:refresh-all-database (176ms)
2026-7-7 16:07:29-debug: asset-db:worker-effect-data-processing (2ms)
2026-7-7 16:07:29-debug: asset-db-hook-engine-extends-afterRefresh (2ms)
2026-7-7 16:07:37-debug: %cImport%c: D:\工程项目\PlayableAD\Cocos\TheW\20260615_HYQ\HYQ_Project\assets\GameRes\Prefab\Prop_Brand.prefabbackground: #aaff85; color: #000;color: #000;
2026-7-7 16:07:37-debug: asset-db:reimport-asset0138029d-bfaa-4d43-aa1c-63b3be01e8e5 (14ms)
2026-7-7 16:07:42-debug: %cImport%c: D:\工程项目\PlayableAD\Cocos\TheW\20260615_HYQ\HYQ_Project\assets\GameRes\Prefab\Prop_Brand_2.prefabbackground: #aaff85; color: #000;color: #000;
2026-7-7 16:07:42-debug: asset-db:reimport-asset09f7d7d0-5529-499d-8bbb-e3e6a9394677 (19ms)
2026-7-7 16:07:50-debug: refresh db internal success
2026-7-7 16:07:51-debug: refresh db assets success
2026-7-7 16:07:51-debug: refresh db super-packager success
2026-7-7 16:07:51-debug: Run asset db hook engine-extends:afterRefresh ...
2026-7-7 16:07:51-debug: Run asset db hook engine-extends:afterRefresh success!
2026-7-7 16:07:51-debug: asset-db:refresh-all-database (183ms)
2026-7-7 16:07:51-debug: asset-db:worker-effect-data-processing (2ms)
2026-7-7 16:07:51-debug: asset-db-hook-engine-extends-afterRefresh (2ms)
2026-7-7 16:07:51-debug: %cImport%c: D:\工程项目\PlayableAD\Cocos\TheW\20260615_HYQ\HYQ_Project\assets\GameRes\Prefab\Prop_Brand.prefabbackground: #aaff85; color: #000;color: #000;
2026-7-7 16:07:51-debug: asset-db:reimport-asset0138029d-bfaa-4d43-aa1c-63b3be01e8e5 (13ms)
2026-7-7 16:07:52-debug: Query all assets info in project
2026-7-7 16:07:52-debug: init custom config: keepNodeUuid: false, useCache: true
2026-7-7 16:07:52-debug: Skip compress image, progress: 0%
2026-7-7 16:07:52-debug: Init all bundles start..., progress: 0%
2026-7-7 16:07:52-debug: // ---- build task 查询 Asset Bundle ----
2026-7-7 16:07:52-debug: Init bundle root assets start..., progress: 0%
2026-7-7 16:07:52-debug: Num of bundles: 3..., progress: 0%
2026-7-7 16:07:52-debug: 查询 Asset Bundle start, progress: 0%
2026-7-7 16:07:52-debug: Query preload assets/scripts from cc.config.json: 60f7195c-ec2a-45eb-ba94-8955f60e81d0,1c02ae6f-4492-4915-b8f8-7492a3b1e4cd,810e96e4-e456-4468-9b59-f4e8f39732c0,efe8e2a3-eace-427b-b4f1-cb8a937ec77d,e9aa9a3e-5b2b-4ac7-a2c7-073de2b2b24f,8bbdbcdd-5cd4-4100-b6d5-b7c9625b6107,50f4348b-c883-4e2f-8f11-ce233b859fa1,fda095cb-831d-4601-ad94-846013963de8,f92806d7-1768-443f-afe8-12bcde84d0f0,dd3a144d-ab7f-41f0-82b8-2e43a090d496,f0416e68-0200-4b77-a926-4f9d16e494da,511d2633-09a7-4bdd-ac42-f778032124b3,5d45aa00-e064-4938-b314-4265f0c2258c,9361fd90-ba52-4f84-aa93-6e878fd576ca,970b0598-bcb0-4714-91fb-2e81440dccd8,bcd64cc6-2dd9-43f6-abbe-66318d332032,d930590d-bb92-4cc8-8bd1-23cd027f9edf,a3cd009f-0ab0-420d-9278-b9fdab939bbc,6a2d0734-bd9e-4ddf-946e-caa52498cb75,d1346436-ac96-4271-b863-1f4fdead95b0,971bdb23-3ff6-43eb-b422-1c30165a3663,17debcc3-0a6b-4b8a-b00b-dc58b885581e,711ebe11-f673-4cd9-9a83-63c60ba54c5b,c0143906-9aed-447e-9436-2ae8512d1b6e,14da1725-c4c2-42b4-ab08-ee0aeb6898b3,081cab31-dccd-428e-8652-f2404cc81c47,78e0584a-4343-4727-8f37-e14e65c2a2db,ba21476f-2866-4f81-9c4d-6e359316e448,871c3b6c-7379-419d-bda3-794b239ab90d,ff9b0199-ce04-4cfe-86cc-6c719f08d6e4,de1c2107-70c8-4021-8459-6399f24d01c6,cbf30902-517f-40dc-af90-a550bac27cf1,5c601d96-e4c7-4698-991b-7ee674b11079
2026-7-7 16:07:52-debug:   Number of all scripts: 109
2026-7-7 16:07:52-debug:   Number of other assets: 1158
2026-7-7 16:07:52-debug:   Number of all scenes: 5
2026-7-7 16:07:52-debug: Init bundle root assets success..., progress: 0%
2026-7-7 16:07:52-log: run build task 查询 Asset Bundle success in 12 ms√, progress: 5%
2026-7-7 16:07:52-debug: 查询 Asset Bundle start, progress: 5%
2026-7-7 16:07:52-debug: // ---- build task 查询 Asset Bundle ----
2026-7-7 16:07:52-debug: // ---- build task 查询 Asset Bundle ---- (12ms)
2026-7-7 16:07:52-debug: [Build Memory track]: 查询 Asset Bundle start:259.12MB, end 260.71MB, increase: 1.59MB
2026-7-7 16:07:52-debug: // ---- build task 查询 Asset Bundle ---- (6ms)
2026-7-7 16:07:52-log: run build task 查询 Asset Bundle success in 6 ms√, progress: 10%
2026-7-7 16:07:52-debug: // ---- build task 整理部分构建选项内数据到 settings.json ----
2026-7-7 16:07:52-debug: [Build Memory track]: 查询 Asset Bundle start:260.75MB, end 260.97MB, increase: 232.39KB
2026-7-7 16:07:52-debug: 整理部分构建选项内数据到 settings.json start, progress: 10%
2026-7-7 16:07:52-debug: // ---- build task 整理部分构建选项内数据到 settings.json ---- (3ms)
2026-7-7 16:07:52-log: run build task 整理部分构建选项内数据到 settings.json success in 3 ms√, progress: 12%
2026-7-7 16:07:52-debug: [Build Memory track]: 整理部分构建选项内数据到 settings.json start:261.01MB, end 261.04MB, increase: 29.53KB
2026-7-7 16:07:52-debug: // ---- build task 填充脚本数据到 settings.json ----
2026-7-7 16:07:52-debug: 填充脚本数据到 settings.json start, progress: 12%
2026-7-7 16:07:52-debug: // ---- build task 填充脚本数据到 settings.json ---- (3ms)
2026-7-7 16:07:52-log: run build task 填充脚本数据到 settings.json success in 3 ms√, progress: 13%
2026-7-7 16:07:52-debug: 整理部分构建选项内数据到 settings.json start, progress: 13%
2026-7-7 16:07:52-debug: [Build Memory track]: 填充脚本数据到 settings.json start:261.07MB, end 261.10MB, increase: 30.99KB
2026-7-7 16:07:52-debug: // ---- build task 整理部分构建选项内数据到 settings.json ----
2026-7-7 16:07:52-debug: // ---- build task 整理部分构建选项内数据到 settings.json ---- (7ms)
2026-7-7 16:07:52-log: run build task 整理部分构建选项内数据到 settings.json success in 7 ms√, progress: 15%
2026-7-7 16:07:52-debug: [Build Memory track]: 整理部分构建选项内数据到 settings.json start:261.14MB, end 261.20MB, increase: 65.31KB
2026-7-7 16:08:04-debug: refresh db internal success
2026-7-7 16:08:04-debug: refresh db assets success
2026-7-7 16:08:04-debug: refresh db super-packager success
2026-7-7 16:08:04-debug: Run asset db hook engine-extends:afterRefresh ...
2026-7-7 16:08:04-debug: Run asset db hook engine-extends:afterRefresh success!
2026-7-7 16:08:04-debug: asset-db:refresh-all-database (174ms)
2026-7-7 16:08:04-debug: asset-db:worker-effect-data-processing (2ms)
2026-7-7 16:08:04-debug: asset-db-hook-engine-extends-afterRefresh (3ms)
2026-7-7 16:08:10-debug: %cImport%c: D:\工程项目\PlayableAD\Cocos\TheW\20260615_HYQ\HYQ_Project\assets\GameRes\Prefab\Prop_Brand.prefabbackground: #aaff85; color: #000;color: #000;
2026-7-7 16:08:10-debug: asset-db:reimport-asset0138029d-bfaa-4d43-aa1c-63b3be01e8e5 (14ms)
2026-7-7 16:08:20-debug: %cImport%c: D:\工程项目\PlayableAD\Cocos\TheW\20260615_HYQ\HYQ_Project\assets\GameRes\Prefab\Prop_Brand_2.prefabbackground: #aaff85; color: #000;color: #000;
2026-7-7 16:08:20-debug: asset-db:reimport-asset09f7d7d0-5529-499d-8bbb-e3e6a9394677 (12ms)
2026-7-7 16:08:28-debug: %cImport%c: D:\工程项目\PlayableAD\Cocos\TheW\20260615_HYQ\HYQ_Project\assets\GameRes\Prefab\Prop_Brand_2.prefabbackground: #aaff85; color: #000;color: #000;
2026-7-7 16:08:28-debug: asset-db:reimport-asset09f7d7d0-5529-499d-8bbb-e3e6a9394677 (13ms)
2026-7-7 16:08:34-debug: %cImport%c: D:\工程项目\PlayableAD\Cocos\TheW\20260615_HYQ\HYQ_Project\assets\GameRes\Prefab\Prop_Brand.prefabbackground: #aaff85; color: #000;color: #000;
2026-7-7 16:08:34-debug: asset-db:reimport-asset0138029d-bfaa-4d43-aa1c-63b3be01e8e5 (14ms)
2026-7-7 16:08:36-debug: Query all assets info in project
2026-7-7 16:08:36-debug: init custom config: keepNodeUuid: false, useCache: true
2026-7-7 16:08:36-debug: Skip compress image, progress: 0%
2026-7-7 16:08:36-debug: Num of bundles: 3..., progress: 0%
2026-7-7 16:08:36-debug: 查询 Asset Bundle start, progress: 0%
2026-7-7 16:08:36-debug: // ---- build task 查询 Asset Bundle ----
2026-7-7 16:08:36-debug: Init bundle root assets start..., progress: 0%
2026-7-7 16:08:36-debug: Init all bundles start..., progress: 0%
2026-7-7 16:08:36-debug: Query preload assets/scripts from cc.config.json: 60f7195c-ec2a-45eb-ba94-8955f60e81d0,1c02ae6f-4492-4915-b8f8-7492a3b1e4cd,810e96e4-e456-4468-9b59-f4e8f39732c0,efe8e2a3-eace-427b-b4f1-cb8a937ec77d,e9aa9a3e-5b2b-4ac7-a2c7-073de2b2b24f,8bbdbcdd-5cd4-4100-b6d5-b7c9625b6107,50f4348b-c883-4e2f-8f11-ce233b859fa1,fda095cb-831d-4601-ad94-846013963de8,f92806d7-1768-443f-afe8-12bcde84d0f0,dd3a144d-ab7f-41f0-82b8-2e43a090d496,f0416e68-0200-4b77-a926-4f9d16e494da,511d2633-09a7-4bdd-ac42-f778032124b3,5d45aa00-e064-4938-b314-4265f0c2258c,9361fd90-ba52-4f84-aa93-6e878fd576ca,970b0598-bcb0-4714-91fb-2e81440dccd8,bcd64cc6-2dd9-43f6-abbe-66318d332032,d930590d-bb92-4cc8-8bd1-23cd027f9edf,a3cd009f-0ab0-420d-9278-b9fdab939bbc,6a2d0734-bd9e-4ddf-946e-caa52498cb75,d1346436-ac96-4271-b863-1f4fdead95b0,971bdb23-3ff6-43eb-b422-1c30165a3663,17debcc3-0a6b-4b8a-b00b-dc58b885581e,711ebe11-f673-4cd9-9a83-63c60ba54c5b,c0143906-9aed-447e-9436-2ae8512d1b6e,14da1725-c4c2-42b4-ab08-ee0aeb6898b3,081cab31-dccd-428e-8652-f2404cc81c47,78e0584a-4343-4727-8f37-e14e65c2a2db,ba21476f-2866-4f81-9c4d-6e359316e448,871c3b6c-7379-419d-bda3-794b239ab90d,ff9b0199-ce04-4cfe-86cc-6c719f08d6e4,de1c2107-70c8-4021-8459-6399f24d01c6,cbf30902-517f-40dc-af90-a550bac27cf1,5c601d96-e4c7-4698-991b-7ee674b11079
2026-7-7 16:08:36-debug:   Number of all scenes: 5
2026-7-7 16:08:36-debug:   Number of other assets: 1158
2026-7-7 16:08:36-debug: Init bundle root assets success..., progress: 0%
2026-7-7 16:08:36-debug:   Number of all scripts: 109
2026-7-7 16:08:36-debug: // ---- build task 查询 Asset Bundle ---- (11ms)
2026-7-7 16:08:36-log: run build task 查询 Asset Bundle success in 11 ms√, progress: 5%
2026-7-7 16:08:36-debug: // ---- build task 查询 Asset Bundle ----
2026-7-7 16:08:36-debug: [Build Memory track]: 查询 Asset Bundle start:264.91MB, end 264.87MB, increase: -44.71KB
2026-7-7 16:08:36-debug: 查询 Asset Bundle start, progress: 5%
2026-7-7 16:08:36-debug: // ---- build task 查询 Asset Bundle ---- (3ms)
2026-7-7 16:08:36-log: run build task 查询 Asset Bundle success in 3 ms√, progress: 10%
2026-7-7 16:08:36-debug: // ---- build task 整理部分构建选项内数据到 settings.json ----
2026-7-7 16:08:36-debug: 整理部分构建选项内数据到 settings.json start, progress: 10%
2026-7-7 16:08:36-debug: [Build Memory track]: 查询 Asset Bundle start:264.90MB, end 265.14MB, increase: 239.29KB
2026-7-7 16:08:36-debug: // ---- build task 整理部分构建选项内数据到 settings.json ---- (2ms)
2026-7-7 16:08:36-log: run build task 整理部分构建选项内数据到 settings.json success in 2 ms√, progress: 12%
2026-7-7 16:08:36-debug: // ---- build task 填充脚本数据到 settings.json ----
2026-7-7 16:08:36-debug: [Build Memory track]: 整理部分构建选项内数据到 settings.json start:265.17MB, end 265.20MB, increase: 29.39KB
2026-7-7 16:08:36-debug: 填充脚本数据到 settings.json start, progress: 12%
2026-7-7 16:08:36-debug: // ---- build task 填充脚本数据到 settings.json ---- (2ms)
2026-7-7 16:08:36-log: run build task 填充脚本数据到 settings.json success in 2 ms√, progress: 13%
2026-7-7 16:08:36-debug: [Build Memory track]: 填充脚本数据到 settings.json start:265.24MB, end 265.27MB, increase: 31.75KB
2026-7-7 16:08:36-debug: // ---- build task 整理部分构建选项内数据到 settings.json ----
2026-7-7 16:08:36-debug: 整理部分构建选项内数据到 settings.json start, progress: 13%
2026-7-7 16:08:36-debug: // ---- build task 整理部分构建选项内数据到 settings.json ---- (8ms)
2026-7-7 16:08:36-debug: [Build Memory track]: 整理部分构建选项内数据到 settings.json start:265.30MB, end 265.37MB, increase: 75.26KB
2026-7-7 16:08:36-log: run build task 整理部分构建选项内数据到 settings.json success in 8 ms√, progress: 15%
2026-7-7 16:09:06-debug: refresh db internal success
2026-7-7 16:09:06-debug: refresh db assets success
2026-7-7 16:09:06-debug: refresh db super-packager success
2026-7-7 16:09:06-debug: Run asset db hook engine-extends:afterRefresh ...
2026-7-7 16:09:06-debug: Run asset db hook engine-extends:afterRefresh success!
2026-7-7 16:09:06-debug: asset-db:refresh-all-database (211ms)
2026-7-7 16:09:06-debug: asset-db:worker-effect-data-processing (1ms)
2026-7-7 16:09:06-debug: asset-db-hook-engine-extends-afterRefresh (2ms)
2026-7-7 16:09:17-debug: refresh db internal success
2026-7-7 16:09:17-debug: refresh db assets success
2026-7-7 16:09:17-debug: Run asset db hook engine-extends:afterRefresh ...
2026-7-7 16:09:17-debug: Run asset db hook engine-extends:afterRefresh success!
2026-7-7 16:09:17-debug: refresh db super-packager success
2026-7-7 16:09:17-debug: asset-db:refresh-all-database (175ms)
2026-7-7 16:09:17-debug: asset-db-hook-engine-extends-afterRefresh (2ms)
2026-7-7 16:09:17-debug: asset-db:worker-effect-data-processing (2ms)
2026-7-7 16:11:22-debug: refresh db internal success
2026-7-7 16:11:22-debug: refresh db assets success
2026-7-7 16:11:22-debug: refresh db super-packager success
2026-7-7 16:11:22-debug: Run asset db hook engine-extends:afterRefresh ...
2026-7-7 16:11:22-debug: Run asset db hook engine-extends:afterRefresh success!
2026-7-7 16:11:22-debug: asset-db:refresh-all-database (179ms)
2026-7-7 16:11:22-debug: asset-db:worker-effect-data-processing (1ms)
2026-7-7 16:11:22-debug: asset-db-hook-engine-extends-afterRefresh (2ms)
2026-7-7 16:11:27-debug: %cImport%c: D:\工程项目\PlayableAD\Cocos\TheW\20260615_HYQ\HYQ_Project\assets\Scene\Game_3D-002.scenebackground: #aaff85; color: #000;color: #000;
2026-7-7 16:11:27-debug: asset-db:reimport-assetb5805d3a-3b80-4a12-adf5-588e63a7d886 (28ms)
2026-7-7 16:11:28-debug: Query all assets info in project
2026-7-7 16:11:28-debug: init custom config: keepNodeUuid: false, useCache: true
2026-7-7 16:11:28-debug: Skip compress image, progress: 0%
2026-7-7 16:11:28-debug: Init all bundles start..., progress: 0%
2026-7-7 16:11:28-debug: Num of bundles: 3..., progress: 0%
2026-7-7 16:11:28-debug: 查询 Asset Bundle start, progress: 0%
2026-7-7 16:11:28-debug: // ---- build task 查询 Asset Bundle ----
2026-7-7 16:11:28-debug: Init bundle root assets start..., progress: 0%
2026-7-7 16:11:28-debug: Query preload assets/scripts from cc.config.json: 60f7195c-ec2a-45eb-ba94-8955f60e81d0,1c02ae6f-4492-4915-b8f8-7492a3b1e4cd,810e96e4-e456-4468-9b59-f4e8f39732c0,efe8e2a3-eace-427b-b4f1-cb8a937ec77d,e9aa9a3e-5b2b-4ac7-a2c7-073de2b2b24f,8bbdbcdd-5cd4-4100-b6d5-b7c9625b6107,50f4348b-c883-4e2f-8f11-ce233b859fa1,fda095cb-831d-4601-ad94-846013963de8,f92806d7-1768-443f-afe8-12bcde84d0f0,dd3a144d-ab7f-41f0-82b8-2e43a090d496,f0416e68-0200-4b77-a926-4f9d16e494da,511d2633-09a7-4bdd-ac42-f778032124b3,5d45aa00-e064-4938-b314-4265f0c2258c,9361fd90-ba52-4f84-aa93-6e878fd576ca,970b0598-bcb0-4714-91fb-2e81440dccd8,bcd64cc6-2dd9-43f6-abbe-66318d332032,d930590d-bb92-4cc8-8bd1-23cd027f9edf,a3cd009f-0ab0-420d-9278-b9fdab939bbc,6a2d0734-bd9e-4ddf-946e-caa52498cb75,d1346436-ac96-4271-b863-1f4fdead95b0,971bdb23-3ff6-43eb-b422-1c30165a3663,17debcc3-0a6b-4b8a-b00b-dc58b885581e,711ebe11-f673-4cd9-9a83-63c60ba54c5b,c0143906-9aed-447e-9436-2ae8512d1b6e,14da1725-c4c2-42b4-ab08-ee0aeb6898b3,081cab31-dccd-428e-8652-f2404cc81c47,78e0584a-4343-4727-8f37-e14e65c2a2db,ba21476f-2866-4f81-9c4d-6e359316e448,871c3b6c-7379-419d-bda3-794b239ab90d,ff9b0199-ce04-4cfe-86cc-6c719f08d6e4,de1c2107-70c8-4021-8459-6399f24d01c6,cbf30902-517f-40dc-af90-a550bac27cf1,5c601d96-e4c7-4698-991b-7ee674b11079
2026-7-7 16:11:28-debug:   Number of all scripts: 109
2026-7-7 16:11:28-debug:   Number of other assets: 1158
2026-7-7 16:11:28-debug: Init bundle root assets success..., progress: 0%
2026-7-7 16:11:28-debug:   Number of all scenes: 5
2026-7-7 16:11:28-log: run build task 查询 Asset Bundle success in 15 ms√, progress: 5%
2026-7-7 16:11:28-debug: [Build Memory track]: 查询 Asset Bundle start:252.07MB, end 251.18MB, increase: -917.42KB
2026-7-7 16:11:28-debug: 查询 Asset Bundle start, progress: 5%
2026-7-7 16:11:28-debug: // ---- build task 查询 Asset Bundle ----
2026-7-7 16:11:28-debug: // ---- build task 查询 Asset Bundle ---- (15ms)
2026-7-7 16:11:28-debug: // ---- build task 查询 Asset Bundle ---- (6ms)
2026-7-7 16:11:28-log: run build task 查询 Asset Bundle success in 6 ms√, progress: 10%
2026-7-7 16:11:28-debug: // ---- build task 整理部分构建选项内数据到 settings.json ----
2026-7-7 16:11:28-debug: [Build Memory track]: 查询 Asset Bundle start:251.21MB, end 251.47MB, increase: 259.72KB
2026-7-7 16:11:28-debug: 整理部分构建选项内数据到 settings.json start, progress: 10%
2026-7-7 16:11:28-debug: // ---- build task 整理部分构建选项内数据到 settings.json ---- (1ms)
2026-7-7 16:11:28-log: run build task 整理部分构建选项内数据到 settings.json success in 1 ms√, progress: 12%
2026-7-7 16:11:28-debug: // ---- build task 填充脚本数据到 settings.json ----
2026-7-7 16:11:28-debug: [Build Memory track]: 整理部分构建选项内数据到 settings.json start:251.51MB, end 251.54MB, increase: 29.46KB
2026-7-7 16:11:28-debug: 填充脚本数据到 settings.json start, progress: 12%
2026-7-7 16:11:28-debug: // ---- build task 填充脚本数据到 settings.json ---- (2ms)
2026-7-7 16:11:28-log: run build task 填充脚本数据到 settings.json success in 2 ms√, progress: 13%
2026-7-7 16:11:28-debug: // ---- build task 整理部分构建选项内数据到 settings.json ----
2026-7-7 16:11:28-debug: [Build Memory track]: 填充脚本数据到 settings.json start:251.57MB, end 251.60MB, increase: 28.96KB
2026-7-7 16:11:28-debug: 整理部分构建选项内数据到 settings.json start, progress: 13%
2026-7-7 16:11:28-debug: // ---- build task 整理部分构建选项内数据到 settings.json ---- (6ms)
2026-7-7 16:11:28-log: run build task 整理部分构建选项内数据到 settings.json success in 6 ms√, progress: 15%
2026-7-7 16:11:28-debug: [Build Memory track]: 整理部分构建选项内数据到 settings.json start:251.63MB, end 251.70MB, increase: 72.63KB
2026-7-7 16:12:44-debug: refresh db internal success
2026-7-7 16:12:44-debug: refresh db assets success
2026-7-7 16:12:44-debug: refresh db super-packager success
2026-7-7 16:12:44-debug: Run asset db hook engine-extends:afterRefresh ...
2026-7-7 16:12:44-debug: Run asset db hook engine-extends:afterRefresh success!
2026-7-7 16:12:44-debug: asset-db:refresh-all-database (178ms)
2026-7-7 16:12:44-debug: asset-db:worker-effect-data-processing (1ms)
2026-7-7 16:12:44-debug: asset-db-hook-engine-extends-afterRefresh (1ms)
2026-7-7 16:12:50-debug: Start record console... {file(D:\工程项目\PlayableAD\Cocos\TheW\20260615_HYQ\HYQ_Project\temp\builder\log\web-mobile2026-6-30 10-27.log)}
2026-7-7 16:12:50-debug: =================================== build Task (web-mobile) Start ================================
2026-7-7 16:12:50-debug: Start build task, options:{"name":"HYQ","server":"","engineModulesConfigKey":"defaultConfig","platform":"web-mobile","buildPath":"project://build","debug":false,"buildMode":"normal","mangleProperties":false,"md5Cache":false,"skipCompressTexture":false,"sourceMaps":false,"overwriteProjectSettings":{"includeModules":{"gfx-webgl2":"on","physics":"inherit-project-setting","physics-2d":"inherit-project-setting"},"macroConfig":{"cleanupImageCache":"inherit-project-setting"}},"nativeCodeBundleMode":"asmjs","polyfills":{"asyncFunctions":true},"experimentalEraseModules":false,"startSceneAssetBundle":false,"bundleConfigs":[],"inlineEnum":true,"useBuiltinServer":false,"md5CacheOptions":{"excludes":[],"includes":[],"replaceOnly":[],"handleTemplateMd5Link":true},"mainBundleIsRemote":false,"mainBundleCompressionType":"merge_dep","useSplashScreen":true,"bundleCommonChunk":false,"packAutoAtlas":true,"startScene":"b5805d3a-3b80-4a12-adf5-588e63a7d886","outputName":"web-mobile","taskName":"web-mobile","scenes":[{"url":"db://assets/Scene/Game_3D-002.scene","uuid":"b5805d3a-3b80-4a12-adf5-588e63a7d886"}],"wasmCompressionMode":false,"binGroupConfig":{"threshold":16,"enable":false},"packages":{"adsense-h5g-plugin":{"enableAdsense":false,"enableTestAd":false,"__version__":"1.0.1","AFPHostPropertyCode":"ca-host-pub-5396158963872751","AFPHostDomain":"douyougame.com","otherAFPHostPropertyCode":"","otherAFPDomain":""},"web-mobile":{"useWebGPU":false,"orientation":"auto","embedWebDebugger":false,"__version__":"1.0.1"},"cocos-service":{"configID":"56841a","services":[],"__version__":"3.0.9"},"super-packager":{"googlePlayUrl":"","appStoreUrl":"","__version__":"2.7.0"}},"__version__":"1.3.9","logDest":"project://temp/builder/log/web-mobile2026-6-30 10-27.log"}
2026-7-7 16:12:50-debug: Build with Cocos Creator 3.8.7
2026-7-7 16:12:50-debug: cocos-service:(onBeforeBuild) start..., progress: 0%
2026-7-7 16:12:50-debug: // ---- build task cocos-service：onBeforeBuild ----
2026-7-7 16:12:50-debug: // ---- build task cocos-service：onBeforeBuild ---- (93ms)
2026-7-7 16:12:50-debug: cocos-service:(onBeforeBuild) in 93 ms ✓, progress: 2%
2026-7-7 16:12:50-debug: scene:(onBeforeBuild) start..., progress: 2%
2026-7-7 16:12:50-debug: // ---- build task scene：onBeforeBuild ----
2026-7-7 16:12:50-debug: // ---- build task scene：onBeforeBuild ---- (51ms)
2026-7-7 16:12:50-debug: super-packager:(onBeforeBuild) start..., progress: 4%
2026-7-7 16:12:50-log: [SUPER_PACKAGE]onBeforeBuild
2026-7-7 16:12:50-debug: // ---- build task super-packager：onBeforeBuild ----
2026-7-7 16:12:50-log: [SUPER_PACKAGE]商店链接配置:{"googlePlayUrl":"","appStoreUrl":""}
2026-7-7 16:12:50-debug: scene:(onBeforeBuild) in 51 ms ✓, progress: 4%
2026-7-7 16:12:50-log: [SUPER_PACKAGE]商店链接已同步到文件
2026-7-7 16:12:50-debug: // ---- build task super-packager：onBeforeBuild ---- (91ms)
2026-7-7 16:12:50-debug: Query all assets info in project
2026-7-7 16:12:50-debug: super-packager:(onBeforeBuild) in 91 ms ✓, progress: 5%
2026-7-7 16:12:50-debug: Start lock asset db..., progress: 5%
2026-7-7 16:12:50-log: Asset DB is paused with build!
2026-7-7 16:12:50-debug: init custom config: keepNodeUuid: false, useCache: true
2026-7-7 16:12:50-debug: web-mobile:(onAfterInit) start..., progress: 5%
2026-7-7 16:12:50-debug: // ---- build task web-mobile：onAfterInit ----
2026-7-7 16:12:50-debug: // ---- build task web-mobile：onAfterInit ---- (32ms)
2026-7-7 16:12:50-debug: web-mobile:(onAfterInit) in 32 ms ✓, progress: 7%
2026-7-7 16:12:50-debug: cocos-service:(onAfterInit) start..., progress: 7%
2026-7-7 16:12:50-debug: // ---- build task cocos-service：onAfterInit ----
2026-7-7 16:12:50-debug: // ---- build task cocos-service：onAfterInit ---- (156ms)
2026-7-7 16:12:50-debug: Skip compress image, progress: 0%
2026-7-7 16:12:50-debug: cocos-service:(onAfterInit) in 156 ms ✓, progress: 9%
2026-7-7 16:12:50-debug: adsense-h5g-plugin:(onBeforeBundleInit) start..., progress: 9%
2026-7-7 16:12:50-debug: adsense-h5g-plugin:(onBeforeBundleInit) start..., progress: 0%
2026-7-7 16:12:50-debug: // ---- build task adsense-h5g-plugin：onBeforeBundleInit ----
2026-7-7 16:12:50-debug: [adsense-h5g-plugin] remove script success
2026-7-7 16:12:50-debug: // ---- build task adsense-h5g-plugin：onBeforeBundleInit ---- (51ms)
2026-7-7 16:12:50-debug: adsense-h5g-plugin:(onBeforeBundleInit) in 51 ms ✓, progress: 7%
2026-7-7 16:12:50-debug: adsense-h5g-plugin:(onBeforeBundleInit) in 51 ms ✓, progress: 9%
2026-7-7 16:12:50-debug: Init all bundles start..., progress: 9%
2026-7-7 16:12:50-debug: Init all bundles start..., progress: 7%
2026-7-7 16:12:50-debug: Num of bundles: 3..., progress: 9%
2026-7-7 16:12:50-debug: web-mobile:(onAfterBundleInit) start..., progress: 9%
2026-7-7 16:12:50-debug: // ---- build task web-mobile：onAfterBundleInit ----
2026-7-7 16:12:50-debug: web-mobile:(onAfterBundleInit) start..., progress: 7%
2026-7-7 16:12:50-debug: Num of bundles: 3..., progress: 7%
2026-7-7 16:12:51-debug: // ---- build task web-mobile：onAfterBundleInit ---- (57ms)
2026-7-7 16:12:51-debug: web-mobile:(onAfterBundleInit) in 57 ms ✓, progress: 9%
2026-7-7 16:12:51-debug: // ---- build task 查询 Asset Bundle ----
2026-7-7 16:12:51-debug: Init bundle root assets start..., progress: 9%
2026-7-7 16:12:51-debug: Init bundle root assets start..., progress: 13%
2026-7-7 16:12:51-debug: web-mobile:(onAfterBundleInit) in 57 ms ✓, progress: 13%
2026-7-7 16:12:51-debug: 查询 Asset Bundle start, progress: 9%
2026-7-7 16:12:51-debug: Query preload assets/scripts from cc.config.json: 60f7195c-ec2a-45eb-ba94-8955f60e81d0,1c02ae6f-4492-4915-b8f8-7492a3b1e4cd,810e96e4-e456-4468-9b59-f4e8f39732c0,efe8e2a3-eace-427b-b4f1-cb8a937ec77d,e9aa9a3e-5b2b-4ac7-a2c7-073de2b2b24f,8bbdbcdd-5cd4-4100-b6d5-b7c9625b6107,50f4348b-c883-4e2f-8f11-ce233b859fa1,fda095cb-831d-4601-ad94-846013963de8,f92806d7-1768-443f-afe8-12bcde84d0f0,dd3a144d-ab7f-41f0-82b8-2e43a090d496,f0416e68-0200-4b77-a926-4f9d16e494da,511d2633-09a7-4bdd-ac42-f778032124b3,5d45aa00-e064-4938-b314-4265f0c2258c,9361fd90-ba52-4f84-aa93-6e878fd576ca,970b0598-bcb0-4714-91fb-2e81440dccd8,bcd64cc6-2dd9-43f6-abbe-66318d332032,d930590d-bb92-4cc8-8bd1-23cd027f9edf,a3cd009f-0ab0-420d-9278-b9fdab939bbc,6a2d0734-bd9e-4ddf-946e-caa52498cb75,d1346436-ac96-4271-b863-1f4fdead95b0,971bdb23-3ff6-43eb-b422-1c30165a3663,17debcc3-0a6b-4b8a-b00b-dc58b885581e,711ebe11-f673-4cd9-9a83-63c60ba54c5b,c0143906-9aed-447e-9436-2ae8512d1b6e,14da1725-c4c2-42b4-ab08-ee0aeb6898b3,081cab31-dccd-428e-8652-f2404cc81c47,78e0584a-4343-4727-8f37-e14e65c2a2db,ba21476f-2866-4f81-9c4d-6e359316e448,871c3b6c-7379-419d-bda3-794b239ab90d,ff9b0199-ce04-4cfe-86cc-6c719f08d6e4,de1c2107-70c8-4021-8459-6399f24d01c6,cbf30902-517f-40dc-af90-a550bac27cf1,5c601d96-e4c7-4698-991b-7ee674b11079
2026-7-7 16:12:51-debug:   Number of all scenes: 5
2026-7-7 16:12:51-debug:   Number of all scripts: 109
2026-7-7 16:12:51-debug: Init bundle root assets success..., progress: 9%
2026-7-7 16:12:51-debug: Init bundle root assets success..., progress: 13%
2026-7-7 16:12:51-debug: reload all scripts.
2026-7-7 16:12:51-debug:   Number of other assets: 1158
2026-7-7 16:12:51-log: creating executor ...
2026-7-7 16:12:51-debug: [[Executor]] reload before lock
2026-7-7 16:12:51-debug: Set detail map pack:///resolution-detail-map.json: {}
2026-7-7 16:12:51-debug: D:\工程项目\PlayableAD\Cocos\TheW\20260615_HYQ\HYQ_Project\temp\programming\packer-driver\targets\editor\chunks\93\93ba276ea7b26ffcdc433fab14afc1ed6f05647b.js resolved to D:\工程项目\PlayableAD\Cocos\TheW\20260615_HYQ\HYQ_Project\temp\programming\packer-driver\targets\editor\chunks\93\93ba276ea7b26ffcdc433fab14afc1ed6f05647b.js is not in module cache!
2026-7-7 16:12:51-debug: [[Executor]] Module "cce:/internal/x/cc-fu/gfx-webgl" loaded.
2026-7-7 16:12:51-debug: [[Executor]] Module "cce:/internal/x/cc-fu/gfx-webgl2" loaded.
2026-7-7 16:12:51-debug: [[Executor]] Module "cce:/internal/x/cc-fu/gfx-webgpu" loaded.
2026-7-7 16:12:51-debug: [[Executor]] Module "cce:/internal/x/cc-fu/base" loaded.
2026-7-7 16:12:51-debug: [[Executor]] Module "cce:/internal/x/cc-fu/3d" loaded.
2026-7-7 16:12:51-debug: [[Executor]] Module "cce:/internal/x/cc-fu/animation" loaded.
2026-7-7 16:12:51-debug: [[Executor]] Module "cce:/internal/x/cc-fu/skeletal-animation" loaded.
2026-7-7 16:12:51-debug: [[Executor]] Module "cce:/internal/x/cc-fu/sorting" loaded.
2026-7-7 16:12:51-debug: [[Executor]] Module "cce:/internal/x/cc-fu/gfx-empty" loaded.
2026-7-7 16:12:51-debug: [[Executor]] Module "cce:/internal/x/cc-fu/mask" loaded.
2026-7-7 16:12:51-debug: [[Executor]] Module "cce:/internal/x/cc-fu/rich-text" loaded.
2026-7-7 16:12:51-debug: [[Executor]] Module "cce:/internal/x/cc-fu/graphics" loaded.
2026-7-7 16:12:51-debug: [[Executor]] Module "cce:/internal/x/cc-fu/ui-skew" loaded.
2026-7-7 16:12:51-debug: [[Executor]] Module "cce:/internal/x/cc-fu/affine-transform" loaded.
2026-7-7 16:12:51-debug: [[Executor]] Module "cce:/internal/x/cc-fu/ui" loaded.
2026-7-7 16:12:51-debug: [[Executor]] Module "cce:/internal/x/cc-fu/sorting-2d" loaded.
2026-7-7 16:12:51-debug: [[Executor]] Module "cce:/internal/x/cc-fu/particle-2d" loaded.
2026-7-7 16:12:51-debug: [[Executor]] Module "cce:/internal/x/cc-fu/particle" loaded.
2026-7-7 16:12:51-debug: [[Executor]] Module "cce:/internal/x/cc-fu/physics-framework" loaded.
2026-7-7 16:12:51-debug: [[Executor]] Module "cce:/internal/x/cc-fu/2d" loaded.
2026-7-7 16:12:51-debug: [[Executor]] Module "cce:/internal/x/cc-fu/physics-physx" loaded.
2026-7-7 16:12:51-debug: [[Executor]] Module "cce:/internal/x/cc-fu/physics-builtin" loaded.
2026-7-7 16:12:51-debug: [[Executor]] Module "cce:/internal/x/cc-fu/physics-ammo" loaded.
2026-7-7 16:12:51-debug: [[Executor]] Module "cce:/internal/x/cc-fu/physics-2d-framework" loaded.
2026-7-7 16:12:51-debug: [[Executor]] Module "cce:/internal/x/cc-fu/physics-cannon" loaded.
2026-7-7 16:12:51-debug: [[Executor]] Module "cce:/internal/x/cc-fu/physics-2d-box2d-jsb" loaded.
2026-7-7 16:12:51-debug: [[Executor]] Module "cce:/internal/x/cc-fu/physics-2d-box2d-wasm" loaded.
2026-7-7 16:12:51-debug: [[Executor]] Module "cce:/internal/x/cc-fu/physics-2d-box2d" loaded.
2026-7-7 16:12:51-debug: [[Executor]] Module "cce:/internal/x/cc-fu/physics-2d-builtin" loaded.
2026-7-7 16:12:51-debug: [[Executor]] Module "cce:/internal/x/cc-fu/profiler" loaded.
2026-7-7 16:12:51-debug: [[Executor]] Module "cce:/internal/x/cc-fu/primitive" loaded.
2026-7-7 16:12:51-debug: [[Executor]] Module "cce:/internal/x/cc-fu/geometry-renderer" loaded.
2026-7-7 16:12:51-debug: [[Executor]] Module "cce:/internal/x/cc-fu/audio" loaded.
2026-7-7 16:12:51-debug: [[Executor]] Module "cce:/internal/x/cc-fu/intersection-2d" loaded.
2026-7-7 16:12:51-debug: [[Executor]] Module "cce:/internal/x/cc-fu/xr" loaded.
2026-7-7 16:12:51-debug: [[Executor]] Module "cce:/internal/x/cc-fu/video" loaded.
2026-7-7 16:12:51-debug: [[Executor]] Module "cce:/internal/x/cc-fu/terrain" loaded.
2026-7-7 16:12:51-debug: [[Executor]] Module "cce:/internal/x/cc-fu/light-probe" loaded.
2026-7-7 16:12:51-debug: [[Executor]] Module "cce:/internal/x/cc-fu/tiled-map" loaded.
2026-7-7 16:12:51-debug: [[Executor]] Module "cce:/internal/x/cc-fu/webview" loaded.
2026-7-7 16:12:51-debug: [[Executor]] Module "cce:/internal/x/cc-fu/vendor-google" loaded.
2026-7-7 16:12:51-debug: [[Executor]] Module "cce:/internal/x/cc-fu/spine" loaded.
2026-7-7 16:12:51-debug: [[Executor]] Module "cce:/internal/x/cc-fu/dragon-bones" loaded.
2026-7-7 16:12:51-debug: [[Executor]] Module "cce:/internal/x/cc-fu/custom-pipeline" loaded.
2026-7-7 16:12:51-debug: [[Executor]] Module "cce:/internal/x/cc-fu/custom-pipeline-post-process" loaded.
2026-7-7 16:12:51-debug: [[Executor]] Module "cce:/internal/x/cc-fu/tween" loaded.
2026-7-7 16:12:51-debug: [[Executor]] Module "cce:/internal/x/cc-fu/legacy-pipeline" loaded.
2026-7-7 16:12:51-debug: [[Executor]] Module "cce:/internal/x/cc-fu/gfx-webgl" loaded.
2026-7-7 16:12:51-debug: [[Executor]] Module "cce:/internal/x/cc-fu/gfx-webgl2" loaded.
2026-7-7 16:12:51-debug: [[Executor]] Module "cce:/internal/x/cc-fu/gfx-empty" loaded.
2026-7-7 16:12:51-debug: [[Executor]] Module "cce:/internal/x/cc-fu/gfx-webgpu" loaded.
2026-7-7 16:12:51-debug: [[Executor]] Module "cce:/internal/x/cc-fu/animation" loaded.
2026-7-7 16:12:51-debug: [[Executor]] Module "cce:/internal/x/cc-fu/base" loaded.
2026-7-7 16:12:51-debug: [[Executor]] Module "cce:/internal/x/cc-fu/skeletal-animation" loaded.
2026-7-7 16:12:51-debug: [[Executor]] Module "cce:/internal/x/cc-fu/2d" loaded.
2026-7-7 16:12:51-debug: [[Executor]] Module "cce:/internal/x/cc-fu/3d" loaded.
2026-7-7 16:12:51-debug: [[Executor]] Module "cce:/internal/x/cc-fu/sorting" loaded.
2026-7-7 16:12:51-debug: [[Executor]] Module "cce:/internal/x/cc-fu/rich-text" loaded.
2026-7-7 16:12:51-debug: [[Executor]] Module "cce:/internal/x/cc-fu/mask" loaded.
2026-7-7 16:12:51-debug: [[Executor]] Module "cce:/internal/x/cc-fu/graphics" loaded.
2026-7-7 16:12:51-debug: [[Executor]] Module "cce:/internal/x/cc-fu/ui-skew" loaded.
2026-7-7 16:12:51-debug: [[Executor]] Module "cce:/internal/x/cc-fu/affine-transform" loaded.
2026-7-7 16:12:51-debug: [[Executor]] Module "cce:/internal/x/cc-fu/sorting-2d" loaded.
2026-7-7 16:12:51-debug: [[Executor]] Module "cce:/internal/x/cc-fu/ui" loaded.
2026-7-7 16:12:51-debug: [[Executor]] Module "cce:/internal/x/cc-fu/particle" loaded.
2026-7-7 16:12:51-debug: [[Executor]] Module "cce:/internal/x/cc-fu/particle-2d" loaded.
2026-7-7 16:12:51-debug: [[Executor]] Module "cce:/internal/x/cc-fu/physics-framework" loaded.
2026-7-7 16:12:51-debug: [[Executor]] Module "cce:/internal/x/cc-fu/physics-ammo" loaded.
2026-7-7 16:12:51-debug: [[Executor]] Module "cce:/internal/x/cc-fu/physics-cannon" loaded.
2026-7-7 16:12:51-debug: [[Executor]] Module "cce:/internal/x/cc-fu/physics-builtin" loaded.
2026-7-7 16:12:51-debug: [[Executor]] Module "cce:/internal/x/cc-fu/physics-2d-framework" loaded.
2026-7-7 16:12:51-debug: [[Executor]] Module "cce:/internal/x/cc-fu/physics-2d-builtin" loaded.
2026-7-7 16:12:51-debug: [[Executor]] Module "cce:/internal/x/cc-fu/physics-2d-box2d-wasm" loaded.
2026-7-7 16:12:51-debug: [[Executor]] Module "cce:/internal/x/cc-fu/intersection-2d" loaded.
2026-7-7 16:12:51-debug: [[Executor]] Module "cce:/internal/x/cc-fu/physics-2d-box2d" loaded.
2026-7-7 16:12:51-debug: [[Executor]] Module "cce:/internal/x/cc-fu/physics-physx" loaded.
2026-7-7 16:12:51-debug: [[Executor]] Module "cce:/internal/x/cc-fu/primitive" loaded.
2026-7-7 16:12:51-debug: [[Executor]] Module "cce:/internal/x/cc-fu/geometry-renderer" loaded.
2026-7-7 16:12:51-debug: [[Executor]] Module "cce:/internal/x/cc-fu/profiler" loaded.
2026-7-7 16:12:51-debug: [[Executor]] Module "cce:/internal/x/cc-fu/xr" loaded.
2026-7-7 16:12:51-debug: [[Executor]] Module "cce:/internal/x/cc-fu/audio" loaded.
2026-7-7 16:12:51-debug: [[Executor]] Module "cce:/internal/x/cc-fu/light-probe" loaded.
2026-7-7 16:12:51-debug: [[Executor]] Module "cce:/internal/x/cc-fu/terrain" loaded.
2026-7-7 16:12:51-debug: [[Executor]] Module "cce:/internal/x/cc-fu/webview" loaded.
2026-7-7 16:12:51-debug: [[Executor]] Module "cce:/internal/x/cc-fu/video" loaded.
2026-7-7 16:12:51-debug: [[Executor]] Module "cce:/internal/x/cc-fu/tiled-map" loaded.
2026-7-7 16:12:51-debug: [[Executor]] Module "cce:/internal/x/cc-fu/spine" loaded.
2026-7-7 16:12:51-debug: [[Executor]] Module "cce:/internal/x/cc-fu/dragon-bones" loaded.
2026-7-7 16:12:51-debug: [[Executor]] Module "cce:/internal/x/cc-fu/custom-pipeline" loaded.
2026-7-7 16:12:51-debug: [[Executor]] Module "cce:/internal/x/cc-fu/tween" loaded.
2026-7-7 16:12:51-debug: [[Executor]] Module "cce:/internal/x/cc-fu/custom-pipeline-post-process" loaded.
2026-7-7 16:12:51-debug: [[Executor]] Module "cce:/internal/x/cc-fu/physics-2d-box2d-jsb" loaded.
2026-7-7 16:12:51-debug: [[Executor]] Module "pack:///chunks/93/93ba276ea7b26ffcdc433fab14afc1ed6f05647b.js" loaded.
2026-7-7 16:12:51-debug: [[Executor]] Module "cce:/internal/x/cc-fu/vendor-google" loaded.
2026-7-7 16:12:51-debug: [[Executor]] Module "cce:/internal/x/cc-fu/legacy-pipeline" loaded.
2026-7-7 16:12:51-debug: [[Executor]] Module "pack:///chunks/93/93ba276ea7b26ffcdc433fab14afc1ed6f05647b.js" loaded.
2026-7-7 16:12:51-debug: Invalidating 'pack:///chunks/93/93ba276ea7b26ffcdc433fab14afc1ed6f05647b.js'
2026-7-7 16:12:51-debug: D:\工程项目\PlayableAD\Cocos\TheW\20260615_HYQ\HYQ_Project\temp\programming\packer-driver\targets\editor\chunks\6d\6d8fd2b0177941b032ddc0733af48a561fb60657.js resolved to D:\工程项目\PlayableAD\Cocos\TheW\20260615_HYQ\HYQ_Project\temp\programming\packer-driver\targets\editor\chunks\6d\6d8fd2b0177941b032ddc0733af48a561fb60657.js is not in module cache!
2026-7-7 16:12:51-debug: [[Executor]] Module "pack:///chunks/6d/6d8fd2b0177941b032ddc0733af48a561fb60657.js" loaded.
2026-7-7 16:12:51-debug: D:\工程项目\PlayableAD\Cocos\TheW\20260615_HYQ\HYQ_Project\temp\programming\packer-driver\targets\editor\chunks\f2\f22794b1c95bc92b6e994a97e9b193af020adc12.js resolved to D:\工程项目\PlayableAD\Cocos\TheW\20260615_HYQ\HYQ_Project\temp\programming\packer-driver\targets\editor\chunks\f2\f22794b1c95bc92b6e994a97e9b193af020adc12.js is not in module cache!
2026-7-7 16:12:51-debug: D:\工程项目\PlayableAD\Cocos\TheW\20260615_HYQ\HYQ_Project\temp\programming\packer-driver\targets\editor\chunks\d9\d980f46bad1521f99cf9b02f6f4709610973859b.js resolved to D:\工程项目\PlayableAD\Cocos\TheW\20260615_HYQ\HYQ_Project\temp\programming\packer-driver\targets\editor\chunks\d9\d980f46bad1521f99cf9b02f6f4709610973859b.js is not in module cache!
2026-7-7 16:12:51-debug: D:\工程项目\PlayableAD\Cocos\TheW\20260615_HYQ\HYQ_Project\temp\programming\packer-driver\targets\editor\chunks\6a\6a5019a719a9014c047e67aa1cf34453ab8392ce.js resolved to D:\工程项目\PlayableAD\Cocos\TheW\20260615_HYQ\HYQ_Project\temp\programming\packer-driver\targets\editor\chunks\6a\6a5019a719a9014c047e67aa1cf34453ab8392ce.js is not in module cache!
2026-7-7 16:12:51-debug: D:\工程项目\PlayableAD\Cocos\TheW\20260615_HYQ\HYQ_Project\temp\programming\packer-driver\targets\editor\chunks\c9\c9d891290a54ec567f150962e76c6bf9cdf47b3b.js resolved to D:\工程项目\PlayableAD\Cocos\TheW\20260615_HYQ\HYQ_Project\temp\programming\packer-driver\targets\editor\chunks\c9\c9d891290a54ec567f150962e76c6bf9cdf47b3b.js is not in module cache!
2026-7-7 16:12:51-debug: D:\工程项目\PlayableAD\Cocos\TheW\20260615_HYQ\HYQ_Project\temp\programming\packer-driver\targets\editor\chunks\04\04f62969dc20e2c08fceeca28e5f160f93c57d48.js resolved to D:\工程项目\PlayableAD\Cocos\TheW\20260615_HYQ\HYQ_Project\temp\programming\packer-driver\targets\editor\chunks\04\04f62969dc20e2c08fceeca28e5f160f93c57d48.js is not in module cache!
2026-7-7 16:12:51-debug: D:\工程项目\PlayableAD\Cocos\TheW\20260615_HYQ\HYQ_Project\temp\programming\packer-driver\targets\editor\chunks\84\84fdd98491917343dab9e13fe8b5a70bd6a363c2.js resolved to D:\工程项目\PlayableAD\Cocos\TheW\20260615_HYQ\HYQ_Project\temp\programming\packer-driver\targets\editor\chunks\84\84fdd98491917343dab9e13fe8b5a70bd6a363c2.js is not in module cache!
2026-7-7 16:12:51-debug: [[Executor]] Module "pack:///chunks/6a/6a5019a719a9014c047e67aa1cf34453ab8392ce.js" loaded.
2026-7-7 16:12:51-debug: [[Executor]] Module "cce:/internal/x/engine-export-to-editor/cc/editor/populate-internal-constants" loaded.
2026-7-7 16:12:51-debug: [[Executor]] Register BuiltinPipelineSettings
2026-7-7 16:12:51-debug: [[Executor]] Module "cce:/internal/x/engine-export-to-editor/cc/editor/populate-internal-constants" loaded.
2026-7-7 16:12:51-debug: [[Executor]] Module "pack:///chunks/84/84fdd98491917343dab9e13fe8b5a70bd6a363c2.js" loaded.
2026-7-7 16:12:51-debug: [[Executor]] Module "pack:///chunks/04/04f62969dc20e2c08fceeca28e5f160f93c57d48.js" loaded.
2026-7-7 16:12:51-debug: [[Executor]] Module "pack:///chunks/d9/d980f46bad1521f99cf9b02f6f4709610973859b.js" loaded.
2026-7-7 16:12:51-debug: [[Executor]] Register BuiltinPipelinePassBuilder
2026-7-7 16:12:51-debug: [[Executor]] Module "pack:///chunks/c9/c9d891290a54ec567f150962e76c6bf9cdf47b3b.js" loaded.
2026-7-7 16:12:51-debug: [[Executor]] Register BuiltinDepthOfFieldPass
2026-7-7 16:12:51-debug: [[Executor]] Module "pack:///chunks/f2/f22794b1c95bc92b6e994a97e9b193af020adc12.js" loaded.
2026-7-7 16:12:51-debug: [[Executor]] Register DebugViewRuntimeControl
2026-7-7 16:12:51-debug: D:\工程项目\PlayableAD\Cocos\TheW\20260615_HYQ\HYQ_Project\temp\programming\packer-driver\targets\editor\chunks\e0\e099fc7c0597d98bad93ecd30952e1955267ade1.js resolved to D:\工程项目\PlayableAD\Cocos\TheW\20260615_HYQ\HYQ_Project\temp\programming\packer-driver\targets\editor\chunks\e0\e099fc7c0597d98bad93ecd30952e1955267ade1.js is not in module cache!
2026-7-7 16:12:51-debug: [[Executor]] Module "pack:///chunks/e0/e099fc7c0597d98bad93ecd30952e1955267ade1.js" loaded.
2026-7-7 16:12:51-debug: D:\工程项目\PlayableAD\Cocos\TheW\20260615_HYQ\HYQ_Project\temp\programming\packer-driver\targets\editor\chunks\e2\e2118395860d446afdd7349c12bbbbd5ff0a8915.js resolved to D:\工程项目\PlayableAD\Cocos\TheW\20260615_HYQ\HYQ_Project\temp\programming\packer-driver\targets\editor\chunks\e2\e2118395860d446afdd7349c12bbbbd5ff0a8915.js is not in module cache!
2026-7-7 16:12:51-debug: [[Executor]] Register Lightning
2026-7-7 16:12:51-debug: [[Executor]] Module "pack:///chunks/e2/e2118395860d446afdd7349c12bbbbd5ff0a8915.js" loaded.
2026-7-7 16:12:51-debug: D:\工程项目\PlayableAD\Cocos\TheW\20260615_HYQ\HYQ_Project\temp\programming\packer-driver\targets\editor\chunks\e9\e96bc804d4af33012a1ad5c19177a551c107f2ae.js resolved to D:\工程项目\PlayableAD\Cocos\TheW\20260615_HYQ\HYQ_Project\temp\programming\packer-driver\targets\editor\chunks\e9\e96bc804d4af33012a1ad5c19177a551c107f2ae.js is not in module cache!
2026-7-7 16:12:51-debug: [[Executor]] Module "pack:///chunks/e9/e96bc804d4af33012a1ad5c19177a551c107f2ae.js" loaded.
2026-7-7 16:12:51-debug: D:\工程项目\PlayableAD\Cocos\TheW\20260615_HYQ\HYQ_Project\temp\programming\packer-driver\targets\editor\chunks\14\14cec8e3738599ab9965ee6a2127491eba1361af.js resolved to D:\工程项目\PlayableAD\Cocos\TheW\20260615_HYQ\HYQ_Project\temp\programming\packer-driver\targets\editor\chunks\14\14cec8e3738599ab9965ee6a2127491eba1361af.js is not in module cache!
2026-7-7 16:12:51-debug: D:\工程项目\PlayableAD\Cocos\TheW\20260615_HYQ\HYQ_Project\temp\programming\packer-driver\targets\editor\chunks\4d\4d6662648c8c361d9de350d72c1ab0a8e7508014.js resolved to D:\工程项目\PlayableAD\Cocos\TheW\20260615_HYQ\HYQ_Project\temp\programming\packer-driver\targets\editor\chunks\4d\4d6662648c8c361d9de350d72c1ab0a8e7508014.js is not in module cache!
2026-7-7 16:12:51-debug: [[Executor]] Module "pack:///chunks/4d/4d6662648c8c361d9de350d72c1ab0a8e7508014.js" loaded.
2026-7-7 16:12:51-debug: [[Executor]] Register LayerManager
2026-7-7 16:12:51-debug: [[Executor]] Module "pack:///chunks/14/14cec8e3738599ab9965ee6a2127491eba1361af.js" loaded.
2026-7-7 16:12:51-debug: D:\工程项目\PlayableAD\Cocos\TheW\20260615_HYQ\HYQ_Project\temp\programming\packer-driver\targets\editor\chunks\31\31cebe8e0355019a96c8dc216aed673e195b2a53.js resolved to D:\工程项目\PlayableAD\Cocos\TheW\20260615_HYQ\HYQ_Project\temp\programming\packer-driver\targets\editor\chunks\31\31cebe8e0355019a96c8dc216aed673e195b2a53.js is not in module cache!
2026-7-7 16:12:51-debug: [[Executor]] Register CameraMove
2026-7-7 16:12:51-debug: [[Executor]] Module "pack:///chunks/31/31cebe8e0355019a96c8dc216aed673e195b2a53.js" loaded.
2026-7-7 16:12:51-debug: D:\工程项目\PlayableAD\Cocos\TheW\20260615_HYQ\HYQ_Project\temp\programming\packer-driver\targets\editor\chunks\3f\3fc33806253ded99e50ac9220c73832ef2904ca7.js resolved to D:\工程项目\PlayableAD\Cocos\TheW\20260615_HYQ\HYQ_Project\temp\programming\packer-driver\targets\editor\chunks\3f\3fc33806253ded99e50ac9220c73832ef2904ca7.js is not in module cache!
2026-7-7 16:12:51-debug: D:\工程项目\PlayableAD\Cocos\TheW\20260615_HYQ\HYQ_Project\temp\programming\packer-driver\targets\editor\chunks\56\5601ae9cf318e5c14df7d30ca1cafe71734c982a.js resolved to D:\工程项目\PlayableAD\Cocos\TheW\20260615_HYQ\HYQ_Project\temp\programming\packer-driver\targets\editor\chunks\56\5601ae9cf318e5c14df7d30ca1cafe71734c982a.js is not in module cache!
2026-7-7 16:12:51-debug: [[Executor]] Module "pack:///chunks/56/5601ae9cf318e5c14df7d30ca1cafe71734c982a.js" loaded.
2026-7-7 16:12:51-debug: [[Executor]] Module "pack:///chunks/3f/3fc33806253ded99e50ac9220c73832ef2904ca7.js" loaded.
2026-7-7 16:12:51-debug: D:\工程项目\PlayableAD\Cocos\TheW\20260615_HYQ\HYQ_Project\temp\programming\packer-driver\targets\editor\chunks\90\901a8f42214a0198b9aca11ce347c093cca5e26c.js resolved to D:\工程项目\PlayableAD\Cocos\TheW\20260615_HYQ\HYQ_Project\temp\programming\packer-driver\targets\editor\chunks\90\901a8f42214a0198b9aca11ce347c093cca5e26c.js is not in module cache!
2026-7-7 16:12:51-debug: D:\工程项目\PlayableAD\Cocos\TheW\20260615_HYQ\HYQ_Project\temp\programming\packer-driver\targets\editor\chunks\8a\8ae7d51cc818f718270f9e2ad9b78b6df4ffa62c.js resolved to D:\工程项目\PlayableAD\Cocos\TheW\20260615_HYQ\HYQ_Project\temp\programming\packer-driver\targets\editor\chunks\8a\8ae7d51cc818f718270f9e2ad9b78b6df4ffa62c.js is not in module cache!
2026-7-7 16:12:51-debug: D:\工程项目\PlayableAD\Cocos\TheW\20260615_HYQ\HYQ_Project\temp\programming\packer-driver\targets\editor\chunks\8b\8b1077471006cad018e02beccd0bed5dcc54c671.js resolved to D:\工程项目\PlayableAD\Cocos\TheW\20260615_HYQ\HYQ_Project\temp\programming\packer-driver\targets\editor\chunks\8b\8b1077471006cad018e02beccd0bed5dcc54c671.js is not in module cache!
2026-7-7 16:12:51-debug: D:\工程项目\PlayableAD\Cocos\TheW\20260615_HYQ\HYQ_Project\temp\programming\packer-driver\targets\editor\chunks\84\8436bf0d6f6a392b090fff8471ad48b32970414b.js resolved to D:\工程项目\PlayableAD\Cocos\TheW\20260615_HYQ\HYQ_Project\temp\programming\packer-driver\targets\editor\chunks\84\8436bf0d6f6a392b090fff8471ad48b32970414b.js is not in module cache!
2026-7-7 16:12:51-debug: D:\工程项目\PlayableAD\Cocos\TheW\20260615_HYQ\HYQ_Project\temp\programming\packer-driver\targets\editor\chunks\a1\a1d124b8795c6e55160d2ce5ecbd41437847152f.js resolved to D:\工程项目\PlayableAD\Cocos\TheW\20260615_HYQ\HYQ_Project\temp\programming\packer-driver\targets\editor\chunks\a1\a1d124b8795c6e55160d2ce5ecbd41437847152f.js is not in module cache!
2026-7-7 16:12:51-debug: D:\工程项目\PlayableAD\Cocos\TheW\20260615_HYQ\HYQ_Project\temp\programming\packer-driver\targets\editor\chunks\f2\f20c45b49501fbe07d44e99d95c2c506a06a0ecd.js resolved to D:\工程项目\PlayableAD\Cocos\TheW\20260615_HYQ\HYQ_Project\temp\programming\packer-driver\targets\editor\chunks\f2\f20c45b49501fbe07d44e99d95c2c506a06a0ecd.js is not in module cache!
2026-7-7 16:12:51-debug: D:\工程项目\PlayableAD\Cocos\TheW\20260615_HYQ\HYQ_Project\temp\programming\packer-driver\targets\editor\chunks\79\798785a3f67288cbb075d5efa15a2c266208a881.js resolved to D:\工程项目\PlayableAD\Cocos\TheW\20260615_HYQ\HYQ_Project\temp\programming\packer-driver\targets\editor\chunks\79\798785a3f67288cbb075d5efa15a2c266208a881.js is not in module cache!
2026-7-7 16:12:51-debug: [[Executor]] Module "pack:///chunks/79/798785a3f67288cbb075d5efa15a2c266208a881.js" loaded.
2026-7-7 16:12:51-debug: [[Executor]] Module "pack:///chunks/84/8436bf0d6f6a392b090fff8471ad48b32970414b.js" loaded.
2026-7-7 16:12:51-debug: [[Executor]] Module "pack:///chunks/f2/f20c45b49501fbe07d44e99d95c2c506a06a0ecd.js" loaded.
2026-7-7 16:12:51-debug: [[Executor]] Module "pack:///chunks/8b/8b1077471006cad018e02beccd0bed5dcc54c671.js" loaded.
2026-7-7 16:12:51-debug: [[Executor]] Register RotationDrive
2026-7-7 16:12:51-debug: [[Executor]] Module "pack:///chunks/a1/a1d124b8795c6e55160d2ce5ecbd41437847152f.js" loaded.
2026-7-7 16:12:51-debug: [[Executor]] Register UnityUpComponent
2026-7-7 16:12:51-debug: [[Executor]] Module "pack:///chunks/8a/8ae7d51cc818f718270f9e2ad9b78b6df4ffa62c.js" loaded.
2026-7-7 16:12:51-debug: [[Executor]] Module "pack:///chunks/90/901a8f42214a0198b9aca11ce347c093cca5e26c.js" loaded.
2026-7-7 16:12:51-debug: [[Executor]] Register MoveDrive
2026-7-7 16:12:51-debug: D:\工程项目\PlayableAD\Cocos\TheW\20260615_HYQ\HYQ_Project\temp\programming\packer-driver\targets\editor\chunks\eb\eb316915c4446a477164305c14374917acb92a23.js resolved to D:\工程项目\PlayableAD\Cocos\TheW\20260615_HYQ\HYQ_Project\temp\programming\packer-driver\targets\editor\chunks\eb\eb316915c4446a477164305c14374917acb92a23.js is not in module cache!
2026-7-7 16:12:51-debug: [[Executor]] Register RotationVector
2026-7-7 16:12:51-debug: [[Executor]] Module "pack:///chunks/eb/eb316915c4446a477164305c14374917acb92a23.js" loaded.
2026-7-7 16:12:51-debug: D:\工程项目\PlayableAD\Cocos\TheW\20260615_HYQ\HYQ_Project\temp\programming\packer-driver\targets\editor\chunks\e9\e950dd2519065be1280daf69ce7f6b07e4d0caaa.js resolved to D:\工程项目\PlayableAD\Cocos\TheW\20260615_HYQ\HYQ_Project\temp\programming\packer-driver\targets\editor\chunks\e9\e950dd2519065be1280daf69ce7f6b07e4d0caaa.js is not in module cache!
2026-7-7 16:12:51-debug: [[Executor]] Register PrefabsRes
2026-7-7 16:12:51-debug: [[Executor]] Register PrefabsManager
2026-7-7 16:12:51-debug: [[Executor]] Module "pack:///chunks/e9/e950dd2519065be1280daf69ce7f6b07e4d0caaa.js" loaded.
2026-7-7 16:12:51-debug: D:\工程项目\PlayableAD\Cocos\TheW\20260615_HYQ\HYQ_Project\temp\programming\packer-driver\targets\editor\chunks\f0\f04c2dd9d3cc608a6f46e13bb5d3c46aa5633baf.js resolved to D:\工程项目\PlayableAD\Cocos\TheW\20260615_HYQ\HYQ_Project\temp\programming\packer-driver\targets\editor\chunks\f0\f04c2dd9d3cc608a6f46e13bb5d3c46aa5633baf.js is not in module cache!
2026-7-7 16:12:51-debug: D:\工程项目\PlayableAD\Cocos\TheW\20260615_HYQ\HYQ_Project\temp\programming\packer-driver\targets\editor\chunks\ed\edbdde40fab9baf06e704beb85e64d72f20aefb8.js resolved to D:\工程项目\PlayableAD\Cocos\TheW\20260615_HYQ\HYQ_Project\temp\programming\packer-driver\targets\editor\chunks\ed\edbdde40fab9baf06e704beb85e64d72f20aefb8.js is not in module cache!
2026-7-7 16:12:51-debug: [[Executor]] Register L18nManager
2026-7-7 16:12:51-debug: [[Executor]] Module "pack:///chunks/ed/edbdde40fab9baf06e704beb85e64d72f20aefb8.js" loaded.
2026-7-7 16:12:51-debug: [[Executor]] Module "pack:///chunks/f0/f04c2dd9d3cc608a6f46e13bb5d3c46aa5633baf.js" loaded.
2026-7-7 16:12:51-debug: [[Executor]] Register DownLoadL8
2026-7-7 16:12:51-debug: D:\工程项目\PlayableAD\Cocos\TheW\20260615_HYQ\HYQ_Project\temp\programming\packer-driver\targets\editor\chunks\f8\f8baeccf8cf047db05161c9b9e8b6b4ff9eefe2f.js resolved to D:\工程项目\PlayableAD\Cocos\TheW\20260615_HYQ\HYQ_Project\temp\programming\packer-driver\targets\editor\chunks\f8\f8baeccf8cf047db05161c9b9e8b6b4ff9eefe2f.js is not in module cache!
2026-7-7 16:12:51-debug: [[Executor]] Register DownLoadL8
2026-7-7 16:12:51-debug: [[Executor]] Module "pack:///chunks/f8/f8baeccf8cf047db05161c9b9e8b6b4ff9eefe2f.js" loaded.
2026-7-7 16:12:51-debug: D:\工程项目\PlayableAD\Cocos\TheW\20260615_HYQ\HYQ_Project\temp\programming\packer-driver\targets\editor\chunks\63\633ac4308370832c1c78b9f28702617696f6e9fb.js resolved to D:\工程项目\PlayableAD\Cocos\TheW\20260615_HYQ\HYQ_Project\temp\programming\packer-driver\targets\editor\chunks\63\633ac4308370832c1c78b9f28702617696f6e9fb.js is not in module cache!
2026-7-7 16:12:51-debug: [[Executor]] Register LangArrAuto
2026-7-7 16:12:51-debug: [[Executor]] Module "pack:///chunks/63/633ac4308370832c1c78b9f28702617696f6e9fb.js" loaded.
2026-7-7 16:12:51-debug: D:\工程项目\PlayableAD\Cocos\TheW\20260615_HYQ\HYQ_Project\temp\programming\packer-driver\targets\editor\chunks\f5\f570589f727cbf96139a6869e201d7a87544da71.js resolved to D:\工程项目\PlayableAD\Cocos\TheW\20260615_HYQ\HYQ_Project\temp\programming\packer-driver\targets\editor\chunks\f5\f570589f727cbf96139a6869e201d7a87544da71.js is not in module cache!
2026-7-7 16:12:51-debug: [[Executor]] Register LangAuto
2026-7-7 16:12:51-debug: [[Executor]] Module "pack:///chunks/f5/f570589f727cbf96139a6869e201d7a87544da71.js" loaded.
2026-7-7 16:12:51-debug: D:\工程项目\PlayableAD\Cocos\TheW\20260615_HYQ\HYQ_Project\temp\programming\packer-driver\targets\editor\chunks\40\407fe08f85a1575a06beb3692d40cf36d9684f58.js resolved to D:\工程项目\PlayableAD\Cocos\TheW\20260615_HYQ\HYQ_Project\temp\programming\packer-driver\targets\editor\chunks\40\407fe08f85a1575a06beb3692d40cf36d9684f58.js is not in module cache!
2026-7-7 16:12:51-debug: [[Executor]] Register ResurrectionL8
2026-7-7 16:12:51-debug: [[Executor]] Module "pack:///chunks/40/407fe08f85a1575a06beb3692d40cf36d9684f58.js" loaded.
2026-7-7 16:12:51-debug: D:\工程项目\PlayableAD\Cocos\TheW\20260615_HYQ\HYQ_Project\temp\programming\packer-driver\targets\editor\chunks\0f\0fd75e1d9556ba520ee98c89195f9d0594110ad2.js resolved to D:\工程项目\PlayableAD\Cocos\TheW\20260615_HYQ\HYQ_Project\temp\programming\packer-driver\targets\editor\chunks\0f\0fd75e1d9556ba520ee98c89195f9d0594110ad2.js is not in module cache!
2026-7-7 16:12:51-debug: [[Executor]] Module "pack:///chunks/0f/0fd75e1d9556ba520ee98c89195f9d0594110ad2.js" loaded.
2026-7-7 16:12:51-debug: D:\工程项目\PlayableAD\Cocos\TheW\20260615_HYQ\HYQ_Project\temp\programming\packer-driver\targets\editor\chunks\84\84bbaa7f2e1a0639f57f755b935e1acb7d73f78e.js resolved to D:\工程项目\PlayableAD\Cocos\TheW\20260615_HYQ\HYQ_Project\temp\programming\packer-driver\targets\editor\chunks\84\84bbaa7f2e1a0639f57f755b935e1acb7d73f78e.js is not in module cache!
2026-7-7 16:12:51-debug: D:\工程项目\PlayableAD\Cocos\TheW\20260615_HYQ\HYQ_Project\temp\programming\packer-driver\targets\editor\chunks\5f\5fdfd08a9c16dc742e66ef16a5a8e13f5f831a3e.js resolved to D:\工程项目\PlayableAD\Cocos\TheW\20260615_HYQ\HYQ_Project\temp\programming\packer-driver\targets\editor\chunks\5f\5fdfd08a9c16dc742e66ef16a5a8e13f5f831a3e.js is not in module cache!
2026-7-7 16:12:51-debug: D:\工程项目\PlayableAD\Cocos\TheW\20260615_HYQ\HYQ_Project\temp\programming\packer-driver\targets\editor\chunks\4c\4c2851018e56f823e74c2b3e2117156bcb9e76d0.js resolved to D:\工程项目\PlayableAD\Cocos\TheW\20260615_HYQ\HYQ_Project\temp\programming\packer-driver\targets\editor\chunks\4c\4c2851018e56f823e74c2b3e2117156bcb9e76d0.js is not in module cache!
2026-7-7 16:12:51-debug: D:\工程项目\PlayableAD\Cocos\TheW\20260615_HYQ\HYQ_Project\temp\programming\packer-driver\targets\editor\chunks\2e\2edb51f2f57b638345a2b9d561f476b67029b574.js resolved to D:\工程项目\PlayableAD\Cocos\TheW\20260615_HYQ\HYQ_Project\temp\programming\packer-driver\targets\editor\chunks\2e\2edb51f2f57b638345a2b9d561f476b67029b574.js is not in module cache!
2026-7-7 16:12:51-debug: D:\工程项目\PlayableAD\Cocos\TheW\20260615_HYQ\HYQ_Project\temp\programming\packer-driver\targets\editor\chunks\ec\ecb76259f390974cf14cad52564b11281c42a7e6.js resolved to D:\工程项目\PlayableAD\Cocos\TheW\20260615_HYQ\HYQ_Project\temp\programming\packer-driver\targets\editor\chunks\ec\ecb76259f390974cf14cad52564b11281c42a7e6.js is not in module cache!
2026-7-7 16:12:51-debug: D:\工程项目\PlayableAD\Cocos\TheW\20260615_HYQ\HYQ_Project\temp\programming\packer-driver\targets\editor\chunks\38\38483f6f68b174c6aad120536d38c3642cb0e458.js resolved to D:\工程项目\PlayableAD\Cocos\TheW\20260615_HYQ\HYQ_Project\temp\programming\packer-driver\targets\editor\chunks\38\38483f6f68b174c6aad120536d38c3642cb0e458.js is not in module cache!
2026-7-7 16:12:51-debug: D:\工程项目\PlayableAD\Cocos\TheW\20260615_HYQ\HYQ_Project\temp\programming\packer-driver\targets\editor\chunks\e5\e5fea8c54230bb378b45e63a8ea8186bdeccbbe2.js resolved to D:\工程项目\PlayableAD\Cocos\TheW\20260615_HYQ\HYQ_Project\temp\programming\packer-driver\targets\editor\chunks\e5\e5fea8c54230bb378b45e63a8ea8186bdeccbbe2.js is not in module cache!
2026-7-7 16:12:51-debug: D:\工程项目\PlayableAD\Cocos\TheW\20260615_HYQ\HYQ_Project\temp\programming\packer-driver\targets\editor\chunks\d5\d58c1ab1b696259af8c3b1384857266dba055462.js resolved to D:\工程项目\PlayableAD\Cocos\TheW\20260615_HYQ\HYQ_Project\temp\programming\packer-driver\targets\editor\chunks\d5\d58c1ab1b696259af8c3b1384857266dba055462.js is not in module cache!
2026-7-7 16:12:51-debug: D:\工程项目\PlayableAD\Cocos\TheW\20260615_HYQ\HYQ_Project\temp\programming\packer-driver\targets\editor\chunks\b6\b6919de7425c243c4e1697f376cb4f6f6b2769a4.js resolved to D:\工程项目\PlayableAD\Cocos\TheW\20260615_HYQ\HYQ_Project\temp\programming\packer-driver\targets\editor\chunks\b6\b6919de7425c243c4e1697f376cb4f6f6b2769a4.js is not in module cache!
2026-7-7 16:12:51-debug: D:\工程项目\PlayableAD\Cocos\TheW\20260615_HYQ\HYQ_Project\temp\programming\packer-driver\targets\editor\chunks\41\4103e3b8e8be7d1b0e7a8a67f28a2c29fe9aa2dc.js resolved to D:\工程项目\PlayableAD\Cocos\TheW\20260615_HYQ\HYQ_Project\temp\programming\packer-driver\targets\editor\chunks\41\4103e3b8e8be7d1b0e7a8a67f28a2c29fe9aa2dc.js is not in module cache!
2026-7-7 16:12:51-debug: D:\工程项目\PlayableAD\Cocos\TheW\20260615_HYQ\HYQ_Project\temp\programming\packer-driver\targets\editor\chunks\f6\f6cf9b6088316a765dbcd0b22eb496d3f4be80dc.js resolved to D:\工程项目\PlayableAD\Cocos\TheW\20260615_HYQ\HYQ_Project\temp\programming\packer-driver\targets\editor\chunks\f6\f6cf9b6088316a765dbcd0b22eb496d3f4be80dc.js is not in module cache!
2026-7-7 16:12:51-debug: [[Executor]] Register Prop
2026-7-7 16:12:51-debug: [[Executor]] Module "pack:///chunks/f6/f6cf9b6088316a765dbcd0b22eb496d3f4be80dc.js" loaded.
2026-7-7 16:12:51-debug: [[Executor]] Module "pack:///chunks/4c/4c2851018e56f823e74c2b3e2117156bcb9e76d0.js" loaded.
2026-7-7 16:12:51-debug: [[Executor]] Register JumpDriveEngine
2026-7-7 16:12:51-debug: [[Executor]] Module "pack:///chunks/38/38483f6f68b174c6aad120536d38c3642cb0e458.js" loaded.
2026-7-7 16:12:51-debug: [[Executor]] Module "pack:///chunks/e5/e5fea8c54230bb378b45e63a8ea8186bdeccbbe2.js" loaded.
2026-7-7 16:12:51-debug: [[Executor]] Module "pack:///chunks/b6/b6919de7425c243c4e1697f376cb4f6f6b2769a4.js" loaded.
2026-7-7 16:12:51-debug: [[Executor]] Module "pack:///chunks/d5/d58c1ab1b696259af8c3b1384857266dba055462.js" loaded.
2026-7-7 16:12:51-debug: [[Executor]] Module "pack:///chunks/41/4103e3b8e8be7d1b0e7a8a67f28a2c29fe9aa2dc.js" loaded.
2026-7-7 16:12:51-debug: [[Executor]] Module "pack:///chunks/5f/5fdfd08a9c16dc742e66ef16a5a8e13f5f831a3e.js" loaded.
2026-7-7 16:12:51-debug: [[Executor]] Module "pack:///chunks/2e/2edb51f2f57b638345a2b9d561f476b67029b574.js" loaded.
2026-7-7 16:12:51-debug: [[Executor]] Register BagBase
2026-7-7 16:12:51-debug: [[Executor]] Module "pack:///chunks/84/84bbaa7f2e1a0639f57f755b935e1acb7d73f78e.js" loaded.
2026-7-7 16:12:51-debug: [[Executor]] Module "pack:///chunks/ec/ecb76259f390974cf14cad52564b11281c42a7e6.js" loaded.
2026-7-7 16:12:51-debug: D:\工程项目\PlayableAD\Cocos\TheW\20260615_HYQ\HYQ_Project\temp\programming\packer-driver\targets\editor\chunks\80\80f420cd19a5967732f7f177a68c3670990311d3.js resolved to D:\工程项目\PlayableAD\Cocos\TheW\20260615_HYQ\HYQ_Project\temp\programming\packer-driver\targets\editor\chunks\80\80f420cd19a5967732f7f177a68c3670990311d3.js is not in module cache!
2026-7-7 16:12:51-debug: [[Executor]] Register FlayPropManager
2026-7-7 16:12:51-debug: [[Executor]] Module "pack:///chunks/80/80f420cd19a5967732f7f177a68c3670990311d3.js" loaded.
2026-7-7 16:12:51-debug: D:\工程项目\PlayableAD\Cocos\TheW\20260615_HYQ\HYQ_Project\temp\programming\packer-driver\targets\editor\chunks\b5\b5c69e24499acddd297e4328687b0ea934b109d5.js resolved to D:\工程项目\PlayableAD\Cocos\TheW\20260615_HYQ\HYQ_Project\temp\programming\packer-driver\targets\editor\chunks\b5\b5c69e24499acddd297e4328687b0ea934b109d5.js is not in module cache!
2026-7-7 16:12:51-debug: [[Executor]] Register GroupBag3D
2026-7-7 16:12:51-debug: [[Executor]] Module "pack:///chunks/b5/b5c69e24499acddd297e4328687b0ea934b109d5.js" loaded.
2026-7-7 16:12:51-debug: D:\工程项目\PlayableAD\Cocos\TheW\20260615_HYQ\HYQ_Project\temp\programming\packer-driver\targets\editor\chunks\7e\7e52be47c960966fc7d962b7957dbbce1047514e.js resolved to D:\工程项目\PlayableAD\Cocos\TheW\20260615_HYQ\HYQ_Project\temp\programming\packer-driver\targets\editor\chunks\7e\7e52be47c960966fc7d962b7957dbbce1047514e.js is not in module cache!
2026-7-7 16:12:51-debug: [[Executor]] Register GroupPropTransform
2026-7-7 16:12:51-debug: [[Executor]] Module "pack:///chunks/7e/7e52be47c960966fc7d962b7957dbbce1047514e.js" loaded.
2026-7-7 16:12:51-debug: D:\工程项目\PlayableAD\Cocos\TheW\20260615_HYQ\HYQ_Project\temp\programming\packer-driver\targets\editor\chunks\f4\f4bb2b73aacdc0370fc65face1ef60d9e8732bfd.js resolved to D:\工程项目\PlayableAD\Cocos\TheW\20260615_HYQ\HYQ_Project\temp\programming\packer-driver\targets\editor\chunks\f4\f4bb2b73aacdc0370fc65face1ef60d9e8732bfd.js is not in module cache!
2026-7-7 16:12:51-debug: [[Executor]] Module "pack:///chunks/f4/f4bb2b73aacdc0370fc65face1ef60d9e8732bfd.js" loaded.
2026-7-7 16:12:51-debug: D:\工程项目\PlayableAD\Cocos\TheW\20260615_HYQ\HYQ_Project\temp\programming\packer-driver\targets\editor\chunks\0e\0ea1c77c59b038eb4661ef171f440cbc7cc134ca.js resolved to D:\工程项目\PlayableAD\Cocos\TheW\20260615_HYQ\HYQ_Project\temp\programming\packer-driver\targets\editor\chunks\0e\0ea1c77c59b038eb4661ef171f440cbc7cc134ca.js is not in module cache!
2026-7-7 16:12:51-debug: [[Executor]] Module "pack:///chunks/0e/0ea1c77c59b038eb4661ef171f440cbc7cc134ca.js" loaded.
2026-7-7 16:12:51-debug: [[Executor]] Register LabBagUp
2026-7-7 16:12:51-debug: D:\工程项目\PlayableAD\Cocos\TheW\20260615_HYQ\HYQ_Project\temp\programming\packer-driver\targets\editor\chunks\29\296009d632e65e6f653d790324d741c2d9759f34.js resolved to D:\工程项目\PlayableAD\Cocos\TheW\20260615_HYQ\HYQ_Project\temp\programming\packer-driver\targets\editor\chunks\29\296009d632e65e6f653d790324d741c2d9759f34.js is not in module cache!
2026-7-7 16:12:51-debug: D:\工程项目\PlayableAD\Cocos\TheW\20260615_HYQ\HYQ_Project\temp\programming\packer-driver\targets\editor\chunks\3f\3ff8f1a74d7fbbd22ced04971b6ab15e04fd86a6.js resolved to D:\工程项目\PlayableAD\Cocos\TheW\20260615_HYQ\HYQ_Project\temp\programming\packer-driver\targets\editor\chunks\3f\3ff8f1a74d7fbbd22ced04971b6ab15e04fd86a6.js is not in module cache!
2026-7-7 16:12:51-debug: D:\工程项目\PlayableAD\Cocos\TheW\20260615_HYQ\HYQ_Project\temp\programming\packer-driver\targets\editor\chunks\b1\b12e427b1fcb487f729ef654542d8e9775a297cb.js resolved to D:\工程项目\PlayableAD\Cocos\TheW\20260615_HYQ\HYQ_Project\temp\programming\packer-driver\targets\editor\chunks\b1\b12e427b1fcb487f729ef654542d8e9775a297cb.js is not in module cache!
2026-7-7 16:12:51-debug: [[Executor]] Register CollectGetTarget
2026-7-7 16:12:51-debug: D:\工程项目\PlayableAD\Cocos\TheW\20260615_HYQ\HYQ_Project\temp\programming\packer-driver\targets\editor\chunks\80\803faff6203a98317cc86f08677de73b7112b743.js resolved to D:\工程项目\PlayableAD\Cocos\TheW\20260615_HYQ\HYQ_Project\temp\programming\packer-driver\targets\editor\chunks\80\803faff6203a98317cc86f08677de73b7112b743.js is not in module cache!
2026-7-7 16:12:51-debug: [[Executor]] Module "pack:///chunks/b1/b12e427b1fcb487f729ef654542d8e9775a297cb.js" loaded.
2026-7-7 16:12:51-debug: [[Executor]] Register AttackTargetBase
2026-7-7 16:12:51-debug: [[Executor]] Module "pack:///chunks/3f/3ff8f1a74d7fbbd22ced04971b6ab15e04fd86a6.js" loaded.
2026-7-7 16:12:51-debug: [[Executor]] Module "pack:///chunks/80/803faff6203a98317cc86f08677de73b7112b743.js" loaded.
2026-7-7 16:12:51-debug: [[Executor]] Register AreaAttack
2026-7-7 16:12:51-debug: [[Executor]] Module "pack:///chunks/29/296009d632e65e6f653d790324d741c2d9759f34.js" loaded.
2026-7-7 16:12:51-debug: D:\工程项目\PlayableAD\Cocos\TheW\20260615_HYQ\HYQ_Project\temp\programming\packer-driver\targets\editor\chunks\d5\d5f6e07e1b02d743fed3d9c2c8e155b0c3309d52.js resolved to D:\工程项目\PlayableAD\Cocos\TheW\20260615_HYQ\HYQ_Project\temp\programming\packer-driver\targets\editor\chunks\d5\d5f6e07e1b02d743fed3d9c2c8e155b0c3309d52.js is not in module cache!
2026-7-7 16:12:51-debug: [[Executor]] Register MeleeAttack
2026-7-7 16:12:51-debug: [[Executor]] Module "pack:///chunks/d5/d5f6e07e1b02d743fed3d9c2c8e155b0c3309d52.js" loaded.
2026-7-7 16:12:51-debug: D:\工程项目\PlayableAD\Cocos\TheW\20260615_HYQ\HYQ_Project\temp\programming\packer-driver\targets\editor\chunks\02\021cbce763294c7c4adf05845718c817a68ff9f3.js resolved to D:\工程项目\PlayableAD\Cocos\TheW\20260615_HYQ\HYQ_Project\temp\programming\packer-driver\targets\editor\chunks\02\021cbce763294c7c4adf05845718c817a68ff9f3.js is not in module cache!
2026-7-7 16:12:51-debug: D:\工程项目\PlayableAD\Cocos\TheW\20260615_HYQ\HYQ_Project\temp\programming\packer-driver\targets\editor\chunks\23\2370bd6a63dbba247d7fcab21c5244288f150386.js resolved to D:\工程项目\PlayableAD\Cocos\TheW\20260615_HYQ\HYQ_Project\temp\programming\packer-driver\targets\editor\chunks\23\2370bd6a63dbba247d7fcab21c5244288f150386.js is not in module cache!
2026-7-7 16:12:51-debug: D:\工程项目\PlayableAD\Cocos\TheW\20260615_HYQ\HYQ_Project\temp\programming\packer-driver\targets\editor\chunks\9e\9ec8816866d723aea0e61547ea23bf04cc3c7c78.js resolved to D:\工程项目\PlayableAD\Cocos\TheW\20260615_HYQ\HYQ_Project\temp\programming\packer-driver\targets\editor\chunks\9e\9ec8816866d723aea0e61547ea23bf04cc3c7c78.js is not in module cache!
2026-7-7 16:12:51-debug: [[Executor]] Module "pack:///chunks/23/2370bd6a63dbba247d7fcab21c5244288f150386.js" loaded.
2026-7-7 16:12:51-debug: [[Executor]] Register HpComponent
2026-7-7 16:12:51-debug: [[Executor]] Register MeshFlashPropData
2026-7-7 16:12:51-debug: [[Executor]] Module "pack:///chunks/9e/9ec8816866d723aea0e61547ea23bf04cc3c7c78.js" loaded.
2026-7-7 16:12:51-debug: [[Executor]] Register MeshFlashSwitchData
2026-7-7 16:12:51-debug: [[Executor]] Register MeshFlashData
2026-7-7 16:12:51-debug: [[Executor]] Module "pack:///chunks/02/021cbce763294c7c4adf05845718c817a68ff9f3.js" loaded.
2026-7-7 16:12:51-debug: [[Executor]] Register BattleTargetBase
2026-7-7 16:12:51-debug: D:\工程项目\PlayableAD\Cocos\TheW\20260615_HYQ\HYQ_Project\temp\programming\packer-driver\targets\editor\chunks\9b\9be30ad1a917cc0914201f1db5bdf1c5cb4d6e49.js resolved to D:\工程项目\PlayableAD\Cocos\TheW\20260615_HYQ\HYQ_Project\temp\programming\packer-driver\targets\editor\chunks\9b\9be30ad1a917cc0914201f1db5bdf1c5cb4d6e49.js is not in module cache!
2026-7-7 16:12:51-debug: D:\工程项目\PlayableAD\Cocos\TheW\20260615_HYQ\HYQ_Project\temp\programming\packer-driver\targets\editor\chunks\43\4314f54defc530df4c3d4a14e3561038b8628ff3.js resolved to D:\工程项目\PlayableAD\Cocos\TheW\20260615_HYQ\HYQ_Project\temp\programming\packer-driver\targets\editor\chunks\43\4314f54defc530df4c3d4a14e3561038b8628ff3.js is not in module cache!
2026-7-7 16:12:51-debug: D:\工程项目\PlayableAD\Cocos\TheW\20260615_HYQ\HYQ_Project\temp\programming\packer-driver\targets\editor\chunks\a7\a78b9d0a8af4315011c59f40b6c49da033e49269.js resolved to D:\工程项目\PlayableAD\Cocos\TheW\20260615_HYQ\HYQ_Project\temp\programming\packer-driver\targets\editor\chunks\a7\a78b9d0a8af4315011c59f40b6c49da033e49269.js is not in module cache!
2026-7-7 16:12:51-debug: D:\工程项目\PlayableAD\Cocos\TheW\20260615_HYQ\HYQ_Project\temp\programming\packer-driver\targets\editor\chunks\6c\6c35293030e947e52f03ea585990d17f31ea7df0.js resolved to D:\工程项目\PlayableAD\Cocos\TheW\20260615_HYQ\HYQ_Project\temp\programming\packer-driver\targets\editor\chunks\6c\6c35293030e947e52f03ea585990d17f31ea7df0.js is not in module cache!
2026-7-7 16:12:51-debug: D:\工程项目\PlayableAD\Cocos\TheW\20260615_HYQ\HYQ_Project\temp\programming\packer-driver\targets\editor\chunks\4a\4a75ba705e89112b3bcc356e77985c7a095b80f4.js resolved to D:\工程项目\PlayableAD\Cocos\TheW\20260615_HYQ\HYQ_Project\temp\programming\packer-driver\targets\editor\chunks\4a\4a75ba705e89112b3bcc356e77985c7a095b80f4.js is not in module cache!
2026-7-7 16:12:51-debug: D:\工程项目\PlayableAD\Cocos\TheW\20260615_HYQ\HYQ_Project\temp\programming\packer-driver\targets\editor\chunks\b0\b0316da27abe29af9f8a517d28257bc913762f57.js resolved to D:\工程项目\PlayableAD\Cocos\TheW\20260615_HYQ\HYQ_Project\temp\programming\packer-driver\targets\editor\chunks\b0\b0316da27abe29af9f8a517d28257bc913762f57.js is not in module cache!
2026-7-7 16:12:51-debug: D:\工程项目\PlayableAD\Cocos\TheW\20260615_HYQ\HYQ_Project\temp\programming\packer-driver\targets\editor\chunks\bb\bb66609565f0d30fbedfe7ab7019decca8a2726b.js resolved to D:\工程项目\PlayableAD\Cocos\TheW\20260615_HYQ\HYQ_Project\temp\programming\packer-driver\targets\editor\chunks\bb\bb66609565f0d30fbedfe7ab7019decca8a2726b.js is not in module cache!
2026-7-7 16:12:51-debug: D:\工程项目\PlayableAD\Cocos\TheW\20260615_HYQ\HYQ_Project\temp\programming\packer-driver\targets\editor\chunks\9a\9a8786a747b555136cef77c9f5e7ad17e18a31eb.js resolved to D:\工程项目\PlayableAD\Cocos\TheW\20260615_HYQ\HYQ_Project\temp\programming\packer-driver\targets\editor\chunks\9a\9a8786a747b555136cef77c9f5e7ad17e18a31eb.js is not in module cache!
2026-7-7 16:12:51-debug: D:\工程项目\PlayableAD\Cocos\TheW\20260615_HYQ\HYQ_Project\temp\programming\packer-driver\targets\editor\chunks\e1\e13771ea8032dbc1728530af431c57de3b1e5e24.js resolved to D:\工程项目\PlayableAD\Cocos\TheW\20260615_HYQ\HYQ_Project\temp\programming\packer-driver\targets\editor\chunks\e1\e13771ea8032dbc1728530af431c57de3b1e5e24.js is not in module cache!
2026-7-7 16:12:51-debug: D:\工程项目\PlayableAD\Cocos\TheW\20260615_HYQ\HYQ_Project\temp\programming\packer-driver\targets\editor\chunks\ce\ced31965a759b2c1d777a8f0d98f8cd326020d87.js resolved to D:\工程项目\PlayableAD\Cocos\TheW\20260615_HYQ\HYQ_Project\temp\programming\packer-driver\targets\editor\chunks\ce\ced31965a759b2c1d777a8f0d98f8cd326020d87.js is not in module cache!
2026-7-7 16:12:51-debug: D:\工程项目\PlayableAD\Cocos\TheW\20260615_HYQ\HYQ_Project\temp\programming\packer-driver\targets\editor\chunks\dc\dcc18999575bc7125a793680f1b595554e7f2cde.js resolved to D:\工程项目\PlayableAD\Cocos\TheW\20260615_HYQ\HYQ_Project\temp\programming\packer-driver\targets\editor\chunks\dc\dcc18999575bc7125a793680f1b595554e7f2cde.js is not in module cache!
2026-7-7 16:12:51-debug: [[Executor]] Register EffectRemoveBase
2026-7-7 16:12:51-debug: [[Executor]] Module "pack:///chunks/dc/dcc18999575bc7125a793680f1b595554e7f2cde.js" loaded.
2026-7-7 16:12:51-debug: [[Executor]] Module "pack:///chunks/ce/ced31965a759b2c1d777a8f0d98f8cd326020d87.js" loaded.
2026-7-7 16:12:51-debug: [[Executor]] Register EffectManager
2026-7-7 16:12:51-debug: [[Executor]] Register EffectTimePartRemove
2026-7-7 16:12:51-debug: [[Executor]] Module "pack:///chunks/b0/b0316da27abe29af9f8a517d28257bc913762f57.js" loaded.
2026-7-7 16:12:51-debug: [[Executor]] Module "pack:///chunks/4a/4a75ba705e89112b3bcc356e77985c7a095b80f4.js" loaded.
2026-7-7 16:12:51-debug: [[Executor]] Register BulletMonsterCollisionManager
2026-7-7 16:12:51-debug: [[Executor]] Module "pack:///chunks/e1/e13771ea8032dbc1728530af431c57de3b1e5e24.js" loaded.
2026-7-7 16:12:51-debug: [[Executor]] Register ColliderTag
2026-7-7 16:12:51-debug: [[Executor]] Module "pack:///chunks/a7/a78b9d0a8af4315011c59f40b6c49da033e49269.js" loaded.
2026-7-7 16:12:51-debug: [[Executor]] Register BattleTarget3D
2026-7-7 16:12:51-debug: [[Executor]] Module "pack:///chunks/9a/9a8786a747b555136cef77c9f5e7ad17e18a31eb.js" loaded.
2026-7-7 16:12:51-debug: [[Executor]] Register BulletCollideBase2D
2026-7-7 16:12:51-debug: [[Executor]] Register BulletBattle3D
2026-7-7 16:12:51-debug: [[Executor]] Module "pack:///chunks/bb/bb66609565f0d30fbedfe7ab7019decca8a2726b.js" loaded.
2026-7-7 16:12:51-debug: [[Executor]] Module "pack:///chunks/43/4314f54defc530df4c3d4a14e3561038b8628ff3.js" loaded.
2026-7-7 16:12:51-debug: [[Executor]] Module "pack:///chunks/6c/6c35293030e947e52f03ea585990d17f31ea7df0.js" loaded.
2026-7-7 16:12:51-debug: [[Executor]] Register BulletBattle2D
2026-7-7 16:12:51-debug: [[Executor]] Module "pack:///chunks/9b/9be30ad1a917cc0914201f1db5bdf1c5cb4d6e49.js" loaded.
2026-7-7 16:12:51-debug: [[Executor]] Register RangedAttack
2026-7-7 16:12:51-debug: D:\工程项目\PlayableAD\Cocos\TheW\20260615_HYQ\HYQ_Project\temp\programming\packer-driver\targets\editor\chunks\05\0510980ff6e9ad26ec622e2230780bc7f1d96f08.js resolved to D:\工程项目\PlayableAD\Cocos\TheW\20260615_HYQ\HYQ_Project\temp\programming\packer-driver\targets\editor\chunks\05\0510980ff6e9ad26ec622e2230780bc7f1d96f08.js is not in module cache!
2026-7-7 16:12:51-debug: D:\工程项目\PlayableAD\Cocos\TheW\20260615_HYQ\HYQ_Project\temp\programming\packer-driver\targets\editor\chunks\8a\8a4b23fc8904a55daa926fa9bf2d450c2c59d378.js resolved to D:\工程项目\PlayableAD\Cocos\TheW\20260615_HYQ\HYQ_Project\temp\programming\packer-driver\targets\editor\chunks\8a\8a4b23fc8904a55daa926fa9bf2d450c2c59d378.js is not in module cache!
2026-7-7 16:12:51-debug: D:\工程项目\PlayableAD\Cocos\TheW\20260615_HYQ\HYQ_Project\temp\programming\packer-driver\targets\editor\chunks\5b\5b626ae965dfc8bbf67ffe6dd329ea95c382afe6.js resolved to D:\工程项目\PlayableAD\Cocos\TheW\20260615_HYQ\HYQ_Project\temp\programming\packer-driver\targets\editor\chunks\5b\5b626ae965dfc8bbf67ffe6dd329ea95c382afe6.js is not in module cache!
2026-7-7 16:12:51-debug: [[Executor]] Register BattleTarget2D
2026-7-7 16:12:51-debug: [[Executor]] Register TriggerBase2D
2026-7-7 16:12:51-debug: [[Executor]] Module "pack:///chunks/8a/8a4b23fc8904a55daa926fa9bf2d450c2c59d378.js" loaded.
2026-7-7 16:12:51-debug: [[Executor]] Module "pack:///chunks/05/0510980ff6e9ad26ec622e2230780bc7f1d96f08.js" loaded.
2026-7-7 16:12:51-debug: [[Executor]] Module "pack:///chunks/5b/5b626ae965dfc8bbf67ffe6dd329ea95c382afe6.js" loaded.
2026-7-7 16:12:51-debug: [[Executor]] Register CollectBattleTarger2D
2026-7-7 16:12:51-debug: D:\工程项目\PlayableAD\Cocos\TheW\20260615_HYQ\HYQ_Project\temp\programming\packer-driver\targets\editor\chunks\6e\6e4d3e245933373fd13279940a5d6dee30418f49.js resolved to D:\工程项目\PlayableAD\Cocos\TheW\20260615_HYQ\HYQ_Project\temp\programming\packer-driver\targets\editor\chunks\6e\6e4d3e245933373fd13279940a5d6dee30418f49.js is not in module cache!
2026-7-7 16:12:51-debug: D:\工程项目\PlayableAD\Cocos\TheW\20260615_HYQ\HYQ_Project\temp\programming\packer-driver\targets\editor\chunks\05\05825d2a71d7765a90fbbdda8907aab57810f0a0.js resolved to D:\工程项目\PlayableAD\Cocos\TheW\20260615_HYQ\HYQ_Project\temp\programming\packer-driver\targets\editor\chunks\05\05825d2a71d7765a90fbbdda8907aab57810f0a0.js is not in module cache!
2026-7-7 16:12:51-debug: D:\工程项目\PlayableAD\Cocos\TheW\20260615_HYQ\HYQ_Project\temp\programming\packer-driver\targets\editor\chunks\f0\f05038aedf4d7805ad91dbf59f1c87fe35c23bb5.js resolved to D:\工程项目\PlayableAD\Cocos\TheW\20260615_HYQ\HYQ_Project\temp\programming\packer-driver\targets\editor\chunks\f0\f05038aedf4d7805ad91dbf59f1c87fe35c23bb5.js is not in module cache!
2026-7-7 16:12:51-debug: [[Executor]] Register BulletBatchRenderer
2026-7-7 16:12:51-debug: [[Executor]] Module "pack:///chunks/f0/f05038aedf4d7805ad91dbf59f1c87fe35c23bb5.js" loaded.
2026-7-7 16:12:51-debug: [[Executor]] Register AttackParkPlay
2026-7-7 16:12:51-debug: [[Executor]] Register RangeTowerAttack
2026-7-7 16:12:51-debug: [[Executor]] Module "pack:///chunks/05/05825d2a71d7765a90fbbdda8907aab57810f0a0.js" loaded.
2026-7-7 16:12:51-debug: [[Executor]] Module "pack:///chunks/6e/6e4d3e245933373fd13279940a5d6dee30418f49.js" loaded.
2026-7-7 16:12:51-debug: D:\工程项目\PlayableAD\Cocos\TheW\20260615_HYQ\HYQ_Project\temp\programming\packer-driver\targets\editor\chunks\fa\fad9c36dab7fd23cbd0b1b9ebcbd02e6023aaadd.js resolved to D:\工程项目\PlayableAD\Cocos\TheW\20260615_HYQ\HYQ_Project\temp\programming\packer-driver\targets\editor\chunks\fa\fad9c36dab7fd23cbd0b1b9ebcbd02e6023aaadd.js is not in module cache!
2026-7-7 16:12:51-debug: [[Executor]] Register RangedAttack_Circle
2026-7-7 16:12:51-debug: [[Executor]] Module "pack:///chunks/fa/fad9c36dab7fd23cbd0b1b9ebcbd02e6023aaadd.js" loaded.
2026-7-7 16:12:51-debug: D:\工程项目\PlayableAD\Cocos\TheW\20260615_HYQ\HYQ_Project\temp\programming\packer-driver\targets\editor\chunks\01\011c6605e93c83936bcaadc521a3f2df21bdd87a.js resolved to D:\工程项目\PlayableAD\Cocos\TheW\20260615_HYQ\HYQ_Project\temp\programming\packer-driver\targets\editor\chunks\01\011c6605e93c83936bcaadc521a3f2df21bdd87a.js is not in module cache!
2026-7-7 16:12:51-debug: [[Executor]] Module "pack:///chunks/01/011c6605e93c83936bcaadc521a3f2df21bdd87a.js" loaded.
2026-7-7 16:12:51-debug: [[Executor]] Register RangedAttack_Shrapnel
2026-7-7 16:12:51-debug: D:\工程项目\PlayableAD\Cocos\TheW\20260615_HYQ\HYQ_Project\temp\programming\packer-driver\targets\editor\chunks\7a\7a056ac353cd4f184635b76aa08c0d427085fda7.js resolved to D:\工程项目\PlayableAD\Cocos\TheW\20260615_HYQ\HYQ_Project\temp\programming\packer-driver\targets\editor\chunks\7a\7a056ac353cd4f184635b76aa08c0d427085fda7.js is not in module cache!
2026-7-7 16:12:51-debug: [[Executor]] Register BulletCollideBase3D
2026-7-7 16:12:51-debug: [[Executor]] Module "pack:///chunks/7a/7a056ac353cd4f184635b76aa08c0d427085fda7.js" loaded.
2026-7-7 16:12:51-debug: D:\工程项目\PlayableAD\Cocos\TheW\20260615_HYQ\HYQ_Project\temp\programming\packer-driver\targets\editor\chunks\11\1193ac27b94da532d27808ef712ed0fcd809d84d.js resolved to D:\工程项目\PlayableAD\Cocos\TheW\20260615_HYQ\HYQ_Project\temp\programming\packer-driver\targets\editor\chunks\11\1193ac27b94da532d27808ef712ed0fcd809d84d.js is not in module cache!
2026-7-7 16:12:51-debug: D:\工程项目\PlayableAD\Cocos\TheW\20260615_HYQ\HYQ_Project\temp\programming\packer-driver\targets\editor\chunks\03\031aac2e2ea93f03b5422269c22800e822715034.js resolved to D:\工程项目\PlayableAD\Cocos\TheW\20260615_HYQ\HYQ_Project\temp\programming\packer-driver\targets\editor\chunks\03\031aac2e2ea93f03b5422269c22800e822715034.js is not in module cache!
2026-7-7 16:12:51-debug: [[Executor]] Register TriggerBase3D
2026-7-7 16:12:51-debug: [[Executor]] Module "pack:///chunks/03/031aac2e2ea93f03b5422269c22800e822715034.js" loaded.
2026-7-7 16:12:51-debug: [[Executor]] Register CollectBattleTarger3D
2026-7-7 16:12:51-debug: [[Executor]] Module "pack:///chunks/11/1193ac27b94da532d27808ef712ed0fcd809d84d.js" loaded.
2026-7-7 16:12:51-debug: D:\工程项目\PlayableAD\Cocos\TheW\20260615_HYQ\HYQ_Project\temp\programming\packer-driver\targets\editor\chunks\29\2933ae65951958109aeb70104e6287b8240a8e01.js resolved to D:\工程项目\PlayableAD\Cocos\TheW\20260615_HYQ\HYQ_Project\temp\programming\packer-driver\targets\editor\chunks\29\2933ae65951958109aeb70104e6287b8240a8e01.js is not in module cache!
2026-7-7 16:12:51-debug: [[Executor]] Register EffectTimeRemove
2026-7-7 16:12:51-debug: [[Executor]] Module "pack:///chunks/29/2933ae65951958109aeb70104e6287b8240a8e01.js" loaded.
2026-7-7 16:12:51-debug: D:\工程项目\PlayableAD\Cocos\TheW\20260615_HYQ\HYQ_Project\temp\programming\packer-driver\targets\editor\chunks\cd\cd87286564d42a577ada1093f142b4db43415d61.js resolved to D:\工程项目\PlayableAD\Cocos\TheW\20260615_HYQ\HYQ_Project\temp\programming\packer-driver\targets\editor\chunks\cd\cd87286564d42a577ada1093f142b4db43415d61.js is not in module cache!
2026-7-7 16:12:51-debug: [[Executor]] Register GuideLine
2026-7-7 16:12:51-debug: [[Executor]] Module "pack:///chunks/cd/cd87286564d42a577ada1093f142b4db43415d61.js" loaded.
2026-7-7 16:12:51-debug: D:\工程项目\PlayableAD\Cocos\TheW\20260615_HYQ\HYQ_Project\temp\programming\packer-driver\targets\editor\chunks\dd\ddf9ec67bc21176ab14fd7bef2d6099af7cab4e3.js resolved to D:\工程项目\PlayableAD\Cocos\TheW\20260615_HYQ\HYQ_Project\temp\programming\packer-driver\targets\editor\chunks\dd\ddf9ec67bc21176ab14fd7bef2d6099af7cab4e3.js is not in module cache!
2026-7-7 16:12:51-debug: D:\工程项目\PlayableAD\Cocos\TheW\20260615_HYQ\HYQ_Project\temp\programming\packer-driver\targets\editor\chunks\12\120cba8f856407335ad8a04347cd4d36bf752a1e.js resolved to D:\工程项目\PlayableAD\Cocos\TheW\20260615_HYQ\HYQ_Project\temp\programming\packer-driver\targets\editor\chunks\12\120cba8f856407335ad8a04347cd4d36bf752a1e.js is not in module cache!
2026-7-7 16:12:51-debug: D:\工程项目\PlayableAD\Cocos\TheW\20260615_HYQ\HYQ_Project\temp\programming\packer-driver\targets\editor\chunks\78\7875e58dc11de4424867c114cd71cf4d379fd7ce.js resolved to D:\工程项目\PlayableAD\Cocos\TheW\20260615_HYQ\HYQ_Project\temp\programming\packer-driver\targets\editor\chunks\78\7875e58dc11de4424867c114cd71cf4d379fd7ce.js is not in module cache!
2026-7-7 16:12:51-debug: D:\工程项目\PlayableAD\Cocos\TheW\20260615_HYQ\HYQ_Project\temp\programming\packer-driver\targets\editor\chunks\6b\6b5ef849a8a91f0cd956b88818795e47d9431e29.js resolved to D:\工程项目\PlayableAD\Cocos\TheW\20260615_HYQ\HYQ_Project\temp\programming\packer-driver\targets\editor\chunks\6b\6b5ef849a8a91f0cd956b88818795e47d9431e29.js is not in module cache!
2026-7-7 16:12:51-debug: D:\工程项目\PlayableAD\Cocos\TheW\20260615_HYQ\HYQ_Project\temp\programming\packer-driver\targets\editor\chunks\7c\7cb3e78818d3ca7420c127c4f13ad5587e5cc5d3.js resolved to D:\工程项目\PlayableAD\Cocos\TheW\20260615_HYQ\HYQ_Project\temp\programming\packer-driver\targets\editor\chunks\7c\7cb3e78818d3ca7420c127c4f13ad5587e5cc5d3.js is not in module cache!
2026-7-7 16:12:51-debug: D:\工程项目\PlayableAD\Cocos\TheW\20260615_HYQ\HYQ_Project\temp\programming\packer-driver\targets\editor\chunks\6b\6bf6369babd500e0802aeb38d4c346ae3462ef8b.js resolved to D:\工程项目\PlayableAD\Cocos\TheW\20260615_HYQ\HYQ_Project\temp\programming\packer-driver\targets\editor\chunks\6b\6bf6369babd500e0802aeb38d4c346ae3462ef8b.js is not in module cache!
2026-7-7 16:12:51-debug: D:\工程项目\PlayableAD\Cocos\TheW\20260615_HYQ\HYQ_Project\temp\programming\packer-driver\targets\editor\chunks\aa\aa6223cf35796d09344450a14919ad24c61174bb.js resolved to D:\工程项目\PlayableAD\Cocos\TheW\20260615_HYQ\HYQ_Project\temp\programming\packer-driver\targets\editor\chunks\aa\aa6223cf35796d09344450a14919ad24c61174bb.js is not in module cache!
2026-7-7 16:12:51-debug: D:\工程项目\PlayableAD\Cocos\TheW\20260615_HYQ\HYQ_Project\temp\programming\packer-driver\targets\editor\chunks\2c\2c40d59e1ac0050bfd5e4aece9657278c88a4b47.js resolved to D:\工程项目\PlayableAD\Cocos\TheW\20260615_HYQ\HYQ_Project\temp\programming\packer-driver\targets\editor\chunks\2c\2c40d59e1ac0050bfd5e4aece9657278c88a4b47.js is not in module cache!
2026-7-7 16:12:51-debug: D:\工程项目\PlayableAD\Cocos\TheW\20260615_HYQ\HYQ_Project\temp\programming\packer-driver\targets\editor\chunks\e2\e2cd37831230a7474a5c89ec9f0764c2d6ce1581.js resolved to D:\工程项目\PlayableAD\Cocos\TheW\20260615_HYQ\HYQ_Project\temp\programming\packer-driver\targets\editor\chunks\e2\e2cd37831230a7474a5c89ec9f0764c2d6ce1581.js is not in module cache!
2026-7-7 16:12:51-debug: D:\工程项目\PlayableAD\Cocos\TheW\20260615_HYQ\HYQ_Project\temp\programming\packer-driver\targets\editor\chunks\c1\c14c87720f6e6e7b27f438925fae2cc2d4587268.js resolved to D:\工程项目\PlayableAD\Cocos\TheW\20260615_HYQ\HYQ_Project\temp\programming\packer-driver\targets\editor\chunks\c1\c14c87720f6e6e7b27f438925fae2cc2d4587268.js is not in module cache!
2026-7-7 16:12:51-debug: D:\工程项目\PlayableAD\Cocos\TheW\20260615_HYQ\HYQ_Project\temp\programming\packer-driver\targets\editor\chunks\fb\fb231b7b47c244832aa3ed0055e0ff4d6bda9530.js resolved to D:\工程项目\PlayableAD\Cocos\TheW\20260615_HYQ\HYQ_Project\temp\programming\packer-driver\targets\editor\chunks\fb\fb231b7b47c244832aa3ed0055e0ff4d6bda9530.js is not in module cache!
2026-7-7 16:12:51-debug: D:\工程项目\PlayableAD\Cocos\TheW\20260615_HYQ\HYQ_Project\temp\programming\packer-driver\targets\editor\chunks\ac\ac0e66d1df96447f3ea6b579b5067cb87a880d84.js resolved to D:\工程项目\PlayableAD\Cocos\TheW\20260615_HYQ\HYQ_Project\temp\programming\packer-driver\targets\editor\chunks\ac\ac0e66d1df96447f3ea6b579b5067cb87a880d84.js is not in module cache!
2026-7-7 16:12:51-debug: D:\工程项目\PlayableAD\Cocos\TheW\20260615_HYQ\HYQ_Project\temp\programming\packer-driver\targets\editor\chunks\1e\1e9839fb85f612fea3030115a5d65b742de2db50.js resolved to D:\工程项目\PlayableAD\Cocos\TheW\20260615_HYQ\HYQ_Project\temp\programming\packer-driver\targets\editor\chunks\1e\1e9839fb85f612fea3030115a5d65b742de2db50.js is not in module cache!
2026-7-7 16:12:51-debug: [[Executor]] Register FbxManager
2026-7-7 16:12:51-debug: [[Executor]] Module "pack:///chunks/78/7875e58dc11de4424867c114cd71cf4d379fd7ce.js" loaded.
2026-7-7 16:12:51-debug: [[Executor]] Register Role
2026-7-7 16:12:51-debug: [[Executor]] Module "pack:///chunks/1e/1e9839fb85f612fea3030115a5d65b742de2db50.js" loaded.
2026-7-7 16:12:51-debug: [[Executor]] Module "pack:///chunks/6b/6b5ef849a8a91f0cd956b88818795e47d9431e29.js" loaded.
2026-7-7 16:12:51-debug: [[Executor]] Module "pack:///chunks/fb/fb231b7b47c244832aa3ed0055e0ff4d6bda9530.js" loaded.
2026-7-7 16:12:51-debug: [[Executor]] Register GameOverPanel
2026-7-7 16:12:51-debug: [[Executor]] Register WeaponBulletConfig
2026-7-7 16:12:51-debug: [[Executor]] Module "pack:///chunks/12/120cba8f856407335ad8a04347cd4d36bf752a1e.js" loaded.
2026-7-7 16:12:51-debug: [[Executor]] Register MonsterBattleTaerget
2026-7-7 16:12:51-debug: [[Executor]] Module "pack:///chunks/2c/2c40d59e1ac0050bfd5e4aece9657278c88a4b47.js" loaded.
2026-7-7 16:12:51-debug: [[Executor]] Register ArmsInfo
2026-7-7 16:12:51-debug: [[Executor]] Register PropArms
2026-7-7 16:12:51-debug: [[Executor]] Module "pack:///chunks/6b/6bf6369babd500e0802aeb38d4c346ae3462ef8b.js" loaded.
2026-7-7 16:12:51-debug: [[Executor]] Module "pack:///chunks/aa/aa6223cf35796d09344450a14919ad24c61174bb.js" loaded.
2026-7-7 16:12:51-debug: [[Executor]] Register PropBrand
2026-7-7 16:12:51-debug: [[Executor]] Module "pack:///chunks/ac/ac0e66d1df96447f3ea6b579b5067cb87a880d84.js" loaded.
2026-7-7 16:12:51-debug: [[Executor]] Register PropLalianGate
2026-7-7 16:12:51-debug: [[Executor]] Module "pack:///chunks/c1/c14c87720f6e6e7b27f438925fae2cc2d4587268.js" loaded.
2026-7-7 16:12:51-debug: [[Executor]] Register CreatePropBrand
2026-7-7 16:12:51-debug: [[Executor]] Register Player
2026-7-7 16:12:51-debug: [[Executor]] Register MonsterCreateInfo
2026-7-7 16:12:51-debug: [[Executor]] Register MonsterCreateQueue
2026-7-7 16:12:51-debug: [[Executor]] Register MonsterCreate
2026-7-7 16:12:51-debug: [[Executor]] Module "pack:///chunks/7c/7cb3e78818d3ca7420c127c4f13ad5587e5cc5d3.js" loaded.
2026-7-7 16:12:51-debug: [[Executor]] Register GuideManager
2026-7-7 16:12:51-debug: [[Executor]] Module "pack:///chunks/e2/e2cd37831230a7474a5c89ec9f0764c2d6ce1581.js" loaded.
2026-7-7 16:12:51-debug: [[Executor]] Module "pack:///chunks/dd/ddf9ec67bc21176ab14fd7bef2d6099af7cab4e3.js" loaded.
2026-7-7 16:12:51-debug: [[Executor]] Register LalianHitStageConfig
2026-7-7 16:12:51-debug: D:\工程项目\PlayableAD\Cocos\TheW\20260615_HYQ\HYQ_Project\temp\programming\packer-driver\targets\editor\chunks\7d\7d88e9fa4d49091167d5648112015c50cab8c311.js resolved to D:\工程项目\PlayableAD\Cocos\TheW\20260615_HYQ\HYQ_Project\temp\programming\packer-driver\targets\editor\chunks\7d\7d88e9fa4d49091167d5648112015c50cab8c311.js is not in module cache!
2026-7-7 16:12:51-debug: [[Executor]] Module "pack:///chunks/7d/7d88e9fa4d49091167d5648112015c50cab8c311.js" loaded.
2026-7-7 16:12:51-debug: [[Executor]] Register ArmsUp
2026-7-7 16:12:51-debug: D:\工程项目\PlayableAD\Cocos\TheW\20260615_HYQ\HYQ_Project\temp\programming\packer-driver\targets\editor\chunks\d0\d08abfe279c9195afbafb261981128dda32fee17.js resolved to D:\工程项目\PlayableAD\Cocos\TheW\20260615_HYQ\HYQ_Project\temp\programming\packer-driver\targets\editor\chunks\d0\d08abfe279c9195afbafb261981128dda32fee17.js is not in module cache!
2026-7-7 16:12:51-debug: [[Executor]] Module "pack:///chunks/d0/d08abfe279c9195afbafb261981128dda32fee17.js" loaded.
2026-7-7 16:12:51-debug: [[Executor]] Register PropTireGate
2026-7-7 16:12:51-debug: D:\工程项目\PlayableAD\Cocos\TheW\20260615_HYQ\HYQ_Project\temp\programming\packer-driver\targets\editor\chunks\e4\e49d377195f0f6ca8039098e5e76d909c726c89c.js resolved to D:\工程项目\PlayableAD\Cocos\TheW\20260615_HYQ\HYQ_Project\temp\programming\packer-driver\targets\editor\chunks\e4\e49d377195f0f6ca8039098e5e76d909c726c89c.js is not in module cache!
2026-7-7 16:12:51-debug: D:\工程项目\PlayableAD\Cocos\TheW\20260615_HYQ\HYQ_Project\temp\programming\packer-driver\targets\editor\chunks\c8\c8d2fc621a68aadf290b9938ae81f70dbefcc8d6.js resolved to D:\工程项目\PlayableAD\Cocos\TheW\20260615_HYQ\HYQ_Project\temp\programming\packer-driver\targets\editor\chunks\c8\c8d2fc621a68aadf290b9938ae81f70dbefcc8d6.js is not in module cache!
2026-7-7 16:12:51-debug: [[Executor]] Register RockerUI
2026-7-7 16:12:51-debug: [[Executor]] Module "pack:///chunks/c8/c8d2fc621a68aadf290b9938ae81f70dbefcc8d6.js" loaded.
2026-7-7 16:12:51-debug: [[Executor]] Module "pack:///chunks/e4/e49d377195f0f6ca8039098e5e76d909c726c89c.js" loaded.
2026-7-7 16:12:51-debug: [[Executor]] Register RockerMouseEvent
2026-7-7 16:12:51-debug: D:\工程项目\PlayableAD\Cocos\TheW\20260615_HYQ\HYQ_Project\temp\programming\packer-driver\targets\editor\chunks\41\41b6ef284e15d0779c96601cab9a95a7c5e5919b.js resolved to D:\工程项目\PlayableAD\Cocos\TheW\20260615_HYQ\HYQ_Project\temp\programming\packer-driver\targets\editor\chunks\41\41b6ef284e15d0779c96601cab9a95a7c5e5919b.js is not in module cache!
2026-7-7 16:12:51-debug: D:\工程项目\PlayableAD\Cocos\TheW\20260615_HYQ\HYQ_Project\temp\programming\packer-driver\targets\editor\chunks\5f\5fd5284b513982ea020d8e9513905cac6e75919a.js resolved to D:\工程项目\PlayableAD\Cocos\TheW\20260615_HYQ\HYQ_Project\temp\programming\packer-driver\targets\editor\chunks\5f\5fd5284b513982ea020d8e9513905cac6e75919a.js is not in module cache!
2026-7-7 16:12:51-debug: D:\工程项目\PlayableAD\Cocos\TheW\20260615_HYQ\HYQ_Project\temp\programming\packer-driver\targets\editor\chunks\1b\1b6bd2739873dc60bb0e67b18f2ae1f3b116fb07.js resolved to D:\工程项目\PlayableAD\Cocos\TheW\20260615_HYQ\HYQ_Project\temp\programming\packer-driver\targets\editor\chunks\1b\1b6bd2739873dc60bb0e67b18f2ae1f3b116fb07.js is not in module cache!
2026-7-7 16:12:51-debug: D:\工程项目\PlayableAD\Cocos\TheW\20260615_HYQ\HYQ_Project\temp\programming\packer-driver\targets\editor\chunks\c4\c409a49d391cd0107339e604abf784bacdef4b02.js resolved to D:\工程项目\PlayableAD\Cocos\TheW\20260615_HYQ\HYQ_Project\temp\programming\packer-driver\targets\editor\chunks\c4\c409a49d391cd0107339e604abf784bacdef4b02.js is not in module cache!
2026-7-7 16:12:51-debug: [[Executor]] Register ShoppIngEvent
2026-7-7 16:12:51-debug: [[Executor]] Module "pack:///chunks/c4/c409a49d391cd0107339e604abf784bacdef4b02.js" loaded.
2026-7-7 16:12:51-debug: [[Executor]] Register BuyWayBase
2026-7-7 16:12:51-debug: [[Executor]] Module "pack:///chunks/5f/5fd5284b513982ea020d8e9513905cac6e75919a.js" loaded.
2026-7-7 16:12:51-debug: [[Executor]] Module "pack:///chunks/1b/1b6bd2739873dc60bb0e67b18f2ae1f3b116fb07.js" loaded.
2026-7-7 16:12:51-debug: [[Executor]] Register BuyWay2D
2026-7-7 16:12:51-debug: [[Executor]] Module "pack:///chunks/41/41b6ef284e15d0779c96601cab9a95a7c5e5919b.js" loaded.
2026-7-7 16:12:51-debug: [[Executor]] Register Shopping
2026-7-7 16:12:51-debug: D:\工程项目\PlayableAD\Cocos\TheW\20260615_HYQ\HYQ_Project\temp\programming\packer-driver\targets\editor\chunks\99\9957d51b35d223fa476f8f6dcd2b5d011a93ab2f.js resolved to D:\工程项目\PlayableAD\Cocos\TheW\20260615_HYQ\HYQ_Project\temp\programming\packer-driver\targets\editor\chunks\99\9957d51b35d223fa476f8f6dcd2b5d011a93ab2f.js is not in module cache!
2026-7-7 16:12:51-debug: [[Executor]] Module "pack:///chunks/99/9957d51b35d223fa476f8f6dcd2b5d011a93ab2f.js" loaded.
2026-7-7 16:12:51-debug: [[Executor]] Register BuyWay3D
2026-7-7 16:12:51-debug: D:\工程项目\PlayableAD\Cocos\TheW\20260615_HYQ\HYQ_Project\temp\programming\packer-driver\targets\editor\chunks\d8\d87351923699bbc0b3bf2e76b9d6665983f7b324.js resolved to D:\工程项目\PlayableAD\Cocos\TheW\20260615_HYQ\HYQ_Project\temp\programming\packer-driver\targets\editor\chunks\d8\d87351923699bbc0b3bf2e76b9d6665983f7b324.js is not in module cache!
2026-7-7 16:12:51-debug: [[Executor]] Register ShoppingItem
2026-7-7 16:12:51-debug: [[Executor]] Module "pack:///chunks/d8/d87351923699bbc0b3bf2e76b9d6665983f7b324.js" loaded.
2026-7-7 16:12:51-debug: [[Executor]] Register Shopping_Super
2026-7-7 16:12:51-debug: D:\工程项目\PlayableAD\Cocos\TheW\20260615_HYQ\HYQ_Project\temp\programming\packer-driver\targets\editor\chunks\b8\b8ff2efe0a5ef0b3134c1c0a100a2fc7e48d38e3.js resolved to D:\工程项目\PlayableAD\Cocos\TheW\20260615_HYQ\HYQ_Project\temp\programming\packer-driver\targets\editor\chunks\b8\b8ff2efe0a5ef0b3134c1c0a100a2fc7e48d38e3.js is not in module cache!
2026-7-7 16:12:51-debug: [[Executor]] Register FrameAnimManager
2026-7-7 16:12:51-debug: [[Executor]] Module "pack:///chunks/b8/b8ff2efe0a5ef0b3134c1c0a100a2fc7e48d38e3.js" loaded.
2026-7-7 16:12:51-debug: D:\工程项目\PlayableAD\Cocos\TheW\20260615_HYQ\HYQ_Project\temp\programming\packer-driver\targets\editor\chunks\83\8354ac407215243163174d3e83d4cdab306051e3.js resolved to D:\工程项目\PlayableAD\Cocos\TheW\20260615_HYQ\HYQ_Project\temp\programming\packer-driver\targets\editor\chunks\83\8354ac407215243163174d3e83d4cdab306051e3.js is not in module cache!
2026-7-7 16:12:51-debug: [[Executor]] Register FrameManager
2026-7-7 16:12:51-debug: [[Executor]] Module "pack:///chunks/83/8354ac407215243163174d3e83d4cdab306051e3.js" loaded.
2026-7-7 16:12:51-debug: D:\工程项目\PlayableAD\Cocos\TheW\20260615_HYQ\HYQ_Project\temp\programming\packer-driver\targets\editor\chunks\84\848ca7bc3c110f0554094ecf01b3a37b01ea9dfd.js resolved to D:\工程项目\PlayableAD\Cocos\TheW\20260615_HYQ\HYQ_Project\temp\programming\packer-driver\targets\editor\chunks\84\848ca7bc3c110f0554094ecf01b3a37b01ea9dfd.js is not in module cache!
2026-7-7 16:12:51-debug: [[Executor]] Register UIButtonEvent
2026-7-7 16:12:51-debug: [[Executor]] Module "pack:///chunks/84/848ca7bc3c110f0554094ecf01b3a37b01ea9dfd.js" loaded.
2026-7-7 16:12:51-debug: D:\工程项目\PlayableAD\Cocos\TheW\20260615_HYQ\HYQ_Project\temp\programming\packer-driver\targets\editor\chunks\7e\7ece20e41250ede0e4707962498ddfd8c4453b24.js resolved to D:\工程项目\PlayableAD\Cocos\TheW\20260615_HYQ\HYQ_Project\temp\programming\packer-driver\targets\editor\chunks\7e\7ece20e41250ede0e4707962498ddfd8c4453b24.js is not in module cache!
2026-7-7 16:12:51-debug: D:\工程项目\PlayableAD\Cocos\TheW\20260615_HYQ\HYQ_Project\temp\programming\packer-driver\targets\editor\chunks\95\95d64f4c8aa166ee79b72d7add5021b420a7ce33.js resolved to D:\工程项目\PlayableAD\Cocos\TheW\20260615_HYQ\HYQ_Project\temp\programming\packer-driver\targets\editor\chunks\95\95d64f4c8aa166ee79b72d7add5021b420a7ce33.js is not in module cache!
2026-7-7 16:12:51-debug: D:\工程项目\PlayableAD\Cocos\TheW\20260615_HYQ\HYQ_Project\temp\programming\packer-driver\targets\editor\chunks\4a\4a434c55814df4d84e6cd9fee04d3f21bfa74070.js resolved to D:\工程项目\PlayableAD\Cocos\TheW\20260615_HYQ\HYQ_Project\temp\programming\packer-driver\targets\editor\chunks\4a\4a434c55814df4d84e6cd9fee04d3f21bfa74070.js is not in module cache!
2026-7-7 16:12:51-debug: D:\工程项目\PlayableAD\Cocos\TheW\20260615_HYQ\HYQ_Project\temp\programming\packer-driver\targets\editor\chunks\e9\e9668b02254f4db9826696b9dfb6914087bee6cc.js resolved to D:\工程项目\PlayableAD\Cocos\TheW\20260615_HYQ\HYQ_Project\temp\programming\packer-driver\targets\editor\chunks\e9\e9668b02254f4db9826696b9dfb6914087bee6cc.js is not in module cache!
2026-7-7 16:12:51-debug: D:\工程项目\PlayableAD\Cocos\TheW\20260615_HYQ\HYQ_Project\temp\programming\packer-driver\targets\editor\chunks\23\23f4bc413c460b50ee5cc83636bb099609a379fd.js resolved to D:\工程项目\PlayableAD\Cocos\TheW\20260615_HYQ\HYQ_Project\temp\programming\packer-driver\targets\editor\chunks\23\23f4bc413c460b50ee5cc83636bb099609a379fd.js is not in module cache!
2026-7-7 16:12:51-debug: [[Executor]] Module "pack:///chunks/23/23f4bc413c460b50ee5cc83636bb099609a379fd.js" loaded.
2026-7-7 16:12:51-debug: [[Executor]] Register StutterCheck
2026-7-7 16:12:51-debug: [[Executor]] Module "pack:///chunks/4a/4a434c55814df4d84e6cd9fee04d3f21bfa74070.js" loaded.
2026-7-7 16:12:51-debug: [[Executor]] Module "pack:///chunks/e9/e9668b02254f4db9826696b9dfb6914087bee6cc.js" loaded.
2026-7-7 16:12:51-debug: [[Executor]] Module "pack:///chunks/7e/7ece20e41250ede0e4707962498ddfd8c4453b24.js" loaded.
2026-7-7 16:12:51-debug: [[Executor]] Module "pack:///chunks/95/95d64f4c8aa166ee79b72d7add5021b420a7ce33.js" loaded.
2026-7-7 16:12:51-debug: D:\工程项目\PlayableAD\Cocos\TheW\20260615_HYQ\HYQ_Project\temp\programming\packer-driver\targets\editor\chunks\4d\4d68417d37cd80fe73d65d56dfe11dd26e9ef91a.js resolved to D:\工程项目\PlayableAD\Cocos\TheW\20260615_HYQ\HYQ_Project\temp\programming\packer-driver\targets\editor\chunks\4d\4d68417d37cd80fe73d65d56dfe11dd26e9ef91a.js is not in module cache!
2026-7-7 16:12:51-debug: [[Executor]] Module "pack:///chunks/6d/6d8fd2b0177941b032ddc0733af48a561fb60657.js" loaded.
2026-7-7 16:12:51-debug: [[Executor]] Module "pack:///chunks/4d/4d68417d37cd80fe73d65d56dfe11dd26e9ef91a.js" loaded.
2026-7-7 16:12:51-debug: Incremental keys: regeneratorRuntime,b2jsb
2026-7-7 16:12:51-debug: Init bundle share assets start..., progress: 9%
2026-7-7 16:12:51-debug: Init bundle share assets start..., progress: 13%
2026-7-7 16:12:51-debug: [[Executor]] after unlock
2026-7-7 16:12:51-warn: The Mesh used by component "cc.MeshRenderer" in prefab "Role_2" is missing. Detailed information:Node path: "Role_2/New Node/Bip001 Prop1 Socket/jiateling01"Asset url: "db://assets/GameRes/Prefab/Role_2"Missing uuid: "03189dd5-73dd-4e52-8644-1ff1a122b972@18a45"
2026-7-7 16:12:51-warn: The Mesh used by component "cc.MeshRenderer" in prefab "Role_2" is missing. Detailed information:Node path: "Role_2/New Node/Bip001 Prop1 Socket/jiateling01"Asset url: "db://assets/GameRes/Prefab/Role_2"Missing uuid: "03189dd5-73dd-4e52-8644-1ff1a122b972@18a45"
2026-7-7 16:12:51-warn: The Mesh used by component "cc.MeshRenderer" in prefab "Role_1" is missing. Detailed information:Node path: "Role_1/New Node/Bip001 Prop1 Socket/jiateling01"Asset url: "db://assets/GameRes/Prefab/Role_1"Missing uuid: "03189dd5-73dd-4e52-8644-1ff1a122b972@18a45"
2026-7-7 16:12:51-debug: Init bundle share assets success..., progress: 9%
2026-7-7 16:12:51-debug: Init bundle share assets success..., progress: 13%
2026-7-7 16:12:51-debug: handle json group in bundle internal
2026-7-7 16:12:51-debug: handle json group in bundle internal success
2026-7-7 16:12:51-debug: init image compress task 0 in bundle internal
2026-7-7 16:12:51-debug: handle json group in bundle resources success
2026-7-7 16:12:51-debug: init image compress task 0 in bundle resources
2026-7-7 16:12:51-debug: [json-group] check self or raw asset, skip. 799add5f-4370-4ee6-b0a4-aca1ebcd06a3 depended by 799add5f-4370-4ee6-b0a4-aca1ebcd06a3 has checked in raw asset 799add5f-4370-4ee6-b0a4-aca1ebcd06a3/bundle(main)}
2026-7-7 16:12:51-debug: [json-group] check self or raw asset, skip. f96153eb-6f89-4aad-b84b-808954761c02 depended by f96153eb-6f89-4aad-b84b-808954761c02 has checked in raw asset b5805d3a-3b80-4a12-adf5-588e63a7d886/bundle(main)}
2026-7-7 16:12:51-debug: [json-group] check self or raw asset, skip. 799add5f-4370-4ee6-b0a4-aca1ebcd06a3 depended by 799add5f-4370-4ee6-b0a4-aca1ebcd06a3 has checked in raw asset b5805d3a-3b80-4a12-adf5-588e63a7d886/bundle(main)}
2026-7-7 16:12:51-debug: [json-group] check self or raw asset, skip. f96153eb-6f89-4aad-b84b-808954761c02 depended by f96153eb-6f89-4aad-b84b-808954761c02 has checked in raw asset f96153eb-6f89-4aad-b84b-808954761c02/bundle(main)}
2026-7-7 16:12:51-debug: init image compress task 0 in bundle main
2026-7-7 16:12:51-debug: handle json group in bundle main
2026-7-7 16:12:51-debug: handle json group in bundle resources
2026-7-7 16:12:51-debug: handle json group in bundle main success
2026-7-7 16:12:51-debug: // ---- build task 查询 Asset Bundle ---- (787ms)
2026-7-7 16:12:51-log: run build task 查询 Asset Bundle success in 787 ms√, progress: 14%
2026-7-7 16:12:51-debug: [Build Memory track]: 查询 Asset Bundle start:254.69MB, end 254.97MB, increase: 293.30KB
2026-7-7 16:12:51-debug: // ---- build task 查询 Asset Bundle ----
2026-7-7 16:12:51-debug: 查询 Asset Bundle start, progress: 14%
2026-7-7 16:12:51-debug: // ---- build task 查询 Asset Bundle ---- (51ms)
2026-7-7 16:12:51-log: run build task 查询 Asset Bundle success in 51 ms√, progress: 19%
2026-7-7 16:12:51-debug: [Build Memory track]: 查询 Asset Bundle start:255.01MB, end 255.30MB, increase: 291.37KB
2026-7-7 16:12:51-debug: // ---- build task 打包脚本 ----
2026-7-7 16:12:51-debug: 打包脚本 start, progress: 19%
2026-7-7 16:12:52-log: [buildPolyfillsCommand]enter sub process 6080, 9229, see: chrome://inspect/#devices
2026-7-7 16:12:56-debug: execute-script-end with buildPolyfillsCommand 4538ms
2026-7-7 16:12:56-debug: Generate systemJs..., progress: 19%
2026-7-7 16:12:59-debug: execute-script-end with buildSystemJsCommand 3483ms
2026-7-7 16:12:59-debug: 构建项目脚本 start..., progress: 19%
2026-7-7 16:12:59-debug: 构建项目脚本 start..., progress: 13%
2026-7-7 16:13:05-warn: [buildScriptCommand][[Build.Script.Rollup]] Circular dependency: file:///D:/%E5%B7%A5%E7%A8%8B%E9%A1%B9%E7%9B%AE/PlayableAD/Cocos/TheW/20260615_HYQ/HYQ_Project/assets/Script/functionS/Jump/JumpManager.ts -> file:///D:/%E5%B7%A5%E7%A8%8B%E9%A1%B9%E7%9B%AE/PlayableAD/Cocos/TheW/20260615_HYQ/HYQ_Project/assets/Script/functionS/Jump/JumpDriveEngine.ts -> file:///D:/%E5%B7%A5%E7%A8%8B%E9%A1%B9%E7%9B%AE/PlayableAD/Cocos/TheW/20260615_HYQ/HYQ_Project/assets/Script/functionS/Jump/JumpManager.ts[warning][[Build.Script.Rollup]] Circular dependency: file:///D:/%E5%B7%A5%E7%A8%8B%E9%A1%B9%E7%9B%AE/PlayableAD/Cocos/TheW/20260615_HYQ/HYQ_Project/assets/Script/functionS/Monster/MonsterCreate.ts -> file:///D:/%E5%B7%A5%E7%A8%8B%E9%A1%B9%E7%9B%AE/PlayableAD/Cocos/TheW/20260615_HYQ/HYQ_Project/assets/Script/functionS/Other/PropArms.ts -> file:///D:/%E5%B7%A5%E7%A8%8B%E9%A1%B9%E7%9B%AE/PlayableAD/Cocos/TheW/20260615_HYQ/HYQ_Project/assets/Script/functionS/Monster/MonsterCreate.ts
2026-7-7 16:13:05-warn: [buildScriptCommand][[Build.Script.Rollup]] Circular dependency: file:///D:/%E5%B7%A5%E7%A8%8B%E9%A1%B9%E7%9B%AE/PlayableAD/Cocos/TheW/20260615_HYQ/HYQ_Project/extensions/super-packager/package_assets/JiangYv/PBASDK-v3/PrintComponent.ts -> file:///D:/%E5%B7%A5%E7%A8%8B%E9%A1%B9%E7%9B%AE/PlayableAD/Cocos/TheW/20260615_HYQ/HYQ_Project/extensions/super-packager/package_assets/JiangYv/PBASDK-v3/StutterCheck.ts -> file:///D:/%E5%B7%A5%E7%A8%8B%E9%A1%B9%E7%9B%AE/PlayableAD/Cocos/TheW/20260615_HYQ/HYQ_Project/extensions/super-packager/package_assets/JiangYv/PBASDK-v3/PrintComponent.ts
2026-7-7 16:13:09-log: [buildScriptCommand]Number of non-entry chunks: 3
2026-7-7 16:13:09-debug: execute-script-end with buildScriptCommand 9860ms
2026-7-7 16:13:09-debug: Copy externalScripts success!
2026-7-7 16:13:09-debug: 构建项目脚本 in (9923 ms) √, progress: 19%
2026-7-7 16:13:09-debug: 构建项目脚本 in (9923 ms) √, progress: 13%
2026-7-7 16:13:09-debug: 构建引擎脚本 start..., progress: 19%
2026-7-7 16:13:09-debug: mangleProperties is enabled, found engine-mangle-config.json, use it
2026-7-7 16:13:09-debug: Error: Exit process with code:null, signal:SIGTERM in task build-script    at ChildProcess.<anonymous> (C:\ProgramData\cocos\editors\Creator\3.8.7\resources\app.asar\builtin\builder\dist\worker\worker-pools\sub-process-manager.ccc:1:2409)    at ChildProcess.emit (node:events:519:28)    at Process.ChildProcess._handle.onexit (node:internal/child_process:294:12)
2026-7-7 16:13:10-debug: Use cache engine: {link(C:\Users\Admin\AppData\Local\Temp\CocosCreator\3.8.7\builder\engine\a154ee511c93165416d720dbd46d8d34)}
2026-7-7 16:13:10-debug: Use cache, md5String: debug=false,sourceMaps=false,includeModules=["2d","3d","animation","audio","base","custom-pipeline","gfx-webgl","gfx-webgl2","graphics","particle","physics-2d-box2d","physics-ammo","primitive","profiler","skeletal-animation","tween","ui","custom-pipeline-builtin-scripts"],engineVersion="3.8.7",platformType="HTML5",split=false,nativeCodeBundleMode="asmjs",targets=undefined,entry="C:\\ProgramData\\cocos\\editors\\Creator\\3.8.7\\resources\\resources\\3d\\engine",noDeprecatedFeatures=undefined,loose=true,assetURLFormat="runtime-resolved",flags={"DEBUG":false,"LOAD_BULLET_MANUALLY":false,"LOAD_SPINE_MANUALLY":false,"WEBGPU":false},preserveType=undefined,wasmCompressionMode=false,enableNamedRegisterForSystemJSModuleFormat=undefined,mangleProperties=false,inlineEnum=true,
2026-7-7 16:13:10-debug: Use cache, options: {  "entry": "C:\\ProgramData\\cocos\\editors\\Creator\\3.8.7\\resources\\resources\\3d\\engine",  "debug": false,  "mangleProperties": false,  "inlineEnum": true,  "sourceMaps": false,  "includeModules": [    "2d",    "3d",    "animation",    "audio",    "base",    "custom-pipeline",    "gfx-webgl",    "gfx-webgl2",    "graphics",    "particle",    "physics-2d-box2d",    "physics-ammo",    "primitive",    "profiler",    "skeletal-animation",    "tween",    "ui",    "custom-pipeline-builtin-scripts"  ],  "engineVersion": "3.8.7",  "md5Map": [],  "engineName": "cocos-js",  "output": "D:\\工程项目\\PlayableAD\\Cocos\\TheW\\20260615_HYQ\\HYQ_Project\\build\\web-mobile\\cocos-js",  "platformType": "HTML5",  "useCache": true,  "nativeCodeBundleMode": "asmjs",  "wasmCompressionMode": false,  "split": false,  "assetURLFormat": "runtime-resolved",  "flags": {    "DEBUG": false,    "LOAD_BULLET_MANUALLY": false,    "LOAD_SPINE_MANUALLY": false,    "WEBGPU": false  }}
2026-7-7 16:13:10-debug: 构建引擎脚本 in (259 ms) √, progress: 19%
2026-7-7 16:13:10-debug: Generate import-map..., progress: 19%
2026-7-7 16:13:10-debug: Copy plugin script ..., progress: 19%
2026-7-7 16:13:10-debug: // ---- build task 打包脚本 ---- (18307ms)
2026-7-7 16:13:10-log: run build task 打包脚本 success in 18 s√, progress: 24%
2026-7-7 16:13:10-debug: [Build Memory track]: 打包脚本 start:255.46MB, end 252.71MB, increase: -2819.37KB
2026-7-7 16:13:10-debug: Build bundles..., progress: 24%
2026-7-7 16:13:10-debug: // ---- build task Build Assets ----
2026-7-7 16:13:10-debug: Build Assets start, progress: 24%
2026-7-7 16:13:10-debug: Number of pac assets: 3
2026-7-7 16:13:10-debug: Pack Images start, progress: 24%
2026-7-7 16:13:10-debug: Pack Images start, progress: 13%
2026-7-7 16:13:10-debug: Get Cache info of pac success {asset(17513a27-4f11-4047-a0be-8d0cb6187b9e)}
2026-7-7 16:13:10-debug: Get Cache info of pac success {asset(b74fc0c2-4c67-4dd4-8d74-9612ad56cfb1)}
2026-7-7 16:13:10-debug: Number of pack results: 2
2026-7-7 16:13:10-debug: start collect depend assets in pac17513a27-4f11-4047-a0be-8d0cb6187b9e
2026-7-7 16:13:10-debug: start collect depend assets in pacb74fc0c2-4c67-4dd4-8d74-9612ad56cfb1
2026-7-7 16:13:10-debug: start sort bundle in pacb74fc0c2-4c67-4dd4-8d74-9612ad56cfb1
2026-7-7 16:13:10-debug: end sort bundle in pacb74fc0c2-4c67-4dd4-8d74-9612ad56cfb1
2026-7-7 16:13:10-debug: start sort bundle in pac17513a27-4f11-4047-a0be-8d0cb6187b9e
2026-7-7 16:13:10-debug: end sort bundle in pac17513a27-4f11-4047-a0be-8d0cb6187b9e
2026-7-7 16:13:10-debug: Pack Images success, progress: 24%
2026-7-7 16:13:10-debug: builder:pack-auto-atlas-image (241ms)
2026-7-7 16:13:10-debug: Pack Images success, progress: 13%
2026-7-7 16:13:10-debug: Compress image start..., progress: 24%
2026-7-7 16:13:10-debug: Compress image start..., progress: 13%
2026-7-7 16:13:10-debug: sort compress task {}
2026-7-7 16:13:10-debug: Num of all image compress task 0, really: 0, configTasks: 0
2026-7-7 16:13:10-debug: Compress image success..., progress: 24%
2026-7-7 16:13:10-debug: No image need to compress
2026-7-7 16:13:10-debug: Compress image success..., progress: 13%
2026-7-7 16:13:10-debug: Output asset in bundles start, progress: 24%
2026-7-7 16:13:10-debug: Output asset in bundles start, progress: 13%
2026-7-7 16:13:10-debug: Handle all json groups in bundle internal
2026-7-7 16:13:10-debug: handle json group
2026-7-7 16:13:10-debug: Handle all json groups in bundle resources
2026-7-7 16:13:10-debug: handle json group
2026-7-7 16:13:10-debug: Handle all json groups in bundle main
2026-7-7 16:13:10-debug: handle json group
2026-7-7 16:13:10-debug: Json group(033f45a16) compile success，json number: 6
2026-7-7 16:13:10-debug: Json group(0b54f34d0) compile success，json number: 6
2026-7-7 16:13:10-debug: handle single json
2026-7-7 16:13:10-debug: Json group(0c368b992) compile success，json number: 6
2026-7-7 16:13:10-debug: Json group(0a84a1761) compile success，json number: 6
2026-7-7 16:13:10-debug: Json group(09e986d7f) compile success，json number: 6
2026-7-7 16:13:11-debug: Json group(0a8b38f43) compile success，json number: 6
2026-7-7 16:13:11-debug: Json group(05a6ba422) compile success，json number: 6
2026-7-7 16:13:11-debug: handle single json
2026-7-7 16:13:11-debug: Json group(0bd960b15) compile success，json number: 6
2026-7-7 16:13:11-debug: Json group(05d786f3c) compile success，json number: 6
2026-7-7 16:13:11-debug: Json group(0a9a16365) compile success，json number: 6
2026-7-7 16:13:11-debug: Json group(0939f5774) compile success，json number: 6
2026-7-7 16:13:11-debug: Json group(04d1efb95) compile success，json number: 6
2026-7-7 16:13:11-debug: Json group(05ff4bf9a) compile success，json number: 6
2026-7-7 16:13:11-debug: Json group(058888a4d) compile success，json number: 6
2026-7-7 16:13:11-debug: Json group(0aa2d87de) compile success，json number: 6
2026-7-7 16:13:11-debug: Json group(0936a916b) compile success，json number: 6
2026-7-7 16:13:11-debug: Json group(0b3e0b1ce) compile success，json number: 6
2026-7-7 16:13:11-debug: Json group(03bca836c) compile success，json number: 6
2026-7-7 16:13:11-debug: Json group(018f8689b) compile success，json number: 6
2026-7-7 16:13:11-debug: Json group(09f4a3c5f) compile success，json number: 6
2026-7-7 16:13:11-debug: Json group(0573d1736) compile success，json number: 6
2026-7-7 16:13:11-warn: The Mesh used by component "cc.MeshRenderer" in prefab "Role_2" is missing. Detailed information:Node path: "Role_2/New Node/Bip001 Prop1 Socket/jiateling01"Asset url: "db://assets/GameRes/Prefab/Role_2"Missing uuid: "03189dd5-73dd-4e52-8644-1ff1a122b972@18a45"
2026-7-7 16:13:11-warn: The Mesh used by component "cc.MeshRenderer" in prefab "Role_2" is missing. Detailed information:Node path: "Role_2/New Node/Bip001 Prop1 Socket/jiateling01"Asset url: "db://assets/GameRes/Prefab/Role_2"Missing uuid: "03189dd5-73dd-4e52-8644-1ff1a122b972@18a45"
2026-7-7 16:13:12-debug: Json group(0d1405e99) compile success，json number: 6
2026-7-7 16:13:12-debug: Json group(0fbb3d0d7) compile success，json number: 6
2026-7-7 16:13:12-debug: Json group(0b756a9e5) compile success，json number: 6
2026-7-7 16:13:12-debug: Json group(0acdaf410) compile success，json number: 6
2026-7-7 16:13:12-debug: Json group(045d59844) compile success，json number: 6
2026-7-7 16:13:12-debug: Json group(03d712220) compile success，json number: 6
2026-7-7 16:13:12-debug: Json group(0418d0963) compile success，json number: 6
2026-7-7 16:13:12-debug: Json group(0d46b5455) compile success，json number: 6
2026-7-7 16:13:12-debug: Json group(0d76502e0) compile success，json number: 6
2026-7-7 16:13:12-warn: The Mesh used by component "cc.MeshRenderer" in prefab "Role_1" is missing. Detailed information:Node path: "Role_1/New Node/Bip001 Prop1 Socket/jiateling01"Asset url: "db://assets/GameRes/Prefab/Role_1"Missing uuid: "03189dd5-73dd-4e52-8644-1ff1a122b972@18a45"
2026-7-7 16:13:12-debug: Json group(0678030fa) compile success，json number: 6
2026-7-7 16:13:12-debug: Json group(05744dfbc) compile success，json number: 6
2026-7-7 16:13:12-debug: handle single json
2026-7-7 16:13:13-debug: Output asset in bundles success, progress: 24%
2026-7-7 16:13:13-debug: Output asset in bundles success, progress: 13%
2026-7-7 16:13:13-debug: Output asset in bundles start, progress: 24%
2026-7-7 16:13:13-debug: Output asset in bundles start, progress: 13%
2026-7-7 16:13:13-debug: compress config of bundle internal...
2026-7-7 16:13:13-debug: compress config of bundle internal success
2026-7-7 16:13:13-debug: compress config of bundle resources...
2026-7-7 16:13:13-debug: compress config of bundle resources success
2026-7-7 16:13:13-debug: compress config of bundle main...
2026-7-7 16:13:13-debug: output config of bundle internal
2026-7-7 16:13:13-debug: output config of bundle internal success
2026-7-7 16:13:13-debug: output config of bundle resources
2026-7-7 16:13:13-debug: output config of bundle resources success
2026-7-7 16:13:13-debug: output config of bundle main
2026-7-7 16:13:13-debug: output config of bundle main success
2026-7-7 16:13:13-debug: Output asset in bundles success, progress: 24%
2026-7-7 16:13:13-debug: Output asset in bundles success, progress: 13%
2026-7-7 16:13:13-debug: compress config of bundle main success
2026-7-7 16:13:13-debug: // ---- build task Build Assets ---- (3443ms)
2026-7-7 16:13:13-log: run build task Build Assets success in 3 s√, progress: 29%
2026-7-7 16:13:13-debug: // ---- build task 整理部分构建选项内数据到 settings.json ----
2026-7-7 16:13:13-debug: [Build Memory track]: Build Assets start:252.75MB, end 274.77MB, increase: 22.02MB
2026-7-7 16:13:13-debug: 整理部分构建选项内数据到 settings.json start, progress: 29%
2026-7-7 16:13:13-debug: // ---- build task 整理部分构建选项内数据到 settings.json ---- (45ms)
2026-7-7 16:13:13-log: run build task 整理部分构建选项内数据到 settings.json success in 45 ms√, progress: 31%
2026-7-7 16:13:13-debug: [Build Memory track]: 整理部分构建选项内数据到 settings.json start:274.89MB, end 274.99MB, increase: 107.35KB
2026-7-7 16:13:13-debug: 填充脚本数据到 settings.json start, progress: 31%
2026-7-7 16:13:13-debug: // ---- build task 填充脚本数据到 settings.json ----
2026-7-7 16:13:13-debug: // ---- build task 填充脚本数据到 settings.json ---- (61ms)
2026-7-7 16:13:13-log: run build task 填充脚本数据到 settings.json success in 61 ms√, progress: 32%
2026-7-7 16:13:13-debug: [Build Memory track]: 填充脚本数据到 settings.json start:275.04MB, end 275.12MB, increase: 89.11KB
2026-7-7 16:13:13-debug: 整理部分构建选项内数据到 settings.json start, progress: 32%
2026-7-7 16:13:13-debug: // ---- build task 整理部分构建选项内数据到 settings.json ----
2026-7-7 16:13:14-debug: // ---- build task 整理部分构建选项内数据到 settings.json ---- (300ms)
2026-7-7 16:13:14-log: run build task 整理部分构建选项内数据到 settings.json success in 300 ms√, progress: 34%
2026-7-7 16:13:14-debug: [Build Memory track]: 整理部分构建选项内数据到 settings.json start:275.17MB, end 275.32MB, increase: 151.71KB
2026-7-7 16:13:14-debug: web-mobile:(onBeforeCompressSettings) start..., progress: 34%
2026-7-7 16:13:14-debug: // ---- build task web-mobile：onBeforeCompressSettings ----
2026-7-7 16:13:14-debug: // ---- build task web-mobile：onBeforeCompressSettings ---- (50ms)
2026-7-7 16:13:14-debug: web-mobile:(onBeforeCompressSettings) in 50 ms ✓, progress: 36%
2026-7-7 16:13:14-debug: cocos-service:(onBeforeCompressSettings) start..., progress: 36%
2026-7-7 16:13:14-debug: // ---- build task cocos-service：onBeforeCompressSettings ----
2026-7-7 16:13:14-debug: // ---- build task cocos-service：onBeforeCompressSettings ---- (144ms)
2026-7-7 16:13:14-debug: super-packager:(onBeforeCompressSettings) start..., progress: 38%
2026-7-7 16:13:14-log: [SUPER_PACKAGE]onBeforeCompressSettings
2026-7-7 16:13:14-debug: // ---- build task super-packager：onBeforeCompressSettings ----
2026-7-7 16:13:14-debug: cocos-service:(onBeforeCompressSettings) in 144 ms ✓, progress: 38%
2026-7-7 16:13:14-debug: // ---- build task super-packager：onBeforeCompressSettings ---- (33ms)
2026-7-7 16:13:14-debug: super-packager:(onBeforeCompressSettings) in 33 ms ✓, progress: 40%
2026-7-7 16:13:14-debug: 整理静态模板文件 start, progress: 40%
2026-7-7 16:13:14-debug: // ---- build task 整理静态模板文件 ----
2026-7-7 16:13:14-debug: // ---- build task 整理静态模板文件 ---- (229ms)
2026-7-7 16:13:14-log: run build task 整理静态模板文件 success in 229 ms√, progress: 45%
2026-7-7 16:13:14-debug: [Build Memory track]: 整理静态模板文件 start:275.77MB, end 273.02MB, increase: -2808.87KB
2026-7-7 16:13:14-debug: cocos-service:(onAfterCompressSettings) start..., progress: 45%
2026-7-7 16:13:14-debug: // ---- build task cocos-service：onAfterCompressSettings ----
2026-7-7 16:13:14-debug: // ---- build task cocos-service：onAfterCompressSettings ---- (93ms)
2026-7-7 16:13:14-debug: cocos-service:(onAfterCompressSettings) in 93 ms ✓, progress: 46%
2026-7-7 16:13:14-debug: // ---- build task super-packager：onAfterCompressSettings ----
2026-7-7 16:13:14-debug: super-packager:(onAfterCompressSettings) start..., progress: 46%
2026-7-7 16:13:14-log: [SUPER_PACKAGE]onAfterCompressSettings
2026-7-7 16:13:14-debug: // ---- build task super-packager：onAfterCompressSettings ---- (64ms)
2026-7-7 16:13:14-debug: super-packager:(onAfterCompressSettings) in 64 ms ✓, progress: 48%
2026-7-7 16:13:14-debug: web-mobile:(onBeforeCopyBuildTemplate) start..., progress: 48%
2026-7-7 16:13:14-debug: // ---- build task web-mobile：onBeforeCopyBuildTemplate ----
2026-7-7 16:13:14-debug: // ---- build task web-mobile：onBeforeCopyBuildTemplate ---- (140ms)
2026-7-7 16:13:14-debug: // ---- build task 给所有的资源加上 MD5 后缀 ----
2026-7-7 16:13:14-debug: 给所有的资源加上 MD5 后缀 start, progress: 50%
2026-7-7 16:13:14-debug: web-mobile:(onBeforeCopyBuildTemplate) in 140 ms ✓, progress: 50%
2026-7-7 16:13:14-debug: // ---- build task 给所有的资源加上 MD5 后缀 ---- (92ms)
2026-7-7 16:13:14-log: run build task 给所有的资源加上 MD5 后缀 success in 92 ms√, progress: 60%
2026-7-7 16:13:14-debug: [Build Memory track]: 给所有的资源加上 MD5 后缀 start:276.68MB, end 276.78MB, increase: 106.21KB
2026-7-7 16:13:14-debug: // ---- build task web-mobile：onAfterBuild ----
2026-7-7 16:13:14-debug: web-mobile:(onAfterBuild) start..., progress: 60%
2026-7-7 16:13:14-debug: // ---- build task web-mobile：onAfterBuild ---- (51ms)
2026-7-7 16:13:14-debug: web-mobile:(onAfterBuild) in 51 ms ✓, progress: 62%
2026-7-7 16:13:14-debug: cocos-service:(onAfterBuild) start..., progress: 62%
2026-7-7 16:13:14-debug: // ---- build task cocos-service：onAfterBuild ----
2026-7-7 16:13:15-debug: // ---- build task cocos-service：onAfterBuild ---- (106ms)
2026-7-7 16:13:15-debug: adsense-h5g-plugin:(onAfterBuild) start..., progress: 64%
2026-7-7 16:13:15-debug: // ---- build task adsense-h5g-plugin：onAfterBuild ----
2026-7-7 16:13:15-debug: cocos-service:(onAfterBuild) in 106 ms ✓, progress: 64%
2026-7-7 16:13:15-debug: // ---- build task adsense-h5g-plugin：onAfterBuild ---- (59ms)
2026-7-7 16:13:15-debug: adsense-h5g-plugin:(onAfterBuild) in 59 ms ✓, progress: 65%
2026-7-7 16:13:15-debug: super-html:(onAfterBuild) start..., progress: 65%
2026-7-7 16:13:15-debug: // ---- build task super-html：onAfterBuild ----
2026-7-7 16:13:15-log: [super-html] : -- start --
2026-7-7 16:13:15-log: [super-html] : s_input_dir D:\工程项目\PlayableAD\Cocos\TheW\20260615_HYQ\HYQ_Project\build\web-mobile
2026-7-7 16:13:15-log: [super-html] : engine version 3.8.7
2026-7-7 16:13:15-log: [super-html] : s_out_dir D:\工程项目\PlayableAD\Cocos\TheW\20260615_HYQ\HYQ_Project\build\super-html
2026-7-7 16:13:21-debug: // ---- build task super-html：onAfterBuild ---- (6291ms)
2026-7-7 16:13:21-debug: super-html:(onAfterBuild) in 6291 ms ✓, progress: 67%
2026-7-7 16:13:21-debug: super-packager:(onAfterBuild) start..., progress: 67%
2026-7-7 16:13:21-debug: // ---- build task super-packager：onAfterBuild ----
2026-7-7 16:13:21-log: [SUPER_PACKAGE]onAfterBuild
2026-7-7 16:13:21-debug: // ---- build task super-packager：onAfterBuild ---- (61ms)
2026-7-7 16:13:21-debug: super-packager:(onAfterBuild) in 61 ms ✓, progress: 69%
2026-7-7 16:13:21-log: Asset DB is resume!
2026-7-7 16:13:21-debug: builder:build-project-total (31678ms)
2026-7-7 16:13:21-debug: build task(web-mobile) in 31678!
2026-7-7 16:13:22-debug: [Build Memory track]: builder:build-project-total start:253.55MB, end 282.68MB, increase: 29.12MB
2026-7-7 16:13:22-debug: ================================ build Task (web-mobile) Finished in (32 s)ms ================================
2026-7-7 16:13:22-debug: Stop record console. {file(D:\工程项目\PlayableAD\Cocos\TheW\20260615_HYQ\HYQ_Project\temp\builder\log\web-mobile2026-6-30 10-27.log)}
2026-7-7 16:13:22-warn: The Mesh used by component "cc.MeshRenderer" in prefab "Role_2" is missing. Detailed information:Node path: "Role_2/New Node/Bip001 Prop1 Socket/jiateling01"Asset url: "db://assets/GameRes/Prefab/Role_2"Missing uuid: "03189dd5-73dd-4e52-8644-1ff1a122b972@18a45"
2026-7-7 16:13:22-warn: The Mesh used by component "cc.MeshRenderer" in prefab "Role_2" is missing. Detailed information:Node path: "Role_2/New Node/Bip001 Prop1 Socket/jiateling01"Asset url: "db://assets/GameRes/Prefab/Role_2"Missing uuid: "03189dd5-73dd-4e52-8644-1ff1a122b972@18a45"
2026-7-7 16:13:22-warn: The Mesh used by component "cc.MeshRenderer" in prefab "Role_1" is missing. Detailed information:Node path: "Role_1/New Node/Bip001 Prop1 Socket/jiateling01"Asset url: "db://assets/GameRes/Prefab/Role_1"Missing uuid: "03189dd5-73dd-4e52-8644-1ff1a122b972@18a45"
2026-7-7 16:13:26-log: [super-html] : [common] [13585 kb] D:\工程项目\PlayableAD\Cocos\TheW\20260615_HYQ\HYQ_Project\build\super-html\common\HYQ_common.html
2026-7-7 16:13:26-log: [super-html] : [common] [6212 kb] D:\工程项目\PlayableAD\Cocos\TheW\20260615_HYQ\HYQ_Project\build\super-html\common\HYQ_common_min.html
2026-7-7 16:13:26-log: [super-html] : [ironsource2025] [6214 kb] D:\工程项目\PlayableAD\Cocos\TheW\20260615_HYQ\HYQ_Project\build\super-html\ironsource2025\HYQ_ironsource2025.html
2026-7-7 16:13:26-log: [super-html] : [applovin] [6213 kb] D:\工程项目\PlayableAD\Cocos\TheW\20260615_HYQ\HYQ_Project\build\super-html\applovin\HYQ_applovin.html
2026-7-7 16:13:26-log: [super-html] : [ironsource] [6216 kb] D:\工程项目\PlayableAD\Cocos\TheW\20260615_HYQ\HYQ_Project\build\super-html\ironsource\HYQ_ironsource.html
2026-7-7 16:13:28-log: [super-html] : [mintegral] [4498 kb] D:\工程项目\PlayableAD\Cocos\TheW\20260615_HYQ\HYQ_Project\build\super-html\mintegral\HYQ_mintegral.zip
2026-7-7 16:13:28-log: [super-html] : [chartboost] [6213 kb] D:\工程项目\PlayableAD\Cocos\TheW\20260615_HYQ\HYQ_Project\build\super-html\chartboost\HYQ_chartboost.html
2026-7-7 16:13:28-log: [super-html] : [unity] [6213 kb] D:\工程项目\PlayableAD\Cocos\TheW\20260615_HYQ\HYQ_Project\build\super-html\unity\HYQ_unity.html
2026-7-7 16:13:28-log: [super-html] : [google] [4566 kb] D:\工程项目\PlayableAD\Cocos\TheW\20260615_HYQ\HYQ_Project\build\super-html\google\HYQ_google.zip
2026-7-7 16:13:29-log: [super-html] : [google] [4566 kb] D:\工程项目\PlayableAD\Cocos\TheW\20260615_HYQ\HYQ_Project\build\super-html\google\HYQ_google_portrait.zip
2026-7-7 16:13:29-log: [super-html] : [google] [4566 kb] D:\工程项目\PlayableAD\Cocos\TheW\20260615_HYQ\HYQ_Project\build\super-html\google\HYQ_google_landscape.zip
2026-7-7 16:13:29-log: [super-html] : [facebook] [6213 kb] D:\工程项目\PlayableAD\Cocos\TheW\20260615_HYQ\HYQ_Project\build\super-html\facebook\HYQ_facebook.html
2026-7-7 16:13:30-log: [super-html] : [facebook] [4566 kb] D:\工程项目\PlayableAD\Cocos\TheW\20260615_HYQ\HYQ_Project\build\super-html\facebook\HYQ_facebook.zip
2026-7-7 16:13:31-log: [super-html] : [pangle] [4498 kb] D:\工程项目\PlayableAD\Cocos\TheW\20260615_HYQ\HYQ_Project\build\super-html\pangle\HYQ_pangle.zip
2026-7-7 16:13:32-log: [super-html] : [pangle] [4498 kb] D:\工程项目\PlayableAD\Cocos\TheW\20260615_HYQ\HYQ_Project\build\super-html\pangle\HYQ_pangle_portrait.zip
2026-7-7 16:13:33-log: [super-html] : [pangle] [4498 kb] D:\工程项目\PlayableAD\Cocos\TheW\20260615_HYQ\HYQ_Project\build\super-html\pangle\HYQ_pangle_landscape.zip
2026-7-7 16:13:34-log: [super-html] : [liftoff] [4498 kb] D:\工程项目\PlayableAD\Cocos\TheW\20260615_HYQ\HYQ_Project\build\super-html\liftoff\HYQ_liftoff.zip
2026-7-7 16:13:34-log: [super-html] : [moloco] [6213 kb] D:\工程项目\PlayableAD\Cocos\TheW\20260615_HYQ\HYQ_Project\build\super-html\moloco\HYQ_moloco.html
2026-7-7 16:13:35-log: [super-html] : [tiktok] [4498 kb] D:\工程项目\PlayableAD\Cocos\TheW\20260615_HYQ\HYQ_Project\build\super-html\tiktok\HYQ_tiktok.zip
2026-7-7 16:13:36-log: [super-html] : [vungle] [4498 kb] D:\工程项目\PlayableAD\Cocos\TheW\20260615_HYQ\HYQ_Project\build\super-html\vungle\HYQ_vungle.zip
2026-7-7 16:13:37-log: [super-html] : [bigo] [4498 kb] D:\工程项目\PlayableAD\Cocos\TheW\20260615_HYQ\HYQ_Project\build\super-html\bigo\HYQ_bigo.zip
2026-7-7 16:13:37-log: [super-html] : [kwai] : thumbnail_cover.jpg no find
2026-7-7 16:13:38-log: [super-html] : [kwai] [4498 kb] D:\工程项目\PlayableAD\Cocos\TheW\20260615_HYQ\HYQ_Project\build\super-html\kwai\HYQ_kwai.zip
2026-7-7 16:13:38-log: [super-html] : [nefta] [6213 kb] D:\工程项目\PlayableAD\Cocos\TheW\20260615_HYQ\HYQ_Project\build\super-html\nefta\HYQ_nefta.html
2026-7-7 16:13:39-log: [super-html] : [nefta] [4498 kb] D:\工程项目\PlayableAD\Cocos\TheW\20260615_HYQ\HYQ_Project\build\super-html\nefta\HYQ_nefta.zip
2026-7-7 16:13:39-log: [super-html] : [snapchat] [4566 kb] D:\工程项目\PlayableAD\Cocos\TheW\20260615_HYQ\HYQ_Project\build\super-html\snapchat\HYQ_snapchat_portrait.zip
2026-7-7 16:13:40-log: [super-html] : [gdt] [4567 kb] D:\工程项目\PlayableAD\Cocos\TheW\20260615_HYQ\HYQ_Project\build\super-html\gdt\HYQ_gdt.zip
2026-7-7 16:13:40-log: [super-html] : [gdt] [4567 kb] D:\工程项目\PlayableAD\Cocos\TheW\20260615_HYQ\HYQ_Project\build\super-html\gdt\HYQ_gdt_portrait.zip
2026-7-7 16:13:41-log: [super-html] : [gdt] [4567 kb] D:\工程项目\PlayableAD\Cocos\TheW\20260615_HYQ\HYQ_Project\build\super-html\gdt\HYQ_gdt_landscape.zip
2026-7-7 16:13:41-log: [super-html] : run time 26.375S
2026-7-7 16:13:41-log: [super-html] : -- end -- 
2026-7-7 16:16:06-debug: refresh db internal success
2026-7-7 16:16:06-debug: refresh db assets success
2026-7-7 16:16:06-debug: %cImport%c: D:\工程项目\PlayableAD\Cocos\TheW\20260615_HYQ\HYQ_Project\extensions\super-packager\package_assets\Common\SuperPackage.tsbackground: #aaff85; color: #000;color: #000;
2026-7-7 16:16:06-debug: %cImport%c: D:\工程项目\PlayableAD\Cocos\TheW\20260615_HYQ\HYQ_Project\extensions\super-packager\package_assets\JiangYv\PBASDK-v3\PBASDK.tsbackground: #aaff85; color: #000;color: #000;
2026-7-7 16:16:06-debug: refresh db super-packager success
2026-7-7 16:16:06-debug: Run asset db hook engine-extends:afterRefresh ...
2026-7-7 16:16:06-debug: Run asset db hook engine-extends:afterRefresh success!
2026-7-7 16:16:06-debug: asset-db:worker-effect-data-processing (4ms)
2026-7-7 16:16:06-debug: asset-db-hook-engine-extends-afterRefresh (4ms)
2026-7-7 16:16:06-debug: asset-db:refresh-all-database (216ms)
2026-7-7 16:16:08-debug: Query all assets info in project
2026-7-7 16:16:08-debug: init custom config: keepNodeUuid: false, useCache: true
2026-7-7 16:16:08-debug: Skip compress image, progress: 0%
2026-7-7 16:16:08-debug: Init all bundles start..., progress: 0%
2026-7-7 16:16:08-debug: 查询 Asset Bundle start, progress: 0%
2026-7-7 16:16:08-debug: Num of bundles: 3..., progress: 0%
2026-7-7 16:16:08-debug: // ---- build task 查询 Asset Bundle ----
2026-7-7 16:16:08-debug: Init bundle root assets start..., progress: 0%
2026-7-7 16:16:08-debug:   Number of all scenes: 5
2026-7-7 16:16:08-debug:   Number of all scripts: 109
2026-7-7 16:16:08-debug: Query preload assets/scripts from cc.config.json: 60f7195c-ec2a-45eb-ba94-8955f60e81d0,1c02ae6f-4492-4915-b8f8-7492a3b1e4cd,810e96e4-e456-4468-9b59-f4e8f39732c0,efe8e2a3-eace-427b-b4f1-cb8a937ec77d,e9aa9a3e-5b2b-4ac7-a2c7-073de2b2b24f,8bbdbcdd-5cd4-4100-b6d5-b7c9625b6107,50f4348b-c883-4e2f-8f11-ce233b859fa1,fda095cb-831d-4601-ad94-846013963de8,f92806d7-1768-443f-afe8-12bcde84d0f0,dd3a144d-ab7f-41f0-82b8-2e43a090d496,f0416e68-0200-4b77-a926-4f9d16e494da,511d2633-09a7-4bdd-ac42-f778032124b3,5d45aa00-e064-4938-b314-4265f0c2258c,9361fd90-ba52-4f84-aa93-6e878fd576ca,970b0598-bcb0-4714-91fb-2e81440dccd8,bcd64cc6-2dd9-43f6-abbe-66318d332032,d930590d-bb92-4cc8-8bd1-23cd027f9edf,a3cd009f-0ab0-420d-9278-b9fdab939bbc,6a2d0734-bd9e-4ddf-946e-caa52498cb75,d1346436-ac96-4271-b863-1f4fdead95b0,971bdb23-3ff6-43eb-b422-1c30165a3663,17debcc3-0a6b-4b8a-b00b-dc58b885581e,711ebe11-f673-4cd9-9a83-63c60ba54c5b,c0143906-9aed-447e-9436-2ae8512d1b6e,14da1725-c4c2-42b4-ab08-ee0aeb6898b3,081cab31-dccd-428e-8652-f2404cc81c47,78e0584a-4343-4727-8f37-e14e65c2a2db,ba21476f-2866-4f81-9c4d-6e359316e448,871c3b6c-7379-419d-bda3-794b239ab90d,ff9b0199-ce04-4cfe-86cc-6c719f08d6e4,de1c2107-70c8-4021-8459-6399f24d01c6,cbf30902-517f-40dc-af90-a550bac27cf1,5c601d96-e4c7-4698-991b-7ee674b11079
2026-7-7 16:16:08-debug: Init bundle root assets success..., progress: 0%
2026-7-7 16:16:08-debug:   Number of other assets: 1158
2026-7-7 16:16:08-debug: // ---- build task 查询 Asset Bundle ---- (16ms)
2026-7-7 16:16:08-log: run build task 查询 Asset Bundle success in 16 ms√, progress: 5%
2026-7-7 16:16:08-debug: 查询 Asset Bundle start, progress: 5%
2026-7-7 16:16:08-debug: // ---- build task 查询 Asset Bundle ----
2026-7-7 16:16:08-debug: [Build Memory track]: 查询 Asset Bundle start:280.19MB, end 278.19MB, increase: -2046.93KB
2026-7-7 16:16:08-debug: // ---- build task 查询 Asset Bundle ---- (8ms)
2026-7-7 16:16:08-log: run build task 查询 Asset Bundle success in 8 ms√, progress: 10%
2026-7-7 16:16:08-debug: // ---- build task 整理部分构建选项内数据到 settings.json ----
2026-7-7 16:16:08-debug: [Build Memory track]: 查询 Asset Bundle start:278.23MB, end 278.45MB, increase: 232.15KB
2026-7-7 16:16:08-debug: 整理部分构建选项内数据到 settings.json start, progress: 10%
2026-7-7 16:16:08-debug: // ---- build task 整理部分构建选项内数据到 settings.json ---- (4ms)
2026-7-7 16:16:08-log: run build task 整理部分构建选项内数据到 settings.json success in 4 ms√, progress: 12%
2026-7-7 16:16:08-debug: // ---- build task 填充脚本数据到 settings.json ----
2026-7-7 16:16:08-debug: 填充脚本数据到 settings.json start, progress: 12%
2026-7-7 16:16:08-debug: [Build Memory track]: 整理部分构建选项内数据到 settings.json start:278.49MB, end 278.52MB, increase: 29.35KB
2026-7-7 16:16:08-debug: // ---- build task 填充脚本数据到 settings.json ---- (3ms)
2026-7-7 16:16:08-log: run build task 填充脚本数据到 settings.json success in 3 ms√, progress: 13%
2026-7-7 16:16:08-debug: [Build Memory track]: 填充脚本数据到 settings.json start:278.55MB, end 278.58MB, increase: 30.81KB
2026-7-7 16:16:08-debug: // ---- build task 整理部分构建选项内数据到 settings.json ----
2026-7-7 16:16:08-debug: 整理部分构建选项内数据到 settings.json start, progress: 13%
2026-7-7 16:16:08-debug: // ---- build task 整理部分构建选项内数据到 settings.json ---- (6ms)
2026-7-7 16:16:08-log: run build task 整理部分构建选项内数据到 settings.json success in 6 ms√, progress: 15%
2026-7-7 16:16:08-debug: [Build Memory track]: 整理部分构建选项内数据到 settings.json start:278.62MB, end 278.69MB, increase: 70.84KB
2026-7-7 16:37:10-debug: refresh db internal success
2026-7-7 16:37:10-debug: refresh db assets success
2026-7-7 16:37:10-debug: refresh db super-packager success
2026-7-7 16:37:10-debug: Run asset db hook engine-extends:afterRefresh ...
2026-7-7 16:37:10-debug: Run asset db hook engine-extends:afterRefresh success!
2026-7-7 16:37:10-debug: asset-db:refresh-all-database (250ms)
2026-7-7 16:37:10-debug: asset-db:worker-effect-data-processing (3ms)
2026-7-7 16:37:10-debug: asset-db-hook-engine-extends-afterRefresh (3ms)
2026-7-7 16:37:20-debug: refresh db internal success
2026-7-7 16:37:20-debug: refresh db assets success
2026-7-7 16:37:20-debug: refresh db super-packager success
2026-7-7 16:37:20-debug: Run asset db hook engine-extends:afterRefresh ...
2026-7-7 16:37:20-debug: Run asset db hook engine-extends:afterRefresh success!
2026-7-7 16:37:20-debug: asset-db:refresh-all-database (224ms)
2026-7-7 16:37:20-debug: asset-db:worker-effect-data-processing (2ms)
2026-7-7 16:37:20-debug: asset-db-hook-engine-extends-afterRefresh (3ms)
2026-7-7 16:37:22-debug: refresh db internal success
2026-7-7 16:37:23-debug: refresh db assets success
2026-7-7 16:37:23-debug: refresh db super-packager success
2026-7-7 16:37:23-debug: Run asset db hook engine-extends:afterRefresh ...
2026-7-7 16:37:23-debug: Run asset db hook engine-extends:afterRefresh success!
2026-7-7 16:37:23-debug: asset-db:refresh-all-database (240ms)
2026-7-7 16:37:23-debug: asset-db:worker-effect-data-processing (3ms)
2026-7-7 16:37:23-debug: asset-db-hook-engine-extends-afterRefresh (3ms)
2026-7-7 16:38:38-debug: Query all assets info in project
2026-7-7 16:38:38-debug: init custom config: keepNodeUuid: false, useCache: true
2026-7-7 16:38:38-debug: Skip compress image, progress: 0%
2026-7-7 16:38:38-debug: Init all bundles start..., progress: 0%
2026-7-7 16:38:38-debug: Num of bundles: 3..., progress: 0%
2026-7-7 16:38:38-debug: 查询 Asset Bundle start, progress: 0%
2026-7-7 16:38:38-debug: // ---- build task 查询 Asset Bundle ----
2026-7-7 16:38:38-debug: Init bundle root assets start..., progress: 0%
2026-7-7 16:38:38-debug: Query preload assets/scripts from cc.config.json: 60f7195c-ec2a-45eb-ba94-8955f60e81d0,1c02ae6f-4492-4915-b8f8-7492a3b1e4cd,810e96e4-e456-4468-9b59-f4e8f39732c0,efe8e2a3-eace-427b-b4f1-cb8a937ec77d,e9aa9a3e-5b2b-4ac7-a2c7-073de2b2b24f,8bbdbcdd-5cd4-4100-b6d5-b7c9625b6107,50f4348b-c883-4e2f-8f11-ce233b859fa1,fda095cb-831d-4601-ad94-846013963de8,f92806d7-1768-443f-afe8-12bcde84d0f0,dd3a144d-ab7f-41f0-82b8-2e43a090d496,f0416e68-0200-4b77-a926-4f9d16e494da,511d2633-09a7-4bdd-ac42-f778032124b3,5d45aa00-e064-4938-b314-4265f0c2258c,9361fd90-ba52-4f84-aa93-6e878fd576ca,970b0598-bcb0-4714-91fb-2e81440dccd8,bcd64cc6-2dd9-43f6-abbe-66318d332032,d930590d-bb92-4cc8-8bd1-23cd027f9edf,a3cd009f-0ab0-420d-9278-b9fdab939bbc,6a2d0734-bd9e-4ddf-946e-caa52498cb75,d1346436-ac96-4271-b863-1f4fdead95b0,971bdb23-3ff6-43eb-b422-1c30165a3663,17debcc3-0a6b-4b8a-b00b-dc58b885581e,711ebe11-f673-4cd9-9a83-63c60ba54c5b,c0143906-9aed-447e-9436-2ae8512d1b6e,14da1725-c4c2-42b4-ab08-ee0aeb6898b3,081cab31-dccd-428e-8652-f2404cc81c47,78e0584a-4343-4727-8f37-e14e65c2a2db,ba21476f-2866-4f81-9c4d-6e359316e448,871c3b6c-7379-419d-bda3-794b239ab90d,ff9b0199-ce04-4cfe-86cc-6c719f08d6e4,de1c2107-70c8-4021-8459-6399f24d01c6,cbf30902-517f-40dc-af90-a550bac27cf1,5c601d96-e4c7-4698-991b-7ee674b11079
2026-7-7 16:38:38-debug:   Number of all scenes: 5
2026-7-7 16:38:38-debug:   Number of all scripts: 109
2026-7-7 16:38:38-debug:   Number of other assets: 1158
2026-7-7 16:38:38-debug: Init bundle root assets success..., progress: 0%
2026-7-7 16:38:38-log: run build task 查询 Asset Bundle success in 25 ms√, progress: 5%
2026-7-7 16:38:38-debug: [Build Memory track]: 查询 Asset Bundle start:286.26MB, end 284.64MB, increase: -1659.42KB
2026-7-7 16:38:38-debug: 查询 Asset Bundle start, progress: 5%
2026-7-7 16:38:38-debug: // ---- build task 查询 Asset Bundle ----
2026-7-7 16:38:38-debug: // ---- build task 查询 Asset Bundle ---- (25ms)
2026-7-7 16:38:38-debug: // ---- build task 查询 Asset Bundle ---- (8ms)
2026-7-7 16:38:38-debug: [Build Memory track]: 查询 Asset Bundle start:284.68MB, end 284.91MB, increase: 232.32KB
2026-7-7 16:38:38-debug: 整理部分构建选项内数据到 settings.json start, progress: 10%
2026-7-7 16:38:38-log: run build task 查询 Asset Bundle success in 8 ms√, progress: 10%
2026-7-7 16:38:38-debug: // ---- build task 整理部分构建选项内数据到 settings.json ----
2026-7-7 16:38:38-debug: // ---- build task 整理部分构建选项内数据到 settings.json ---- (2ms)
2026-7-7 16:38:38-log: run build task 整理部分构建选项内数据到 settings.json success in 2 ms√, progress: 12%
2026-7-7 16:38:38-debug: [Build Memory track]: 整理部分构建选项内数据到 settings.json start:284.94MB, end 284.98MB, increase: 39.47KB
2026-7-7 16:38:38-debug: 填充脚本数据到 settings.json start, progress: 12%
2026-7-7 16:38:38-debug: // ---- build task 填充脚本数据到 settings.json ----
2026-7-7 16:38:38-debug: // ---- build task 填充脚本数据到 settings.json ---- (4ms)
2026-7-7 16:38:38-log: run build task 填充脚本数据到 settings.json success in 4 ms√, progress: 13%
2026-7-7 16:38:38-debug: [Build Memory track]: 填充脚本数据到 settings.json start:285.01MB, end 285.04MB, increase: 28.84KB
2026-7-7 16:38:38-debug: 整理部分构建选项内数据到 settings.json start, progress: 13%
2026-7-7 16:38:38-debug: // ---- build task 整理部分构建选项内数据到 settings.json ----
2026-7-7 16:38:38-debug: // ---- build task 整理部分构建选项内数据到 settings.json ---- (13ms)
2026-7-7 16:38:38-log: run build task 整理部分构建选项内数据到 settings.json success in 13 ms√, progress: 15%
2026-7-7 16:38:38-debug: [Build Memory track]: 整理部分构建选项内数据到 settings.json start:285.08MB, end 285.14MB, increase: 66.48KB
2026-7-7 16:38:49-debug: refresh db internal success
2026-7-7 16:38:49-debug: refresh db assets success
2026-7-7 16:38:49-debug: refresh db super-packager success
2026-7-7 16:38:49-debug: Run asset db hook engine-extends:afterRefresh ...
2026-7-7 16:38:49-debug: Run asset db hook engine-extends:afterRefresh success!
2026-7-7 16:38:49-debug: asset-db:refresh-all-database (182ms)
2026-7-7 16:38:49-debug: asset-db:worker-effect-data-processing (2ms)
2026-7-7 16:38:49-debug: asset-db-hook-engine-extends-afterRefresh (2ms)
2026-7-7 16:38:50-debug: %cImport%c: D:\工程项目\PlayableAD\Cocos\TheW\20260615_HYQ\HYQ_Project\assets\Scene\Game_3D-002.scenebackground: #aaff85; color: #000;color: #000;
2026-7-7 16:38:50-debug: asset-db:reimport-assetb5805d3a-3b80-4a12-adf5-588e63a7d886 (44ms)
2026-7-7 16:38:50-debug: Query all assets info in project
2026-7-7 16:38:50-debug: init custom config: keepNodeUuid: false, useCache: true
2026-7-7 16:38:50-debug: Skip compress image, progress: 0%
2026-7-7 16:38:50-debug: Init all bundles start..., progress: 0%
2026-7-7 16:38:50-debug: Num of bundles: 3..., progress: 0%
2026-7-7 16:38:50-debug: Init bundle root assets start..., progress: 0%
2026-7-7 16:38:50-debug: 查询 Asset Bundle start, progress: 0%
2026-7-7 16:38:50-debug: // ---- build task 查询 Asset Bundle ----
2026-7-7 16:38:50-debug: Query preload assets/scripts from cc.config.json: 60f7195c-ec2a-45eb-ba94-8955f60e81d0,1c02ae6f-4492-4915-b8f8-7492a3b1e4cd,810e96e4-e456-4468-9b59-f4e8f39732c0,efe8e2a3-eace-427b-b4f1-cb8a937ec77d,e9aa9a3e-5b2b-4ac7-a2c7-073de2b2b24f,8bbdbcdd-5cd4-4100-b6d5-b7c9625b6107,50f4348b-c883-4e2f-8f11-ce233b859fa1,fda095cb-831d-4601-ad94-846013963de8,f92806d7-1768-443f-afe8-12bcde84d0f0,dd3a144d-ab7f-41f0-82b8-2e43a090d496,f0416e68-0200-4b77-a926-4f9d16e494da,511d2633-09a7-4bdd-ac42-f778032124b3,5d45aa00-e064-4938-b314-4265f0c2258c,9361fd90-ba52-4f84-aa93-6e878fd576ca,970b0598-bcb0-4714-91fb-2e81440dccd8,bcd64cc6-2dd9-43f6-abbe-66318d332032,d930590d-bb92-4cc8-8bd1-23cd027f9edf,a3cd009f-0ab0-420d-9278-b9fdab939bbc,6a2d0734-bd9e-4ddf-946e-caa52498cb75,d1346436-ac96-4271-b863-1f4fdead95b0,971bdb23-3ff6-43eb-b422-1c30165a3663,17debcc3-0a6b-4b8a-b00b-dc58b885581e,711ebe11-f673-4cd9-9a83-63c60ba54c5b,c0143906-9aed-447e-9436-2ae8512d1b6e,14da1725-c4c2-42b4-ab08-ee0aeb6898b3,081cab31-dccd-428e-8652-f2404cc81c47,78e0584a-4343-4727-8f37-e14e65c2a2db,ba21476f-2866-4f81-9c4d-6e359316e448,871c3b6c-7379-419d-bda3-794b239ab90d,ff9b0199-ce04-4cfe-86cc-6c719f08d6e4,de1c2107-70c8-4021-8459-6399f24d01c6,cbf30902-517f-40dc-af90-a550bac27cf1,5c601d96-e4c7-4698-991b-7ee674b11079
2026-7-7 16:38:50-debug:   Number of all scripts: 109
2026-7-7 16:38:50-debug:   Number of other assets: 1158
2026-7-7 16:38:50-debug: Init bundle root assets success..., progress: 0%
2026-7-7 16:38:50-debug:   Number of all scenes: 5
2026-7-7 16:38:50-debug: // ---- build task 查询 Asset Bundle ---- (14ms)
2026-7-7 16:38:50-log: run build task 查询 Asset Bundle success in 14 ms√, progress: 5%
2026-7-7 16:38:50-debug: [Build Memory track]: 查询 Asset Bundle start:292.44MB, end 289.54MB, increase: -2968.57KB
2026-7-7 16:38:50-debug: // ---- build task 查询 Asset Bundle ----
2026-7-7 16:38:50-debug: 查询 Asset Bundle start, progress: 5%
2026-7-7 16:38:50-debug: // ---- build task 查询 Asset Bundle ---- (6ms)
2026-7-7 16:38:50-log: run build task 查询 Asset Bundle success in 6 ms√, progress: 10%
2026-7-7 16:38:50-debug: // ---- build task 整理部分构建选项内数据到 settings.json ----
2026-7-7 16:38:50-debug: [Build Memory track]: 查询 Asset Bundle start:289.57MB, end 289.81MB, increase: 239.62KB
2026-7-7 16:38:50-debug: 整理部分构建选项内数据到 settings.json start, progress: 10%
2026-7-7 16:38:50-debug: // ---- build task 整理部分构建选项内数据到 settings.json ---- (2ms)
2026-7-7 16:38:50-log: run build task 整理部分构建选项内数据到 settings.json success in 2 ms√, progress: 12%
2026-7-7 16:38:50-debug: [Build Memory track]: 整理部分构建选项内数据到 settings.json start:289.84MB, end 289.87MB, increase: 29.41KB
2026-7-7 16:38:50-debug: 填充脚本数据到 settings.json start, progress: 12%
2026-7-7 16:38:50-debug: // ---- build task 填充脚本数据到 settings.json ----
2026-7-7 16:38:50-debug: // ---- build task 填充脚本数据到 settings.json ---- (2ms)
2026-7-7 16:38:50-log: run build task 填充脚本数据到 settings.json success in 2 ms√, progress: 13%
2026-7-7 16:38:50-debug: // ---- build task 整理部分构建选项内数据到 settings.json ----
2026-7-7 16:38:50-debug: [Build Memory track]: 填充脚本数据到 settings.json start:289.90MB, end 289.93MB, increase: 28.64KB
2026-7-7 16:38:50-debug: 整理部分构建选项内数据到 settings.json start, progress: 13%
2026-7-7 16:38:50-debug: // ---- build task 整理部分构建选项内数据到 settings.json ---- (5ms)
2026-7-7 16:38:51-log: run build task 整理部分构建选项内数据到 settings.json success in 5 ms√, progress: 15%
2026-7-7 16:38:51-debug: [Build Memory track]: 整理部分构建选项内数据到 settings.json start:289.97MB, end 290.03MB, increase: 65.02KB
2026-7-7 16:38:51-debug: Query all assets info in project
2026-7-7 16:38:51-debug: init custom config: keepNodeUuid: false, useCache: true
2026-7-7 16:38:51-debug: Skip compress image, progress: 0%
2026-7-7 16:38:51-debug: Init all bundles start..., progress: 0%
2026-7-7 16:38:51-debug: Num of bundles: 3..., progress: 0%
2026-7-7 16:38:51-debug: 查询 Asset Bundle start, progress: 0%
2026-7-7 16:38:51-debug: // ---- build task 查询 Asset Bundle ----
2026-7-7 16:38:51-debug: Init bundle root assets start..., progress: 0%
2026-7-7 16:38:51-debug: Query preload assets/scripts from cc.config.json: 60f7195c-ec2a-45eb-ba94-8955f60e81d0,1c02ae6f-4492-4915-b8f8-7492a3b1e4cd,810e96e4-e456-4468-9b59-f4e8f39732c0,efe8e2a3-eace-427b-b4f1-cb8a937ec77d,e9aa9a3e-5b2b-4ac7-a2c7-073de2b2b24f,8bbdbcdd-5cd4-4100-b6d5-b7c9625b6107,50f4348b-c883-4e2f-8f11-ce233b859fa1,fda095cb-831d-4601-ad94-846013963de8,f92806d7-1768-443f-afe8-12bcde84d0f0,dd3a144d-ab7f-41f0-82b8-2e43a090d496,f0416e68-0200-4b77-a926-4f9d16e494da,511d2633-09a7-4bdd-ac42-f778032124b3,5d45aa00-e064-4938-b314-4265f0c2258c,9361fd90-ba52-4f84-aa93-6e878fd576ca,970b0598-bcb0-4714-91fb-2e81440dccd8,bcd64cc6-2dd9-43f6-abbe-66318d332032,d930590d-bb92-4cc8-8bd1-23cd027f9edf,a3cd009f-0ab0-420d-9278-b9fdab939bbc,6a2d0734-bd9e-4ddf-946e-caa52498cb75,d1346436-ac96-4271-b863-1f4fdead95b0,971bdb23-3ff6-43eb-b422-1c30165a3663,17debcc3-0a6b-4b8a-b00b-dc58b885581e,711ebe11-f673-4cd9-9a83-63c60ba54c5b,c0143906-9aed-447e-9436-2ae8512d1b6e,14da1725-c4c2-42b4-ab08-ee0aeb6898b3,081cab31-dccd-428e-8652-f2404cc81c47,78e0584a-4343-4727-8f37-e14e65c2a2db,ba21476f-2866-4f81-9c4d-6e359316e448,871c3b6c-7379-419d-bda3-794b239ab90d,ff9b0199-ce04-4cfe-86cc-6c719f08d6e4,de1c2107-70c8-4021-8459-6399f24d01c6,cbf30902-517f-40dc-af90-a550bac27cf1,5c601d96-e4c7-4698-991b-7ee674b11079
2026-7-7 16:38:51-debug:   Number of all scenes: 5
2026-7-7 16:38:51-debug:   Number of all scripts: 109
2026-7-7 16:38:51-debug: Init bundle root assets success..., progress: 0%
2026-7-7 16:38:51-debug: // ---- build task 查询 Asset Bundle ---- (15ms)
2026-7-7 16:38:51-log: run build task 查询 Asset Bundle success in 15 ms√, progress: 5%
2026-7-7 16:38:51-debug:   Number of other assets: 1158
2026-7-7 16:38:51-debug: [Build Memory track]: 查询 Asset Bundle start:290.69MB, end 289.08MB, increase: -1642.64KB
2026-7-7 16:38:51-debug: 查询 Asset Bundle start, progress: 5%
2026-7-7 16:38:51-debug: // ---- build task 查询 Asset Bundle ----
2026-7-7 16:38:51-debug: // ---- build task 查询 Asset Bundle ---- (8ms)
2026-7-7 16:38:51-log: run build task 查询 Asset Bundle success in 8 ms√, progress: 10%
2026-7-7 16:38:51-debug: // ---- build task 整理部分构建选项内数据到 settings.json ----
2026-7-7 16:38:51-debug: [Build Memory track]: 查询 Asset Bundle start:289.12MB, end 289.36MB, increase: 250.41KB
2026-7-7 16:38:51-debug: 整理部分构建选项内数据到 settings.json start, progress: 10%
2026-7-7 16:38:51-debug: // ---- build task 整理部分构建选项内数据到 settings.json ---- (2ms)
2026-7-7 16:38:51-log: run build task 整理部分构建选项内数据到 settings.json success in 2 ms√, progress: 12%
2026-7-7 16:38:51-debug: [Build Memory track]: 整理部分构建选项内数据到 settings.json start:289.40MB, end 289.43MB, increase: 29.40KB
2026-7-7 16:38:51-debug: 填充脚本数据到 settings.json start, progress: 12%
2026-7-7 16:38:51-debug: // ---- build task 填充脚本数据到 settings.json ----
2026-7-7 16:38:51-debug: // ---- build task 填充脚本数据到 settings.json ---- (2ms)
2026-7-7 16:38:51-log: run build task 填充脚本数据到 settings.json success in 2 ms√, progress: 13%
2026-7-7 16:38:51-debug: // ---- build task 整理部分构建选项内数据到 settings.json ----
2026-7-7 16:38:51-debug: 整理部分构建选项内数据到 settings.json start, progress: 13%
2026-7-7 16:38:51-debug: [Build Memory track]: 填充脚本数据到 settings.json start:289.46MB, end 289.49MB, increase: 28.69KB
2026-7-7 16:38:51-debug: // ---- build task 整理部分构建选项内数据到 settings.json ---- (9ms)
2026-7-7 16:38:51-log: run build task 整理部分构建选项内数据到 settings.json success in 9 ms√, progress: 15%
2026-7-7 16:38:51-debug: [Build Memory track]: 整理部分构建选项内数据到 settings.json start:289.52MB, end 289.59MB, increase: 65.05KB
2026-7-7 16:39:54-debug: Start record console... {file(D:\工程项目\PlayableAD\Cocos\TheW\20260615_HYQ\HYQ_Project\temp\builder\log\web-mobile2026-7-7 16-39.log)}
2026-7-7 16:39:54-debug: =================================== build Task (web-mobile-001) Start ================================
2026-7-7 16:39:54-debug: Build with Cocos Creator 3.8.7
2026-7-7 16:39:54-debug: Start build task, options:{"name":"HYQ","server":"","engineModulesConfigKey":"defaultConfig","platform":"web-mobile","buildPath":"project://build","debug":false,"buildMode":"normal","mangleProperties":false,"md5Cache":false,"skipCompressTexture":false,"sourceMaps":false,"overwriteProjectSettings":{"includeModules":{"gfx-webgl2":"on","physics":"inherit-project-setting","physics-2d":"inherit-project-setting"},"macroConfig":{"cleanupImageCache":"inherit-project-setting"}},"nativeCodeBundleMode":"asmjs","polyfills":{"asyncFunctions":true},"experimentalEraseModules":false,"startSceneAssetBundle":false,"bundleConfigs":[],"inlineEnum":true,"useBuiltinServer":false,"md5CacheOptions":{"excludes":[],"includes":[],"replaceOnly":[],"handleTemplateMd5Link":true},"mainBundleIsRemote":false,"mainBundleCompressionType":"merge_dep","useSplashScreen":true,"bundleCommonChunk":false,"packAutoAtlas":true,"startScene":"b5805d3a-3b80-4a12-adf5-588e63a7d886","outputName":"web-mobile-001","taskName":"web-mobile-001","scenes":[{"url":"db://assets/Scene/Game_3D-002.scene","uuid":"b5805d3a-3b80-4a12-adf5-588e63a7d886"}],"wasmCompressionMode":false,"binGroupConfig":{"threshold":16,"enable":false},"packages":{"web-mobile":{"useWebGPU":false,"orientation":"auto","embedWebDebugger":false,"__version__":"1.0.1"},"super-packager":{"googlePlayUrl":"","appStoreUrl":"","__version__":"2.7.0"},"adsense-h5g-plugin":{"enableAdsense":false,"enableTestAd":false,"__version__":"1.0.1","AFPHostPropertyCode":"ca-host-pub-5396158963872751","AFPHostDomain":"douyougame.com","otherAFPHostPropertyCode":"","otherAFPDomain":""},"cocos-service":{"configID":"56841a","services":[],"__version__":"3.0.9"}},"__version__":"1.3.9","logDest":"project://temp/builder/log/web-mobile2026-7-7 16-39.log"}
2026-7-7 16:39:54-debug: cocos-service:(onBeforeBuild) start..., progress: 0%
2026-7-7 16:39:54-debug: // ---- build task cocos-service：onBeforeBuild ----
2026-7-7 16:39:54-debug: // ---- build task cocos-service：onBeforeBuild ---- (126ms)
2026-7-7 16:39:54-debug: cocos-service:(onBeforeBuild) in 126 ms ✓, progress: 2%
2026-7-7 16:39:54-debug: // ---- build task scene：onBeforeBuild ----
2026-7-7 16:39:54-debug: scene:(onBeforeBuild) start..., progress: 2%
2026-7-7 16:39:54-debug: // ---- build task scene：onBeforeBuild ---- (110ms)
2026-7-7 16:39:54-debug: // ---- build task super-packager：onBeforeBuild ----
2026-7-7 16:39:54-log: [SUPER_PACKAGE]onBeforeBuild
2026-7-7 16:39:54-debug: super-packager:(onBeforeBuild) start..., progress: 4%
2026-7-7 16:39:54-log: [SUPER_PACKAGE]商店链接配置:{"googlePlayUrl":"","appStoreUrl":""}
2026-7-7 16:39:54-debug: scene:(onBeforeBuild) in 110 ms ✓, progress: 4%
2026-7-7 16:39:54-log: [SUPER_PACKAGE]商店链接已同步到文件
2026-7-7 16:39:54-debug: // ---- build task super-packager：onBeforeBuild ---- (53ms)
2026-7-7 16:39:54-debug: super-packager:(onBeforeBuild) in 53 ms ✓, progress: 5%
2026-7-7 16:39:54-debug: Start lock asset db..., progress: 5%
2026-7-7 16:39:54-log: Asset DB is paused with build!
2026-7-7 16:39:54-debug: Query all assets info in project
2026-7-7 16:39:54-debug: init custom config: keepNodeUuid: false, useCache: true
2026-7-7 16:39:54-debug: web-mobile:(onAfterInit) start..., progress: 5%
2026-7-7 16:39:54-debug: // ---- build task web-mobile：onAfterInit ----
2026-7-7 16:39:54-debug: // ---- build task web-mobile：onAfterInit ---- (53ms)
2026-7-7 16:39:54-debug: web-mobile:(onAfterInit) in 53 ms ✓, progress: 7%
2026-7-7 16:39:54-debug: cocos-service:(onAfterInit) start..., progress: 7%
2026-7-7 16:39:54-debug: // ---- build task cocos-service：onAfterInit ----
2026-7-7 16:39:54-debug: // ---- build task cocos-service：onAfterInit ---- (196ms)
2026-7-7 16:39:54-debug: cocos-service:(onAfterInit) in 196 ms ✓, progress: 9%
2026-7-7 16:39:54-debug: Skip compress image, progress: 0%
2026-7-7 16:39:54-debug: adsense-h5g-plugin:(onBeforeBundleInit) start..., progress: 9%
2026-7-7 16:39:54-debug: adsense-h5g-plugin:(onBeforeBundleInit) start..., progress: 0%
2026-7-7 16:39:54-debug: // ---- build task adsense-h5g-plugin：onBeforeBundleInit ----
2026-7-7 16:39:54-debug: [adsense-h5g-plugin] remove script success
2026-7-7 16:39:54-debug: // ---- build task adsense-h5g-plugin：onBeforeBundleInit ---- (88ms)
2026-7-7 16:39:54-debug: adsense-h5g-plugin:(onBeforeBundleInit) in 88 ms ✓, progress: 9%
2026-7-7 16:39:54-debug: adsense-h5g-plugin:(onBeforeBundleInit) in 88 ms ✓, progress: 7%
2026-7-7 16:39:54-debug: Init all bundles start..., progress: 9%
2026-7-7 16:39:54-debug: Init all bundles start..., progress: 7%
2026-7-7 16:39:54-debug: Num of bundles: 3..., progress: 9%
2026-7-7 16:39:54-debug: Num of bundles: 3..., progress: 7%
2026-7-7 16:39:54-debug: web-mobile:(onAfterBundleInit) start..., progress: 9%
2026-7-7 16:39:54-debug: web-mobile:(onAfterBundleInit) start..., progress: 7%
2026-7-7 16:39:54-debug: // ---- build task web-mobile：onAfterBundleInit ----
2026-7-7 16:39:54-debug: // ---- build task web-mobile：onAfterBundleInit ---- (100ms)
2026-7-7 16:39:54-debug: web-mobile:(onAfterBundleInit) in 100 ms ✓, progress: 9%
2026-7-7 16:39:54-debug: web-mobile:(onAfterBundleInit) in 100 ms ✓, progress: 13%
2026-7-7 16:39:54-debug: 查询 Asset Bundle start, progress: 9%
2026-7-7 16:39:54-debug: Init bundle root assets start..., progress: 9%
2026-7-7 16:39:54-debug: // ---- build task 查询 Asset Bundle ----
2026-7-7 16:39:54-debug: Init bundle root assets start..., progress: 13%
2026-7-7 16:39:55-debug: Query preload assets/scripts from cc.config.json: 60f7195c-ec2a-45eb-ba94-8955f60e81d0,1c02ae6f-4492-4915-b8f8-7492a3b1e4cd,810e96e4-e456-4468-9b59-f4e8f39732c0,efe8e2a3-eace-427b-b4f1-cb8a937ec77d,e9aa9a3e-5b2b-4ac7-a2c7-073de2b2b24f,8bbdbcdd-5cd4-4100-b6d5-b7c9625b6107,50f4348b-c883-4e2f-8f11-ce233b859fa1,fda095cb-831d-4601-ad94-846013963de8,f92806d7-1768-443f-afe8-12bcde84d0f0,dd3a144d-ab7f-41f0-82b8-2e43a090d496,f0416e68-0200-4b77-a926-4f9d16e494da,511d2633-09a7-4bdd-ac42-f778032124b3,5d45aa00-e064-4938-b314-4265f0c2258c,9361fd90-ba52-4f84-aa93-6e878fd576ca,970b0598-bcb0-4714-91fb-2e81440dccd8,bcd64cc6-2dd9-43f6-abbe-66318d332032,d930590d-bb92-4cc8-8bd1-23cd027f9edf,a3cd009f-0ab0-420d-9278-b9fdab939bbc,6a2d0734-bd9e-4ddf-946e-caa52498cb75,d1346436-ac96-4271-b863-1f4fdead95b0,971bdb23-3ff6-43eb-b422-1c30165a3663,17debcc3-0a6b-4b8a-b00b-dc58b885581e,711ebe11-f673-4cd9-9a83-63c60ba54c5b,c0143906-9aed-447e-9436-2ae8512d1b6e,14da1725-c4c2-42b4-ab08-ee0aeb6898b3,081cab31-dccd-428e-8652-f2404cc81c47,78e0584a-4343-4727-8f37-e14e65c2a2db,ba21476f-2866-4f81-9c4d-6e359316e448,871c3b6c-7379-419d-bda3-794b239ab90d,ff9b0199-ce04-4cfe-86cc-6c719f08d6e4,de1c2107-70c8-4021-8459-6399f24d01c6,cbf30902-517f-40dc-af90-a550bac27cf1,5c601d96-e4c7-4698-991b-7ee674b11079
2026-7-7 16:39:55-debug:   Number of all scenes: 5
2026-7-7 16:39:55-debug:   Number of other assets: 1158
2026-7-7 16:39:55-debug: Init bundle root assets success..., progress: 9%
2026-7-7 16:39:55-debug: Init bundle root assets success..., progress: 13%
2026-7-7 16:39:55-debug: reload all scripts.
2026-7-7 16:39:55-debug:   Number of all scripts: 109
2026-7-7 16:39:55-debug: [[Executor]] reload before lock
2026-7-7 16:39:55-debug: Set detail map pack:///resolution-detail-map.json: {}
2026-7-7 16:39:55-debug: Unregister BuiltinPipelineSettings
2026-7-7 16:39:55-debug: Unregister BuiltinPipelinePassBuilder
2026-7-7 16:39:55-debug: Unregister Lightning
2026-7-7 16:39:55-debug: Unregister DebugViewRuntimeControl
2026-7-7 16:39:55-debug: Unregister CameraMove
2026-7-7 16:39:55-debug: Unregister BuiltinDepthOfFieldPass
2026-7-7 16:39:55-debug: Unregister RotationDrive
2026-7-7 16:39:55-debug: Unregister UnityUpComponent
2026-7-7 16:39:55-debug: Unregister RotationVector
2026-7-7 16:39:55-debug: Unregister LayerManager
2026-7-7 16:39:55-debug: Unregister PrefabsManager
2026-7-7 16:39:55-debug: Unregister MoveDrive
2026-7-7 16:39:55-debug: Unregister PrefabsRes
2026-7-7 16:39:55-debug: Unregister L18nManager
2026-7-7 16:39:55-debug: Unregister DownLoadL8
2026-7-7 16:39:55-debug: Unregister LangArrAuto
2026-7-7 16:39:55-debug: Unregister LangAuto
2026-7-7 16:39:55-debug: Unregister DownLoadL8
2026-7-7 16:39:55-debug: Unregister ResurrectionL8
2026-7-7 16:39:55-debug: Unregister JumpDriveEngine
2026-7-7 16:39:55-debug: Unregister FlayPropManager
2026-7-7 16:39:55-debug: Unregister Prop
2026-7-7 16:39:55-debug: Unregister BagBase
2026-7-7 16:39:55-debug: Unregister GroupBag3D
2026-7-7 16:39:55-debug: Unregister LabBagUp
2026-7-7 16:39:55-debug: Unregister GroupPropTransform
2026-7-7 16:39:55-debug: Unregister AttackTargetBase
2026-7-7 16:39:55-debug: Unregister AreaAttack
2026-7-7 16:39:55-debug: Unregister CollectGetTarget
2026-7-7 16:39:55-debug: Unregister MeleeAttack
2026-7-7 16:39:55-debug: Unregister MeshFlashPropData
2026-7-7 16:39:55-debug: Unregister MeshFlashSwitchData
2026-7-7 16:39:55-debug: Unregister MeshFlashData
2026-7-7 16:39:55-debug: Unregister BattleTargetBase
2026-7-7 16:39:55-debug: Unregister EffectRemoveBase
2026-7-7 16:39:55-debug: Unregister HpComponent
2026-7-7 16:39:55-debug: Unregister EffectTimePartRemove
2026-7-7 16:39:55-debug: Unregister EffectManager
2026-7-7 16:39:55-debug: Unregister BulletMonsterCollisionManager
2026-7-7 16:39:55-debug: Unregister BulletBattle3D
2026-7-7 16:39:55-debug: Unregister ColliderTag
2026-7-7 16:39:55-debug: Unregister BattleTarget3D
2026-7-7 16:39:55-debug: Unregister BulletCollideBase2D
2026-7-7 16:39:55-debug: Unregister RangedAttack
2026-7-7 16:39:55-debug: Unregister BulletBattle2D
2026-7-7 16:39:55-debug: Unregister TriggerBase2D
2026-7-7 16:39:55-debug: Unregister BattleTarget2D
2026-7-7 16:39:55-debug: Unregister AttackParkPlay
2026-7-7 16:39:55-debug: Unregister CollectBattleTarger2D
2026-7-7 16:39:55-debug: Unregister RangeTowerAttack
2026-7-7 16:39:55-debug: Unregister RangedAttack_Circle
2026-7-7 16:39:55-debug: Unregister BulletCollideBase3D
2026-7-7 16:39:55-debug: Unregister RangedAttack_Shrapnel
2026-7-7 16:39:55-debug: Unregister CollectBattleTarger3D
2026-7-7 16:39:55-debug: Unregister TriggerBase3D
2026-7-7 16:39:55-debug: Unregister BulletBatchRenderer
2026-7-7 16:39:55-debug: Unregister EffectTimeRemove
2026-7-7 16:39:55-debug: Unregister Role
2026-7-7 16:39:55-debug: Unregister FbxManager
2026-7-7 16:39:55-debug: Unregister GameOverPanel
2026-7-7 16:39:55-debug: Unregister WeaponBulletConfig
2026-7-7 16:39:55-debug: Unregister Player
2026-7-7 16:39:55-debug: Unregister GuideLine
2026-7-7 16:39:55-debug: Unregister ArmsInfo
2026-7-7 16:39:55-debug: Unregister MonsterBattleTaerget
2026-7-7 16:39:55-debug: Unregister PropArms
2026-7-7 16:39:55-debug: Unregister PropBrand
2026-7-7 16:39:55-debug: Unregister LalianHitStageConfig
2026-7-7 16:39:55-debug: Unregister CreatePropBrand
2026-7-7 16:39:55-debug: Unregister MonsterCreateInfo
2026-7-7 16:39:55-debug: Unregister MonsterCreateQueue
2026-7-7 16:39:55-debug: Unregister MonsterCreate
2026-7-7 16:39:55-debug: Unregister PropLalianGate
2026-7-7 16:39:55-debug: Unregister PropTireGate
2026-7-7 16:39:55-debug: Unregister GuideManager
2026-7-7 16:39:55-debug: Unregister RockerUI
2026-7-7 16:39:55-debug: Unregister RockerMouseEvent
2026-7-7 16:39:55-debug: Unregister Shopping
2026-7-7 16:39:55-debug: Unregister ShoppIngEvent
2026-7-7 16:39:55-debug: Unregister BuyWay2D
2026-7-7 16:39:55-debug: Unregister BuyWayBase
2026-7-7 16:39:55-debug: Unregister ShoppingItem
2026-7-7 16:39:55-debug: Unregister BuyWay3D
2026-7-7 16:39:55-debug: Unregister Shopping_Super
2026-7-7 16:39:55-debug: Unregister FrameAnimManager
2026-7-7 16:39:55-debug: Unregister ArmsUp
2026-7-7 16:39:55-debug: Unregister UIButtonEvent
2026-7-7 16:39:55-debug: Unregister FrameManager
2026-7-7 16:39:55-debug: Invalidating 'pack:///chunks/93/93ba276ea7b26ffcdc433fab14afc1ed6f05647b.js'
2026-7-7 16:39:55-debug: Invalidating 'pack:///chunks/6d/6d8fd2b0177941b032ddc0733af48a561fb60657.js'
2026-7-7 16:39:55-debug: Invalidating 'pack:///chunks/d9/d980f46bad1521f99cf9b02f6f4709610973859b.js'
2026-7-7 16:39:55-debug: Invalidating 'pack:///chunks/6a/6a5019a719a9014c047e67aa1cf34453ab8392ce.js'
2026-7-7 16:39:55-debug: Invalidating 'pack:///chunks/c9/c9d891290a54ec567f150962e76c6bf9cdf47b3b.js'
2026-7-7 16:39:55-debug: Invalidating 'pack:///chunks/04/04f62969dc20e2c08fceeca28e5f160f93c57d48.js'
2026-7-7 16:39:55-debug: Invalidating 'pack:///chunks/84/84fdd98491917343dab9e13fe8b5a70bd6a363c2.js'
2026-7-7 16:39:55-debug: Invalidating 'pack:///chunks/f2/f22794b1c95bc92b6e994a97e9b193af020adc12.js'
2026-7-7 16:39:55-debug: Invalidating 'pack:///chunks/e0/e099fc7c0597d98bad93ecd30952e1955267ade1.js'
2026-7-7 16:39:55-debug: Unregister StutterCheck
2026-7-7 16:39:55-debug: Invalidating 'pack:///chunks/e2/e2118395860d446afdd7349c12bbbbd5ff0a8915.js'
2026-7-7 16:39:55-debug: Invalidating 'pack:///chunks/e9/e96bc804d4af33012a1ad5c19177a551c107f2ae.js'
2026-7-7 16:39:55-debug: Invalidating 'pack:///chunks/14/14cec8e3738599ab9965ee6a2127491eba1361af.js'
2026-7-7 16:39:55-debug: Invalidating 'pack:///chunks/31/31cebe8e0355019a96c8dc216aed673e195b2a53.js'
2026-7-7 16:39:55-debug: Invalidating 'pack:///chunks/3f/3fc33806253ded99e50ac9220c73832ef2904ca7.js'
2026-7-7 16:39:55-debug: Invalidating 'pack:///chunks/56/5601ae9cf318e5c14df7d30ca1cafe71734c982a.js'
2026-7-7 16:39:55-debug: Invalidating 'pack:///chunks/4d/4d6662648c8c361d9de350d72c1ab0a8e7508014.js'
2026-7-7 16:39:55-debug: Invalidating 'pack:///chunks/90/901a8f42214a0198b9aca11ce347c093cca5e26c.js'
2026-7-7 16:39:55-debug: Invalidating 'pack:///chunks/8a/8ae7d51cc818f718270f9e2ad9b78b6df4ffa62c.js'
2026-7-7 16:39:55-debug: Invalidating 'pack:///chunks/8b/8b1077471006cad018e02beccd0bed5dcc54c671.js'
2026-7-7 16:39:55-debug: Invalidating 'pack:///chunks/84/8436bf0d6f6a392b090fff8471ad48b32970414b.js'
2026-7-7 16:39:55-debug: Invalidating 'pack:///chunks/f2/f20c45b49501fbe07d44e99d95c2c506a06a0ecd.js'
2026-7-7 16:39:55-debug: Invalidating 'pack:///chunks/79/798785a3f67288cbb075d5efa15a2c266208a881.js'
2026-7-7 16:39:55-debug: Invalidating 'pack:///chunks/a1/a1d124b8795c6e55160d2ce5ecbd41437847152f.js'
2026-7-7 16:39:55-debug: Invalidating 'pack:///chunks/e9/e950dd2519065be1280daf69ce7f6b07e4d0caaa.js'
2026-7-7 16:39:55-debug: Invalidating 'pack:///chunks/f0/f04c2dd9d3cc608a6f46e13bb5d3c46aa5633baf.js'
2026-7-7 16:39:55-debug: Invalidating 'pack:///chunks/ed/edbdde40fab9baf06e704beb85e64d72f20aefb8.js'
2026-7-7 16:39:55-debug: Invalidating 'pack:///chunks/f8/f8baeccf8cf047db05161c9b9e8b6b4ff9eefe2f.js'
2026-7-7 16:39:55-debug: Invalidating 'pack:///chunks/eb/eb316915c4446a477164305c14374917acb92a23.js'
2026-7-7 16:39:55-debug: Invalidating 'pack:///chunks/40/407fe08f85a1575a06beb3692d40cf36d9684f58.js'
2026-7-7 16:39:55-debug: Invalidating 'pack:///chunks/f5/f570589f727cbf96139a6869e201d7a87544da71.js'
2026-7-7 16:39:55-debug: Invalidating 'pack:///chunks/63/633ac4308370832c1c78b9f28702617696f6e9fb.js'
2026-7-7 16:39:55-debug: Invalidating 'pack:///chunks/0f/0fd75e1d9556ba520ee98c89195f9d0594110ad2.js'
2026-7-7 16:39:55-debug: Invalidating 'pack:///chunks/84/84bbaa7f2e1a0639f57f755b935e1acb7d73f78e.js'
2026-7-7 16:39:55-debug: Invalidating 'pack:///chunks/5f/5fdfd08a9c16dc742e66ef16a5a8e13f5f831a3e.js'
2026-7-7 16:39:55-debug: Invalidating 'pack:///chunks/4c/4c2851018e56f823e74c2b3e2117156bcb9e76d0.js'
2026-7-7 16:39:55-debug: Invalidating 'pack:///chunks/ec/ecb76259f390974cf14cad52564b11281c42a7e6.js'
2026-7-7 16:39:55-debug: Invalidating 'pack:///chunks/38/38483f6f68b174c6aad120536d38c3642cb0e458.js'
2026-7-7 16:39:55-debug: Invalidating 'pack:///chunks/d5/d58c1ab1b696259af8c3b1384857266dba055462.js'
2026-7-7 16:39:55-debug: Invalidating 'pack:///chunks/e5/e5fea8c54230bb378b45e63a8ea8186bdeccbbe2.js'
2026-7-7 16:39:55-debug: Invalidating 'pack:///chunks/b6/b6919de7425c243c4e1697f376cb4f6f6b2769a4.js'
2026-7-7 16:39:55-debug: Invalidating 'pack:///chunks/41/4103e3b8e8be7d1b0e7a8a67f28a2c29fe9aa2dc.js'
2026-7-7 16:39:55-debug: Invalidating 'pack:///chunks/2e/2edb51f2f57b638345a2b9d561f476b67029b574.js'
2026-7-7 16:39:55-debug: Invalidating 'pack:///chunks/80/80f420cd19a5967732f7f177a68c3670990311d3.js'
2026-7-7 16:39:55-debug: Invalidating 'pack:///chunks/f6/f6cf9b6088316a765dbcd0b22eb496d3f4be80dc.js'
2026-7-7 16:39:55-debug: Invalidating 'pack:///chunks/7e/7e52be47c960966fc7d962b7957dbbce1047514e.js'
2026-7-7 16:39:55-debug: Invalidating 'pack:///chunks/0e/0ea1c77c59b038eb4661ef171f440cbc7cc134ca.js'
2026-7-7 16:39:55-debug: Invalidating 'pack:///chunks/b5/b5c69e24499acddd297e4328687b0ea934b109d5.js'
2026-7-7 16:39:55-debug: Invalidating 'pack:///chunks/29/296009d632e65e6f653d790324d741c2d9759f34.js'
2026-7-7 16:39:55-debug: Invalidating 'pack:///chunks/3f/3ff8f1a74d7fbbd22ced04971b6ab15e04fd86a6.js'
2026-7-7 16:39:55-debug: Invalidating 'pack:///chunks/80/803faff6203a98317cc86f08677de73b7112b743.js'
2026-7-7 16:39:55-debug: Invalidating 'pack:///chunks/f4/f4bb2b73aacdc0370fc65face1ef60d9e8732bfd.js'
2026-7-7 16:39:55-debug: Invalidating 'pack:///chunks/b1/b12e427b1fcb487f729ef654542d8e9775a297cb.js'
2026-7-7 16:39:55-debug: Invalidating 'pack:///chunks/d5/d5f6e07e1b02d743fed3d9c2c8e155b0c3309d52.js'
2026-7-7 16:39:55-debug: Invalidating 'pack:///chunks/23/2370bd6a63dbba247d7fcab21c5244288f150386.js'
2026-7-7 16:39:55-debug: Invalidating 'pack:///chunks/02/021cbce763294c7c4adf05845718c817a68ff9f3.js'
2026-7-7 16:39:55-debug: Invalidating 'pack:///chunks/9b/9be30ad1a917cc0914201f1db5bdf1c5cb4d6e49.js'
2026-7-7 16:39:55-debug: Invalidating 'pack:///chunks/9e/9ec8816866d723aea0e61547ea23bf04cc3c7c78.js'
2026-7-7 16:39:55-debug: Invalidating 'pack:///chunks/43/4314f54defc530df4c3d4a14e3561038b8628ff3.js'
2026-7-7 16:39:55-debug: Invalidating 'pack:///chunks/a7/a78b9d0a8af4315011c59f40b6c49da033e49269.js'
2026-7-7 16:39:55-debug: Invalidating 'pack:///chunks/4a/4a75ba705e89112b3bcc356e77985c7a095b80f4.js'
2026-7-7 16:39:55-debug: Invalidating 'pack:///chunks/b0/b0316da27abe29af9f8a517d28257bc913762f57.js'
2026-7-7 16:39:55-debug: Invalidating 'pack:///chunks/bb/bb66609565f0d30fbedfe7ab7019decca8a2726b.js'
2026-7-7 16:39:55-debug: Invalidating 'pack:///chunks/9a/9a8786a747b555136cef77c9f5e7ad17e18a31eb.js'
2026-7-7 16:39:55-debug: Invalidating 'pack:///chunks/6c/6c35293030e947e52f03ea585990d17f31ea7df0.js'
2026-7-7 16:39:55-debug: Invalidating 'pack:///chunks/ce/ced31965a759b2c1d777a8f0d98f8cd326020d87.js'
2026-7-7 16:39:55-debug: Invalidating 'pack:///chunks/e1/e13771ea8032dbc1728530af431c57de3b1e5e24.js'
2026-7-7 16:39:55-debug: Invalidating 'pack:///chunks/05/0510980ff6e9ad26ec622e2230780bc7f1d96f08.js'
2026-7-7 16:39:55-debug: Invalidating 'pack:///chunks/8a/8a4b23fc8904a55daa926fa9bf2d450c2c59d378.js'
2026-7-7 16:39:55-debug: Invalidating 'pack:///chunks/5b/5b626ae965dfc8bbf67ffe6dd329ea95c382afe6.js'
2026-7-7 16:39:55-debug: Invalidating 'pack:///chunks/dc/dcc18999575bc7125a793680f1b595554e7f2cde.js'
2026-7-7 16:39:55-debug: Invalidating 'pack:///chunks/6e/6e4d3e245933373fd13279940a5d6dee30418f49.js'
2026-7-7 16:39:55-debug: Invalidating 'pack:///chunks/f0/f05038aedf4d7805ad91dbf59f1c87fe35c23bb5.js'
2026-7-7 16:39:55-debug: Invalidating 'pack:///chunks/fa/fad9c36dab7fd23cbd0b1b9ebcbd02e6023aaadd.js'
2026-7-7 16:39:55-debug: Invalidating 'pack:///chunks/01/011c6605e93c83936bcaadc521a3f2df21bdd87a.js'
2026-7-7 16:39:55-debug: Invalidating 'pack:///chunks/7a/7a056ac353cd4f184635b76aa08c0d427085fda7.js'
2026-7-7 16:39:55-debug: Invalidating 'pack:///chunks/11/1193ac27b94da532d27808ef712ed0fcd809d84d.js'
2026-7-7 16:39:55-debug: Invalidating 'pack:///chunks/05/05825d2a71d7765a90fbbdda8907aab57810f0a0.js'
2026-7-7 16:39:55-debug: Invalidating 'pack:///chunks/29/2933ae65951958109aeb70104e6287b8240a8e01.js'
2026-7-7 16:39:55-debug: Invalidating 'pack:///chunks/cd/cd87286564d42a577ada1093f142b4db43415d61.js'
2026-7-7 16:39:55-debug: Invalidating 'pack:///chunks/dd/ddf9ec67bc21176ab14fd7bef2d6099af7cab4e3.js'
2026-7-7 16:39:55-debug: Invalidating 'pack:///chunks/12/120cba8f856407335ad8a04347cd4d36bf752a1e.js'
2026-7-7 16:39:55-debug: Invalidating 'pack:///chunks/03/031aac2e2ea93f03b5422269c22800e822715034.js'
2026-7-7 16:39:55-debug: Invalidating 'pack:///chunks/6b/6b5ef849a8a91f0cd956b88818795e47d9431e29.js'
2026-7-7 16:39:55-debug: Invalidating 'pack:///chunks/78/7875e58dc11de4424867c114cd71cf4d379fd7ce.js'
2026-7-7 16:39:55-debug: Invalidating 'pack:///chunks/6b/6bf6369babd500e0802aeb38d4c346ae3462ef8b.js'
2026-7-7 16:39:55-debug: Invalidating 'pack:///chunks/2c/2c40d59e1ac0050bfd5e4aece9657278c88a4b47.js'
2026-7-7 16:39:55-debug: Invalidating 'pack:///chunks/aa/aa6223cf35796d09344450a14919ad24c61174bb.js'
2026-7-7 16:39:55-debug: Invalidating 'pack:///chunks/7c/7cb3e78818d3ca7420c127c4f13ad5587e5cc5d3.js'
2026-7-7 16:39:55-debug: Invalidating 'pack:///chunks/c1/c14c87720f6e6e7b27f438925fae2cc2d4587268.js'
2026-7-7 16:39:55-debug: Invalidating 'pack:///chunks/e2/e2cd37831230a7474a5c89ec9f0764c2d6ce1581.js'
2026-7-7 16:39:55-debug: Invalidating 'pack:///chunks/ac/ac0e66d1df96447f3ea6b579b5067cb87a880d84.js'
2026-7-7 16:39:55-debug: Invalidating 'pack:///chunks/1e/1e9839fb85f612fea3030115a5d65b742de2db50.js'
2026-7-7 16:39:55-debug: Invalidating 'pack:///chunks/d0/d08abfe279c9195afbafb261981128dda32fee17.js'
2026-7-7 16:39:55-debug: Invalidating 'pack:///chunks/fb/fb231b7b47c244832aa3ed0055e0ff4d6bda9530.js'
2026-7-7 16:39:55-debug: Invalidating 'pack:///chunks/e4/e49d377195f0f6ca8039098e5e76d909c726c89c.js'
2026-7-7 16:39:55-debug: Invalidating 'pack:///chunks/7d/7d88e9fa4d49091167d5648112015c50cab8c311.js'
2026-7-7 16:39:55-debug: Invalidating 'pack:///chunks/41/41b6ef284e15d0779c96601cab9a95a7c5e5919b.js'
2026-7-7 16:39:55-debug: Invalidating 'pack:///chunks/5f/5fd5284b513982ea020d8e9513905cac6e75919a.js'
2026-7-7 16:39:55-debug: Invalidating 'pack:///chunks/1b/1b6bd2739873dc60bb0e67b18f2ae1f3b116fb07.js'
2026-7-7 16:39:55-debug: Invalidating 'pack:///chunks/c8/c8d2fc621a68aadf290b9938ae81f70dbefcc8d6.js'
2026-7-7 16:39:55-debug: Invalidating 'pack:///chunks/99/9957d51b35d223fa476f8f6dcd2b5d011a93ab2f.js'
2026-7-7 16:39:55-debug: Invalidating 'pack:///chunks/c4/c409a49d391cd0107339e604abf784bacdef4b02.js'
2026-7-7 16:39:55-debug: Invalidating 'pack:///chunks/b8/b8ff2efe0a5ef0b3134c1c0a100a2fc7e48d38e3.js'
2026-7-7 16:39:55-debug: Invalidating 'pack:///chunks/d8/d87351923699bbc0b3bf2e76b9d6665983f7b324.js'
2026-7-7 16:39:55-debug: Invalidating 'pack:///chunks/84/848ca7bc3c110f0554094ecf01b3a37b01ea9dfd.js'
2026-7-7 16:39:55-debug: Invalidating 'pack:///chunks/7e/7ece20e41250ede0e4707962498ddfd8c4453b24.js'
2026-7-7 16:39:55-debug: Invalidating 'pack:///chunks/83/8354ac407215243163174d3e83d4cdab306051e3.js'
2026-7-7 16:39:55-debug: Invalidating 'pack:///chunks/95/95d64f4c8aa166ee79b72d7add5021b420a7ce33.js'
2026-7-7 16:39:55-debug: Invalidating 'pack:///chunks/4a/4a434c55814df4d84e6cd9fee04d3f21bfa74070.js'
2026-7-7 16:39:55-debug: Invalidating 'pack:///chunks/23/23f4bc413c460b50ee5cc83636bb099609a379fd.js'
2026-7-7 16:39:55-debug: Invalidating 'pack:///chunks/4d/4d68417d37cd80fe73d65d56dfe11dd26e9ef91a.js'
2026-7-7 16:39:55-debug: Invalidating 'pack:///chunks/e9/e9668b02254f4db9826696b9dfb6914087bee6cc.js'
2026-7-7 16:39:55-debug: [[Executor]] Module "pack:///chunks/93/93ba276ea7b26ffcdc433fab14afc1ed6f05647b.js" loaded.
2026-7-7 16:39:55-debug: D:\工程项目\PlayableAD\Cocos\TheW\20260615_HYQ\HYQ_Project\temp\programming\packer-driver\targets\editor\chunks\6d\6d8fd2b0177941b032ddc0733af48a561fb60657.js resolved to D:\工程项目\PlayableAD\Cocos\TheW\20260615_HYQ\HYQ_Project\temp\programming\packer-driver\targets\editor\chunks\6d\6d8fd2b0177941b032ddc0733af48a561fb60657.js is not in module cache!
2026-7-7 16:39:55-debug: [[Executor]] Module "pack:///chunks/6d/6d8fd2b0177941b032ddc0733af48a561fb60657.js" loaded.
2026-7-7 16:39:55-debug: [[Executor]] Register BuiltinPipelineSettings
2026-7-7 16:39:55-debug: [[Executor]] Module "pack:///chunks/6a/6a5019a719a9014c047e67aa1cf34453ab8392ce.js" loaded.
2026-7-7 16:39:55-debug: [[Executor]] Module "pack:///chunks/84/84fdd98491917343dab9e13fe8b5a70bd6a363c2.js" loaded.
2026-7-7 16:39:55-debug: [[Executor]] Module "pack:///chunks/d9/d980f46bad1521f99cf9b02f6f4709610973859b.js" loaded.
2026-7-7 16:39:55-debug: [[Executor]] Register BuiltinPipelinePassBuilder
2026-7-7 16:39:55-debug: [[Executor]] Module "pack:///chunks/c9/c9d891290a54ec567f150962e76c6bf9cdf47b3b.js" loaded.
2026-7-7 16:39:55-debug: [[Executor]] Module "pack:///chunks/f2/f22794b1c95bc92b6e994a97e9b193af020adc12.js" loaded.
2026-7-7 16:39:55-debug: [[Executor]] Module "pack:///chunks/04/04f62969dc20e2c08fceeca28e5f160f93c57d48.js" loaded.
2026-7-7 16:39:55-debug: [[Executor]] Register DebugViewRuntimeControl
2026-7-7 16:39:55-debug: [[Executor]] Module "pack:///chunks/e0/e099fc7c0597d98bad93ecd30952e1955267ade1.js" loaded.
2026-7-7 16:39:55-debug: [[Executor]] Module "pack:///chunks/e2/e2118395860d446afdd7349c12bbbbd5ff0a8915.js" loaded.
2026-7-7 16:39:55-debug: [[Executor]] Register Lightning
2026-7-7 16:39:55-debug: [[Executor]] Module "pack:///chunks/e9/e96bc804d4af33012a1ad5c19177a551c107f2ae.js" loaded.
2026-7-7 16:39:55-debug: [[Executor]] Register LayerManager
2026-7-7 16:39:55-debug: [[Executor]] Module "pack:///chunks/31/31cebe8e0355019a96c8dc216aed673e195b2a53.js" loaded.
2026-7-7 16:39:55-debug: [[Executor]] Register CameraMove
2026-7-7 16:39:55-debug: [[Executor]] Register BuiltinDepthOfFieldPass
2026-7-7 16:39:55-debug: [[Executor]] Module "pack:///chunks/4d/4d6662648c8c361d9de350d72c1ab0a8e7508014.js" loaded.
2026-7-7 16:39:55-debug: [[Executor]] Module "pack:///chunks/14/14cec8e3738599ab9965ee6a2127491eba1361af.js" loaded.
2026-7-7 16:39:55-debug: [[Executor]] Register UnityUpComponent
2026-7-7 16:39:55-debug: [[Executor]] Module "pack:///chunks/56/5601ae9cf318e5c14df7d30ca1cafe71734c982a.js" loaded.
2026-7-7 16:39:55-debug: [[Executor]] Module "pack:///chunks/3f/3fc33806253ded99e50ac9220c73832ef2904ca7.js" loaded.
2026-7-7 16:39:55-debug: [[Executor]] Module "pack:///chunks/84/8436bf0d6f6a392b090fff8471ad48b32970414b.js" loaded.
2026-7-7 16:39:55-debug: [[Executor]] Module "pack:///chunks/8a/8ae7d51cc818f718270f9e2ad9b78b6df4ffa62c.js" loaded.
2026-7-7 16:39:55-debug: [[Executor]] Module "pack:///chunks/8b/8b1077471006cad018e02beccd0bed5dcc54c671.js" loaded.
2026-7-7 16:39:55-debug: [[Executor]] Register RotationDrive
2026-7-7 16:39:55-debug: [[Executor]] Module "pack:///chunks/79/798785a3f67288cbb075d5efa15a2c266208a881.js" loaded.
2026-7-7 16:39:55-debug: [[Executor]] Register MoveDrive
2026-7-7 16:39:55-debug: [[Executor]] Module "pack:///chunks/f2/f20c45b49501fbe07d44e99d95c2c506a06a0ecd.js" loaded.
2026-7-7 16:39:55-debug: [[Executor]] Register RotationVector
2026-7-7 16:39:55-debug: [[Executor]] Module "pack:///chunks/a1/a1d124b8795c6e55160d2ce5ecbd41437847152f.js" loaded.
2026-7-7 16:39:55-debug: [[Executor]] Register PrefabsRes
2026-7-7 16:39:55-debug: [[Executor]] Module "pack:///chunks/90/901a8f42214a0198b9aca11ce347c093cca5e26c.js" loaded.
2026-7-7 16:39:55-debug: [[Executor]] Module "pack:///chunks/eb/eb316915c4446a477164305c14374917acb92a23.js" loaded.
2026-7-7 16:39:55-debug: [[Executor]] Register PrefabsManager
2026-7-7 16:39:55-debug: [[Executor]] Module "pack:///chunks/e9/e950dd2519065be1280daf69ce7f6b07e4d0caaa.js" loaded.
2026-7-7 16:39:55-debug: [[Executor]] Register L18nManager
2026-7-7 16:39:55-debug: [[Executor]] Module "pack:///chunks/ed/edbdde40fab9baf06e704beb85e64d72f20aefb8.js" loaded.
2026-7-7 16:39:55-debug: [[Executor]] Module "pack:///chunks/f0/f04c2dd9d3cc608a6f46e13bb5d3c46aa5633baf.js" loaded.
2026-7-7 16:39:55-debug: [[Executor]] Register DownLoadL8
2026-7-7 16:39:55-debug: [[Executor]] Module "pack:///chunks/f8/f8baeccf8cf047db05161c9b9e8b6b4ff9eefe2f.js" loaded.
2026-7-7 16:39:55-debug: [[Executor]] Module "pack:///chunks/63/633ac4308370832c1c78b9f28702617696f6e9fb.js" loaded.
2026-7-7 16:39:55-debug: [[Executor]] Register LangAuto
2026-7-7 16:39:55-debug: [[Executor]] Register LangArrAuto
2026-7-7 16:39:55-debug: [[Executor]] Module "pack:///chunks/f5/f570589f727cbf96139a6869e201d7a87544da71.js" loaded.
2026-7-7 16:39:55-debug: [[Executor]] Module "pack:///chunks/40/407fe08f85a1575a06beb3692d40cf36d9684f58.js" loaded.
2026-7-7 16:39:55-debug: [[Executor]] Register ResurrectionL8
2026-7-7 16:39:55-debug: [[Executor]] Module "pack:///chunks/0f/0fd75e1d9556ba520ee98c89195f9d0594110ad2.js" loaded.
2026-7-7 16:39:55-debug: [[Executor]] Module "pack:///chunks/4c/4c2851018e56f823e74c2b3e2117156bcb9e76d0.js" loaded.
2026-7-7 16:39:55-debug: [[Executor]] Register Prop
2026-7-7 16:39:55-debug: [[Executor]] Register DownLoadL8
2026-7-7 16:39:55-debug: [[Executor]] Module "pack:///chunks/f6/f6cf9b6088316a765dbcd0b22eb496d3f4be80dc.js" loaded.
2026-7-7 16:39:55-debug: [[Executor]] Register JumpDriveEngine
2026-7-7 16:39:55-debug: [[Executor]] Module "pack:///chunks/ec/ecb76259f390974cf14cad52564b11281c42a7e6.js" loaded.
2026-7-7 16:39:55-debug: [[Executor]] Module "pack:///chunks/d5/d58c1ab1b696259af8c3b1384857266dba055462.js" loaded.
2026-7-7 16:39:55-debug: [[Executor]] Module "pack:///chunks/e5/e5fea8c54230bb378b45e63a8ea8186bdeccbbe2.js" loaded.
2026-7-7 16:39:55-debug: [[Executor]] Module "pack:///chunks/41/4103e3b8e8be7d1b0e7a8a67f28a2c29fe9aa2dc.js" loaded.
2026-7-7 16:39:55-debug: [[Executor]] Module "pack:///chunks/b6/b6919de7425c243c4e1697f376cb4f6f6b2769a4.js" loaded.
2026-7-7 16:39:55-debug: [[Executor]] Module "pack:///chunks/2e/2edb51f2f57b638345a2b9d561f476b67029b574.js" loaded.
2026-7-7 16:39:55-debug: [[Executor]] Module "pack:///chunks/5f/5fdfd08a9c16dc742e66ef16a5a8e13f5f831a3e.js" loaded.
2026-7-7 16:39:55-debug: [[Executor]] Module "pack:///chunks/84/84bbaa7f2e1a0639f57f755b935e1acb7d73f78e.js" loaded.
2026-7-7 16:39:55-debug: [[Executor]] Module "pack:///chunks/38/38483f6f68b174c6aad120536d38c3642cb0e458.js" loaded.
2026-7-7 16:39:55-debug: [[Executor]] Register BagBase
2026-7-7 16:39:55-debug: [[Executor]] Register FlayPropManager
2026-7-7 16:39:55-debug: [[Executor]] Module "pack:///chunks/80/80f420cd19a5967732f7f177a68c3670990311d3.js" loaded.
2026-7-7 16:39:55-debug: [[Executor]] Module "pack:///chunks/b5/b5c69e24499acddd297e4328687b0ea934b109d5.js" loaded.
2026-7-7 16:39:55-debug: [[Executor]] Module "pack:///chunks/7e/7e52be47c960966fc7d962b7957dbbce1047514e.js" loaded.
2026-7-7 16:39:55-debug: [[Executor]] Register GroupPropTransform
2026-7-7 16:39:55-debug: [[Executor]] Register LabBagUp
2026-7-7 16:39:55-debug: [[Executor]] Register GroupBag3D
2026-7-7 16:39:55-debug: [[Executor]] Module "pack:///chunks/f4/f4bb2b73aacdc0370fc65face1ef60d9e8732bfd.js" loaded.
2026-7-7 16:39:55-debug: [[Executor]] Module "pack:///chunks/80/803faff6203a98317cc86f08677de73b7112b743.js" loaded.
2026-7-7 16:39:55-debug: [[Executor]] Module "pack:///chunks/b1/b12e427b1fcb487f729ef654542d8e9775a297cb.js" loaded.
2026-7-7 16:39:55-debug: [[Executor]] Register AttackTargetBase
2026-7-7 16:39:55-debug: [[Executor]] Module "pack:///chunks/0e/0ea1c77c59b038eb4661ef171f440cbc7cc134ca.js" loaded.
2026-7-7 16:39:55-debug: [[Executor]] Register AreaAttack
2026-7-7 16:39:55-debug: [[Executor]] Module "pack:///chunks/3f/3ff8f1a74d7fbbd22ced04971b6ab15e04fd86a6.js" loaded.
2026-7-7 16:39:55-debug: [[Executor]] Register MeleeAttack
2026-7-7 16:39:55-debug: [[Executor]] Register CollectGetTarget
2026-7-7 16:39:55-debug: [[Executor]] Module "pack:///chunks/29/296009d632e65e6f653d790324d741c2d9759f34.js" loaded.
2026-7-7 16:39:55-debug: [[Executor]] Module "pack:///chunks/23/2370bd6a63dbba247d7fcab21c5244288f150386.js" loaded.
2026-7-7 16:39:55-debug: [[Executor]] Module "pack:///chunks/d5/d5f6e07e1b02d743fed3d9c2c8e155b0c3309d52.js" loaded.
2026-7-7 16:39:55-debug: [[Executor]] Register MeshFlashPropData
2026-7-7 16:39:55-debug: [[Executor]] Register HpComponent
2026-7-7 16:39:55-debug: [[Executor]] Module "pack:///chunks/9e/9ec8816866d723aea0e61547ea23bf04cc3c7c78.js" loaded.
2026-7-7 16:39:55-debug: [[Executor]] Register MeshFlashSwitchData
2026-7-7 16:39:55-debug: [[Executor]] Module "pack:///chunks/02/021cbce763294c7c4adf05845718c817a68ff9f3.js" loaded.
2026-7-7 16:39:55-debug: [[Executor]] Register BattleTargetBase
2026-7-7 16:39:55-debug: [[Executor]] Register MeshFlashData
2026-7-7 16:39:55-debug: [[Executor]] Module "pack:///chunks/dc/dcc18999575bc7125a793680f1b595554e7f2cde.js" loaded.
2026-7-7 16:39:55-debug: [[Executor]] Module "pack:///chunks/ce/ced31965a759b2c1d777a8f0d98f8cd326020d87.js" loaded.
2026-7-7 16:39:55-debug: [[Executor]] Register EffectTimePartRemove
2026-7-7 16:39:55-debug: [[Executor]] Module "pack:///chunks/b0/b0316da27abe29af9f8a517d28257bc913762f57.js" loaded.
2026-7-7 16:39:55-debug: [[Executor]] Register EffectRemoveBase
2026-7-7 16:39:55-debug: [[Executor]] Module "pack:///chunks/4a/4a75ba705e89112b3bcc356e77985c7a095b80f4.js" loaded.
2026-7-7 16:39:55-debug: [[Executor]] Register ColliderTag
2026-7-7 16:39:55-debug: [[Executor]] Register EffectManager
2026-7-7 16:39:55-debug: [[Executor]] Module "pack:///chunks/e1/e13771ea8032dbc1728530af431c57de3b1e5e24.js" loaded.
2026-7-7 16:39:55-debug: [[Executor]] Module "pack:///chunks/a7/a78b9d0a8af4315011c59f40b6c49da033e49269.js" loaded.
2026-7-7 16:39:55-debug: [[Executor]] Register BulletMonsterCollisionManager
2026-7-7 16:39:55-debug: [[Executor]] Module "pack:///chunks/9a/9a8786a747b555136cef77c9f5e7ad17e18a31eb.js" loaded.
2026-7-7 16:39:55-debug: [[Executor]] Register BattleTarget3D
2026-7-7 16:39:55-debug: [[Executor]] Register BulletCollideBase2D
2026-7-7 16:39:55-debug: [[Executor]] Module "pack:///chunks/bb/bb66609565f0d30fbedfe7ab7019decca8a2726b.js" loaded.
2026-7-7 16:39:55-debug: [[Executor]] Module "pack:///chunks/6c/6c35293030e947e52f03ea585990d17f31ea7df0.js" loaded.
2026-7-7 16:39:55-debug: [[Executor]] Register BulletBattle2D
2026-7-7 16:39:55-debug: [[Executor]] Module "pack:///chunks/43/4314f54defc530df4c3d4a14e3561038b8628ff3.js" loaded.
2026-7-7 16:39:55-debug: [[Executor]] Register RangedAttack
2026-7-7 16:39:55-debug: [[Executor]] Register BulletBattle3D
2026-7-7 16:39:55-debug: [[Executor]] Module "pack:///chunks/9b/9be30ad1a917cc0914201f1db5bdf1c5cb4d6e49.js" loaded.
2026-7-7 16:39:55-debug: [[Executor]] Register BattleTarget2D
2026-7-7 16:39:55-debug: [[Executor]] Module "pack:///chunks/8a/8a4b23fc8904a55daa926fa9bf2d450c2c59d378.js" loaded.
2026-7-7 16:39:55-debug: [[Executor]] Module "pack:///chunks/5b/5b626ae965dfc8bbf67ffe6dd329ea95c382afe6.js" loaded.
2026-7-7 16:39:55-debug: [[Executor]] Module "pack:///chunks/05/0510980ff6e9ad26ec622e2230780bc7f1d96f08.js" loaded.
2026-7-7 16:39:55-debug: [[Executor]] Register BulletBatchRenderer
2026-7-7 16:39:55-debug: [[Executor]] Register CollectBattleTarger2D
2026-7-7 16:39:55-debug: [[Executor]] Module "pack:///chunks/f0/f05038aedf4d7805ad91dbf59f1c87fe35c23bb5.js" loaded.
2026-7-7 16:39:55-debug: [[Executor]] Module "pack:///chunks/05/05825d2a71d7765a90fbbdda8907aab57810f0a0.js" loaded.
2026-7-7 16:39:55-debug: [[Executor]] Register RangeTowerAttack
2026-7-7 16:39:55-debug: [[Executor]] Module "pack:///chunks/6e/6e4d3e245933373fd13279940a5d6dee30418f49.js" loaded.
2026-7-7 16:39:55-debug: [[Executor]] Register AttackParkPlay
2026-7-7 16:39:55-debug: [[Executor]] Module "pack:///chunks/fa/fad9c36dab7fd23cbd0b1b9ebcbd02e6023aaadd.js" loaded.
2026-7-7 16:39:55-debug: [[Executor]] Register RangedAttack_Circle
2026-7-7 16:39:55-debug: [[Executor]] Register RangedAttack_Shrapnel
2026-7-7 16:39:55-debug: [[Executor]] Module "pack:///chunks/01/011c6605e93c83936bcaadc521a3f2df21bdd87a.js" loaded.
2026-7-7 16:39:55-debug: [[Executor]] Register TriggerBase2D
2026-7-7 16:39:55-debug: [[Executor]] Module "pack:///chunks/7a/7a056ac353cd4f184635b76aa08c0d427085fda7.js" loaded.
2026-7-7 16:39:55-debug: [[Executor]] Register BulletCollideBase3D
2026-7-7 16:39:55-debug: [[Executor]] Register TriggerBase3D
2026-7-7 16:39:55-debug: [[Executor]] Module "pack:///chunks/03/031aac2e2ea93f03b5422269c22800e822715034.js" loaded.
2026-7-7 16:39:55-debug: [[Executor]] Register EffectTimeRemove
2026-7-7 16:39:55-debug: [[Executor]] Register CollectBattleTarger3D
2026-7-7 16:39:55-debug: [[Executor]] Module "pack:///chunks/11/1193ac27b94da532d27808ef712ed0fcd809d84d.js" loaded.
2026-7-7 16:39:55-debug: [[Executor]] Module "pack:///chunks/29/2933ae65951958109aeb70104e6287b8240a8e01.js" loaded.
2026-7-7 16:39:55-debug: [[Executor]] Module "pack:///chunks/cd/cd87286564d42a577ada1093f142b4db43415d61.js" loaded.
2026-7-7 16:39:55-debug: [[Executor]] Register GuideLine
2026-7-7 16:39:55-debug: D:\工程项目\PlayableAD\Cocos\TheW\20260615_HYQ\HYQ_Project\temp\programming\packer-driver\targets\editor\chunks\fb\fb231b7b47c244832aa3ed0055e0ff4d6bda9530.js resolved to D:\工程项目\PlayableAD\Cocos\TheW\20260615_HYQ\HYQ_Project\temp\programming\packer-driver\targets\editor\chunks\fb\fb231b7b47c244832aa3ed0055e0ff4d6bda9530.js is not in module cache!
2026-7-7 16:39:55-debug: [[Executor]] Register FbxManager
2026-7-7 16:39:55-debug: [[Executor]] Module "pack:///chunks/6b/6b5ef849a8a91f0cd956b88818795e47d9431e29.js" loaded.
2026-7-7 16:39:55-debug: [[Executor]] Module "pack:///chunks/1e/1e9839fb85f612fea3030115a5d65b742de2db50.js" loaded.
2026-7-7 16:39:55-debug: [[Executor]] Register Role
2026-7-7 16:39:55-debug: [[Executor]] Module "pack:///chunks/fb/fb231b7b47c244832aa3ed0055e0ff4d6bda9530.js" loaded.
2026-7-7 16:39:55-debug: [[Executor]] Module "pack:///chunks/78/7875e58dc11de4424867c114cd71cf4d379fd7ce.js" loaded.
2026-7-7 16:39:55-debug: [[Executor]] Register WeaponBulletConfig
2026-7-7 16:39:55-debug: [[Executor]] Module "pack:///chunks/6b/6bf6369babd500e0802aeb38d4c346ae3462ef8b.js" loaded.
2026-7-7 16:39:55-debug: [[Executor]] Module "pack:///chunks/12/120cba8f856407335ad8a04347cd4d36bf752a1e.js" loaded.
2026-7-7 16:39:55-debug: [[Executor]] Register MonsterBattleTaerget
2026-7-7 16:39:55-debug: [[Executor]] Module "pack:///chunks/2c/2c40d59e1ac0050bfd5e4aece9657278c88a4b47.js" loaded.
2026-7-7 16:39:55-debug: [[Executor]] Register GameOverPanel
2026-7-7 16:39:55-debug: [[Executor]] Register ArmsInfo
2026-7-7 16:39:55-debug: [[Executor]] Module "pack:///chunks/aa/aa6223cf35796d09344450a14919ad24c61174bb.js" loaded.
2026-7-7 16:39:55-debug: [[Executor]] Register PropArms
2026-7-7 16:39:55-debug: [[Executor]] Register PropBrand
2026-7-7 16:39:55-debug: [[Executor]] Module "pack:///chunks/ac/ac0e66d1df96447f3ea6b579b5067cb87a880d84.js" loaded.
2026-7-7 16:39:55-debug: [[Executor]] Register LalianHitStageConfig
2026-7-7 16:39:55-debug: [[Executor]] Module "pack:///chunks/c1/c14c87720f6e6e7b27f438925fae2cc2d4587268.js" loaded.
2026-7-7 16:39:55-debug: [[Executor]] Register PropLalianGate
2026-7-7 16:39:55-debug: [[Executor]] Register CreatePropBrand
2026-7-7 16:39:55-debug: [[Executor]] Module "pack:///chunks/e2/e2cd37831230a7474a5c89ec9f0764c2d6ce1581.js" loaded.
2026-7-7 16:39:55-debug: [[Executor]] Register MonsterCreateInfo
2026-7-7 16:39:55-debug: [[Executor]] Register MonsterCreateQueue
2026-7-7 16:39:55-debug: [[Executor]] Module "pack:///chunks/7c/7cb3e78818d3ca7420c127c4f13ad5587e5cc5d3.js" loaded.
2026-7-7 16:39:55-debug: [[Executor]] Register Player
2026-7-7 16:39:55-debug: [[Executor]] Register MonsterCreate
2026-7-7 16:39:55-debug: [[Executor]] Module "pack:///chunks/dd/ddf9ec67bc21176ab14fd7bef2d6099af7cab4e3.js" loaded.
2026-7-7 16:39:55-debug: [[Executor]] Register ArmsUp
2026-7-7 16:39:55-debug: [[Executor]] Module "pack:///chunks/7d/7d88e9fa4d49091167d5648112015c50cab8c311.js" loaded.
2026-7-7 16:39:55-debug: [[Executor]] Module "pack:///chunks/d0/d08abfe279c9195afbafb261981128dda32fee17.js" loaded.
2026-7-7 16:39:55-debug: [[Executor]] Register RockerUI
2026-7-7 16:39:55-debug: [[Executor]] Register GuideManager
2026-7-7 16:39:55-debug: [[Executor]] Module "pack:///chunks/c8/c8d2fc621a68aadf290b9938ae81f70dbefcc8d6.js" loaded.
2026-7-7 16:39:55-debug: [[Executor]] Register RockerMouseEvent
2026-7-7 16:39:55-debug: [[Executor]] Module "pack:///chunks/e4/e49d377195f0f6ca8039098e5e76d909c726c89c.js" loaded.
2026-7-7 16:39:55-debug: [[Executor]] Register ShoppIngEvent
2026-7-7 16:39:55-debug: [[Executor]] Module "pack:///chunks/c4/c409a49d391cd0107339e604abf784bacdef4b02.js" loaded.
2026-7-7 16:39:55-debug: [[Executor]] Register PropTireGate
2026-7-7 16:39:55-debug: [[Executor]] Module "pack:///chunks/5f/5fd5284b513982ea020d8e9513905cac6e75919a.js" loaded.
2026-7-7 16:39:55-debug: [[Executor]] Register Shopping
2026-7-7 16:39:55-debug: [[Executor]] Module "pack:///chunks/1b/1b6bd2739873dc60bb0e67b18f2ae1f3b116fb07.js" loaded.
2026-7-7 16:39:55-debug: [[Executor]] Register BuyWayBase
2026-7-7 16:39:55-debug: [[Executor]] Module "pack:///chunks/41/41b6ef284e15d0779c96601cab9a95a7c5e5919b.js" loaded.
2026-7-7 16:39:55-debug: [[Executor]] Module "pack:///chunks/99/9957d51b35d223fa476f8f6dcd2b5d011a93ab2f.js" loaded.
2026-7-7 16:39:55-debug: [[Executor]] Register BuyWay2D
2026-7-7 16:39:55-debug: [[Executor]] Register ShoppingItem
2026-7-7 16:39:55-debug: [[Executor]] Register Shopping_Super
2026-7-7 16:39:55-debug: [[Executor]] Module "pack:///chunks/d8/d87351923699bbc0b3bf2e76b9d6665983f7b324.js" loaded.
2026-7-7 16:39:55-debug: [[Executor]] Register FrameAnimManager
2026-7-7 16:39:55-debug: [[Executor]] Module "pack:///chunks/b8/b8ff2efe0a5ef0b3134c1c0a100a2fc7e48d38e3.js" loaded.
2026-7-7 16:39:55-debug: [[Executor]] Register FrameManager
2026-7-7 16:39:55-debug: [[Executor]] Module "pack:///chunks/83/8354ac407215243163174d3e83d4cdab306051e3.js" loaded.
2026-7-7 16:39:55-debug: [[Executor]] Module "pack:///chunks/84/848ca7bc3c110f0554094ecf01b3a37b01ea9dfd.js" loaded.
2026-7-7 16:39:55-debug: [[Executor]] Register BuyWay3D
2026-7-7 16:39:55-debug: [[Executor]] Register UIButtonEvent
2026-7-7 16:39:55-debug: D:\工程项目\PlayableAD\Cocos\TheW\20260615_HYQ\HYQ_Project\temp\programming\packer-driver\targets\editor\chunks\7e\7ece20e41250ede0e4707962498ddfd8c4453b24.js resolved to D:\工程项目\PlayableAD\Cocos\TheW\20260615_HYQ\HYQ_Project\temp\programming\packer-driver\targets\editor\chunks\7e\7ece20e41250ede0e4707962498ddfd8c4453b24.js is not in module cache!
2026-7-7 16:39:55-debug: [[Executor]] Module "pack:///chunks/4a/4a434c55814df4d84e6cd9fee04d3f21bfa74070.js" loaded.
2026-7-7 16:39:55-debug: [[Executor]] Module "pack:///chunks/e9/e9668b02254f4db9826696b9dfb6914087bee6cc.js" loaded.
2026-7-7 16:39:55-debug: [[Executor]] Module "pack:///chunks/7e/7ece20e41250ede0e4707962498ddfd8c4453b24.js" loaded.
2026-7-7 16:39:55-debug: [[Executor]] Module "pack:///chunks/4d/4d68417d37cd80fe73d65d56dfe11dd26e9ef91a.js" loaded.
2026-7-7 16:39:55-debug: [[Executor]] Module "pack:///chunks/6d/6d8fd2b0177941b032ddc0733af48a561fb60657.js" loaded.
2026-7-7 16:39:55-debug: [[Executor]] Register StutterCheck
2026-7-7 16:39:55-debug: [[Executor]] Module "pack:///chunks/95/95d64f4c8aa166ee79b72d7add5021b420a7ce33.js" loaded.
2026-7-7 16:39:55-debug: [[Executor]] Module "pack:///chunks/23/23f4bc413c460b50ee5cc83636bb099609a379fd.js" loaded.
2026-7-7 16:39:55-debug: Init bundle share assets start..., progress: 9%
2026-7-7 16:39:55-debug: Init bundle share assets start..., progress: 13%
2026-7-7 16:39:55-debug: Incremental keys: 
2026-7-7 16:39:55-debug: [[Executor]] after unlock
2026-7-7 16:39:55-warn: The Mesh used by component "cc.MeshRenderer" in prefab "Role_2" is missing. Detailed information:Node path: "Role_2/New Node/Bip001 Prop1 Socket/jiateling01"Asset url: "db://assets/GameRes/Prefab/Role_2"Missing uuid: "03189dd5-73dd-4e52-8644-1ff1a122b972@18a45"
2026-7-7 16:39:55-warn: The Mesh used by component "cc.MeshRenderer" in prefab "Role_2" is missing. Detailed information:Node path: "Role_2/New Node/Bip001 Prop1 Socket/jiateling01"Asset url: "db://assets/GameRes/Prefab/Role_2"Missing uuid: "03189dd5-73dd-4e52-8644-1ff1a122b972@18a45"
2026-7-7 16:39:55-warn: The Mesh used by component "cc.MeshRenderer" in prefab "Role_1" is missing. Detailed information:Node path: "Role_1/New Node/Bip001 Prop1 Socket/jiateling01"Asset url: "db://assets/GameRes/Prefab/Role_1"Missing uuid: "03189dd5-73dd-4e52-8644-1ff1a122b972@18a45"
2026-7-7 16:39:55-debug: Init bundle share assets success..., progress: 9%
2026-7-7 16:39:55-debug: Init bundle share assets success..., progress: 13%
2026-7-7 16:39:55-debug: handle json group in bundle internal
2026-7-7 16:39:55-debug: handle json group in bundle internal success
2026-7-7 16:39:55-debug: init image compress task 0 in bundle internal
2026-7-7 16:39:55-debug: handle json group in bundle resources
2026-7-7 16:39:55-debug: init image compress task 0 in bundle resources
2026-7-7 16:39:55-debug: [json-group] check self or raw asset, skip. 799add5f-4370-4ee6-b0a4-aca1ebcd06a3 depended by 799add5f-4370-4ee6-b0a4-aca1ebcd06a3 has checked in raw asset 799add5f-4370-4ee6-b0a4-aca1ebcd06a3/bundle(main)}
2026-7-7 16:39:55-debug: [json-group] check self or raw asset, skip. f96153eb-6f89-4aad-b84b-808954761c02 depended by f96153eb-6f89-4aad-b84b-808954761c02 has checked in raw asset b5805d3a-3b80-4a12-adf5-588e63a7d886/bundle(main)}
2026-7-7 16:39:55-debug: [json-group] check self or raw asset, skip. 799add5f-4370-4ee6-b0a4-aca1ebcd06a3 depended by 799add5f-4370-4ee6-b0a4-aca1ebcd06a3 has checked in raw asset b5805d3a-3b80-4a12-adf5-588e63a7d886/bundle(main)}
2026-7-7 16:39:55-debug: [json-group] check self or raw asset, skip. f96153eb-6f89-4aad-b84b-808954761c02 depended by f96153eb-6f89-4aad-b84b-808954761c02 has checked in raw asset f96153eb-6f89-4aad-b84b-808954761c02/bundle(main)}
2026-7-7 16:39:55-debug: handle json group in bundle resources success
2026-7-7 16:39:55-debug: handle json group in bundle main success
2026-7-7 16:39:55-debug: init image compress task 0 in bundle main
2026-7-7 16:39:55-debug: handle json group in bundle main
2026-7-7 16:39:55-debug: // ---- build task 查询 Asset Bundle ---- (704ms)
2026-7-7 16:39:55-log: run build task 查询 Asset Bundle success in 704 ms√, progress: 14%
2026-7-7 16:39:55-debug: [Build Memory track]: 查询 Asset Bundle start:289.75MB, end 278.16MB, increase: -11869.04KB
2026-7-7 16:39:55-debug: 查询 Asset Bundle start, progress: 14%
2026-7-7 16:39:55-debug: // ---- build task 查询 Asset Bundle ----
2026-7-7 16:39:55-debug: // ---- build task 查询 Asset Bundle ---- (94ms)
2026-7-7 16:39:55-debug: [Build Memory track]: 查询 Asset Bundle start:278.19MB, end 278.63MB, increase: 443.60KB
2026-7-7 16:39:55-debug: // ---- build task 打包脚本 ----
2026-7-7 16:39:55-log: run build task 查询 Asset Bundle success in 94 ms√, progress: 19%
2026-7-7 16:39:55-debug: 打包脚本 start, progress: 19%
2026-7-7 16:39:56-log: [buildPolyfillsCommand]enter sub process 20756, 9229, see: chrome://inspect/#devices
2026-7-7 16:40:00-debug: execute-script-end with buildPolyfillsCommand 5206ms
2026-7-7 16:40:00-debug: Generate systemJs..., progress: 19%
2026-7-7 16:40:05-debug: execute-script-end with buildSystemJsCommand 4300ms
2026-7-7 16:40:05-debug: 构建项目脚本 start..., progress: 19%
2026-7-7 16:40:05-debug: 构建项目脚本 start..., progress: 13%
2026-7-7 16:40:11-warn: [buildScriptCommand][[Build.Script.Rollup]] Circular dependency: file:///D:/%E5%B7%A5%E7%A8%8B%E9%A1%B9%E7%9B%AE/PlayableAD/Cocos/TheW/20260615_HYQ/HYQ_Project/assets/Script/functionS/Jump/JumpManager.ts -> file:///D:/%E5%B7%A5%E7%A8%8B%E9%A1%B9%E7%9B%AE/PlayableAD/Cocos/TheW/20260615_HYQ/HYQ_Project/assets/Script/functionS/Jump/JumpDriveEngine.ts -> file:///D:/%E5%B7%A5%E7%A8%8B%E9%A1%B9%E7%9B%AE/PlayableAD/Cocos/TheW/20260615_HYQ/HYQ_Project/assets/Script/functionS/Jump/JumpManager.ts[warning][[Build.Script.Rollup]] Circular dependency: file:///D:/%E5%B7%A5%E7%A8%8B%E9%A1%B9%E7%9B%AE/PlayableAD/Cocos/TheW/20260615_HYQ/HYQ_Project/assets/Script/functionS/Monster/MonsterCreate.ts -> file:///D:/%E5%B7%A5%E7%A8%8B%E9%A1%B9%E7%9B%AE/PlayableAD/Cocos/TheW/20260615_HYQ/HYQ_Project/assets/Script/functionS/Other/PropArms.ts -> file:///D:/%E5%B7%A5%E7%A8%8B%E9%A1%B9%E7%9B%AE/PlayableAD/Cocos/TheW/20260615_HYQ/HYQ_Project/assets/Script/functionS/Monster/MonsterCreate.ts
2026-7-7 16:40:11-warn: [buildScriptCommand][[Build.Script.Rollup]] Circular dependency: file:///D:/%E5%B7%A5%E7%A8%8B%E9%A1%B9%E7%9B%AE/PlayableAD/Cocos/TheW/20260615_HYQ/HYQ_Project/extensions/super-packager/package_assets/JiangYv/PBASDK-v3/PrintComponent.ts -> file:///D:/%E5%B7%A5%E7%A8%8B%E9%A1%B9%E7%9B%AE/PlayableAD/Cocos/TheW/20260615_HYQ/HYQ_Project/extensions/super-packager/package_assets/JiangYv/PBASDK-v3/StutterCheck.ts -> file:///D:/%E5%B7%A5%E7%A8%8B%E9%A1%B9%E7%9B%AE/PlayableAD/Cocos/TheW/20260615_HYQ/HYQ_Project/extensions/super-packager/package_assets/JiangYv/PBASDK-v3/PrintComponent.ts
2026-7-7 16:40:16-log: [buildScriptCommand]Number of non-entry chunks: 3
2026-7-7 16:40:16-debug: execute-script-end with buildScriptCommand 10776ms
2026-7-7 16:40:16-debug: Copy externalScripts success!
2026-7-7 16:40:16-debug: 构建项目脚本 in (10830 ms) √, progress: 19%
2026-7-7 16:40:16-debug: 构建项目脚本 in (10830 ms) √, progress: 13%
2026-7-7 16:40:16-debug: 构建引擎脚本 start..., progress: 19%
2026-7-7 16:40:16-debug: mangleProperties is enabled, found engine-mangle-config.json, use it
2026-7-7 16:40:16-debug: Use cache engine: {link(C:\Users\Admin\AppData\Local\Temp\CocosCreator\3.8.7\builder\engine\a154ee511c93165416d720dbd46d8d34)}
2026-7-7 16:40:16-debug: Use cache, options: {  "entry": "C:\\ProgramData\\cocos\\editors\\Creator\\3.8.7\\resources\\resources\\3d\\engine",  "debug": false,  "mangleProperties": false,  "inlineEnum": true,  "sourceMaps": false,  "includeModules": [    "2d",    "3d",    "animation",    "audio",    "base",    "custom-pipeline",    "gfx-webgl",    "gfx-webgl2",    "graphics",    "particle",    "physics-2d-box2d",    "physics-ammo",    "primitive",    "profiler",    "skeletal-animation",    "tween",    "ui",    "custom-pipeline-builtin-scripts"  ],  "engineVersion": "3.8.7",  "md5Map": [],  "engineName": "cocos-js",  "output": "D:\\工程项目\\PlayableAD\\Cocos\\TheW\\20260615_HYQ\\HYQ_Project\\build\\web-mobile-001\\cocos-js",  "platformType": "HTML5",  "useCache": true,  "nativeCodeBundleMode": "asmjs",  "wasmCompressionMode": false,  "split": false,  "assetURLFormat": "runtime-resolved",  "flags": {    "DEBUG": false,    "LOAD_BULLET_MANUALLY": false,    "LOAD_SPINE_MANUALLY": false,    "WEBGPU": false  }}
2026-7-7 16:40:16-debug: Use cache, md5String: debug=false,sourceMaps=false,includeModules=["2d","3d","animation","audio","base","custom-pipeline","gfx-webgl","gfx-webgl2","graphics","particle","physics-2d-box2d","physics-ammo","primitive","profiler","skeletal-animation","tween","ui","custom-pipeline-builtin-scripts"],engineVersion="3.8.7",platformType="HTML5",split=false,nativeCodeBundleMode="asmjs",targets=undefined,entry="C:\\ProgramData\\cocos\\editors\\Creator\\3.8.7\\resources\\resources\\3d\\engine",noDeprecatedFeatures=undefined,loose=true,assetURLFormat="runtime-resolved",flags={"DEBUG":false,"LOAD_BULLET_MANUALLY":false,"LOAD_SPINE_MANUALLY":false,"WEBGPU":false},preserveType=undefined,wasmCompressionMode=false,enableNamedRegisterForSystemJSModuleFormat=undefined,mangleProperties=false,inlineEnum=true,
2026-7-7 16:40:16-debug: Error: Exit process with code:null, signal:SIGTERM in task build-script    at ChildProcess.<anonymous> (C:\ProgramData\cocos\editors\Creator\3.8.7\resources\app.asar\builtin\builder\dist\worker\worker-pools\sub-process-manager.ccc:1:2409)    at ChildProcess.emit (node:events:519:28)    at Process.ChildProcess._handle.onexit (node:internal/child_process:294:12)
2026-7-7 16:40:16-debug: 构建引擎脚本 in (227 ms) √, progress: 19%
2026-7-7 16:40:16-debug: Copy plugin script ..., progress: 19%
2026-7-7 16:40:16-debug: Generate import-map..., progress: 19%
2026-7-7 16:40:16-debug: // ---- build task 打包脚本 ---- (20727ms)
2026-7-7 16:40:16-log: run build task 打包脚本 success in 20 s√, progress: 24%
2026-7-7 16:40:16-debug: [Build Memory track]: 打包脚本 start:278.79MB, end 277.12MB, increase: -1705.36KB
2026-7-7 16:40:16-debug: // ---- build task Build Assets ----
2026-7-7 16:40:16-debug: Build bundles..., progress: 24%
2026-7-7 16:40:16-debug: Pack Images start, progress: 24%
2026-7-7 16:40:16-debug: Pack Images start, progress: 13%
2026-7-7 16:40:16-debug: Number of pac assets: 3
2026-7-7 16:40:16-debug: Build Assets start, progress: 24%
2026-7-7 16:40:16-debug: Get Cache info of pac success {asset(17513a27-4f11-4047-a0be-8d0cb6187b9e)}
2026-7-7 16:40:16-debug: Get Cache info of pac success {asset(b74fc0c2-4c67-4dd4-8d74-9612ad56cfb1)}
2026-7-7 16:40:16-debug: Number of pack results: 2
2026-7-7 16:40:16-debug: start collect depend assets in pac17513a27-4f11-4047-a0be-8d0cb6187b9e
2026-7-7 16:40:16-debug: start sort bundle in pacb74fc0c2-4c67-4dd4-8d74-9612ad56cfb1
2026-7-7 16:40:16-debug: end sort bundle in pacb74fc0c2-4c67-4dd4-8d74-9612ad56cfb1
2026-7-7 16:40:16-debug: start sort bundle in pac17513a27-4f11-4047-a0be-8d0cb6187b9e
2026-7-7 16:40:16-debug: start collect depend assets in pacb74fc0c2-4c67-4dd4-8d74-9612ad56cfb1
2026-7-7 16:40:16-debug: end sort bundle in pac17513a27-4f11-4047-a0be-8d0cb6187b9e
2026-7-7 16:40:16-debug: builder:pack-auto-atlas-image (318ms)
2026-7-7 16:40:16-debug: Pack Images success, progress: 24%
2026-7-7 16:40:16-debug: Compress image start..., progress: 24%
2026-7-7 16:40:16-debug: sort compress task {}
2026-7-7 16:40:16-debug: Num of all image compress task 0, really: 0, configTasks: 0
2026-7-7 16:40:16-debug: No image need to compress
2026-7-7 16:40:16-debug: Compress image success..., progress: 24%
2026-7-7 16:40:16-debug: Compress image success..., progress: 13%
2026-7-7 16:40:16-debug: Output asset in bundles start, progress: 24%
2026-7-7 16:40:16-debug: Handle all json groups in bundle internal
2026-7-7 16:40:16-debug: Output asset in bundles start, progress: 13%
2026-7-7 16:40:16-debug: handle json group
2026-7-7 16:40:16-debug: Compress image start..., progress: 13%
2026-7-7 16:40:16-debug: Handle all json groups in bundle resources
2026-7-7 16:40:16-debug: handle json group
2026-7-7 16:40:16-debug: Handle all json groups in bundle main
2026-7-7 16:40:16-debug: handle json group
2026-7-7 16:40:16-debug: Pack Images success, progress: 13%
2026-7-7 16:40:16-debug: Json group(033f45a16) compile success，json number: 6
2026-7-7 16:40:16-debug: Json group(0b54f34d0) compile success，json number: 6
2026-7-7 16:40:16-debug: handle single json
2026-7-7 16:40:17-debug: Json group(0c368b992) compile success，json number: 6
2026-7-7 16:40:17-debug: Json group(0a84a1761) compile success，json number: 6
2026-7-7 16:40:17-debug: Json group(09e986d7f) compile success，json number: 6
2026-7-7 16:40:17-debug: Json group(0a8b38f43) compile success，json number: 6
2026-7-7 16:40:17-debug: Json group(05a6ba422) compile success，json number: 6
2026-7-7 16:40:17-debug: handle single json
2026-7-7 16:40:17-debug: Json group(0bd960b15) compile success，json number: 6
2026-7-7 16:40:17-debug: Json group(05d786f3c) compile success，json number: 6
2026-7-7 16:40:17-debug: Json group(0a9a16365) compile success，json number: 6
2026-7-7 16:40:17-debug: Json group(0939f5774) compile success，json number: 6
2026-7-7 16:40:17-debug: Json group(04d1efb95) compile success，json number: 6
2026-7-7 16:40:17-debug: Json group(05ff4bf9a) compile success，json number: 6
2026-7-7 16:40:17-debug: Json group(058888a4d) compile success，json number: 6
2026-7-7 16:40:17-debug: Json group(0aa2d87de) compile success，json number: 6
2026-7-7 16:40:17-debug: Json group(0936a916b) compile success，json number: 6
2026-7-7 16:40:17-debug: Json group(0b3e0b1ce) compile success，json number: 6
2026-7-7 16:40:17-debug: Json group(03bca836c) compile success，json number: 6
2026-7-7 16:40:17-debug: Json group(018f8689b) compile success，json number: 6
2026-7-7 16:40:17-debug: Json group(09f4a3c5f) compile success，json number: 6
2026-7-7 16:40:17-debug: Json group(0573d1736) compile success，json number: 6
2026-7-7 16:40:17-warn: The Mesh used by component "cc.MeshRenderer" in prefab "Role_2" is missing. Detailed information:Node path: "Role_2/New Node/Bip001 Prop1 Socket/jiateling01"Asset url: "db://assets/GameRes/Prefab/Role_2"Missing uuid: "03189dd5-73dd-4e52-8644-1ff1a122b972@18a45"
2026-7-7 16:40:17-warn: The Mesh used by component "cc.MeshRenderer" in prefab "Role_2" is missing. Detailed information:Node path: "Role_2/New Node/Bip001 Prop1 Socket/jiateling01"Asset url: "db://assets/GameRes/Prefab/Role_2"Missing uuid: "03189dd5-73dd-4e52-8644-1ff1a122b972@18a45"
2026-7-7 16:40:17-debug: Json group(0d1405e99) compile success，json number: 6
2026-7-7 16:40:17-debug: Json group(0fbb3d0d7) compile success，json number: 6
2026-7-7 16:40:17-debug: Json group(0b756a9e5) compile success，json number: 6
2026-7-7 16:40:17-debug: Json group(0acdaf410) compile success，json number: 6
2026-7-7 16:40:17-debug: Json group(045d59844) compile success，json number: 6
2026-7-7 16:40:17-debug: Json group(03d712220) compile success，json number: 6
2026-7-7 16:40:17-debug: Json group(0418d0963) compile success，json number: 6
2026-7-7 16:40:17-debug: Json group(0d46b5455) compile success，json number: 6
2026-7-7 16:40:17-debug: Json group(0d76502e0) compile success，json number: 6
2026-7-7 16:40:18-warn: The Mesh used by component "cc.MeshRenderer" in prefab "Role_1" is missing. Detailed information:Node path: "Role_1/New Node/Bip001 Prop1 Socket/jiateling01"Asset url: "db://assets/GameRes/Prefab/Role_1"Missing uuid: "03189dd5-73dd-4e52-8644-1ff1a122b972@18a45"
2026-7-7 16:40:18-debug: Json group(0678030fa) compile success，json number: 6
2026-7-7 16:40:18-debug: Json group(05744dfbc) compile success，json number: 6
2026-7-7 16:40:18-debug: handle single json
2026-7-7 16:40:19-debug: Output asset in bundles success, progress: 24%
2026-7-7 16:40:19-debug: Output asset in bundles success, progress: 13%
2026-7-7 16:40:19-debug: Output asset in bundles start, progress: 24%
2026-7-7 16:40:19-debug: Output asset in bundles start, progress: 13%
2026-7-7 16:40:19-debug: compress config of bundle internal success
2026-7-7 16:40:19-debug: compress config of bundle internal...
2026-7-7 16:40:19-debug: compress config of bundle resources...
2026-7-7 16:40:19-debug: compress config of bundle resources success
2026-7-7 16:40:19-debug: compress config of bundle main...
2026-7-7 16:40:19-debug: compress config of bundle main success
2026-7-7 16:40:19-debug: output config of bundle internal
2026-7-7 16:40:19-debug: output config of bundle internal success
2026-7-7 16:40:19-debug: output config of bundle resources
2026-7-7 16:40:19-debug: output config of bundle resources success
2026-7-7 16:40:19-debug: output config of bundle main
2026-7-7 16:40:19-debug: output config of bundle main success
2026-7-7 16:40:19-debug: Output asset in bundles success, progress: 24%
2026-7-7 16:40:19-debug: Output asset in bundles success, progress: 13%
2026-7-7 16:40:19-debug: // ---- build task Build Assets ---- (2821ms)
2026-7-7 16:40:19-log: run build task Build Assets success in 2 s√, progress: 29%
2026-7-7 16:40:19-debug: [Build Memory track]: Build Assets start:277.16MB, end 285.79MB, increase: 8.63MB
2026-7-7 16:40:19-debug: 整理部分构建选项内数据到 settings.json start, progress: 29%
2026-7-7 16:40:19-debug: // ---- build task 整理部分构建选项内数据到 settings.json ----
2026-7-7 16:40:19-debug: // ---- build task 整理部分构建选项内数据到 settings.json ---- (87ms)
2026-7-7 16:40:19-log: run build task 整理部分构建选项内数据到 settings.json success in 87 ms√, progress: 31%
2026-7-7 16:40:19-debug: [Build Memory track]: 整理部分构建选项内数据到 settings.json start:285.90MB, end 286.00MB, increase: 105.92KB
2026-7-7 16:40:19-debug: 填充脚本数据到 settings.json start, progress: 31%
2026-7-7 16:40:19-debug: // ---- build task 填充脚本数据到 settings.json ----
2026-7-7 16:40:19-debug: // ---- build task 填充脚本数据到 settings.json ---- (95ms)
2026-7-7 16:40:19-log: run build task 填充脚本数据到 settings.json success in 95 ms√, progress: 32%
2026-7-7 16:40:19-debug: [Build Memory track]: 填充脚本数据到 settings.json start:286.04MB, end 286.14MB, increase: 108.64KB
2026-7-7 16:40:19-debug: 整理部分构建选项内数据到 settings.json start, progress: 32%
2026-7-7 16:40:19-debug: // ---- build task 整理部分构建选项内数据到 settings.json ----
2026-7-7 16:40:19-debug: // ---- build task 整理部分构建选项内数据到 settings.json ---- (402ms)
2026-7-7 16:40:19-log: run build task 整理部分构建选项内数据到 settings.json success in 402 ms√, progress: 34%
2026-7-7 16:40:19-debug: [Build Memory track]: 整理部分构建选项内数据到 settings.json start:286.18MB, end 286.38MB, increase: 204.33KB
2026-7-7 16:40:19-debug: // ---- build task web-mobile：onBeforeCompressSettings ----
2026-7-7 16:40:19-debug: web-mobile:(onBeforeCompressSettings) start..., progress: 34%
2026-7-7 16:40:19-debug: // ---- build task web-mobile：onBeforeCompressSettings ---- (93ms)
2026-7-7 16:40:19-debug: web-mobile:(onBeforeCompressSettings) in 93 ms ✓, progress: 36%
2026-7-7 16:40:19-debug: // ---- build task cocos-service：onBeforeCompressSettings ----
2026-7-7 16:40:19-debug: cocos-service:(onBeforeCompressSettings) start..., progress: 36%
2026-7-7 16:40:20-debug: // ---- build task cocos-service：onBeforeCompressSettings ---- (237ms)
2026-7-7 16:40:20-debug: cocos-service:(onBeforeCompressSettings) in 237 ms ✓, progress: 38%
2026-7-7 16:40:20-log: [SUPER_PACKAGE]onBeforeCompressSettings
2026-7-7 16:40:20-debug: // ---- build task super-packager：onBeforeCompressSettings ----
2026-7-7 16:40:20-debug: super-packager:(onBeforeCompressSettings) start..., progress: 38%
2026-7-7 16:40:20-debug: // ---- build task super-packager：onBeforeCompressSettings ---- (103ms)
2026-7-7 16:40:20-debug: super-packager:(onBeforeCompressSettings) in 103 ms ✓, progress: 40%
2026-7-7 16:40:20-debug: 整理静态模板文件 start, progress: 40%
2026-7-7 16:40:20-debug: // ---- build task 整理静态模板文件 ----
2026-7-7 16:40:20-debug: // ---- build task 整理静态模板文件 ---- (151ms)
2026-7-7 16:40:20-log: run build task 整理静态模板文件 success in 151 ms√, progress: 45%
2026-7-7 16:40:20-debug: [Build Memory track]: 整理静态模板文件 start:286.89MB, end 291.62MB, increase: 4.73MB
2026-7-7 16:40:20-debug: cocos-service:(onAfterCompressSettings) start..., progress: 45%
2026-7-7 16:40:20-debug: // ---- build task cocos-service：onAfterCompressSettings ----
2026-7-7 16:40:20-debug: // ---- build task cocos-service：onAfterCompressSettings ---- (177ms)
2026-7-7 16:40:20-debug: cocos-service:(onAfterCompressSettings) in 177 ms ✓, progress: 46%
2026-7-7 16:40:20-debug: super-packager:(onAfterCompressSettings) start..., progress: 46%
2026-7-7 16:40:20-debug: // ---- build task super-packager：onAfterCompressSettings ----
2026-7-7 16:40:20-log: [SUPER_PACKAGE]onAfterCompressSettings
2026-7-7 16:40:20-debug: super-packager:(onAfterCompressSettings) in 71 ms ✓, progress: 48%
2026-7-7 16:40:20-debug: web-mobile:(onBeforeCopyBuildTemplate) start..., progress: 48%
2026-7-7 16:40:20-debug: // ---- build task web-mobile：onBeforeCopyBuildTemplate ----
2026-7-7 16:40:20-debug: // ---- build task super-packager：onAfterCompressSettings ---- (71ms)
2026-7-7 16:40:20-debug: // ---- build task web-mobile：onBeforeCopyBuildTemplate ---- (121ms)
2026-7-7 16:40:20-debug: web-mobile:(onBeforeCopyBuildTemplate) in 121 ms ✓, progress: 50%
2026-7-7 16:40:20-debug: 给所有的资源加上 MD5 后缀 start, progress: 50%
2026-7-7 16:40:20-debug: // ---- build task 给所有的资源加上 MD5 后缀 ----
2026-7-7 16:40:20-debug: // ---- build task 给所有的资源加上 MD5 后缀 ---- (102ms)
2026-7-7 16:40:20-log: run build task 给所有的资源加上 MD5 后缀 success in 102 ms√, progress: 60%
2026-7-7 16:40:20-debug: web-mobile:(onAfterBuild) start..., progress: 60%
2026-7-7 16:40:20-debug: // ---- build task web-mobile：onAfterBuild ----
2026-7-7 16:40:20-debug: [Build Memory track]: 给所有的资源加上 MD5 后缀 start:289.72MB, end 289.82MB, increase: 105.30KB
2026-7-7 16:40:21-debug: // ---- build task web-mobile：onAfterBuild ---- (106ms)
2026-7-7 16:40:21-debug: web-mobile:(onAfterBuild) in 106 ms ✓, progress: 62%
2026-7-7 16:40:21-debug: cocos-service:(onAfterBuild) start..., progress: 62%
2026-7-7 16:40:21-debug: // ---- build task cocos-service：onAfterBuild ----
2026-7-7 16:40:21-debug: // ---- build task cocos-service：onAfterBuild ---- (167ms)
2026-7-7 16:40:21-debug: adsense-h5g-plugin:(onAfterBuild) start..., progress: 64%
2026-7-7 16:40:21-debug: // ---- build task adsense-h5g-plugin：onAfterBuild ----
2026-7-7 16:40:21-debug: cocos-service:(onAfterBuild) in 167 ms ✓, progress: 64%
2026-7-7 16:40:21-debug: // ---- build task adsense-h5g-plugin：onAfterBuild ---- (113ms)
2026-7-7 16:40:21-debug: adsense-h5g-plugin:(onAfterBuild) in 113 ms ✓, progress: 65%
2026-7-7 16:40:21-debug: super-html:(onAfterBuild) start..., progress: 65%
2026-7-7 16:40:21-debug: // ---- build task super-html：onAfterBuild ----
2026-7-7 16:40:21-log: [super-html] : s_input_dir D:\工程项目\PlayableAD\Cocos\TheW\20260615_HYQ\HYQ_Project\build\web-mobile-001
2026-7-7 16:40:21-log: [super-html] : -- start --
2026-7-7 16:40:21-log: [super-html] : s_out_dir D:\工程项目\PlayableAD\Cocos\TheW\20260615_HYQ\HYQ_Project\build\super-html
2026-7-7 16:40:21-log: [super-html] : engine version 3.8.7
2026-7-7 16:40:28-debug: // ---- build task super-html：onAfterBuild ---- (6807ms)
2026-7-7 16:40:28-debug: super-html:(onAfterBuild) in 6807 ms ✓, progress: 67%
2026-7-7 16:40:28-debug: super-packager:(onAfterBuild) start..., progress: 67%
2026-7-7 16:40:28-debug: // ---- build task super-packager：onAfterBuild ----
2026-7-7 16:40:28-log: [SUPER_PACKAGE]onAfterBuild
2026-7-7 16:40:28-debug: // ---- build task super-packager：onAfterBuild ---- (198ms)
2026-7-7 16:40:28-debug: super-packager:(onAfterBuild) in 198 ms ✓, progress: 69%
2026-7-7 16:40:28-log: Asset DB is resume!
2026-7-7 16:40:28-debug: builder:build-project-total (34812ms)
2026-7-7 16:40:28-debug: build task(web-mobile-001) in 34812!
2026-7-7 16:40:29-debug: [Build Memory track]: builder:build-project-total start:290.04MB, end 288.87MB, increase: -1190.18KB
2026-7-7 16:40:29-debug: Stop record console. {file(D:\工程项目\PlayableAD\Cocos\TheW\20260615_HYQ\HYQ_Project\temp\builder\log\web-mobile2026-7-7 16-39.log)}
2026-7-7 16:40:29-debug: ================================ build Task (web-mobile-001) Finished in (35 s)ms ================================
2026-7-7 16:40:29-warn: The Mesh used by component "cc.MeshRenderer" in prefab "Role_2" is missing. Detailed information:Node path: "Role_2/New Node/Bip001 Prop1 Socket/jiateling01"Asset url: "db://assets/GameRes/Prefab/Role_2"Missing uuid: "03189dd5-73dd-4e52-8644-1ff1a122b972@18a45"
2026-7-7 16:40:29-warn: The Mesh used by component "cc.MeshRenderer" in prefab "Role_2" is missing. Detailed information:Node path: "Role_2/New Node/Bip001 Prop1 Socket/jiateling01"Asset url: "db://assets/GameRes/Prefab/Role_2"Missing uuid: "03189dd5-73dd-4e52-8644-1ff1a122b972@18a45"
2026-7-7 16:40:29-warn: The Mesh used by component "cc.MeshRenderer" in prefab "Role_1" is missing. Detailed information:Node path: "Role_1/New Node/Bip001 Prop1 Socket/jiateling01"Asset url: "db://assets/GameRes/Prefab/Role_1"Missing uuid: "03189dd5-73dd-4e52-8644-1ff1a122b972@18a45"
2026-7-7 16:40:33-log: [super-html] : [common] [13586 kb] D:\工程项目\PlayableAD\Cocos\TheW\20260615_HYQ\HYQ_Project\build\super-html\common\HYQ_common.html
2026-7-7 16:40:33-log: [super-html] : [common] [6213 kb] D:\工程项目\PlayableAD\Cocos\TheW\20260615_HYQ\HYQ_Project\build\super-html\common\HYQ_common_min.html
2026-7-7 16:40:33-log: [super-html] : [applovin] [6213 kb] D:\工程项目\PlayableAD\Cocos\TheW\20260615_HYQ\HYQ_Project\build\super-html\applovin\HYQ_applovin.html
2026-7-7 16:40:33-log: [super-html] : [ironsource] [6216 kb] D:\工程项目\PlayableAD\Cocos\TheW\20260615_HYQ\HYQ_Project\build\super-html\ironsource\HYQ_ironsource.html
2026-7-7 16:40:33-log: [super-html] : [ironsource2025] [6214 kb] D:\工程项目\PlayableAD\Cocos\TheW\20260615_HYQ\HYQ_Project\build\super-html\ironsource2025\HYQ_ironsource2025.html
2026-7-7 16:40:35-log: [super-html] : [mintegral] [4498 kb] D:\工程项目\PlayableAD\Cocos\TheW\20260615_HYQ\HYQ_Project\build\super-html\mintegral\HYQ_mintegral.zip
2026-7-7 16:40:35-log: [super-html] : [unity] [6213 kb] D:\工程项目\PlayableAD\Cocos\TheW\20260615_HYQ\HYQ_Project\build\super-html\unity\HYQ_unity.html
2026-7-7 16:40:35-log: [super-html] : [chartboost] [6213 kb] D:\工程项目\PlayableAD\Cocos\TheW\20260615_HYQ\HYQ_Project\build\super-html\chartboost\HYQ_chartboost.html
2026-7-7 16:40:36-log: [super-html] : [google] [4566 kb] D:\工程项目\PlayableAD\Cocos\TheW\20260615_HYQ\HYQ_Project\build\super-html\google\HYQ_google.zip
2026-7-7 16:40:36-log: [super-html] : [google] [4566 kb] D:\工程项目\PlayableAD\Cocos\TheW\20260615_HYQ\HYQ_Project\build\super-html\google\HYQ_google_portrait.zip
2026-7-7 16:40:37-log: [super-html] : [google] [4566 kb] D:\工程项目\PlayableAD\Cocos\TheW\20260615_HYQ\HYQ_Project\build\super-html\google\HYQ_google_landscape.zip
2026-7-7 16:40:37-log: [super-html] : [facebook] [6213 kb] D:\工程项目\PlayableAD\Cocos\TheW\20260615_HYQ\HYQ_Project\build\super-html\facebook\HYQ_facebook.html
2026-7-7 16:40:38-log: [super-html] : [facebook] [4566 kb] D:\工程项目\PlayableAD\Cocos\TheW\20260615_HYQ\HYQ_Project\build\super-html\facebook\HYQ_facebook.zip
2026-7-7 16:40:39-log: [super-html] : [pangle] [4498 kb] D:\工程项目\PlayableAD\Cocos\TheW\20260615_HYQ\HYQ_Project\build\super-html\pangle\HYQ_pangle.zip
2026-7-7 16:40:40-log: [super-html] : [pangle] [4498 kb] D:\工程项目\PlayableAD\Cocos\TheW\20260615_HYQ\HYQ_Project\build\super-html\pangle\HYQ_pangle_portrait.zip
2026-7-7 16:40:41-log: [super-html] : [pangle] [4498 kb] D:\工程项目\PlayableAD\Cocos\TheW\20260615_HYQ\HYQ_Project\build\super-html\pangle\HYQ_pangle_landscape.zip
2026-7-7 16:40:42-log: [super-html] : [liftoff] [4498 kb] D:\工程项目\PlayableAD\Cocos\TheW\20260615_HYQ\HYQ_Project\build\super-html\liftoff\HYQ_liftoff.zip
2026-7-7 16:40:42-log: [super-html] : [moloco] [6213 kb] D:\工程项目\PlayableAD\Cocos\TheW\20260615_HYQ\HYQ_Project\build\super-html\moloco\HYQ_moloco.html
2026-7-7 16:40:43-log: [super-html] : [tiktok] [4498 kb] D:\工程项目\PlayableAD\Cocos\TheW\20260615_HYQ\HYQ_Project\build\super-html\tiktok\HYQ_tiktok.zip
2026-7-7 16:40:44-log: [super-html] : [vungle] [4498 kb] D:\工程项目\PlayableAD\Cocos\TheW\20260615_HYQ\HYQ_Project\build\super-html\vungle\HYQ_vungle.zip
2026-7-7 16:40:45-log: [super-html] : [bigo] [4498 kb] D:\工程项目\PlayableAD\Cocos\TheW\20260615_HYQ\HYQ_Project\build\super-html\bigo\HYQ_bigo.zip
2026-7-7 16:40:45-log: [super-html] : [kwai] : thumbnail_cover.jpg no find
2026-7-7 16:40:46-log: [super-html] : [kwai] [4498 kb] D:\工程项目\PlayableAD\Cocos\TheW\20260615_HYQ\HYQ_Project\build\super-html\kwai\HYQ_kwai.zip
2026-7-7 16:40:46-log: [super-html] : [nefta] [6213 kb] D:\工程项目\PlayableAD\Cocos\TheW\20260615_HYQ\HYQ_Project\build\super-html\nefta\HYQ_nefta.html
2026-7-7 16:40:47-log: [super-html] : [nefta] [4498 kb] D:\工程项目\PlayableAD\Cocos\TheW\20260615_HYQ\HYQ_Project\build\super-html\nefta\HYQ_nefta.zip
2026-7-7 16:40:47-log: [super-html] : [snapchat] [4567 kb] D:\工程项目\PlayableAD\Cocos\TheW\20260615_HYQ\HYQ_Project\build\super-html\snapchat\HYQ_snapchat_portrait.zip
2026-7-7 16:40:48-log: [super-html] : [gdt] [4567 kb] D:\工程项目\PlayableAD\Cocos\TheW\20260615_HYQ\HYQ_Project\build\super-html\gdt\HYQ_gdt.zip
2026-7-7 16:40:48-log: [super-html] : [gdt] [4567 kb] D:\工程项目\PlayableAD\Cocos\TheW\20260615_HYQ\HYQ_Project\build\super-html\gdt\HYQ_gdt_portrait.zip
2026-7-7 16:40:49-log: [super-html] : run time 28.313S
2026-7-7 16:40:49-log: [super-html] : [gdt] [4567 kb] D:\工程项目\PlayableAD\Cocos\TheW\20260615_HYQ\HYQ_Project\build\super-html\gdt\HYQ_gdt_landscape.zip
2026-7-7 16:40:49-log: [super-html] : -- end -- 
2026-7-7 16:41:11-debug: refresh db internal success
2026-7-7 16:41:11-debug: refresh db assets success
2026-7-7 16:41:11-debug: %cImport%c: D:\工程项目\PlayableAD\Cocos\TheW\20260615_HYQ\HYQ_Project\extensions\super-packager\package_assets\Common\SuperPackage.tsbackground: #aaff85; color: #000;color: #000;
2026-7-7 16:41:11-debug: %cImport%c: D:\工程项目\PlayableAD\Cocos\TheW\20260615_HYQ\HYQ_Project\extensions\super-packager\package_assets\JiangYv\PBASDK-v3\PBASDK.tsbackground: #aaff85; color: #000;color: #000;
2026-7-7 16:41:11-debug: refresh db super-packager success
2026-7-7 16:41:11-debug: Run asset db hook engine-extends:afterRefresh ...
2026-7-7 16:41:11-debug: Run asset db hook engine-extends:afterRefresh success!
2026-7-7 16:41:11-debug: asset-db:refresh-all-database (283ms)
2026-7-7 16:41:11-debug: asset-db:worker-effect-data-processing (5ms)
2026-7-7 16:41:11-debug: asset-db-hook-engine-extends-afterRefresh (5ms)
2026-7-7 16:41:12-debug: Query all assets info in project
2026-7-7 16:41:12-debug: init custom config: keepNodeUuid: false, useCache: true
2026-7-7 16:41:12-debug: Skip compress image, progress: 0%
2026-7-7 16:41:12-debug: Init all bundles start..., progress: 0%
2026-7-7 16:41:12-debug: // ---- build task 查询 Asset Bundle ----
2026-7-7 16:41:12-debug: 查询 Asset Bundle start, progress: 0%
2026-7-7 16:41:12-debug: Init bundle root assets start..., progress: 0%
2026-7-7 16:41:12-debug: Num of bundles: 3..., progress: 0%
2026-7-7 16:41:12-debug: Query preload assets/scripts from cc.config.json: 60f7195c-ec2a-45eb-ba94-8955f60e81d0,1c02ae6f-4492-4915-b8f8-7492a3b1e4cd,810e96e4-e456-4468-9b59-f4e8f39732c0,efe8e2a3-eace-427b-b4f1-cb8a937ec77d,e9aa9a3e-5b2b-4ac7-a2c7-073de2b2b24f,8bbdbcdd-5cd4-4100-b6d5-b7c9625b6107,50f4348b-c883-4e2f-8f11-ce233b859fa1,fda095cb-831d-4601-ad94-846013963de8,f92806d7-1768-443f-afe8-12bcde84d0f0,dd3a144d-ab7f-41f0-82b8-2e43a090d496,f0416e68-0200-4b77-a926-4f9d16e494da,511d2633-09a7-4bdd-ac42-f778032124b3,5d45aa00-e064-4938-b314-4265f0c2258c,9361fd90-ba52-4f84-aa93-6e878fd576ca,970b0598-bcb0-4714-91fb-2e81440dccd8,bcd64cc6-2dd9-43f6-abbe-66318d332032,d930590d-bb92-4cc8-8bd1-23cd027f9edf,a3cd009f-0ab0-420d-9278-b9fdab939bbc,6a2d0734-bd9e-4ddf-946e-caa52498cb75,d1346436-ac96-4271-b863-1f4fdead95b0,971bdb23-3ff6-43eb-b422-1c30165a3663,17debcc3-0a6b-4b8a-b00b-dc58b885581e,711ebe11-f673-4cd9-9a83-63c60ba54c5b,c0143906-9aed-447e-9436-2ae8512d1b6e,14da1725-c4c2-42b4-ab08-ee0aeb6898b3,081cab31-dccd-428e-8652-f2404cc81c47,78e0584a-4343-4727-8f37-e14e65c2a2db,ba21476f-2866-4f81-9c4d-6e359316e448,871c3b6c-7379-419d-bda3-794b239ab90d,ff9b0199-ce04-4cfe-86cc-6c719f08d6e4,de1c2107-70c8-4021-8459-6399f24d01c6,cbf30902-517f-40dc-af90-a550bac27cf1,5c601d96-e4c7-4698-991b-7ee674b11079
2026-7-7 16:41:12-debug:   Number of all scenes: 5
2026-7-7 16:41:12-debug:   Number of all scripts: 109
2026-7-7 16:41:12-debug: Init bundle root assets success..., progress: 0%
2026-7-7 16:41:12-debug:   Number of other assets: 1158
2026-7-7 16:41:12-debug: // ---- build task 查询 Asset Bundle ---- (13ms)
2026-7-7 16:41:12-log: run build task 查询 Asset Bundle success in 13 ms√, progress: 5%
2026-7-7 16:41:12-debug: [Build Memory track]: 查询 Asset Bundle start:280.58MB, end 279.11MB, increase: -1502.77KB
2026-7-7 16:41:12-debug: 查询 Asset Bundle start, progress: 5%
2026-7-7 16:41:12-debug: // ---- build task 查询 Asset Bundle ----
2026-7-7 16:41:13-debug: // ---- build task 查询 Asset Bundle ---- (11ms)
2026-7-7 16:41:13-log: run build task 查询 Asset Bundle success in 11 ms√, progress: 10%
2026-7-7 16:41:13-debug: [Build Memory track]: 查询 Asset Bundle start:279.15MB, end 279.37MB, increase: 232.57KB
2026-7-7 16:41:13-debug: 整理部分构建选项内数据到 settings.json start, progress: 10%
2026-7-7 16:41:13-debug: // ---- build task 整理部分构建选项内数据到 settings.json ----
2026-7-7 16:41:13-debug: // ---- build task 整理部分构建选项内数据到 settings.json ---- (3ms)
2026-7-7 16:41:13-log: run build task 整理部分构建选项内数据到 settings.json success in 3 ms√, progress: 12%
2026-7-7 16:41:13-debug: [Build Memory track]: 整理部分构建选项内数据到 settings.json start:279.41MB, end 279.44MB, increase: 28.35KB
2026-7-7 16:41:13-debug: 填充脚本数据到 settings.json start, progress: 12%
2026-7-7 16:41:13-debug: // ---- build task 填充脚本数据到 settings.json ----
2026-7-7 16:41:13-debug: // ---- build task 填充脚本数据到 settings.json ---- (2ms)
2026-7-7 16:41:13-log: run build task 填充脚本数据到 settings.json success in 2 ms√, progress: 13%
2026-7-7 16:41:13-debug: [Build Memory track]: 填充脚本数据到 settings.json start:279.47MB, end 279.50MB, increase: 29.88KB
2026-7-7 16:41:13-debug: 整理部分构建选项内数据到 settings.json start, progress: 13%
2026-7-7 16:41:13-debug: // ---- build task 整理部分构建选项内数据到 settings.json ----
2026-7-7 16:41:13-debug: // ---- build task 整理部分构建选项内数据到 settings.json ---- (14ms)
2026-7-7 16:41:13-log: run build task 整理部分构建选项内数据到 settings.json success in 14 ms√, progress: 15%
2026-7-7 16:41:13-debug: [Build Memory track]: 整理部分构建选项内数据到 settings.json start:279.53MB, end 279.60MB, increase: 71.19KB
2026-7-7 16:41:13-debug: Query all assets info in project
2026-7-7 16:41:13-debug: init custom config: keepNodeUuid: false, useCache: true
2026-7-7 16:41:13-debug: Skip compress image, progress: 0%
2026-7-7 16:41:13-debug: Init all bundles start..., progress: 0%
2026-7-7 16:41:13-debug: Num of bundles: 3..., progress: 0%
2026-7-7 16:41:13-debug: 查询 Asset Bundle start, progress: 0%
2026-7-7 16:41:13-debug: // ---- build task 查询 Asset Bundle ----
2026-7-7 16:41:13-debug: Init bundle root assets start..., progress: 0%
2026-7-7 16:41:13-debug: Query preload assets/scripts from cc.config.json: 60f7195c-ec2a-45eb-ba94-8955f60e81d0,1c02ae6f-4492-4915-b8f8-7492a3b1e4cd,810e96e4-e456-4468-9b59-f4e8f39732c0,efe8e2a3-eace-427b-b4f1-cb8a937ec77d,e9aa9a3e-5b2b-4ac7-a2c7-073de2b2b24f,8bbdbcdd-5cd4-4100-b6d5-b7c9625b6107,50f4348b-c883-4e2f-8f11-ce233b859fa1,fda095cb-831d-4601-ad94-846013963de8,f92806d7-1768-443f-afe8-12bcde84d0f0,dd3a144d-ab7f-41f0-82b8-2e43a090d496,f0416e68-0200-4b77-a926-4f9d16e494da,511d2633-09a7-4bdd-ac42-f778032124b3,5d45aa00-e064-4938-b314-4265f0c2258c,9361fd90-ba52-4f84-aa93-6e878fd576ca,970b0598-bcb0-4714-91fb-2e81440dccd8,bcd64cc6-2dd9-43f6-abbe-66318d332032,d930590d-bb92-4cc8-8bd1-23cd027f9edf,a3cd009f-0ab0-420d-9278-b9fdab939bbc,6a2d0734-bd9e-4ddf-946e-caa52498cb75,d1346436-ac96-4271-b863-1f4fdead95b0,971bdb23-3ff6-43eb-b422-1c30165a3663,17debcc3-0a6b-4b8a-b00b-dc58b885581e,711ebe11-f673-4cd9-9a83-63c60ba54c5b,c0143906-9aed-447e-9436-2ae8512d1b6e,14da1725-c4c2-42b4-ab08-ee0aeb6898b3,081cab31-dccd-428e-8652-f2404cc81c47,78e0584a-4343-4727-8f37-e14e65c2a2db,ba21476f-2866-4f81-9c4d-6e359316e448,871c3b6c-7379-419d-bda3-794b239ab90d,ff9b0199-ce04-4cfe-86cc-6c719f08d6e4,de1c2107-70c8-4021-8459-6399f24d01c6,cbf30902-517f-40dc-af90-a550bac27cf1,5c601d96-e4c7-4698-991b-7ee674b11079
2026-7-7 16:41:13-debug:   Number of all scenes: 5
2026-7-7 16:41:13-debug:   Number of other assets: 1158
2026-7-7 16:41:13-debug: Init bundle root assets success..., progress: 0%
2026-7-7 16:41:13-debug:   Number of all scripts: 109
2026-7-7 16:41:13-debug: // ---- build task 查询 Asset Bundle ---- (13ms)
2026-7-7 16:41:13-log: run build task 查询 Asset Bundle success in 13 ms√, progress: 5%
2026-7-7 16:41:13-debug: // ---- build task 查询 Asset Bundle ----
2026-7-7 16:41:13-debug: [Build Memory track]: 查询 Asset Bundle start:280.29MB, end 281.87MB, increase: 1.58MB
2026-7-7 16:41:13-debug: 查询 Asset Bundle start, progress: 5%
2026-7-7 16:41:13-debug: // ---- build task 查询 Asset Bundle ---- (7ms)
2026-7-7 16:41:13-log: run build task 查询 Asset Bundle success in 7 ms√, progress: 10%
2026-7-7 16:41:13-debug: [Build Memory track]: 查询 Asset Bundle start:281.91MB, end 282.13MB, increase: 232.27KB
2026-7-7 16:41:13-debug: 整理部分构建选项内数据到 settings.json start, progress: 10%
2026-7-7 16:41:13-debug: // ---- build task 整理部分构建选项内数据到 settings.json ----
2026-7-7 16:41:13-debug: // ---- build task 整理部分构建选项内数据到 settings.json ---- (3ms)
2026-7-7 16:41:13-log: run build task 整理部分构建选项内数据到 settings.json success in 3 ms√, progress: 12%
2026-7-7 16:41:13-debug: // ---- build task 填充脚本数据到 settings.json ----
2026-7-7 16:41:13-debug: [Build Memory track]: 整理部分构建选项内数据到 settings.json start:282.17MB, end 279.25MB, increase: -2987.93KB
2026-7-7 16:41:13-debug: 填充脚本数据到 settings.json start, progress: 12%
2026-7-7 16:41:13-debug: // ---- build task 填充脚本数据到 settings.json ---- (3ms)
2026-7-7 16:41:13-debug: [Build Memory track]: 填充脚本数据到 settings.json start:279.28MB, end 279.31MB, increase: 29.08KB
2026-7-7 16:41:13-debug: // ---- build task 整理部分构建选项内数据到 settings.json ----
2026-7-7 16:41:13-debug: 整理部分构建选项内数据到 settings.json start, progress: 13%
2026-7-7 16:41:13-log: run build task 填充脚本数据到 settings.json success in 3 ms√, progress: 13%
2026-7-7 16:41:13-debug: // ---- build task 整理部分构建选项内数据到 settings.json ---- (5ms)
2026-7-7 16:41:13-debug: [Build Memory track]: 整理部分构建选项内数据到 settings.json start:279.35MB, end 279.41MB, increase: 65.41KB
2026-7-7 16:41:13-log: run build task 整理部分构建选项内数据到 settings.json success in 5 ms√, progress: 15%
2026-7-7 16:41:35-debug: refresh db internal success
2026-7-7 16:41:35-debug: refresh db assets success
2026-7-7 16:41:35-debug: refresh db super-packager success
2026-7-7 16:41:35-debug: Run asset db hook engine-extends:afterRefresh ...
2026-7-7 16:41:35-debug: Run asset db hook engine-extends:afterRefresh success!
2026-7-7 16:41:35-debug: asset-db:refresh-all-database (193ms)
2026-7-7 16:41:35-debug: asset-db:worker-effect-data-processing (2ms)
2026-7-7 16:41:35-debug: asset-db-hook-engine-extends-afterRefresh (2ms)
2026-7-7 16:41:45-debug: refresh db internal success
2026-7-7 16:41:45-debug: refresh db assets success
2026-7-7 16:41:45-debug: refresh db super-packager success
2026-7-7 16:41:45-debug: Run asset db hook engine-extends:afterRefresh ...
2026-7-7 16:41:45-debug: Run asset db hook engine-extends:afterRefresh success!
2026-7-7 16:41:45-debug: asset-db:refresh-all-database (220ms)
2026-7-7 16:41:45-debug: asset-db:worker-effect-data-processing (2ms)
2026-7-7 16:41:45-debug: asset-db-hook-engine-extends-afterRefresh (2ms)
2026-7-7 16:41:46-debug: Start record console... {file(D:\工程项目\PlayableAD\Cocos\TheW\20260615_HYQ\HYQ_Project\temp\builder\log\web-mobile2026-6-30 10-27.log)}
2026-7-7 16:41:46-debug: =================================== build Task (web-mobile) Start ================================
2026-7-7 16:41:46-debug: Start build task, options:{"name":"HYQ","server":"","engineModulesConfigKey":"defaultConfig","platform":"web-mobile","buildPath":"project://build","debug":false,"buildMode":"normal","mangleProperties":false,"md5Cache":false,"skipCompressTexture":false,"sourceMaps":false,"overwriteProjectSettings":{"includeModules":{"gfx-webgl2":"on","physics":"inherit-project-setting","physics-2d":"inherit-project-setting"},"macroConfig":{"cleanupImageCache":"inherit-project-setting"}},"nativeCodeBundleMode":"asmjs","polyfills":{"asyncFunctions":true},"experimentalEraseModules":false,"startSceneAssetBundle":false,"bundleConfigs":[],"inlineEnum":true,"useBuiltinServer":false,"md5CacheOptions":{"excludes":[],"includes":[],"replaceOnly":[],"handleTemplateMd5Link":true},"mainBundleIsRemote":false,"mainBundleCompressionType":"merge_dep","useSplashScreen":true,"bundleCommonChunk":false,"packAutoAtlas":true,"startScene":"b5805d3a-3b80-4a12-adf5-588e63a7d886","outputName":"web-mobile","taskName":"web-mobile","scenes":[{"url":"db://assets/Scene/Game_3D-002.scene","uuid":"b5805d3a-3b80-4a12-adf5-588e63a7d886"}],"wasmCompressionMode":false,"binGroupConfig":{"threshold":16,"enable":false},"packages":{"adsense-h5g-plugin":{"enableAdsense":false,"enableTestAd":false,"__version__":"1.0.1","AFPHostPropertyCode":"ca-host-pub-5396158963872751","AFPHostDomain":"douyougame.com","otherAFPHostPropertyCode":"","otherAFPDomain":""},"web-mobile":{"useWebGPU":false,"orientation":"auto","embedWebDebugger":false,"__version__":"1.0.1"},"cocos-service":{"configID":"56841a","services":[],"__version__":"3.0.9"},"super-packager":{"googlePlayUrl":"","appStoreUrl":"","__version__":"2.7.0"}},"__version__":"1.3.9","logDest":"project://temp/builder/log/web-mobile2026-6-30 10-27.log"}
2026-7-7 16:41:46-debug: Build with Cocos Creator 3.8.7
2026-7-7 16:41:46-debug: cocos-service:(onBeforeBuild) start..., progress: 0%
2026-7-7 16:41:46-debug: // ---- build task cocos-service：onBeforeBuild ----
2026-7-7 16:41:46-debug: // ---- build task cocos-service：onBeforeBuild ---- (146ms)
2026-7-7 16:41:46-debug: cocos-service:(onBeforeBuild) in 146 ms ✓, progress: 2%
2026-7-7 16:41:46-debug: // ---- build task scene：onBeforeBuild ----
2026-7-7 16:41:46-debug: scene:(onBeforeBuild) start..., progress: 2%
2026-7-7 16:41:46-debug: // ---- build task scene：onBeforeBuild ---- (117ms)
2026-7-7 16:41:46-debug: scene:(onBeforeBuild) in 117 ms ✓, progress: 4%
2026-7-7 16:41:46-debug: super-packager:(onBeforeBuild) start..., progress: 4%
2026-7-7 16:41:46-debug: // ---- build task super-packager：onBeforeBuild ----
2026-7-7 16:41:46-log: [SUPER_PACKAGE]onBeforeBuild
2026-7-7 16:41:46-log: [SUPER_PACKAGE]商店链接配置:{"googlePlayUrl":"","appStoreUrl":""}
2026-7-7 16:41:46-log: [SUPER_PACKAGE]商店链接已同步到文件
2026-7-7 16:41:46-debug: // ---- build task super-packager：onBeforeBuild ---- (124ms)
2026-7-7 16:41:46-debug: super-packager:(onBeforeBuild) in 124 ms ✓, progress: 5%
2026-7-7 16:41:46-debug: Start lock asset db..., progress: 5%
2026-7-7 16:41:46-log: Asset DB is paused with build!
2026-7-7 16:41:46-debug: Query all assets info in project
2026-7-7 16:41:46-debug: init custom config: keepNodeUuid: false, useCache: true
2026-7-7 16:41:46-debug: web-mobile:(onAfterInit) start..., progress: 5%
2026-7-7 16:41:46-debug: // ---- build task web-mobile：onAfterInit ----
2026-7-7 16:41:46-debug: // ---- build task web-mobile：onAfterInit ---- (67ms)
2026-7-7 16:41:46-debug: web-mobile:(onAfterInit) in 67 ms ✓, progress: 7%
2026-7-7 16:41:46-debug: cocos-service:(onAfterInit) start..., progress: 7%
2026-7-7 16:41:46-debug: // ---- build task cocos-service：onAfterInit ----
2026-7-7 16:41:47-debug: // ---- build task cocos-service：onAfterInit ---- (123ms)
2026-7-7 16:41:47-debug: cocos-service:(onAfterInit) in 123 ms ✓, progress: 9%
2026-7-7 16:41:47-debug: Skip compress image, progress: 0%
2026-7-7 16:41:47-debug: adsense-h5g-plugin:(onBeforeBundleInit) start..., progress: 9%
2026-7-7 16:41:47-debug: adsense-h5g-plugin:(onBeforeBundleInit) start..., progress: 0%
2026-7-7 16:41:47-debug: // ---- build task adsense-h5g-plugin：onBeforeBundleInit ----
2026-7-7 16:41:47-debug: [adsense-h5g-plugin] remove script success
2026-7-7 16:41:47-debug: // ---- build task adsense-h5g-plugin：onBeforeBundleInit ---- (120ms)
2026-7-7 16:41:47-debug: adsense-h5g-plugin:(onBeforeBundleInit) in 120 ms ✓, progress: 9%
2026-7-7 16:41:47-debug: adsense-h5g-plugin:(onBeforeBundleInit) in 120 ms ✓, progress: 7%
2026-7-7 16:41:47-debug: Init all bundles start..., progress: 9%
2026-7-7 16:41:47-debug: Init all bundles start..., progress: 7%
2026-7-7 16:41:47-debug: Num of bundles: 3..., progress: 9%
2026-7-7 16:41:47-debug: Num of bundles: 3..., progress: 7%
2026-7-7 16:41:47-debug: web-mobile:(onAfterBundleInit) start..., progress: 9%
2026-7-7 16:41:47-debug: web-mobile:(onAfterBundleInit) start..., progress: 7%
2026-7-7 16:41:47-debug: // ---- build task web-mobile：onAfterBundleInit ----
2026-7-7 16:41:47-debug: // ---- build task web-mobile：onAfterBundleInit ---- (137ms)
2026-7-7 16:41:47-debug: web-mobile:(onAfterBundleInit) in 137 ms ✓, progress: 9%
2026-7-7 16:41:47-debug: web-mobile:(onAfterBundleInit) in 137 ms ✓, progress: 13%
2026-7-7 16:41:47-debug: 查询 Asset Bundle start, progress: 9%
2026-7-7 16:41:47-debug: // ---- build task 查询 Asset Bundle ----
2026-7-7 16:41:47-debug: Init bundle root assets start..., progress: 9%
2026-7-7 16:41:47-debug: Init bundle root assets start..., progress: 13%
2026-7-7 16:41:47-debug: Query preload assets/scripts from cc.config.json: 60f7195c-ec2a-45eb-ba94-8955f60e81d0,1c02ae6f-4492-4915-b8f8-7492a3b1e4cd,810e96e4-e456-4468-9b59-f4e8f39732c0,efe8e2a3-eace-427b-b4f1-cb8a937ec77d,e9aa9a3e-5b2b-4ac7-a2c7-073de2b2b24f,8bbdbcdd-5cd4-4100-b6d5-b7c9625b6107,50f4348b-c883-4e2f-8f11-ce233b859fa1,fda095cb-831d-4601-ad94-846013963de8,f92806d7-1768-443f-afe8-12bcde84d0f0,dd3a144d-ab7f-41f0-82b8-2e43a090d496,f0416e68-0200-4b77-a926-4f9d16e494da,511d2633-09a7-4bdd-ac42-f778032124b3,5d45aa00-e064-4938-b314-4265f0c2258c,9361fd90-ba52-4f84-aa93-6e878fd576ca,970b0598-bcb0-4714-91fb-2e81440dccd8,bcd64cc6-2dd9-43f6-abbe-66318d332032,d930590d-bb92-4cc8-8bd1-23cd027f9edf,a3cd009f-0ab0-420d-9278-b9fdab939bbc,6a2d0734-bd9e-4ddf-946e-caa52498cb75,d1346436-ac96-4271-b863-1f4fdead95b0,971bdb23-3ff6-43eb-b422-1c30165a3663,17debcc3-0a6b-4b8a-b00b-dc58b885581e,711ebe11-f673-4cd9-9a83-63c60ba54c5b,c0143906-9aed-447e-9436-2ae8512d1b6e,14da1725-c4c2-42b4-ab08-ee0aeb6898b3,081cab31-dccd-428e-8652-f2404cc81c47,78e0584a-4343-4727-8f37-e14e65c2a2db,ba21476f-2866-4f81-9c4d-6e359316e448,871c3b6c-7379-419d-bda3-794b239ab90d,ff9b0199-ce04-4cfe-86cc-6c719f08d6e4,de1c2107-70c8-4021-8459-6399f24d01c6,cbf30902-517f-40dc-af90-a550bac27cf1,5c601d96-e4c7-4698-991b-7ee674b11079
2026-7-7 16:41:47-debug:   Number of all scripts: 109
2026-7-7 16:41:47-debug:   Number of other assets: 1158
2026-7-7 16:41:47-debug: Init bundle root assets success..., progress: 9%
2026-7-7 16:41:47-debug: Init bundle root assets success..., progress: 13%
2026-7-7 16:41:47-debug:   Number of all scenes: 5
2026-7-7 16:41:47-debug: reload all scripts.
2026-7-7 16:41:47-debug: [[Executor]] reload before lock
2026-7-7 16:41:47-debug: Set detail map pack:///resolution-detail-map.json: {}
2026-7-7 16:41:47-debug: Unregister BuiltinPipelineSettings
2026-7-7 16:41:47-debug: Unregister BuiltinDepthOfFieldPass
2026-7-7 16:41:47-debug: Unregister BuiltinPipelinePassBuilder
2026-7-7 16:41:47-debug: Unregister DebugViewRuntimeControl
2026-7-7 16:41:47-debug: Unregister CameraMove
2026-7-7 16:41:47-debug: Unregister LayerManager
2026-7-7 16:41:47-debug: Unregister UnityUpComponent
2026-7-7 16:41:47-debug: Unregister RotationDrive
2026-7-7 16:41:47-debug: Unregister MoveDrive
2026-7-7 16:41:47-debug: Unregister RotationVector
2026-7-7 16:41:47-debug: Unregister PrefabsRes
2026-7-7 16:41:47-debug: Unregister PrefabsManager
2026-7-7 16:41:47-debug: Unregister L18nManager
2026-7-7 16:41:47-debug: Unregister DownLoadL8
2026-7-7 16:41:47-debug: Unregister LangArrAuto
2026-7-7 16:41:47-debug: Unregister DownLoadL8
2026-7-7 16:41:47-debug: Unregister ResurrectionL8
2026-7-7 16:41:47-debug: Unregister Prop
2026-7-7 16:41:47-debug: Unregister JumpDriveEngine
2026-7-7 16:41:47-debug: Unregister BagBase
2026-7-7 16:41:47-debug: Unregister FlayPropManager
2026-7-7 16:41:47-debug: Unregister Lightning
2026-7-7 16:41:47-debug: Unregister GroupBag3D
2026-7-7 16:41:47-debug: Unregister GroupPropTransform
2026-7-7 16:41:47-debug: Unregister LangAuto
2026-7-7 16:41:47-debug: Unregister CollectGetTarget
2026-7-7 16:41:47-debug: Unregister AttackTargetBase
2026-7-7 16:41:47-debug: Unregister MeleeAttack
2026-7-7 16:41:47-debug: Unregister HpComponent
2026-7-7 16:41:47-debug: Unregister MeshFlashPropData
2026-7-7 16:41:47-debug: Unregister LabBagUp
2026-7-7 16:41:47-debug: Unregister AreaAttack
2026-7-7 16:41:47-debug: Unregister MeshFlashData
2026-7-7 16:41:47-debug: Unregister MeshFlashSwitchData
2026-7-7 16:41:47-debug: Unregister EffectTimePartRemove
2026-7-7 16:41:47-debug: Unregister EffectRemoveBase
2026-7-7 16:41:47-debug: Unregister EffectManager
2026-7-7 16:41:47-debug: Unregister BattleTargetBase
2026-7-7 16:41:47-debug: Unregister BulletMonsterCollisionManager
2026-7-7 16:41:47-debug: Unregister BulletBattle3D
2026-7-7 16:41:47-debug: Unregister ColliderTag
2026-7-7 16:41:47-debug: Unregister BulletCollideBase2D
2026-7-7 16:41:47-debug: Unregister BulletBattle2D
2026-7-7 16:41:47-debug: Unregister TriggerBase2D
2026-7-7 16:41:47-debug: Unregister RangedAttack
2026-7-7 16:41:47-debug: Unregister BattleTarget2D
2026-7-7 16:41:47-debug: Unregister CollectBattleTarger2D
2026-7-7 16:41:47-debug: Unregister BulletBatchRenderer
2026-7-7 16:41:47-debug: Unregister BattleTarget3D
2026-7-7 16:41:47-debug: Unregister RangedAttack_Circle
2026-7-7 16:41:47-debug: Unregister RangedAttack_Shrapnel
2026-7-7 16:41:47-debug: Unregister AttackParkPlay
2026-7-7 16:41:47-debug: Unregister CollectBattleTarger3D
2026-7-7 16:41:47-debug: Unregister EffectTimeRemove
2026-7-7 16:41:47-debug: Unregister GuideLine
2026-7-7 16:41:47-debug: Unregister FbxManager
2026-7-7 16:41:47-debug: Unregister Role
2026-7-7 16:41:47-debug: Unregister GameOverPanel
2026-7-7 16:41:47-debug: Unregister TriggerBase3D
2026-7-7 16:41:47-debug: Unregister WeaponBulletConfig
2026-7-7 16:41:47-debug: Unregister Player
2026-7-7 16:41:47-debug: Unregister MonsterBattleTaerget
2026-7-7 16:41:47-debug: Unregister ArmsInfo
2026-7-7 16:41:47-debug: Unregister PropArms
2026-7-7 16:41:47-debug: Unregister PropBrand
2026-7-7 16:41:47-debug: Unregister LalianHitStageConfig
2026-7-7 16:41:47-debug: Unregister PropLalianGate
2026-7-7 16:41:47-debug: Unregister CreatePropBrand
2026-7-7 16:41:47-debug: Unregister MonsterCreateInfo
2026-7-7 16:41:47-debug: Unregister MonsterCreateQueue
2026-7-7 16:41:47-debug: Unregister RangeTowerAttack
2026-7-7 16:41:47-debug: Unregister MonsterCreate
2026-7-7 16:41:47-debug: Unregister GuideManager
2026-7-7 16:41:47-debug: Unregister PropTireGate
2026-7-7 16:41:47-debug: Unregister ArmsUp
2026-7-7 16:41:47-debug: Unregister RockerUI
2026-7-7 16:41:47-debug: Unregister RockerMouseEvent
2026-7-7 16:41:47-debug: Unregister ShoppIngEvent
2026-7-7 16:41:47-debug: Unregister BuyWayBase
2026-7-7 16:41:47-debug: Unregister Shopping
2026-7-7 16:41:47-debug: Unregister BuyWay2D
2026-7-7 16:41:47-debug: Unregister BulletCollideBase3D
2026-7-7 16:41:47-debug: Unregister BuyWay3D
2026-7-7 16:41:47-debug: Unregister ShoppingItem
2026-7-7 16:41:47-debug: Unregister Shopping_Super
2026-7-7 16:41:47-debug: Unregister FrameAnimManager
2026-7-7 16:41:47-debug: Unregister UIButtonEvent
2026-7-7 16:41:47-debug: Invalidating 'pack:///chunks/93/93ba276ea7b26ffcdc433fab14afc1ed6f05647b.js'
2026-7-7 16:41:47-debug: Unregister StutterCheck
2026-7-7 16:41:47-debug: Invalidating 'pack:///chunks/6d/6d8fd2b0177941b032ddc0733af48a561fb60657.js'
2026-7-7 16:41:47-debug: Invalidating 'pack:///chunks/f2/f22794b1c95bc92b6e994a97e9b193af020adc12.js'
2026-7-7 16:41:47-debug: Invalidating 'pack:///chunks/6a/6a5019a719a9014c047e67aa1cf34453ab8392ce.js'
2026-7-7 16:41:47-debug: Invalidating 'pack:///chunks/c9/c9d891290a54ec567f150962e76c6bf9cdf47b3b.js'
2026-7-7 16:41:47-debug: Invalidating 'pack:///chunks/04/04f62969dc20e2c08fceeca28e5f160f93c57d48.js'
2026-7-7 16:41:47-debug: Invalidating 'pack:///chunks/84/84fdd98491917343dab9e13fe8b5a70bd6a363c2.js'
2026-7-7 16:41:47-debug: Unregister FrameManager
2026-7-7 16:41:47-debug: Invalidating 'pack:///chunks/d9/d980f46bad1521f99cf9b02f6f4709610973859b.js'
2026-7-7 16:41:47-debug: Invalidating 'pack:///chunks/e9/e96bc804d4af33012a1ad5c19177a551c107f2ae.js'
2026-7-7 16:41:47-debug: Invalidating 'pack:///chunks/e0/e099fc7c0597d98bad93ecd30952e1955267ade1.js'
2026-7-7 16:41:47-debug: Invalidating 'pack:///chunks/4d/4d6662648c8c361d9de350d72c1ab0a8e7508014.js'
2026-7-7 16:41:47-debug: Invalidating 'pack:///chunks/e2/e2118395860d446afdd7349c12bbbbd5ff0a8915.js'
2026-7-7 16:41:47-debug: Invalidating 'pack:///chunks/31/31cebe8e0355019a96c8dc216aed673e195b2a53.js'
2026-7-7 16:41:47-debug: Invalidating 'pack:///chunks/3f/3fc33806253ded99e50ac9220c73832ef2904ca7.js'
2026-7-7 16:41:47-debug: Invalidating 'pack:///chunks/56/5601ae9cf318e5c14df7d30ca1cafe71734c982a.js'
2026-7-7 16:41:47-debug: Invalidating 'pack:///chunks/8a/8ae7d51cc818f718270f9e2ad9b78b6df4ffa62c.js'
2026-7-7 16:41:47-debug: Invalidating 'pack:///chunks/84/8436bf0d6f6a392b090fff8471ad48b32970414b.js'
2026-7-7 16:41:47-debug: Invalidating 'pack:///chunks/8b/8b1077471006cad018e02beccd0bed5dcc54c671.js'
2026-7-7 16:41:47-debug: Invalidating 'pack:///chunks/a1/a1d124b8795c6e55160d2ce5ecbd41437847152f.js'
2026-7-7 16:41:47-debug: Invalidating 'pack:///chunks/79/798785a3f67288cbb075d5efa15a2c266208a881.js'
2026-7-7 16:41:47-debug: Invalidating 'pack:///chunks/90/901a8f42214a0198b9aca11ce347c093cca5e26c.js'
2026-7-7 16:41:47-debug: Invalidating 'pack:///chunks/14/14cec8e3738599ab9965ee6a2127491eba1361af.js'
2026-7-7 16:41:47-debug: Invalidating 'pack:///chunks/e9/e950dd2519065be1280daf69ce7f6b07e4d0caaa.js'
2026-7-7 16:41:47-debug: Invalidating 'pack:///chunks/f2/f20c45b49501fbe07d44e99d95c2c506a06a0ecd.js'
2026-7-7 16:41:47-debug: Invalidating 'pack:///chunks/eb/eb316915c4446a477164305c14374917acb92a23.js'
2026-7-7 16:41:47-debug: Invalidating 'pack:///chunks/f0/f04c2dd9d3cc608a6f46e13bb5d3c46aa5633baf.js'
2026-7-7 16:41:47-debug: Invalidating 'pack:///chunks/63/633ac4308370832c1c78b9f28702617696f6e9fb.js'
2026-7-7 16:41:47-debug: Invalidating 'pack:///chunks/f5/f570589f727cbf96139a6869e201d7a87544da71.js'
2026-7-7 16:41:47-debug: Invalidating 'pack:///chunks/ed/edbdde40fab9baf06e704beb85e64d72f20aefb8.js'
2026-7-7 16:41:47-debug: Invalidating 'pack:///chunks/40/407fe08f85a1575a06beb3692d40cf36d9684f58.js'
2026-7-7 16:41:47-debug: Invalidating 'pack:///chunks/f8/f8baeccf8cf047db05161c9b9e8b6b4ff9eefe2f.js'
2026-7-7 16:41:47-debug: Invalidating 'pack:///chunks/84/84bbaa7f2e1a0639f57f755b935e1acb7d73f78e.js'
2026-7-7 16:41:47-debug: Invalidating 'pack:///chunks/0f/0fd75e1d9556ba520ee98c89195f9d0594110ad2.js'
2026-7-7 16:41:47-debug: Invalidating 'pack:///chunks/4c/4c2851018e56f823e74c2b3e2117156bcb9e76d0.js'
2026-7-7 16:41:47-debug: Invalidating 'pack:///chunks/2e/2edb51f2f57b638345a2b9d561f476b67029b574.js'
2026-7-7 16:41:47-debug: Invalidating 'pack:///chunks/ec/ecb76259f390974cf14cad52564b11281c42a7e6.js'
2026-7-7 16:41:47-debug: Invalidating 'pack:///chunks/e5/e5fea8c54230bb378b45e63a8ea8186bdeccbbe2.js'
2026-7-7 16:41:47-debug: Invalidating 'pack:///chunks/d5/d58c1ab1b696259af8c3b1384857266dba055462.js'
2026-7-7 16:41:47-debug: Invalidating 'pack:///chunks/38/38483f6f68b174c6aad120536d38c3642cb0e458.js'
2026-7-7 16:41:47-debug: Invalidating 'pack:///chunks/5f/5fdfd08a9c16dc742e66ef16a5a8e13f5f831a3e.js'
2026-7-7 16:41:47-debug: Invalidating 'pack:///chunks/f6/f6cf9b6088316a765dbcd0b22eb496d3f4be80dc.js'
2026-7-7 16:41:47-debug: Invalidating 'pack:///chunks/41/4103e3b8e8be7d1b0e7a8a67f28a2c29fe9aa2dc.js'
2026-7-7 16:41:47-debug: Invalidating 'pack:///chunks/b6/b6919de7425c243c4e1697f376cb4f6f6b2769a4.js'
2026-7-7 16:41:47-debug: Invalidating 'pack:///chunks/b5/b5c69e24499acddd297e4328687b0ea934b109d5.js'
2026-7-7 16:41:47-debug: Invalidating 'pack:///chunks/80/80f420cd19a5967732f7f177a68c3670990311d3.js'
2026-7-7 16:41:47-debug: Invalidating 'pack:///chunks/7e/7e52be47c960966fc7d962b7957dbbce1047514e.js'
2026-7-7 16:41:47-debug: Invalidating 'pack:///chunks/0e/0ea1c77c59b038eb4661ef171f440cbc7cc134ca.js'
2026-7-7 16:41:47-debug: Invalidating 'pack:///chunks/3f/3ff8f1a74d7fbbd22ced04971b6ab15e04fd86a6.js'
2026-7-7 16:41:47-debug: Invalidating 'pack:///chunks/80/803faff6203a98317cc86f08677de73b7112b743.js'
2026-7-7 16:41:47-debug: Invalidating 'pack:///chunks/b1/b12e427b1fcb487f729ef654542d8e9775a297cb.js'
2026-7-7 16:41:47-debug: Invalidating 'pack:///chunks/d5/d5f6e07e1b02d743fed3d9c2c8e155b0c3309d52.js'
2026-7-7 16:41:47-debug: Invalidating 'pack:///chunks/02/021cbce763294c7c4adf05845718c817a68ff9f3.js'
2026-7-7 16:41:47-debug: Invalidating 'pack:///chunks/23/2370bd6a63dbba247d7fcab21c5244288f150386.js'
2026-7-7 16:41:47-debug: Invalidating 'pack:///chunks/9e/9ec8816866d723aea0e61547ea23bf04cc3c7c78.js'
2026-7-7 16:41:47-debug: Invalidating 'pack:///chunks/9b/9be30ad1a917cc0914201f1db5bdf1c5cb4d6e49.js'
2026-7-7 16:41:47-debug: Invalidating 'pack:///chunks/43/4314f54defc530df4c3d4a14e3561038b8628ff3.js'
2026-7-7 16:41:47-debug: Invalidating 'pack:///chunks/a7/a78b9d0a8af4315011c59f40b6c49da033e49269.js'
2026-7-7 16:41:47-debug: Invalidating 'pack:///chunks/b0/b0316da27abe29af9f8a517d28257bc913762f57.js'
2026-7-7 16:41:47-debug: Invalidating 'pack:///chunks/4a/4a75ba705e89112b3bcc356e77985c7a095b80f4.js'
2026-7-7 16:41:47-debug: Invalidating 'pack:///chunks/6c/6c35293030e947e52f03ea585990d17f31ea7df0.js'
2026-7-7 16:41:47-debug: Invalidating 'pack:///chunks/e1/e13771ea8032dbc1728530af431c57de3b1e5e24.js'
2026-7-7 16:41:47-debug: Invalidating 'pack:///chunks/9a/9a8786a747b555136cef77c9f5e7ad17e18a31eb.js'
2026-7-7 16:41:47-debug: Invalidating 'pack:///chunks/bb/bb66609565f0d30fbedfe7ab7019decca8a2726b.js'
2026-7-7 16:41:47-debug: Invalidating 'pack:///chunks/ce/ced31965a759b2c1d777a8f0d98f8cd326020d87.js'
2026-7-7 16:41:47-debug: Invalidating 'pack:///chunks/dc/dcc18999575bc7125a793680f1b595554e7f2cde.js'
2026-7-7 16:41:47-debug: Invalidating 'pack:///chunks/05/0510980ff6e9ad26ec622e2230780bc7f1d96f08.js'
2026-7-7 16:41:47-debug: Invalidating 'pack:///chunks/8a/8a4b23fc8904a55daa926fa9bf2d450c2c59d378.js'
2026-7-7 16:41:47-debug: Invalidating 'pack:///chunks/5b/5b626ae965dfc8bbf67ffe6dd329ea95c382afe6.js'
2026-7-7 16:41:47-debug: Invalidating 'pack:///chunks/6e/6e4d3e245933373fd13279940a5d6dee30418f49.js'
2026-7-7 16:41:47-debug: Invalidating 'pack:///chunks/f0/f05038aedf4d7805ad91dbf59f1c87fe35c23bb5.js'
2026-7-7 16:41:47-debug: Invalidating 'pack:///chunks/f4/f4bb2b73aacdc0370fc65face1ef60d9e8732bfd.js'
2026-7-7 16:41:47-debug: Invalidating 'pack:///chunks/05/05825d2a71d7765a90fbbdda8907aab57810f0a0.js'
2026-7-7 16:41:47-debug: Invalidating 'pack:///chunks/7a/7a056ac353cd4f184635b76aa08c0d427085fda7.js'
2026-7-7 16:41:47-debug: Invalidating 'pack:///chunks/11/1193ac27b94da532d27808ef712ed0fcd809d84d.js'
2026-7-7 16:41:47-debug: Invalidating 'pack:///chunks/fa/fad9c36dab7fd23cbd0b1b9ebcbd02e6023aaadd.js'
2026-7-7 16:41:47-debug: Invalidating 'pack:///chunks/03/031aac2e2ea93f03b5422269c22800e822715034.js'
2026-7-7 16:41:47-debug: Invalidating 'pack:///chunks/29/2933ae65951958109aeb70104e6287b8240a8e01.js'
2026-7-7 16:41:47-debug: Invalidating 'pack:///chunks/cd/cd87286564d42a577ada1093f142b4db43415d61.js'
2026-7-7 16:41:47-debug: Invalidating 'pack:///chunks/dd/ddf9ec67bc21176ab14fd7bef2d6099af7cab4e3.js'
2026-7-7 16:41:47-debug: Invalidating 'pack:///chunks/12/120cba8f856407335ad8a04347cd4d36bf752a1e.js'
2026-7-7 16:41:47-debug: Invalidating 'pack:///chunks/7c/7cb3e78818d3ca7420c127c4f13ad5587e5cc5d3.js'
2026-7-7 16:41:47-debug: Invalidating 'pack:///chunks/78/7875e58dc11de4424867c114cd71cf4d379fd7ce.js'
2026-7-7 16:41:47-debug: Invalidating 'pack:///chunks/6b/6b5ef849a8a91f0cd956b88818795e47d9431e29.js'
2026-7-7 16:41:47-debug: Invalidating 'pack:///chunks/6b/6bf6369babd500e0802aeb38d4c346ae3462ef8b.js'
2026-7-7 16:41:47-debug: Invalidating 'pack:///chunks/2c/2c40d59e1ac0050bfd5e4aece9657278c88a4b47.js'
2026-7-7 16:41:47-debug: Invalidating 'pack:///chunks/aa/aa6223cf35796d09344450a14919ad24c61174bb.js'
2026-7-7 16:41:47-debug: Invalidating 'pack:///chunks/e2/e2cd37831230a7474a5c89ec9f0764c2d6ce1581.js'
2026-7-7 16:41:47-debug: Invalidating 'pack:///chunks/c1/c14c87720f6e6e7b27f438925fae2cc2d4587268.js'
2026-7-7 16:41:47-debug: Invalidating 'pack:///chunks/ac/ac0e66d1df96447f3ea6b579b5067cb87a880d84.js'
2026-7-7 16:41:47-debug: Invalidating 'pack:///chunks/fb/fb231b7b47c244832aa3ed0055e0ff4d6bda9530.js'
2026-7-7 16:41:47-debug: Invalidating 'pack:///chunks/1e/1e9839fb85f612fea3030115a5d65b742de2db50.js'
2026-7-7 16:41:47-debug: Invalidating 'pack:///chunks/7d/7d88e9fa4d49091167d5648112015c50cab8c311.js'
2026-7-7 16:41:47-debug: Invalidating 'pack:///chunks/d0/d08abfe279c9195afbafb261981128dda32fee17.js'
2026-7-7 16:41:47-debug: Invalidating 'pack:///chunks/e4/e49d377195f0f6ca8039098e5e76d909c726c89c.js'
2026-7-7 16:41:47-debug: Invalidating 'pack:///chunks/c8/c8d2fc621a68aadf290b9938ae81f70dbefcc8d6.js'
2026-7-7 16:41:47-debug: Invalidating 'pack:///chunks/41/41b6ef284e15d0779c96601cab9a95a7c5e5919b.js'
2026-7-7 16:41:47-debug: Invalidating 'pack:///chunks/5f/5fd5284b513982ea020d8e9513905cac6e75919a.js'
2026-7-7 16:41:47-debug: Invalidating 'pack:///chunks/1b/1b6bd2739873dc60bb0e67b18f2ae1f3b116fb07.js'
2026-7-7 16:41:47-debug: Invalidating 'pack:///chunks/c4/c409a49d391cd0107339e604abf784bacdef4b02.js'
2026-7-7 16:41:47-debug: Invalidating 'pack:///chunks/99/9957d51b35d223fa476f8f6dcd2b5d011a93ab2f.js'
2026-7-7 16:41:47-debug: Invalidating 'pack:///chunks/d8/d87351923699bbc0b3bf2e76b9d6665983f7b324.js'
2026-7-7 16:41:47-debug: Invalidating 'pack:///chunks/b8/b8ff2efe0a5ef0b3134c1c0a100a2fc7e48d38e3.js'
2026-7-7 16:41:47-debug: Invalidating 'pack:///chunks/83/8354ac407215243163174d3e83d4cdab306051e3.js'
2026-7-7 16:41:47-debug: Invalidating 'pack:///chunks/84/848ca7bc3c110f0554094ecf01b3a37b01ea9dfd.js'
2026-7-7 16:41:47-debug: Invalidating 'pack:///chunks/95/95d64f4c8aa166ee79b72d7add5021b420a7ce33.js'
2026-7-7 16:41:47-debug: Invalidating 'pack:///chunks/e9/e9668b02254f4db9826696b9dfb6914087bee6cc.js'
2026-7-7 16:41:47-debug: Invalidating 'pack:///chunks/7e/7ece20e41250ede0e4707962498ddfd8c4453b24.js'
2026-7-7 16:41:47-debug: Invalidating 'pack:///chunks/4a/4a434c55814df4d84e6cd9fee04d3f21bfa74070.js'
2026-7-7 16:41:47-debug: Invalidating 'pack:///chunks/23/23f4bc413c460b50ee5cc83636bb099609a379fd.js'
2026-7-7 16:41:47-debug: Invalidating 'pack:///chunks/4d/4d68417d37cd80fe73d65d56dfe11dd26e9ef91a.js'
2026-7-7 16:41:47-debug: [[Executor]] Module "pack:///chunks/93/93ba276ea7b26ffcdc433fab14afc1ed6f05647b.js" loaded.
2026-7-7 16:41:47-debug: Invalidating 'pack:///chunks/29/296009d632e65e6f653d790324d741c2d9759f34.js'
2026-7-7 16:41:47-debug: Invalidating 'pack:///chunks/01/011c6605e93c83936bcaadc521a3f2df21bdd87a.js'
2026-7-7 16:41:47-debug: D:\工程项目\PlayableAD\Cocos\TheW\20260615_HYQ\HYQ_Project\temp\programming\packer-driver\targets\editor\chunks\6d\6d8fd2b0177941b032ddc0733af48a561fb60657.js resolved to D:\工程项目\PlayableAD\Cocos\TheW\20260615_HYQ\HYQ_Project\temp\programming\packer-driver\targets\editor\chunks\6d\6d8fd2b0177941b032ddc0733af48a561fb60657.js is not in module cache!
2026-7-7 16:41:47-debug: [[Executor]] Module "pack:///chunks/6d/6d8fd2b0177941b032ddc0733af48a561fb60657.js" loaded.
2026-7-7 16:41:47-debug: [[Executor]] Module "pack:///chunks/84/84fdd98491917343dab9e13fe8b5a70bd6a363c2.js" loaded.
2026-7-7 16:41:47-debug: [[Executor]] Register BuiltinPipelineSettings
2026-7-7 16:41:47-debug: [[Executor]] Register BuiltinPipelinePassBuilder
2026-7-7 16:41:47-debug: [[Executor]] Module "pack:///chunks/6a/6a5019a719a9014c047e67aa1cf34453ab8392ce.js" loaded.
2026-7-7 16:41:47-debug: [[Executor]] Module "pack:///chunks/d9/d980f46bad1521f99cf9b02f6f4709610973859b.js" loaded.
2026-7-7 16:41:47-debug: [[Executor]] Module "pack:///chunks/04/04f62969dc20e2c08fceeca28e5f160f93c57d48.js" loaded.
2026-7-7 16:41:47-debug: [[Executor]] Register DebugViewRuntimeControl
2026-7-7 16:41:47-debug: [[Executor]] Module "pack:///chunks/e0/e099fc7c0597d98bad93ecd30952e1955267ade1.js" loaded.
2026-7-7 16:41:47-debug: [[Executor]] Register BuiltinDepthOfFieldPass
2026-7-7 16:41:47-debug: [[Executor]] Module "pack:///chunks/c9/c9d891290a54ec567f150962e76c6bf9cdf47b3b.js" loaded.
2026-7-7 16:41:47-debug: [[Executor]] Module "pack:///chunks/e9/e96bc804d4af33012a1ad5c19177a551c107f2ae.js" loaded.
2026-7-7 16:41:47-debug: [[Executor]] Module "pack:///chunks/31/31cebe8e0355019a96c8dc216aed673e195b2a53.js" loaded.
2026-7-7 16:41:47-debug: [[Executor]] Register LayerManager
2026-7-7 16:41:47-debug: [[Executor]] Module "pack:///chunks/f2/f22794b1c95bc92b6e994a97e9b193af020adc12.js" loaded.
2026-7-7 16:41:47-debug: [[Executor]] Register Lightning
2026-7-7 16:41:47-debug: [[Executor]] Module "pack:///chunks/4d/4d6662648c8c361d9de350d72c1ab0a8e7508014.js" loaded.
2026-7-7 16:41:47-debug: [[Executor]] Module "pack:///chunks/56/5601ae9cf318e5c14df7d30ca1cafe71734c982a.js" loaded.
2026-7-7 16:41:47-debug: [[Executor]] Module "pack:///chunks/3f/3fc33806253ded99e50ac9220c73832ef2904ca7.js" loaded.
2026-7-7 16:41:47-debug: [[Executor]] Module "pack:///chunks/14/14cec8e3738599ab9965ee6a2127491eba1361af.js" loaded.
2026-7-7 16:41:47-debug: [[Executor]] Module "pack:///chunks/e2/e2118395860d446afdd7349c12bbbbd5ff0a8915.js" loaded.
2026-7-7 16:41:47-debug: [[Executor]] Register UnityUpComponent
2026-7-7 16:41:47-debug: [[Executor]] Module "pack:///chunks/8a/8ae7d51cc818f718270f9e2ad9b78b6df4ffa62c.js" loaded.
2026-7-7 16:41:47-debug: [[Executor]] Register CameraMove
2026-7-7 16:41:47-debug: [[Executor]] Module "pack:///chunks/f2/f20c45b49501fbe07d44e99d95c2c506a06a0ecd.js" loaded.
2026-7-7 16:41:47-debug: [[Executor]] Module "pack:///chunks/84/8436bf0d6f6a392b090fff8471ad48b32970414b.js" loaded.
2026-7-7 16:41:47-debug: [[Executor]] Module "pack:///chunks/a1/a1d124b8795c6e55160d2ce5ecbd41437847152f.js" loaded.
2026-7-7 16:41:47-debug: [[Executor]] Register MoveDrive
2026-7-7 16:41:47-debug: [[Executor]] Module "pack:///chunks/90/901a8f42214a0198b9aca11ce347c093cca5e26c.js" loaded.
2026-7-7 16:41:47-debug: [[Executor]] Register RotationVector
2026-7-7 16:41:47-debug: [[Executor]] Module "pack:///chunks/eb/eb316915c4446a477164305c14374917acb92a23.js" loaded.
2026-7-7 16:41:47-debug: [[Executor]] Register PrefabsRes
2026-7-7 16:41:47-debug: [[Executor]] Module "pack:///chunks/79/798785a3f67288cbb075d5efa15a2c266208a881.js" loaded.
2026-7-7 16:41:47-debug: [[Executor]] Module "pack:///chunks/8b/8b1077471006cad018e02beccd0bed5dcc54c671.js" loaded.
2026-7-7 16:41:47-debug: [[Executor]] Register RotationDrive
2026-7-7 16:41:47-debug: [[Executor]] Register L18nManager
2026-7-7 16:41:47-debug: [[Executor]] Module "pack:///chunks/ed/edbdde40fab9baf06e704beb85e64d72f20aefb8.js" loaded.
2026-7-7 16:41:47-debug: [[Executor]] Register DownLoadL8
2026-7-7 16:41:47-debug: [[Executor]] Register PrefabsManager
2026-7-7 16:41:47-debug: [[Executor]] Module "pack:///chunks/f0/f04c2dd9d3cc608a6f46e13bb5d3c46aa5633baf.js" loaded.
2026-7-7 16:41:47-debug: [[Executor]] Register DownLoadL8
2026-7-7 16:41:47-debug: [[Executor]] Module "pack:///chunks/f8/f8baeccf8cf047db05161c9b9e8b6b4ff9eefe2f.js" loaded.
2026-7-7 16:41:47-debug: [[Executor]] Register LangArrAuto
2026-7-7 16:41:47-debug: [[Executor]] Module "pack:///chunks/63/633ac4308370832c1c78b9f28702617696f6e9fb.js" loaded.
2026-7-7 16:41:47-debug: [[Executor]] Module "pack:///chunks/f5/f570589f727cbf96139a6869e201d7a87544da71.js" loaded.
2026-7-7 16:41:47-debug: [[Executor]] Register LangAuto
2026-7-7 16:41:47-debug: [[Executor]] Register ResurrectionL8
2026-7-7 16:41:47-debug: [[Executor]] Module "pack:///chunks/40/407fe08f85a1575a06beb3692d40cf36d9684f58.js" loaded.
2026-7-7 16:41:47-debug: [[Executor]] Register Prop
2026-7-7 16:41:47-debug: [[Executor]] Module "pack:///chunks/0f/0fd75e1d9556ba520ee98c89195f9d0594110ad2.js" loaded.
2026-7-7 16:41:47-debug: [[Executor]] Module "pack:///chunks/f6/f6cf9b6088316a765dbcd0b22eb496d3f4be80dc.js" loaded.
2026-7-7 16:41:47-debug: [[Executor]] Module "pack:///chunks/e9/e950dd2519065be1280daf69ce7f6b07e4d0caaa.js" loaded.
2026-7-7 16:41:47-debug: [[Executor]] Module "pack:///chunks/4c/4c2851018e56f823e74c2b3e2117156bcb9e76d0.js" loaded.
2026-7-7 16:41:47-debug: [[Executor]] Module "pack:///chunks/38/38483f6f68b174c6aad120536d38c3642cb0e458.js" loaded.
2026-7-7 16:41:47-debug: [[Executor]] Module "pack:///chunks/ec/ecb76259f390974cf14cad52564b11281c42a7e6.js" loaded.
2026-7-7 16:41:47-debug: [[Executor]] Module "pack:///chunks/d5/d58c1ab1b696259af8c3b1384857266dba055462.js" loaded.
2026-7-7 16:41:47-debug: [[Executor]] Module "pack:///chunks/b6/b6919de7425c243c4e1697f376cb4f6f6b2769a4.js" loaded.
2026-7-7 16:41:47-debug: [[Executor]] Module "pack:///chunks/41/4103e3b8e8be7d1b0e7a8a67f28a2c29fe9aa2dc.js" loaded.
2026-7-7 16:41:47-debug: [[Executor]] Module "pack:///chunks/2e/2edb51f2f57b638345a2b9d561f476b67029b574.js" loaded.
2026-7-7 16:41:47-debug: [[Executor]] Module "pack:///chunks/5f/5fdfd08a9c16dc742e66ef16a5a8e13f5f831a3e.js" loaded.
2026-7-7 16:41:47-debug: [[Executor]] Register BagBase
2026-7-7 16:41:47-debug: [[Executor]] Register JumpDriveEngine
2026-7-7 16:41:47-debug: [[Executor]] Module "pack:///chunks/84/84bbaa7f2e1a0639f57f755b935e1acb7d73f78e.js" loaded.
2026-7-7 16:41:47-debug: [[Executor]] Module "pack:///chunks/80/80f420cd19a5967732f7f177a68c3670990311d3.js" loaded.
2026-7-7 16:41:47-debug: [[Executor]] Register GroupBag3D
2026-7-7 16:41:47-debug: [[Executor]] Register FlayPropManager
2026-7-7 16:41:47-debug: [[Executor]] Register GroupPropTransform
2026-7-7 16:41:47-debug: [[Executor]] Module "pack:///chunks/b5/b5c69e24499acddd297e4328687b0ea934b109d5.js" loaded.
2026-7-7 16:41:47-debug: [[Executor]] Module "pack:///chunks/e5/e5fea8c54230bb378b45e63a8ea8186bdeccbbe2.js" loaded.
2026-7-7 16:41:47-debug: [[Executor]] Register LabBagUp
2026-7-7 16:41:47-debug: [[Executor]] Module "pack:///chunks/7e/7e52be47c960966fc7d962b7957dbbce1047514e.js" loaded.
2026-7-7 16:41:47-debug: [[Executor]] Register CollectGetTarget
2026-7-7 16:41:47-debug: [[Executor]] Module "pack:///chunks/f4/f4bb2b73aacdc0370fc65face1ef60d9e8732bfd.js" loaded.
2026-7-7 16:41:47-debug: [[Executor]] Module "pack:///chunks/b1/b12e427b1fcb487f729ef654542d8e9775a297cb.js" loaded.
2026-7-7 16:41:47-debug: [[Executor]] Module "pack:///chunks/0e/0ea1c77c59b038eb4661ef171f440cbc7cc134ca.js" loaded.
2026-7-7 16:41:47-debug: [[Executor]] Register AttackTargetBase
2026-7-7 16:41:47-debug: [[Executor]] Module "pack:///chunks/3f/3ff8f1a74d7fbbd22ced04971b6ab15e04fd86a6.js" loaded.
2026-7-7 16:41:47-debug: [[Executor]] Module "pack:///chunks/29/296009d632e65e6f653d790324d741c2d9759f34.js" loaded.
2026-7-7 16:41:47-debug: [[Executor]] Module "pack:///chunks/80/803faff6203a98317cc86f08677de73b7112b743.js" loaded.
2026-7-7 16:41:47-debug: [[Executor]] Register AreaAttack
2026-7-7 16:41:47-debug: [[Executor]] Module "pack:///chunks/d5/d5f6e07e1b02d743fed3d9c2c8e155b0c3309d52.js" loaded.
2026-7-7 16:41:47-debug: [[Executor]] Module "pack:///chunks/23/2370bd6a63dbba247d7fcab21c5244288f150386.js" loaded.
2026-7-7 16:41:47-debug: [[Executor]] Register HpComponent
2026-7-7 16:41:47-debug: [[Executor]] Module "pack:///chunks/9e/9ec8816866d723aea0e61547ea23bf04cc3c7c78.js" loaded.
2026-7-7 16:41:47-debug: [[Executor]] Register MeshFlashSwitchData
2026-7-7 16:41:47-debug: [[Executor]] Register MeshFlashPropData
2026-7-7 16:41:47-debug: [[Executor]] Register BattleTargetBase
2026-7-7 16:41:47-debug: [[Executor]] Register MeshFlashData
2026-7-7 16:41:47-debug: [[Executor]] Module "pack:///chunks/02/021cbce763294c7c4adf05845718c817a68ff9f3.js" loaded.
2026-7-7 16:41:47-debug: [[Executor]] Register EffectRemoveBase
2026-7-7 16:41:47-debug: [[Executor]] Module "pack:///chunks/dc/dcc18999575bc7125a793680f1b595554e7f2cde.js" loaded.
2026-7-7 16:41:47-debug: [[Executor]] Register EffectTimePartRemove
2026-7-7 16:41:47-debug: [[Executor]] Register MeleeAttack
2026-7-7 16:41:47-debug: [[Executor]] Register EffectManager
2026-7-7 16:41:47-debug: [[Executor]] Module "pack:///chunks/ce/ced31965a759b2c1d777a8f0d98f8cd326020d87.js" loaded.
2026-7-7 16:41:47-debug: [[Executor]] Module "pack:///chunks/b0/b0316da27abe29af9f8a517d28257bc913762f57.js" loaded.
2026-7-7 16:41:47-debug: [[Executor]] Module "pack:///chunks/4a/4a75ba705e89112b3bcc356e77985c7a095b80f4.js" loaded.
2026-7-7 16:41:47-debug: [[Executor]] Register ColliderTag
2026-7-7 16:41:47-debug: [[Executor]] Module "pack:///chunks/e1/e13771ea8032dbc1728530af431c57de3b1e5e24.js" loaded.
2026-7-7 16:41:47-debug: [[Executor]] Register BulletBattle3D
2026-7-7 16:41:47-debug: [[Executor]] Register BulletMonsterCollisionManager
2026-7-7 16:41:47-debug: [[Executor]] Module "pack:///chunks/9a/9a8786a747b555136cef77c9f5e7ad17e18a31eb.js" loaded.
2026-7-7 16:41:47-debug: [[Executor]] Module "pack:///chunks/a7/a78b9d0a8af4315011c59f40b6c49da033e49269.js" loaded.
2026-7-7 16:41:47-debug: [[Executor]] Module "pack:///chunks/bb/bb66609565f0d30fbedfe7ab7019decca8a2726b.js" loaded.
2026-7-7 16:41:47-debug: [[Executor]] Register BattleTarget3D
2026-7-7 16:41:47-debug: [[Executor]] Module "pack:///chunks/6c/6c35293030e947e52f03ea585990d17f31ea7df0.js" loaded.
2026-7-7 16:41:47-debug: [[Executor]] Register BulletBattle2D
2026-7-7 16:41:47-debug: [[Executor]] Register BulletCollideBase2D
2026-7-7 16:41:47-debug: [[Executor]] Module "pack:///chunks/43/4314f54defc530df4c3d4a14e3561038b8628ff3.js" loaded.
2026-7-7 16:41:47-debug: [[Executor]] Register TriggerBase2D
2026-7-7 16:41:47-debug: [[Executor]] Module "pack:///chunks/9b/9be30ad1a917cc0914201f1db5bdf1c5cb4d6e49.js" loaded.
2026-7-7 16:41:47-debug: [[Executor]] Register RangedAttack
2026-7-7 16:41:47-debug: [[Executor]] Module "pack:///chunks/8a/8a4b23fc8904a55daa926fa9bf2d450c2c59d378.js" loaded.
2026-7-7 16:41:47-debug: [[Executor]] Register CollectBattleTarger2D
2026-7-7 16:41:47-debug: [[Executor]] Module "pack:///chunks/5b/5b626ae965dfc8bbf67ffe6dd329ea95c382afe6.js" loaded.
2026-7-7 16:41:47-debug: [[Executor]] Module "pack:///chunks/05/0510980ff6e9ad26ec622e2230780bc7f1d96f08.js" loaded.
2026-7-7 16:41:47-debug: [[Executor]] Module "pack:///chunks/f0/f05038aedf4d7805ad91dbf59f1c87fe35c23bb5.js" loaded.
2026-7-7 16:41:47-debug: [[Executor]] Register AttackParkPlay
2026-7-7 16:41:47-debug: [[Executor]] Register BulletBatchRenderer
2026-7-7 16:41:47-debug: [[Executor]] Module "pack:///chunks/05/05825d2a71d7765a90fbbdda8907aab57810f0a0.js" loaded.
2026-7-7 16:41:47-debug: [[Executor]] Register RangeTowerAttack
2026-7-7 16:41:47-debug: [[Executor]] Module "pack:///chunks/6e/6e4d3e245933373fd13279940a5d6dee30418f49.js" loaded.
2026-7-7 16:41:47-debug: [[Executor]] Register BattleTarget2D
2026-7-7 16:41:47-debug: [[Executor]] Register RangedAttack_Circle
2026-7-7 16:41:47-debug: [[Executor]] Module "pack:///chunks/01/011c6605e93c83936bcaadc521a3f2df21bdd87a.js" loaded.
2026-7-7 16:41:47-debug: [[Executor]] Register BulletCollideBase3D
2026-7-7 16:41:47-debug: [[Executor]] Module "pack:///chunks/fa/fad9c36dab7fd23cbd0b1b9ebcbd02e6023aaadd.js" loaded.
2026-7-7 16:41:47-debug: [[Executor]] Register RangedAttack_Shrapnel
2026-7-7 16:41:47-debug: [[Executor]] Module "pack:///chunks/7a/7a056ac353cd4f184635b76aa08c0d427085fda7.js" loaded.
2026-7-7 16:41:47-debug: [[Executor]] Module "pack:///chunks/03/031aac2e2ea93f03b5422269c22800e822715034.js" loaded.
2026-7-7 16:41:47-debug: [[Executor]] Module "pack:///chunks/11/1193ac27b94da532d27808ef712ed0fcd809d84d.js" loaded.
2026-7-7 16:41:47-debug: [[Executor]] Register CollectBattleTarger3D
2026-7-7 16:41:47-debug: [[Executor]] Module "pack:///chunks/29/2933ae65951958109aeb70104e6287b8240a8e01.js" loaded.
2026-7-7 16:41:47-debug: [[Executor]] Register GuideLine
2026-7-7 16:41:47-debug: [[Executor]] Register TriggerBase3D
2026-7-7 16:41:47-debug: [[Executor]] Module "pack:///chunks/cd/cd87286564d42a577ada1093f142b4db43415d61.js" loaded.
2026-7-7 16:41:47-debug: [[Executor]] Register EffectTimeRemove
2026-7-7 16:41:47-debug: D:\工程项目\PlayableAD\Cocos\TheW\20260615_HYQ\HYQ_Project\temp\programming\packer-driver\targets\editor\chunks\fb\fb231b7b47c244832aa3ed0055e0ff4d6bda9530.js resolved to D:\工程项目\PlayableAD\Cocos\TheW\20260615_HYQ\HYQ_Project\temp\programming\packer-driver\targets\editor\chunks\fb\fb231b7b47c244832aa3ed0055e0ff4d6bda9530.js is not in module cache!
2026-7-7 16:41:47-debug: [[Executor]] Module "pack:///chunks/6b/6b5ef849a8a91f0cd956b88818795e47d9431e29.js" loaded.
2026-7-7 16:41:47-debug: [[Executor]] Register Role
2026-7-7 16:41:47-debug: [[Executor]] Module "pack:///chunks/78/7875e58dc11de4424867c114cd71cf4d379fd7ce.js" loaded.
2026-7-7 16:41:47-debug: [[Executor]] Module "pack:///chunks/fb/fb231b7b47c244832aa3ed0055e0ff4d6bda9530.js" loaded.
2026-7-7 16:41:47-debug: [[Executor]] Register FbxManager
2026-7-7 16:41:47-debug: [[Executor]] Register GameOverPanel
2026-7-7 16:41:47-debug: [[Executor]] Register WeaponBulletConfig
2026-7-7 16:41:47-debug: [[Executor]] Module "pack:///chunks/1e/1e9839fb85f612fea3030115a5d65b742de2db50.js" loaded.
2026-7-7 16:41:47-debug: [[Executor]] Module "pack:///chunks/12/120cba8f856407335ad8a04347cd4d36bf752a1e.js" loaded.
2026-7-7 16:41:47-debug: [[Executor]] Module "pack:///chunks/6b/6bf6369babd500e0802aeb38d4c346ae3462ef8b.js" loaded.
2026-7-7 16:41:47-debug: [[Executor]] Module "pack:///chunks/2c/2c40d59e1ac0050bfd5e4aece9657278c88a4b47.js" loaded.
2026-7-7 16:41:47-debug: [[Executor]] Register Player
2026-7-7 16:41:47-debug: [[Executor]] Register MonsterBattleTaerget
2026-7-7 16:41:47-debug: [[Executor]] Module "pack:///chunks/aa/aa6223cf35796d09344450a14919ad24c61174bb.js" loaded.
2026-7-7 16:41:47-debug: [[Executor]] Register PropBrand
2026-7-7 16:41:47-debug: [[Executor]] Register ArmsInfo
2026-7-7 16:41:47-debug: [[Executor]] Module "pack:///chunks/ac/ac0e66d1df96447f3ea6b579b5067cb87a880d84.js" loaded.
2026-7-7 16:41:47-debug: [[Executor]] Register PropArms
2026-7-7 16:41:47-debug: [[Executor]] Register LalianHitStageConfig
2026-7-7 16:41:47-debug: [[Executor]] Module "pack:///chunks/c1/c14c87720f6e6e7b27f438925fae2cc2d4587268.js" loaded.
2026-7-7 16:41:47-debug: [[Executor]] Register CreatePropBrand
2026-7-7 16:41:47-debug: [[Executor]] Register MonsterCreateInfo
2026-7-7 16:41:47-debug: [[Executor]] Module "pack:///chunks/e2/e2cd37831230a7474a5c89ec9f0764c2d6ce1581.js" loaded.
2026-7-7 16:41:47-debug: [[Executor]] Register MonsterCreate
2026-7-7 16:41:47-debug: [[Executor]] Register MonsterCreateQueue
2026-7-7 16:41:47-debug: [[Executor]] Module "pack:///chunks/7c/7cb3e78818d3ca7420c127c4f13ad5587e5cc5d3.js" loaded.
2026-7-7 16:41:47-debug: [[Executor]] Module "pack:///chunks/dd/ddf9ec67bc21176ab14fd7bef2d6099af7cab4e3.js" loaded.
2026-7-7 16:41:47-debug: [[Executor]] Register ArmsUp
2026-7-7 16:41:47-debug: [[Executor]] Register PropLalianGate
2026-7-7 16:41:47-debug: [[Executor]] Module "pack:///chunks/7d/7d88e9fa4d49091167d5648112015c50cab8c311.js" loaded.
2026-7-7 16:41:47-debug: [[Executor]] Register GuideManager
2026-7-7 16:41:47-debug: [[Executor]] Module "pack:///chunks/d0/d08abfe279c9195afbafb261981128dda32fee17.js" loaded.
2026-7-7 16:41:47-debug: [[Executor]] Register PropTireGate
2026-7-7 16:41:47-debug: [[Executor]] Module "pack:///chunks/c8/c8d2fc621a68aadf290b9938ae81f70dbefcc8d6.js" loaded.
2026-7-7 16:41:47-debug: [[Executor]] Register RockerMouseEvent
2026-7-7 16:41:47-debug: [[Executor]] Module "pack:///chunks/e4/e49d377195f0f6ca8039098e5e76d909c726c89c.js" loaded.
2026-7-7 16:41:47-debug: [[Executor]] Module "pack:///chunks/c4/c409a49d391cd0107339e604abf784bacdef4b02.js" loaded.
2026-7-7 16:41:47-debug: [[Executor]] Register RockerUI
2026-7-7 16:41:47-debug: [[Executor]] Register ShoppIngEvent
2026-7-7 16:41:47-debug: [[Executor]] Module "pack:///chunks/5f/5fd5284b513982ea020d8e9513905cac6e75919a.js" loaded.
2026-7-7 16:41:47-debug: [[Executor]] Module "pack:///chunks/1b/1b6bd2739873dc60bb0e67b18f2ae1f3b116fb07.js" loaded.
2026-7-7 16:41:47-debug: [[Executor]] Register Shopping
2026-7-7 16:41:47-debug: [[Executor]] Register BuyWayBase
2026-7-7 16:41:47-debug: [[Executor]] Module "pack:///chunks/41/41b6ef284e15d0779c96601cab9a95a7c5e5919b.js" loaded.
2026-7-7 16:41:47-debug: [[Executor]] Register BuyWay3D
2026-7-7 16:41:47-debug: [[Executor]] Module "pack:///chunks/99/9957d51b35d223fa476f8f6dcd2b5d011a93ab2f.js" loaded.
2026-7-7 16:41:47-debug: [[Executor]] Register Shopping_Super
2026-7-7 16:41:47-debug: [[Executor]] Register ShoppingItem
2026-7-7 16:41:47-debug: [[Executor]] Module "pack:///chunks/d8/d87351923699bbc0b3bf2e76b9d6665983f7b324.js" loaded.
2026-7-7 16:41:47-debug: [[Executor]] Register FrameAnimManager
2026-7-7 16:41:47-debug: [[Executor]] Module "pack:///chunks/b8/b8ff2efe0a5ef0b3134c1c0a100a2fc7e48d38e3.js" loaded.
2026-7-7 16:41:47-debug: [[Executor]] Module "pack:///chunks/83/8354ac407215243163174d3e83d4cdab306051e3.js" loaded.
2026-7-7 16:41:47-debug: [[Executor]] Register BuyWay2D
2026-7-7 16:41:47-debug: [[Executor]] Register UIButtonEvent
2026-7-7 16:41:47-debug: [[Executor]] Register FrameManager
2026-7-7 16:41:47-debug: [[Executor]] Module "pack:///chunks/84/848ca7bc3c110f0554094ecf01b3a37b01ea9dfd.js" loaded.
2026-7-7 16:41:47-debug: D:\工程项目\PlayableAD\Cocos\TheW\20260615_HYQ\HYQ_Project\temp\programming\packer-driver\targets\editor\chunks\7e\7ece20e41250ede0e4707962498ddfd8c4453b24.js resolved to D:\工程项目\PlayableAD\Cocos\TheW\20260615_HYQ\HYQ_Project\temp\programming\packer-driver\targets\editor\chunks\7e\7ece20e41250ede0e4707962498ddfd8c4453b24.js is not in module cache!
2026-7-7 16:41:47-debug: [[Executor]] Register StutterCheck
2026-7-7 16:41:47-debug: [[Executor]] Module "pack:///chunks/95/95d64f4c8aa166ee79b72d7add5021b420a7ce33.js" loaded.
2026-7-7 16:41:47-debug: [[Executor]] Module "pack:///chunks/23/23f4bc413c460b50ee5cc83636bb099609a379fd.js" loaded.
2026-7-7 16:41:47-debug: [[Executor]] Module "pack:///chunks/7e/7ece20e41250ede0e4707962498ddfd8c4453b24.js" loaded.
2026-7-7 16:41:47-debug: [[Executor]] Module "pack:///chunks/4d/4d68417d37cd80fe73d65d56dfe11dd26e9ef91a.js" loaded.
2026-7-7 16:41:47-debug: [[Executor]] Module "pack:///chunks/6d/6d8fd2b0177941b032ddc0733af48a561fb60657.js" loaded.
2026-7-7 16:41:47-debug: [[Executor]] Module "pack:///chunks/4a/4a434c55814df4d84e6cd9fee04d3f21bfa74070.js" loaded.
2026-7-7 16:41:47-debug: [[Executor]] Module "pack:///chunks/e9/e9668b02254f4db9826696b9dfb6914087bee6cc.js" loaded.
2026-7-7 16:41:47-debug: [[Executor]] after unlock
2026-7-7 16:41:47-debug: Init bundle share assets start..., progress: 9%
2026-7-7 16:41:47-debug: Init bundle share assets start..., progress: 13%
2026-7-7 16:41:47-debug: Incremental keys: 
2026-7-7 16:41:48-warn: The Mesh used by component "cc.MeshRenderer" in prefab "Role_2" is missing. Detailed information:Node path: "Role_2/New Node/Bip001 Prop1 Socket/jiateling01"Asset url: "db://assets/GameRes/Prefab/Role_2"Missing uuid: "03189dd5-73dd-4e52-8644-1ff1a122b972@18a45"
2026-7-7 16:41:48-warn: The Mesh used by component "cc.MeshRenderer" in prefab "Role_2" is missing. Detailed information:Node path: "Role_2/New Node/Bip001 Prop1 Socket/jiateling01"Asset url: "db://assets/GameRes/Prefab/Role_2"Missing uuid: "03189dd5-73dd-4e52-8644-1ff1a122b972@18a45"
2026-7-7 16:41:48-warn: The Mesh used by component "cc.MeshRenderer" in prefab "Role_1" is missing. Detailed information:Node path: "Role_1/New Node/Bip001 Prop1 Socket/jiateling01"Asset url: "db://assets/GameRes/Prefab/Role_1"Missing uuid: "03189dd5-73dd-4e52-8644-1ff1a122b972@18a45"
2026-7-7 16:41:48-debug: Init bundle share assets success..., progress: 13%
2026-7-7 16:41:48-debug: Init bundle share assets success..., progress: 9%
2026-7-7 16:41:48-debug: handle json group in bundle internal
2026-7-7 16:41:48-debug: handle json group in bundle internal success
2026-7-7 16:41:48-debug: handle json group in bundle main
2026-7-7 16:41:48-debug: init image compress task 0 in bundle internal
2026-7-7 16:41:48-debug: init image compress task 0 in bundle resources
2026-7-7 16:41:48-debug: [json-group] check self or raw asset, skip. 799add5f-4370-4ee6-b0a4-aca1ebcd06a3 depended by 799add5f-4370-4ee6-b0a4-aca1ebcd06a3 has checked in raw asset 799add5f-4370-4ee6-b0a4-aca1ebcd06a3/bundle(main)}
2026-7-7 16:41:48-debug: [json-group] check self or raw asset, skip. f96153eb-6f89-4aad-b84b-808954761c02 depended by f96153eb-6f89-4aad-b84b-808954761c02 has checked in raw asset b5805d3a-3b80-4a12-adf5-588e63a7d886/bundle(main)}
2026-7-7 16:41:48-debug: [json-group] check self or raw asset, skip. 799add5f-4370-4ee6-b0a4-aca1ebcd06a3 depended by 799add5f-4370-4ee6-b0a4-aca1ebcd06a3 has checked in raw asset b5805d3a-3b80-4a12-adf5-588e63a7d886/bundle(main)}
2026-7-7 16:41:48-debug: [json-group] check self or raw asset, skip. f96153eb-6f89-4aad-b84b-808954761c02 depended by f96153eb-6f89-4aad-b84b-808954761c02 has checked in raw asset f96153eb-6f89-4aad-b84b-808954761c02/bundle(main)}
2026-7-7 16:41:48-debug: handle json group in bundle main success
2026-7-7 16:41:48-debug: handle json group in bundle resources
2026-7-7 16:41:48-debug: handle json group in bundle resources success
2026-7-7 16:41:48-debug: init image compress task 0 in bundle main
2026-7-7 16:41:48-debug: // ---- build task 查询 Asset Bundle ---- (654ms)
2026-7-7 16:41:48-log: run build task 查询 Asset Bundle success in 654 ms√, progress: 14%
2026-7-7 16:41:48-debug: [Build Memory track]: 查询 Asset Bundle start:288.37MB, end 293.56MB, increase: 5.19MB
2026-7-7 16:41:48-debug: 查询 Asset Bundle start, progress: 14%
2026-7-7 16:41:48-debug: // ---- build task 查询 Asset Bundle ----
2026-7-7 16:41:48-debug: // ---- build task 查询 Asset Bundle ---- (101ms)
2026-7-7 16:41:48-log: run build task 查询 Asset Bundle success in 101 ms√, progress: 19%
2026-7-7 16:41:48-debug: [Build Memory track]: 查询 Asset Bundle start:293.60MB, end 293.92MB, increase: 324.36KB
2026-7-7 16:41:48-debug: 打包脚本 start, progress: 19%
2026-7-7 16:41:48-debug: // ---- build task 打包脚本 ----
2026-7-7 16:41:49-log: [buildPolyfillsCommand]enter sub process 5848, 9229, see: chrome://inspect/#devices
2026-7-7 16:41:53-debug: execute-script-end with buildPolyfillsCommand 4996ms
2026-7-7 16:41:53-debug: Generate systemJs..., progress: 19%
2026-7-7 16:41:56-debug: execute-script-end with buildSystemJsCommand 3676ms
2026-7-7 16:41:56-debug: 构建项目脚本 start..., progress: 19%
2026-7-7 16:41:56-debug: 构建项目脚本 start..., progress: 13%
2026-7-7 16:42:02-warn: [buildScriptCommand][[Build.Script.Rollup]] Circular dependency: file:///D:/%E5%B7%A5%E7%A8%8B%E9%A1%B9%E7%9B%AE/PlayableAD/Cocos/TheW/20260615_HYQ/HYQ_Project/assets/Script/functionS/Jump/JumpManager.ts -> file:///D:/%E5%B7%A5%E7%A8%8B%E9%A1%B9%E7%9B%AE/PlayableAD/Cocos/TheW/20260615_HYQ/HYQ_Project/assets/Script/functionS/Jump/JumpDriveEngine.ts -> file:///D:/%E5%B7%A5%E7%A8%8B%E9%A1%B9%E7%9B%AE/PlayableAD/Cocos/TheW/20260615_HYQ/HYQ_Project/assets/Script/functionS/Jump/JumpManager.ts[warning][[Build.Script.Rollup]] Circular dependency: file:///D:/%E5%B7%A5%E7%A8%8B%E9%A1%B9%E7%9B%AE/PlayableAD/Cocos/TheW/20260615_HYQ/HYQ_Project/assets/Script/functionS/Monster/MonsterCreate.ts -> file:///D:/%E5%B7%A5%E7%A8%8B%E9%A1%B9%E7%9B%AE/PlayableAD/Cocos/TheW/20260615_HYQ/HYQ_Project/assets/Script/functionS/Other/PropArms.ts -> file:///D:/%E5%B7%A5%E7%A8%8B%E9%A1%B9%E7%9B%AE/PlayableAD/Cocos/TheW/20260615_HYQ/HYQ_Project/assets/Script/functionS/Monster/MonsterCreate.ts
2026-7-7 16:42:02-warn: [buildScriptCommand][[Build.Script.Rollup]] Circular dependency: file:///D:/%E5%B7%A5%E7%A8%8B%E9%A1%B9%E7%9B%AE/PlayableAD/Cocos/TheW/20260615_HYQ/HYQ_Project/extensions/super-packager/package_assets/JiangYv/PBASDK-v3/PrintComponent.ts -> file:///D:/%E5%B7%A5%E7%A8%8B%E9%A1%B9%E7%9B%AE/PlayableAD/Cocos/TheW/20260615_HYQ/HYQ_Project/extensions/super-packager/package_assets/JiangYv/PBASDK-v3/StutterCheck.ts -> file:///D:/%E5%B7%A5%E7%A8%8B%E9%A1%B9%E7%9B%AE/PlayableAD/Cocos/TheW/20260615_HYQ/HYQ_Project/extensions/super-packager/package_assets/JiangYv/PBASDK-v3/PrintComponent.ts
2026-7-7 16:42:07-log: [buildScriptCommand]Number of non-entry chunks: 3
2026-7-7 16:42:07-debug: execute-script-end with buildScriptCommand 10905ms
2026-7-7 16:42:07-debug: Copy externalScripts success!
2026-7-7 16:42:07-debug: 构建项目脚本 in (10942 ms) √, progress: 19%
2026-7-7 16:42:07-debug: 构建项目脚本 in (10942 ms) √, progress: 13%
2026-7-7 16:42:07-debug: 构建引擎脚本 start..., progress: 19%
2026-7-7 16:42:07-debug: mangleProperties is enabled, found engine-mangle-config.json, use it
2026-7-7 16:42:08-debug: Use cache engine: {link(C:\Users\Admin\AppData\Local\Temp\CocosCreator\3.8.7\builder\engine\a154ee511c93165416d720dbd46d8d34)}
2026-7-7 16:42:08-debug: Use cache, md5String: debug=false,sourceMaps=false,includeModules=["2d","3d","animation","audio","base","custom-pipeline","gfx-webgl","gfx-webgl2","graphics","particle","physics-2d-box2d","physics-ammo","primitive","profiler","skeletal-animation","tween","ui","custom-pipeline-builtin-scripts"],engineVersion="3.8.7",platformType="HTML5",split=false,nativeCodeBundleMode="asmjs",targets=undefined,entry="C:\\ProgramData\\cocos\\editors\\Creator\\3.8.7\\resources\\resources\\3d\\engine",noDeprecatedFeatures=undefined,loose=true,assetURLFormat="runtime-resolved",flags={"DEBUG":false,"LOAD_BULLET_MANUALLY":false,"LOAD_SPINE_MANUALLY":false,"WEBGPU":false},preserveType=undefined,wasmCompressionMode=false,enableNamedRegisterForSystemJSModuleFormat=undefined,mangleProperties=false,inlineEnum=true,
2026-7-7 16:42:08-debug: Use cache, options: {  "entry": "C:\\ProgramData\\cocos\\editors\\Creator\\3.8.7\\resources\\resources\\3d\\engine",  "debug": false,  "mangleProperties": false,  "inlineEnum": true,  "sourceMaps": false,  "includeModules": [    "2d",    "3d",    "animation",    "audio",    "base",    "custom-pipeline",    "gfx-webgl",    "gfx-webgl2",    "graphics",    "particle",    "physics-2d-box2d",    "physics-ammo",    "primitive",    "profiler",    "skeletal-animation",    "tween",    "ui",    "custom-pipeline-builtin-scripts"  ],  "engineVersion": "3.8.7",  "md5Map": [],  "engineName": "cocos-js",  "output": "D:\\工程项目\\PlayableAD\\Cocos\\TheW\\20260615_HYQ\\HYQ_Project\\build\\web-mobile\\cocos-js",  "platformType": "HTML5",  "useCache": true,  "nativeCodeBundleMode": "asmjs",  "wasmCompressionMode": false,  "split": false,  "assetURLFormat": "runtime-resolved",  "flags": {    "DEBUG": false,    "LOAD_BULLET_MANUALLY": false,    "LOAD_SPINE_MANUALLY": false,    "WEBGPU": false  }}
2026-7-7 16:42:08-debug: Error: Exit process with code:null, signal:SIGTERM in task build-script    at ChildProcess.<anonymous> (C:\ProgramData\cocos\editors\Creator\3.8.7\resources\app.asar\builtin\builder\dist\worker\worker-pools\sub-process-manager.ccc:1:2409)    at ChildProcess.emit (node:events:519:28)    at Process.ChildProcess._handle.onexit (node:internal/child_process:294:12)
2026-7-7 16:42:08-debug: 构建引擎脚本 in (305 ms) √, progress: 19%
2026-7-7 16:42:08-debug: Copy plugin script ..., progress: 19%
2026-7-7 16:42:08-log: 资源数据库已锁定，资源操作(refresh)将会延迟响应，请稍侯
2026-7-7 16:42:08-debug: Generate import-map..., progress: 19%
2026-7-7 16:42:08-debug: // ---- build task 打包脚本 ---- (20012ms)
2026-7-7 16:42:08-log: run build task 打包脚本 success in 20 s√, progress: 24%
2026-7-7 16:42:08-debug: [Build Memory track]: 打包脚本 start:294.08MB, end 293.09MB, increase: -1020.77KB
2026-7-7 16:42:08-debug: Build bundles..., progress: 24%
2026-7-7 16:42:08-debug: Pack Images start, progress: 13%
2026-7-7 16:42:08-debug: Build Assets start, progress: 24%
2026-7-7 16:42:08-debug: // ---- build task Build Assets ----
2026-7-7 16:42:08-debug: Pack Images start, progress: 24%
2026-7-7 16:42:08-debug: Number of pac assets: 3
2026-7-7 16:42:08-debug: Get Cache info of pac success {asset(b74fc0c2-4c67-4dd4-8d74-9612ad56cfb1)}
2026-7-7 16:42:08-debug: Get Cache info of pac success {asset(17513a27-4f11-4047-a0be-8d0cb6187b9e)}
2026-7-7 16:42:08-debug: Number of pack results: 2
2026-7-7 16:42:08-debug: start collect depend assets in pacb74fc0c2-4c67-4dd4-8d74-9612ad56cfb1
2026-7-7 16:42:08-debug: start sort bundle in pacb74fc0c2-4c67-4dd4-8d74-9612ad56cfb1
2026-7-7 16:42:08-debug: end sort bundle in pacb74fc0c2-4c67-4dd4-8d74-9612ad56cfb1
2026-7-7 16:42:08-debug: start sort bundle in pac17513a27-4f11-4047-a0be-8d0cb6187b9e
2026-7-7 16:42:08-debug: start collect depend assets in pac17513a27-4f11-4047-a0be-8d0cb6187b9e
2026-7-7 16:42:08-debug: end sort bundle in pac17513a27-4f11-4047-a0be-8d0cb6187b9e
2026-7-7 16:42:08-debug: builder:pack-auto-atlas-image (205ms)
2026-7-7 16:42:08-debug: Pack Images success, progress: 24%
2026-7-7 16:42:08-debug: Pack Images success, progress: 13%
2026-7-7 16:42:08-debug: Compress image start..., progress: 24%
2026-7-7 16:42:08-debug: Compress image start..., progress: 13%
2026-7-7 16:42:08-debug: sort compress task {}
2026-7-7 16:42:08-debug: Num of all image compress task 0, really: 0, configTasks: 0
2026-7-7 16:42:08-debug: Compress image success..., progress: 24%
2026-7-7 16:42:08-debug: Compress image success..., progress: 13%
2026-7-7 16:42:08-debug: Output asset in bundles start, progress: 24%
2026-7-7 16:42:08-debug: Output asset in bundles start, progress: 13%
2026-7-7 16:42:08-debug: Handle all json groups in bundle internal
2026-7-7 16:42:08-debug: handle json group
2026-7-7 16:42:08-debug: No image need to compress
2026-7-7 16:42:08-debug: Handle all json groups in bundle resources
2026-7-7 16:42:08-debug: handle json group
2026-7-7 16:42:08-debug: Handle all json groups in bundle main
2026-7-7 16:42:08-debug: handle json group
2026-7-7 16:42:08-debug: Json group(033f45a16) compile success，json number: 6
2026-7-7 16:42:08-debug: Json group(0b54f34d0) compile success，json number: 6
2026-7-7 16:42:08-debug: handle single json
2026-7-7 16:42:08-debug: Json group(0c368b992) compile success，json number: 6
2026-7-7 16:42:08-debug: Json group(0a84a1761) compile success，json number: 6
2026-7-7 16:42:08-debug: Json group(09e986d7f) compile success，json number: 6
2026-7-7 16:42:08-debug: Json group(0a8b38f43) compile success，json number: 6
2026-7-7 16:42:08-debug: Json group(05a6ba422) compile success，json number: 6
2026-7-7 16:42:08-debug: handle single json
2026-7-7 16:42:08-debug: Json group(0bd960b15) compile success，json number: 6
2026-7-7 16:42:08-debug: Json group(05d786f3c) compile success，json number: 6
2026-7-7 16:42:08-debug: Json group(0a9a16365) compile success，json number: 6
2026-7-7 16:42:09-debug: Json group(0939f5774) compile success，json number: 6
2026-7-7 16:42:09-debug: Json group(04d1efb95) compile success，json number: 6
2026-7-7 16:42:09-debug: Json group(05ff4bf9a) compile success，json number: 6
2026-7-7 16:42:09-debug: Json group(058888a4d) compile success，json number: 6
2026-7-7 16:42:09-debug: Json group(0aa2d87de) compile success，json number: 6
2026-7-7 16:42:09-debug: Json group(0936a916b) compile success，json number: 6
2026-7-7 16:42:09-debug: Json group(0b3e0b1ce) compile success，json number: 6
2026-7-7 16:42:09-debug: Json group(03bca836c) compile success，json number: 6
2026-7-7 16:42:09-debug: Json group(018f8689b) compile success，json number: 6
2026-7-7 16:42:09-debug: Json group(09f4a3c5f) compile success，json number: 6
2026-7-7 16:42:09-debug: Json group(0573d1736) compile success，json number: 6
2026-7-7 16:42:09-warn: The Mesh used by component "cc.MeshRenderer" in prefab "Role_2" is missing. Detailed information:Node path: "Role_2/New Node/Bip001 Prop1 Socket/jiateling01"Asset url: "db://assets/GameRes/Prefab/Role_2"Missing uuid: "03189dd5-73dd-4e52-8644-1ff1a122b972@18a45"
2026-7-7 16:42:09-warn: The Mesh used by component "cc.MeshRenderer" in prefab "Role_2" is missing. Detailed information:Node path: "Role_2/New Node/Bip001 Prop1 Socket/jiateling01"Asset url: "db://assets/GameRes/Prefab/Role_2"Missing uuid: "03189dd5-73dd-4e52-8644-1ff1a122b972@18a45"
2026-7-7 16:42:09-debug: Json group(0d1405e99) compile success，json number: 6
2026-7-7 16:42:09-debug: Json group(0fbb3d0d7) compile success，json number: 6
2026-7-7 16:42:09-debug: Json group(0b756a9e5) compile success，json number: 6
2026-7-7 16:42:09-debug: Json group(0acdaf410) compile success，json number: 6
2026-7-7 16:42:09-debug: Json group(045d59844) compile success，json number: 6
2026-7-7 16:42:09-debug: Json group(03d712220) compile success，json number: 6
2026-7-7 16:42:09-debug: Json group(0418d0963) compile success，json number: 6
2026-7-7 16:42:09-debug: Json group(0d46b5455) compile success，json number: 6
2026-7-7 16:42:09-debug: Json group(0d76502e0) compile success，json number: 6
2026-7-7 16:42:09-warn: The Mesh used by component "cc.MeshRenderer" in prefab "Role_1" is missing. Detailed information:Node path: "Role_1/New Node/Bip001 Prop1 Socket/jiateling01"Asset url: "db://assets/GameRes/Prefab/Role_1"Missing uuid: "03189dd5-73dd-4e52-8644-1ff1a122b972@18a45"
2026-7-7 16:42:09-debug: Json group(0678030fa) compile success，json number: 6
2026-7-7 16:42:09-debug: Json group(05744dfbc) compile success，json number: 6
2026-7-7 16:42:09-debug: handle single json
2026-7-7 16:42:10-debug: Output asset in bundles success, progress: 24%
2026-7-7 16:42:10-debug: Output asset in bundles success, progress: 13%
2026-7-7 16:42:10-debug: Output asset in bundles start, progress: 24%
2026-7-7 16:42:10-debug: Output asset in bundles start, progress: 13%
2026-7-7 16:42:10-debug: compress config of bundle internal...
2026-7-7 16:42:10-debug: compress config of bundle internal success
2026-7-7 16:42:10-debug: compress config of bundle resources...
2026-7-7 16:42:10-debug: compress config of bundle resources success
2026-7-7 16:42:10-debug: compress config of bundle main...
2026-7-7 16:42:10-debug: compress config of bundle main success
2026-7-7 16:42:10-debug: output config of bundle internal
2026-7-7 16:42:10-debug: output config of bundle internal success
2026-7-7 16:42:10-debug: output config of bundle resources
2026-7-7 16:42:10-debug: output config of bundle resources success
2026-7-7 16:42:10-debug: output config of bundle main
2026-7-7 16:42:10-debug: output config of bundle main success
2026-7-7 16:42:10-debug: Output asset in bundles success, progress: 24%
2026-7-7 16:42:10-debug: Output asset in bundles success, progress: 13%
2026-7-7 16:42:10-debug: // ---- build task Build Assets ---- (2288ms)
2026-7-7 16:42:10-log: run build task Build Assets success in 2 s√, progress: 29%
2026-7-7 16:42:10-debug: 整理部分构建选项内数据到 settings.json start, progress: 29%
2026-7-7 16:42:10-debug: // ---- build task 整理部分构建选项内数据到 settings.json ----
2026-7-7 16:42:10-debug: [Build Memory track]: Build Assets start:293.12MB, end 284.09MB, increase: -9243.22KB
2026-7-7 16:42:10-debug: // ---- build task 整理部分构建选项内数据到 settings.json ---- (33ms)
2026-7-7 16:42:10-log: run build task 整理部分构建选项内数据到 settings.json success in 33 ms√, progress: 31%
2026-7-7 16:42:10-debug: [Build Memory track]: 整理部分构建选项内数据到 settings.json start:284.20MB, end 284.28MB, increase: 76.99KB
2026-7-7 16:42:10-debug: 填充脚本数据到 settings.json start, progress: 31%
2026-7-7 16:42:10-debug: // ---- build task 填充脚本数据到 settings.json ----
2026-7-7 16:42:10-log: run build task 填充脚本数据到 settings.json success in 45 ms√, progress: 32%
2026-7-7 16:42:10-debug: [Build Memory track]: 填充脚本数据到 settings.json start:284.32MB, end 284.39MB, increase: 76.63KB
2026-7-7 16:42:10-debug: // ---- build task 填充脚本数据到 settings.json ---- (45ms)
2026-7-7 16:42:10-debug: 整理部分构建选项内数据到 settings.json start, progress: 32%
2026-7-7 16:42:10-debug: // ---- build task 整理部分构建选项内数据到 settings.json ----
2026-7-7 16:42:10-debug: // ---- build task 整理部分构建选项内数据到 settings.json ---- (318ms)
2026-7-7 16:42:10-debug: [Build Memory track]: 整理部分构建选项内数据到 settings.json start:284.43MB, end 284.57MB, increase: 148.51KB
2026-7-7 16:42:10-debug: web-mobile:(onBeforeCompressSettings) start..., progress: 34%
2026-7-7 16:42:10-debug: // ---- build task web-mobile：onBeforeCompressSettings ----
2026-7-7 16:42:10-log: run build task 整理部分构建选项内数据到 settings.json success in 318 ms√, progress: 34%
2026-7-7 16:42:10-debug: // ---- build task web-mobile：onBeforeCompressSettings ---- (46ms)
2026-7-7 16:42:10-debug: web-mobile:(onBeforeCompressSettings) in 46 ms ✓, progress: 36%
2026-7-7 16:42:10-debug: cocos-service:(onBeforeCompressSettings) start..., progress: 36%
2026-7-7 16:42:10-debug: // ---- build task cocos-service：onBeforeCompressSettings ----
2026-7-7 16:42:11-debug: // ---- build task cocos-service：onBeforeCompressSettings ---- (147ms)
2026-7-7 16:42:11-debug: cocos-service:(onBeforeCompressSettings) in 147 ms ✓, progress: 38%
2026-7-7 16:42:11-log: [SUPER_PACKAGE]onBeforeCompressSettings
2026-7-7 16:42:11-debug: super-packager:(onBeforeCompressSettings) start..., progress: 38%
2026-7-7 16:42:11-debug: // ---- build task super-packager：onBeforeCompressSettings ----
2026-7-7 16:42:11-debug: // ---- build task super-packager：onBeforeCompressSettings ---- (60ms)
2026-7-7 16:42:11-debug: super-packager:(onBeforeCompressSettings) in 60 ms ✓, progress: 40%
2026-7-7 16:42:11-debug: 整理静态模板文件 start, progress: 40%
2026-7-7 16:42:11-debug: // ---- build task 整理静态模板文件 ----
2026-7-7 16:42:11-debug: // ---- build task 整理静态模板文件 ---- (103ms)
2026-7-7 16:42:11-log: run build task 整理静态模板文件 success in 103 ms√, progress: 45%
2026-7-7 16:42:11-debug: // ---- build task cocos-service：onAfterCompressSettings ----
2026-7-7 16:42:11-debug: [Build Memory track]: 整理静态模板文件 start:284.97MB, end 289.47MB, increase: 4.50MB
2026-7-7 16:42:11-debug: cocos-service:(onAfterCompressSettings) start..., progress: 45%
2026-7-7 16:42:11-debug: // ---- build task cocos-service：onAfterCompressSettings ---- (110ms)
2026-7-7 16:42:11-debug: cocos-service:(onAfterCompressSettings) in 110 ms ✓, progress: 46%
2026-7-7 16:42:11-debug: super-packager:(onAfterCompressSettings) start..., progress: 46%
2026-7-7 16:42:11-debug: // ---- build task super-packager：onAfterCompressSettings ----
2026-7-7 16:42:11-log: [SUPER_PACKAGE]onAfterCompressSettings
2026-7-7 16:42:11-debug: // ---- build task super-packager：onAfterCompressSettings ---- (54ms)
2026-7-7 16:42:11-debug: web-mobile:(onBeforeCopyBuildTemplate) start..., progress: 48%
2026-7-7 16:42:11-debug: super-packager:(onAfterCompressSettings) in 54 ms ✓, progress: 48%
2026-7-7 16:42:11-debug: // ---- build task web-mobile：onBeforeCopyBuildTemplate ----
2026-7-7 16:42:11-debug: // ---- build task web-mobile：onBeforeCopyBuildTemplate ---- (81ms)
2026-7-7 16:42:11-debug: web-mobile:(onBeforeCopyBuildTemplate) in 81 ms ✓, progress: 50%
2026-7-7 16:42:11-debug: // ---- build task 给所有的资源加上 MD5 后缀 ----
2026-7-7 16:42:11-debug: 给所有的资源加上 MD5 后缀 start, progress: 50%
2026-7-7 16:42:11-debug: // ---- build task 给所有的资源加上 MD5 后缀 ---- (63ms)
2026-7-7 16:42:11-log: run build task 给所有的资源加上 MD5 后缀 success in 63 ms√, progress: 60%
2026-7-7 16:42:11-debug: [Build Memory track]: 给所有的资源加上 MD5 后缀 start:286.26MB, end 286.34MB, increase: 76.14KB
2026-7-7 16:42:11-debug: web-mobile:(onAfterBuild) start..., progress: 60%
2026-7-7 16:42:11-debug: // ---- build task web-mobile：onAfterBuild ----
2026-7-7 16:42:11-debug: // ---- build task web-mobile：onAfterBuild ---- (46ms)
2026-7-7 16:42:11-debug: web-mobile:(onAfterBuild) in 46 ms ✓, progress: 62%
2026-7-7 16:42:11-debug: cocos-service:(onAfterBuild) start..., progress: 62%
2026-7-7 16:42:11-debug: // ---- build task cocos-service：onAfterBuild ----
2026-7-7 16:42:11-debug: // ---- build task cocos-service：onAfterBuild ---- (98ms)
2026-7-7 16:42:11-debug: cocos-service:(onAfterBuild) in 98 ms ✓, progress: 64%
2026-7-7 16:42:11-debug: // ---- build task adsense-h5g-plugin：onAfterBuild ----
2026-7-7 16:42:11-debug: adsense-h5g-plugin:(onAfterBuild) start..., progress: 64%
2026-7-7 16:42:11-debug: // ---- build task adsense-h5g-plugin：onAfterBuild ---- (56ms)
2026-7-7 16:42:11-debug: adsense-h5g-plugin:(onAfterBuild) in 56 ms ✓, progress: 65%
2026-7-7 16:42:11-debug: super-html:(onAfterBuild) start..., progress: 65%
2026-7-7 16:42:11-log: [super-html] : -- start --
2026-7-7 16:42:11-debug: // ---- build task super-html：onAfterBuild ----
2026-7-7 16:42:11-log: [super-html] : s_input_dir D:\工程项目\PlayableAD\Cocos\TheW\20260615_HYQ\HYQ_Project\build\web-mobile
2026-7-7 16:42:11-log: [super-html] : engine version 3.8.7
2026-7-7 16:42:11-log: [super-html] : s_out_dir D:\工程项目\PlayableAD\Cocos\TheW\20260615_HYQ\HYQ_Project\build\super-html
2026-7-7 16:42:18-debug: // ---- build task super-html：onAfterBuild ---- (6350ms)
2026-7-7 16:42:18-debug: super-html:(onAfterBuild) in 6350 ms ✓, progress: 67%
2026-7-7 16:42:18-debug: super-packager:(onAfterBuild) start..., progress: 67%
2026-7-7 16:42:18-debug: // ---- build task super-packager：onAfterBuild ----
2026-7-7 16:42:18-log: [SUPER_PACKAGE]onAfterBuild
2026-7-7 16:42:18-debug: // ---- build task super-packager：onAfterBuild ---- (70ms)
2026-7-7 16:42:18-debug: super-packager:(onAfterBuild) in 70 ms ✓, progress: 69%
2026-7-7 16:42:18-log: Asset DB is resume!
2026-7-7 16:42:18-debug: builder:build-project-total (32337ms)
2026-7-7 16:42:18-debug: build task(web-mobile) in 32337!
2026-7-7 16:42:19-debug: [Build Memory track]: builder:build-project-total start:286.28MB, end 286.37MB, increase: 89.95KB
2026-7-7 16:42:19-debug: ================================ build Task (web-mobile) Finished in (32 s)ms ================================
2026-7-7 16:42:19-debug: Stop record console. {file(D:\工程项目\PlayableAD\Cocos\TheW\20260615_HYQ\HYQ_Project\temp\builder\log\web-mobile2026-6-30 10-27.log)}
2026-7-7 16:42:19-warn: The Mesh used by component "cc.MeshRenderer" in prefab "Role_2" is missing. Detailed information:Node path: "Role_2/New Node/Bip001 Prop1 Socket/jiateling01"Asset url: "db://assets/GameRes/Prefab/Role_2"Missing uuid: "03189dd5-73dd-4e52-8644-1ff1a122b972@18a45"
2026-7-7 16:42:19-warn: The Mesh used by component "cc.MeshRenderer" in prefab "Role_2" is missing. Detailed information:Node path: "Role_2/New Node/Bip001 Prop1 Socket/jiateling01"Asset url: "db://assets/GameRes/Prefab/Role_2"Missing uuid: "03189dd5-73dd-4e52-8644-1ff1a122b972@18a45"
2026-7-7 16:42:19-warn: The Mesh used by component "cc.MeshRenderer" in prefab "Role_1" is missing. Detailed information:Node path: "Role_1/New Node/Bip001 Prop1 Socket/jiateling01"Asset url: "db://assets/GameRes/Prefab/Role_1"Missing uuid: "03189dd5-73dd-4e52-8644-1ff1a122b972@18a45"
2026-7-7 16:42:19-debug: refresh db internal success
2026-7-7 16:42:19-debug: refresh db assets success
2026-7-7 16:42:19-debug: %cImport%c: D:\工程项目\PlayableAD\Cocos\TheW\20260615_HYQ\HYQ_Project\extensions\super-packager\package_assets\Common\SuperPackage.tsbackground: #aaff85; color: #000;color: #000;
2026-7-7 16:42:19-debug: %cImport%c: D:\工程项目\PlayableAD\Cocos\TheW\20260615_HYQ\HYQ_Project\extensions\super-packager\package_assets\JiangYv\PBASDK-v3\PBASDK.tsbackground: #aaff85; color: #000;color: #000;
2026-7-7 16:42:19-debug: refresh db super-packager success
2026-7-7 16:42:19-debug: Run asset db hook engine-extends:afterRefresh ...
2026-7-7 16:42:19-debug: Run asset db hook engine-extends:afterRefresh success!
2026-7-7 16:42:19-debug: asset-db:refresh-all-database (1268ms)
2026-7-7 16:42:19-debug: asset-db:worker-effect-data-processing (4ms)
2026-7-7 16:42:19-debug: asset-db-hook-engine-extends-afterRefresh (5ms)
2026-7-7 16:42:21-debug: Query all assets info in project
2026-7-7 16:42:21-debug: init custom config: keepNodeUuid: false, useCache: true
2026-7-7 16:42:21-debug: Skip compress image, progress: 0%
2026-7-7 16:42:21-debug: Init all bundles start..., progress: 0%
2026-7-7 16:42:21-debug: Num of bundles: 3..., progress: 0%
2026-7-7 16:42:21-debug: // ---- build task 查询 Asset Bundle ----
2026-7-7 16:42:21-debug: 查询 Asset Bundle start, progress: 0%
2026-7-7 16:42:21-debug: Init bundle root assets start..., progress: 0%
2026-7-7 16:42:21-debug: Query preload assets/scripts from cc.config.json: 60f7195c-ec2a-45eb-ba94-8955f60e81d0,1c02ae6f-4492-4915-b8f8-7492a3b1e4cd,810e96e4-e456-4468-9b59-f4e8f39732c0,efe8e2a3-eace-427b-b4f1-cb8a937ec77d,e9aa9a3e-5b2b-4ac7-a2c7-073de2b2b24f,8bbdbcdd-5cd4-4100-b6d5-b7c9625b6107,50f4348b-c883-4e2f-8f11-ce233b859fa1,fda095cb-831d-4601-ad94-846013963de8,f92806d7-1768-443f-afe8-12bcde84d0f0,dd3a144d-ab7f-41f0-82b8-2e43a090d496,f0416e68-0200-4b77-a926-4f9d16e494da,511d2633-09a7-4bdd-ac42-f778032124b3,5d45aa00-e064-4938-b314-4265f0c2258c,9361fd90-ba52-4f84-aa93-6e878fd576ca,970b0598-bcb0-4714-91fb-2e81440dccd8,bcd64cc6-2dd9-43f6-abbe-66318d332032,d930590d-bb92-4cc8-8bd1-23cd027f9edf,a3cd009f-0ab0-420d-9278-b9fdab939bbc,6a2d0734-bd9e-4ddf-946e-caa52498cb75,d1346436-ac96-4271-b863-1f4fdead95b0,971bdb23-3ff6-43eb-b422-1c30165a3663,17debcc3-0a6b-4b8a-b00b-dc58b885581e,711ebe11-f673-4cd9-9a83-63c60ba54c5b,c0143906-9aed-447e-9436-2ae8512d1b6e,14da1725-c4c2-42b4-ab08-ee0aeb6898b3,081cab31-dccd-428e-8652-f2404cc81c47,78e0584a-4343-4727-8f37-e14e65c2a2db,ba21476f-2866-4f81-9c4d-6e359316e448,871c3b6c-7379-419d-bda3-794b239ab90d,ff9b0199-ce04-4cfe-86cc-6c719f08d6e4,de1c2107-70c8-4021-8459-6399f24d01c6,cbf30902-517f-40dc-af90-a550bac27cf1,5c601d96-e4c7-4698-991b-7ee674b11079
2026-7-7 16:42:21-debug:   Number of all scenes: 5
2026-7-7 16:42:21-debug:   Number of other assets: 1158
2026-7-7 16:42:21-debug: Init bundle root assets success..., progress: 0%
2026-7-7 16:42:21-debug:   Number of all scripts: 109
2026-7-7 16:42:21-debug: // ---- build task 查询 Asset Bundle ---- (26ms)
2026-7-7 16:42:21-log: run build task 查询 Asset Bundle success in 26 ms√, progress: 5%
2026-7-7 16:42:21-debug: [Build Memory track]: 查询 Asset Bundle start:288.27MB, end 289.88MB, increase: 1.61MB
2026-7-7 16:42:21-debug: 查询 Asset Bundle start, progress: 5%
2026-7-7 16:42:21-debug: // ---- build task 查询 Asset Bundle ----
2026-7-7 16:42:21-debug: // ---- build task 查询 Asset Bundle ---- (7ms)
2026-7-7 16:42:21-log: run build task 查询 Asset Bundle success in 7 ms√, progress: 10%
2026-7-7 16:42:21-debug: [Build Memory track]: 查询 Asset Bundle start:289.91MB, end 290.15MB, increase: 240.09KB
2026-7-7 16:42:21-debug: // ---- build task 整理部分构建选项内数据到 settings.json ----
2026-7-7 16:42:21-debug: 整理部分构建选项内数据到 settings.json start, progress: 10%
2026-7-7 16:42:21-debug: // ---- build task 整理部分构建选项内数据到 settings.json ---- (2ms)
2026-7-7 16:42:21-debug: [Build Memory track]: 整理部分构建选项内数据到 settings.json start:290.18MB, end 290.21MB, increase: 30.56KB
2026-7-7 16:42:21-debug: 填充脚本数据到 settings.json start, progress: 12%
2026-7-7 16:42:21-log: run build task 整理部分构建选项内数据到 settings.json success in 2 ms√, progress: 12%
2026-7-7 16:42:21-debug: // ---- build task 填充脚本数据到 settings.json ----
2026-7-7 16:42:21-debug: // ---- build task 填充脚本数据到 settings.json ---- (13ms)
2026-7-7 16:42:21-log: run build task 填充脚本数据到 settings.json success in 13 ms√, progress: 13%
2026-7-7 16:42:21-debug: [Build Memory track]: 填充脚本数据到 settings.json start:290.24MB, end 290.27MB, increase: 30.20KB
2026-7-7 16:42:21-debug: 整理部分构建选项内数据到 settings.json start, progress: 13%
2026-7-7 16:42:21-debug: // ---- build task 整理部分构建选项内数据到 settings.json ----
2026-7-7 16:42:21-debug: // ---- build task 整理部分构建选项内数据到 settings.json ---- (9ms)
2026-7-7 16:42:21-log: run build task 整理部分构建选项内数据到 settings.json success in 9 ms√, progress: 15%
2026-7-7 16:42:21-debug: [Build Memory track]: 整理部分构建选项内数据到 settings.json start:290.31MB, end 290.38MB, increase: 77.98KB
2026-7-7 16:42:21-debug: Query all assets info in project
2026-7-7 16:42:21-debug: init custom config: keepNodeUuid: false, useCache: true
2026-7-7 16:42:21-debug: Skip compress image, progress: 0%
2026-7-7 16:42:21-debug: Init all bundles start..., progress: 0%
2026-7-7 16:42:21-debug: 查询 Asset Bundle start, progress: 0%
2026-7-7 16:42:21-debug: // ---- build task 查询 Asset Bundle ----
2026-7-7 16:42:21-debug: Init bundle root assets start..., progress: 0%
2026-7-7 16:42:21-debug: Num of bundles: 3..., progress: 0%
2026-7-7 16:42:21-debug: Query preload assets/scripts from cc.config.json: 60f7195c-ec2a-45eb-ba94-8955f60e81d0,1c02ae6f-4492-4915-b8f8-7492a3b1e4cd,810e96e4-e456-4468-9b59-f4e8f39732c0,efe8e2a3-eace-427b-b4f1-cb8a937ec77d,e9aa9a3e-5b2b-4ac7-a2c7-073de2b2b24f,8bbdbcdd-5cd4-4100-b6d5-b7c9625b6107,50f4348b-c883-4e2f-8f11-ce233b859fa1,fda095cb-831d-4601-ad94-846013963de8,f92806d7-1768-443f-afe8-12bcde84d0f0,dd3a144d-ab7f-41f0-82b8-2e43a090d496,f0416e68-0200-4b77-a926-4f9d16e494da,511d2633-09a7-4bdd-ac42-f778032124b3,5d45aa00-e064-4938-b314-4265f0c2258c,9361fd90-ba52-4f84-aa93-6e878fd576ca,970b0598-bcb0-4714-91fb-2e81440dccd8,bcd64cc6-2dd9-43f6-abbe-66318d332032,d930590d-bb92-4cc8-8bd1-23cd027f9edf,a3cd009f-0ab0-420d-9278-b9fdab939bbc,6a2d0734-bd9e-4ddf-946e-caa52498cb75,d1346436-ac96-4271-b863-1f4fdead95b0,971bdb23-3ff6-43eb-b422-1c30165a3663,17debcc3-0a6b-4b8a-b00b-dc58b885581e,711ebe11-f673-4cd9-9a83-63c60ba54c5b,c0143906-9aed-447e-9436-2ae8512d1b6e,14da1725-c4c2-42b4-ab08-ee0aeb6898b3,081cab31-dccd-428e-8652-f2404cc81c47,78e0584a-4343-4727-8f37-e14e65c2a2db,ba21476f-2866-4f81-9c4d-6e359316e448,871c3b6c-7379-419d-bda3-794b239ab90d,ff9b0199-ce04-4cfe-86cc-6c719f08d6e4,de1c2107-70c8-4021-8459-6399f24d01c6,cbf30902-517f-40dc-af90-a550bac27cf1,5c601d96-e4c7-4698-991b-7ee674b11079
2026-7-7 16:42:21-debug:   Number of all scenes: 5
2026-7-7 16:42:21-debug:   Number of all scripts: 109
2026-7-7 16:42:21-debug:   Number of other assets: 1158
2026-7-7 16:42:21-debug: Init bundle root assets success..., progress: 0%
2026-7-7 16:42:21-debug: // ---- build task 查询 Asset Bundle ---- (19ms)
2026-7-7 16:42:21-log: run build task 查询 Asset Bundle success in 19 ms√, progress: 5%
2026-7-7 16:42:21-debug: [Build Memory track]: 查询 Asset Bundle start:291.06MB, end 292.65MB, increase: 1.59MB
2026-7-7 16:42:21-debug: // ---- build task 查询 Asset Bundle ----
2026-7-7 16:42:21-debug: 查询 Asset Bundle start, progress: 5%
2026-7-7 16:42:21-debug: // ---- build task 查询 Asset Bundle ---- (9ms)
2026-7-7 16:42:21-log: run build task 查询 Asset Bundle success in 9 ms√, progress: 10%
2026-7-7 16:42:21-debug: 整理部分构建选项内数据到 settings.json start, progress: 10%
2026-7-7 16:42:21-debug: // ---- build task 整理部分构建选项内数据到 settings.json ----
2026-7-7 16:42:21-debug: [Build Memory track]: 查询 Asset Bundle start:292.69MB, end 292.91MB, increase: 232.92KB
2026-7-7 16:42:21-debug: // ---- build task 整理部分构建选项内数据到 settings.json ---- (2ms)
2026-7-7 16:42:21-log: run build task 整理部分构建选项内数据到 settings.json success in 2 ms√, progress: 12%
2026-7-7 16:42:21-debug: [Build Memory track]: 整理部分构建选项内数据到 settings.json start:292.95MB, end 292.98MB, increase: 28.73KB
2026-7-7 16:42:21-debug: 填充脚本数据到 settings.json start, progress: 12%
2026-7-7 16:42:21-debug: // ---- build task 填充脚本数据到 settings.json ----
2026-7-7 16:42:21-debug: // ---- build task 填充脚本数据到 settings.json ---- (6ms)
2026-7-7 16:42:21-log: run build task 填充脚本数据到 settings.json success in 6 ms√, progress: 13%
2026-7-7 16:42:21-debug: [Build Memory track]: 填充脚本数据到 settings.json start:293.01MB, end 293.04MB, increase: 29.92KB
2026-7-7 16:42:21-debug: 整理部分构建选项内数据到 settings.json start, progress: 13%
2026-7-7 16:42:21-debug: // ---- build task 整理部分构建选项内数据到 settings.json ----
2026-7-7 16:42:21-debug: // ---- build task 整理部分构建选项内数据到 settings.json ---- (6ms)
2026-7-7 16:42:21-log: run build task 整理部分构建选项内数据到 settings.json success in 6 ms√, progress: 15%
2026-7-7 16:42:21-debug: [Build Memory track]: 整理部分构建选项内数据到 settings.json start:293.08MB, end 293.14MB, increase: 66.63KB
2026-7-7 16:42:23-log: [super-html] : [common] [13586 kb] D:\工程项目\PlayableAD\Cocos\TheW\20260615_HYQ\HYQ_Project\build\super-html\common\HYQ_common.html
2026-7-7 16:42:24-log: [super-html] : [common] [6213 kb] D:\工程项目\PlayableAD\Cocos\TheW\20260615_HYQ\HYQ_Project\build\super-html\common\HYQ_common_min.html
2026-7-7 16:42:24-log: [super-html] : [applovin] [6213 kb] D:\工程项目\PlayableAD\Cocos\TheW\20260615_HYQ\HYQ_Project\build\super-html\applovin\HYQ_applovin.html
2026-7-7 16:42:24-log: [super-html] : [ironsource] [6217 kb] D:\工程项目\PlayableAD\Cocos\TheW\20260615_HYQ\HYQ_Project\build\super-html\ironsource\HYQ_ironsource.html
2026-7-7 16:42:24-log: [super-html] : [ironsource2025] [6215 kb] D:\工程项目\PlayableAD\Cocos\TheW\20260615_HYQ\HYQ_Project\build\super-html\ironsource2025\HYQ_ironsource2025.html
2026-7-7 16:42:25-log: [super-html] : [mintegral] [4498 kb] D:\工程项目\PlayableAD\Cocos\TheW\20260615_HYQ\HYQ_Project\build\super-html\mintegral\HYQ_mintegral.zip
2026-7-7 16:42:25-log: [super-html] : [chartboost] [6214 kb] D:\工程项目\PlayableAD\Cocos\TheW\20260615_HYQ\HYQ_Project\build\super-html\chartboost\HYQ_chartboost.html
2026-7-7 16:42:25-log: [super-html] : [unity] [6214 kb] D:\工程项目\PlayableAD\Cocos\TheW\20260615_HYQ\HYQ_Project\build\super-html\unity\HYQ_unity.html
2026-7-7 16:42:26-log: [super-html] : [google] [4567 kb] D:\工程项目\PlayableAD\Cocos\TheW\20260615_HYQ\HYQ_Project\build\super-html\google\HYQ_google.zip
2026-7-7 16:42:26-log: [super-html] : [google] [4567 kb] D:\工程项目\PlayableAD\Cocos\TheW\20260615_HYQ\HYQ_Project\build\super-html\google\HYQ_google_portrait.zip
2026-7-7 16:42:27-log: [super-html] : [google] [4567 kb] D:\工程项目\PlayableAD\Cocos\TheW\20260615_HYQ\HYQ_Project\build\super-html\google\HYQ_google_landscape.zip
2026-7-7 16:42:27-log: [super-html] : [facebook] [6213 kb] D:\工程项目\PlayableAD\Cocos\TheW\20260615_HYQ\HYQ_Project\build\super-html\facebook\HYQ_facebook.html
2026-7-7 16:42:28-log: [super-html] : [facebook] [4567 kb] D:\工程项目\PlayableAD\Cocos\TheW\20260615_HYQ\HYQ_Project\build\super-html\facebook\HYQ_facebook.zip
2026-7-7 16:42:29-log: [super-html] : [pangle] [4498 kb] D:\工程项目\PlayableAD\Cocos\TheW\20260615_HYQ\HYQ_Project\build\super-html\pangle\HYQ_pangle.zip
2026-7-7 16:42:30-log: [super-html] : [pangle] [4498 kb] D:\工程项目\PlayableAD\Cocos\TheW\20260615_HYQ\HYQ_Project\build\super-html\pangle\HYQ_pangle_portrait.zip
2026-7-7 16:42:32-log: [super-html] : [pangle] [4498 kb] D:\工程项目\PlayableAD\Cocos\TheW\20260615_HYQ\HYQ_Project\build\super-html\pangle\HYQ_pangle_landscape.zip
2026-7-7 16:42:33-log: [super-html] : [liftoff] [4498 kb] D:\工程项目\PlayableAD\Cocos\TheW\20260615_HYQ\HYQ_Project\build\super-html\liftoff\HYQ_liftoff.zip
2026-7-7 16:42:33-log: [super-html] : [moloco] [6213 kb] D:\工程项目\PlayableAD\Cocos\TheW\20260615_HYQ\HYQ_Project\build\super-html\moloco\HYQ_moloco.html
2026-7-7 16:42:34-log: [super-html] : [tiktok] [4498 kb] D:\工程项目\PlayableAD\Cocos\TheW\20260615_HYQ\HYQ_Project\build\super-html\tiktok\HYQ_tiktok.zip
2026-7-7 16:42:35-log: [super-html] : [vungle] [4498 kb] D:\工程项目\PlayableAD\Cocos\TheW\20260615_HYQ\HYQ_Project\build\super-html\vungle\HYQ_vungle.zip
2026-7-7 16:42:36-debug: refresh db internal success
2026-7-7 16:42:36-debug: refresh db assets success
2026-7-7 16:42:36-debug: refresh db super-packager success
2026-7-7 16:42:36-debug: Run asset db hook engine-extends:afterRefresh ...
2026-7-7 16:42:36-debug: Run asset db hook engine-extends:afterRefresh success!
2026-7-7 16:42:36-debug: asset-db:refresh-all-database (657ms)
2026-7-7 16:42:36-debug: asset-db:worker-effect-data-processing (3ms)
2026-7-7 16:42:36-debug: asset-db-hook-engine-extends-afterRefresh (3ms)
2026-7-7 16:42:37-log: [super-html] : [bigo] [4498 kb] D:\工程项目\PlayableAD\Cocos\TheW\20260615_HYQ\HYQ_Project\build\super-html\bigo\HYQ_bigo.zip
2026-7-7 16:42:37-log: [super-html] : [kwai] : thumbnail_cover.jpg no find
2026-7-7 16:42:38-log: [super-html] : [kwai] [4499 kb] D:\工程项目\PlayableAD\Cocos\TheW\20260615_HYQ\HYQ_Project\build\super-html\kwai\HYQ_kwai.zip
2026-7-7 16:42:38-log: [super-html] : [nefta] [6214 kb] D:\工程项目\PlayableAD\Cocos\TheW\20260615_HYQ\HYQ_Project\build\super-html\nefta\HYQ_nefta.html
2026-7-7 16:42:39-log: [super-html] : [nefta] [4498 kb] D:\工程项目\PlayableAD\Cocos\TheW\20260615_HYQ\HYQ_Project\build\super-html\nefta\HYQ_nefta.zip
2026-7-7 16:42:40-log: [super-html] : [snapchat] [4567 kb] D:\工程项目\PlayableAD\Cocos\TheW\20260615_HYQ\HYQ_Project\build\super-html\snapchat\HYQ_snapchat_portrait.zip
2026-7-7 16:42:41-log: [super-html] : [gdt] [4567 kb] D:\工程项目\PlayableAD\Cocos\TheW\20260615_HYQ\HYQ_Project\build\super-html\gdt\HYQ_gdt.zip
2026-7-7 16:42:41-log: [super-html] : [gdt] [4567 kb] D:\工程项目\PlayableAD\Cocos\TheW\20260615_HYQ\HYQ_Project\build\super-html\gdt\HYQ_gdt_portrait.zip
2026-7-7 16:42:42-debug: Query all assets info in project
2026-7-7 16:42:42-debug: init custom config: keepNodeUuid: false, useCache: true
2026-7-7 16:42:42-debug: Skip compress image, progress: 0%
2026-7-7 16:42:42-debug: Init all bundles start..., progress: 0%
2026-7-7 16:42:42-debug: // ---- build task 查询 Asset Bundle ----
2026-7-7 16:42:42-debug: Init bundle root assets start..., progress: 0%
2026-7-7 16:42:42-debug: Num of bundles: 3..., progress: 0%
2026-7-7 16:42:42-debug: 查询 Asset Bundle start, progress: 0%
2026-7-7 16:42:42-debug: Query preload assets/scripts from cc.config.json: 60f7195c-ec2a-45eb-ba94-8955f60e81d0,1c02ae6f-4492-4915-b8f8-7492a3b1e4cd,810e96e4-e456-4468-9b59-f4e8f39732c0,efe8e2a3-eace-427b-b4f1-cb8a937ec77d,e9aa9a3e-5b2b-4ac7-a2c7-073de2b2b24f,8bbdbcdd-5cd4-4100-b6d5-b7c9625b6107,50f4348b-c883-4e2f-8f11-ce233b859fa1,fda095cb-831d-4601-ad94-846013963de8,f92806d7-1768-443f-afe8-12bcde84d0f0,dd3a144d-ab7f-41f0-82b8-2e43a090d496,f0416e68-0200-4b77-a926-4f9d16e494da,511d2633-09a7-4bdd-ac42-f778032124b3,5d45aa00-e064-4938-b314-4265f0c2258c,9361fd90-ba52-4f84-aa93-6e878fd576ca,970b0598-bcb0-4714-91fb-2e81440dccd8,bcd64cc6-2dd9-43f6-abbe-66318d332032,d930590d-bb92-4cc8-8bd1-23cd027f9edf,a3cd009f-0ab0-420d-9278-b9fdab939bbc,6a2d0734-bd9e-4ddf-946e-caa52498cb75,d1346436-ac96-4271-b863-1f4fdead95b0,971bdb23-3ff6-43eb-b422-1c30165a3663,17debcc3-0a6b-4b8a-b00b-dc58b885581e,711ebe11-f673-4cd9-9a83-63c60ba54c5b,c0143906-9aed-447e-9436-2ae8512d1b6e,14da1725-c4c2-42b4-ab08-ee0aeb6898b3,081cab31-dccd-428e-8652-f2404cc81c47,78e0584a-4343-4727-8f37-e14e65c2a2db,ba21476f-2866-4f81-9c4d-6e359316e448,871c3b6c-7379-419d-bda3-794b239ab90d,ff9b0199-ce04-4cfe-86cc-6c719f08d6e4,de1c2107-70c8-4021-8459-6399f24d01c6,cbf30902-517f-40dc-af90-a550bac27cf1,5c601d96-e4c7-4698-991b-7ee674b11079
2026-7-7 16:42:42-debug:   Number of all scenes: 5
2026-7-7 16:42:42-debug: Init bundle root assets success..., progress: 0%
2026-7-7 16:42:42-debug:   Number of all scripts: 109
2026-7-7 16:42:42-debug:   Number of other assets: 1158
2026-7-7 16:42:42-debug: // ---- build task 查询 Asset Bundle ---- (25ms)
2026-7-7 16:42:42-log: run build task 查询 Asset Bundle success in 25 ms√, progress: 5%
2026-7-7 16:42:42-debug: [Build Memory track]: 查询 Asset Bundle start:522.85MB, end 524.49MB, increase: 1.64MB
2026-7-7 16:42:42-debug: 查询 Asset Bundle start, progress: 5%
2026-7-7 16:42:42-debug: // ---- build task 查询 Asset Bundle ----
2026-7-7 16:42:42-debug: // ---- build task 查询 Asset Bundle ---- (12ms)
2026-7-7 16:42:42-debug: [Build Memory track]: 查询 Asset Bundle start:524.52MB, end 524.76MB, increase: 241.87KB
2026-7-7 16:42:42-debug: // ---- build task 整理部分构建选项内数据到 settings.json ----
2026-7-7 16:42:42-debug: 整理部分构建选项内数据到 settings.json start, progress: 10%
2026-7-7 16:42:42-log: run build task 查询 Asset Bundle success in 12 ms√, progress: 10%
2026-7-7 16:42:42-debug: // ---- build task 整理部分构建选项内数据到 settings.json ---- (4ms)
2026-7-7 16:42:42-log: run build task 整理部分构建选项内数据到 settings.json success in 4 ms√, progress: 12%
2026-7-7 16:42:42-debug: [Build Memory track]: 整理部分构建选项内数据到 settings.json start:524.79MB, end 524.82MB, increase: 31.19KB
2026-7-7 16:42:42-debug: 填充脚本数据到 settings.json start, progress: 12%
2026-7-7 16:42:42-debug: // ---- build task 填充脚本数据到 settings.json ----
2026-7-7 16:42:42-debug: // ---- build task 填充脚本数据到 settings.json ---- (3ms)
2026-7-7 16:42:42-log: run build task 填充脚本数据到 settings.json success in 3 ms√, progress: 13%
2026-7-7 16:42:42-debug: [Build Memory track]: 填充脚本数据到 settings.json start:524.86MB, end 524.89MB, increase: 31.06KB
2026-7-7 16:42:42-debug: 整理部分构建选项内数据到 settings.json start, progress: 13%
2026-7-7 16:42:42-debug: // ---- build task 整理部分构建选项内数据到 settings.json ----
2026-7-7 16:42:42-debug: // ---- build task 整理部分构建选项内数据到 settings.json ---- (29ms)
2026-7-7 16:42:42-log: run build task 整理部分构建选项内数据到 settings.json success in 29 ms√, progress: 15%
2026-7-7 16:42:42-debug: [Build Memory track]: 整理部分构建选项内数据到 settings.json start:524.92MB, end 525.01MB, increase: 91.11KB
2026-7-7 16:42:42-log: [super-html] : [gdt] [4567 kb] D:\工程项目\PlayableAD\Cocos\TheW\20260615_HYQ\HYQ_Project\build\super-html\gdt\HYQ_gdt_landscape.zip
2026-7-7 16:42:42-log: [super-html] : run time 30.817S
2026-7-7 16:42:42-log: [super-html] : -- end -- 
2026-7-7 16:46:06-debug: refresh db internal success
2026-7-7 16:46:06-debug: refresh db assets success
2026-7-7 16:46:06-debug: refresh db super-packager success
2026-7-7 16:46:06-debug: Run asset db hook engine-extends:afterRefresh ...
2026-7-7 16:46:06-debug: Run asset db hook engine-extends:afterRefresh success!
2026-7-7 16:46:06-debug: asset-db:refresh-all-database (365ms)
2026-7-7 16:46:06-debug: asset-db:worker-effect-data-processing (1ms)
2026-7-7 16:46:06-debug: asset-db-hook-engine-extends-afterRefresh (2ms)
2026-7-7 16:47:13-debug: Query all assets info in project
2026-7-7 16:47:13-debug: init custom config: keepNodeUuid: false, useCache: true
2026-7-7 16:47:13-debug: Skip compress image, progress: 0%
2026-7-7 16:47:13-debug: Init all bundles start..., progress: 0%
2026-7-7 16:47:13-debug: Num of bundles: 3..., progress: 0%
2026-7-7 16:47:13-debug: 查询 Asset Bundle start, progress: 0%
2026-7-7 16:47:13-debug: // ---- build task 查询 Asset Bundle ----
2026-7-7 16:47:13-debug: Init bundle root assets start..., progress: 0%
2026-7-7 16:47:13-debug: Query preload assets/scripts from cc.config.json: 60f7195c-ec2a-45eb-ba94-8955f60e81d0,1c02ae6f-4492-4915-b8f8-7492a3b1e4cd,810e96e4-e456-4468-9b59-f4e8f39732c0,efe8e2a3-eace-427b-b4f1-cb8a937ec77d,e9aa9a3e-5b2b-4ac7-a2c7-073de2b2b24f,8bbdbcdd-5cd4-4100-b6d5-b7c9625b6107,50f4348b-c883-4e2f-8f11-ce233b859fa1,fda095cb-831d-4601-ad94-846013963de8,f92806d7-1768-443f-afe8-12bcde84d0f0,dd3a144d-ab7f-41f0-82b8-2e43a090d496,f0416e68-0200-4b77-a926-4f9d16e494da,511d2633-09a7-4bdd-ac42-f778032124b3,5d45aa00-e064-4938-b314-4265f0c2258c,9361fd90-ba52-4f84-aa93-6e878fd576ca,970b0598-bcb0-4714-91fb-2e81440dccd8,bcd64cc6-2dd9-43f6-abbe-66318d332032,d930590d-bb92-4cc8-8bd1-23cd027f9edf,a3cd009f-0ab0-420d-9278-b9fdab939bbc,6a2d0734-bd9e-4ddf-946e-caa52498cb75,d1346436-ac96-4271-b863-1f4fdead95b0,971bdb23-3ff6-43eb-b422-1c30165a3663,17debcc3-0a6b-4b8a-b00b-dc58b885581e,711ebe11-f673-4cd9-9a83-63c60ba54c5b,c0143906-9aed-447e-9436-2ae8512d1b6e,14da1725-c4c2-42b4-ab08-ee0aeb6898b3,081cab31-dccd-428e-8652-f2404cc81c47,78e0584a-4343-4727-8f37-e14e65c2a2db,ba21476f-2866-4f81-9c4d-6e359316e448,871c3b6c-7379-419d-bda3-794b239ab90d,ff9b0199-ce04-4cfe-86cc-6c719f08d6e4,de1c2107-70c8-4021-8459-6399f24d01c6,cbf30902-517f-40dc-af90-a550bac27cf1,5c601d96-e4c7-4698-991b-7ee674b11079
2026-7-7 16:47:13-debug:   Number of all scripts: 109
2026-7-7 16:47:13-debug:   Number of other assets: 1158
2026-7-7 16:47:13-debug: Init bundle root assets success..., progress: 0%
2026-7-7 16:47:13-debug:   Number of all scenes: 5
2026-7-7 16:47:13-debug: // ---- build task 查询 Asset Bundle ---- (22ms)
2026-7-7 16:47:13-log: run build task 查询 Asset Bundle success in 22 ms√, progress: 5%
2026-7-7 16:47:13-debug: 查询 Asset Bundle start, progress: 5%
2026-7-7 16:47:13-debug: // ---- build task 查询 Asset Bundle ----
2026-7-7 16:47:13-debug: [Build Memory track]: 查询 Asset Bundle start:283.51MB, end 281.02MB, increase: -2543.37KB
2026-7-7 16:47:13-debug: // ---- build task 查询 Asset Bundle ---- (6ms)
2026-7-7 16:47:13-log: run build task 查询 Asset Bundle success in 6 ms√, progress: 10%
2026-7-7 16:47:13-debug: 整理部分构建选项内数据到 settings.json start, progress: 10%
2026-7-7 16:47:13-debug: // ---- build task 整理部分构建选项内数据到 settings.json ----
2026-7-7 16:47:13-debug: [Build Memory track]: 查询 Asset Bundle start:281.06MB, end 281.29MB, increase: 233.93KB
2026-7-7 16:47:13-debug: // ---- build task 整理部分构建选项内数据到 settings.json ---- (2ms)
2026-7-7 16:47:13-log: run build task 整理部分构建选项内数据到 settings.json success in 2 ms√, progress: 12%
2026-7-7 16:47:13-debug: 填充脚本数据到 settings.json start, progress: 12%
2026-7-7 16:47:13-debug: // ---- build task 填充脚本数据到 settings.json ----
2026-7-7 16:47:13-debug: [Build Memory track]: 整理部分构建选项内数据到 settings.json start:281.32MB, end 281.35MB, increase: 29.23KB
2026-7-7 16:47:13-debug: // ---- build task 填充脚本数据到 settings.json ---- (5ms)
2026-7-7 16:47:13-log: run build task 填充脚本数据到 settings.json success in 5 ms√, progress: 13%
2026-7-7 16:47:13-debug: [Build Memory track]: 填充脚本数据到 settings.json start:281.38MB, end 281.41MB, increase: 28.66KB
2026-7-7 16:47:13-debug: 整理部分构建选项内数据到 settings.json start, progress: 13%
2026-7-7 16:47:13-debug: // ---- build task 整理部分构建选项内数据到 settings.json ----
2026-7-7 16:47:13-debug: // ---- build task 整理部分构建选项内数据到 settings.json ---- (17ms)
2026-7-7 16:47:13-log: run build task 整理部分构建选项内数据到 settings.json success in 17 ms√, progress: 15%
2026-7-7 16:47:13-debug: [Build Memory track]: 整理部分构建选项内数据到 settings.json start:281.45MB, end 281.52MB, increase: 70.95KB
2026-7-7 16:51:49-debug: refresh db internal success
2026-7-7 16:51:49-debug: refresh db assets success
2026-7-7 16:51:49-debug: refresh db super-packager success
2026-7-7 16:51:49-debug: Run asset db hook engine-extends:afterRefresh ...
2026-7-7 16:51:49-debug: Run asset db hook engine-extends:afterRefresh success!
2026-7-7 16:51:49-debug: asset-db:refresh-all-database (290ms)
2026-7-7 16:51:49-debug: asset-db:worker-effect-data-processing (1ms)
2026-7-7 16:51:49-debug: asset-db-hook-engine-extends-afterRefresh (1ms)
2026-7-7 16:56:21-debug: refresh db internal success
2026-7-7 16:56:21-debug: refresh db assets success
2026-7-7 16:56:21-debug: refresh db super-packager success
2026-7-7 16:56:21-debug: Run asset db hook engine-extends:afterRefresh ...
2026-7-7 16:56:21-debug: Run asset db hook engine-extends:afterRefresh success!
2026-7-7 16:56:21-debug: asset-db:refresh-all-database (272ms)
2026-7-7 16:56:21-debug: asset-db:worker-effect-data-processing (3ms)
2026-7-7 16:56:21-debug: asset-db-hook-engine-extends-afterRefresh (4ms)
2026-7-7 16:56:30-debug: %cImport%c: D:\工程项目\PlayableAD\Cocos\TheW\20260615_HYQ\HYQ_Project\assets\Scene\Game_3D-002.scenebackground: #aaff85; color: #000;color: #000;
2026-7-7 16:56:30-debug: asset-db:reimport-assetb5805d3a-3b80-4a12-adf5-588e63a7d886 (42ms)
2026-7-7 16:56:30-debug: Query all assets info in project
2026-7-7 16:56:30-debug: init custom config: keepNodeUuid: false, useCache: true
2026-7-7 16:56:30-debug: Skip compress image, progress: 0%
2026-7-7 16:56:30-debug: Init all bundles start..., progress: 0%
2026-7-7 16:56:30-debug: Num of bundles: 3..., progress: 0%
2026-7-7 16:56:30-debug: // ---- build task 查询 Asset Bundle ----
2026-7-7 16:56:30-debug: Init bundle root assets start..., progress: 0%
2026-7-7 16:56:30-debug: 查询 Asset Bundle start, progress: 0%
2026-7-7 16:56:30-debug: Query preload assets/scripts from cc.config.json: 60f7195c-ec2a-45eb-ba94-8955f60e81d0,1c02ae6f-4492-4915-b8f8-7492a3b1e4cd,810e96e4-e456-4468-9b59-f4e8f39732c0,efe8e2a3-eace-427b-b4f1-cb8a937ec77d,e9aa9a3e-5b2b-4ac7-a2c7-073de2b2b24f,8bbdbcdd-5cd4-4100-b6d5-b7c9625b6107,50f4348b-c883-4e2f-8f11-ce233b859fa1,fda095cb-831d-4601-ad94-846013963de8,f92806d7-1768-443f-afe8-12bcde84d0f0,dd3a144d-ab7f-41f0-82b8-2e43a090d496,f0416e68-0200-4b77-a926-4f9d16e494da,511d2633-09a7-4bdd-ac42-f778032124b3,5d45aa00-e064-4938-b314-4265f0c2258c,9361fd90-ba52-4f84-aa93-6e878fd576ca,970b0598-bcb0-4714-91fb-2e81440dccd8,bcd64cc6-2dd9-43f6-abbe-66318d332032,d930590d-bb92-4cc8-8bd1-23cd027f9edf,a3cd009f-0ab0-420d-9278-b9fdab939bbc,6a2d0734-bd9e-4ddf-946e-caa52498cb75,d1346436-ac96-4271-b863-1f4fdead95b0,971bdb23-3ff6-43eb-b422-1c30165a3663,17debcc3-0a6b-4b8a-b00b-dc58b885581e,711ebe11-f673-4cd9-9a83-63c60ba54c5b,c0143906-9aed-447e-9436-2ae8512d1b6e,14da1725-c4c2-42b4-ab08-ee0aeb6898b3,081cab31-dccd-428e-8652-f2404cc81c47,78e0584a-4343-4727-8f37-e14e65c2a2db,ba21476f-2866-4f81-9c4d-6e359316e448,871c3b6c-7379-419d-bda3-794b239ab90d,ff9b0199-ce04-4cfe-86cc-6c719f08d6e4,de1c2107-70c8-4021-8459-6399f24d01c6,cbf30902-517f-40dc-af90-a550bac27cf1,5c601d96-e4c7-4698-991b-7ee674b11079
2026-7-7 16:56:30-debug:   Number of all scenes: 5
2026-7-7 16:56:30-debug:   Number of all scripts: 109
2026-7-7 16:56:30-debug: Init bundle root assets success..., progress: 0%
2026-7-7 16:56:30-debug:   Number of other assets: 1158
2026-7-7 16:56:30-debug: // ---- build task 查询 Asset Bundle ---- (17ms)
2026-7-7 16:56:30-log: run build task 查询 Asset Bundle success in 17 ms√, progress: 5%
2026-7-7 16:56:30-debug: [Build Memory track]: 查询 Asset Bundle start:290.07MB, end 290.00MB, increase: -73.82KB
2026-7-7 16:56:30-debug: 查询 Asset Bundle start, progress: 5%
2026-7-7 16:56:30-debug: // ---- build task 查询 Asset Bundle ----
2026-7-7 16:56:30-debug: // ---- build task 查询 Asset Bundle ---- (6ms)
2026-7-7 16:56:30-log: run build task 查询 Asset Bundle success in 6 ms√, progress: 10%
2026-7-7 16:56:30-debug: [Build Memory track]: 查询 Asset Bundle start:290.03MB, end 290.26MB, increase: 234.00KB
2026-7-7 16:56:30-debug: 整理部分构建选项内数据到 settings.json start, progress: 10%
2026-7-7 16:56:30-debug: // ---- build task 整理部分构建选项内数据到 settings.json ----
2026-7-7 16:56:30-debug: // ---- build task 整理部分构建选项内数据到 settings.json ---- (3ms)
2026-7-7 16:56:30-log: run build task 整理部分构建选项内数据到 settings.json success in 3 ms√, progress: 12%
2026-7-7 16:56:30-debug: [Build Memory track]: 整理部分构建选项内数据到 settings.json start:290.29MB, end 290.32MB, increase: 29.06KB
2026-7-7 16:56:30-debug: 填充脚本数据到 settings.json start, progress: 12%
2026-7-7 16:56:30-debug: // ---- build task 填充脚本数据到 settings.json ----
2026-7-7 16:56:30-debug: // ---- build task 填充脚本数据到 settings.json ---- (2ms)
2026-7-7 16:56:30-log: run build task 填充脚本数据到 settings.json success in 2 ms√, progress: 13%
2026-7-7 16:56:30-debug: [Build Memory track]: 填充脚本数据到 settings.json start:290.36MB, end 290.38MB, increase: 27.49KB
2026-7-7 16:56:30-debug: 整理部分构建选项内数据到 settings.json start, progress: 13%
2026-7-7 16:56:30-debug: // ---- build task 整理部分构建选项内数据到 settings.json ----
2026-7-7 16:56:30-debug: // ---- build task 整理部分构建选项内数据到 settings.json ---- (7ms)
2026-7-7 16:56:30-log: run build task 整理部分构建选项内数据到 settings.json success in 7 ms√, progress: 15%
2026-7-7 16:56:30-debug: [Build Memory track]: 整理部分构建选项内数据到 settings.json start:290.42MB, end 290.48MB, increase: 66.24KB
2026-7-7 16:56:30-debug: Query all assets info in project
2026-7-7 16:56:30-debug: init custom config: keepNodeUuid: false, useCache: true
2026-7-7 16:56:30-debug: Skip compress image, progress: 0%
2026-7-7 16:56:30-debug: Init all bundles start..., progress: 0%
2026-7-7 16:56:30-debug: Num of bundles: 3..., progress: 0%
2026-7-7 16:56:30-debug: 查询 Asset Bundle start, progress: 0%
2026-7-7 16:56:30-debug: // ---- build task 查询 Asset Bundle ----
2026-7-7 16:56:30-debug: Init bundle root assets start..., progress: 0%
2026-7-7 16:56:30-debug: Query preload assets/scripts from cc.config.json: 60f7195c-ec2a-45eb-ba94-8955f60e81d0,1c02ae6f-4492-4915-b8f8-7492a3b1e4cd,810e96e4-e456-4468-9b59-f4e8f39732c0,efe8e2a3-eace-427b-b4f1-cb8a937ec77d,e9aa9a3e-5b2b-4ac7-a2c7-073de2b2b24f,8bbdbcdd-5cd4-4100-b6d5-b7c9625b6107,50f4348b-c883-4e2f-8f11-ce233b859fa1,fda095cb-831d-4601-ad94-846013963de8,f92806d7-1768-443f-afe8-12bcde84d0f0,dd3a144d-ab7f-41f0-82b8-2e43a090d496,f0416e68-0200-4b77-a926-4f9d16e494da,511d2633-09a7-4bdd-ac42-f778032124b3,5d45aa00-e064-4938-b314-4265f0c2258c,9361fd90-ba52-4f84-aa93-6e878fd576ca,970b0598-bcb0-4714-91fb-2e81440dccd8,bcd64cc6-2dd9-43f6-abbe-66318d332032,d930590d-bb92-4cc8-8bd1-23cd027f9edf,a3cd009f-0ab0-420d-9278-b9fdab939bbc,6a2d0734-bd9e-4ddf-946e-caa52498cb75,d1346436-ac96-4271-b863-1f4fdead95b0,971bdb23-3ff6-43eb-b422-1c30165a3663,17debcc3-0a6b-4b8a-b00b-dc58b885581e,711ebe11-f673-4cd9-9a83-63c60ba54c5b,c0143906-9aed-447e-9436-2ae8512d1b6e,14da1725-c4c2-42b4-ab08-ee0aeb6898b3,081cab31-dccd-428e-8652-f2404cc81c47,78e0584a-4343-4727-8f37-e14e65c2a2db,ba21476f-2866-4f81-9c4d-6e359316e448,871c3b6c-7379-419d-bda3-794b239ab90d,ff9b0199-ce04-4cfe-86cc-6c719f08d6e4,de1c2107-70c8-4021-8459-6399f24d01c6,cbf30902-517f-40dc-af90-a550bac27cf1,5c601d96-e4c7-4698-991b-7ee674b11079
2026-7-7 16:56:30-debug:   Number of all scenes: 5
2026-7-7 16:56:31-debug:   Number of other assets: 1158
2026-7-7 16:56:31-debug: Init bundle root assets success..., progress: 0%
2026-7-7 16:56:31-debug:   Number of all scripts: 109
2026-7-7 16:56:31-debug: // ---- build task 查询 Asset Bundle ---- (18ms)
2026-7-7 16:56:31-log: run build task 查询 Asset Bundle success in 18 ms√, progress: 5%
2026-7-7 16:56:31-debug: [Build Memory track]: 查询 Asset Bundle start:291.19MB, end 290.95MB, increase: -239.84KB
2026-7-7 16:56:31-debug: 查询 Asset Bundle start, progress: 5%
2026-7-7 16:56:31-debug: // ---- build task 查询 Asset Bundle ----
2026-7-7 16:56:31-debug: // ---- build task 查询 Asset Bundle ---- (6ms)
2026-7-7 16:56:31-log: run build task 查询 Asset Bundle success in 6 ms√, progress: 10%
2026-7-7 16:56:31-debug: [Build Memory track]: 查询 Asset Bundle start:290.98MB, end 291.21MB, increase: 234.30KB
2026-7-7 16:56:31-debug: // ---- build task 整理部分构建选项内数据到 settings.json ----
2026-7-7 16:56:31-debug: 整理部分构建选项内数据到 settings.json start, progress: 10%
2026-7-7 16:56:31-log: run build task 整理部分构建选项内数据到 settings.json success in 6 ms√, progress: 12%
2026-7-7 16:56:31-debug: [Build Memory track]: 整理部分构建选项内数据到 settings.json start:291.25MB, end 291.28MB, increase: 29.11KB
2026-7-7 16:56:31-debug: 填充脚本数据到 settings.json start, progress: 12%
2026-7-7 16:56:31-debug: // ---- build task 填充脚本数据到 settings.json ----
2026-7-7 16:56:31-debug: // ---- build task 整理部分构建选项内数据到 settings.json ---- (6ms)
2026-7-7 16:56:31-log: run build task 填充脚本数据到 settings.json success in 1 ms√, progress: 13%
2026-7-7 16:56:31-debug: [Build Memory track]: 填充脚本数据到 settings.json start:291.31MB, end 291.34MB, increase: 27.81KB
2026-7-7 16:56:31-debug: 整理部分构建选项内数据到 settings.json start, progress: 13%
2026-7-7 16:56:31-debug: // ---- build task 整理部分构建选项内数据到 settings.json ----
2026-7-7 16:56:31-debug: // ---- build task 填充脚本数据到 settings.json ---- (1ms)
2026-7-7 16:56:31-debug: // ---- build task 整理部分构建选项内数据到 settings.json ---- (7ms)
2026-7-7 16:56:31-log: run build task 整理部分构建选项内数据到 settings.json success in 7 ms√, progress: 15%
2026-7-7 16:56:31-debug: [Build Memory track]: 整理部分构建选项内数据到 settings.json start:291.37MB, end 291.44MB, increase: 65.84KB
2026-7-7 16:56:31-debug: Query all assets info in project
2026-7-7 16:56:31-debug: init custom config: keepNodeUuid: false, useCache: true
2026-7-7 16:56:31-debug: Skip compress image, progress: 0%
2026-7-7 16:56:31-debug: Init all bundles start..., progress: 0%
2026-7-7 16:56:31-debug: Num of bundles: 3..., progress: 0%
2026-7-7 16:56:31-debug: 查询 Asset Bundle start, progress: 0%
2026-7-7 16:56:31-debug: // ---- build task 查询 Asset Bundle ----
2026-7-7 16:56:31-debug: Init bundle root assets start..., progress: 0%
2026-7-7 16:56:31-debug: Query preload assets/scripts from cc.config.json: 60f7195c-ec2a-45eb-ba94-8955f60e81d0,1c02ae6f-4492-4915-b8f8-7492a3b1e4cd,810e96e4-e456-4468-9b59-f4e8f39732c0,efe8e2a3-eace-427b-b4f1-cb8a937ec77d,e9aa9a3e-5b2b-4ac7-a2c7-073de2b2b24f,8bbdbcdd-5cd4-4100-b6d5-b7c9625b6107,50f4348b-c883-4e2f-8f11-ce233b859fa1,fda095cb-831d-4601-ad94-846013963de8,f92806d7-1768-443f-afe8-12bcde84d0f0,dd3a144d-ab7f-41f0-82b8-2e43a090d496,f0416e68-0200-4b77-a926-4f9d16e494da,511d2633-09a7-4bdd-ac42-f778032124b3,5d45aa00-e064-4938-b314-4265f0c2258c,9361fd90-ba52-4f84-aa93-6e878fd576ca,970b0598-bcb0-4714-91fb-2e81440dccd8,bcd64cc6-2dd9-43f6-abbe-66318d332032,d930590d-bb92-4cc8-8bd1-23cd027f9edf,a3cd009f-0ab0-420d-9278-b9fdab939bbc,6a2d0734-bd9e-4ddf-946e-caa52498cb75,d1346436-ac96-4271-b863-1f4fdead95b0,971bdb23-3ff6-43eb-b422-1c30165a3663,17debcc3-0a6b-4b8a-b00b-dc58b885581e,711ebe11-f673-4cd9-9a83-63c60ba54c5b,c0143906-9aed-447e-9436-2ae8512d1b6e,14da1725-c4c2-42b4-ab08-ee0aeb6898b3,081cab31-dccd-428e-8652-f2404cc81c47,78e0584a-4343-4727-8f37-e14e65c2a2db,ba21476f-2866-4f81-9c4d-6e359316e448,871c3b6c-7379-419d-bda3-794b239ab90d,ff9b0199-ce04-4cfe-86cc-6c719f08d6e4,de1c2107-70c8-4021-8459-6399f24d01c6,cbf30902-517f-40dc-af90-a550bac27cf1,5c601d96-e4c7-4698-991b-7ee674b11079
2026-7-7 16:56:31-debug:   Number of all scenes: 5
2026-7-7 16:56:31-debug:   Number of all scripts: 109
2026-7-7 16:56:31-debug:   Number of other assets: 1158
2026-7-7 16:56:31-debug: Init bundle root assets success..., progress: 0%
2026-7-7 16:56:31-debug: // ---- build task 查询 Asset Bundle ---- (26ms)
2026-7-7 16:56:31-log: run build task 查询 Asset Bundle success in 26 ms√, progress: 5%
2026-7-7 16:56:31-debug: [Build Memory track]: 查询 Asset Bundle start:290.68MB, end 290.51MB, increase: -173.94KB
2026-7-7 16:56:31-debug: 查询 Asset Bundle start, progress: 5%
2026-7-7 16:56:31-debug: // ---- build task 查询 Asset Bundle ----
2026-7-7 16:56:31-log: run build task 查询 Asset Bundle success in 9 ms√, progress: 10%
2026-7-7 16:56:31-debug: // ---- build task 查询 Asset Bundle ---- (9ms)
2026-7-7 16:56:31-debug: [Build Memory track]: 查询 Asset Bundle start:290.55MB, end 290.79MB, increase: 248.79KB
2026-7-7 16:56:31-debug: 整理部分构建选项内数据到 settings.json start, progress: 10%
2026-7-7 16:56:31-debug: // ---- build task 整理部分构建选项内数据到 settings.json ----
2026-7-7 16:56:31-debug: // ---- build task 整理部分构建选项内数据到 settings.json ---- (4ms)
2026-7-7 16:56:31-log: run build task 整理部分构建选项内数据到 settings.json success in 4 ms√, progress: 12%
2026-7-7 16:56:31-debug: [Build Memory track]: 整理部分构建选项内数据到 settings.json start:290.82MB, end 290.85MB, increase: 29.17KB
2026-7-7 16:56:31-debug: // ---- build task 填充脚本数据到 settings.json ----
2026-7-7 16:56:31-debug: 填充脚本数据到 settings.json start, progress: 12%
2026-7-7 16:56:31-debug: // ---- build task 填充脚本数据到 settings.json ---- (2ms)
2026-7-7 16:56:31-log: run build task 填充脚本数据到 settings.json success in 2 ms√, progress: 13%
2026-7-7 16:56:31-debug: [Build Memory track]: 填充脚本数据到 settings.json start:290.89MB, end 290.91MB, increase: 27.84KB
2026-7-7 16:56:31-debug: // ---- build task 整理部分构建选项内数据到 settings.json ----
2026-7-7 16:56:31-debug: 整理部分构建选项内数据到 settings.json start, progress: 13%
2026-7-7 16:56:31-debug: // ---- build task 整理部分构建选项内数据到 settings.json ---- (7ms)
2026-7-7 16:56:31-log: run build task 整理部分构建选项内数据到 settings.json success in 7 ms√, progress: 15%
2026-7-7 16:56:31-debug: [Build Memory track]: 整理部分构建选项内数据到 settings.json start:290.95MB, end 291.01MB, increase: 65.82KB
2026-7-7 16:56:43-debug: refresh db internal success
2026-7-7 16:56:43-debug: refresh db assets success
2026-7-7 16:56:43-debug: refresh db super-packager success
2026-7-7 16:56:43-debug: Run asset db hook engine-extends:afterRefresh ...
2026-7-7 16:56:43-debug: Run asset db hook engine-extends:afterRefresh success!
2026-7-7 16:56:43-debug: asset-db:refresh-all-database (218ms)
2026-7-7 16:56:43-debug: asset-db:worker-effect-data-processing (1ms)
2026-7-7 16:56:43-debug: asset-db-hook-engine-extends-afterRefresh (2ms)
2026-7-7 16:56:47-debug: refresh db internal success
2026-7-7 16:56:47-debug: refresh db assets success
2026-7-7 16:56:47-debug: refresh db super-packager success
2026-7-7 16:56:47-debug: Run asset db hook engine-extends:afterRefresh ...
2026-7-7 16:56:47-debug: Run asset db hook engine-extends:afterRefresh success!
2026-7-7 16:56:47-debug: asset-db:refresh-all-database (196ms)
2026-7-7 16:56:47-debug: asset-db:worker-effect-data-processing (2ms)
2026-7-7 16:56:47-debug: asset-db-hook-engine-extends-afterRefresh (2ms)
2026-7-7 16:56:53-debug: Start record console... {file(D:\工程项目\PlayableAD\Cocos\TheW\20260615_HYQ\HYQ_Project\temp\builder\log\web-mobile2026-6-30 10-27.log)}
2026-7-7 16:56:53-debug: Start build task, options:{"name":"HYQ","server":"","engineModulesConfigKey":"defaultConfig","platform":"web-mobile","buildPath":"project://build","debug":false,"buildMode":"normal","mangleProperties":false,"md5Cache":false,"skipCompressTexture":false,"sourceMaps":false,"overwriteProjectSettings":{"includeModules":{"gfx-webgl2":"on","physics":"inherit-project-setting","physics-2d":"inherit-project-setting"},"macroConfig":{"cleanupImageCache":"inherit-project-setting"}},"nativeCodeBundleMode":"asmjs","polyfills":{"asyncFunctions":true},"experimentalEraseModules":false,"startSceneAssetBundle":false,"bundleConfigs":[],"inlineEnum":true,"useBuiltinServer":false,"md5CacheOptions":{"excludes":[],"includes":[],"replaceOnly":[],"handleTemplateMd5Link":true},"mainBundleIsRemote":false,"mainBundleCompressionType":"merge_dep","useSplashScreen":true,"bundleCommonChunk":false,"packAutoAtlas":true,"startScene":"b5805d3a-3b80-4a12-adf5-588e63a7d886","outputName":"web-mobile","taskName":"web-mobile","scenes":[{"url":"db://assets/Scene/Game_3D-002.scene","uuid":"b5805d3a-3b80-4a12-adf5-588e63a7d886"}],"wasmCompressionMode":false,"binGroupConfig":{"threshold":16,"enable":false},"packages":{"adsense-h5g-plugin":{"enableAdsense":false,"enableTestAd":false,"__version__":"1.0.1","AFPHostPropertyCode":"ca-host-pub-5396158963872751","AFPHostDomain":"douyougame.com","otherAFPHostPropertyCode":"","otherAFPDomain":""},"web-mobile":{"useWebGPU":false,"orientation":"auto","embedWebDebugger":false,"__version__":"1.0.1"},"cocos-service":{"configID":"56841a","services":[],"__version__":"3.0.9"},"super-packager":{"googlePlayUrl":"","appStoreUrl":"","__version__":"2.7.0"}},"__version__":"1.3.9","logDest":"project://temp/builder/log/web-mobile2026-6-30 10-27.log"}
2026-7-7 16:56:53-debug: =================================== build Task (web-mobile) Start ================================
2026-7-7 16:56:53-debug: Build with Cocos Creator 3.8.7
2026-7-7 16:56:53-debug: cocos-service:(onBeforeBuild) start..., progress: 0%
2026-7-7 16:56:53-debug: // ---- build task cocos-service：onBeforeBuild ----
2026-7-7 16:56:53-debug: // ---- build task cocos-service：onBeforeBuild ---- (140ms)
2026-7-7 16:56:53-debug: // ---- build task scene：onBeforeBuild ----
2026-7-7 16:56:53-debug: scene:(onBeforeBuild) start..., progress: 2%
2026-7-7 16:56:53-debug: cocos-service:(onBeforeBuild) in 140 ms ✓, progress: 2%
2026-7-7 16:56:53-debug: // ---- build task scene：onBeforeBuild ---- (51ms)
2026-7-7 16:56:53-debug: super-packager:(onBeforeBuild) start..., progress: 4%
2026-7-7 16:56:53-log: [SUPER_PACKAGE]onBeforeBuild
2026-7-7 16:56:53-debug: scene:(onBeforeBuild) in 51 ms ✓, progress: 4%
2026-7-7 16:56:53-log: [SUPER_PACKAGE]商店链接配置:{"googlePlayUrl":"","appStoreUrl":""}
2026-7-7 16:56:53-debug: // ---- build task super-packager：onBeforeBuild ----
2026-7-7 16:56:53-log: [SUPER_PACKAGE]商店链接已同步到文件
2026-7-7 16:56:53-debug: // ---- build task super-packager：onBeforeBuild ---- (64ms)
2026-7-7 16:56:53-debug: super-packager:(onBeforeBuild) in 64 ms ✓, progress: 5%
2026-7-7 16:56:53-debug: Query all assets info in project
2026-7-7 16:56:53-debug: Start lock asset db..., progress: 5%
2026-7-7 16:56:53-log: Asset DB is paused with build!
2026-7-7 16:56:53-debug: init custom config: keepNodeUuid: false, useCache: true
2026-7-7 16:56:53-debug: web-mobile:(onAfterInit) start..., progress: 5%
2026-7-7 16:56:53-debug: // ---- build task web-mobile：onAfterInit ----
2026-7-7 16:56:53-debug: // ---- build task web-mobile：onAfterInit ---- (28ms)
2026-7-7 16:56:53-debug: cocos-service:(onAfterInit) start..., progress: 7%
2026-7-7 16:56:53-debug: web-mobile:(onAfterInit) in 28 ms ✓, progress: 7%
2026-7-7 16:56:53-debug: // ---- build task cocos-service：onAfterInit ----
2026-7-7 16:56:53-debug: // ---- build task cocos-service：onAfterInit ---- (132ms)
2026-7-7 16:56:53-debug: cocos-service:(onAfterInit) in 132 ms ✓, progress: 9%
2026-7-7 16:56:53-debug: adsense-h5g-plugin:(onBeforeBundleInit) start..., progress: 9%
2026-7-7 16:56:53-debug: // ---- build task adsense-h5g-plugin：onBeforeBundleInit ----
2026-7-7 16:56:53-debug: Skip compress image, progress: 0%
2026-7-7 16:56:53-debug: adsense-h5g-plugin:(onBeforeBundleInit) start..., progress: 0%
2026-7-7 16:56:53-debug: [adsense-h5g-plugin] remove script success
2026-7-7 16:56:53-debug: // ---- build task adsense-h5g-plugin：onBeforeBundleInit ---- (42ms)
2026-7-7 16:56:53-debug: adsense-h5g-plugin:(onBeforeBundleInit) in 42 ms ✓, progress: 9%
2026-7-7 16:56:53-debug: adsense-h5g-plugin:(onBeforeBundleInit) in 42 ms ✓, progress: 7%
2026-7-7 16:56:53-debug: Init all bundles start..., progress: 9%
2026-7-7 16:56:53-debug: Init all bundles start..., progress: 7%
2026-7-7 16:56:53-debug: web-mobile:(onAfterBundleInit) start..., progress: 9%
2026-7-7 16:56:53-debug: Num of bundles: 3..., progress: 7%
2026-7-7 16:56:53-debug: web-mobile:(onAfterBundleInit) start..., progress: 7%
2026-7-7 16:56:53-debug: // ---- build task web-mobile：onAfterBundleInit ----
2026-7-7 16:56:53-debug: Num of bundles: 3..., progress: 9%
2026-7-7 16:56:53-debug: // ---- build task web-mobile：onAfterBundleInit ---- (77ms)
2026-7-7 16:56:53-debug: web-mobile:(onAfterBundleInit) in 77 ms ✓, progress: 13%
2026-7-7 16:56:53-debug: // ---- build task 查询 Asset Bundle ----
2026-7-7 16:56:53-debug: web-mobile:(onAfterBundleInit) in 77 ms ✓, progress: 9%
2026-7-7 16:56:53-debug: Init bundle root assets start..., progress: 9%
2026-7-7 16:56:53-debug: Init bundle root assets start..., progress: 13%
2026-7-7 16:56:53-debug: 查询 Asset Bundle start, progress: 9%
2026-7-7 16:56:53-debug: Query preload assets/scripts from cc.config.json: 60f7195c-ec2a-45eb-ba94-8955f60e81d0,1c02ae6f-4492-4915-b8f8-7492a3b1e4cd,810e96e4-e456-4468-9b59-f4e8f39732c0,efe8e2a3-eace-427b-b4f1-cb8a937ec77d,e9aa9a3e-5b2b-4ac7-a2c7-073de2b2b24f,8bbdbcdd-5cd4-4100-b6d5-b7c9625b6107,50f4348b-c883-4e2f-8f11-ce233b859fa1,fda095cb-831d-4601-ad94-846013963de8,f92806d7-1768-443f-afe8-12bcde84d0f0,dd3a144d-ab7f-41f0-82b8-2e43a090d496,f0416e68-0200-4b77-a926-4f9d16e494da,511d2633-09a7-4bdd-ac42-f778032124b3,5d45aa00-e064-4938-b314-4265f0c2258c,9361fd90-ba52-4f84-aa93-6e878fd576ca,970b0598-bcb0-4714-91fb-2e81440dccd8,bcd64cc6-2dd9-43f6-abbe-66318d332032,d930590d-bb92-4cc8-8bd1-23cd027f9edf,a3cd009f-0ab0-420d-9278-b9fdab939bbc,6a2d0734-bd9e-4ddf-946e-caa52498cb75,d1346436-ac96-4271-b863-1f4fdead95b0,971bdb23-3ff6-43eb-b422-1c30165a3663,17debcc3-0a6b-4b8a-b00b-dc58b885581e,711ebe11-f673-4cd9-9a83-63c60ba54c5b,c0143906-9aed-447e-9436-2ae8512d1b6e,14da1725-c4c2-42b4-ab08-ee0aeb6898b3,081cab31-dccd-428e-8652-f2404cc81c47,78e0584a-4343-4727-8f37-e14e65c2a2db,ba21476f-2866-4f81-9c4d-6e359316e448,871c3b6c-7379-419d-bda3-794b239ab90d,ff9b0199-ce04-4cfe-86cc-6c719f08d6e4,de1c2107-70c8-4021-8459-6399f24d01c6,cbf30902-517f-40dc-af90-a550bac27cf1,5c601d96-e4c7-4698-991b-7ee674b11079
2026-7-7 16:56:53-debug:   Number of all scenes: 5
2026-7-7 16:56:53-debug:   Number of all scripts: 109
2026-7-7 16:56:53-debug: Init bundle root assets success..., progress: 9%
2026-7-7 16:56:53-debug: Init bundle root assets success..., progress: 13%
2026-7-7 16:56:53-debug: reload all scripts.
2026-7-7 16:56:53-debug:   Number of other assets: 1158
2026-7-7 16:56:54-debug: [[Executor]] reload before lock
2026-7-7 16:56:54-debug: Set detail map pack:///resolution-detail-map.json: {}
2026-7-7 16:56:54-debug: Unregister BuiltinPipelineSettings
2026-7-7 16:56:54-debug: Unregister BuiltinPipelinePassBuilder
2026-7-7 16:56:54-debug: Unregister Lightning
2026-7-7 16:56:54-debug: Unregister BuiltinDepthOfFieldPass
2026-7-7 16:56:54-debug: Unregister LayerManager
2026-7-7 16:56:54-debug: Unregister DebugViewRuntimeControl
2026-7-7 16:56:54-debug: Unregister RotationDrive
2026-7-7 16:56:54-debug: Unregister UnityUpComponent
2026-7-7 16:56:54-debug: Unregister MoveDrive
2026-7-7 16:56:54-debug: Unregister RotationVector
2026-7-7 16:56:54-debug: Unregister CameraMove
2026-7-7 16:56:54-debug: Unregister PrefabsManager
2026-7-7 16:56:54-debug: Unregister DownLoadL8
2026-7-7 16:56:54-debug: Unregister L18nManager
2026-7-7 16:56:54-debug: Unregister DownLoadL8
2026-7-7 16:56:54-debug: Unregister LangArrAuto
2026-7-7 16:56:54-debug: Unregister PrefabsRes
2026-7-7 16:56:54-debug: Unregister ResurrectionL8
2026-7-7 16:56:54-debug: Unregister JumpDriveEngine
2026-7-7 16:56:54-debug: Unregister Prop
2026-7-7 16:56:54-debug: Unregister LangAuto
2026-7-7 16:56:54-debug: Unregister FlayPropManager
2026-7-7 16:56:54-debug: Unregister GroupBag3D
2026-7-7 16:56:54-debug: Unregister GroupPropTransform
2026-7-7 16:56:54-debug: Unregister CollectGetTarget
2026-7-7 16:56:54-debug: Unregister BagBase
2026-7-7 16:56:54-debug: Unregister LabBagUp
2026-7-7 16:56:54-debug: Unregister AreaAttack
2026-7-7 16:56:54-debug: Unregister AttackTargetBase
2026-7-7 16:56:54-debug: Unregister MeshFlashPropData
2026-7-7 16:56:54-debug: Unregister HpComponent
2026-7-7 16:56:54-debug: Unregister MeshFlashSwitchData
2026-7-7 16:56:54-debug: Unregister MeleeAttack
2026-7-7 16:56:54-debug: Unregister MeshFlashData
2026-7-7 16:56:54-debug: Unregister EffectRemoveBase
2026-7-7 16:56:54-debug: Unregister EffectTimePartRemove
2026-7-7 16:56:54-debug: Unregister EffectManager
2026-7-7 16:56:54-debug: Unregister BattleTargetBase
2026-7-7 16:56:54-debug: Unregister BulletBattle3D
2026-7-7 16:56:54-debug: Unregister BulletMonsterCollisionManager
2026-7-7 16:56:54-debug: Unregister ColliderTag
2026-7-7 16:56:54-debug: Unregister BattleTarget3D
2026-7-7 16:56:54-debug: Unregister BulletBattle2D
2026-7-7 16:56:54-debug: Unregister TriggerBase2D
2026-7-7 16:56:54-debug: Unregister RangedAttack
2026-7-7 16:56:54-debug: Unregister CollectBattleTarger2D
2026-7-7 16:56:54-debug: Unregister BulletBatchRenderer
2026-7-7 16:56:54-debug: Unregister BulletCollideBase2D
2026-7-7 16:56:54-debug: Unregister BattleTarget2D
2026-7-7 16:56:54-debug: Unregister RangeTowerAttack
2026-7-7 16:56:54-debug: Unregister RangedAttack_Circle
2026-7-7 16:56:54-debug: Unregister RangedAttack_Shrapnel
2026-7-7 16:56:54-debug: Unregister AttackParkPlay
2026-7-7 16:56:54-debug: Unregister BulletCollideBase3D
2026-7-7 16:56:54-debug: Unregister CollectBattleTarger3D
2026-7-7 16:56:54-debug: Unregister GuideLine
2026-7-7 16:56:54-debug: Unregister TriggerBase3D
2026-7-7 16:56:54-debug: Unregister EffectTimeRemove
2026-7-7 16:56:54-debug: Unregister FbxManager
2026-7-7 16:56:54-debug: Unregister GameOverPanel
2026-7-7 16:56:54-debug: Unregister Role
2026-7-7 16:56:54-debug: Unregister WeaponBulletConfig
2026-7-7 16:56:54-debug: Unregister MonsterBattleTaerget
2026-7-7 16:56:54-debug: Unregister PropArms
2026-7-7 16:56:54-debug: Unregister PropBrand
2026-7-7 16:56:54-debug: Unregister ArmsInfo
2026-7-7 16:56:54-debug: Unregister LalianHitStageConfig
2026-7-7 16:56:54-debug: Unregister CreatePropBrand
2026-7-7 16:56:54-debug: Unregister MonsterCreateInfo
2026-7-7 16:56:54-debug: Unregister PropLalianGate
2026-7-7 16:56:54-debug: Unregister MonsterCreateQueue
2026-7-7 16:56:54-debug: Unregister MonsterCreate
2026-7-7 16:56:54-debug: Unregister GuideManager
2026-7-7 16:56:54-debug: Unregister PropTireGate
2026-7-7 16:56:54-debug: Unregister RockerUI
2026-7-7 16:56:54-debug: Unregister Player
2026-7-7 16:56:54-debug: Unregister RockerMouseEvent
2026-7-7 16:56:54-debug: Unregister Shopping
2026-7-7 16:56:54-debug: Unregister ShoppIngEvent
2026-7-7 16:56:54-debug: Unregister BuyWay2D
2026-7-7 16:56:54-debug: Unregister BuyWayBase
2026-7-7 16:56:54-debug: Unregister ShoppingItem
2026-7-7 16:56:54-debug: Unregister ArmsUp
2026-7-7 16:56:54-debug: Unregister BuyWay3D
2026-7-7 16:56:54-debug: Unregister FrameAnimManager
2026-7-7 16:56:54-debug: Unregister UIButtonEvent
2026-7-7 16:56:54-debug: Unregister Shopping_Super
2026-7-7 16:56:54-debug: Invalidating 'pack:///chunks/93/93ba276ea7b26ffcdc433fab14afc1ed6f05647b.js'
2026-7-7 16:56:54-debug: Unregister FrameManager
2026-7-7 16:56:54-debug: Unregister StutterCheck
2026-7-7 16:56:54-debug: Invalidating 'pack:///chunks/f2/f22794b1c95bc92b6e994a97e9b193af020adc12.js'
2026-7-7 16:56:54-debug: Invalidating 'pack:///chunks/c9/c9d891290a54ec567f150962e76c6bf9cdf47b3b.js'
2026-7-7 16:56:54-debug: Invalidating 'pack:///chunks/6a/6a5019a719a9014c047e67aa1cf34453ab8392ce.js'
2026-7-7 16:56:54-debug: Invalidating 'pack:///chunks/6d/6d8fd2b0177941b032ddc0733af48a561fb60657.js'
2026-7-7 16:56:54-debug: Invalidating 'pack:///chunks/d9/d980f46bad1521f99cf9b02f6f4709610973859b.js'
2026-7-7 16:56:54-debug: Invalidating 'pack:///chunks/84/84fdd98491917343dab9e13fe8b5a70bd6a363c2.js'
2026-7-7 16:56:54-debug: Invalidating 'pack:///chunks/04/04f62969dc20e2c08fceeca28e5f160f93c57d48.js'
2026-7-7 16:56:54-debug: Invalidating 'pack:///chunks/e9/e96bc804d4af33012a1ad5c19177a551c107f2ae.js'
2026-7-7 16:56:54-debug: Invalidating 'pack:///chunks/14/14cec8e3738599ab9965ee6a2127491eba1361af.js'
2026-7-7 16:56:54-debug: Invalidating 'pack:///chunks/e2/e2118395860d446afdd7349c12bbbbd5ff0a8915.js'
2026-7-7 16:56:54-debug: Invalidating 'pack:///chunks/e0/e099fc7c0597d98bad93ecd30952e1955267ade1.js'
2026-7-7 16:56:54-debug: Invalidating 'pack:///chunks/31/31cebe8e0355019a96c8dc216aed673e195b2a53.js'
2026-7-7 16:56:54-debug: Invalidating 'pack:///chunks/4d/4d6662648c8c361d9de350d72c1ab0a8e7508014.js'
2026-7-7 16:56:54-debug: Invalidating 'pack:///chunks/90/901a8f42214a0198b9aca11ce347c093cca5e26c.js'
2026-7-7 16:56:54-debug: Invalidating 'pack:///chunks/3f/3fc33806253ded99e50ac9220c73832ef2904ca7.js'
2026-7-7 16:56:54-debug: Invalidating 'pack:///chunks/84/8436bf0d6f6a392b090fff8471ad48b32970414b.js'
2026-7-7 16:56:54-debug: Invalidating 'pack:///chunks/56/5601ae9cf318e5c14df7d30ca1cafe71734c982a.js'
2026-7-7 16:56:54-debug: Invalidating 'pack:///chunks/8b/8b1077471006cad018e02beccd0bed5dcc54c671.js'
2026-7-7 16:56:54-debug: Invalidating 'pack:///chunks/a1/a1d124b8795c6e55160d2ce5ecbd41437847152f.js'
2026-7-7 16:56:54-debug: Invalidating 'pack:///chunks/f2/f20c45b49501fbe07d44e99d95c2c506a06a0ecd.js'
2026-7-7 16:56:54-debug: Invalidating 'pack:///chunks/79/798785a3f67288cbb075d5efa15a2c266208a881.js'
2026-7-7 16:56:54-debug: Invalidating 'pack:///chunks/eb/eb316915c4446a477164305c14374917acb92a23.js'
2026-7-7 16:56:54-debug: Invalidating 'pack:///chunks/e9/e950dd2519065be1280daf69ce7f6b07e4d0caaa.js'
2026-7-7 16:56:54-debug: Invalidating 'pack:///chunks/f0/f04c2dd9d3cc608a6f46e13bb5d3c46aa5633baf.js'
2026-7-7 16:56:54-debug: Invalidating 'pack:///chunks/ed/edbdde40fab9baf06e704beb85e64d72f20aefb8.js'
2026-7-7 16:56:54-debug: Invalidating 'pack:///chunks/8a/8ae7d51cc818f718270f9e2ad9b78b6df4ffa62c.js'
2026-7-7 16:56:54-debug: Invalidating 'pack:///chunks/f5/f570589f727cbf96139a6869e201d7a87544da71.js'
2026-7-7 16:56:54-debug: Invalidating 'pack:///chunks/40/407fe08f85a1575a06beb3692d40cf36d9684f58.js'
2026-7-7 16:56:54-debug: Invalidating 'pack:///chunks/63/633ac4308370832c1c78b9f28702617696f6e9fb.js'
2026-7-7 16:56:54-debug: Invalidating 'pack:///chunks/f8/f8baeccf8cf047db05161c9b9e8b6b4ff9eefe2f.js'
2026-7-7 16:56:54-debug: Invalidating 'pack:///chunks/0f/0fd75e1d9556ba520ee98c89195f9d0594110ad2.js'
2026-7-7 16:56:54-debug: Invalidating 'pack:///chunks/5f/5fdfd08a9c16dc742e66ef16a5a8e13f5f831a3e.js'
2026-7-7 16:56:54-debug: Invalidating 'pack:///chunks/84/84bbaa7f2e1a0639f57f755b935e1acb7d73f78e.js'
2026-7-7 16:56:54-debug: Invalidating 'pack:///chunks/2e/2edb51f2f57b638345a2b9d561f476b67029b574.js'
2026-7-7 16:56:54-debug: Invalidating 'pack:///chunks/ec/ecb76259f390974cf14cad52564b11281c42a7e6.js'
2026-7-7 16:56:54-debug: Invalidating 'pack:///chunks/e5/e5fea8c54230bb378b45e63a8ea8186bdeccbbe2.js'
2026-7-7 16:56:54-debug: Invalidating 'pack:///chunks/4c/4c2851018e56f823e74c2b3e2117156bcb9e76d0.js'
2026-7-7 16:56:54-debug: Invalidating 'pack:///chunks/d5/d58c1ab1b696259af8c3b1384857266dba055462.js'
2026-7-7 16:56:54-debug: Invalidating 'pack:///chunks/38/38483f6f68b174c6aad120536d38c3642cb0e458.js'
2026-7-7 16:56:54-debug: Invalidating 'pack:///chunks/b6/b6919de7425c243c4e1697f376cb4f6f6b2769a4.js'
2026-7-7 16:56:54-debug: Invalidating 'pack:///chunks/f6/f6cf9b6088316a765dbcd0b22eb496d3f4be80dc.js'
2026-7-7 16:56:54-debug: Invalidating 'pack:///chunks/41/4103e3b8e8be7d1b0e7a8a67f28a2c29fe9aa2dc.js'
2026-7-7 16:56:54-debug: Invalidating 'pack:///chunks/b5/b5c69e24499acddd297e4328687b0ea934b109d5.js'
2026-7-7 16:56:54-debug: Invalidating 'pack:///chunks/7e/7e52be47c960966fc7d962b7957dbbce1047514e.js'
2026-7-7 16:56:54-debug: Invalidating 'pack:///chunks/0e/0ea1c77c59b038eb4661ef171f440cbc7cc134ca.js'
2026-7-7 16:56:54-debug: Invalidating 'pack:///chunks/80/80f420cd19a5967732f7f177a68c3670990311d3.js'
2026-7-7 16:56:54-debug: Invalidating 'pack:///chunks/3f/3ff8f1a74d7fbbd22ced04971b6ab15e04fd86a6.js'
2026-7-7 16:56:54-debug: Invalidating 'pack:///chunks/f4/f4bb2b73aacdc0370fc65face1ef60d9e8732bfd.js'
2026-7-7 16:56:54-debug: Invalidating 'pack:///chunks/29/296009d632e65e6f653d790324d741c2d9759f34.js'
2026-7-7 16:56:54-debug: Invalidating 'pack:///chunks/b1/b12e427b1fcb487f729ef654542d8e9775a297cb.js'
2026-7-7 16:56:54-debug: Invalidating 'pack:///chunks/80/803faff6203a98317cc86f08677de73b7112b743.js'
2026-7-7 16:56:54-debug: Invalidating 'pack:///chunks/d5/d5f6e07e1b02d743fed3d9c2c8e155b0c3309d52.js'
2026-7-7 16:56:54-debug: Invalidating 'pack:///chunks/23/2370bd6a63dbba247d7fcab21c5244288f150386.js'
2026-7-7 16:56:54-debug: Invalidating 'pack:///chunks/9e/9ec8816866d723aea0e61547ea23bf04cc3c7c78.js'
2026-7-7 16:56:54-debug: Invalidating 'pack:///chunks/02/021cbce763294c7c4adf05845718c817a68ff9f3.js'
2026-7-7 16:56:54-debug: Invalidating 'pack:///chunks/a7/a78b9d0a8af4315011c59f40b6c49da033e49269.js'
2026-7-7 16:56:54-debug: Invalidating 'pack:///chunks/43/4314f54defc530df4c3d4a14e3561038b8628ff3.js'
2026-7-7 16:56:54-debug: Invalidating 'pack:///chunks/b0/b0316da27abe29af9f8a517d28257bc913762f57.js'
2026-7-7 16:56:54-debug: Invalidating 'pack:///chunks/9b/9be30ad1a917cc0914201f1db5bdf1c5cb4d6e49.js'
2026-7-7 16:56:54-debug: Invalidating 'pack:///chunks/e1/e13771ea8032dbc1728530af431c57de3b1e5e24.js'
2026-7-7 16:56:54-debug: Invalidating 'pack:///chunks/6c/6c35293030e947e52f03ea585990d17f31ea7df0.js'
2026-7-7 16:56:54-debug: Invalidating 'pack:///chunks/bb/bb66609565f0d30fbedfe7ab7019decca8a2726b.js'
2026-7-7 16:56:54-debug: Invalidating 'pack:///chunks/ce/ced31965a759b2c1d777a8f0d98f8cd326020d87.js'
2026-7-7 16:56:54-debug: Invalidating 'pack:///chunks/4a/4a75ba705e89112b3bcc356e77985c7a095b80f4.js'
2026-7-7 16:56:54-debug: Invalidating 'pack:///chunks/9a/9a8786a747b555136cef77c9f5e7ad17e18a31eb.js'
2026-7-7 16:56:54-debug: Invalidating 'pack:///chunks/05/0510980ff6e9ad26ec622e2230780bc7f1d96f08.js'
2026-7-7 16:56:54-debug: Invalidating 'pack:///chunks/dc/dcc18999575bc7125a793680f1b595554e7f2cde.js'
2026-7-7 16:56:54-debug: Invalidating 'pack:///chunks/6e/6e4d3e245933373fd13279940a5d6dee30418f49.js'
2026-7-7 16:56:54-debug: Invalidating 'pack:///chunks/5b/5b626ae965dfc8bbf67ffe6dd329ea95c382afe6.js'
2026-7-7 16:56:54-debug: Invalidating 'pack:///chunks/05/05825d2a71d7765a90fbbdda8907aab57810f0a0.js'
2026-7-7 16:56:54-debug: Invalidating 'pack:///chunks/8a/8a4b23fc8904a55daa926fa9bf2d450c2c59d378.js'
2026-7-7 16:56:54-debug: Invalidating 'pack:///chunks/fa/fad9c36dab7fd23cbd0b1b9ebcbd02e6023aaadd.js'
2026-7-7 16:56:54-debug: Invalidating 'pack:///chunks/f0/f05038aedf4d7805ad91dbf59f1c87fe35c23bb5.js'
2026-7-7 16:56:54-debug: Invalidating 'pack:///chunks/11/1193ac27b94da532d27808ef712ed0fcd809d84d.js'
2026-7-7 16:56:54-debug: Invalidating 'pack:///chunks/01/011c6605e93c83936bcaadc521a3f2df21bdd87a.js'
2026-7-7 16:56:54-debug: Invalidating 'pack:///chunks/29/2933ae65951958109aeb70104e6287b8240a8e01.js'
2026-7-7 16:56:54-debug: Invalidating 'pack:///chunks/03/031aac2e2ea93f03b5422269c22800e822715034.js'
2026-7-7 16:56:54-debug: Invalidating 'pack:///chunks/dd/ddf9ec67bc21176ab14fd7bef2d6099af7cab4e3.js'
2026-7-7 16:56:54-debug: Invalidating 'pack:///chunks/cd/cd87286564d42a577ada1093f142b4db43415d61.js'
2026-7-7 16:56:54-debug: Invalidating 'pack:///chunks/12/120cba8f856407335ad8a04347cd4d36bf752a1e.js'
2026-7-7 16:56:54-debug: Invalidating 'pack:///chunks/7a/7a056ac353cd4f184635b76aa08c0d427085fda7.js'
2026-7-7 16:56:54-debug: Invalidating 'pack:///chunks/6b/6b5ef849a8a91f0cd956b88818795e47d9431e29.js'
2026-7-7 16:56:54-debug: Invalidating 'pack:///chunks/6b/6bf6369babd500e0802aeb38d4c346ae3462ef8b.js'
2026-7-7 16:56:54-debug: Invalidating 'pack:///chunks/7c/7cb3e78818d3ca7420c127c4f13ad5587e5cc5d3.js'
2026-7-7 16:56:54-debug: Invalidating 'pack:///chunks/2c/2c40d59e1ac0050bfd5e4aece9657278c88a4b47.js'
2026-7-7 16:56:54-debug: Invalidating 'pack:///chunks/aa/aa6223cf35796d09344450a14919ad24c61174bb.js'
2026-7-7 16:56:54-debug: Invalidating 'pack:///chunks/78/7875e58dc11de4424867c114cd71cf4d379fd7ce.js'
2026-7-7 16:56:54-debug: Invalidating 'pack:///chunks/e2/e2cd37831230a7474a5c89ec9f0764c2d6ce1581.js'
2026-7-7 16:56:54-debug: Invalidating 'pack:///chunks/fb/fb231b7b47c244832aa3ed0055e0ff4d6bda9530.js'
2026-7-7 16:56:54-debug: Invalidating 'pack:///chunks/1e/1e9839fb85f612fea3030115a5d65b742de2db50.js'
2026-7-7 16:56:54-debug: Invalidating 'pack:///chunks/c1/c14c87720f6e6e7b27f438925fae2cc2d4587268.js'
2026-7-7 16:56:54-debug: Invalidating 'pack:///chunks/7d/7d88e9fa4d49091167d5648112015c50cab8c311.js'
2026-7-7 16:56:54-debug: Invalidating 'pack:///chunks/d0/d08abfe279c9195afbafb261981128dda32fee17.js'
2026-7-7 16:56:54-debug: Invalidating 'pack:///chunks/e4/e49d377195f0f6ca8039098e5e76d909c726c89c.js'
2026-7-7 16:56:54-debug: Invalidating 'pack:///chunks/41/41b6ef284e15d0779c96601cab9a95a7c5e5919b.js'
2026-7-7 16:56:54-debug: Invalidating 'pack:///chunks/ac/ac0e66d1df96447f3ea6b579b5067cb87a880d84.js'
2026-7-7 16:56:54-debug: Invalidating 'pack:///chunks/1b/1b6bd2739873dc60bb0e67b18f2ae1f3b116fb07.js'
2026-7-7 16:56:54-debug: Invalidating 'pack:///chunks/5f/5fd5284b513982ea020d8e9513905cac6e75919a.js'
2026-7-7 16:56:54-debug: Invalidating 'pack:///chunks/99/9957d51b35d223fa476f8f6dcd2b5d011a93ab2f.js'
2026-7-7 16:56:54-debug: Invalidating 'pack:///chunks/c8/c8d2fc621a68aadf290b9938ae81f70dbefcc8d6.js'
2026-7-7 16:56:54-debug: Invalidating 'pack:///chunks/b8/b8ff2efe0a5ef0b3134c1c0a100a2fc7e48d38e3.js'
2026-7-7 16:56:54-debug: Invalidating 'pack:///chunks/d8/d87351923699bbc0b3bf2e76b9d6665983f7b324.js'
2026-7-7 16:56:54-debug: Invalidating 'pack:///chunks/84/848ca7bc3c110f0554094ecf01b3a37b01ea9dfd.js'
2026-7-7 16:56:54-debug: Invalidating 'pack:///chunks/7e/7ece20e41250ede0e4707962498ddfd8c4453b24.js'
2026-7-7 16:56:54-debug: Invalidating 'pack:///chunks/83/8354ac407215243163174d3e83d4cdab306051e3.js'
2026-7-7 16:56:54-debug: Invalidating 'pack:///chunks/c4/c409a49d391cd0107339e604abf784bacdef4b02.js'
2026-7-7 16:56:54-debug: Invalidating 'pack:///chunks/95/95d64f4c8aa166ee79b72d7add5021b420a7ce33.js'
2026-7-7 16:56:54-debug: Invalidating 'pack:///chunks/23/23f4bc413c460b50ee5cc83636bb099609a379fd.js'
2026-7-7 16:56:54-debug: Invalidating 'pack:///chunks/e9/e9668b02254f4db9826696b9dfb6914087bee6cc.js'
2026-7-7 16:56:54-debug: Invalidating 'pack:///chunks/4d/4d68417d37cd80fe73d65d56dfe11dd26e9ef91a.js'
2026-7-7 16:56:54-debug: [[Executor]] Module "pack:///chunks/93/93ba276ea7b26ffcdc433fab14afc1ed6f05647b.js" loaded.
2026-7-7 16:56:54-debug: Invalidating 'pack:///chunks/4a/4a434c55814df4d84e6cd9fee04d3f21bfa74070.js'
2026-7-7 16:56:54-debug: D:\工程项目\PlayableAD\Cocos\TheW\20260615_HYQ\HYQ_Project\temp\programming\packer-driver\targets\editor\chunks\6d\6d8fd2b0177941b032ddc0733af48a561fb60657.js resolved to D:\工程项目\PlayableAD\Cocos\TheW\20260615_HYQ\HYQ_Project\temp\programming\packer-driver\targets\editor\chunks\6d\6d8fd2b0177941b032ddc0733af48a561fb60657.js is not in module cache!
2026-7-7 16:56:54-debug: [[Executor]] Module "pack:///chunks/6d/6d8fd2b0177941b032ddc0733af48a561fb60657.js" loaded.
2026-7-7 16:56:54-debug: [[Executor]] Register BuiltinPipelineSettings
2026-7-7 16:56:54-debug: [[Executor]] Module "pack:///chunks/84/84fdd98491917343dab9e13fe8b5a70bd6a363c2.js" loaded.
2026-7-7 16:56:54-debug: [[Executor]] Module "pack:///chunks/6a/6a5019a719a9014c047e67aa1cf34453ab8392ce.js" loaded.
2026-7-7 16:56:54-debug: [[Executor]] Module "pack:///chunks/c9/c9d891290a54ec567f150962e76c6bf9cdf47b3b.js" loaded.
2026-7-7 16:56:54-debug: [[Executor]] Register BuiltinPipelinePassBuilder
2026-7-7 16:56:54-debug: [[Executor]] Module "pack:///chunks/d9/d980f46bad1521f99cf9b02f6f4709610973859b.js" loaded.
2026-7-7 16:56:54-debug: [[Executor]] Module "pack:///chunks/f2/f22794b1c95bc92b6e994a97e9b193af020adc12.js" loaded.
2026-7-7 16:56:54-debug: [[Executor]] Register BuiltinDepthOfFieldPass
2026-7-7 16:56:54-debug: [[Executor]] Module "pack:///chunks/e0/e099fc7c0597d98bad93ecd30952e1955267ade1.js" loaded.
2026-7-7 16:56:54-debug: [[Executor]] Register DebugViewRuntimeControl
2026-7-7 16:56:54-debug: [[Executor]] Module "pack:///chunks/04/04f62969dc20e2c08fceeca28e5f160f93c57d48.js" loaded.
2026-7-7 16:56:54-debug: [[Executor]] Module "pack:///chunks/e2/e2118395860d446afdd7349c12bbbbd5ff0a8915.js" loaded.
2026-7-7 16:56:54-debug: [[Executor]] Register Lightning
2026-7-7 16:56:54-debug: [[Executor]] Module "pack:///chunks/e9/e96bc804d4af33012a1ad5c19177a551c107f2ae.js" loaded.
2026-7-7 16:56:54-debug: [[Executor]] Module "pack:///chunks/4d/4d6662648c8c361d9de350d72c1ab0a8e7508014.js" loaded.
2026-7-7 16:56:54-debug: [[Executor]] Register LayerManager
2026-7-7 16:56:54-debug: [[Executor]] Module "pack:///chunks/31/31cebe8e0355019a96c8dc216aed673e195b2a53.js" loaded.
2026-7-7 16:56:54-debug: [[Executor]] Module "pack:///chunks/56/5601ae9cf318e5c14df7d30ca1cafe71734c982a.js" loaded.
2026-7-7 16:56:54-debug: [[Executor]] Register CameraMove
2026-7-7 16:56:54-debug: [[Executor]] Module "pack:///chunks/14/14cec8e3738599ab9965ee6a2127491eba1361af.js" loaded.
2026-7-7 16:56:54-debug: [[Executor]] Module "pack:///chunks/8a/8ae7d51cc818f718270f9e2ad9b78b6df4ffa62c.js" loaded.
2026-7-7 16:56:54-debug: [[Executor]] Register UnityUpComponent
2026-7-7 16:56:54-debug: [[Executor]] Module "pack:///chunks/79/798785a3f67288cbb075d5efa15a2c266208a881.js" loaded.
2026-7-7 16:56:54-debug: [[Executor]] Module "pack:///chunks/3f/3fc33806253ded99e50ac9220c73832ef2904ca7.js" loaded.
2026-7-7 16:56:54-debug: [[Executor]] Module "pack:///chunks/8b/8b1077471006cad018e02beccd0bed5dcc54c671.js" loaded.
2026-7-7 16:56:54-debug: [[Executor]] Module "pack:///chunks/84/8436bf0d6f6a392b090fff8471ad48b32970414b.js" loaded.
2026-7-7 16:56:54-debug: [[Executor]] Module "pack:///chunks/a1/a1d124b8795c6e55160d2ce5ecbd41437847152f.js" loaded.
2026-7-7 16:56:54-debug: [[Executor]] Register MoveDrive
2026-7-7 16:56:54-debug: [[Executor]] Module "pack:///chunks/f2/f20c45b49501fbe07d44e99d95c2c506a06a0ecd.js" loaded.
2026-7-7 16:56:54-debug: [[Executor]] Register RotationDrive
2026-7-7 16:56:54-debug: [[Executor]] Module "pack:///chunks/90/901a8f42214a0198b9aca11ce347c093cca5e26c.js" loaded.
2026-7-7 16:56:54-debug: [[Executor]] Register RotationVector
2026-7-7 16:56:54-debug: [[Executor]] Module "pack:///chunks/eb/eb316915c4446a477164305c14374917acb92a23.js" loaded.
2026-7-7 16:56:54-debug: [[Executor]] Register PrefabsRes
2026-7-7 16:56:54-debug: [[Executor]] Module "pack:///chunks/e9/e950dd2519065be1280daf69ce7f6b07e4d0caaa.js" loaded.
2026-7-7 16:56:54-debug: [[Executor]] Module "pack:///chunks/ed/edbdde40fab9baf06e704beb85e64d72f20aefb8.js" loaded.
2026-7-7 16:56:54-debug: [[Executor]] Register L18nManager
2026-7-7 16:56:54-debug: [[Executor]] Register PrefabsManager
2026-7-7 16:56:54-debug: [[Executor]] Register DownLoadL8
2026-7-7 16:56:54-debug: [[Executor]] Module "pack:///chunks/f0/f04c2dd9d3cc608a6f46e13bb5d3c46aa5633baf.js" loaded.
2026-7-7 16:56:54-debug: [[Executor]] Register LangArrAuto
2026-7-7 16:56:54-debug: [[Executor]] Module "pack:///chunks/f8/f8baeccf8cf047db05161c9b9e8b6b4ff9eefe2f.js" loaded.
2026-7-7 16:56:54-debug: [[Executor]] Register LangAuto
2026-7-7 16:56:54-debug: [[Executor]] Register DownLoadL8
2026-7-7 16:56:54-debug: [[Executor]] Module "pack:///chunks/63/633ac4308370832c1c78b9f28702617696f6e9fb.js" loaded.
2026-7-7 16:56:54-debug: [[Executor]] Module "pack:///chunks/f5/f570589f727cbf96139a6869e201d7a87544da71.js" loaded.
2026-7-7 16:56:54-debug: [[Executor]] Module "pack:///chunks/40/407fe08f85a1575a06beb3692d40cf36d9684f58.js" loaded.
2026-7-7 16:56:54-debug: [[Executor]] Register ResurrectionL8
2026-7-7 16:56:54-debug: [[Executor]] Module "pack:///chunks/0f/0fd75e1d9556ba520ee98c89195f9d0594110ad2.js" loaded.
2026-7-7 16:56:54-debug: [[Executor]] Module "pack:///chunks/4c/4c2851018e56f823e74c2b3e2117156bcb9e76d0.js" loaded.
2026-7-7 16:56:54-debug: [[Executor]] Register Prop
2026-7-7 16:56:54-debug: [[Executor]] Module "pack:///chunks/ec/ecb76259f390974cf14cad52564b11281c42a7e6.js" loaded.
2026-7-7 16:56:54-debug: [[Executor]] Module "pack:///chunks/f6/f6cf9b6088316a765dbcd0b22eb496d3f4be80dc.js" loaded.
2026-7-7 16:56:54-debug: [[Executor]] Module "pack:///chunks/38/38483f6f68b174c6aad120536d38c3642cb0e458.js" loaded.
2026-7-7 16:56:54-debug: [[Executor]] Module "pack:///chunks/e5/e5fea8c54230bb378b45e63a8ea8186bdeccbbe2.js" loaded.
2026-7-7 16:56:54-debug: [[Executor]] Module "pack:///chunks/d5/d58c1ab1b696259af8c3b1384857266dba055462.js" loaded.
2026-7-7 16:56:54-debug: [[Executor]] Module "pack:///chunks/41/4103e3b8e8be7d1b0e7a8a67f28a2c29fe9aa2dc.js" loaded.
2026-7-7 16:56:54-debug: [[Executor]] Register JumpDriveEngine
2026-7-7 16:56:54-debug: [[Executor]] Module "pack:///chunks/b6/b6919de7425c243c4e1697f376cb4f6f6b2769a4.js" loaded.
2026-7-7 16:56:54-debug: [[Executor]] Register BagBase
2026-7-7 16:56:54-debug: [[Executor]] Module "pack:///chunks/2e/2edb51f2f57b638345a2b9d561f476b67029b574.js" loaded.
2026-7-7 16:56:54-debug: [[Executor]] Module "pack:///chunks/5f/5fdfd08a9c16dc742e66ef16a5a8e13f5f831a3e.js" loaded.
2026-7-7 16:56:54-debug: [[Executor]] Module "pack:///chunks/80/80f420cd19a5967732f7f177a68c3670990311d3.js" loaded.
2026-7-7 16:56:54-debug: [[Executor]] Register FlayPropManager
2026-7-7 16:56:54-debug: [[Executor]] Module "pack:///chunks/84/84bbaa7f2e1a0639f57f755b935e1acb7d73f78e.js" loaded.
2026-7-7 16:56:54-debug: [[Executor]] Module "pack:///chunks/b5/b5c69e24499acddd297e4328687b0ea934b109d5.js" loaded.
2026-7-7 16:56:54-debug: [[Executor]] Module "pack:///chunks/7e/7e52be47c960966fc7d962b7957dbbce1047514e.js" loaded.
2026-7-7 16:56:54-debug: [[Executor]] Register GroupPropTransform
2026-7-7 16:56:54-debug: [[Executor]] Module "pack:///chunks/f4/f4bb2b73aacdc0370fc65face1ef60d9e8732bfd.js" loaded.
2026-7-7 16:56:54-debug: [[Executor]] Register LabBagUp
2026-7-7 16:56:54-debug: [[Executor]] Module "pack:///chunks/0e/0ea1c77c59b038eb4661ef171f440cbc7cc134ca.js" loaded.
2026-7-7 16:56:54-debug: [[Executor]] Register GroupBag3D
2026-7-7 16:56:54-debug: [[Executor]] Module "pack:///chunks/80/803faff6203a98317cc86f08677de73b7112b743.js" loaded.
2026-7-7 16:56:54-debug: [[Executor]] Register AttackTargetBase
2026-7-7 16:56:54-debug: [[Executor]] Module "pack:///chunks/b1/b12e427b1fcb487f729ef654542d8e9775a297cb.js" loaded.
2026-7-7 16:56:54-debug: [[Executor]] Register AreaAttack
2026-7-7 16:56:54-debug: [[Executor]] Module "pack:///chunks/3f/3ff8f1a74d7fbbd22ced04971b6ab15e04fd86a6.js" loaded.
2026-7-7 16:56:54-debug: [[Executor]] Register MeleeAttack
2026-7-7 16:56:54-debug: [[Executor]] Register CollectGetTarget
2026-7-7 16:56:54-debug: [[Executor]] Module "pack:///chunks/29/296009d632e65e6f653d790324d741c2d9759f34.js" loaded.
2026-7-7 16:56:54-debug: [[Executor]] Module "pack:///chunks/d5/d5f6e07e1b02d743fed3d9c2c8e155b0c3309d52.js" loaded.
2026-7-7 16:56:54-debug: [[Executor]] Module "pack:///chunks/9e/9ec8816866d723aea0e61547ea23bf04cc3c7c78.js" loaded.
2026-7-7 16:56:54-debug: [[Executor]] Module "pack:///chunks/23/2370bd6a63dbba247d7fcab21c5244288f150386.js" loaded.
2026-7-7 16:56:54-debug: [[Executor]] Register MeshFlashSwitchData
2026-7-7 16:56:54-debug: [[Executor]] Register HpComponent
2026-7-7 16:56:54-debug: [[Executor]] Register MeshFlashPropData
2026-7-7 16:56:54-debug: [[Executor]] Register MeshFlashData
2026-7-7 16:56:54-debug: [[Executor]] Module "pack:///chunks/02/021cbce763294c7c4adf05845718c817a68ff9f3.js" loaded.
2026-7-7 16:56:54-debug: [[Executor]] Module "pack:///chunks/dc/dcc18999575bc7125a793680f1b595554e7f2cde.js" loaded.
2026-7-7 16:56:54-debug: [[Executor]] Register BattleTargetBase
2026-7-7 16:56:54-debug: [[Executor]] Register EffectTimePartRemove
2026-7-7 16:56:54-debug: [[Executor]] Module "pack:///chunks/ce/ced31965a759b2c1d777a8f0d98f8cd326020d87.js" loaded.
2026-7-7 16:56:54-debug: [[Executor]] Register EffectRemoveBase
2026-7-7 16:56:54-debug: [[Executor]] Module "pack:///chunks/b0/b0316da27abe29af9f8a517d28257bc913762f57.js" loaded.
2026-7-7 16:56:54-debug: [[Executor]] Register ColliderTag
2026-7-7 16:56:54-debug: [[Executor]] Module "pack:///chunks/4a/4a75ba705e89112b3bcc356e77985c7a095b80f4.js" loaded.
2026-7-7 16:56:54-debug: [[Executor]] Module "pack:///chunks/e1/e13771ea8032dbc1728530af431c57de3b1e5e24.js" loaded.
2026-7-7 16:56:54-debug: [[Executor]] Register EffectManager
2026-7-7 16:56:54-debug: [[Executor]] Register BulletMonsterCollisionManager
2026-7-7 16:56:54-debug: [[Executor]] Register BattleTarget3D
2026-7-7 16:56:54-debug: [[Executor]] Module "pack:///chunks/9a/9a8786a747b555136cef77c9f5e7ad17e18a31eb.js" loaded.
2026-7-7 16:56:54-debug: [[Executor]] Register BulletBattle3D
2026-7-7 16:56:54-debug: [[Executor]] Register BulletCollideBase2D
2026-7-7 16:56:54-debug: [[Executor]] Module "pack:///chunks/bb/bb66609565f0d30fbedfe7ab7019decca8a2726b.js" loaded.
2026-7-7 16:56:54-debug: [[Executor]] Register BulletBattle2D
2026-7-7 16:56:54-debug: [[Executor]] Module "pack:///chunks/6c/6c35293030e947e52f03ea585990d17f31ea7df0.js" loaded.
2026-7-7 16:56:54-debug: [[Executor]] Module "pack:///chunks/43/4314f54defc530df4c3d4a14e3561038b8628ff3.js" loaded.
2026-7-7 16:56:54-debug: [[Executor]] Register RangedAttack
2026-7-7 16:56:54-debug: [[Executor]] Module "pack:///chunks/9b/9be30ad1a917cc0914201f1db5bdf1c5cb4d6e49.js" loaded.
2026-7-7 16:56:54-debug: [[Executor]] Module "pack:///chunks/8a/8a4b23fc8904a55daa926fa9bf2d450c2c59d378.js" loaded.
2026-7-7 16:56:54-debug: [[Executor]] Register TriggerBase2D
2026-7-7 16:56:54-debug: [[Executor]] Register BattleTarget2D
2026-7-7 16:56:54-debug: [[Executor]] Module "pack:///chunks/a7/a78b9d0a8af4315011c59f40b6c49da033e49269.js" loaded.
2026-7-7 16:56:54-debug: [[Executor]] Module "pack:///chunks/05/0510980ff6e9ad26ec622e2230780bc7f1d96f08.js" loaded.
2026-7-7 16:56:54-debug: [[Executor]] Register CollectBattleTarger2D
2026-7-7 16:56:54-debug: [[Executor]] Module "pack:///chunks/5b/5b626ae965dfc8bbf67ffe6dd329ea95c382afe6.js" loaded.
2026-7-7 16:56:54-debug: [[Executor]] Register BulletBatchRenderer
2026-7-7 16:56:54-debug: [[Executor]] Module "pack:///chunks/f0/f05038aedf4d7805ad91dbf59f1c87fe35c23bb5.js" loaded.
2026-7-7 16:56:54-debug: [[Executor]] Register AttackParkPlay
2026-7-7 16:56:54-debug: [[Executor]] Register RangeTowerAttack
2026-7-7 16:56:54-debug: [[Executor]] Module "pack:///chunks/6e/6e4d3e245933373fd13279940a5d6dee30418f49.js" loaded.
2026-7-7 16:56:54-debug: [[Executor]] Module "pack:///chunks/fa/fad9c36dab7fd23cbd0b1b9ebcbd02e6023aaadd.js" loaded.
2026-7-7 16:56:54-debug: [[Executor]] Module "pack:///chunks/05/05825d2a71d7765a90fbbdda8907aab57810f0a0.js" loaded.
2026-7-7 16:56:54-debug: [[Executor]] Register RangedAttack_Circle
2026-7-7 16:56:54-debug: [[Executor]] Module "pack:///chunks/01/011c6605e93c83936bcaadc521a3f2df21bdd87a.js" loaded.
2026-7-7 16:56:54-debug: [[Executor]] Module "pack:///chunks/7a/7a056ac353cd4f184635b76aa08c0d427085fda7.js" loaded.
2026-7-7 16:56:54-debug: [[Executor]] Register TriggerBase3D
2026-7-7 16:56:54-debug: [[Executor]] Register RangedAttack_Shrapnel
2026-7-7 16:56:54-debug: [[Executor]] Register CollectBattleTarger3D
2026-7-7 16:56:54-debug: [[Executor]] Module "pack:///chunks/03/031aac2e2ea93f03b5422269c22800e822715034.js" loaded.
2026-7-7 16:56:54-debug: [[Executor]] Register EffectTimeRemove
2026-7-7 16:56:54-debug: [[Executor]] Register BulletCollideBase3D
2026-7-7 16:56:54-debug: [[Executor]] Module "pack:///chunks/11/1193ac27b94da532d27808ef712ed0fcd809d84d.js" loaded.
2026-7-7 16:56:54-debug: [[Executor]] Module "pack:///chunks/cd/cd87286564d42a577ada1093f142b4db43415d61.js" loaded.
2026-7-7 16:56:54-debug: [[Executor]] Module "pack:///chunks/29/2933ae65951958109aeb70104e6287b8240a8e01.js" loaded.
2026-7-7 16:56:54-debug: [[Executor]] Register GuideLine
2026-7-7 16:56:54-debug: D:\工程项目\PlayableAD\Cocos\TheW\20260615_HYQ\HYQ_Project\temp\programming\packer-driver\targets\editor\chunks\fb\fb231b7b47c244832aa3ed0055e0ff4d6bda9530.js resolved to D:\工程项目\PlayableAD\Cocos\TheW\20260615_HYQ\HYQ_Project\temp\programming\packer-driver\targets\editor\chunks\fb\fb231b7b47c244832aa3ed0055e0ff4d6bda9530.js is not in module cache!
2026-7-7 16:56:54-debug: [[Executor]] Register FbxManager
2026-7-7 16:56:54-debug: [[Executor]] Module "pack:///chunks/6b/6b5ef849a8a91f0cd956b88818795e47d9431e29.js" loaded.
2026-7-7 16:56:54-debug: [[Executor]] Module "pack:///chunks/78/7875e58dc11de4424867c114cd71cf4d379fd7ce.js" loaded.
2026-7-7 16:56:54-debug: [[Executor]] Module "pack:///chunks/fb/fb231b7b47c244832aa3ed0055e0ff4d6bda9530.js" loaded.
2026-7-7 16:56:54-debug: [[Executor]] Module "pack:///chunks/1e/1e9839fb85f612fea3030115a5d65b742de2db50.js" loaded.
2026-7-7 16:56:54-debug: [[Executor]] Register GameOverPanel
2026-7-7 16:56:54-debug: [[Executor]] Module "pack:///chunks/6b/6bf6369babd500e0802aeb38d4c346ae3462ef8b.js" loaded.
2026-7-7 16:56:54-debug: [[Executor]] Register WeaponBulletConfig
2026-7-7 16:56:54-debug: [[Executor]] Module "pack:///chunks/12/120cba8f856407335ad8a04347cd4d36bf752a1e.js" loaded.
2026-7-7 16:56:54-debug: [[Executor]] Register Role
2026-7-7 16:56:54-debug: [[Executor]] Register Player
2026-7-7 16:56:54-debug: [[Executor]] Register MonsterBattleTaerget
2026-7-7 16:56:54-debug: [[Executor]] Module "pack:///chunks/2c/2c40d59e1ac0050bfd5e4aece9657278c88a4b47.js" loaded.
2026-7-7 16:56:54-debug: [[Executor]] Register PropArms
2026-7-7 16:56:54-debug: [[Executor]] Module "pack:///chunks/aa/aa6223cf35796d09344450a14919ad24c61174bb.js" loaded.
2026-7-7 16:56:54-debug: [[Executor]] Module "pack:///chunks/ac/ac0e66d1df96447f3ea6b579b5067cb87a880d84.js" loaded.
2026-7-7 16:56:54-debug: [[Executor]] Register LalianHitStageConfig
2026-7-7 16:56:54-debug: [[Executor]] Register PropLalianGate
2026-7-7 16:56:54-debug: [[Executor]] Module "pack:///chunks/c1/c14c87720f6e6e7b27f438925fae2cc2d4587268.js" loaded.
2026-7-7 16:56:54-debug: [[Executor]] Register ArmsInfo
2026-7-7 16:56:54-debug: [[Executor]] Register PropBrand
2026-7-7 16:56:54-debug: [[Executor]] Module "pack:///chunks/e2/e2cd37831230a7474a5c89ec9f0764c2d6ce1581.js" loaded.
2026-7-7 16:56:54-debug: [[Executor]] Register MonsterCreateInfo
2026-7-7 16:56:54-debug: [[Executor]] Register MonsterCreateQueue
2026-7-7 16:56:54-debug: [[Executor]] Module "pack:///chunks/7c/7cb3e78818d3ca7420c127c4f13ad5587e5cc5d3.js" loaded.
2026-7-7 16:56:54-debug: [[Executor]] Register GuideManager
2026-7-7 16:56:54-debug: [[Executor]] Register MonsterCreate
2026-7-7 16:56:54-debug: [[Executor]] Register CreatePropBrand
2026-7-7 16:56:54-debug: [[Executor]] Module "pack:///chunks/dd/ddf9ec67bc21176ab14fd7bef2d6099af7cab4e3.js" loaded.
2026-7-7 16:56:54-debug: [[Executor]] Register PropTireGate
2026-7-7 16:56:54-debug: [[Executor]] Module "pack:///chunks/7d/7d88e9fa4d49091167d5648112015c50cab8c311.js" loaded.
2026-7-7 16:56:54-debug: [[Executor]] Register RockerUI
2026-7-7 16:56:54-debug: [[Executor]] Register ArmsUp
2026-7-7 16:56:54-debug: [[Executor]] Module "pack:///chunks/d0/d08abfe279c9195afbafb261981128dda32fee17.js" loaded.
2026-7-7 16:56:54-debug: [[Executor]] Module "pack:///chunks/c8/c8d2fc621a68aadf290b9938ae81f70dbefcc8d6.js" loaded.
2026-7-7 16:56:54-debug: [[Executor]] Module "pack:///chunks/e4/e49d377195f0f6ca8039098e5e76d909c726c89c.js" loaded.
2026-7-7 16:56:54-debug: [[Executor]] Module "pack:///chunks/c4/c409a49d391cd0107339e604abf784bacdef4b02.js" loaded.
2026-7-7 16:56:54-debug: [[Executor]] Register ShoppIngEvent
2026-7-7 16:56:54-debug: [[Executor]] Register RockerMouseEvent
2026-7-7 16:56:54-debug: [[Executor]] Module "pack:///chunks/5f/5fd5284b513982ea020d8e9513905cac6e75919a.js" loaded.
2026-7-7 16:56:54-debug: [[Executor]] Register BuyWayBase
2026-7-7 16:56:54-debug: [[Executor]] Module "pack:///chunks/1b/1b6bd2739873dc60bb0e67b18f2ae1f3b116fb07.js" loaded.
2026-7-7 16:56:54-debug: [[Executor]] Module "pack:///chunks/41/41b6ef284e15d0779c96601cab9a95a7c5e5919b.js" loaded.
2026-7-7 16:56:54-debug: [[Executor]] Register BuyWay2D
2026-7-7 16:56:54-debug: [[Executor]] Module "pack:///chunks/99/9957d51b35d223fa476f8f6dcd2b5d011a93ab2f.js" loaded.
2026-7-7 16:56:54-debug: [[Executor]] Register ShoppingItem
2026-7-7 16:56:54-debug: [[Executor]] Register Shopping
2026-7-7 16:56:54-debug: [[Executor]] Register Shopping_Super
2026-7-7 16:56:54-debug: [[Executor]] Module "pack:///chunks/d8/d87351923699bbc0b3bf2e76b9d6665983f7b324.js" loaded.
2026-7-7 16:56:54-debug: [[Executor]] Register FrameAnimManager
2026-7-7 16:56:54-debug: [[Executor]] Module "pack:///chunks/b8/b8ff2efe0a5ef0b3134c1c0a100a2fc7e48d38e3.js" loaded.
2026-7-7 16:56:54-debug: [[Executor]] Module "pack:///chunks/83/8354ac407215243163174d3e83d4cdab306051e3.js" loaded.
2026-7-7 16:56:54-debug: [[Executor]] Register FrameManager
2026-7-7 16:56:54-debug: [[Executor]] Register UIButtonEvent
2026-7-7 16:56:54-debug: [[Executor]] Module "pack:///chunks/84/848ca7bc3c110f0554094ecf01b3a37b01ea9dfd.js" loaded.
2026-7-7 16:56:54-debug: [[Executor]] Register BuyWay3D
2026-7-7 16:56:54-debug: D:\工程项目\PlayableAD\Cocos\TheW\20260615_HYQ\HYQ_Project\temp\programming\packer-driver\targets\editor\chunks\7e\7ece20e41250ede0e4707962498ddfd8c4453b24.js resolved to D:\工程项目\PlayableAD\Cocos\TheW\20260615_HYQ\HYQ_Project\temp\programming\packer-driver\targets\editor\chunks\7e\7ece20e41250ede0e4707962498ddfd8c4453b24.js is not in module cache!
2026-7-7 16:56:54-debug: [[Executor]] Module "pack:///chunks/95/95d64f4c8aa166ee79b72d7add5021b420a7ce33.js" loaded.
2026-7-7 16:56:54-debug: [[Executor]] Register StutterCheck
2026-7-7 16:56:54-debug: [[Executor]] Module "pack:///chunks/23/23f4bc413c460b50ee5cc83636bb099609a379fd.js" loaded.
2026-7-7 16:56:54-debug: [[Executor]] Module "pack:///chunks/7e/7ece20e41250ede0e4707962498ddfd8c4453b24.js" loaded.
2026-7-7 16:56:54-debug: [[Executor]] Module "pack:///chunks/4a/4a434c55814df4d84e6cd9fee04d3f21bfa74070.js" loaded.
2026-7-7 16:56:54-debug: [[Executor]] Module "pack:///chunks/4d/4d68417d37cd80fe73d65d56dfe11dd26e9ef91a.js" loaded.
2026-7-7 16:56:54-debug: [[Executor]] Module "pack:///chunks/6d/6d8fd2b0177941b032ddc0733af48a561fb60657.js" loaded.
2026-7-7 16:56:54-debug: [[Executor]] Module "pack:///chunks/e9/e9668b02254f4db9826696b9dfb6914087bee6cc.js" loaded.
2026-7-7 16:56:54-debug: [[Executor]] after unlock
2026-7-7 16:56:54-debug: Incremental keys: 
2026-7-7 16:56:54-debug: Init bundle share assets start..., progress: 9%
2026-7-7 16:56:54-debug: Init bundle share assets start..., progress: 13%
2026-7-7 16:56:54-warn: The Mesh used by component "cc.MeshRenderer" in prefab "Role_1" is missing. Detailed information:Node path: "Role_1/New Node/Bip001 Prop1 Socket/jiateling01"Asset url: "db://assets/GameRes/Prefab/Role_1"Missing uuid: "03189dd5-73dd-4e52-8644-1ff1a122b972@18a45"
2026-7-7 16:56:54-warn: The Mesh used by component "cc.MeshRenderer" in prefab "Role_2" is missing. Detailed information:Node path: "Role_2/New Node/Bip001 Prop1 Socket/jiateling01"Asset url: "db://assets/GameRes/Prefab/Role_2"Missing uuid: "03189dd5-73dd-4e52-8644-1ff1a122b972@18a45"
2026-7-7 16:56:54-warn: The Mesh used by component "cc.MeshRenderer" in prefab "Role_2" is missing. Detailed information:Node path: "Role_2/New Node/Bip001 Prop1 Socket/jiateling01"Asset url: "db://assets/GameRes/Prefab/Role_2"Missing uuid: "03189dd5-73dd-4e52-8644-1ff1a122b972@18a45"
2026-7-7 16:56:54-debug: Init bundle share assets success..., progress: 9%
2026-7-7 16:56:54-debug: Init bundle share assets success..., progress: 13%
2026-7-7 16:56:54-debug: handle json group in bundle internal
2026-7-7 16:56:54-debug: handle json group in bundle internal success
2026-7-7 16:56:54-debug: init image compress task 0 in bundle internal
2026-7-7 16:56:54-debug: handle json group in bundle resources
2026-7-7 16:56:54-debug: handle json group in bundle resources success
2026-7-7 16:56:54-debug: [json-group] check self or raw asset, skip. 799add5f-4370-4ee6-b0a4-aca1ebcd06a3 depended by 799add5f-4370-4ee6-b0a4-aca1ebcd06a3 has checked in raw asset 799add5f-4370-4ee6-b0a4-aca1ebcd06a3/bundle(main)}
2026-7-7 16:56:54-debug: init image compress task 0 in bundle resources
2026-7-7 16:56:54-debug: [json-group] check self or raw asset, skip. f96153eb-6f89-4aad-b84b-808954761c02 depended by f96153eb-6f89-4aad-b84b-808954761c02 has checked in raw asset b5805d3a-3b80-4a12-adf5-588e63a7d886/bundle(main)}
2026-7-7 16:56:54-debug: [json-group] check self or raw asset, skip. f96153eb-6f89-4aad-b84b-808954761c02 depended by f96153eb-6f89-4aad-b84b-808954761c02 has checked in raw asset f96153eb-6f89-4aad-b84b-808954761c02/bundle(main)}
2026-7-7 16:56:54-debug: handle json group in bundle main
2026-7-7 16:56:54-debug: handle json group in bundle main success
2026-7-7 16:56:54-debug: [json-group] check self or raw asset, skip. 799add5f-4370-4ee6-b0a4-aca1ebcd06a3 depended by 799add5f-4370-4ee6-b0a4-aca1ebcd06a3 has checked in raw asset b5805d3a-3b80-4a12-adf5-588e63a7d886/bundle(main)}
2026-7-7 16:56:54-debug: init image compress task 0 in bundle main
2026-7-7 16:56:54-debug: // ---- build task 查询 Asset Bundle ---- (459ms)
2026-7-7 16:56:54-log: run build task 查询 Asset Bundle success in 459 ms√, progress: 14%
2026-7-7 16:56:54-debug: // ---- build task 查询 Asset Bundle ----
2026-7-7 16:56:54-debug: [Build Memory track]: 查询 Asset Bundle start:295.44MB, end 282.08MB, increase: -13683.94KB
2026-7-7 16:56:54-debug: 查询 Asset Bundle start, progress: 14%
2026-7-7 16:56:54-debug: // ---- build task 查询 Asset Bundle ---- (41ms)
2026-7-7 16:56:54-log: run build task 查询 Asset Bundle success in 41 ms√, progress: 19%
2026-7-7 16:56:54-debug: [Build Memory track]: 查询 Asset Bundle start:282.11MB, end 282.39MB, increase: 283.20KB
2026-7-7 16:56:54-debug: 打包脚本 start, progress: 19%
2026-7-7 16:56:54-debug: // ---- build task 打包脚本 ----
2026-7-7 16:56:55-log: [buildPolyfillsCommand]enter sub process 16188, 9229, see: chrome://inspect/#devices
2026-7-7 16:56:59-debug: execute-script-end with buildPolyfillsCommand 4929ms
2026-7-7 16:56:59-debug: Generate systemJs..., progress: 19%
2026-7-7 16:57:03-debug: execute-script-end with buildSystemJsCommand 3709ms
2026-7-7 16:57:03-debug: 构建项目脚本 start..., progress: 19%
2026-7-7 16:57:03-debug: 构建项目脚本 start..., progress: 13%
2026-7-7 16:57:08-warn: [buildScriptCommand][[Build.Script.Rollup]] Circular dependency: file:///D:/%E5%B7%A5%E7%A8%8B%E9%A1%B9%E7%9B%AE/PlayableAD/Cocos/TheW/20260615_HYQ/HYQ_Project/assets/Script/functionS/Jump/JumpManager.ts -> file:///D:/%E5%B7%A5%E7%A8%8B%E9%A1%B9%E7%9B%AE/PlayableAD/Cocos/TheW/20260615_HYQ/HYQ_Project/assets/Script/functionS/Jump/JumpDriveEngine.ts -> file:///D:/%E5%B7%A5%E7%A8%8B%E9%A1%B9%E7%9B%AE/PlayableAD/Cocos/TheW/20260615_HYQ/HYQ_Project/assets/Script/functionS/Jump/JumpManager.ts[warning][[Build.Script.Rollup]] Circular dependency: file:///D:/%E5%B7%A5%E7%A8%8B%E9%A1%B9%E7%9B%AE/PlayableAD/Cocos/TheW/20260615_HYQ/HYQ_Project/assets/Script/functionS/Monster/MonsterCreate.ts -> file:///D:/%E5%B7%A5%E7%A8%8B%E9%A1%B9%E7%9B%AE/PlayableAD/Cocos/TheW/20260615_HYQ/HYQ_Project/assets/Script/functionS/Other/PropArms.ts -> file:///D:/%E5%B7%A5%E7%A8%8B%E9%A1%B9%E7%9B%AE/PlayableAD/Cocos/TheW/20260615_HYQ/HYQ_Project/assets/Script/functionS/Monster/MonsterCreate.ts
2026-7-7 16:57:08-warn: [buildScriptCommand][[Build.Script.Rollup]] Circular dependency: file:///D:/%E5%B7%A5%E7%A8%8B%E9%A1%B9%E7%9B%AE/PlayableAD/Cocos/TheW/20260615_HYQ/HYQ_Project/extensions/super-packager/package_assets/JiangYv/PBASDK-v3/PrintComponent.ts -> file:///D:/%E5%B7%A5%E7%A8%8B%E9%A1%B9%E7%9B%AE/PlayableAD/Cocos/TheW/20260615_HYQ/HYQ_Project/extensions/super-packager/package_assets/JiangYv/PBASDK-v3/StutterCheck.ts -> file:///D:/%E5%B7%A5%E7%A8%8B%E9%A1%B9%E7%9B%AE/PlayableAD/Cocos/TheW/20260615_HYQ/HYQ_Project/extensions/super-packager/package_assets/JiangYv/PBASDK-v3/PrintComponent.ts
2026-7-7 16:57:13-log: [buildScriptCommand]Number of non-entry chunks: 3
2026-7-7 16:57:13-debug: execute-script-end with buildScriptCommand 10247ms
2026-7-7 16:57:13-debug: 构建项目脚本 in (10302 ms) √, progress: 19%
2026-7-7 16:57:13-debug: 构建项目脚本 in (10302 ms) √, progress: 13%
2026-7-7 16:57:13-debug: 构建引擎脚本 start..., progress: 19%
2026-7-7 16:57:13-debug: Copy externalScripts success!
2026-7-7 16:57:13-debug: mangleProperties is enabled, found engine-mangle-config.json, use it
2026-7-7 16:57:13-debug: Error: Exit process with code:null, signal:SIGTERM in task build-script    at ChildProcess.<anonymous> (C:\ProgramData\cocos\editors\Creator\3.8.7\resources\app.asar\builtin\builder\dist\worker\worker-pools\sub-process-manager.ccc:1:2409)    at ChildProcess.emit (node:events:519:28)    at Process.ChildProcess._handle.onexit (node:internal/child_process:294:12)
2026-7-7 16:57:13-debug: Use cache engine: {link(C:\Users\Admin\AppData\Local\Temp\CocosCreator\3.8.7\builder\engine\a154ee511c93165416d720dbd46d8d34)}
2026-7-7 16:57:13-debug: Use cache, md5String: debug=false,sourceMaps=false,includeModules=["2d","3d","animation","audio","base","custom-pipeline","gfx-webgl","gfx-webgl2","graphics","particle","physics-2d-box2d","physics-ammo","primitive","profiler","skeletal-animation","tween","ui","custom-pipeline-builtin-scripts"],engineVersion="3.8.7",platformType="HTML5",split=false,nativeCodeBundleMode="asmjs",targets=undefined,entry="C:\\ProgramData\\cocos\\editors\\Creator\\3.8.7\\resources\\resources\\3d\\engine",noDeprecatedFeatures=undefined,loose=true,assetURLFormat="runtime-resolved",flags={"DEBUG":false,"LOAD_BULLET_MANUALLY":false,"LOAD_SPINE_MANUALLY":false,"WEBGPU":false},preserveType=undefined,wasmCompressionMode=false,enableNamedRegisterForSystemJSModuleFormat=undefined,mangleProperties=false,inlineEnum=true,
2026-7-7 16:57:13-debug: Use cache, options: {  "entry": "C:\\ProgramData\\cocos\\editors\\Creator\\3.8.7\\resources\\resources\\3d\\engine",  "debug": false,  "mangleProperties": false,  "inlineEnum": true,  "sourceMaps": false,  "includeModules": [    "2d",    "3d",    "animation",    "audio",    "base",    "custom-pipeline",    "gfx-webgl",    "gfx-webgl2",    "graphics",    "particle",    "physics-2d-box2d",    "physics-ammo",    "primitive",    "profiler",    "skeletal-animation",    "tween",    "ui",    "custom-pipeline-builtin-scripts"  ],  "engineVersion": "3.8.7",  "md5Map": [],  "engineName": "cocos-js",  "output": "D:\\工程项目\\PlayableAD\\Cocos\\TheW\\20260615_HYQ\\HYQ_Project\\build\\web-mobile\\cocos-js",  "platformType": "HTML5",  "useCache": true,  "nativeCodeBundleMode": "asmjs",  "wasmCompressionMode": false,  "split": false,  "assetURLFormat": "runtime-resolved",  "flags": {    "DEBUG": false,    "LOAD_BULLET_MANUALLY": false,    "LOAD_SPINE_MANUALLY": false,    "WEBGPU": false  }}
2026-7-7 16:57:13-debug: 构建引擎脚本 in (149 ms) √, progress: 19%
2026-7-7 16:57:13-debug: Copy plugin script ..., progress: 19%
2026-7-7 16:57:13-debug: Generate import-map..., progress: 19%
2026-7-7 16:57:13-log: run build task 打包脚本 success in 19 s√, progress: 24%
2026-7-7 16:57:13-debug: [Build Memory track]: 打包脚本 start:282.55MB, end 280.53MB, increase: -2069.71KB
2026-7-7 16:57:13-debug: // ---- build task Build Assets ----
2026-7-7 16:57:13-debug: Build Assets start, progress: 24%
2026-7-7 16:57:13-debug: Build bundles..., progress: 24%
2026-7-7 16:57:13-debug: Pack Images start, progress: 13%
2026-7-7 16:57:13-debug: Number of pac assets: 3
2026-7-7 16:57:13-debug: // ---- build task 打包脚本 ---- (19185ms)
2026-7-7 16:57:13-debug: Pack Images start, progress: 24%
2026-7-7 16:57:13-debug: Get Cache info of pac success {asset(17513a27-4f11-4047-a0be-8d0cb6187b9e)}
2026-7-7 16:57:13-debug: Get Cache info of pac success {asset(b74fc0c2-4c67-4dd4-8d74-9612ad56cfb1)}
2026-7-7 16:57:13-debug: Number of pack results: 2
2026-7-7 16:57:13-debug: start collect depend assets in pac17513a27-4f11-4047-a0be-8d0cb6187b9e
2026-7-7 16:57:13-debug: start collect depend assets in pacb74fc0c2-4c67-4dd4-8d74-9612ad56cfb1
2026-7-7 16:57:13-debug: start sort bundle in pacb74fc0c2-4c67-4dd4-8d74-9612ad56cfb1
2026-7-7 16:57:13-debug: end sort bundle in pacb74fc0c2-4c67-4dd4-8d74-9612ad56cfb1
2026-7-7 16:57:13-debug: start sort bundle in pac17513a27-4f11-4047-a0be-8d0cb6187b9e
2026-7-7 16:57:13-debug: end sort bundle in pac17513a27-4f11-4047-a0be-8d0cb6187b9e
2026-7-7 16:57:13-debug: builder:pack-auto-atlas-image (203ms)
2026-7-7 16:57:13-debug: Compress image start..., progress: 24%
2026-7-7 16:57:13-debug: Compress image start..., progress: 13%
2026-7-7 16:57:13-debug: Pack Images success, progress: 24%
2026-7-7 16:57:13-debug: Num of all image compress task 0, really: 0, configTasks: 0
2026-7-7 16:57:13-debug: Pack Images success, progress: 13%
2026-7-7 16:57:13-debug: Compress image success..., progress: 24%
2026-7-7 16:57:13-debug: No image need to compress
2026-7-7 16:57:13-debug: Compress image success..., progress: 13%
2026-7-7 16:57:13-debug: Output asset in bundles start, progress: 13%
2026-7-7 16:57:13-debug: sort compress task {}
2026-7-7 16:57:13-debug: Handle all json groups in bundle internal
2026-7-7 16:57:13-debug: Output asset in bundles start, progress: 24%
2026-7-7 16:57:13-debug: handle json group
2026-7-7 16:57:13-debug: Handle all json groups in bundle resources
2026-7-7 16:57:13-debug: Handle all json groups in bundle main
2026-7-7 16:57:13-debug: handle json group
2026-7-7 16:57:13-debug: handle json group
2026-7-7 16:57:13-debug: Json group(033f45a16) compile success，json number: 6
2026-7-7 16:57:13-debug: Json group(0b54f34d0) compile success，json number: 6
2026-7-7 16:57:13-debug: handle single json
2026-7-7 16:57:14-debug: Json group(0c368b992) compile success，json number: 6
2026-7-7 16:57:14-debug: Json group(0a84a1761) compile success，json number: 6
2026-7-7 16:57:14-debug: Json group(09e986d7f) compile success，json number: 6
2026-7-7 16:57:14-debug: Json group(0a8b38f43) compile success，json number: 6
2026-7-7 16:57:14-debug: Json group(05a6ba422) compile success，json number: 6
2026-7-7 16:57:14-debug: handle single json
2026-7-7 16:57:14-debug: Json group(0bd960b15) compile success，json number: 6
2026-7-7 16:57:14-debug: Json group(05d786f3c) compile success，json number: 6
2026-7-7 16:57:14-debug: Json group(0a9a16365) compile success，json number: 6
2026-7-7 16:57:14-debug: Json group(0939f5774) compile success，json number: 6
2026-7-7 16:57:14-debug: Json group(04d1efb95) compile success，json number: 6
2026-7-7 16:57:14-debug: Json group(05ff4bf9a) compile success，json number: 6
2026-7-7 16:57:14-debug: Json group(058888a4d) compile success，json number: 6
2026-7-7 16:57:14-debug: Json group(0aa2d87de) compile success，json number: 6
2026-7-7 16:57:14-debug: Json group(0936a916b) compile success，json number: 6
2026-7-7 16:57:14-debug: Json group(0b3e0b1ce) compile success，json number: 6
2026-7-7 16:57:14-debug: Json group(03bca836c) compile success，json number: 6
2026-7-7 16:57:14-debug: Json group(018f8689b) compile success，json number: 6
2026-7-7 16:57:14-debug: Json group(09f4a3c5f) compile success，json number: 6
2026-7-7 16:57:14-debug: Json group(0573d1736) compile success，json number: 6
2026-7-7 16:57:14-warn: The Mesh used by component "cc.MeshRenderer" in prefab "Role_2" is missing. Detailed information:Node path: "Role_2/New Node/Bip001 Prop1 Socket/jiateling01"Asset url: "db://assets/GameRes/Prefab/Role_2"Missing uuid: "03189dd5-73dd-4e52-8644-1ff1a122b972@18a45"
2026-7-7 16:57:14-warn: The Mesh used by component "cc.MeshRenderer" in prefab "Role_2" is missing. Detailed information:Node path: "Role_2/New Node/Bip001 Prop1 Socket/jiateling01"Asset url: "db://assets/GameRes/Prefab/Role_2"Missing uuid: "03189dd5-73dd-4e52-8644-1ff1a122b972@18a45"
2026-7-7 16:57:14-debug: Json group(0d1405e99) compile success，json number: 6
2026-7-7 16:57:14-debug: Json group(0fbb3d0d7) compile success，json number: 6
2026-7-7 16:57:14-debug: Json group(0b756a9e5) compile success，json number: 6
2026-7-7 16:57:14-debug: Json group(0acdaf410) compile success，json number: 6
2026-7-7 16:57:14-debug: Json group(045d59844) compile success，json number: 6
2026-7-7 16:57:14-debug: Json group(03d712220) compile success，json number: 6
2026-7-7 16:57:14-debug: Json group(0418d0963) compile success，json number: 6
2026-7-7 16:57:14-debug: Json group(0d46b5455) compile success，json number: 6
2026-7-7 16:57:14-debug: Json group(0d76502e0) compile success，json number: 6
2026-7-7 16:57:14-warn: The Mesh used by component "cc.MeshRenderer" in prefab "Role_1" is missing. Detailed information:Node path: "Role_1/New Node/Bip001 Prop1 Socket/jiateling01"Asset url: "db://assets/GameRes/Prefab/Role_1"Missing uuid: "03189dd5-73dd-4e52-8644-1ff1a122b972@18a45"
2026-7-7 16:57:14-debug: Json group(0678030fa) compile success，json number: 6
2026-7-7 16:57:15-debug: Json group(05744dfbc) compile success，json number: 6
2026-7-7 16:57:15-debug: handle single json
2026-7-7 16:57:15-debug: Output asset in bundles success, progress: 24%
2026-7-7 16:57:15-debug: Output asset in bundles success, progress: 13%
2026-7-7 16:57:15-debug: Output asset in bundles start, progress: 24%
2026-7-7 16:57:15-debug: Output asset in bundles start, progress: 13%
2026-7-7 16:57:15-debug: compress config of bundle resources...
2026-7-7 16:57:15-debug: compress config of bundle resources success
2026-7-7 16:57:15-debug: compress config of bundle main...
2026-7-7 16:57:15-debug: compress config of bundle main success
2026-7-7 16:57:15-debug: output config of bundle internal
2026-7-7 16:57:15-debug: output config of bundle internal success
2026-7-7 16:57:15-debug: output config of bundle resources
2026-7-7 16:57:15-debug: output config of bundle resources success
2026-7-7 16:57:15-debug: output config of bundle main
2026-7-7 16:57:15-debug: output config of bundle main success
2026-7-7 16:57:15-debug: Output asset in bundles success, progress: 24%
2026-7-7 16:57:15-debug: Output asset in bundles success, progress: 13%
2026-7-7 16:57:15-debug: compress config of bundle internal...
2026-7-7 16:57:15-debug: compress config of bundle internal success
2026-7-7 16:57:15-debug: // ---- build task Build Assets ---- (2171ms)
2026-7-7 16:57:15-log: run build task Build Assets success in 2 s√, progress: 29%
2026-7-7 16:57:15-debug: [Build Memory track]: Build Assets start:280.57MB, end 331.26MB, increase: 50.70MB
2026-7-7 16:57:15-debug: 整理部分构建选项内数据到 settings.json start, progress: 29%
2026-7-7 16:57:15-debug: // ---- build task 整理部分构建选项内数据到 settings.json ----
2026-7-7 16:57:15-debug: // ---- build task 整理部分构建选项内数据到 settings.json ---- (61ms)
2026-7-7 16:57:15-log: run build task 整理部分构建选项内数据到 settings.json success in 61 ms√, progress: 31%
2026-7-7 16:57:15-debug: [Build Memory track]: 整理部分构建选项内数据到 settings.json start:331.37MB, end 331.45MB, increase: 76.82KB
2026-7-7 16:57:15-debug: 填充脚本数据到 settings.json start, progress: 31%
2026-7-7 16:57:15-debug: // ---- build task 填充脚本数据到 settings.json ----
2026-7-7 16:57:15-debug: // ---- build task 填充脚本数据到 settings.json ---- (48ms)
2026-7-7 16:57:15-log: run build task 填充脚本数据到 settings.json success in 48 ms√, progress: 32%
2026-7-7 16:57:15-debug: 整理部分构建选项内数据到 settings.json start, progress: 32%
2026-7-7 16:57:15-debug: [Build Memory track]: 填充脚本数据到 settings.json start:331.48MB, end 331.56MB, increase: 76.52KB
2026-7-7 16:57:15-debug: // ---- build task 整理部分构建选项内数据到 settings.json ----
2026-7-7 16:57:16-debug: // ---- build task 整理部分构建选项内数据到 settings.json ---- (258ms)
2026-7-7 16:57:16-log: run build task 整理部分构建选项内数据到 settings.json success in 258 ms√, progress: 34%
2026-7-7 16:57:16-debug: [Build Memory track]: 整理部分构建选项内数据到 settings.json start:331.59MB, end 331.71MB, increase: 120.06KB
2026-7-7 16:57:16-debug: web-mobile:(onBeforeCompressSettings) start..., progress: 34%
2026-7-7 16:57:16-debug: // ---- build task web-mobile：onBeforeCompressSettings ----
2026-7-7 16:57:16-debug: // ---- build task web-mobile：onBeforeCompressSettings ---- (47ms)
2026-7-7 16:57:16-debug: web-mobile:(onBeforeCompressSettings) in 47 ms ✓, progress: 36%
2026-7-7 16:57:16-debug: cocos-service:(onBeforeCompressSettings) start..., progress: 36%
2026-7-7 16:57:16-debug: // ---- build task cocos-service：onBeforeCompressSettings ----
2026-7-7 16:57:16-debug: // ---- build task cocos-service：onBeforeCompressSettings ---- (175ms)
2026-7-7 16:57:16-debug: cocos-service:(onBeforeCompressSettings) in 175 ms ✓, progress: 38%
2026-7-7 16:57:16-debug: super-packager:(onBeforeCompressSettings) start..., progress: 38%
2026-7-7 16:57:16-log: [SUPER_PACKAGE]onBeforeCompressSettings
2026-7-7 16:57:16-debug: // ---- build task super-packager：onBeforeCompressSettings ----
2026-7-7 16:57:16-debug: // ---- build task super-packager：onBeforeCompressSettings ---- (28ms)
2026-7-7 16:57:16-debug: super-packager:(onBeforeCompressSettings) in 28 ms ✓, progress: 40%
2026-7-7 16:57:16-debug: 整理静态模板文件 start, progress: 40%
2026-7-7 16:57:16-debug: // ---- build task 整理静态模板文件 ----
2026-7-7 16:57:16-debug: // ---- build task 整理静态模板文件 ---- (137ms)
2026-7-7 16:57:16-log: run build task 整理静态模板文件 success in 137 ms√, progress: 45%
2026-7-7 16:57:16-debug: [Build Memory track]: 整理静态模板文件 start:332.14MB, end 328.52MB, increase: -3700.71KB
2026-7-7 16:57:16-debug: cocos-service:(onAfterCompressSettings) start..., progress: 45%
2026-7-7 16:57:16-debug: // ---- build task cocos-service：onAfterCompressSettings ----
2026-7-7 16:57:16-debug: // ---- build task cocos-service：onAfterCompressSettings ---- (189ms)
2026-7-7 16:57:16-debug: super-packager:(onAfterCompressSettings) start..., progress: 46%
2026-7-7 16:57:16-debug: cocos-service:(onAfterCompressSettings) in 189 ms ✓, progress: 46%
2026-7-7 16:57:16-log: [SUPER_PACKAGE]onAfterCompressSettings
2026-7-7 16:57:16-debug: // ---- build task super-packager：onAfterCompressSettings ----
2026-7-7 16:57:16-debug: // ---- build task super-packager：onAfterCompressSettings ---- (38ms)
2026-7-7 16:57:16-debug: web-mobile:(onBeforeCopyBuildTemplate) start..., progress: 48%
2026-7-7 16:57:16-debug: super-packager:(onAfterCompressSettings) in 38 ms ✓, progress: 48%
2026-7-7 16:57:16-debug: // ---- build task web-mobile：onBeforeCopyBuildTemplate ----
2026-7-7 16:57:16-debug: // ---- build task web-mobile：onBeforeCopyBuildTemplate ---- (75ms)
2026-7-7 16:57:16-debug: web-mobile:(onBeforeCopyBuildTemplate) in 75 ms ✓, progress: 50%
2026-7-7 16:57:16-debug: 给所有的资源加上 MD5 后缀 start, progress: 50%
2026-7-7 16:57:16-debug: // ---- build task 给所有的资源加上 MD5 后缀 ----
2026-7-7 16:57:16-debug: // ---- build task 给所有的资源加上 MD5 后缀 ---- (52ms)
2026-7-7 16:57:16-log: run build task 给所有的资源加上 MD5 后缀 success in 52 ms√, progress: 60%
2026-7-7 16:57:16-debug: [Build Memory track]: 给所有的资源加上 MD5 后缀 start:327.27MB, end 327.36MB, increase: 86.62KB
2026-7-7 16:57:16-debug: web-mobile:(onAfterBuild) start..., progress: 60%
2026-7-7 16:57:16-debug: // ---- build task web-mobile：onAfterBuild ----
2026-7-7 16:57:16-debug: // ---- build task web-mobile：onAfterBuild ---- (45ms)
2026-7-7 16:57:16-debug: web-mobile:(onAfterBuild) in 45 ms ✓, progress: 62%
2026-7-7 16:57:16-debug: cocos-service:(onAfterBuild) start..., progress: 62%
2026-7-7 16:57:16-debug: // ---- build task cocos-service：onAfterBuild ----
2026-7-7 16:57:17-debug: // ---- build task cocos-service：onAfterBuild ---- (109ms)
2026-7-7 16:57:17-debug: adsense-h5g-plugin:(onAfterBuild) start..., progress: 64%
2026-7-7 16:57:17-debug: cocos-service:(onAfterBuild) in 109 ms ✓, progress: 64%
2026-7-7 16:57:17-debug: // ---- build task adsense-h5g-plugin：onAfterBuild ----
2026-7-7 16:57:17-debug: // ---- build task adsense-h5g-plugin：onAfterBuild ---- (71ms)
2026-7-7 16:57:17-debug: super-html:(onAfterBuild) start..., progress: 65%
2026-7-7 16:57:17-debug: // ---- build task super-html：onAfterBuild ----
2026-7-7 16:57:17-log: [super-html] : s_input_dir D:\工程项目\PlayableAD\Cocos\TheW\20260615_HYQ\HYQ_Project\build\web-mobile
2026-7-7 16:57:17-log: [super-html] : -- start --
2026-7-7 16:57:17-log: [super-html] : engine version 3.8.7
2026-7-7 16:57:17-log: [super-html] : s_out_dir D:\工程项目\PlayableAD\Cocos\TheW\20260615_HYQ\HYQ_Project\build\super-html
2026-7-7 16:57:17-debug: adsense-h5g-plugin:(onAfterBuild) in 71 ms ✓, progress: 65%
2026-7-7 16:57:23-debug: // ---- build task super-html：onAfterBuild ---- (6353ms)
2026-7-7 16:57:23-debug: super-html:(onAfterBuild) in 6353 ms ✓, progress: 67%
2026-7-7 16:57:23-debug: super-packager:(onAfterBuild) start..., progress: 67%
2026-7-7 16:57:23-debug: // ---- build task super-packager：onAfterBuild ----
2026-7-7 16:57:23-log: [SUPER_PACKAGE]onAfterBuild
2026-7-7 16:57:23-debug: // ---- build task super-packager：onAfterBuild ---- (84ms)
2026-7-7 16:57:23-debug: super-packager:(onAfterBuild) in 84 ms ✓, progress: 69%
2026-7-7 16:57:23-log: Asset DB is resume!
2026-7-7 16:57:24-debug: builder:build-project-total (30928ms)
2026-7-7 16:57:24-debug: build task(web-mobile) in 30928!
2026-7-7 16:57:24-debug: [Build Memory track]: builder:build-project-total start:295.69MB, end 283.77MB, increase: -12201.99KB
2026-7-7 16:57:24-debug: ================================ build Task (web-mobile) Finished in (31 s)ms ================================
2026-7-7 16:57:24-debug: Stop record console. {file(D:\工程项目\PlayableAD\Cocos\TheW\20260615_HYQ\HYQ_Project\temp\builder\log\web-mobile2026-6-30 10-27.log)}
2026-7-7 16:57:24-warn: The Mesh used by component "cc.MeshRenderer" in prefab "Role_2" is missing. Detailed information:Node path: "Role_2/New Node/Bip001 Prop1 Socket/jiateling01"Asset url: "db://assets/GameRes/Prefab/Role_2"Missing uuid: "03189dd5-73dd-4e52-8644-1ff1a122b972@18a45"
2026-7-7 16:57:24-warn: The Mesh used by component "cc.MeshRenderer" in prefab "Role_2" is missing. Detailed information:Node path: "Role_2/New Node/Bip001 Prop1 Socket/jiateling01"Asset url: "db://assets/GameRes/Prefab/Role_2"Missing uuid: "03189dd5-73dd-4e52-8644-1ff1a122b972@18a45"
2026-7-7 16:57:24-warn: The Mesh used by component "cc.MeshRenderer" in prefab "Role_1" is missing. Detailed information:Node path: "Role_1/New Node/Bip001 Prop1 Socket/jiateling01"Asset url: "db://assets/GameRes/Prefab/Role_1"Missing uuid: "03189dd5-73dd-4e52-8644-1ff1a122b972@18a45"
2026-7-7 16:57:29-log: [super-html] : [common] [13585 kb] D:\工程项目\PlayableAD\Cocos\TheW\20260615_HYQ\HYQ_Project\build\super-html\common\HYQ_common.html
2026-7-7 16:57:29-log: [super-html] : [common] [6213 kb] D:\工程项目\PlayableAD\Cocos\TheW\20260615_HYQ\HYQ_Project\build\super-html\common\HYQ_common_min.html
2026-7-7 16:57:29-log: [super-html] : [ironsource2025] [6215 kb] D:\工程项目\PlayableAD\Cocos\TheW\20260615_HYQ\HYQ_Project\build\super-html\ironsource2025\HYQ_ironsource2025.html
2026-7-7 16:57:29-log: [super-html] : [applovin] [6213 kb] D:\工程项目\PlayableAD\Cocos\TheW\20260615_HYQ\HYQ_Project\build\super-html\applovin\HYQ_applovin.html
2026-7-7 16:57:29-log: [super-html] : [ironsource] [6217 kb] D:\工程项目\PlayableAD\Cocos\TheW\20260615_HYQ\HYQ_Project\build\super-html\ironsource\HYQ_ironsource.html
2026-7-7 16:57:30-log: [super-html] : [mintegral] [4498 kb] D:\工程项目\PlayableAD\Cocos\TheW\20260615_HYQ\HYQ_Project\build\super-html\mintegral\HYQ_mintegral.zip
2026-7-7 16:57:30-log: [super-html] : [chartboost] [6214 kb] D:\工程项目\PlayableAD\Cocos\TheW\20260615_HYQ\HYQ_Project\build\super-html\chartboost\HYQ_chartboost.html
2026-7-7 16:57:30-log: [super-html] : [unity] [6214 kb] D:\工程项目\PlayableAD\Cocos\TheW\20260615_HYQ\HYQ_Project\build\super-html\unity\HYQ_unity.html
2026-7-7 16:57:31-log: [super-html] : [google] [4567 kb] D:\工程项目\PlayableAD\Cocos\TheW\20260615_HYQ\HYQ_Project\build\super-html\google\HYQ_google.zip
2026-7-7 16:57:31-log: [super-html] : [google] [4567 kb] D:\工程项目\PlayableAD\Cocos\TheW\20260615_HYQ\HYQ_Project\build\super-html\google\HYQ_google_portrait.zip
2026-7-7 16:57:32-log: [super-html] : [google] [4567 kb] D:\工程项目\PlayableAD\Cocos\TheW\20260615_HYQ\HYQ_Project\build\super-html\google\HYQ_google_landscape.zip
2026-7-7 16:57:32-log: [super-html] : [facebook] [6213 kb] D:\工程项目\PlayableAD\Cocos\TheW\20260615_HYQ\HYQ_Project\build\super-html\facebook\HYQ_facebook.html
2026-7-7 16:57:33-log: [super-html] : [facebook] [4567 kb] D:\工程项目\PlayableAD\Cocos\TheW\20260615_HYQ\HYQ_Project\build\super-html\facebook\HYQ_facebook.zip
2026-7-7 16:57:34-log: [super-html] : [pangle] [4499 kb] D:\工程项目\PlayableAD\Cocos\TheW\20260615_HYQ\HYQ_Project\build\super-html\pangle\HYQ_pangle.zip
2026-7-7 16:57:35-log: [super-html] : [pangle] [4499 kb] D:\工程项目\PlayableAD\Cocos\TheW\20260615_HYQ\HYQ_Project\build\super-html\pangle\HYQ_pangle_portrait.zip
2026-7-7 16:57:36-log: [super-html] : [pangle] [4499 kb] D:\工程项目\PlayableAD\Cocos\TheW\20260615_HYQ\HYQ_Project\build\super-html\pangle\HYQ_pangle_landscape.zip
2026-7-7 16:57:37-log: [super-html] : [liftoff] [4498 kb] D:\工程项目\PlayableAD\Cocos\TheW\20260615_HYQ\HYQ_Project\build\super-html\liftoff\HYQ_liftoff.zip
2026-7-7 16:57:37-log: [super-html] : [moloco] [6213 kb] D:\工程项目\PlayableAD\Cocos\TheW\20260615_HYQ\HYQ_Project\build\super-html\moloco\HYQ_moloco.html
2026-7-7 16:57:38-log: [super-html] : [tiktok] [4498 kb] D:\工程项目\PlayableAD\Cocos\TheW\20260615_HYQ\HYQ_Project\build\super-html\tiktok\HYQ_tiktok.zip
2026-7-7 16:57:39-log: [super-html] : [vungle] [4498 kb] D:\工程项目\PlayableAD\Cocos\TheW\20260615_HYQ\HYQ_Project\build\super-html\vungle\HYQ_vungle.zip
2026-7-7 16:57:40-log: [super-html] : [bigo] [4499 kb] D:\工程项目\PlayableAD\Cocos\TheW\20260615_HYQ\HYQ_Project\build\super-html\bigo\HYQ_bigo.zip
2026-7-7 16:57:40-log: [super-html] : [kwai] : thumbnail_cover.jpg no find
2026-7-7 16:57:41-log: [super-html] : [kwai] [4499 kb] D:\工程项目\PlayableAD\Cocos\TheW\20260615_HYQ\HYQ_Project\build\super-html\kwai\HYQ_kwai.zip
2026-7-7 16:57:41-log: [super-html] : [nefta] [6214 kb] D:\工程项目\PlayableAD\Cocos\TheW\20260615_HYQ\HYQ_Project\build\super-html\nefta\HYQ_nefta.html
2026-7-7 16:57:42-log: [super-html] : [nefta] [4499 kb] D:\工程项目\PlayableAD\Cocos\TheW\20260615_HYQ\HYQ_Project\build\super-html\nefta\HYQ_nefta.zip
2026-7-7 16:57:43-log: [super-html] : [snapchat] [4567 kb] D:\工程项目\PlayableAD\Cocos\TheW\20260615_HYQ\HYQ_Project\build\super-html\snapchat\HYQ_snapchat_portrait.zip
2026-7-7 16:57:43-log: [super-html] : [gdt] [4567 kb] D:\工程项目\PlayableAD\Cocos\TheW\20260615_HYQ\HYQ_Project\build\super-html\gdt\HYQ_gdt.zip
2026-7-7 16:57:44-log: [super-html] : [gdt] [4567 kb] D:\工程项目\PlayableAD\Cocos\TheW\20260615_HYQ\HYQ_Project\build\super-html\gdt\HYQ_gdt_portrait.zip
2026-7-7 16:57:44-log: [super-html] : [gdt] [4567 kb] D:\工程项目\PlayableAD\Cocos\TheW\20260615_HYQ\HYQ_Project\build\super-html\gdt\HYQ_gdt_landscape.zip
2026-7-7 16:57:44-log: [super-html] : run time 27.849S
2026-7-7 16:57:44-log: [super-html] : -- end -- 
2026-7-7 16:58:08-debug: refresh db internal success
2026-7-7 16:58:08-debug: refresh db assets success
2026-7-7 16:58:08-debug: %cImport%c: D:\工程项目\PlayableAD\Cocos\TheW\20260615_HYQ\HYQ_Project\extensions\super-packager\package_assets\Common\SuperPackage.tsbackground: #aaff85; color: #000;color: #000;
2026-7-7 16:58:08-debug: %cImport%c: D:\工程项目\PlayableAD\Cocos\TheW\20260615_HYQ\HYQ_Project\extensions\super-packager\package_assets\JiangYv\PBASDK-v3\PBASDK.tsbackground: #aaff85; color: #000;color: #000;
2026-7-7 16:58:08-debug: refresh db super-packager success
2026-7-7 16:58:08-debug: Run asset db hook engine-extends:afterRefresh ...
2026-7-7 16:58:08-debug: Run asset db hook engine-extends:afterRefresh success!
2026-7-7 16:58:08-debug: asset-db-hook-engine-extends-afterRefresh (1ms)
2026-7-7 16:58:08-debug: asset-db:worker-effect-data-processing (1ms)
2026-7-7 16:58:08-debug: asset-db:refresh-all-database (292ms)
2026-7-7 16:58:10-debug: Query all assets info in project
2026-7-7 16:58:10-debug: init custom config: keepNodeUuid: false, useCache: true
2026-7-7 16:58:10-debug: Skip compress image, progress: 0%
2026-7-7 16:58:10-debug: Init all bundles start..., progress: 0%
2026-7-7 16:58:10-debug: Num of bundles: 3..., progress: 0%
2026-7-7 16:58:10-debug: 查询 Asset Bundle start, progress: 0%
2026-7-7 16:58:10-debug: // ---- build task 查询 Asset Bundle ----
2026-7-7 16:58:10-debug: Init bundle root assets start..., progress: 0%
2026-7-7 16:58:10-debug: Query preload assets/scripts from cc.config.json: 60f7195c-ec2a-45eb-ba94-8955f60e81d0,1c02ae6f-4492-4915-b8f8-7492a3b1e4cd,810e96e4-e456-4468-9b59-f4e8f39732c0,efe8e2a3-eace-427b-b4f1-cb8a937ec77d,e9aa9a3e-5b2b-4ac7-a2c7-073de2b2b24f,8bbdbcdd-5cd4-4100-b6d5-b7c9625b6107,50f4348b-c883-4e2f-8f11-ce233b859fa1,fda095cb-831d-4601-ad94-846013963de8,f92806d7-1768-443f-afe8-12bcde84d0f0,dd3a144d-ab7f-41f0-82b8-2e43a090d496,f0416e68-0200-4b77-a926-4f9d16e494da,511d2633-09a7-4bdd-ac42-f778032124b3,5d45aa00-e064-4938-b314-4265f0c2258c,9361fd90-ba52-4f84-aa93-6e878fd576ca,970b0598-bcb0-4714-91fb-2e81440dccd8,bcd64cc6-2dd9-43f6-abbe-66318d332032,d930590d-bb92-4cc8-8bd1-23cd027f9edf,a3cd009f-0ab0-420d-9278-b9fdab939bbc,6a2d0734-bd9e-4ddf-946e-caa52498cb75,d1346436-ac96-4271-b863-1f4fdead95b0,971bdb23-3ff6-43eb-b422-1c30165a3663,17debcc3-0a6b-4b8a-b00b-dc58b885581e,711ebe11-f673-4cd9-9a83-63c60ba54c5b,c0143906-9aed-447e-9436-2ae8512d1b6e,14da1725-c4c2-42b4-ab08-ee0aeb6898b3,081cab31-dccd-428e-8652-f2404cc81c47,78e0584a-4343-4727-8f37-e14e65c2a2db,ba21476f-2866-4f81-9c4d-6e359316e448,871c3b6c-7379-419d-bda3-794b239ab90d,ff9b0199-ce04-4cfe-86cc-6c719f08d6e4,de1c2107-70c8-4021-8459-6399f24d01c6,cbf30902-517f-40dc-af90-a550bac27cf1,5c601d96-e4c7-4698-991b-7ee674b11079
2026-7-7 16:58:10-debug:   Number of other assets: 1158
2026-7-7 16:58:10-debug:   Number of all scenes: 5
2026-7-7 16:58:10-debug: Init bundle root assets success..., progress: 0%
2026-7-7 16:58:10-debug:   Number of all scripts: 109
2026-7-7 16:58:10-log: run build task 查询 Asset Bundle success in 15 ms√, progress: 5%
2026-7-7 16:58:10-debug: [Build Memory track]: 查询 Asset Bundle start:282.81MB, end 284.43MB, increase: 1.62MB
2026-7-7 16:58:10-debug: // ---- build task 查询 Asset Bundle ----
2026-7-7 16:58:10-debug: // ---- build task 查询 Asset Bundle ---- (15ms)
2026-7-7 16:58:10-debug: 查询 Asset Bundle start, progress: 5%
2026-7-7 16:58:10-debug: // ---- build task 查询 Asset Bundle ---- (7ms)
2026-7-7 16:58:10-log: run build task 查询 Asset Bundle success in 7 ms√, progress: 10%
2026-7-7 16:58:10-debug: [Build Memory track]: 查询 Asset Bundle start:284.46MB, end 284.69MB, increase: 233.61KB
2026-7-7 16:58:10-debug: 整理部分构建选项内数据到 settings.json start, progress: 10%
2026-7-7 16:58:10-debug: // ---- build task 整理部分构建选项内数据到 settings.json ----
2026-7-7 16:58:10-debug: // ---- build task 整理部分构建选项内数据到 settings.json ---- (3ms)
2026-7-7 16:58:10-log: run build task 整理部分构建选项内数据到 settings.json success in 3 ms√, progress: 12%
2026-7-7 16:58:10-debug: [Build Memory track]: 整理部分构建选项内数据到 settings.json start:284.72MB, end 281.95MB, increase: -2838.56KB
2026-7-7 16:58:10-debug: 填充脚本数据到 settings.json start, progress: 12%
2026-7-7 16:58:10-debug: // ---- build task 填充脚本数据到 settings.json ----
2026-7-7 16:58:10-log: run build task 填充脚本数据到 settings.json success in 2 ms√, progress: 13%
2026-7-7 16:58:10-debug: // ---- build task 填充脚本数据到 settings.json ---- (2ms)
2026-7-7 16:58:10-debug: [Build Memory track]: 填充脚本数据到 settings.json start:281.99MB, end 282.01MB, increase: 28.12KB
2026-7-7 16:58:10-debug: 整理部分构建选项内数据到 settings.json start, progress: 13%
2026-7-7 16:58:10-debug: // ---- build task 整理部分构建选项内数据到 settings.json ----
2026-7-7 16:58:10-debug: // ---- build task 整理部分构建选项内数据到 settings.json ---- (10ms)
2026-7-7 16:58:10-log: run build task 整理部分构建选项内数据到 settings.json success in 10 ms√, progress: 15%
2026-7-7 16:58:10-debug: [Build Memory track]: 整理部分构建选项内数据到 settings.json start:282.05MB, end 282.12MB, increase: 72.05KB
2026-7-7 16:58:10-debug: Query all assets info in project
2026-7-7 16:58:10-debug: init custom config: keepNodeUuid: false, useCache: true
2026-7-7 16:58:10-debug: Skip compress image, progress: 0%
2026-7-7 16:58:10-debug: Init all bundles start..., progress: 0%
2026-7-7 16:58:10-debug: Num of bundles: 3..., progress: 0%
2026-7-7 16:58:10-debug: 查询 Asset Bundle start, progress: 0%
2026-7-7 16:58:10-debug: // ---- build task 查询 Asset Bundle ----
2026-7-7 16:58:10-debug: Init bundle root assets start..., progress: 0%
2026-7-7 16:58:10-debug: Query preload assets/scripts from cc.config.json: 60f7195c-ec2a-45eb-ba94-8955f60e81d0,1c02ae6f-4492-4915-b8f8-7492a3b1e4cd,810e96e4-e456-4468-9b59-f4e8f39732c0,efe8e2a3-eace-427b-b4f1-cb8a937ec77d,e9aa9a3e-5b2b-4ac7-a2c7-073de2b2b24f,8bbdbcdd-5cd4-4100-b6d5-b7c9625b6107,50f4348b-c883-4e2f-8f11-ce233b859fa1,fda095cb-831d-4601-ad94-846013963de8,f92806d7-1768-443f-afe8-12bcde84d0f0,dd3a144d-ab7f-41f0-82b8-2e43a090d496,f0416e68-0200-4b77-a926-4f9d16e494da,511d2633-09a7-4bdd-ac42-f778032124b3,5d45aa00-e064-4938-b314-4265f0c2258c,9361fd90-ba52-4f84-aa93-6e878fd576ca,970b0598-bcb0-4714-91fb-2e81440dccd8,bcd64cc6-2dd9-43f6-abbe-66318d332032,d930590d-bb92-4cc8-8bd1-23cd027f9edf,a3cd009f-0ab0-420d-9278-b9fdab939bbc,6a2d0734-bd9e-4ddf-946e-caa52498cb75,d1346436-ac96-4271-b863-1f4fdead95b0,971bdb23-3ff6-43eb-b422-1c30165a3663,17debcc3-0a6b-4b8a-b00b-dc58b885581e,711ebe11-f673-4cd9-9a83-63c60ba54c5b,c0143906-9aed-447e-9436-2ae8512d1b6e,14da1725-c4c2-42b4-ab08-ee0aeb6898b3,081cab31-dccd-428e-8652-f2404cc81c47,78e0584a-4343-4727-8f37-e14e65c2a2db,ba21476f-2866-4f81-9c4d-6e359316e448,871c3b6c-7379-419d-bda3-794b239ab90d,ff9b0199-ce04-4cfe-86cc-6c719f08d6e4,de1c2107-70c8-4021-8459-6399f24d01c6,cbf30902-517f-40dc-af90-a550bac27cf1,5c601d96-e4c7-4698-991b-7ee674b11079
2026-7-7 16:58:10-debug:   Number of all scenes: 5
2026-7-7 16:58:10-debug:   Number of all scripts: 109
2026-7-7 16:58:10-debug:   Number of other assets: 1158
2026-7-7 16:58:10-debug: Init bundle root assets success..., progress: 0%
2026-7-7 16:58:10-debug: // ---- build task 查询 Asset Bundle ---- (24ms)
2026-7-7 16:58:10-log: run build task 查询 Asset Bundle success in 24 ms√, progress: 5%
2026-7-7 16:58:10-debug: [Build Memory track]: 查询 Asset Bundle start:282.84MB, end 284.43MB, increase: 1.58MB
2026-7-7 16:58:10-debug: 查询 Asset Bundle start, progress: 5%
2026-7-7 16:58:10-debug: // ---- build task 查询 Asset Bundle ----
2026-7-7 16:58:10-debug: // ---- build task 查询 Asset Bundle ---- (7ms)
2026-7-7 16:58:10-log: run build task 查询 Asset Bundle success in 7 ms√, progress: 10%
2026-7-7 16:58:10-debug: [Build Memory track]: 查询 Asset Bundle start:284.46MB, end 284.69MB, increase: 232.30KB
2026-7-7 16:58:10-debug: 整理部分构建选项内数据到 settings.json start, progress: 10%
2026-7-7 16:58:10-debug: // ---- build task 整理部分构建选项内数据到 settings.json ----
2026-7-7 16:58:10-debug: // ---- build task 整理部分构建选项内数据到 settings.json ---- (3ms)
2026-7-7 16:58:10-log: run build task 整理部分构建选项内数据到 settings.json success in 3 ms√, progress: 12%
2026-7-7 16:58:10-debug: [Build Memory track]: 整理部分构建选项内数据到 settings.json start:284.72MB, end 284.75MB, increase: 29.04KB
2026-7-7 16:58:10-debug: 填充脚本数据到 settings.json start, progress: 12%
2026-7-7 16:58:10-debug: // ---- build task 填充脚本数据到 settings.json ----
2026-7-7 16:58:10-log: run build task 填充脚本数据到 settings.json success in 4 ms√, progress: 13%
2026-7-7 16:58:10-debug: // ---- build task 填充脚本数据到 settings.json ---- (4ms)
2026-7-7 16:58:10-debug: [Build Memory track]: 填充脚本数据到 settings.json start:284.79MB, end 284.81MB, increase: 28.31KB
2026-7-7 16:58:10-debug: // ---- build task 整理部分构建选项内数据到 settings.json ----
2026-7-7 16:58:10-debug: 整理部分构建选项内数据到 settings.json start, progress: 13%
2026-7-7 16:58:10-debug: // ---- build task 整理部分构建选项内数据到 settings.json ---- (10ms)
2026-7-7 16:58:10-log: run build task 整理部分构建选项内数据到 settings.json success in 10 ms√, progress: 15%
2026-7-7 16:58:10-debug: [Build Memory track]: 整理部分构建选项内数据到 settings.json start:284.85MB, end 284.91MB, increase: 65.12KB
2026-7-7 16:58:10-debug: Query all assets info in project
2026-7-7 16:58:10-debug: init custom config: keepNodeUuid: false, useCache: true
2026-7-7 16:58:10-debug: Skip compress image, progress: 0%
2026-7-7 16:58:10-debug: Init all bundles start..., progress: 0%
2026-7-7 16:58:10-debug: Num of bundles: 3..., progress: 0%
2026-7-7 16:58:10-debug: 查询 Asset Bundle start, progress: 0%
2026-7-7 16:58:10-debug: // ---- build task 查询 Asset Bundle ----
2026-7-7 16:58:10-debug: Init bundle root assets start..., progress: 0%
2026-7-7 16:58:10-debug: Query preload assets/scripts from cc.config.json: 60f7195c-ec2a-45eb-ba94-8955f60e81d0,1c02ae6f-4492-4915-b8f8-7492a3b1e4cd,810e96e4-e456-4468-9b59-f4e8f39732c0,efe8e2a3-eace-427b-b4f1-cb8a937ec77d,e9aa9a3e-5b2b-4ac7-a2c7-073de2b2b24f,8bbdbcdd-5cd4-4100-b6d5-b7c9625b6107,50f4348b-c883-4e2f-8f11-ce233b859fa1,fda095cb-831d-4601-ad94-846013963de8,f92806d7-1768-443f-afe8-12bcde84d0f0,dd3a144d-ab7f-41f0-82b8-2e43a090d496,f0416e68-0200-4b77-a926-4f9d16e494da,511d2633-09a7-4bdd-ac42-f778032124b3,5d45aa00-e064-4938-b314-4265f0c2258c,9361fd90-ba52-4f84-aa93-6e878fd576ca,970b0598-bcb0-4714-91fb-2e81440dccd8,bcd64cc6-2dd9-43f6-abbe-66318d332032,d930590d-bb92-4cc8-8bd1-23cd027f9edf,a3cd009f-0ab0-420d-9278-b9fdab939bbc,6a2d0734-bd9e-4ddf-946e-caa52498cb75,d1346436-ac96-4271-b863-1f4fdead95b0,971bdb23-3ff6-43eb-b422-1c30165a3663,17debcc3-0a6b-4b8a-b00b-dc58b885581e,711ebe11-f673-4cd9-9a83-63c60ba54c5b,c0143906-9aed-447e-9436-2ae8512d1b6e,14da1725-c4c2-42b4-ab08-ee0aeb6898b3,081cab31-dccd-428e-8652-f2404cc81c47,78e0584a-4343-4727-8f37-e14e65c2a2db,ba21476f-2866-4f81-9c4d-6e359316e448,871c3b6c-7379-419d-bda3-794b239ab90d,ff9b0199-ce04-4cfe-86cc-6c719f08d6e4,de1c2107-70c8-4021-8459-6399f24d01c6,cbf30902-517f-40dc-af90-a550bac27cf1,5c601d96-e4c7-4698-991b-7ee674b11079
2026-7-7 16:58:10-debug:   Number of all scenes: 5
2026-7-7 16:58:10-debug:   Number of all scripts: 109
2026-7-7 16:58:10-debug:   Number of other assets: 1158
2026-7-7 16:58:10-debug: Init bundle root assets success..., progress: 0%
2026-7-7 16:58:10-debug: // ---- build task 查询 Asset Bundle ---- (20ms)
2026-7-7 16:58:10-debug: [Build Memory track]: 查询 Asset Bundle start:282.56MB, end 284.11MB, increase: 1.54MB
2026-7-7 16:58:10-debug: 查询 Asset Bundle start, progress: 5%
2026-7-7 16:58:10-log: run build task 查询 Asset Bundle success in 20 ms√, progress: 5%
2026-7-7 16:58:10-debug: // ---- build task 查询 Asset Bundle ----
2026-7-7 16:58:10-debug: // ---- build task 查询 Asset Bundle ---- (8ms)
2026-7-7 16:58:10-log: run build task 查询 Asset Bundle success in 8 ms√, progress: 10%
2026-7-7 16:58:10-debug: [Build Memory track]: 查询 Asset Bundle start:284.14MB, end 284.37MB, increase: 233.58KB
2026-7-7 16:58:10-debug: 整理部分构建选项内数据到 settings.json start, progress: 10%
2026-7-7 16:58:10-debug: // ---- build task 整理部分构建选项内数据到 settings.json ----
2026-7-7 16:58:10-debug: // ---- build task 整理部分构建选项内数据到 settings.json ---- (3ms)
2026-7-7 16:58:10-log: run build task 整理部分构建选项内数据到 settings.json success in 3 ms√, progress: 12%
2026-7-7 16:58:10-debug: [Build Memory track]: 整理部分构建选项内数据到 settings.json start:284.40MB, end 284.44MB, increase: 37.88KB
2026-7-7 16:58:10-debug: 填充脚本数据到 settings.json start, progress: 12%
2026-7-7 16:58:10-debug: // ---- build task 填充脚本数据到 settings.json ----
2026-7-7 16:58:10-debug: // ---- build task 填充脚本数据到 settings.json ---- (1ms)
2026-7-7 16:58:10-log: run build task 填充脚本数据到 settings.json success in 1 ms√, progress: 13%
2026-7-7 16:58:10-debug: [Build Memory track]: 填充脚本数据到 settings.json start:284.47MB, end 284.50MB, increase: 27.45KB
2026-7-7 16:58:10-debug: 整理部分构建选项内数据到 settings.json start, progress: 13%
2026-7-7 16:58:10-debug: // ---- build task 整理部分构建选项内数据到 settings.json ----
2026-7-7 16:58:10-debug: // ---- build task 整理部分构建选项内数据到 settings.json ---- (12ms)
2026-7-7 16:58:10-log: run build task 整理部分构建选项内数据到 settings.json success in 12 ms√, progress: 15%
2026-7-7 16:58:10-debug: [Build Memory track]: 整理部分构建选项内数据到 settings.json start:284.54MB, end 284.60MB, increase: 66.19KB
2026-7-7 16:58:14-debug: %cImport%c: D:\工程项目\PlayableAD\Cocos\TheW\20260615_HYQ\HYQ_Project\assets\GameRes\SLLYT_map\pre\haimian.prefabbackground: #aaff85; color: #000;color: #000;
2026-7-7 16:58:14-debug: asset-db:reimport-assetc4a0e76d-17ef-4f23-9fe9-4b25c572034f (19ms)
2026-7-7 16:58:17-debug: %cImport%c: D:\工程项目\PlayableAD\Cocos\TheW\20260615_HYQ\HYQ_Project\assets\GameRes\SLLYT_map\pre\haimian.prefabbackground: #aaff85; color: #000;color: #000;
2026-7-7 16:58:17-debug: asset-db:reimport-assetc4a0e76d-17ef-4f23-9fe9-4b25c572034f (34ms)
2026-7-7 16:58:18-debug: %cImport%c: D:\工程项目\PlayableAD\Cocos\TheW\20260615_HYQ\HYQ_Project\assets\GameRes\SLLYT_map\pre\haimian.prefabbackground: #aaff85; color: #000;color: #000;
2026-7-7 16:58:18-debug: asset-db:reimport-assetc4a0e76d-17ef-4f23-9fe9-4b25c572034f (27ms)
2026-7-7 16:58:25-debug: refresh db internal success
2026-7-7 16:58:25-debug: refresh db assets success
2026-7-7 16:58:25-debug: refresh db super-packager success
2026-7-7 16:58:25-debug: Run asset db hook engine-extends:afterRefresh ...
2026-7-7 16:58:25-debug: Run asset db hook engine-extends:afterRefresh success!
2026-7-7 16:58:25-debug: asset-db:refresh-all-database (250ms)
2026-7-7 16:58:25-debug: asset-db-hook-engine-extends-afterRefresh (3ms)
2026-7-7 16:58:25-debug: asset-db:worker-effect-data-processing (2ms)
2026-7-7 16:58:33-debug: Start record console... {file(D:\工程项目\PlayableAD\Cocos\TheW\20260615_HYQ\HYQ_Project\temp\builder\log\web-mobile2026-6-30 10-27.log)}
2026-7-7 16:58:33-debug: Start build task, options:{"name":"HYQ","server":"","engineModulesConfigKey":"defaultConfig","platform":"web-mobile","buildPath":"project://build","debug":false,"buildMode":"normal","mangleProperties":false,"md5Cache":false,"skipCompressTexture":false,"sourceMaps":false,"overwriteProjectSettings":{"includeModules":{"gfx-webgl2":"on","physics":"inherit-project-setting","physics-2d":"inherit-project-setting"},"macroConfig":{"cleanupImageCache":"inherit-project-setting"}},"nativeCodeBundleMode":"asmjs","polyfills":{"asyncFunctions":true},"experimentalEraseModules":false,"startSceneAssetBundle":false,"bundleConfigs":[],"inlineEnum":true,"useBuiltinServer":false,"md5CacheOptions":{"excludes":[],"includes":[],"replaceOnly":[],"handleTemplateMd5Link":true},"mainBundleIsRemote":false,"mainBundleCompressionType":"merge_dep","useSplashScreen":true,"bundleCommonChunk":false,"packAutoAtlas":true,"startScene":"b5805d3a-3b80-4a12-adf5-588e63a7d886","outputName":"web-mobile","taskName":"web-mobile","scenes":[{"url":"db://assets/Scene/Game_3D-002.scene","uuid":"b5805d3a-3b80-4a12-adf5-588e63a7d886"}],"wasmCompressionMode":false,"binGroupConfig":{"threshold":16,"enable":false},"packages":{"adsense-h5g-plugin":{"enableAdsense":false,"enableTestAd":false,"__version__":"1.0.1","AFPHostPropertyCode":"ca-host-pub-5396158963872751","AFPHostDomain":"douyougame.com","otherAFPHostPropertyCode":"","otherAFPDomain":""},"web-mobile":{"useWebGPU":false,"orientation":"auto","embedWebDebugger":false,"__version__":"1.0.1"},"cocos-service":{"configID":"56841a","services":[],"__version__":"3.0.9"},"super-packager":{"googlePlayUrl":"","appStoreUrl":"","__version__":"2.7.0"}},"__version__":"1.3.9","logDest":"project://temp/builder/log/web-mobile2026-6-30 10-27.log"}
2026-7-7 16:58:33-debug: =================================== build Task (web-mobile) Start ================================
2026-7-7 16:58:33-debug: Build with Cocos Creator 3.8.7
2026-7-7 16:58:33-debug: cocos-service:(onBeforeBuild) start..., progress: 0%
2026-7-7 16:58:33-debug: // ---- build task cocos-service：onBeforeBuild ----
2026-7-7 16:58:33-debug: // ---- build task cocos-service：onBeforeBuild ---- (130ms)
2026-7-7 16:58:33-debug: scene:(onBeforeBuild) start..., progress: 2%
2026-7-7 16:58:33-debug: // ---- build task scene：onBeforeBuild ----
2026-7-7 16:58:33-debug: cocos-service:(onBeforeBuild) in 130 ms ✓, progress: 2%
2026-7-7 16:58:39-debug: // ---- build task scene：onBeforeBuild ---- (5571ms)
2026-7-7 16:58:39-debug: scene:(onBeforeBuild) in 5571 ms ✓, progress: 4%
2026-7-7 16:58:39-debug: super-packager:(onBeforeBuild) start..., progress: 4%
2026-7-7 16:58:39-debug: // ---- build task super-packager：onBeforeBuild ----
2026-7-7 16:58:39-log: [SUPER_PACKAGE]onBeforeBuild
2026-7-7 16:58:39-log: [SUPER_PACKAGE]商店链接配置:{"googlePlayUrl":"","appStoreUrl":""}
2026-7-7 16:58:39-log: [SUPER_PACKAGE]商店链接已同步到文件
2026-7-7 16:58:39-debug: // ---- build task super-packager：onBeforeBuild ---- (39ms)
2026-7-7 16:58:39-debug: Start lock asset db..., progress: 5%
2026-7-7 16:58:39-debug: super-packager:(onBeforeBuild) in 39 ms ✓, progress: 5%
2026-7-7 16:58:39-log: Asset DB is paused with build!
2026-7-7 16:58:39-debug: Query all assets info in project
2026-7-7 16:58:39-log: 资源数据库已锁定，资源操作(refresh)将会延迟响应，请稍侯
2026-7-7 16:58:39-debug: web-mobile:(onAfterInit) start..., progress: 5%
2026-7-7 16:58:39-debug: init custom config: keepNodeUuid: false, useCache: true
2026-7-7 16:58:39-debug: // ---- build task web-mobile：onAfterInit ----
2026-7-7 16:58:39-debug: // ---- build task web-mobile：onAfterInit ---- (28ms)
2026-7-7 16:58:39-debug: web-mobile:(onAfterInit) in 28 ms ✓, progress: 7%
2026-7-7 16:58:39-debug: cocos-service:(onAfterInit) start..., progress: 7%
2026-7-7 16:58:39-debug: // ---- build task cocos-service：onAfterInit ----
2026-7-7 16:58:39-debug: // ---- build task cocos-service：onAfterInit ---- (151ms)
2026-7-7 16:58:39-debug: cocos-service:(onAfterInit) in 151 ms ✓, progress: 9%
2026-7-7 16:58:39-debug: Skip compress image, progress: 0%
2026-7-7 16:58:39-debug: adsense-h5g-plugin:(onBeforeBundleInit) start..., progress: 9%
2026-7-7 16:58:39-debug: // ---- build task adsense-h5g-plugin：onBeforeBundleInit ----
2026-7-7 16:58:39-debug: adsense-h5g-plugin:(onBeforeBundleInit) start..., progress: 0%
2026-7-7 16:58:39-debug: [adsense-h5g-plugin] remove script success
2026-7-7 16:58:39-debug: // ---- build task adsense-h5g-plugin：onBeforeBundleInit ---- (44ms)
2026-7-7 16:58:39-debug: adsense-h5g-plugin:(onBeforeBundleInit) in 44 ms ✓, progress: 7%
2026-7-7 16:58:39-debug: adsense-h5g-plugin:(onBeforeBundleInit) in 44 ms ✓, progress: 9%
2026-7-7 16:58:39-debug: Init all bundles start..., progress: 9%
2026-7-7 16:58:39-debug: Init all bundles start..., progress: 7%
2026-7-7 16:58:39-debug: Num of bundles: 3..., progress: 9%
2026-7-7 16:58:39-debug: Num of bundles: 3..., progress: 7%
2026-7-7 16:58:39-debug: web-mobile:(onAfterBundleInit) start..., progress: 9%
2026-7-7 16:58:39-debug: // ---- build task web-mobile：onAfterBundleInit ----
2026-7-7 16:58:39-debug: web-mobile:(onAfterBundleInit) start..., progress: 7%
2026-7-7 16:58:39-debug: // ---- build task web-mobile：onAfterBundleInit ---- (72ms)
2026-7-7 16:58:39-debug: web-mobile:(onAfterBundleInit) in 72 ms ✓, progress: 13%
2026-7-7 16:58:39-debug: web-mobile:(onAfterBundleInit) in 72 ms ✓, progress: 9%
2026-7-7 16:58:39-debug: // ---- build task 查询 Asset Bundle ----
2026-7-7 16:58:39-debug: Init bundle root assets start..., progress: 9%
2026-7-7 16:58:39-debug: Init bundle root assets start..., progress: 13%
2026-7-7 16:58:39-debug: 查询 Asset Bundle start, progress: 9%
2026-7-7 16:58:39-debug: Query preload assets/scripts from cc.config.json: 60f7195c-ec2a-45eb-ba94-8955f60e81d0,1c02ae6f-4492-4915-b8f8-7492a3b1e4cd,810e96e4-e456-4468-9b59-f4e8f39732c0,efe8e2a3-eace-427b-b4f1-cb8a937ec77d,e9aa9a3e-5b2b-4ac7-a2c7-073de2b2b24f,8bbdbcdd-5cd4-4100-b6d5-b7c9625b6107,50f4348b-c883-4e2f-8f11-ce233b859fa1,fda095cb-831d-4601-ad94-846013963de8,f92806d7-1768-443f-afe8-12bcde84d0f0,dd3a144d-ab7f-41f0-82b8-2e43a090d496,f0416e68-0200-4b77-a926-4f9d16e494da,511d2633-09a7-4bdd-ac42-f778032124b3,5d45aa00-e064-4938-b314-4265f0c2258c,9361fd90-ba52-4f84-aa93-6e878fd576ca,970b0598-bcb0-4714-91fb-2e81440dccd8,bcd64cc6-2dd9-43f6-abbe-66318d332032,d930590d-bb92-4cc8-8bd1-23cd027f9edf,a3cd009f-0ab0-420d-9278-b9fdab939bbc,6a2d0734-bd9e-4ddf-946e-caa52498cb75,d1346436-ac96-4271-b863-1f4fdead95b0,971bdb23-3ff6-43eb-b422-1c30165a3663,17debcc3-0a6b-4b8a-b00b-dc58b885581e,711ebe11-f673-4cd9-9a83-63c60ba54c5b,c0143906-9aed-447e-9436-2ae8512d1b6e,14da1725-c4c2-42b4-ab08-ee0aeb6898b3,081cab31-dccd-428e-8652-f2404cc81c47,78e0584a-4343-4727-8f37-e14e65c2a2db,ba21476f-2866-4f81-9c4d-6e359316e448,871c3b6c-7379-419d-bda3-794b239ab90d,ff9b0199-ce04-4cfe-86cc-6c719f08d6e4,de1c2107-70c8-4021-8459-6399f24d01c6,cbf30902-517f-40dc-af90-a550bac27cf1,5c601d96-e4c7-4698-991b-7ee674b11079
2026-7-7 16:58:39-debug:   Number of all scenes: 5
2026-7-7 16:58:39-debug:   Number of all scripts: 109
2026-7-7 16:58:39-debug:   Number of other assets: 1158
2026-7-7 16:58:39-debug: Init bundle root assets success..., progress: 9%
2026-7-7 16:58:39-debug: Init bundle root assets success..., progress: 13%
2026-7-7 16:58:39-debug: reload all scripts.
2026-7-7 16:58:39-debug: [[Executor]] reload before lock
2026-7-7 16:58:39-debug: Set detail map pack:///resolution-detail-map.json: {}
2026-7-7 16:58:39-debug: Unregister BuiltinPipelineSettings
2026-7-7 16:58:39-debug: Unregister DebugViewRuntimeControl
2026-7-7 16:58:39-debug: Unregister Lightning
2026-7-7 16:58:39-debug: Unregister LayerManager
2026-7-7 16:58:39-debug: Unregister CameraMove
2026-7-7 16:58:39-debug: Unregister UnityUpComponent
2026-7-7 16:58:39-debug: Unregister BuiltinDepthOfFieldPass
2026-7-7 16:58:39-debug: Unregister BuiltinPipelinePassBuilder
2026-7-7 16:58:39-debug: Unregister RotationVector
2026-7-7 16:58:39-debug: Unregister PrefabsRes
2026-7-7 16:58:39-debug: Unregister PrefabsManager
2026-7-7 16:58:39-debug: Unregister L18nManager
2026-7-7 16:58:39-debug: Unregister DownLoadL8
2026-7-7 16:58:39-debug: Unregister DownLoadL8
2026-7-7 16:58:39-debug: Unregister LangArrAuto
2026-7-7 16:58:39-debug: Unregister LangAuto
2026-7-7 16:58:39-debug: Unregister ResurrectionL8
2026-7-7 16:58:39-debug: Unregister Prop
2026-7-7 16:58:39-debug: Unregister JumpDriveEngine
2026-7-7 16:58:39-debug: Unregister BagBase
2026-7-7 16:58:39-debug: Unregister FlayPropManager
2026-7-7 16:58:39-debug: Unregister RotationDrive
2026-7-7 16:58:39-debug: Unregister GroupPropTransform
2026-7-7 16:58:39-debug: Unregister GroupBag3D
2026-7-7 16:58:39-debug: Unregister CollectGetTarget
2026-7-7 16:58:39-debug: Unregister AttackTargetBase
2026-7-7 16:58:39-debug: Unregister AreaAttack
2026-7-7 16:58:39-debug: Unregister MeleeAttack
2026-7-7 16:58:39-debug: Unregister HpComponent
2026-7-7 16:58:39-debug: Unregister MeshFlashPropData
2026-7-7 16:58:39-debug: Unregister MeshFlashSwitchData
2026-7-7 16:58:39-debug: Unregister MeshFlashData
2026-7-7 16:58:39-debug: Unregister BattleTargetBase
2026-7-7 16:58:39-debug: Unregister MoveDrive
2026-7-7 16:58:39-debug: Unregister EffectTimePartRemove
2026-7-7 16:58:39-debug: Unregister EffectManager
2026-7-7 16:58:39-debug: Unregister ColliderTag
2026-7-7 16:58:39-debug: Unregister BulletMonsterCollisionManager
2026-7-7 16:58:39-debug: Unregister LabBagUp
2026-7-7 16:58:39-debug: Unregister BattleTarget3D
2026-7-7 16:58:39-debug: Unregister BulletCollideBase2D
2026-7-7 16:58:39-debug: Unregister BulletBattle3D
2026-7-7 16:58:39-debug: Unregister EffectRemoveBase
2026-7-7 16:58:39-debug: Unregister RangedAttack
2026-7-7 16:58:39-debug: Unregister TriggerBase2D
2026-7-7 16:58:39-debug: Unregister BattleTarget2D
2026-7-7 16:58:39-debug: Unregister CollectBattleTarger2D
2026-7-7 16:58:39-debug: Unregister AttackParkPlay
2026-7-7 16:58:39-debug: Unregister BulletBatchRenderer
2026-7-7 16:58:39-debug: Unregister RangeTowerAttack
2026-7-7 16:58:39-debug: Unregister RangedAttack_Circle
2026-7-7 16:58:39-debug: Unregister RangedAttack_Shrapnel
2026-7-7 16:58:39-debug: Unregister BulletCollideBase3D
2026-7-7 16:58:39-debug: Unregister BulletBattle2D
2026-7-7 16:58:39-debug: Unregister CollectBattleTarger3D
2026-7-7 16:58:39-debug: Unregister EffectTimeRemove
2026-7-7 16:58:39-debug: Unregister TriggerBase3D
2026-7-7 16:58:39-debug: Unregister FbxManager
2026-7-7 16:58:39-debug: Unregister Role
2026-7-7 16:58:39-debug: Unregister GameOverPanel
2026-7-7 16:58:39-debug: Unregister WeaponBulletConfig
2026-7-7 16:58:39-debug: Unregister Player
2026-7-7 16:58:39-debug: Unregister MonsterBattleTaerget
2026-7-7 16:58:39-debug: Unregister PropArms
2026-7-7 16:58:39-debug: Unregister ArmsInfo
2026-7-7 16:58:39-debug: Unregister PropBrand
2026-7-7 16:58:39-debug: Unregister LalianHitStageConfig
2026-7-7 16:58:39-debug: Unregister PropLalianGate
2026-7-7 16:58:39-debug: Unregister CreatePropBrand
2026-7-7 16:58:39-debug: Unregister MonsterCreateInfo
2026-7-7 16:58:39-debug: Unregister MonsterCreateQueue
2026-7-7 16:58:39-debug: Unregister MonsterCreate
2026-7-7 16:58:39-debug: Unregister ArmsUp
2026-7-7 16:58:39-debug: Unregister PropTireGate
2026-7-7 16:58:39-debug: Unregister RockerUI
2026-7-7 16:58:39-debug: Unregister RockerMouseEvent
2026-7-7 16:58:39-debug: Unregister ShoppIngEvent
2026-7-7 16:58:39-debug: Unregister Shopping
2026-7-7 16:58:39-debug: Unregister BuyWayBase
2026-7-7 16:58:39-debug: Unregister BuyWay2D
2026-7-7 16:58:39-debug: Unregister GuideLine
2026-7-7 16:58:39-debug: Unregister GuideManager
2026-7-7 16:58:39-debug: Unregister Shopping_Super
2026-7-7 16:58:39-debug: Unregister ShoppingItem
2026-7-7 16:58:39-debug: Unregister FrameAnimManager
2026-7-7 16:58:39-debug: Unregister FrameManager
2026-7-7 16:58:39-debug: Unregister StutterCheck
2026-7-7 16:58:39-debug: Unregister UIButtonEvent
2026-7-7 16:58:39-debug: Invalidating 'pack:///chunks/93/93ba276ea7b26ffcdc433fab14afc1ed6f05647b.js'
2026-7-7 16:58:39-debug: Invalidating 'pack:///chunks/6d/6d8fd2b0177941b032ddc0733af48a561fb60657.js'
2026-7-7 16:58:39-debug: Invalidating 'pack:///chunks/6a/6a5019a719a9014c047e67aa1cf34453ab8392ce.js'
2026-7-7 16:58:39-debug: Invalidating 'pack:///chunks/f2/f22794b1c95bc92b6e994a97e9b193af020adc12.js'
2026-7-7 16:58:39-debug: Unregister BuyWay3D
2026-7-7 16:58:39-debug: Invalidating 'pack:///chunks/c9/c9d891290a54ec567f150962e76c6bf9cdf47b3b.js'
2026-7-7 16:58:39-debug: Invalidating 'pack:///chunks/04/04f62969dc20e2c08fceeca28e5f160f93c57d48.js'
2026-7-7 16:58:39-debug: Invalidating 'pack:///chunks/e0/e099fc7c0597d98bad93ecd30952e1955267ade1.js'
2026-7-7 16:58:39-debug: Invalidating 'pack:///chunks/e9/e96bc804d4af33012a1ad5c19177a551c107f2ae.js'
2026-7-7 16:58:39-debug: Invalidating 'pack:///chunks/d9/d980f46bad1521f99cf9b02f6f4709610973859b.js'
2026-7-7 16:58:39-debug: Invalidating 'pack:///chunks/14/14cec8e3738599ab9965ee6a2127491eba1361af.js'
2026-7-7 16:58:39-debug: Invalidating 'pack:///chunks/4d/4d6662648c8c361d9de350d72c1ab0a8e7508014.js'
2026-7-7 16:58:39-debug: Invalidating 'pack:///chunks/31/31cebe8e0355019a96c8dc216aed673e195b2a53.js'
2026-7-7 16:58:39-debug: Invalidating 'pack:///chunks/e2/e2118395860d446afdd7349c12bbbbd5ff0a8915.js'
2026-7-7 16:58:39-debug: Invalidating 'pack:///chunks/56/5601ae9cf318e5c14df7d30ca1cafe71734c982a.js'
2026-7-7 16:58:39-debug: Invalidating 'pack:///chunks/8a/8ae7d51cc818f718270f9e2ad9b78b6df4ffa62c.js'
2026-7-7 16:58:39-debug: Invalidating 'pack:///chunks/90/901a8f42214a0198b9aca11ce347c093cca5e26c.js'
2026-7-7 16:58:39-debug: Invalidating 'pack:///chunks/84/84fdd98491917343dab9e13fe8b5a70bd6a363c2.js'
2026-7-7 16:58:39-debug: Invalidating 'pack:///chunks/8b/8b1077471006cad018e02beccd0bed5dcc54c671.js'
2026-7-7 16:58:39-debug: Invalidating 'pack:///chunks/a1/a1d124b8795c6e55160d2ce5ecbd41437847152f.js'
2026-7-7 16:58:39-debug: Invalidating 'pack:///chunks/3f/3fc33806253ded99e50ac9220c73832ef2904ca7.js'
2026-7-7 16:58:39-debug: Invalidating 'pack:///chunks/f2/f20c45b49501fbe07d44e99d95c2c506a06a0ecd.js'
2026-7-7 16:58:39-debug: Invalidating 'pack:///chunks/eb/eb316915c4446a477164305c14374917acb92a23.js'
2026-7-7 16:58:39-debug: Invalidating 'pack:///chunks/84/8436bf0d6f6a392b090fff8471ad48b32970414b.js'
2026-7-7 16:58:39-debug: Invalidating 'pack:///chunks/e9/e950dd2519065be1280daf69ce7f6b07e4d0caaa.js'
2026-7-7 16:58:39-debug: Invalidating 'pack:///chunks/f0/f04c2dd9d3cc608a6f46e13bb5d3c46aa5633baf.js'
2026-7-7 16:58:39-debug: Invalidating 'pack:///chunks/f8/f8baeccf8cf047db05161c9b9e8b6b4ff9eefe2f.js'
2026-7-7 16:58:39-debug: Invalidating 'pack:///chunks/ed/edbdde40fab9baf06e704beb85e64d72f20aefb8.js'
2026-7-7 16:58:39-debug: Invalidating 'pack:///chunks/63/633ac4308370832c1c78b9f28702617696f6e9fb.js'
2026-7-7 16:58:39-debug: Invalidating 'pack:///chunks/f5/f570589f727cbf96139a6869e201d7a87544da71.js'
2026-7-7 16:58:39-debug: Invalidating 'pack:///chunks/40/407fe08f85a1575a06beb3692d40cf36d9684f58.js'
2026-7-7 16:58:39-debug: Invalidating 'pack:///chunks/0f/0fd75e1d9556ba520ee98c89195f9d0594110ad2.js'
2026-7-7 16:58:39-debug: Invalidating 'pack:///chunks/5f/5fdfd08a9c16dc742e66ef16a5a8e13f5f831a3e.js'
2026-7-7 16:58:39-debug: Invalidating 'pack:///chunks/84/84bbaa7f2e1a0639f57f755b935e1acb7d73f78e.js'
2026-7-7 16:58:39-debug: Invalidating 'pack:///chunks/4c/4c2851018e56f823e74c2b3e2117156bcb9e76d0.js'
2026-7-7 16:58:39-debug: Invalidating 'pack:///chunks/2e/2edb51f2f57b638345a2b9d561f476b67029b574.js'
2026-7-7 16:58:39-debug: Invalidating 'pack:///chunks/ec/ecb76259f390974cf14cad52564b11281c42a7e6.js'
2026-7-7 16:58:39-debug: Invalidating 'pack:///chunks/38/38483f6f68b174c6aad120536d38c3642cb0e458.js'
2026-7-7 16:58:39-debug: Invalidating 'pack:///chunks/d5/d58c1ab1b696259af8c3b1384857266dba055462.js'
2026-7-7 16:58:39-debug: Invalidating 'pack:///chunks/e5/e5fea8c54230bb378b45e63a8ea8186bdeccbbe2.js'
2026-7-7 16:58:39-debug: Invalidating 'pack:///chunks/41/4103e3b8e8be7d1b0e7a8a67f28a2c29fe9aa2dc.js'
2026-7-7 16:58:39-debug: Invalidating 'pack:///chunks/b6/b6919de7425c243c4e1697f376cb4f6f6b2769a4.js'
2026-7-7 16:58:39-debug: Invalidating 'pack:///chunks/f6/f6cf9b6088316a765dbcd0b22eb496d3f4be80dc.js'
2026-7-7 16:58:39-debug: Invalidating 'pack:///chunks/b5/b5c69e24499acddd297e4328687b0ea934b109d5.js'
2026-7-7 16:58:39-debug: Invalidating 'pack:///chunks/7e/7e52be47c960966fc7d962b7957dbbce1047514e.js'
2026-7-7 16:58:39-debug: Invalidating 'pack:///chunks/f4/f4bb2b73aacdc0370fc65face1ef60d9e8732bfd.js'
2026-7-7 16:58:39-debug: Invalidating 'pack:///chunks/80/80f420cd19a5967732f7f177a68c3670990311d3.js'
2026-7-7 16:58:39-debug: Invalidating 'pack:///chunks/0e/0ea1c77c59b038eb4661ef171f440cbc7cc134ca.js'
2026-7-7 16:58:39-debug: Invalidating 'pack:///chunks/3f/3ff8f1a74d7fbbd22ced04971b6ab15e04fd86a6.js'
2026-7-7 16:58:39-debug: Invalidating 'pack:///chunks/80/803faff6203a98317cc86f08677de73b7112b743.js'
2026-7-7 16:58:39-debug: Invalidating 'pack:///chunks/79/798785a3f67288cbb075d5efa15a2c266208a881.js'
2026-7-7 16:58:39-debug: Invalidating 'pack:///chunks/d5/d5f6e07e1b02d743fed3d9c2c8e155b0c3309d52.js'
2026-7-7 16:58:39-debug: Invalidating 'pack:///chunks/29/296009d632e65e6f653d790324d741c2d9759f34.js'
2026-7-7 16:58:39-debug: Invalidating 'pack:///chunks/23/2370bd6a63dbba247d7fcab21c5244288f150386.js'
2026-7-7 16:58:39-debug: Invalidating 'pack:///chunks/02/021cbce763294c7c4adf05845718c817a68ff9f3.js'
2026-7-7 16:58:39-debug: Invalidating 'pack:///chunks/b1/b12e427b1fcb487f729ef654542d8e9775a297cb.js'
2026-7-7 16:58:39-debug: Invalidating 'pack:///chunks/9b/9be30ad1a917cc0914201f1db5bdf1c5cb4d6e49.js'
2026-7-7 16:58:39-debug: Invalidating 'pack:///chunks/9e/9ec8816866d723aea0e61547ea23bf04cc3c7c78.js'
2026-7-7 16:58:39-debug: Invalidating 'pack:///chunks/a7/a78b9d0a8af4315011c59f40b6c49da033e49269.js'
2026-7-7 16:58:39-debug: Invalidating 'pack:///chunks/6c/6c35293030e947e52f03ea585990d17f31ea7df0.js'
2026-7-7 16:58:39-debug: Invalidating 'pack:///chunks/43/4314f54defc530df4c3d4a14e3561038b8628ff3.js'
2026-7-7 16:58:39-debug: Invalidating 'pack:///chunks/e1/e13771ea8032dbc1728530af431c57de3b1e5e24.js'
2026-7-7 16:58:39-debug: Invalidating 'pack:///chunks/4a/4a75ba705e89112b3bcc356e77985c7a095b80f4.js'
2026-7-7 16:58:39-debug: Invalidating 'pack:///chunks/bb/bb66609565f0d30fbedfe7ab7019decca8a2726b.js'
2026-7-7 16:58:39-debug: Invalidating 'pack:///chunks/dc/dcc18999575bc7125a793680f1b595554e7f2cde.js'
2026-7-7 16:58:39-debug: Invalidating 'pack:///chunks/9a/9a8786a747b555136cef77c9f5e7ad17e18a31eb.js'
2026-7-7 16:58:39-debug: Invalidating 'pack:///chunks/05/0510980ff6e9ad26ec622e2230780bc7f1d96f08.js'
2026-7-7 16:58:39-debug: Invalidating 'pack:///chunks/8a/8a4b23fc8904a55daa926fa9bf2d450c2c59d378.js'
2026-7-7 16:58:39-debug: Invalidating 'pack:///chunks/ce/ced31965a759b2c1d777a8f0d98f8cd326020d87.js'
2026-7-7 16:58:39-debug: Invalidating 'pack:///chunks/6e/6e4d3e245933373fd13279940a5d6dee30418f49.js'
2026-7-7 16:58:39-debug: Invalidating 'pack:///chunks/f0/f05038aedf4d7805ad91dbf59f1c87fe35c23bb5.js'
2026-7-7 16:58:39-debug: Invalidating 'pack:///chunks/05/05825d2a71d7765a90fbbdda8907aab57810f0a0.js'
2026-7-7 16:58:39-debug: Invalidating 'pack:///chunks/fa/fad9c36dab7fd23cbd0b1b9ebcbd02e6023aaadd.js'
2026-7-7 16:58:39-debug: Invalidating 'pack:///chunks/01/011c6605e93c83936bcaadc521a3f2df21bdd87a.js'
2026-7-7 16:58:39-debug: Invalidating 'pack:///chunks/7a/7a056ac353cd4f184635b76aa08c0d427085fda7.js'
2026-7-7 16:58:39-debug: Invalidating 'pack:///chunks/11/1193ac27b94da532d27808ef712ed0fcd809d84d.js'
2026-7-7 16:58:39-debug: Invalidating 'pack:///chunks/03/031aac2e2ea93f03b5422269c22800e822715034.js'
2026-7-7 16:58:39-debug: Invalidating 'pack:///chunks/29/2933ae65951958109aeb70104e6287b8240a8e01.js'
2026-7-7 16:58:39-debug: Invalidating 'pack:///chunks/cd/cd87286564d42a577ada1093f142b4db43415d61.js'
2026-7-7 16:58:39-debug: Invalidating 'pack:///chunks/dd/ddf9ec67bc21176ab14fd7bef2d6099af7cab4e3.js'
2026-7-7 16:58:39-debug: Invalidating 'pack:///chunks/12/120cba8f856407335ad8a04347cd4d36bf752a1e.js'
2026-7-7 16:58:39-debug: Invalidating 'pack:///chunks/7c/7cb3e78818d3ca7420c127c4f13ad5587e5cc5d3.js'
2026-7-7 16:58:39-debug: Invalidating 'pack:///chunks/78/7875e58dc11de4424867c114cd71cf4d379fd7ce.js'
2026-7-7 16:58:39-debug: Invalidating 'pack:///chunks/6b/6b5ef849a8a91f0cd956b88818795e47d9431e29.js'
2026-7-7 16:58:39-debug: Invalidating 'pack:///chunks/6b/6bf6369babd500e0802aeb38d4c346ae3462ef8b.js'
2026-7-7 16:58:39-debug: Invalidating 'pack:///chunks/2c/2c40d59e1ac0050bfd5e4aece9657278c88a4b47.js'
2026-7-7 16:58:39-debug: Invalidating 'pack:///chunks/aa/aa6223cf35796d09344450a14919ad24c61174bb.js'
2026-7-7 16:58:39-debug: Invalidating 'pack:///chunks/e2/e2cd37831230a7474a5c89ec9f0764c2d6ce1581.js'
2026-7-7 16:58:39-debug: Invalidating 'pack:///chunks/ac/ac0e66d1df96447f3ea6b579b5067cb87a880d84.js'
2026-7-7 16:58:39-debug: Invalidating 'pack:///chunks/c1/c14c87720f6e6e7b27f438925fae2cc2d4587268.js'
2026-7-7 16:58:39-debug: Invalidating 'pack:///chunks/fb/fb231b7b47c244832aa3ed0055e0ff4d6bda9530.js'
2026-7-7 16:58:39-debug: Invalidating 'pack:///chunks/1e/1e9839fb85f612fea3030115a5d65b742de2db50.js'
2026-7-7 16:58:39-debug: Invalidating 'pack:///chunks/7d/7d88e9fa4d49091167d5648112015c50cab8c311.js'
2026-7-7 16:58:39-debug: Invalidating 'pack:///chunks/d0/d08abfe279c9195afbafb261981128dda32fee17.js'
2026-7-7 16:58:39-debug: Invalidating 'pack:///chunks/e4/e49d377195f0f6ca8039098e5e76d909c726c89c.js'
2026-7-7 16:58:39-debug: Invalidating 'pack:///chunks/c8/c8d2fc621a68aadf290b9938ae81f70dbefcc8d6.js'
2026-7-7 16:58:39-debug: Invalidating 'pack:///chunks/41/41b6ef284e15d0779c96601cab9a95a7c5e5919b.js'
2026-7-7 16:58:39-debug: Invalidating 'pack:///chunks/5f/5fd5284b513982ea020d8e9513905cac6e75919a.js'
2026-7-7 16:58:39-debug: Invalidating 'pack:///chunks/1b/1b6bd2739873dc60bb0e67b18f2ae1f3b116fb07.js'
2026-7-7 16:58:39-debug: Invalidating 'pack:///chunks/c4/c409a49d391cd0107339e604abf784bacdef4b02.js'
2026-7-7 16:58:39-debug: Invalidating 'pack:///chunks/99/9957d51b35d223fa476f8f6dcd2b5d011a93ab2f.js'
2026-7-7 16:58:39-debug: Invalidating 'pack:///chunks/d8/d87351923699bbc0b3bf2e76b9d6665983f7b324.js'
2026-7-7 16:58:39-debug: Invalidating 'pack:///chunks/b8/b8ff2efe0a5ef0b3134c1c0a100a2fc7e48d38e3.js'
2026-7-7 16:58:39-debug: Invalidating 'pack:///chunks/83/8354ac407215243163174d3e83d4cdab306051e3.js'
2026-7-7 16:58:39-debug: Invalidating 'pack:///chunks/84/848ca7bc3c110f0554094ecf01b3a37b01ea9dfd.js'
2026-7-7 16:58:39-debug: Invalidating 'pack:///chunks/7e/7ece20e41250ede0e4707962498ddfd8c4453b24.js'
2026-7-7 16:58:39-debug: Invalidating 'pack:///chunks/95/95d64f4c8aa166ee79b72d7add5021b420a7ce33.js'
2026-7-7 16:58:39-debug: Invalidating 'pack:///chunks/e9/e9668b02254f4db9826696b9dfb6914087bee6cc.js'
2026-7-7 16:58:39-debug: Invalidating 'pack:///chunks/4a/4a434c55814df4d84e6cd9fee04d3f21bfa74070.js'
2026-7-7 16:58:39-debug: Invalidating 'pack:///chunks/23/23f4bc413c460b50ee5cc83636bb099609a379fd.js'
2026-7-7 16:58:39-debug: Invalidating 'pack:///chunks/4d/4d68417d37cd80fe73d65d56dfe11dd26e9ef91a.js'
2026-7-7 16:58:39-debug: [[Executor]] Module "pack:///chunks/93/93ba276ea7b26ffcdc433fab14afc1ed6f05647b.js" loaded.
2026-7-7 16:58:39-debug: Invalidating 'pack:///chunks/5b/5b626ae965dfc8bbf67ffe6dd329ea95c382afe6.js'
2026-7-7 16:58:39-debug: Invalidating 'pack:///chunks/b0/b0316da27abe29af9f8a517d28257bc913762f57.js'
2026-7-7 16:58:39-debug: D:\工程项目\PlayableAD\Cocos\TheW\20260615_HYQ\HYQ_Project\temp\programming\packer-driver\targets\editor\chunks\6d\6d8fd2b0177941b032ddc0733af48a561fb60657.js resolved to D:\工程项目\PlayableAD\Cocos\TheW\20260615_HYQ\HYQ_Project\temp\programming\packer-driver\targets\editor\chunks\6d\6d8fd2b0177941b032ddc0733af48a561fb60657.js is not in module cache!
2026-7-7 16:58:39-debug: [[Executor]] Module "pack:///chunks/6d/6d8fd2b0177941b032ddc0733af48a561fb60657.js" loaded.
2026-7-7 16:58:39-debug: [[Executor]] Register BuiltinPipelineSettings
2026-7-7 16:58:39-debug: [[Executor]] Register BuiltinPipelinePassBuilder
2026-7-7 16:58:39-debug: [[Executor]] Module "pack:///chunks/c9/c9d891290a54ec567f150962e76c6bf9cdf47b3b.js" loaded.
2026-7-7 16:58:39-debug: [[Executor]] Module "pack:///chunks/84/84fdd98491917343dab9e13fe8b5a70bd6a363c2.js" loaded.
2026-7-7 16:58:39-debug: [[Executor]] Module "pack:///chunks/6a/6a5019a719a9014c047e67aa1cf34453ab8392ce.js" loaded.
2026-7-7 16:58:39-debug: [[Executor]] Register BuiltinDepthOfFieldPass
2026-7-7 16:58:39-debug: [[Executor]] Module "pack:///chunks/04/04f62969dc20e2c08fceeca28e5f160f93c57d48.js" loaded.
2026-7-7 16:58:39-debug: [[Executor]] Module "pack:///chunks/d9/d980f46bad1521f99cf9b02f6f4709610973859b.js" loaded.
2026-7-7 16:58:39-debug: [[Executor]] Register DebugViewRuntimeControl
2026-7-7 16:58:39-debug: [[Executor]] Module "pack:///chunks/f2/f22794b1c95bc92b6e994a97e9b193af020adc12.js" loaded.
2026-7-7 16:58:39-debug: [[Executor]] Module "pack:///chunks/e0/e099fc7c0597d98bad93ecd30952e1955267ade1.js" loaded.
2026-7-7 16:58:39-debug: [[Executor]] Register Lightning
2026-7-7 16:58:39-debug: [[Executor]] Module "pack:///chunks/e2/e2118395860d446afdd7349c12bbbbd5ff0a8915.js" loaded.
2026-7-7 16:58:39-debug: [[Executor]] Module "pack:///chunks/e9/e96bc804d4af33012a1ad5c19177a551c107f2ae.js" loaded.
2026-7-7 16:58:39-debug: [[Executor]] Module "pack:///chunks/4d/4d6662648c8c361d9de350d72c1ab0a8e7508014.js" loaded.
2026-7-7 16:58:39-debug: [[Executor]] Module "pack:///chunks/31/31cebe8e0355019a96c8dc216aed673e195b2a53.js" loaded.
2026-7-7 16:58:39-debug: [[Executor]] Module "pack:///chunks/14/14cec8e3738599ab9965ee6a2127491eba1361af.js" loaded.
2026-7-7 16:58:39-debug: [[Executor]] Register CameraMove
2026-7-7 16:58:39-debug: [[Executor]] Module "pack:///chunks/56/5601ae9cf318e5c14df7d30ca1cafe71734c982a.js" loaded.
2026-7-7 16:58:39-debug: [[Executor]] Register LayerManager
2026-7-7 16:58:39-debug: [[Executor]] Register UnityUpComponent
2026-7-7 16:58:39-debug: [[Executor]] Module "pack:///chunks/3f/3fc33806253ded99e50ac9220c73832ef2904ca7.js" loaded.
2026-7-7 16:58:39-debug: [[Executor]] Module "pack:///chunks/79/798785a3f67288cbb075d5efa15a2c266208a881.js" loaded.
2026-7-7 16:58:39-debug: [[Executor]] Module "pack:///chunks/84/8436bf0d6f6a392b090fff8471ad48b32970414b.js" loaded.
2026-7-7 16:58:39-debug: [[Executor]] Module "pack:///chunks/8a/8ae7d51cc818f718270f9e2ad9b78b6df4ffa62c.js" loaded.
2026-7-7 16:58:39-debug: [[Executor]] Module "pack:///chunks/8b/8b1077471006cad018e02beccd0bed5dcc54c671.js" loaded.
2026-7-7 16:58:39-debug: [[Executor]] Module "pack:///chunks/f2/f20c45b49501fbe07d44e99d95c2c506a06a0ecd.js" loaded.
2026-7-7 16:58:39-debug: [[Executor]] Register MoveDrive
2026-7-7 16:58:39-debug: [[Executor]] Module "pack:///chunks/a1/a1d124b8795c6e55160d2ce5ecbd41437847152f.js" loaded.
2026-7-7 16:58:39-debug: [[Executor]] Register RotationDrive
2026-7-7 16:58:39-debug: [[Executor]] Module "pack:///chunks/90/901a8f42214a0198b9aca11ce347c093cca5e26c.js" loaded.
2026-7-7 16:58:39-debug: [[Executor]] Register PrefabsRes
2026-7-7 16:58:39-debug: [[Executor]] Register RotationVector
2026-7-7 16:58:39-debug: [[Executor]] Module "pack:///chunks/e9/e950dd2519065be1280daf69ce7f6b07e4d0caaa.js" loaded.
2026-7-7 16:58:39-debug: [[Executor]] Module "pack:///chunks/eb/eb316915c4446a477164305c14374917acb92a23.js" loaded.
2026-7-7 16:58:39-debug: [[Executor]] Register L18nManager
2026-7-7 16:58:39-debug: [[Executor]] Module "pack:///chunks/ed/edbdde40fab9baf06e704beb85e64d72f20aefb8.js" loaded.
2026-7-7 16:58:39-debug: [[Executor]] Module "pack:///chunks/f0/f04c2dd9d3cc608a6f46e13bb5d3c46aa5633baf.js" loaded.
2026-7-7 16:58:39-debug: [[Executor]] Register DownLoadL8
2026-7-7 16:58:39-debug: [[Executor]] Register PrefabsManager
2026-7-7 16:58:39-debug: [[Executor]] Module "pack:///chunks/f8/f8baeccf8cf047db05161c9b9e8b6b4ff9eefe2f.js" loaded.
2026-7-7 16:58:39-debug: [[Executor]] Register LangArrAuto
2026-7-7 16:58:39-debug: [[Executor]] Module "pack:///chunks/63/633ac4308370832c1c78b9f28702617696f6e9fb.js" loaded.
2026-7-7 16:58:39-debug: [[Executor]] Module "pack:///chunks/f5/f570589f727cbf96139a6869e201d7a87544da71.js" loaded.
2026-7-7 16:58:39-debug: [[Executor]] Register DownLoadL8
2026-7-7 16:58:39-debug: [[Executor]] Register ResurrectionL8
2026-7-7 16:58:39-debug: [[Executor]] Module "pack:///chunks/40/407fe08f85a1575a06beb3692d40cf36d9684f58.js" loaded.
2026-7-7 16:58:39-debug: [[Executor]] Register Prop
2026-7-7 16:58:39-debug: [[Executor]] Register LangAuto
2026-7-7 16:58:39-debug: [[Executor]] Module "pack:///chunks/f6/f6cf9b6088316a765dbcd0b22eb496d3f4be80dc.js" loaded.
2026-7-7 16:58:39-debug: [[Executor]] Module "pack:///chunks/4c/4c2851018e56f823e74c2b3e2117156bcb9e76d0.js" loaded.
2026-7-7 16:58:39-debug: [[Executor]] Module "pack:///chunks/0f/0fd75e1d9556ba520ee98c89195f9d0594110ad2.js" loaded.
2026-7-7 16:58:39-debug: [[Executor]] Register JumpDriveEngine
2026-7-7 16:58:39-debug: [[Executor]] Module "pack:///chunks/38/38483f6f68b174c6aad120536d38c3642cb0e458.js" loaded.
2026-7-7 16:58:39-debug: [[Executor]] Module "pack:///chunks/e5/e5fea8c54230bb378b45e63a8ea8186bdeccbbe2.js" loaded.
2026-7-7 16:58:39-debug: [[Executor]] Module "pack:///chunks/b6/b6919de7425c243c4e1697f376cb4f6f6b2769a4.js" loaded.
2026-7-7 16:58:39-debug: [[Executor]] Module "pack:///chunks/ec/ecb76259f390974cf14cad52564b11281c42a7e6.js" loaded.
2026-7-7 16:58:39-debug: [[Executor]] Module "pack:///chunks/41/4103e3b8e8be7d1b0e7a8a67f28a2c29fe9aa2dc.js" loaded.
2026-7-7 16:58:39-debug: [[Executor]] Module "pack:///chunks/5f/5fdfd08a9c16dc742e66ef16a5a8e13f5f831a3e.js" loaded.
2026-7-7 16:58:39-debug: [[Executor]] Module "pack:///chunks/2e/2edb51f2f57b638345a2b9d561f476b67029b574.js" loaded.
2026-7-7 16:58:39-debug: [[Executor]] Module "pack:///chunks/84/84bbaa7f2e1a0639f57f755b935e1acb7d73f78e.js" loaded.
2026-7-7 16:58:39-debug: [[Executor]] Register BagBase
2026-7-7 16:58:39-debug: [[Executor]] Module "pack:///chunks/d5/d58c1ab1b696259af8c3b1384857266dba055462.js" loaded.
2026-7-7 16:58:39-debug: [[Executor]] Register GroupBag3D
2026-7-7 16:58:39-debug: [[Executor]] Register FlayPropManager
2026-7-7 16:58:39-debug: [[Executor]] Module "pack:///chunks/80/80f420cd19a5967732f7f177a68c3670990311d3.js" loaded.
2026-7-7 16:58:39-debug: [[Executor]] Module "pack:///chunks/7e/7e52be47c960966fc7d962b7957dbbce1047514e.js" loaded.
2026-7-7 16:58:39-debug: [[Executor]] Module "pack:///chunks/f4/f4bb2b73aacdc0370fc65face1ef60d9e8732bfd.js" loaded.
2026-7-7 16:58:39-debug: [[Executor]] Register LabBagUp
2026-7-7 16:58:39-debug: [[Executor]] Module "pack:///chunks/b5/b5c69e24499acddd297e4328687b0ea934b109d5.js" loaded.
2026-7-7 16:58:39-debug: [[Executor]] Register CollectGetTarget
2026-7-7 16:58:39-debug: [[Executor]] Register GroupPropTransform
2026-7-7 16:58:39-debug: [[Executor]] Module "pack:///chunks/0e/0ea1c77c59b038eb4661ef171f440cbc7cc134ca.js" loaded.
2026-7-7 16:58:39-debug: [[Executor]] Register AttackTargetBase
2026-7-7 16:58:39-debug: [[Executor]] Module "pack:///chunks/80/803faff6203a98317cc86f08677de73b7112b743.js" loaded.
2026-7-7 16:58:39-debug: [[Executor]] Register AreaAttack
2026-7-7 16:58:39-debug: [[Executor]] Module "pack:///chunks/b1/b12e427b1fcb487f729ef654542d8e9775a297cb.js" loaded.
2026-7-7 16:58:39-debug: [[Executor]] Register MeleeAttack
2026-7-7 16:58:39-debug: [[Executor]] Module "pack:///chunks/3f/3ff8f1a74d7fbbd22ced04971b6ab15e04fd86a6.js" loaded.
2026-7-7 16:58:39-debug: [[Executor]] Register HpComponent
2026-7-7 16:58:39-debug: [[Executor]] Module "pack:///chunks/29/296009d632e65e6f653d790324d741c2d9759f34.js" loaded.
2026-7-7 16:58:39-debug: [[Executor]] Module "pack:///chunks/23/2370bd6a63dbba247d7fcab21c5244288f150386.js" loaded.
2026-7-7 16:58:39-debug: [[Executor]] Register MeshFlashPropData
2026-7-7 16:58:39-debug: [[Executor]] Module "pack:///chunks/9e/9ec8816866d723aea0e61547ea23bf04cc3c7c78.js" loaded.
2026-7-7 16:58:39-debug: [[Executor]] Register MeshFlashData
2026-7-7 16:58:39-debug: [[Executor]] Module "pack:///chunks/d5/d5f6e07e1b02d743fed3d9c2c8e155b0c3309d52.js" loaded.
2026-7-7 16:58:39-debug: [[Executor]] Register BattleTargetBase
2026-7-7 16:58:39-debug: [[Executor]] Module "pack:///chunks/02/021cbce763294c7c4adf05845718c817a68ff9f3.js" loaded.
2026-7-7 16:58:39-debug: [[Executor]] Register MeshFlashSwitchData
2026-7-7 16:58:39-debug: [[Executor]] Module "pack:///chunks/dc/dcc18999575bc7125a793680f1b595554e7f2cde.js" loaded.
2026-7-7 16:58:39-debug: [[Executor]] Register EffectTimePartRemove
2026-7-7 16:58:39-debug: [[Executor]] Module "pack:///chunks/ce/ced31965a759b2c1d777a8f0d98f8cd326020d87.js" loaded.
2026-7-7 16:58:39-debug: [[Executor]] Register EffectManager
2026-7-7 16:58:39-debug: [[Executor]] Register EffectRemoveBase
2026-7-7 16:58:39-debug: [[Executor]] Module "pack:///chunks/4a/4a75ba705e89112b3bcc356e77985c7a095b80f4.js" loaded.
2026-7-7 16:58:39-debug: [[Executor]] Register BulletMonsterCollisionManager
2026-7-7 16:58:39-debug: [[Executor]] Module "pack:///chunks/b0/b0316da27abe29af9f8a517d28257bc913762f57.js" loaded.
2026-7-7 16:58:39-debug: [[Executor]] Register BulletBattle3D
2026-7-7 16:58:39-debug: [[Executor]] Module "pack:///chunks/e1/e13771ea8032dbc1728530af431c57de3b1e5e24.js" loaded.
2026-7-7 16:58:39-debug: [[Executor]] Register BattleTarget3D
2026-7-7 16:58:39-debug: [[Executor]] Module "pack:///chunks/a7/a78b9d0a8af4315011c59f40b6c49da033e49269.js" loaded.
2026-7-7 16:58:39-debug: [[Executor]] Register BulletCollideBase2D
2026-7-7 16:58:39-debug: [[Executor]] Module "pack:///chunks/9a/9a8786a747b555136cef77c9f5e7ad17e18a31eb.js" loaded.
2026-7-7 16:58:39-debug: [[Executor]] Register BulletBattle2D
2026-7-7 16:58:39-debug: [[Executor]] Module "pack:///chunks/bb/bb66609565f0d30fbedfe7ab7019decca8a2726b.js" loaded.
2026-7-7 16:58:39-debug: [[Executor]] Module "pack:///chunks/43/4314f54defc530df4c3d4a14e3561038b8628ff3.js" loaded.
2026-7-7 16:58:39-debug: [[Executor]] Register ColliderTag
2026-7-7 16:58:39-debug: [[Executor]] Module "pack:///chunks/6c/6c35293030e947e52f03ea585990d17f31ea7df0.js" loaded.
2026-7-7 16:58:39-debug: [[Executor]] Register TriggerBase2D
2026-7-7 16:58:39-debug: [[Executor]] Module "pack:///chunks/9b/9be30ad1a917cc0914201f1db5bdf1c5cb4d6e49.js" loaded.
2026-7-7 16:58:39-debug: [[Executor]] Module "pack:///chunks/8a/8a4b23fc8904a55daa926fa9bf2d450c2c59d378.js" loaded.
2026-7-7 16:58:39-debug: [[Executor]] Module "pack:///chunks/5b/5b626ae965dfc8bbf67ffe6dd329ea95c382afe6.js" loaded.
2026-7-7 16:58:39-debug: [[Executor]] Register RangedAttack
2026-7-7 16:58:39-debug: [[Executor]] Register BattleTarget2D
2026-7-7 16:58:39-debug: [[Executor]] Register BulletBatchRenderer
2026-7-7 16:58:39-debug: [[Executor]] Register CollectBattleTarger2D
2026-7-7 16:58:39-debug: [[Executor]] Module "pack:///chunks/f0/f05038aedf4d7805ad91dbf59f1c87fe35c23bb5.js" loaded.
2026-7-7 16:58:39-debug: [[Executor]] Module "pack:///chunks/05/05825d2a71d7765a90fbbdda8907aab57810f0a0.js" loaded.
2026-7-7 16:58:39-debug: [[Executor]] Register AttackParkPlay
2026-7-7 16:58:39-debug: [[Executor]] Module "pack:///chunks/05/0510980ff6e9ad26ec622e2230780bc7f1d96f08.js" loaded.
2026-7-7 16:58:39-debug: [[Executor]] Register RangedAttack_Circle
2026-7-7 16:58:39-debug: [[Executor]] Module "pack:///chunks/6e/6e4d3e245933373fd13279940a5d6dee30418f49.js" loaded.
2026-7-7 16:58:39-debug: [[Executor]] Module "pack:///chunks/fa/fad9c36dab7fd23cbd0b1b9ebcbd02e6023aaadd.js" loaded.
2026-7-7 16:58:39-debug: [[Executor]] Register RangeTowerAttack
2026-7-7 16:58:39-debug: [[Executor]] Register RangedAttack_Shrapnel
2026-7-7 16:58:39-debug: [[Executor]] Module "pack:///chunks/7a/7a056ac353cd4f184635b76aa08c0d427085fda7.js" loaded.
2026-7-7 16:58:39-debug: [[Executor]] Module "pack:///chunks/01/011c6605e93c83936bcaadc521a3f2df21bdd87a.js" loaded.
2026-7-7 16:58:39-debug: [[Executor]] Register TriggerBase3D
2026-7-7 16:58:39-debug: [[Executor]] Module "pack:///chunks/03/031aac2e2ea93f03b5422269c22800e822715034.js" loaded.
2026-7-7 16:58:39-debug: [[Executor]] Register BulletCollideBase3D
2026-7-7 16:58:39-debug: [[Executor]] Register CollectBattleTarger3D
2026-7-7 16:58:39-debug: [[Executor]] Module "pack:///chunks/29/2933ae65951958109aeb70104e6287b8240a8e01.js" loaded.
2026-7-7 16:58:39-debug: [[Executor]] Register GuideLine
2026-7-7 16:58:39-debug: [[Executor]] Module "pack:///chunks/11/1193ac27b94da532d27808ef712ed0fcd809d84d.js" loaded.
2026-7-7 16:58:39-debug: [[Executor]] Register EffectTimeRemove
2026-7-7 16:58:39-debug: [[Executor]] Module "pack:///chunks/cd/cd87286564d42a577ada1093f142b4db43415d61.js" loaded.
2026-7-7 16:58:39-debug: D:\工程项目\PlayableAD\Cocos\TheW\20260615_HYQ\HYQ_Project\temp\programming\packer-driver\targets\editor\chunks\fb\fb231b7b47c244832aa3ed0055e0ff4d6bda9530.js resolved to D:\工程项目\PlayableAD\Cocos\TheW\20260615_HYQ\HYQ_Project\temp\programming\packer-driver\targets\editor\chunks\fb\fb231b7b47c244832aa3ed0055e0ff4d6bda9530.js is not in module cache!
2026-7-7 16:58:39-debug: [[Executor]] Register FbxManager
2026-7-7 16:58:39-debug: [[Executor]] Module "pack:///chunks/78/7875e58dc11de4424867c114cd71cf4d379fd7ce.js" loaded.
2026-7-7 16:58:39-debug: [[Executor]] Module "pack:///chunks/fb/fb231b7b47c244832aa3ed0055e0ff4d6bda9530.js" loaded.
2026-7-7 16:58:39-debug: [[Executor]] Module "pack:///chunks/1e/1e9839fb85f612fea3030115a5d65b742de2db50.js" loaded.
2026-7-7 16:58:39-debug: [[Executor]] Register GameOverPanel
2026-7-7 16:58:39-debug: [[Executor]] Module "pack:///chunks/6b/6bf6369babd500e0802aeb38d4c346ae3462ef8b.js" loaded.
2026-7-7 16:58:39-debug: [[Executor]] Module "pack:///chunks/6b/6b5ef849a8a91f0cd956b88818795e47d9431e29.js" loaded.
2026-7-7 16:58:39-debug: [[Executor]] Register WeaponBulletConfig
2026-7-7 16:58:39-debug: [[Executor]] Module "pack:///chunks/12/120cba8f856407335ad8a04347cd4d36bf752a1e.js" loaded.
2026-7-7 16:58:39-debug: [[Executor]] Register MonsterBattleTaerget
2026-7-7 16:58:39-debug: [[Executor]] Module "pack:///chunks/2c/2c40d59e1ac0050bfd5e4aece9657278c88a4b47.js" loaded.
2026-7-7 16:58:39-debug: [[Executor]] Register Role
2026-7-7 16:58:39-debug: [[Executor]] Register PropArms
2026-7-7 16:58:39-debug: [[Executor]] Module "pack:///chunks/aa/aa6223cf35796d09344450a14919ad24c61174bb.js" loaded.
2026-7-7 16:58:39-debug: [[Executor]] Register ArmsInfo
2026-7-7 16:58:39-debug: [[Executor]] Register PropBrand
2026-7-7 16:58:39-debug: [[Executor]] Module "pack:///chunks/ac/ac0e66d1df96447f3ea6b579b5067cb87a880d84.js" loaded.
2026-7-7 16:58:39-debug: [[Executor]] Register LalianHitStageConfig
2026-7-7 16:58:39-debug: [[Executor]] Register PropLalianGate
2026-7-7 16:58:39-debug: [[Executor]] Module "pack:///chunks/c1/c14c87720f6e6e7b27f438925fae2cc2d4587268.js" loaded.
2026-7-7 16:58:39-debug: [[Executor]] Module "pack:///chunks/e2/e2cd37831230a7474a5c89ec9f0764c2d6ce1581.js" loaded.
2026-7-7 16:58:39-debug: [[Executor]] Register MonsterCreateInfo
2026-7-7 16:58:39-debug: [[Executor]] Register MonsterCreateQueue
2026-7-7 16:58:39-debug: [[Executor]] Register CreatePropBrand
2026-7-7 16:58:39-debug: [[Executor]] Module "pack:///chunks/7c/7cb3e78818d3ca7420c127c4f13ad5587e5cc5d3.js" loaded.
2026-7-7 16:58:39-debug: [[Executor]] Register MonsterCreate
2026-7-7 16:58:39-debug: [[Executor]] Module "pack:///chunks/dd/ddf9ec67bc21176ab14fd7bef2d6099af7cab4e3.js" loaded.
2026-7-7 16:58:39-debug: [[Executor]] Module "pack:///chunks/7d/7d88e9fa4d49091167d5648112015c50cab8c311.js" loaded.
2026-7-7 16:58:39-debug: [[Executor]] Register PropTireGate
2026-7-7 16:58:39-debug: [[Executor]] Module "pack:///chunks/d0/d08abfe279c9195afbafb261981128dda32fee17.js" loaded.
2026-7-7 16:58:39-debug: [[Executor]] Register RockerUI
2026-7-7 16:58:39-debug: [[Executor]] Module "pack:///chunks/c8/c8d2fc621a68aadf290b9938ae81f70dbefcc8d6.js" loaded.
2026-7-7 16:58:39-debug: [[Executor]] Register RockerMouseEvent
2026-7-7 16:58:39-debug: [[Executor]] Module "pack:///chunks/e4/e49d377195f0f6ca8039098e5e76d909c726c89c.js" loaded.
2026-7-7 16:58:39-debug: [[Executor]] Register ShoppIngEvent
2026-7-7 16:58:39-debug: [[Executor]] Module "pack:///chunks/c4/c409a49d391cd0107339e604abf784bacdef4b02.js" loaded.
2026-7-7 16:58:39-debug: [[Executor]] Register Shopping
2026-7-7 16:58:39-debug: [[Executor]] Module "pack:///chunks/5f/5fd5284b513982ea020d8e9513905cac6e75919a.js" loaded.
2026-7-7 16:58:39-debug: [[Executor]] Register BuyWayBase
2026-7-7 16:58:39-debug: [[Executor]] Register ArmsUp
2026-7-7 16:58:39-debug: [[Executor]] Register GuideManager
2026-7-7 16:58:39-debug: [[Executor]] Module "pack:///chunks/1b/1b6bd2739873dc60bb0e67b18f2ae1f3b116fb07.js" loaded.
2026-7-7 16:58:39-debug: [[Executor]] Register Player
2026-7-7 16:58:39-debug: [[Executor]] Module "pack:///chunks/41/41b6ef284e15d0779c96601cab9a95a7c5e5919b.js" loaded.
2026-7-7 16:58:39-debug: [[Executor]] Module "pack:///chunks/99/9957d51b35d223fa476f8f6dcd2b5d011a93ab2f.js" loaded.
2026-7-7 16:58:39-debug: [[Executor]] Register BuyWay2D
2026-7-7 16:58:39-debug: [[Executor]] Register ShoppingItem
2026-7-7 16:58:39-debug: [[Executor]] Register Shopping_Super
2026-7-7 16:58:39-debug: [[Executor]] Module "pack:///chunks/d8/d87351923699bbc0b3bf2e76b9d6665983f7b324.js" loaded.
2026-7-7 16:58:39-debug: [[Executor]] Module "pack:///chunks/b8/b8ff2efe0a5ef0b3134c1c0a100a2fc7e48d38e3.js" loaded.
2026-7-7 16:58:39-debug: [[Executor]] Register BuyWay3D
2026-7-7 16:58:39-debug: [[Executor]] Register FrameAnimManager
2026-7-7 16:58:39-debug: [[Executor]] Register UIButtonEvent
2026-7-7 16:58:39-debug: [[Executor]] Module "pack:///chunks/83/8354ac407215243163174d3e83d4cdab306051e3.js" loaded.
2026-7-7 16:58:39-debug: [[Executor]] Module "pack:///chunks/84/848ca7bc3c110f0554094ecf01b3a37b01ea9dfd.js" loaded.
2026-7-7 16:58:39-debug: [[Executor]] Register FrameManager
2026-7-7 16:58:39-debug: [[Executor]] Module "pack:///chunks/95/95d64f4c8aa166ee79b72d7add5021b420a7ce33.js" loaded.
2026-7-7 16:58:39-debug: D:\工程项目\PlayableAD\Cocos\TheW\20260615_HYQ\HYQ_Project\temp\programming\packer-driver\targets\editor\chunks\7e\7ece20e41250ede0e4707962498ddfd8c4453b24.js resolved to D:\工程项目\PlayableAD\Cocos\TheW\20260615_HYQ\HYQ_Project\temp\programming\packer-driver\targets\editor\chunks\7e\7ece20e41250ede0e4707962498ddfd8c4453b24.js is not in module cache!
2026-7-7 16:58:39-debug: [[Executor]] Module "pack:///chunks/23/23f4bc413c460b50ee5cc83636bb099609a379fd.js" loaded.
2026-7-7 16:58:39-debug: [[Executor]] Register StutterCheck
2026-7-7 16:58:39-debug: [[Executor]] Module "pack:///chunks/4a/4a434c55814df4d84e6cd9fee04d3f21bfa74070.js" loaded.
2026-7-7 16:58:39-debug: [[Executor]] Module "pack:///chunks/e9/e9668b02254f4db9826696b9dfb6914087bee6cc.js" loaded.
2026-7-7 16:58:39-debug: [[Executor]] Module "pack:///chunks/4d/4d68417d37cd80fe73d65d56dfe11dd26e9ef91a.js" loaded.
2026-7-7 16:58:39-debug: [[Executor]] Module "pack:///chunks/7e/7ece20e41250ede0e4707962498ddfd8c4453b24.js" loaded.
2026-7-7 16:58:39-debug: [[Executor]] Module "pack:///chunks/6d/6d8fd2b0177941b032ddc0733af48a561fb60657.js" loaded.
2026-7-7 16:58:39-debug: [[Executor]] after unlock
2026-7-7 16:58:39-debug: Incremental keys: 
2026-7-7 16:58:39-debug: Init bundle share assets start..., progress: 9%
2026-7-7 16:58:39-debug: Init bundle share assets start..., progress: 13%
2026-7-7 16:58:40-warn: The Mesh used by component "cc.MeshRenderer" in prefab "Role_1" is missing. Detailed information:Node path: "Role_1/New Node/Bip001 Prop1 Socket/jiateling01"Asset url: "db://assets/GameRes/Prefab/Role_1"Missing uuid: "03189dd5-73dd-4e52-8644-1ff1a122b972@18a45"
2026-7-7 16:58:40-warn: The Mesh used by component "cc.MeshRenderer" in prefab "Role_2" is missing. Detailed information:Node path: "Role_2/New Node/Bip001 Prop1 Socket/jiateling01"Asset url: "db://assets/GameRes/Prefab/Role_2"Missing uuid: "03189dd5-73dd-4e52-8644-1ff1a122b972@18a45"
2026-7-7 16:58:40-warn: The Mesh used by component "cc.MeshRenderer" in prefab "Role_2" is missing. Detailed information:Node path: "Role_2/New Node/Bip001 Prop1 Socket/jiateling01"Asset url: "db://assets/GameRes/Prefab/Role_2"Missing uuid: "03189dd5-73dd-4e52-8644-1ff1a122b972@18a45"
2026-7-7 16:58:40-debug: Init bundle share assets success..., progress: 9%
2026-7-7 16:58:40-debug: Init bundle share assets success..., progress: 13%
2026-7-7 16:58:40-debug: handle json group in bundle internal
2026-7-7 16:58:40-debug: handle json group in bundle resources
2026-7-7 16:58:40-debug: handle json group in bundle internal success
2026-7-7 16:58:40-debug: handle json group in bundle main
2026-7-7 16:58:40-debug: init image compress task 0 in bundle internal
2026-7-7 16:58:40-debug: handle json group in bundle resources success
2026-7-7 16:58:40-debug: init image compress task 0 in bundle resources
2026-7-7 16:58:40-debug: [json-group] check self or raw asset, skip. 799add5f-4370-4ee6-b0a4-aca1ebcd06a3 depended by 799add5f-4370-4ee6-b0a4-aca1ebcd06a3 has checked in raw asset 799add5f-4370-4ee6-b0a4-aca1ebcd06a3/bundle(main)}
2026-7-7 16:58:40-debug: [json-group] check self or raw asset, skip. 799add5f-4370-4ee6-b0a4-aca1ebcd06a3 depended by 799add5f-4370-4ee6-b0a4-aca1ebcd06a3 has checked in raw asset b5805d3a-3b80-4a12-adf5-588e63a7d886/bundle(main)}
2026-7-7 16:58:40-debug: handle json group in bundle main success
2026-7-7 16:58:40-debug: init image compress task 0 in bundle main
2026-7-7 16:58:40-debug: [json-group] check self or raw asset, skip. f96153eb-6f89-4aad-b84b-808954761c02 depended by f96153eb-6f89-4aad-b84b-808954761c02 has checked in raw asset f96153eb-6f89-4aad-b84b-808954761c02/bundle(main)}
2026-7-7 16:58:40-debug: [json-group] check self or raw asset, skip. f96153eb-6f89-4aad-b84b-808954761c02 depended by f96153eb-6f89-4aad-b84b-808954761c02 has checked in raw asset b5805d3a-3b80-4a12-adf5-588e63a7d886/bundle(main)}
2026-7-7 16:58:40-debug: // ---- build task 查询 Asset Bundle ---- (519ms)
2026-7-7 16:58:40-log: run build task 查询 Asset Bundle success in 519 ms√, progress: 14%
2026-7-7 16:58:40-debug: [Build Memory track]: 查询 Asset Bundle start:288.28MB, end 297.09MB, increase: 8.81MB
2026-7-7 16:58:40-debug: 查询 Asset Bundle start, progress: 14%
2026-7-7 16:58:40-debug: // ---- build task 查询 Asset Bundle ----
2026-7-7 16:58:40-debug: // ---- build task 查询 Asset Bundle ---- (47ms)
2026-7-7 16:58:40-log: run build task 查询 Asset Bundle success in 47 ms√, progress: 19%
2026-7-7 16:58:40-debug: [Build Memory track]: 查询 Asset Bundle start:297.12MB, end 297.40MB, increase: 284.81KB
2026-7-7 16:58:40-debug: 打包脚本 start, progress: 19%
2026-7-7 16:58:40-debug: // ---- build task 打包脚本 ----
2026-7-7 16:58:41-log: [buildPolyfillsCommand]enter sub process 9984, 9229, see: chrome://inspect/#devices
2026-7-7 16:58:41-log: 资源数据库已锁定，资源操作(bound _reimportAsset)将会延迟响应，请稍侯
2026-7-7 16:58:42-debug: Query all assets info in project
2026-7-7 16:58:42-debug: init custom config: keepNodeUuid: false, useCache: true
2026-7-7 16:58:42-debug: Skip compress image, progress: 0%
2026-7-7 16:58:42-debug: Init all bundles start..., progress: 0%
2026-7-7 16:58:42-debug: Num of bundles: 3..., progress: 0%
2026-7-7 16:58:42-debug: 查询 Asset Bundle start, progress: 0%
2026-7-7 16:58:42-debug: // ---- build task 查询 Asset Bundle ----
2026-7-7 16:58:42-debug: Init bundle root assets start..., progress: 0%
2026-7-7 16:58:42-debug: Query preload assets/scripts from cc.config.json: 60f7195c-ec2a-45eb-ba94-8955f60e81d0,1c02ae6f-4492-4915-b8f8-7492a3b1e4cd,810e96e4-e456-4468-9b59-f4e8f39732c0,efe8e2a3-eace-427b-b4f1-cb8a937ec77d,e9aa9a3e-5b2b-4ac7-a2c7-073de2b2b24f,8bbdbcdd-5cd4-4100-b6d5-b7c9625b6107,50f4348b-c883-4e2f-8f11-ce233b859fa1,fda095cb-831d-4601-ad94-846013963de8,f92806d7-1768-443f-afe8-12bcde84d0f0,dd3a144d-ab7f-41f0-82b8-2e43a090d496,f0416e68-0200-4b77-a926-4f9d16e494da,511d2633-09a7-4bdd-ac42-f778032124b3,5d45aa00-e064-4938-b314-4265f0c2258c,9361fd90-ba52-4f84-aa93-6e878fd576ca,970b0598-bcb0-4714-91fb-2e81440dccd8,bcd64cc6-2dd9-43f6-abbe-66318d332032,d930590d-bb92-4cc8-8bd1-23cd027f9edf,a3cd009f-0ab0-420d-9278-b9fdab939bbc,6a2d0734-bd9e-4ddf-946e-caa52498cb75,d1346436-ac96-4271-b863-1f4fdead95b0,971bdb23-3ff6-43eb-b422-1c30165a3663,17debcc3-0a6b-4b8a-b00b-dc58b885581e,711ebe11-f673-4cd9-9a83-63c60ba54c5b,c0143906-9aed-447e-9436-2ae8512d1b6e,14da1725-c4c2-42b4-ab08-ee0aeb6898b3,081cab31-dccd-428e-8652-f2404cc81c47,78e0584a-4343-4727-8f37-e14e65c2a2db,ba21476f-2866-4f81-9c4d-6e359316e448,871c3b6c-7379-419d-bda3-794b239ab90d,ff9b0199-ce04-4cfe-86cc-6c719f08d6e4,de1c2107-70c8-4021-8459-6399f24d01c6,cbf30902-517f-40dc-af90-a550bac27cf1,5c601d96-e4c7-4698-991b-7ee674b11079
2026-7-7 16:58:42-debug:   Number of all scenes: 5
2026-7-7 16:58:42-debug:   Number of other assets: 1158
2026-7-7 16:58:42-debug:   Number of all scripts: 109
2026-7-7 16:58:42-debug: Init bundle root assets success..., progress: 0%
2026-7-7 16:58:42-debug: // ---- build task 查询 Asset Bundle ---- (16ms)
2026-7-7 16:58:42-log: run build task 查询 Asset Bundle success in 16 ms√, progress: 5%
2026-7-7 16:58:42-debug: [Build Memory track]: 查询 Asset Bundle start:298.99MB, end 300.57MB, increase: 1.58MB
2026-7-7 16:58:42-debug: 查询 Asset Bundle start, progress: 5%
2026-7-7 16:58:42-debug: // ---- build task 查询 Asset Bundle ----
2026-7-7 16:58:42-debug: // ---- build task 查询 Asset Bundle ---- (7ms)
2026-7-7 16:58:42-log: run build task 查询 Asset Bundle success in 7 ms√, progress: 10%
2026-7-7 16:58:42-debug: // ---- build task 整理部分构建选项内数据到 settings.json ----
2026-7-7 16:58:42-debug: [Build Memory track]: 查询 Asset Bundle start:300.60MB, end 300.83MB, increase: 235.00KB
2026-7-7 16:58:42-debug: 整理部分构建选项内数据到 settings.json start, progress: 10%
2026-7-7 16:58:42-debug: // ---- build task 整理部分构建选项内数据到 settings.json ---- (1ms)
2026-7-7 16:58:42-log: run build task 整理部分构建选项内数据到 settings.json success in 1 ms√, progress: 12%
2026-7-7 16:58:42-debug: [Build Memory track]: 整理部分构建选项内数据到 settings.json start:300.87MB, end 300.90MB, increase: 30.63KB
2026-7-7 16:58:42-debug: // ---- build task 填充脚本数据到 settings.json ----
2026-7-7 16:58:42-debug: 填充脚本数据到 settings.json start, progress: 12%
2026-7-7 16:58:42-debug: // ---- build task 填充脚本数据到 settings.json ---- (1ms)
2026-7-7 16:58:42-debug: [Build Memory track]: 填充脚本数据到 settings.json start:300.94MB, end 300.96MB, increase: 29.61KB
2026-7-7 16:58:42-log: run build task 填充脚本数据到 settings.json success in 1 ms√, progress: 13%
2026-7-7 16:58:42-debug: // ---- build task 整理部分构建选项内数据到 settings.json ----
2026-7-7 16:58:42-debug: 整理部分构建选项内数据到 settings.json start, progress: 13%
2026-7-7 16:58:42-debug: // ---- build task 整理部分构建选项内数据到 settings.json ---- (13ms)
2026-7-7 16:58:42-log: run build task 整理部分构建选项内数据到 settings.json success in 13 ms√, progress: 15%
2026-7-7 16:58:42-debug: [Build Memory track]: 整理部分构建选项内数据到 settings.json start:301.00MB, end 295.72MB, increase: -5407.58KB
2026-7-7 16:58:42-debug: Query all assets info in project
2026-7-7 16:58:42-debug: init custom config: keepNodeUuid: false, useCache: true
2026-7-7 16:58:42-debug: Skip compress image, progress: 0%
2026-7-7 16:58:42-debug: Init all bundles start..., progress: 0%
2026-7-7 16:58:42-debug: Num of bundles: 3..., progress: 0%
2026-7-7 16:58:42-debug: // ---- build task 查询 Asset Bundle ----
2026-7-7 16:58:42-debug: 查询 Asset Bundle start, progress: 0%
2026-7-7 16:58:42-debug: Init bundle root assets start..., progress: 0%
2026-7-7 16:58:42-debug: Query preload assets/scripts from cc.config.json: 60f7195c-ec2a-45eb-ba94-8955f60e81d0,1c02ae6f-4492-4915-b8f8-7492a3b1e4cd,810e96e4-e456-4468-9b59-f4e8f39732c0,efe8e2a3-eace-427b-b4f1-cb8a937ec77d,e9aa9a3e-5b2b-4ac7-a2c7-073de2b2b24f,8bbdbcdd-5cd4-4100-b6d5-b7c9625b6107,50f4348b-c883-4e2f-8f11-ce233b859fa1,fda095cb-831d-4601-ad94-846013963de8,f92806d7-1768-443f-afe8-12bcde84d0f0,dd3a144d-ab7f-41f0-82b8-2e43a090d496,f0416e68-0200-4b77-a926-4f9d16e494da,511d2633-09a7-4bdd-ac42-f778032124b3,5d45aa00-e064-4938-b314-4265f0c2258c,9361fd90-ba52-4f84-aa93-6e878fd576ca,970b0598-bcb0-4714-91fb-2e81440dccd8,bcd64cc6-2dd9-43f6-abbe-66318d332032,d930590d-bb92-4cc8-8bd1-23cd027f9edf,a3cd009f-0ab0-420d-9278-b9fdab939bbc,6a2d0734-bd9e-4ddf-946e-caa52498cb75,d1346436-ac96-4271-b863-1f4fdead95b0,971bdb23-3ff6-43eb-b422-1c30165a3663,17debcc3-0a6b-4b8a-b00b-dc58b885581e,711ebe11-f673-4cd9-9a83-63c60ba54c5b,c0143906-9aed-447e-9436-2ae8512d1b6e,14da1725-c4c2-42b4-ab08-ee0aeb6898b3,081cab31-dccd-428e-8652-f2404cc81c47,78e0584a-4343-4727-8f37-e14e65c2a2db,ba21476f-2866-4f81-9c4d-6e359316e448,871c3b6c-7379-419d-bda3-794b239ab90d,ff9b0199-ce04-4cfe-86cc-6c719f08d6e4,de1c2107-70c8-4021-8459-6399f24d01c6,cbf30902-517f-40dc-af90-a550bac27cf1,5c601d96-e4c7-4698-991b-7ee674b11079
2026-7-7 16:58:42-debug:   Number of all scenes: 5
2026-7-7 16:58:42-debug:   Number of all scripts: 109
2026-7-7 16:58:42-debug:   Number of other assets: 1158
2026-7-7 16:58:42-debug: Init bundle root assets success..., progress: 0%
2026-7-7 16:58:42-debug: // ---- build task 查询 Asset Bundle ---- (19ms)
2026-7-7 16:58:42-log: run build task 查询 Asset Bundle success in 19 ms√, progress: 5%
2026-7-7 16:58:42-debug: [Build Memory track]: 查询 Asset Bundle start:296.38MB, end 297.97MB, increase: 1.58MB
2026-7-7 16:58:42-debug: // ---- build task 查询 Asset Bundle ----
2026-7-7 16:58:42-debug: 查询 Asset Bundle start, progress: 5%
2026-7-7 16:58:42-debug: // ---- build task 查询 Asset Bundle ---- (9ms)
2026-7-7 16:58:42-log: run build task 查询 Asset Bundle success in 9 ms√, progress: 10%
2026-7-7 16:58:42-debug: [Build Memory track]: 查询 Asset Bundle start:298.00MB, end 298.23MB, increase: 234.97KB
2026-7-7 16:58:42-debug: // ---- build task 整理部分构建选项内数据到 settings.json ----
2026-7-7 16:58:42-debug: 整理部分构建选项内数据到 settings.json start, progress: 10%
2026-7-7 16:58:42-debug: // ---- build task 整理部分构建选项内数据到 settings.json ---- (4ms)
2026-7-7 16:58:42-log: run build task 整理部分构建选项内数据到 settings.json success in 4 ms√, progress: 12%
2026-7-7 16:58:42-debug: [Build Memory track]: 整理部分构建选项内数据到 settings.json start:298.27MB, end 298.30MB, increase: 30.46KB
2026-7-7 16:58:42-debug: // ---- build task 填充脚本数据到 settings.json ----
2026-7-7 16:58:42-debug: 填充脚本数据到 settings.json start, progress: 12%
2026-7-7 16:58:42-debug: // ---- build task 填充脚本数据到 settings.json ---- (3ms)
2026-7-7 16:58:42-log: run build task 填充脚本数据到 settings.json success in 3 ms√, progress: 13%
2026-7-7 16:58:42-debug: [Build Memory track]: 填充脚本数据到 settings.json start:298.33MB, end 298.36MB, increase: 30.12KB
2026-7-7 16:58:42-debug: 整理部分构建选项内数据到 settings.json start, progress: 13%
2026-7-7 16:58:42-debug: // ---- build task 整理部分构建选项内数据到 settings.json ----
2026-7-7 16:58:42-debug: // ---- build task 整理部分构建选项内数据到 settings.json ---- (8ms)
2026-7-7 16:58:42-log: run build task 整理部分构建选项内数据到 settings.json success in 8 ms√, progress: 15%
2026-7-7 16:58:42-debug: [Build Memory track]: 整理部分构建选项内数据到 settings.json start:298.40MB, end 298.46MB, increase: 66.71KB
2026-7-7 16:58:42-debug: Query all assets info in project
2026-7-7 16:58:42-debug: init custom config: keepNodeUuid: false, useCache: true
2026-7-7 16:58:42-debug: Skip compress image, progress: 0%
2026-7-7 16:58:42-debug: Init all bundles start..., progress: 0%
2026-7-7 16:58:42-debug: Num of bundles: 3..., progress: 0%
2026-7-7 16:58:42-debug: 查询 Asset Bundle start, progress: 0%
2026-7-7 16:58:42-debug: // ---- build task 查询 Asset Bundle ----
2026-7-7 16:58:42-debug: Init bundle root assets start..., progress: 0%
2026-7-7 16:58:42-debug: Query preload assets/scripts from cc.config.json: 60f7195c-ec2a-45eb-ba94-8955f60e81d0,1c02ae6f-4492-4915-b8f8-7492a3b1e4cd,810e96e4-e456-4468-9b59-f4e8f39732c0,efe8e2a3-eace-427b-b4f1-cb8a937ec77d,e9aa9a3e-5b2b-4ac7-a2c7-073de2b2b24f,8bbdbcdd-5cd4-4100-b6d5-b7c9625b6107,50f4348b-c883-4e2f-8f11-ce233b859fa1,fda095cb-831d-4601-ad94-846013963de8,f92806d7-1768-443f-afe8-12bcde84d0f0,dd3a144d-ab7f-41f0-82b8-2e43a090d496,f0416e68-0200-4b77-a926-4f9d16e494da,511d2633-09a7-4bdd-ac42-f778032124b3,5d45aa00-e064-4938-b314-4265f0c2258c,9361fd90-ba52-4f84-aa93-6e878fd576ca,970b0598-bcb0-4714-91fb-2e81440dccd8,bcd64cc6-2dd9-43f6-abbe-66318d332032,d930590d-bb92-4cc8-8bd1-23cd027f9edf,a3cd009f-0ab0-420d-9278-b9fdab939bbc,6a2d0734-bd9e-4ddf-946e-caa52498cb75,d1346436-ac96-4271-b863-1f4fdead95b0,971bdb23-3ff6-43eb-b422-1c30165a3663,17debcc3-0a6b-4b8a-b00b-dc58b885581e,711ebe11-f673-4cd9-9a83-63c60ba54c5b,c0143906-9aed-447e-9436-2ae8512d1b6e,14da1725-c4c2-42b4-ab08-ee0aeb6898b3,081cab31-dccd-428e-8652-f2404cc81c47,78e0584a-4343-4727-8f37-e14e65c2a2db,ba21476f-2866-4f81-9c4d-6e359316e448,871c3b6c-7379-419d-bda3-794b239ab90d,ff9b0199-ce04-4cfe-86cc-6c719f08d6e4,de1c2107-70c8-4021-8459-6399f24d01c6,cbf30902-517f-40dc-af90-a550bac27cf1,5c601d96-e4c7-4698-991b-7ee674b11079
2026-7-7 16:58:42-debug:   Number of all scenes: 5
2026-7-7 16:58:42-debug:   Number of all scripts: 109
2026-7-7 16:58:42-debug:   Number of other assets: 1158
2026-7-7 16:58:42-debug: Init bundle root assets success..., progress: 0%
2026-7-7 16:58:42-debug: // ---- build task 查询 Asset Bundle ---- (24ms)
2026-7-7 16:58:42-log: run build task 查询 Asset Bundle success in 24 ms√, progress: 5%
2026-7-7 16:58:42-debug: [Build Memory track]: 查询 Asset Bundle start:299.18MB, end 300.74MB, increase: 1.56MB
2026-7-7 16:58:42-debug: 查询 Asset Bundle start, progress: 5%
2026-7-7 16:58:42-debug: // ---- build task 查询 Asset Bundle ----
2026-7-7 16:58:42-debug: // ---- build task 查询 Asset Bundle ---- (11ms)
2026-7-7 16:58:42-log: run build task 查询 Asset Bundle success in 11 ms√, progress: 10%
2026-7-7 16:58:42-debug: [Build Memory track]: 查询 Asset Bundle start:300.77MB, end 301.00MB, increase: 235.23KB
2026-7-7 16:58:42-debug: 整理部分构建选项内数据到 settings.json start, progress: 10%
2026-7-7 16:58:42-debug: // ---- build task 整理部分构建选项内数据到 settings.json ----
2026-7-7 16:58:42-debug: // ---- build task 整理部分构建选项内数据到 settings.json ---- (2ms)
2026-7-7 16:58:42-log: run build task 整理部分构建选项内数据到 settings.json success in 2 ms√, progress: 12%
2026-7-7 16:58:42-debug: [Build Memory track]: 整理部分构建选项内数据到 settings.json start:301.04MB, end 301.07MB, increase: 30.71KB
2026-7-7 16:58:42-debug: 填充脚本数据到 settings.json start, progress: 12%
2026-7-7 16:58:42-debug: // ---- build task 填充脚本数据到 settings.json ----
2026-7-7 16:58:42-debug: // ---- build task 填充脚本数据到 settings.json ---- (1ms)
2026-7-7 16:58:42-log: run build task 填充脚本数据到 settings.json success in 1 ms√, progress: 13%
2026-7-7 16:58:42-debug: [Build Memory track]: 填充脚本数据到 settings.json start:301.10MB, end 301.13MB, increase: 30.80KB
2026-7-7 16:58:42-debug: 整理部分构建选项内数据到 settings.json start, progress: 13%
2026-7-7 16:58:42-debug: // ---- build task 整理部分构建选项内数据到 settings.json ----
2026-7-7 16:58:42-debug: // ---- build task 整理部分构建选项内数据到 settings.json ---- (9ms)
2026-7-7 16:58:42-log: run build task 整理部分构建选项内数据到 settings.json success in 9 ms√, progress: 15%
2026-7-7 16:58:42-debug: [Build Memory track]: 整理部分构建选项内数据到 settings.json start:301.17MB, end 301.24MB, increase: 67.23KB
2026-7-7 16:58:46-debug: execute-script-end with buildPolyfillsCommand 6106ms
2026-7-7 16:58:46-debug: Generate systemJs..., progress: 19%
2026-7-7 16:58:50-debug: execute-script-end with buildSystemJsCommand 4491ms
2026-7-7 16:58:50-debug: 构建项目脚本 start..., progress: 19%
2026-7-7 16:58:50-debug: 构建项目脚本 start..., progress: 13%
2026-7-7 16:58:58-warn: [buildScriptCommand][[Build.Script.Rollup]] Circular dependency: file:///D:/%E5%B7%A5%E7%A8%8B%E9%A1%B9%E7%9B%AE/PlayableAD/Cocos/TheW/20260615_HYQ/HYQ_Project/assets/Script/functionS/Jump/JumpManager.ts -> file:///D:/%E5%B7%A5%E7%A8%8B%E9%A1%B9%E7%9B%AE/PlayableAD/Cocos/TheW/20260615_HYQ/HYQ_Project/assets/Script/functionS/Jump/JumpDriveEngine.ts -> file:///D:/%E5%B7%A5%E7%A8%8B%E9%A1%B9%E7%9B%AE/PlayableAD/Cocos/TheW/20260615_HYQ/HYQ_Project/assets/Script/functionS/Jump/JumpManager.ts
2026-7-7 16:58:58-warn: [buildScriptCommand][[Build.Script.Rollup]] Circular dependency: file:///D:/%E5%B7%A5%E7%A8%8B%E9%A1%B9%E7%9B%AE/PlayableAD/Cocos/TheW/20260615_HYQ/HYQ_Project/assets/Script/functionS/Monster/MonsterCreate.ts -> file:///D:/%E5%B7%A5%E7%A8%8B%E9%A1%B9%E7%9B%AE/PlayableAD/Cocos/TheW/20260615_HYQ/HYQ_Project/assets/Script/functionS/Other/PropArms.ts -> file:///D:/%E5%B7%A5%E7%A8%8B%E9%A1%B9%E7%9B%AE/PlayableAD/Cocos/TheW/20260615_HYQ/HYQ_Project/assets/Script/functionS/Monster/MonsterCreate.ts[warning][[Build.Script.Rollup]] Circular dependency: file:///D:/%E5%B7%A5%E7%A8%8B%E9%A1%B9%E7%9B%AE/PlayableAD/Cocos/TheW/20260615_HYQ/HYQ_Project/extensions/super-packager/package_assets/JiangYv/PBASDK-v3/PrintComponent.ts -> file:///D:/%E5%B7%A5%E7%A8%8B%E9%A1%B9%E7%9B%AE/PlayableAD/Cocos/TheW/20260615_HYQ/HYQ_Project/extensions/super-packager/package_assets/JiangYv/PBASDK-v3/StutterCheck.ts -> file:///D:/%E5%B7%A5%E7%A8%8B%E9%A1%B9%E7%9B%AE/PlayableAD/Cocos/TheW/20260615_HYQ/HYQ_Project/extensions/super-packager/package_assets/JiangYv/PBASDK-v3/PrintComponent.ts
2026-7-7 16:59:02-log: [buildScriptCommand]Number of non-entry chunks: 3
2026-7-7 16:59:02-debug: execute-script-end with buildScriptCommand 11750ms
2026-7-7 16:59:02-debug: Copy externalScripts success!
2026-7-7 16:59:02-debug: 构建项目脚本 in (11815 ms) √, progress: 19%
2026-7-7 16:59:02-debug: 构建项目脚本 in (11815 ms) √, progress: 13%
2026-7-7 16:59:02-debug: 构建引擎脚本 start..., progress: 19%
2026-7-7 16:59:02-debug: mangleProperties is enabled, found engine-mangle-config.json, use it
2026-7-7 16:59:02-debug: Error: Exit process with code:null, signal:SIGTERM in task build-script    at ChildProcess.<anonymous> (C:\ProgramData\cocos\editors\Creator\3.8.7\resources\app.asar\builtin\builder\dist\worker\worker-pools\sub-process-manager.ccc:1:2409)    at ChildProcess.emit (node:events:519:28)    at Process.ChildProcess._handle.onexit (node:internal/child_process:294:12)
2026-7-7 16:59:02-debug: Use cache engine: {link(C:\Users\Admin\AppData\Local\Temp\CocosCreator\3.8.7\builder\engine\a154ee511c93165416d720dbd46d8d34)}
2026-7-7 16:59:02-debug: Use cache, md5String: debug=false,sourceMaps=false,includeModules=["2d","3d","animation","audio","base","custom-pipeline","gfx-webgl","gfx-webgl2","graphics","particle","physics-2d-box2d","physics-ammo","primitive","profiler","skeletal-animation","tween","ui","custom-pipeline-builtin-scripts"],engineVersion="3.8.7",platformType="HTML5",split=false,nativeCodeBundleMode="asmjs",targets=undefined,entry="C:\\ProgramData\\cocos\\editors\\Creator\\3.8.7\\resources\\resources\\3d\\engine",noDeprecatedFeatures=undefined,loose=true,assetURLFormat="runtime-resolved",flags={"DEBUG":false,"LOAD_BULLET_MANUALLY":false,"LOAD_SPINE_MANUALLY":false,"WEBGPU":false},preserveType=undefined,wasmCompressionMode=false,enableNamedRegisterForSystemJSModuleFormat=undefined,mangleProperties=false,inlineEnum=true,
2026-7-7 16:59:02-debug: Use cache, options: {  "entry": "C:\\ProgramData\\cocos\\editors\\Creator\\3.8.7\\resources\\resources\\3d\\engine",  "debug": false,  "mangleProperties": false,  "inlineEnum": true,  "sourceMaps": false,  "includeModules": [    "2d",    "3d",    "animation",    "audio",    "base",    "custom-pipeline",    "gfx-webgl",    "gfx-webgl2",    "graphics",    "particle",    "physics-2d-box2d",    "physics-ammo",    "primitive",    "profiler",    "skeletal-animation",    "tween",    "ui",    "custom-pipeline-builtin-scripts"  ],  "engineVersion": "3.8.7",  "md5Map": [],  "engineName": "cocos-js",  "output": "D:\\工程项目\\PlayableAD\\Cocos\\TheW\\20260615_HYQ\\HYQ_Project\\build\\web-mobile\\cocos-js",  "platformType": "HTML5",  "useCache": true,  "nativeCodeBundleMode": "asmjs",  "wasmCompressionMode": false,  "split": false,  "assetURLFormat": "runtime-resolved",  "flags": {    "DEBUG": false,    "LOAD_BULLET_MANUALLY": false,    "LOAD_SPINE_MANUALLY": false,    "WEBGPU": false  }}
2026-7-7 16:59:02-debug: Generate import-map..., progress: 19%
2026-7-7 16:59:02-debug: 构建引擎脚本 in (145 ms) √, progress: 19%
2026-7-7 16:59:02-debug: Copy plugin script ..., progress: 19%
2026-7-7 16:59:02-debug: // ---- build task 打包脚本 ---- (22646ms)
2026-7-7 16:59:02-log: run build task 打包脚本 success in 22 s√, progress: 24%
2026-7-7 16:59:02-debug: // ---- build task Build Assets ----
2026-7-7 16:59:02-debug: [Build Memory track]: 打包脚本 start:297.57MB, end 296.68MB, increase: -908.47KB
2026-7-7 16:59:02-debug: Pack Images start, progress: 24%
2026-7-7 16:59:02-debug: Build bundles..., progress: 24%
2026-7-7 16:59:02-debug: Build Assets start, progress: 24%
2026-7-7 16:59:02-debug: Pack Images start, progress: 13%
2026-7-7 16:59:02-debug: Number of pac assets: 3
2026-7-7 16:59:02-debug: Get Cache info of pac success {asset(b74fc0c2-4c67-4dd4-8d74-9612ad56cfb1)}
2026-7-7 16:59:02-debug: Number of pack results: 2
2026-7-7 16:59:02-debug: Get Cache info of pac success {asset(17513a27-4f11-4047-a0be-8d0cb6187b9e)}
2026-7-7 16:59:02-debug: start collect depend assets in pacb74fc0c2-4c67-4dd4-8d74-9612ad56cfb1
2026-7-7 16:59:02-debug: start sort bundle in pacb74fc0c2-4c67-4dd4-8d74-9612ad56cfb1
2026-7-7 16:59:02-debug: start collect depend assets in pac17513a27-4f11-4047-a0be-8d0cb6187b9e
2026-7-7 16:59:02-debug: end sort bundle in pac17513a27-4f11-4047-a0be-8d0cb6187b9e
2026-7-7 16:59:02-debug: start sort bundle in pac17513a27-4f11-4047-a0be-8d0cb6187b9e
2026-7-7 16:59:02-debug: end sort bundle in pacb74fc0c2-4c67-4dd4-8d74-9612ad56cfb1
2026-7-7 16:59:02-debug: builder:pack-auto-atlas-image (187ms)
2026-7-7 16:59:02-debug: Compress image start..., progress: 24%
2026-7-7 16:59:02-debug: Compress image start..., progress: 13%
2026-7-7 16:59:02-debug: Pack Images success, progress: 24%
2026-7-7 16:59:02-debug: Num of all image compress task 0, really: 0, configTasks: 0
2026-7-7 16:59:02-debug: Pack Images success, progress: 13%
2026-7-7 16:59:02-debug: Compress image success..., progress: 24%
2026-7-7 16:59:02-debug: sort compress task {}
2026-7-7 16:59:02-debug: Compress image success..., progress: 13%
2026-7-7 16:59:02-debug: Output asset in bundles start, progress: 24%
2026-7-7 16:59:02-debug: Handle all json groups in bundle internal
2026-7-7 16:59:02-debug: Output asset in bundles start, progress: 13%
2026-7-7 16:59:02-debug: handle json group
2026-7-7 16:59:02-debug: No image need to compress
2026-7-7 16:59:02-debug: Handle all json groups in bundle resources
2026-7-7 16:59:03-debug: handle json group
2026-7-7 16:59:02-debug: Handle all json groups in bundle main
2026-7-7 16:59:02-debug: handle json group
2026-7-7 16:59:03-debug: Json group(033f45a16) compile success，json number: 6
2026-7-7 16:59:03-debug: Json group(0b54f34d0) compile success，json number: 6
2026-7-7 16:59:03-debug: handle single json
2026-7-7 16:59:03-debug: Json group(0c368b992) compile success，json number: 6
2026-7-7 16:59:03-debug: Json group(0a84a1761) compile success，json number: 6
2026-7-7 16:59:03-debug: Json group(09e986d7f) compile success，json number: 6
2026-7-7 16:59:03-debug: Json group(0a8b38f43) compile success，json number: 6
2026-7-7 16:59:03-debug: Json group(05a6ba422) compile success，json number: 6
2026-7-7 16:59:03-debug: handle single json
2026-7-7 16:59:03-debug: Json group(0bd960b15) compile success，json number: 6
2026-7-7 16:59:03-debug: Json group(05d786f3c) compile success，json number: 6
2026-7-7 16:59:03-debug: Json group(0a9a16365) compile success，json number: 6
2026-7-7 16:59:03-debug: Json group(0939f5774) compile success，json number: 6
2026-7-7 16:59:03-debug: Json group(04d1efb95) compile success，json number: 6
2026-7-7 16:59:03-debug: Json group(05ff4bf9a) compile success，json number: 6
2026-7-7 16:59:03-debug: Json group(058888a4d) compile success，json number: 6
2026-7-7 16:59:03-debug: Json group(0aa2d87de) compile success，json number: 6
2026-7-7 16:59:03-debug: Json group(0936a916b) compile success，json number: 6
2026-7-7 16:59:03-debug: Json group(0b3e0b1ce) compile success，json number: 6
2026-7-7 16:59:03-debug: Json group(03bca836c) compile success，json number: 6
2026-7-7 16:59:03-debug: Json group(018f8689b) compile success，json number: 6
2026-7-7 16:59:03-debug: Json group(09f4a3c5f) compile success，json number: 6
2026-7-7 16:59:03-debug: Json group(0573d1736) compile success，json number: 6
2026-7-7 16:59:03-debug: Json group(0d1405e99) compile success，json number: 6
2026-7-7 16:59:03-warn: The Mesh used by component "cc.MeshRenderer" in prefab "Role_2" is missing. Detailed information:Node path: "Role_2/New Node/Bip001 Prop1 Socket/jiateling01"Asset url: "db://assets/GameRes/Prefab/Role_2"Missing uuid: "03189dd5-73dd-4e52-8644-1ff1a122b972@18a45"
2026-7-7 16:59:03-warn: The Mesh used by component "cc.MeshRenderer" in prefab "Role_2" is missing. Detailed information:Node path: "Role_2/New Node/Bip001 Prop1 Socket/jiateling01"Asset url: "db://assets/GameRes/Prefab/Role_2"Missing uuid: "03189dd5-73dd-4e52-8644-1ff1a122b972@18a45"
2026-7-7 16:59:03-debug: Json group(0fbb3d0d7) compile success，json number: 6
2026-7-7 16:59:03-debug: Json group(0b756a9e5) compile success，json number: 6
2026-7-7 16:59:03-debug: Json group(0acdaf410) compile success，json number: 6
2026-7-7 16:59:03-debug: Json group(045d59844) compile success，json number: 6
2026-7-7 16:59:03-debug: Json group(03d712220) compile success，json number: 6
2026-7-7 16:59:03-debug: Json group(0418d0963) compile success，json number: 6
2026-7-7 16:59:03-debug: Json group(0d46b5455) compile success，json number: 6
2026-7-7 16:59:03-debug: Json group(0d76502e0) compile success，json number: 6
2026-7-7 16:59:03-warn: The Mesh used by component "cc.MeshRenderer" in prefab "Role_1" is missing. Detailed information:Node path: "Role_1/New Node/Bip001 Prop1 Socket/jiateling01"Asset url: "db://assets/GameRes/Prefab/Role_1"Missing uuid: "03189dd5-73dd-4e52-8644-1ff1a122b972@18a45"
2026-7-7 16:59:03-debug: Json group(0678030fa) compile success，json number: 6
2026-7-7 16:59:03-debug: Json group(05744dfbc) compile success，json number: 6
2026-7-7 16:59:03-debug: handle single json
2026-7-7 16:59:04-debug: Output asset in bundles success, progress: 24%
2026-7-7 16:59:04-debug: Output asset in bundles success, progress: 13%
2026-7-7 16:59:04-debug: Output asset in bundles start, progress: 24%
2026-7-7 16:59:04-debug: Output asset in bundles start, progress: 13%
2026-7-7 16:59:04-debug: compress config of bundle internal...
2026-7-7 16:59:04-debug: compress config of bundle internal success
2026-7-7 16:59:04-debug: compress config of bundle resources...
2026-7-7 16:59:04-debug: compress config of bundle resources success
2026-7-7 16:59:04-debug: compress config of bundle main...
2026-7-7 16:59:04-debug: compress config of bundle main success
2026-7-7 16:59:04-debug: output config of bundle internal
2026-7-7 16:59:04-debug: output config of bundle internal success
2026-7-7 16:59:04-debug: output config of bundle resources
2026-7-7 16:59:04-debug: output config of bundle resources success
2026-7-7 16:59:04-debug: output config of bundle main
2026-7-7 16:59:04-debug: output config of bundle main success
2026-7-7 16:59:04-debug: Output asset in bundles success, progress: 24%
2026-7-7 16:59:04-debug: Output asset in bundles success, progress: 13%
2026-7-7 16:59:04-debug: // ---- build task Build Assets ---- (1754ms)
2026-7-7 16:59:04-log: run build task Build Assets success in 1 s√, progress: 29%
2026-7-7 16:59:04-debug: [Build Memory track]: Build Assets start:296.71MB, end 286.53MB, increase: -10423.29KB
2026-7-7 16:59:04-debug: // ---- build task 整理部分构建选项内数据到 settings.json ----
2026-7-7 16:59:04-debug: 整理部分构建选项内数据到 settings.json start, progress: 29%
2026-7-7 16:59:04-debug: // ---- build task 整理部分构建选项内数据到 settings.json ---- (55ms)
2026-7-7 16:59:04-log: run build task 整理部分构建选项内数据到 settings.json success in 55 ms√, progress: 31%
2026-7-7 16:59:04-debug: 填充脚本数据到 settings.json start, progress: 31%
2026-7-7 16:59:04-debug: [Build Memory track]: 整理部分构建选项内数据到 settings.json start:286.64MB, end 286.72MB, increase: 81.52KB
2026-7-7 16:59:04-debug: // ---- build task 填充脚本数据到 settings.json ----
2026-7-7 16:59:04-debug: // ---- build task 填充脚本数据到 settings.json ---- (36ms)
2026-7-7 16:59:04-log: run build task 填充脚本数据到 settings.json success in 36 ms√, progress: 32%
2026-7-7 16:59:04-debug: [Build Memory track]: 填充脚本数据到 settings.json start:286.76MB, end 286.84MB, increase: 79.26KB
2026-7-7 16:59:04-debug: 整理部分构建选项内数据到 settings.json start, progress: 32%
2026-7-7 16:59:04-debug: // ---- build task 整理部分构建选项内数据到 settings.json ----
2026-7-7 16:59:04-debug: // ---- build task 整理部分构建选项内数据到 settings.json ---- (293ms)
2026-7-7 16:59:04-log: run build task 整理部分构建选项内数据到 settings.json success in 293 ms√, progress: 34%
2026-7-7 16:59:04-debug: // ---- build task web-mobile：onBeforeCompressSettings ----
2026-7-7 16:59:04-debug: [Build Memory track]: 整理部分构建选项内数据到 settings.json start:286.87MB, end 287.02MB, increase: 152.03KB
2026-7-7 16:59:04-debug: web-mobile:(onBeforeCompressSettings) start..., progress: 34%
2026-7-7 16:59:04-debug: // ---- build task web-mobile：onBeforeCompressSettings ---- (52ms)
2026-7-7 16:59:05-debug: cocos-service:(onBeforeCompressSettings) start..., progress: 36%
2026-7-7 16:59:04-debug: web-mobile:(onBeforeCompressSettings) in 52 ms ✓, progress: 36%
2026-7-7 16:59:05-debug: // ---- build task cocos-service：onBeforeCompressSettings ----
2026-7-7 16:59:05-debug: // ---- build task cocos-service：onBeforeCompressSettings ---- (116ms)
2026-7-7 16:59:05-debug: cocos-service:(onBeforeCompressSettings) in 116 ms ✓, progress: 38%
2026-7-7 16:59:05-log: [SUPER_PACKAGE]onBeforeCompressSettings
2026-7-7 16:59:05-debug: super-packager:(onBeforeCompressSettings) start..., progress: 38%
2026-7-7 16:59:05-debug: // ---- build task super-packager：onBeforeCompressSettings ----
2026-7-7 16:59:05-debug: // ---- build task super-packager：onBeforeCompressSettings ---- (35ms)
2026-7-7 16:59:05-debug: super-packager:(onBeforeCompressSettings) in 35 ms ✓, progress: 40%
2026-7-7 16:59:05-debug: 整理静态模板文件 start, progress: 40%
2026-7-7 16:59:05-debug: // ---- build task 整理静态模板文件 ----
2026-7-7 16:59:05-debug: // ---- build task 整理静态模板文件 ---- (91ms)
2026-7-7 16:59:05-log: run build task 整理静态模板文件 success in 91 ms√, progress: 45%
2026-7-7 16:59:05-debug: // ---- build task cocos-service：onAfterCompressSettings ----
2026-7-7 16:59:05-debug: [Build Memory track]: 整理静态模板文件 start:287.43MB, end 292.06MB, increase: 4.63MB
2026-7-7 16:59:05-debug: cocos-service:(onAfterCompressSettings) start..., progress: 45%
2026-7-7 16:59:05-debug: // ---- build task cocos-service：onAfterCompressSettings ---- (138ms)
2026-7-7 16:59:05-debug: cocos-service:(onAfterCompressSettings) in 138 ms ✓, progress: 46%
2026-7-7 16:59:05-debug: super-packager:(onAfterCompressSettings) start..., progress: 46%
2026-7-7 16:59:05-debug: // ---- build task super-packager：onAfterCompressSettings ----
2026-7-7 16:59:05-log: [SUPER_PACKAGE]onAfterCompressSettings
2026-7-7 16:59:05-debug: // ---- build task super-packager：onAfterCompressSettings ---- (50ms)
2026-7-7 16:59:05-debug: super-packager:(onAfterCompressSettings) in 50 ms ✓, progress: 48%
2026-7-7 16:59:05-debug: // ---- build task web-mobile：onBeforeCopyBuildTemplate ----
2026-7-7 16:59:05-debug: web-mobile:(onBeforeCopyBuildTemplate) start..., progress: 48%
2026-7-7 16:59:05-debug: // ---- build task web-mobile：onBeforeCopyBuildTemplate ---- (84ms)
2026-7-7 16:59:05-debug: web-mobile:(onBeforeCopyBuildTemplate) in 84 ms ✓, progress: 50%
2026-7-7 16:59:05-debug: 给所有的资源加上 MD5 后缀 start, progress: 50%
2026-7-7 16:59:05-debug: // ---- build task 给所有的资源加上 MD5 后缀 ----
2026-7-7 16:59:05-debug: // ---- build task 给所有的资源加上 MD5 后缀 ---- (50ms)
2026-7-7 16:59:05-log: run build task 给所有的资源加上 MD5 后缀 success in 50 ms√, progress: 60%
2026-7-7 16:59:05-debug: web-mobile:(onAfterBuild) start..., progress: 60%
2026-7-7 16:59:05-debug: // ---- build task web-mobile：onAfterBuild ----
2026-7-7 16:59:05-debug: [Build Memory track]: 给所有的资源加上 MD5 后缀 start:288.79MB, end 288.87MB, increase: 78.11KB
2026-7-7 16:59:05-debug: web-mobile:(onAfterBuild) in 39 ms ✓, progress: 62%
2026-7-7 16:59:05-debug: cocos-service:(onAfterBuild) start..., progress: 62%
2026-7-7 16:59:05-debug: // ---- build task cocos-service：onAfterBuild ----
2026-7-7 16:59:05-debug: // ---- build task web-mobile：onAfterBuild ---- (39ms)
2026-7-7 16:59:05-debug: // ---- build task cocos-service：onAfterBuild ---- (105ms)
2026-7-7 16:59:05-debug: cocos-service:(onAfterBuild) in 105 ms ✓, progress: 64%
2026-7-7 16:59:05-debug: adsense-h5g-plugin:(onAfterBuild) start..., progress: 64%
2026-7-7 16:59:05-debug: // ---- build task adsense-h5g-plugin：onAfterBuild ----
2026-7-7 16:59:05-debug: // ---- build task adsense-h5g-plugin：onAfterBuild ---- (42ms)
2026-7-7 16:59:05-debug: super-html:(onAfterBuild) start..., progress: 65%
2026-7-7 16:59:05-debug: adsense-h5g-plugin:(onAfterBuild) in 42 ms ✓, progress: 65%
2026-7-7 16:59:05-log: [super-html] : engine version 3.8.7
2026-7-7 16:59:05-debug: // ---- build task super-html：onAfterBuild ----
2026-7-7 16:59:05-log: [super-html] : -- start --
2026-7-7 16:59:05-log: [super-html] : s_out_dir D:\工程项目\PlayableAD\Cocos\TheW\20260615_HYQ\HYQ_Project\build\super-html
2026-7-7 16:59:05-log: [super-html] : s_input_dir D:\工程项目\PlayableAD\Cocos\TheW\20260615_HYQ\HYQ_Project\build\web-mobile
2026-7-7 16:59:12-debug: // ---- build task super-html：onAfterBuild ---- (6935ms)
2026-7-7 16:59:12-debug: super-html:(onAfterBuild) in 6935 ms ✓, progress: 67%
2026-7-7 16:59:12-log: [SUPER_PACKAGE]onAfterBuild
2026-7-7 16:59:12-debug: super-packager:(onAfterBuild) start..., progress: 67%
2026-7-7 16:59:12-debug: // ---- build task super-packager：onAfterBuild ----
2026-7-7 16:59:13-debug: // ---- build task super-packager：onAfterBuild ---- (210ms)
2026-7-7 16:59:13-debug: super-packager:(onAfterBuild) in 210 ms ✓, progress: 69%
2026-7-7 16:59:13-log: Asset DB is resume!
2026-7-7 16:59:13-debug: builder:build-project-total (39945ms)
2026-7-7 16:59:13-debug: build task(web-mobile) in 39945!
2026-7-7 16:59:13-debug: [Build Memory track]: builder:build-project-total start:288.68MB, end 289.32MB, increase: 655.11KB
2026-7-7 16:59:13-debug: ================================ build Task (web-mobile) Finished in (40 s)ms ================================
2026-7-7 16:59:13-debug: Stop record console. {file(D:\工程项目\PlayableAD\Cocos\TheW\20260615_HYQ\HYQ_Project\temp\builder\log\web-mobile2026-6-30 10-27.log)}
2026-7-7 16:59:13-warn: The Mesh used by component "cc.MeshRenderer" in prefab "Role_2" is missing. Detailed information:Node path: "Role_2/New Node/Bip001 Prop1 Socket/jiateling01"Asset url: "db://assets/GameRes/Prefab/Role_2"Missing uuid: "03189dd5-73dd-4e52-8644-1ff1a122b972@18a45"
2026-7-7 16:59:13-warn: The Mesh used by component "cc.MeshRenderer" in prefab "Role_2" is missing. Detailed information:Node path: "Role_2/New Node/Bip001 Prop1 Socket/jiateling01"Asset url: "db://assets/GameRes/Prefab/Role_2"Missing uuid: "03189dd5-73dd-4e52-8644-1ff1a122b972@18a45"
2026-7-7 16:59:13-warn: The Mesh used by component "cc.MeshRenderer" in prefab "Role_1" is missing. Detailed information:Node path: "Role_1/New Node/Bip001 Prop1 Socket/jiateling01"Asset url: "db://assets/GameRes/Prefab/Role_1"Missing uuid: "03189dd5-73dd-4e52-8644-1ff1a122b972@18a45"
2026-7-7 16:59:14-debug: refresh db internal success
2026-7-7 16:59:14-debug: %cImport%c: D:\工程项目\PlayableAD\Cocos\TheW\20260615_HYQ\HYQ_Project\assets\Scene\Game_3D-002.scenebackground: #aaff85; color: #000;color: #000;
2026-7-7 16:59:14-debug: refresh db assets success
2026-7-7 16:59:14-debug: %cImport%c: D:\工程项目\PlayableAD\Cocos\TheW\20260615_HYQ\HYQ_Project\extensions\super-packager\package_assets\Common\SuperPackage.tsbackground: #aaff85; color: #000;color: #000;
2026-7-7 16:59:14-debug: %cImport%c: D:\工程项目\PlayableAD\Cocos\TheW\20260615_HYQ\HYQ_Project\extensions\super-packager\package_assets\JiangYv\PBASDK-v3\PBASDK.tsbackground: #aaff85; color: #000;color: #000;
2026-7-7 16:59:14-debug: refresh db super-packager success
2026-7-7 16:59:14-debug: Run asset db hook engine-extends:afterRefresh ...
2026-7-7 16:59:14-debug: Run asset db hook engine-extends:afterRefresh success!
2026-7-7 16:59:14-debug: asset-db:refresh-all-database (1324ms)
2026-7-7 16:59:14-debug: asset-db:worker-effect-data-processing (3ms)
2026-7-7 16:59:14-debug: asset-db-hook-engine-extends-afterRefresh (3ms)
2026-7-7 16:59:14-debug: %cImport%c: D:\工程项目\PlayableAD\Cocos\TheW\20260615_HYQ\HYQ_Project\assets\Scene\Game_3D-002.scenebackground: #aaff85; color: #000;color: #000;
2026-7-7 16:59:14-debug: asset-db:reimport-assetb5805d3a-3b80-4a12-adf5-588e63a7d886 (37ms)
2026-7-7 16:59:16-debug: Query all assets info in project
2026-7-7 16:59:16-debug: init custom config: keepNodeUuid: false, useCache: true
2026-7-7 16:59:16-debug: Skip compress image, progress: 0%
2026-7-7 16:59:16-debug: Init all bundles start..., progress: 0%
2026-7-7 16:59:16-debug: Num of bundles: 3..., progress: 0%
2026-7-7 16:59:16-debug: // ---- build task 查询 Asset Bundle ----
2026-7-7 16:59:16-debug: Init bundle root assets start..., progress: 0%
2026-7-7 16:59:16-debug: 查询 Asset Bundle start, progress: 0%
2026-7-7 16:59:16-debug: Query preload assets/scripts from cc.config.json: 60f7195c-ec2a-45eb-ba94-8955f60e81d0,1c02ae6f-4492-4915-b8f8-7492a3b1e4cd,810e96e4-e456-4468-9b59-f4e8f39732c0,efe8e2a3-eace-427b-b4f1-cb8a937ec77d,e9aa9a3e-5b2b-4ac7-a2c7-073de2b2b24f,8bbdbcdd-5cd4-4100-b6d5-b7c9625b6107,50f4348b-c883-4e2f-8f11-ce233b859fa1,fda095cb-831d-4601-ad94-846013963de8,f92806d7-1768-443f-afe8-12bcde84d0f0,dd3a144d-ab7f-41f0-82b8-2e43a090d496,f0416e68-0200-4b77-a926-4f9d16e494da,511d2633-09a7-4bdd-ac42-f778032124b3,5d45aa00-e064-4938-b314-4265f0c2258c,9361fd90-ba52-4f84-aa93-6e878fd576ca,970b0598-bcb0-4714-91fb-2e81440dccd8,bcd64cc6-2dd9-43f6-abbe-66318d332032,d930590d-bb92-4cc8-8bd1-23cd027f9edf,a3cd009f-0ab0-420d-9278-b9fdab939bbc,6a2d0734-bd9e-4ddf-946e-caa52498cb75,d1346436-ac96-4271-b863-1f4fdead95b0,971bdb23-3ff6-43eb-b422-1c30165a3663,17debcc3-0a6b-4b8a-b00b-dc58b885581e,711ebe11-f673-4cd9-9a83-63c60ba54c5b,c0143906-9aed-447e-9436-2ae8512d1b6e,14da1725-c4c2-42b4-ab08-ee0aeb6898b3,081cab31-dccd-428e-8652-f2404cc81c47,78e0584a-4343-4727-8f37-e14e65c2a2db,ba21476f-2866-4f81-9c4d-6e359316e448,871c3b6c-7379-419d-bda3-794b239ab90d,ff9b0199-ce04-4cfe-86cc-6c719f08d6e4,de1c2107-70c8-4021-8459-6399f24d01c6,cbf30902-517f-40dc-af90-a550bac27cf1,5c601d96-e4c7-4698-991b-7ee674b11079
2026-7-7 16:59:16-debug:   Number of all scenes: 5
2026-7-7 16:59:16-debug:   Number of all scripts: 109
2026-7-7 16:59:16-debug:   Number of other assets: 1158
2026-7-7 16:59:16-debug: Init bundle root assets success..., progress: 0%
2026-7-7 16:59:16-debug: // ---- build task 查询 Asset Bundle ---- (19ms)
2026-7-7 16:59:16-log: run build task 查询 Asset Bundle success in 19 ms√, progress: 5%
2026-7-7 16:59:16-debug: [Build Memory track]: 查询 Asset Bundle start:292.56MB, end 294.13MB, increase: 1.58MB
2026-7-7 16:59:16-debug: 查询 Asset Bundle start, progress: 5%
2026-7-7 16:59:16-debug: // ---- build task 查询 Asset Bundle ----
2026-7-7 16:59:16-log: run build task 查询 Asset Bundle success in 27 ms√, progress: 10%
2026-7-7 16:59:16-debug: [Build Memory track]: 查询 Asset Bundle start:294.17MB, end 294.44MB, increase: 284.32KB
2026-7-7 16:59:16-debug: // ---- build task 整理部分构建选项内数据到 settings.json ----
2026-7-7 16:59:16-debug: // ---- build task 查询 Asset Bundle ---- (27ms)
2026-7-7 16:59:16-debug: 整理部分构建选项内数据到 settings.json start, progress: 10%
2026-7-7 16:59:16-debug: // ---- build task 整理部分构建选项内数据到 settings.json ---- (3ms)
2026-7-7 16:59:16-log: run build task 整理部分构建选项内数据到 settings.json success in 3 ms√, progress: 12%
2026-7-7 16:59:16-debug: [Build Memory track]: 整理部分构建选项内数据到 settings.json start:294.48MB, end 294.50MB, increase: 28.82KB
2026-7-7 16:59:16-debug: 填充脚本数据到 settings.json start, progress: 12%
2026-7-7 16:59:16-debug: // ---- build task 填充脚本数据到 settings.json ----
2026-7-7 16:59:16-debug: // ---- build task 填充脚本数据到 settings.json ---- (3ms)
2026-7-7 16:59:16-log: run build task 填充脚本数据到 settings.json success in 3 ms√, progress: 13%
2026-7-7 16:59:16-debug: 整理部分构建选项内数据到 settings.json start, progress: 13%
2026-7-7 16:59:16-debug: [Build Memory track]: 填充脚本数据到 settings.json start:294.54MB, end 294.57MB, increase: 28.09KB
2026-7-7 16:59:16-debug: // ---- build task 整理部分构建选项内数据到 settings.json ----
2026-7-7 16:59:16-debug: // ---- build task 整理部分构建选项内数据到 settings.json ---- (16ms)
2026-7-7 16:59:16-log: run build task 整理部分构建选项内数据到 settings.json success in 16 ms√, progress: 15%
2026-7-7 16:59:16-debug: [Build Memory track]: 整理部分构建选项内数据到 settings.json start:294.60MB, end 294.66MB, increase: 66.52KB
2026-7-7 16:59:16-debug: Query all assets info in project
2026-7-7 16:59:16-debug: init custom config: keepNodeUuid: false, useCache: true
2026-7-7 16:59:16-debug: Skip compress image, progress: 0%
2026-7-7 16:59:16-debug: Init all bundles start..., progress: 0%
2026-7-7 16:59:16-debug: Num of bundles: 3..., progress: 0%
2026-7-7 16:59:16-debug: 查询 Asset Bundle start, progress: 0%
2026-7-7 16:59:16-debug: // ---- build task 查询 Asset Bundle ----
2026-7-7 16:59:16-debug: Init bundle root assets start..., progress: 0%
2026-7-7 16:59:16-debug: Query preload assets/scripts from cc.config.json: 60f7195c-ec2a-45eb-ba94-8955f60e81d0,1c02ae6f-4492-4915-b8f8-7492a3b1e4cd,810e96e4-e456-4468-9b59-f4e8f39732c0,efe8e2a3-eace-427b-b4f1-cb8a937ec77d,e9aa9a3e-5b2b-4ac7-a2c7-073de2b2b24f,8bbdbcdd-5cd4-4100-b6d5-b7c9625b6107,50f4348b-c883-4e2f-8f11-ce233b859fa1,fda095cb-831d-4601-ad94-846013963de8,f92806d7-1768-443f-afe8-12bcde84d0f0,dd3a144d-ab7f-41f0-82b8-2e43a090d496,f0416e68-0200-4b77-a926-4f9d16e494da,511d2633-09a7-4bdd-ac42-f778032124b3,5d45aa00-e064-4938-b314-4265f0c2258c,9361fd90-ba52-4f84-aa93-6e878fd576ca,970b0598-bcb0-4714-91fb-2e81440dccd8,bcd64cc6-2dd9-43f6-abbe-66318d332032,d930590d-bb92-4cc8-8bd1-23cd027f9edf,a3cd009f-0ab0-420d-9278-b9fdab939bbc,6a2d0734-bd9e-4ddf-946e-caa52498cb75,d1346436-ac96-4271-b863-1f4fdead95b0,971bdb23-3ff6-43eb-b422-1c30165a3663,17debcc3-0a6b-4b8a-b00b-dc58b885581e,711ebe11-f673-4cd9-9a83-63c60ba54c5b,c0143906-9aed-447e-9436-2ae8512d1b6e,14da1725-c4c2-42b4-ab08-ee0aeb6898b3,081cab31-dccd-428e-8652-f2404cc81c47,78e0584a-4343-4727-8f37-e14e65c2a2db,ba21476f-2866-4f81-9c4d-6e359316e448,871c3b6c-7379-419d-bda3-794b239ab90d,ff9b0199-ce04-4cfe-86cc-6c719f08d6e4,de1c2107-70c8-4021-8459-6399f24d01c6,cbf30902-517f-40dc-af90-a550bac27cf1,5c601d96-e4c7-4698-991b-7ee674b11079
2026-7-7 16:59:16-debug:   Number of all scenes: 5
2026-7-7 16:59:16-debug:   Number of all scripts: 109
2026-7-7 16:59:16-debug:   Number of other assets: 1158
2026-7-7 16:59:16-debug: Init bundle root assets success..., progress: 0%
2026-7-7 16:59:16-debug: // ---- build task 查询 Asset Bundle ---- (19ms)
2026-7-7 16:59:16-log: run build task 查询 Asset Bundle success in 19 ms√, progress: 5%
2026-7-7 16:59:16-debug: 查询 Asset Bundle start, progress: 5%
2026-7-7 16:59:16-debug: // ---- build task 查询 Asset Bundle ----
2026-7-7 16:59:16-debug: [Build Memory track]: 查询 Asset Bundle start:295.39MB, end 296.95MB, increase: 1.56MB
2026-7-7 16:59:16-log: run build task 查询 Asset Bundle success in 30 ms√, progress: 10%
2026-7-7 16:59:16-debug: [Build Memory track]: 查询 Asset Bundle start:296.99MB, end 297.22MB, increase: 235.07KB
2026-7-7 16:59:16-debug: 整理部分构建选项内数据到 settings.json start, progress: 10%
2026-7-7 16:59:16-debug: // ---- build task 查询 Asset Bundle ---- (30ms)
2026-7-7 16:59:16-debug: // ---- build task 整理部分构建选项内数据到 settings.json ----
2026-7-7 16:59:16-debug: // ---- build task 整理部分构建选项内数据到 settings.json ---- (15ms)
2026-7-7 16:59:16-log: run build task 整理部分构建选项内数据到 settings.json success in 15 ms√, progress: 12%
2026-7-7 16:59:16-debug: [Build Memory track]: 整理部分构建选项内数据到 settings.json start:297.25MB, end 297.28MB, increase: 28.58KB
2026-7-7 16:59:16-debug: 填充脚本数据到 settings.json start, progress: 12%
2026-7-7 16:59:16-debug: // ---- build task 填充脚本数据到 settings.json ----
2026-7-7 16:59:16-debug: // ---- build task 填充脚本数据到 settings.json ---- (3ms)
2026-7-7 16:59:16-debug: [Build Memory track]: 填充脚本数据到 settings.json start:297.31MB, end 297.34MB, increase: 28.14KB
2026-7-7 16:59:16-log: run build task 填充脚本数据到 settings.json success in 3 ms√, progress: 13%
2026-7-7 16:59:16-debug: 整理部分构建选项内数据到 settings.json start, progress: 13%
2026-7-7 16:59:16-debug: // ---- build task 整理部分构建选项内数据到 settings.json ----
2026-7-7 16:59:16-debug: // ---- build task 整理部分构建选项内数据到 settings.json ---- (11ms)
2026-7-7 16:59:16-log: run build task 整理部分构建选项内数据到 settings.json success in 11 ms√, progress: 15%
2026-7-7 16:59:16-debug: [Build Memory track]: 整理部分构建选项内数据到 settings.json start:297.37MB, end 297.44MB, increase: 65.72KB
2026-7-7 16:59:16-debug: Query all assets info in project
2026-7-7 16:59:16-debug: init custom config: keepNodeUuid: false, useCache: true
2026-7-7 16:59:16-debug: Skip compress image, progress: 0%
2026-7-7 16:59:16-debug: Init all bundles start..., progress: 0%
2026-7-7 16:59:16-debug: Num of bundles: 3..., progress: 0%
2026-7-7 16:59:16-debug: 查询 Asset Bundle start, progress: 0%
2026-7-7 16:59:16-debug: // ---- build task 查询 Asset Bundle ----
2026-7-7 16:59:16-debug: Init bundle root assets start..., progress: 0%
2026-7-7 16:59:16-debug: Query preload assets/scripts from cc.config.json: 60f7195c-ec2a-45eb-ba94-8955f60e81d0,1c02ae6f-4492-4915-b8f8-7492a3b1e4cd,810e96e4-e456-4468-9b59-f4e8f39732c0,efe8e2a3-eace-427b-b4f1-cb8a937ec77d,e9aa9a3e-5b2b-4ac7-a2c7-073de2b2b24f,8bbdbcdd-5cd4-4100-b6d5-b7c9625b6107,50f4348b-c883-4e2f-8f11-ce233b859fa1,fda095cb-831d-4601-ad94-846013963de8,f92806d7-1768-443f-afe8-12bcde84d0f0,dd3a144d-ab7f-41f0-82b8-2e43a090d496,f0416e68-0200-4b77-a926-4f9d16e494da,511d2633-09a7-4bdd-ac42-f778032124b3,5d45aa00-e064-4938-b314-4265f0c2258c,9361fd90-ba52-4f84-aa93-6e878fd576ca,970b0598-bcb0-4714-91fb-2e81440dccd8,bcd64cc6-2dd9-43f6-abbe-66318d332032,d930590d-bb92-4cc8-8bd1-23cd027f9edf,a3cd009f-0ab0-420d-9278-b9fdab939bbc,6a2d0734-bd9e-4ddf-946e-caa52498cb75,d1346436-ac96-4271-b863-1f4fdead95b0,971bdb23-3ff6-43eb-b422-1c30165a3663,17debcc3-0a6b-4b8a-b00b-dc58b885581e,711ebe11-f673-4cd9-9a83-63c60ba54c5b,c0143906-9aed-447e-9436-2ae8512d1b6e,14da1725-c4c2-42b4-ab08-ee0aeb6898b3,081cab31-dccd-428e-8652-f2404cc81c47,78e0584a-4343-4727-8f37-e14e65c2a2db,ba21476f-2866-4f81-9c4d-6e359316e448,871c3b6c-7379-419d-bda3-794b239ab90d,ff9b0199-ce04-4cfe-86cc-6c719f08d6e4,de1c2107-70c8-4021-8459-6399f24d01c6,cbf30902-517f-40dc-af90-a550bac27cf1,5c601d96-e4c7-4698-991b-7ee674b11079
2026-7-7 16:59:16-debug:   Number of all scenes: 5
2026-7-7 16:59:16-debug:   Number of all scripts: 109
2026-7-7 16:59:16-debug: Init bundle root assets success..., progress: 0%
2026-7-7 16:59:16-debug:   Number of other assets: 1158
2026-7-7 16:59:16-debug: // ---- build task 查询 Asset Bundle ---- (20ms)
2026-7-7 16:59:16-debug: [Build Memory track]: 查询 Asset Bundle start:298.12MB, end 293.48MB, increase: -4753.78KB
2026-7-7 16:59:16-debug: 查询 Asset Bundle start, progress: 5%
2026-7-7 16:59:16-debug: // ---- build task 查询 Asset Bundle ----
2026-7-7 16:59:16-log: run build task 查询 Asset Bundle success in 20 ms√, progress: 5%
2026-7-7 16:59:16-debug: // ---- build task 查询 Asset Bundle ---- (13ms)
2026-7-7 16:59:16-log: run build task 查询 Asset Bundle success in 13 ms√, progress: 10%
2026-7-7 16:59:16-debug: [Build Memory track]: 查询 Asset Bundle start:293.51MB, end 293.74MB, increase: 231.40KB
2026-7-7 16:59:16-debug: 整理部分构建选项内数据到 settings.json start, progress: 10%
2026-7-7 16:59:16-debug: // ---- build task 整理部分构建选项内数据到 settings.json ----
2026-7-7 16:59:16-debug: // ---- build task 整理部分构建选项内数据到 settings.json ---- (4ms)
2026-7-7 16:59:16-log: run build task 整理部分构建选项内数据到 settings.json success in 4 ms√, progress: 12%
2026-7-7 16:59:16-debug: [Build Memory track]: 整理部分构建选项内数据到 settings.json start:293.77MB, end 293.80MB, increase: 28.64KB
2026-7-7 16:59:16-debug: // ---- build task 填充脚本数据到 settings.json ----
2026-7-7 16:59:16-debug: 填充脚本数据到 settings.json start, progress: 12%
2026-7-7 16:59:16-debug: // ---- build task 填充脚本数据到 settings.json ---- (3ms)
2026-7-7 16:59:16-log: run build task 填充脚本数据到 settings.json success in 3 ms√, progress: 13%
2026-7-7 16:59:16-debug: [Build Memory track]: 填充脚本数据到 settings.json start:293.83MB, end 293.86MB, increase: 28.06KB
2026-7-7 16:59:16-debug: // ---- build task 整理部分构建选项内数据到 settings.json ----
2026-7-7 16:59:16-debug: 整理部分构建选项内数据到 settings.json start, progress: 13%
2026-7-7 16:59:16-debug: // ---- build task 整理部分构建选项内数据到 settings.json ---- (7ms)
2026-7-7 16:59:16-log: run build task 整理部分构建选项内数据到 settings.json success in 7 ms√, progress: 15%
2026-7-7 16:59:16-debug: [Build Memory track]: 整理部分构建选项内数据到 settings.json start:293.90MB, end 293.96MB, increase: 65.58KB
2026-7-7 16:59:18-log: [super-html] : [common] [13586 kb] D:\工程项目\PlayableAD\Cocos\TheW\20260615_HYQ\HYQ_Project\build\super-html\common\HYQ_common.html
2026-7-7 16:59:18-log: [super-html] : [common] [6213 kb] D:\工程项目\PlayableAD\Cocos\TheW\20260615_HYQ\HYQ_Project\build\super-html\common\HYQ_common_min.html
2026-7-7 16:59:18-log: [super-html] : [ironsource2025] [6214 kb] D:\工程项目\PlayableAD\Cocos\TheW\20260615_HYQ\HYQ_Project\build\super-html\ironsource2025\HYQ_ironsource2025.html
2026-7-7 16:59:18-log: [super-html] : [ironsource] [6216 kb] D:\工程项目\PlayableAD\Cocos\TheW\20260615_HYQ\HYQ_Project\build\super-html\ironsource\HYQ_ironsource.html
2026-7-7 16:59:18-log: [super-html] : [applovin] [6213 kb] D:\工程项目\PlayableAD\Cocos\TheW\20260615_HYQ\HYQ_Project\build\super-html\applovin\HYQ_applovin.html
2026-7-7 16:59:19-log: [super-html] : [mintegral] [4498 kb] D:\工程项目\PlayableAD\Cocos\TheW\20260615_HYQ\HYQ_Project\build\super-html\mintegral\HYQ_mintegral.zip
2026-7-7 16:59:19-log: [super-html] : [chartboost] [6213 kb] D:\工程项目\PlayableAD\Cocos\TheW\20260615_HYQ\HYQ_Project\build\super-html\chartboost\HYQ_chartboost.html
2026-7-7 16:59:19-log: [super-html] : [unity] [6214 kb] D:\工程项目\PlayableAD\Cocos\TheW\20260615_HYQ\HYQ_Project\build\super-html\unity\HYQ_unity.html
2026-7-7 16:59:20-log: [super-html] : [google] [4567 kb] D:\工程项目\PlayableAD\Cocos\TheW\20260615_HYQ\HYQ_Project\build\super-html\google\HYQ_google.zip
2026-7-7 16:59:21-log: [super-html] : [google] [4567 kb] D:\工程项目\PlayableAD\Cocos\TheW\20260615_HYQ\HYQ_Project\build\super-html\google\HYQ_google_portrait.zip
2026-7-7 16:59:21-log: [super-html] : [google] [4567 kb] D:\工程项目\PlayableAD\Cocos\TheW\20260615_HYQ\HYQ_Project\build\super-html\google\HYQ_google_landscape.zip
2026-7-7 16:59:21-log: [super-html] : [facebook] [6213 kb] D:\工程项目\PlayableAD\Cocos\TheW\20260615_HYQ\HYQ_Project\build\super-html\facebook\HYQ_facebook.html
2026-7-7 16:59:22-log: [super-html] : [facebook] [4566 kb] D:\工程项目\PlayableAD\Cocos\TheW\20260615_HYQ\HYQ_Project\build\super-html\facebook\HYQ_facebook.zip
2026-7-7 16:59:23-log: [super-html] : [pangle] [4498 kb] D:\工程项目\PlayableAD\Cocos\TheW\20260615_HYQ\HYQ_Project\build\super-html\pangle\HYQ_pangle.zip
2026-7-7 16:59:24-log: [super-html] : [pangle] [4498 kb] D:\工程项目\PlayableAD\Cocos\TheW\20260615_HYQ\HYQ_Project\build\super-html\pangle\HYQ_pangle_portrait.zip
2026-7-7 16:59:25-log: [super-html] : [pangle] [4498 kb] D:\工程项目\PlayableAD\Cocos\TheW\20260615_HYQ\HYQ_Project\build\super-html\pangle\HYQ_pangle_landscape.zip
2026-7-7 16:59:26-log: [super-html] : [liftoff] [4498 kb] D:\工程项目\PlayableAD\Cocos\TheW\20260615_HYQ\HYQ_Project\build\super-html\liftoff\HYQ_liftoff.zip
2026-7-7 16:59:26-log: [super-html] : [moloco] [6213 kb] D:\工程项目\PlayableAD\Cocos\TheW\20260615_HYQ\HYQ_Project\build\super-html\moloco\HYQ_moloco.html
2026-7-7 16:59:27-log: [super-html] : [tiktok] [4498 kb] D:\工程项目\PlayableAD\Cocos\TheW\20260615_HYQ\HYQ_Project\build\super-html\tiktok\HYQ_tiktok.zip
2026-7-7 16:59:28-log: [super-html] : [vungle] [4498 kb] D:\工程项目\PlayableAD\Cocos\TheW\20260615_HYQ\HYQ_Project\build\super-html\vungle\HYQ_vungle.zip
2026-7-7 16:59:29-log: [super-html] : [bigo] [4498 kb] D:\工程项目\PlayableAD\Cocos\TheW\20260615_HYQ\HYQ_Project\build\super-html\bigo\HYQ_bigo.zip
2026-7-7 16:59:29-log: [super-html] : [kwai] : thumbnail_cover.jpg no find
2026-7-7 16:59:30-log: [super-html] : [kwai] [4498 kb] D:\工程项目\PlayableAD\Cocos\TheW\20260615_HYQ\HYQ_Project\build\super-html\kwai\HYQ_kwai.zip
2026-7-7 16:59:30-log: [super-html] : [nefta] [6214 kb] D:\工程项目\PlayableAD\Cocos\TheW\20260615_HYQ\HYQ_Project\build\super-html\nefta\HYQ_nefta.html
2026-7-7 16:59:30-log: [super-html] : [nefta] [4498 kb] D:\工程项目\PlayableAD\Cocos\TheW\20260615_HYQ\HYQ_Project\build\super-html\nefta\HYQ_nefta.zip
2026-7-7 16:59:31-log: [super-html] : [snapchat] [4567 kb] D:\工程项目\PlayableAD\Cocos\TheW\20260615_HYQ\HYQ_Project\build\super-html\snapchat\HYQ_snapchat_portrait.zip
2026-7-7 16:59:32-log: [super-html] : [gdt] [4567 kb] D:\工程项目\PlayableAD\Cocos\TheW\20260615_HYQ\HYQ_Project\build\super-html\gdt\HYQ_gdt.zip
2026-7-7 16:59:32-log: [super-html] : [gdt] [4567 kb] D:\工程项目\PlayableAD\Cocos\TheW\20260615_HYQ\HYQ_Project\build\super-html\gdt\HYQ_gdt_portrait.zip
2026-7-7 16:59:33-log: [super-html] : [gdt] [4567 kb] D:\工程项目\PlayableAD\Cocos\TheW\20260615_HYQ\HYQ_Project\build\super-html\gdt\HYQ_gdt_landscape.zip
2026-7-7 16:59:33-log: [super-html] : run time 27.432S
2026-7-7 16:59:33-log: [super-html] : -- end -- 
2026-7-7 16:59:59-debug: refresh db internal success
2026-7-7 16:59:59-debug: refresh db assets success
2026-7-7 16:59:59-debug: refresh db super-packager success
2026-7-7 16:59:59-debug: Run asset db hook engine-extends:afterRefresh ...
2026-7-7 16:59:59-debug: Run asset db hook engine-extends:afterRefresh success!
2026-7-7 16:59:59-debug: asset-db:refresh-all-database (242ms)
2026-7-7 16:59:59-debug: asset-db:worker-effect-data-processing (2ms)
2026-7-7 16:59:59-debug: asset-db-hook-engine-extends-afterRefresh (3ms)
2026-7-7 17:00:15-debug: refresh db internal success
2026-7-7 17:00:15-debug: refresh db assets success
2026-7-7 17:00:15-debug: refresh db super-packager success
2026-7-7 17:00:15-debug: Run asset db hook engine-extends:afterRefresh ...
2026-7-7 17:00:15-debug: Run asset db hook engine-extends:afterRefresh success!
2026-7-7 17:00:15-debug: asset-db:refresh-all-database (232ms)
2026-7-7 17:00:15-debug: asset-db:worker-effect-data-processing (3ms)
2026-7-7 17:00:15-debug: asset-db-hook-engine-extends-afterRefresh (4ms)
2026-7-7 17:01:16-debug: refresh db internal success
2026-7-7 17:01:17-debug: refresh db assets success
2026-7-7 17:01:17-debug: refresh db super-packager success
2026-7-7 17:01:17-debug: Run asset db hook engine-extends:afterRefresh ...
2026-7-7 17:01:17-debug: Run asset db hook engine-extends:afterRefresh success!
2026-7-7 17:01:17-debug: asset-db:refresh-all-database (231ms)
2026-7-7 17:01:17-debug: asset-db:worker-effect-data-processing (2ms)
2026-7-7 17:01:17-debug: asset-db-hook-engine-extends-afterRefresh (2ms)
2026-7-7 17:01:51-debug: refresh db internal success
2026-7-7 17:01:52-debug: refresh db assets success
2026-7-7 17:01:52-debug: refresh db super-packager success
2026-7-7 17:01:52-debug: Run asset db hook engine-extends:afterRefresh ...
2026-7-7 17:01:52-debug: Run asset db hook engine-extends:afterRefresh success!
2026-7-7 17:01:52-debug: asset-db:refresh-all-database (270ms)
2026-7-7 17:01:52-debug: asset-db:worker-effect-data-processing (11ms)
2026-7-7 17:01:52-debug: asset-db-hook-engine-extends-afterRefresh (11ms)
2026-7-7 17:01:54-debug: %cImport%c: D:\工程项目\PlayableAD\Cocos\TheW\20260615_HYQ\HYQ_Project\assets\Scene\Game_3D-002.scenebackground: #aaff85; color: #000;color: #000;
2026-7-7 17:01:54-debug: asset-db:reimport-assetb5805d3a-3b80-4a12-adf5-588e63a7d886 (48ms)
2026-7-7 17:01:55-debug: Query all assets info in project
2026-7-7 17:01:55-debug: init custom config: keepNodeUuid: false, useCache: true
2026-7-7 17:01:55-debug: Skip compress image, progress: 0%
2026-7-7 17:01:55-debug: Init all bundles start..., progress: 0%
2026-7-7 17:01:55-debug: 查询 Asset Bundle start, progress: 0%
2026-7-7 17:01:55-debug: // ---- build task 查询 Asset Bundle ----
2026-7-7 17:01:55-debug: Init bundle root assets start..., progress: 0%
2026-7-7 17:01:55-debug: Num of bundles: 3..., progress: 0%
2026-7-7 17:01:55-debug: Query preload assets/scripts from cc.config.json: 60f7195c-ec2a-45eb-ba94-8955f60e81d0,1c02ae6f-4492-4915-b8f8-7492a3b1e4cd,810e96e4-e456-4468-9b59-f4e8f39732c0,efe8e2a3-eace-427b-b4f1-cb8a937ec77d,e9aa9a3e-5b2b-4ac7-a2c7-073de2b2b24f,8bbdbcdd-5cd4-4100-b6d5-b7c9625b6107,50f4348b-c883-4e2f-8f11-ce233b859fa1,fda095cb-831d-4601-ad94-846013963de8,f92806d7-1768-443f-afe8-12bcde84d0f0,dd3a144d-ab7f-41f0-82b8-2e43a090d496,f0416e68-0200-4b77-a926-4f9d16e494da,511d2633-09a7-4bdd-ac42-f778032124b3,5d45aa00-e064-4938-b314-4265f0c2258c,9361fd90-ba52-4f84-aa93-6e878fd576ca,970b0598-bcb0-4714-91fb-2e81440dccd8,bcd64cc6-2dd9-43f6-abbe-66318d332032,d930590d-bb92-4cc8-8bd1-23cd027f9edf,a3cd009f-0ab0-420d-9278-b9fdab939bbc,6a2d0734-bd9e-4ddf-946e-caa52498cb75,d1346436-ac96-4271-b863-1f4fdead95b0,971bdb23-3ff6-43eb-b422-1c30165a3663,17debcc3-0a6b-4b8a-b00b-dc58b885581e,711ebe11-f673-4cd9-9a83-63c60ba54c5b,c0143906-9aed-447e-9436-2ae8512d1b6e,14da1725-c4c2-42b4-ab08-ee0aeb6898b3,081cab31-dccd-428e-8652-f2404cc81c47,78e0584a-4343-4727-8f37-e14e65c2a2db,ba21476f-2866-4f81-9c4d-6e359316e448,871c3b6c-7379-419d-bda3-794b239ab90d,ff9b0199-ce04-4cfe-86cc-6c719f08d6e4,de1c2107-70c8-4021-8459-6399f24d01c6,cbf30902-517f-40dc-af90-a550bac27cf1,5c601d96-e4c7-4698-991b-7ee674b11079
2026-7-7 17:01:55-debug:   Number of all scenes: 5
2026-7-7 17:01:55-debug:   Number of all scripts: 109
2026-7-7 17:01:55-debug: Init bundle root assets success..., progress: 0%
2026-7-7 17:01:55-debug:   Number of other assets: 1158
2026-7-7 17:01:55-debug: // ---- build task 查询 Asset Bundle ---- (17ms)
2026-7-7 17:01:55-log: run build task 查询 Asset Bundle success in 17 ms√, progress: 5%
2026-7-7 17:01:55-debug: 查询 Asset Bundle start, progress: 5%
2026-7-7 17:01:55-debug: [Build Memory track]: 查询 Asset Bundle start:297.07MB, end 294.85MB, increase: -2275.51KB
2026-7-7 17:01:55-debug: // ---- build task 查询 Asset Bundle ----
2026-7-7 17:01:55-debug: // ---- build task 查询 Asset Bundle ---- (6ms)
2026-7-7 17:01:55-log: run build task 查询 Asset Bundle success in 6 ms√, progress: 10%
2026-7-7 17:01:55-debug: [Build Memory track]: 查询 Asset Bundle start:294.89MB, end 295.11MB, increase: 232.64KB
2026-7-7 17:01:55-debug: 整理部分构建选项内数据到 settings.json start, progress: 10%
2026-7-7 17:01:55-debug: // ---- build task 整理部分构建选项内数据到 settings.json ----
2026-7-7 17:01:55-debug: // ---- build task 整理部分构建选项内数据到 settings.json ---- (4ms)
2026-7-7 17:01:55-log: run build task 整理部分构建选项内数据到 settings.json success in 4 ms√, progress: 12%
2026-7-7 17:01:55-debug: [Build Memory track]: 整理部分构建选项内数据到 settings.json start:295.15MB, end 295.18MB, increase: 37.81KB
2026-7-7 17:01:55-debug: 填充脚本数据到 settings.json start, progress: 12%
2026-7-7 17:01:55-debug: // ---- build task 填充脚本数据到 settings.json ----
2026-7-7 17:01:55-debug: // ---- build task 填充脚本数据到 settings.json ---- (6ms)
2026-7-7 17:01:55-log: run build task 填充脚本数据到 settings.json success in 6 ms√, progress: 13%
2026-7-7 17:01:55-debug: 整理部分构建选项内数据到 settings.json start, progress: 13%
2026-7-7 17:01:55-debug: [Build Memory track]: 填充脚本数据到 settings.json start:295.22MB, end 295.24MB, increase: 27.31KB
2026-7-7 17:01:55-debug: // ---- build task 整理部分构建选项内数据到 settings.json ----
2026-7-7 17:01:55-debug: // ---- build task 整理部分构建选项内数据到 settings.json ---- (8ms)
2026-7-7 17:01:55-log: run build task 整理部分构建选项内数据到 settings.json success in 8 ms√, progress: 15%
2026-7-7 17:01:55-debug: [Build Memory track]: 整理部分构建选项内数据到 settings.json start:295.28MB, end 295.35MB, increase: 71.66KB
2026-7-7 17:01:55-debug: Query all assets info in project
2026-7-7 17:01:55-debug: init custom config: keepNodeUuid: false, useCache: true
2026-7-7 17:01:55-debug: Skip compress image, progress: 0%
2026-7-7 17:01:55-debug: Init all bundles start..., progress: 0%
2026-7-7 17:01:55-debug: Num of bundles: 3..., progress: 0%
2026-7-7 17:01:55-debug: 查询 Asset Bundle start, progress: 0%
2026-7-7 17:01:55-debug: // ---- build task 查询 Asset Bundle ----
2026-7-7 17:01:55-debug: Init bundle root assets start..., progress: 0%
2026-7-7 17:01:55-debug: Query preload assets/scripts from cc.config.json: 60f7195c-ec2a-45eb-ba94-8955f60e81d0,1c02ae6f-4492-4915-b8f8-7492a3b1e4cd,810e96e4-e456-4468-9b59-f4e8f39732c0,efe8e2a3-eace-427b-b4f1-cb8a937ec77d,e9aa9a3e-5b2b-4ac7-a2c7-073de2b2b24f,8bbdbcdd-5cd4-4100-b6d5-b7c9625b6107,50f4348b-c883-4e2f-8f11-ce233b859fa1,fda095cb-831d-4601-ad94-846013963de8,f92806d7-1768-443f-afe8-12bcde84d0f0,dd3a144d-ab7f-41f0-82b8-2e43a090d496,f0416e68-0200-4b77-a926-4f9d16e494da,511d2633-09a7-4bdd-ac42-f778032124b3,5d45aa00-e064-4938-b314-4265f0c2258c,9361fd90-ba52-4f84-aa93-6e878fd576ca,970b0598-bcb0-4714-91fb-2e81440dccd8,bcd64cc6-2dd9-43f6-abbe-66318d332032,d930590d-bb92-4cc8-8bd1-23cd027f9edf,a3cd009f-0ab0-420d-9278-b9fdab939bbc,6a2d0734-bd9e-4ddf-946e-caa52498cb75,d1346436-ac96-4271-b863-1f4fdead95b0,971bdb23-3ff6-43eb-b422-1c30165a3663,17debcc3-0a6b-4b8a-b00b-dc58b885581e,711ebe11-f673-4cd9-9a83-63c60ba54c5b,c0143906-9aed-447e-9436-2ae8512d1b6e,14da1725-c4c2-42b4-ab08-ee0aeb6898b3,081cab31-dccd-428e-8652-f2404cc81c47,78e0584a-4343-4727-8f37-e14e65c2a2db,ba21476f-2866-4f81-9c4d-6e359316e448,871c3b6c-7379-419d-bda3-794b239ab90d,ff9b0199-ce04-4cfe-86cc-6c719f08d6e4,de1c2107-70c8-4021-8459-6399f24d01c6,cbf30902-517f-40dc-af90-a550bac27cf1,5c601d96-e4c7-4698-991b-7ee674b11079
2026-7-7 17:01:55-debug:   Number of all scenes: 5
2026-7-7 17:01:55-debug:   Number of all scripts: 109
2026-7-7 17:01:55-debug:   Number of other assets: 1158
2026-7-7 17:01:55-debug: Init bundle root assets success..., progress: 0%
2026-7-7 17:01:55-log: run build task 查询 Asset Bundle success in 30 ms√, progress: 5%
2026-7-7 17:01:55-debug: [Build Memory track]: 查询 Asset Bundle start:296.37MB, end 293.77MB, increase: -2662.27KB
2026-7-7 17:01:55-debug: 查询 Asset Bundle start, progress: 5%
2026-7-7 17:01:55-debug: // ---- build task 查询 Asset Bundle ----
2026-7-7 17:01:55-debug: // ---- build task 查询 Asset Bundle ---- (30ms)
2026-7-7 17:01:55-debug: // ---- build task 查询 Asset Bundle ---- (9ms)
2026-7-7 17:01:55-log: run build task 查询 Asset Bundle success in 9 ms√, progress: 10%
2026-7-7 17:01:55-debug: 整理部分构建选项内数据到 settings.json start, progress: 10%
2026-7-7 17:01:55-debug: // ---- build task 整理部分构建选项内数据到 settings.json ----
2026-7-7 17:01:55-debug: [Build Memory track]: 查询 Asset Bundle start:293.80MB, end 294.03MB, increase: 234.07KB
2026-7-7 17:01:55-log: run build task 整理部分构建选项内数据到 settings.json success in 5 ms√, progress: 12%
2026-7-7 17:01:55-debug: [Build Memory track]: 整理部分构建选项内数据到 settings.json start:294.07MB, end 294.09MB, increase: 28.00KB
2026-7-7 17:01:55-debug: 填充脚本数据到 settings.json start, progress: 12%
2026-7-7 17:01:55-debug: // ---- build task 填充脚本数据到 settings.json ----
2026-7-7 17:01:55-debug: // ---- build task 整理部分构建选项内数据到 settings.json ---- (5ms)
2026-7-7 17:01:55-debug: // ---- build task 填充脚本数据到 settings.json ---- (3ms)
2026-7-7 17:01:55-log: run build task 填充脚本数据到 settings.json success in 3 ms√, progress: 13%
2026-7-7 17:01:55-debug: [Build Memory track]: 填充脚本数据到 settings.json start:294.13MB, end 294.16MB, increase: 28.81KB
2026-7-7 17:01:55-debug: 整理部分构建选项内数据到 settings.json start, progress: 13%
2026-7-7 17:01:55-debug: // ---- build task 整理部分构建选项内数据到 settings.json ----
2026-7-7 17:01:55-debug: // ---- build task 整理部分构建选项内数据到 settings.json ---- (10ms)
2026-7-7 17:01:55-log: run build task 整理部分构建选项内数据到 settings.json success in 10 ms√, progress: 15%
2026-7-7 17:01:55-debug: [Build Memory track]: 整理部分构建选项内数据到 settings.json start:294.19MB, end 294.25MB, increase: 65.18KB
2026-7-7 17:02:43-debug: refresh db internal success
2026-7-7 17:02:43-debug: refresh db assets success
2026-7-7 17:02:43-debug: refresh db super-packager success
2026-7-7 17:02:43-debug: Run asset db hook engine-extends:afterRefresh ...
2026-7-7 17:02:43-debug: Run asset db hook engine-extends:afterRefresh success!
2026-7-7 17:02:43-debug: asset-db:refresh-all-database (256ms)
2026-7-7 17:02:43-debug: asset-db:worker-effect-data-processing (2ms)
2026-7-7 17:02:43-debug: asset-db-hook-engine-extends-afterRefresh (2ms)
2026-7-7 17:03:37-debug: refresh db internal success
2026-7-7 17:03:37-debug: refresh db assets success
2026-7-7 17:03:37-debug: refresh db super-packager success
2026-7-7 17:03:37-debug: Run asset db hook engine-extends:afterRefresh ...
2026-7-7 17:03:37-debug: Run asset db hook engine-extends:afterRefresh success!
2026-7-7 17:03:37-debug: asset-db:refresh-all-database (314ms)
2026-7-7 17:03:37-debug: asset-db:worker-effect-data-processing (3ms)
2026-7-7 17:03:37-debug: asset-db-hook-engine-extends-afterRefresh (4ms)
2026-7-7 17:05:18-debug: refresh db internal success
2026-7-7 17:05:18-debug: %cImport%c: D:\工程项目\PlayableAD\Cocos\TheW\20260615_HYQ\HYQ_Project\assets\GameRes\shader\ocean_realistic.effectbackground: #aaff85; color: #000;color: #000;
2026-7-7 17:05:19-debug: %cImport%c: D:\工程项目\PlayableAD\Cocos\TheW\20260615_HYQ\HYQ_Project\assets\GameRes\SLLYT_map\mat\ocean_realistic.mtlbackground: #aaff85; color: #000;color: #000;
2026-7-7 17:05:19-debug: refresh db assets success
2026-7-7 17:05:19-debug: %cImport%c: D:\工程项目\PlayableAD\Cocos\TheW\20260615_HYQ\HYQ_Project\assets\GameRes\shader\ocean_realistic.mtlbackground: #aaff85; color: #000;color: #000;
2026-7-7 17:05:19-debug: refresh db super-packager success
2026-7-7 17:05:19-debug: Run asset db hook engine-extends:afterRefresh ...
2026-7-7 17:05:19-debug: asset-db:refresh-all-database (665ms)
2026-7-7 17:05:23-debug: recompile effect.bin success
2026-7-7 17:05:23-debug: Run asset db hook engine-extends:afterRefresh success!
2026-7-7 17:05:23-debug: asset-db:worker-effect-data-processing (4156ms)
2026-7-7 17:05:23-debug: asset-db-hook-engine-extends-afterRefresh (4157ms)
2026-7-7 17:05:32-debug: %cImport%c: D:\工程项目\PlayableAD\Cocos\TheW\20260615_HYQ\HYQ_Project\assets\Scene\Game_3D-002.scenebackground: #aaff85; color: #000;color: #000;
2026-7-7 17:05:32-debug: asset-db:reimport-assetb5805d3a-3b80-4a12-adf5-588e63a7d886 (44ms)
2026-7-7 17:05:32-debug: Query all assets info in project
2026-7-7 17:05:32-debug: init custom config: keepNodeUuid: false, useCache: true
2026-7-7 17:05:32-debug: Skip compress image, progress: 0%
2026-7-7 17:05:32-debug: Init all bundles start..., progress: 0%
2026-7-7 17:05:32-debug: Num of bundles: 3..., progress: 0%
2026-7-7 17:05:32-debug: 查询 Asset Bundle start, progress: 0%
2026-7-7 17:05:32-debug: // ---- build task 查询 Asset Bundle ----
2026-7-7 17:05:32-debug: Init bundle root assets start..., progress: 0%
2026-7-7 17:05:32-debug: Query preload assets/scripts from cc.config.json: 60f7195c-ec2a-45eb-ba94-8955f60e81d0,1c02ae6f-4492-4915-b8f8-7492a3b1e4cd,810e96e4-e456-4468-9b59-f4e8f39732c0,efe8e2a3-eace-427b-b4f1-cb8a937ec77d,e9aa9a3e-5b2b-4ac7-a2c7-073de2b2b24f,8bbdbcdd-5cd4-4100-b6d5-b7c9625b6107,50f4348b-c883-4e2f-8f11-ce233b859fa1,fda095cb-831d-4601-ad94-846013963de8,f92806d7-1768-443f-afe8-12bcde84d0f0,dd3a144d-ab7f-41f0-82b8-2e43a090d496,f0416e68-0200-4b77-a926-4f9d16e494da,511d2633-09a7-4bdd-ac42-f778032124b3,5d45aa00-e064-4938-b314-4265f0c2258c,9361fd90-ba52-4f84-aa93-6e878fd576ca,970b0598-bcb0-4714-91fb-2e81440dccd8,bcd64cc6-2dd9-43f6-abbe-66318d332032,d930590d-bb92-4cc8-8bd1-23cd027f9edf,a3cd009f-0ab0-420d-9278-b9fdab939bbc,6a2d0734-bd9e-4ddf-946e-caa52498cb75,d1346436-ac96-4271-b863-1f4fdead95b0,971bdb23-3ff6-43eb-b422-1c30165a3663,17debcc3-0a6b-4b8a-b00b-dc58b885581e,711ebe11-f673-4cd9-9a83-63c60ba54c5b,c0143906-9aed-447e-9436-2ae8512d1b6e,14da1725-c4c2-42b4-ab08-ee0aeb6898b3,081cab31-dccd-428e-8652-f2404cc81c47,78e0584a-4343-4727-8f37-e14e65c2a2db,ba21476f-2866-4f81-9c4d-6e359316e448,871c3b6c-7379-419d-bda3-794b239ab90d,ff9b0199-ce04-4cfe-86cc-6c719f08d6e4,de1c2107-70c8-4021-8459-6399f24d01c6,cbf30902-517f-40dc-af90-a550bac27cf1,5c601d96-e4c7-4698-991b-7ee674b11079
2026-7-7 17:05:33-debug:   Number of other assets: 1158
2026-7-7 17:05:33-debug:   Number of all scenes: 5
2026-7-7 17:05:33-debug: Init bundle root assets success..., progress: 0%
2026-7-7 17:05:33-debug:   Number of all scripts: 109
2026-7-7 17:05:33-debug: // ---- build task 查询 Asset Bundle ---- (27ms)
2026-7-7 17:05:33-log: run build task 查询 Asset Bundle success in 27 ms√, progress: 5%
2026-7-7 17:05:33-debug: [Build Memory track]: 查询 Asset Bundle start:295.25MB, end 294.95MB, increase: -306.73KB
2026-7-7 17:05:33-debug: 查询 Asset Bundle start, progress: 5%
2026-7-7 17:05:33-debug: // ---- build task 查询 Asset Bundle ----
2026-7-7 17:05:33-debug: // ---- build task 查询 Asset Bundle ---- (15ms)
2026-7-7 17:05:33-log: run build task 查询 Asset Bundle success in 15 ms√, progress: 10%
2026-7-7 17:05:33-debug: [Build Memory track]: 查询 Asset Bundle start:295.00MB, end 294.36MB, increase: -650.16KB
2026-7-7 17:05:33-debug: 整理部分构建选项内数据到 settings.json start, progress: 10%
2026-7-7 17:05:33-debug: // ---- build task 整理部分构建选项内数据到 settings.json ----
2026-7-7 17:05:33-debug: // ---- build task 整理部分构建选项内数据到 settings.json ---- (3ms)
2026-7-7 17:05:33-log: run build task 整理部分构建选项内数据到 settings.json success in 3 ms√, progress: 12%
2026-7-7 17:05:33-debug: [Build Memory track]: 整理部分构建选项内数据到 settings.json start:294.41MB, end 294.44MB, increase: 34.46KB
2026-7-7 17:05:33-debug: 填充脚本数据到 settings.json start, progress: 12%
2026-7-7 17:05:33-debug: // ---- build task 填充脚本数据到 settings.json ----
2026-7-7 17:05:33-log: run build task 填充脚本数据到 settings.json success in 4 ms√, progress: 13%
2026-7-7 17:05:33-debug: // ---- build task 填充脚本数据到 settings.json ---- (4ms)
2026-7-7 17:05:33-debug: 整理部分构建选项内数据到 settings.json start, progress: 13%
2026-7-7 17:05:33-debug: [Build Memory track]: 填充脚本数据到 settings.json start:294.49MB, end 294.52MB, increase: 35.06KB
2026-7-7 17:05:33-debug: // ---- build task 整理部分构建选项内数据到 settings.json ----
2026-7-7 17:05:33-debug: // ---- build task 整理部分构建选项内数据到 settings.json ---- (12ms)
2026-7-7 17:05:33-log: run build task 整理部分构建选项内数据到 settings.json success in 12 ms√, progress: 15%
2026-7-7 17:05:33-debug: [Build Memory track]: 整理部分构建选项内数据到 settings.json start:294.56MB, end 294.64MB, increase: 77.48KB
2026-7-7 17:05:33-debug: Query all assets info in project
2026-7-7 17:05:33-debug: init custom config: keepNodeUuid: false, useCache: true
2026-7-7 17:05:33-debug: Skip compress image, progress: 0%
2026-7-7 17:05:33-debug: Init all bundles start..., progress: 0%
2026-7-7 17:05:33-debug: 查询 Asset Bundle start, progress: 0%
2026-7-7 17:05:33-debug: // ---- build task 查询 Asset Bundle ----
2026-7-7 17:05:33-debug: Init bundle root assets start..., progress: 0%
2026-7-7 17:05:33-debug: Num of bundles: 3..., progress: 0%
2026-7-7 17:05:33-debug:   Number of all scenes: 5
2026-7-7 17:05:33-debug: Query preload assets/scripts from cc.config.json: 60f7195c-ec2a-45eb-ba94-8955f60e81d0,1c02ae6f-4492-4915-b8f8-7492a3b1e4cd,810e96e4-e456-4468-9b59-f4e8f39732c0,efe8e2a3-eace-427b-b4f1-cb8a937ec77d,e9aa9a3e-5b2b-4ac7-a2c7-073de2b2b24f,8bbdbcdd-5cd4-4100-b6d5-b7c9625b6107,50f4348b-c883-4e2f-8f11-ce233b859fa1,fda095cb-831d-4601-ad94-846013963de8,f92806d7-1768-443f-afe8-12bcde84d0f0,dd3a144d-ab7f-41f0-82b8-2e43a090d496,f0416e68-0200-4b77-a926-4f9d16e494da,511d2633-09a7-4bdd-ac42-f778032124b3,5d45aa00-e064-4938-b314-4265f0c2258c,9361fd90-ba52-4f84-aa93-6e878fd576ca,970b0598-bcb0-4714-91fb-2e81440dccd8,bcd64cc6-2dd9-43f6-abbe-66318d332032,d930590d-bb92-4cc8-8bd1-23cd027f9edf,a3cd009f-0ab0-420d-9278-b9fdab939bbc,6a2d0734-bd9e-4ddf-946e-caa52498cb75,d1346436-ac96-4271-b863-1f4fdead95b0,971bdb23-3ff6-43eb-b422-1c30165a3663,17debcc3-0a6b-4b8a-b00b-dc58b885581e,711ebe11-f673-4cd9-9a83-63c60ba54c5b,c0143906-9aed-447e-9436-2ae8512d1b6e,14da1725-c4c2-42b4-ab08-ee0aeb6898b3,081cab31-dccd-428e-8652-f2404cc81c47,78e0584a-4343-4727-8f37-e14e65c2a2db,ba21476f-2866-4f81-9c4d-6e359316e448,871c3b6c-7379-419d-bda3-794b239ab90d,ff9b0199-ce04-4cfe-86cc-6c719f08d6e4,de1c2107-70c8-4021-8459-6399f24d01c6,cbf30902-517f-40dc-af90-a550bac27cf1,5c601d96-e4c7-4698-991b-7ee674b11079
2026-7-7 17:05:33-debug:   Number of all scripts: 109
2026-7-7 17:05:33-debug:   Number of other assets: 1158
2026-7-7 17:05:33-debug: Init bundle root assets success..., progress: 0%
2026-7-7 17:05:33-debug: // ---- build task 查询 Asset Bundle ---- (22ms)
2026-7-7 17:05:33-debug: [Build Memory track]: 查询 Asset Bundle start:294.72MB, end 294.70MB, increase: -16.58KB
2026-7-7 17:05:33-log: run build task 查询 Asset Bundle success in 22 ms√, progress: 5%
2026-7-7 17:05:33-debug: // ---- build task 查询 Asset Bundle ----
2026-7-7 17:05:33-debug: 查询 Asset Bundle start, progress: 5%
2026-7-7 17:05:33-debug: // ---- build task 查询 Asset Bundle ---- (7ms)
2026-7-7 17:05:33-log: run build task 查询 Asset Bundle success in 7 ms√, progress: 10%
2026-7-7 17:05:33-debug: 整理部分构建选项内数据到 settings.json start, progress: 10%
2026-7-7 17:05:33-debug: [Build Memory track]: 查询 Asset Bundle start:294.75MB, end 295.01MB, increase: 264.54KB
2026-7-7 17:05:33-debug: // ---- build task 整理部分构建选项内数据到 settings.json ----
2026-7-7 17:05:33-debug: // ---- build task 整理部分构建选项内数据到 settings.json ---- (4ms)
2026-7-7 17:05:33-log: run build task 整理部分构建选项内数据到 settings.json success in 4 ms√, progress: 12%
2026-7-7 17:05:33-debug: [Build Memory track]: 整理部分构建选项内数据到 settings.json start:295.05MB, end 295.08MB, increase: 35.11KB
2026-7-7 17:05:33-debug: 填充脚本数据到 settings.json start, progress: 12%
2026-7-7 17:05:33-debug: // ---- build task 填充脚本数据到 settings.json ----
2026-7-7 17:05:33-debug: // ---- build task 填充脚本数据到 settings.json ---- (6ms)
2026-7-7 17:05:33-log: run build task 填充脚本数据到 settings.json success in 6 ms√, progress: 13%
2026-7-7 17:05:33-debug: [Build Memory track]: 填充脚本数据到 settings.json start:295.13MB, end 295.16MB, increase: 33.90KB
2026-7-7 17:05:33-debug: 整理部分构建选项内数据到 settings.json start, progress: 13%
2026-7-7 17:05:33-debug: // ---- build task 整理部分构建选项内数据到 settings.json ----
2026-7-7 17:05:33-debug: // ---- build task 整理部分构建选项内数据到 settings.json ---- (11ms)
2026-7-7 17:05:33-log: run build task 整理部分构建选项内数据到 settings.json success in 11 ms√, progress: 15%
2026-7-7 17:05:33-debug: [Build Memory track]: 整理部分构建选项内数据到 settings.json start:295.20MB, end 295.27MB, increase: 73.28KB
2026-7-7 17:05:41-debug: refresh db internal success
2026-7-7 17:05:41-debug: %cImport%c: D:\工程项目\PlayableAD\Cocos\TheW\20260615_HYQ\HYQ_Project\assets\GameRes\shader\ocean_realistic.effectbackground: #aaff85; color: #000;color: #000;
2026-7-7 17:05:41-debug: %cImport%c: D:\工程项目\PlayableAD\Cocos\TheW\20260615_HYQ\HYQ_Project\assets\GameRes\shader\ocean_realistic.mtlbackground: #aaff85; color: #000;color: #000;
2026-7-7 17:05:41-debug: refresh db assets success
2026-7-7 17:05:41-debug: %cImport%c: D:\工程项目\PlayableAD\Cocos\TheW\20260615_HYQ\HYQ_Project\assets\GameRes\SLLYT_map\mat\ocean_realistic.mtlbackground: #aaff85; color: #000;color: #000;
2026-7-7 17:05:41-debug: refresh db super-packager success
2026-7-7 17:05:41-debug: Run asset db hook engine-extends:afterRefresh ...
2026-7-7 17:05:41-debug: asset-db:refresh-all-database (427ms)
2026-7-7 17:05:42-debug: recompile effect.bin success
2026-7-7 17:05:42-debug: Run asset db hook engine-extends:afterRefresh success!
2026-7-7 17:05:42-debug: asset-db:worker-effect-data-processing (714ms)
2026-7-7 17:05:42-debug: asset-db-hook-engine-extends-afterRefresh (714ms)
2026-7-7 17:06:28-debug: refresh db internal success
2026-7-7 17:06:28-debug: refresh db assets success
2026-7-7 17:06:28-debug: refresh db super-packager success
2026-7-7 17:06:28-debug: Run asset db hook engine-extends:afterRefresh ...
2026-7-7 17:06:28-debug: Run asset db hook engine-extends:afterRefresh success!
2026-7-7 17:06:28-debug: asset-db:refresh-all-database (248ms)
2026-7-7 17:06:28-debug: asset-db:worker-effect-data-processing (2ms)
2026-7-7 17:06:28-debug: asset-db-hook-engine-extends-afterRefresh (3ms)
2026-7-7 17:06:55-debug: refresh db internal success
2026-7-7 17:06:55-debug: refresh db assets success
2026-7-7 17:06:55-debug: refresh db super-packager success
2026-7-7 17:06:55-debug: Run asset db hook engine-extends:afterRefresh ...
2026-7-7 17:06:55-debug: Run asset db hook engine-extends:afterRefresh success!
2026-7-7 17:06:55-debug: asset-db:refresh-all-database (227ms)
2026-7-7 17:06:55-debug: asset-db:worker-effect-data-processing (3ms)
2026-7-7 17:06:55-debug: asset-db-hook-engine-extends-afterRefresh (3ms)
2026-7-7 17:06:56-debug: %cImport%c: D:\工程项目\PlayableAD\Cocos\TheW\20260615_HYQ\HYQ_Project\assets\Scene\Game_3D-002.scenebackground: #aaff85; color: #000;color: #000;
2026-7-7 17:06:56-debug: asset-db:reimport-assetb5805d3a-3b80-4a12-adf5-588e63a7d886 (36ms)
2026-7-7 17:06:56-debug: Query all assets info in project
2026-7-7 17:06:56-debug: init custom config: keepNodeUuid: false, useCache: true
2026-7-7 17:06:56-debug: Skip compress image, progress: 0%
2026-7-7 17:06:56-debug: Init all bundles start..., progress: 0%
2026-7-7 17:06:56-debug: // ---- build task 查询 Asset Bundle ----
2026-7-7 17:06:56-debug: Init bundle root assets start..., progress: 0%
2026-7-7 17:06:56-debug: 查询 Asset Bundle start, progress: 0%
2026-7-7 17:06:56-debug: Num of bundles: 3..., progress: 0%
2026-7-7 17:06:56-debug: Query preload assets/scripts from cc.config.json: 60f7195c-ec2a-45eb-ba94-8955f60e81d0,1c02ae6f-4492-4915-b8f8-7492a3b1e4cd,810e96e4-e456-4468-9b59-f4e8f39732c0,efe8e2a3-eace-427b-b4f1-cb8a937ec77d,e9aa9a3e-5b2b-4ac7-a2c7-073de2b2b24f,8bbdbcdd-5cd4-4100-b6d5-b7c9625b6107,50f4348b-c883-4e2f-8f11-ce233b859fa1,fda095cb-831d-4601-ad94-846013963de8,f92806d7-1768-443f-afe8-12bcde84d0f0,dd3a144d-ab7f-41f0-82b8-2e43a090d496,f0416e68-0200-4b77-a926-4f9d16e494da,511d2633-09a7-4bdd-ac42-f778032124b3,5d45aa00-e064-4938-b314-4265f0c2258c,9361fd90-ba52-4f84-aa93-6e878fd576ca,970b0598-bcb0-4714-91fb-2e81440dccd8,bcd64cc6-2dd9-43f6-abbe-66318d332032,d930590d-bb92-4cc8-8bd1-23cd027f9edf,a3cd009f-0ab0-420d-9278-b9fdab939bbc,6a2d0734-bd9e-4ddf-946e-caa52498cb75,d1346436-ac96-4271-b863-1f4fdead95b0,971bdb23-3ff6-43eb-b422-1c30165a3663,17debcc3-0a6b-4b8a-b00b-dc58b885581e,711ebe11-f673-4cd9-9a83-63c60ba54c5b,c0143906-9aed-447e-9436-2ae8512d1b6e,14da1725-c4c2-42b4-ab08-ee0aeb6898b3,081cab31-dccd-428e-8652-f2404cc81c47,78e0584a-4343-4727-8f37-e14e65c2a2db,ba21476f-2866-4f81-9c4d-6e359316e448,871c3b6c-7379-419d-bda3-794b239ab90d,ff9b0199-ce04-4cfe-86cc-6c719f08d6e4,de1c2107-70c8-4021-8459-6399f24d01c6,cbf30902-517f-40dc-af90-a550bac27cf1,5c601d96-e4c7-4698-991b-7ee674b11079
2026-7-7 17:06:56-debug:   Number of all scenes: 5
2026-7-7 17:06:56-debug:   Number of all scripts: 109
2026-7-7 17:06:56-debug: Init bundle root assets success..., progress: 0%
2026-7-7 17:06:56-debug:   Number of other assets: 1158
2026-7-7 17:06:56-debug: // ---- build task 查询 Asset Bundle ---- (12ms)
2026-7-7 17:06:56-log: run build task 查询 Asset Bundle success in 12 ms√, progress: 5%
2026-7-7 17:06:56-debug: [Build Memory track]: 查询 Asset Bundle start:316.74MB, end 314.28MB, increase: -2525.04KB
2026-7-7 17:06:56-debug: 查询 Asset Bundle start, progress: 5%
2026-7-7 17:06:56-debug: // ---- build task 查询 Asset Bundle ----
2026-7-7 17:06:56-debug: // ---- build task 查询 Asset Bundle ---- (4ms)
2026-7-7 17:06:56-log: run build task 查询 Asset Bundle success in 4 ms√, progress: 10%
2026-7-7 17:06:56-debug: // ---- build task 整理部分构建选项内数据到 settings.json ----
2026-7-7 17:06:56-debug: [Build Memory track]: 查询 Asset Bundle start:314.32MB, end 314.55MB, increase: 238.41KB
2026-7-7 17:06:56-debug: 整理部分构建选项内数据到 settings.json start, progress: 10%
2026-7-7 17:06:56-debug: // ---- build task 整理部分构建选项内数据到 settings.json ---- (2ms)
2026-7-7 17:06:56-log: run build task 整理部分构建选项内数据到 settings.json success in 2 ms√, progress: 12%
2026-7-7 17:06:56-debug: [Build Memory track]: 整理部分构建选项内数据到 settings.json start:314.60MB, end 314.63MB, increase: 35.34KB
2026-7-7 17:06:56-debug: // ---- build task 填充脚本数据到 settings.json ----
2026-7-7 17:06:56-debug: 填充脚本数据到 settings.json start, progress: 12%
2026-7-7 17:06:56-debug: // ---- build task 填充脚本数据到 settings.json ---- (2ms)
2026-7-7 17:06:56-log: run build task 填充脚本数据到 settings.json success in 2 ms√, progress: 13%
2026-7-7 17:06:56-debug: [Build Memory track]: 填充脚本数据到 settings.json start:314.68MB, end 314.71MB, increase: 34.84KB
2026-7-7 17:06:56-debug: 整理部分构建选项内数据到 settings.json start, progress: 13%
2026-7-7 17:06:56-debug: // ---- build task 整理部分构建选项内数据到 settings.json ----
2026-7-7 17:06:56-debug: // ---- build task 整理部分构建选项内数据到 settings.json ---- (6ms)
2026-7-7 17:06:56-log: run build task 整理部分构建选项内数据到 settings.json success in 6 ms√, progress: 15%
2026-7-7 17:06:56-debug: [Build Memory track]: 整理部分构建选项内数据到 settings.json start:314.75MB, end 314.83MB, increase: 79.30KB
2026-7-7 17:06:56-debug: Query all assets info in project
2026-7-7 17:06:56-debug: init custom config: keepNodeUuid: false, useCache: true
2026-7-7 17:06:56-debug: Skip compress image, progress: 0%
2026-7-7 17:06:56-debug: Init all bundles start..., progress: 0%
2026-7-7 17:06:56-debug: // ---- build task 查询 Asset Bundle ----
2026-7-7 17:06:56-debug: Init bundle root assets start..., progress: 0%
2026-7-7 17:06:56-debug: 查询 Asset Bundle start, progress: 0%
2026-7-7 17:06:56-debug: Num of bundles: 3..., progress: 0%
2026-7-7 17:06:56-debug: Query preload assets/scripts from cc.config.json: 60f7195c-ec2a-45eb-ba94-8955f60e81d0,1c02ae6f-4492-4915-b8f8-7492a3b1e4cd,810e96e4-e456-4468-9b59-f4e8f39732c0,efe8e2a3-eace-427b-b4f1-cb8a937ec77d,e9aa9a3e-5b2b-4ac7-a2c7-073de2b2b24f,8bbdbcdd-5cd4-4100-b6d5-b7c9625b6107,50f4348b-c883-4e2f-8f11-ce233b859fa1,fda095cb-831d-4601-ad94-846013963de8,f92806d7-1768-443f-afe8-12bcde84d0f0,dd3a144d-ab7f-41f0-82b8-2e43a090d496,f0416e68-0200-4b77-a926-4f9d16e494da,511d2633-09a7-4bdd-ac42-f778032124b3,5d45aa00-e064-4938-b314-4265f0c2258c,9361fd90-ba52-4f84-aa93-6e878fd576ca,970b0598-bcb0-4714-91fb-2e81440dccd8,bcd64cc6-2dd9-43f6-abbe-66318d332032,d930590d-bb92-4cc8-8bd1-23cd027f9edf,a3cd009f-0ab0-420d-9278-b9fdab939bbc,6a2d0734-bd9e-4ddf-946e-caa52498cb75,d1346436-ac96-4271-b863-1f4fdead95b0,971bdb23-3ff6-43eb-b422-1c30165a3663,17debcc3-0a6b-4b8a-b00b-dc58b885581e,711ebe11-f673-4cd9-9a83-63c60ba54c5b,c0143906-9aed-447e-9436-2ae8512d1b6e,14da1725-c4c2-42b4-ab08-ee0aeb6898b3,081cab31-dccd-428e-8652-f2404cc81c47,78e0584a-4343-4727-8f37-e14e65c2a2db,ba21476f-2866-4f81-9c4d-6e359316e448,871c3b6c-7379-419d-bda3-794b239ab90d,ff9b0199-ce04-4cfe-86cc-6c719f08d6e4,de1c2107-70c8-4021-8459-6399f24d01c6,cbf30902-517f-40dc-af90-a550bac27cf1,5c601d96-e4c7-4698-991b-7ee674b11079
2026-7-7 17:06:56-debug:   Number of all scenes: 5
2026-7-7 17:06:56-debug:   Number of all scripts: 109
2026-7-7 17:06:56-debug:   Number of other assets: 1158
2026-7-7 17:06:56-debug: Init bundle root assets success..., progress: 0%
2026-7-7 17:06:56-debug: // ---- build task 查询 Asset Bundle ---- (15ms)
2026-7-7 17:06:56-log: run build task 查询 Asset Bundle success in 15 ms√, progress: 5%
2026-7-7 17:06:56-debug: [Build Memory track]: 查询 Asset Bundle start:315.50MB, end 317.14MB, increase: 1.64MB
2026-7-7 17:06:56-debug: 查询 Asset Bundle start, progress: 5%
2026-7-7 17:06:56-debug: // ---- build task 查询 Asset Bundle ----
2026-7-7 17:06:56-debug: // ---- build task 查询 Asset Bundle ---- (7ms)
2026-7-7 17:06:56-log: run build task 查询 Asset Bundle success in 7 ms√, progress: 10%
2026-7-7 17:06:56-debug: [Build Memory track]: 查询 Asset Bundle start:317.18MB, end 314.55MB, increase: -2694.14KB
2026-7-7 17:06:56-debug: // ---- build task 整理部分构建选项内数据到 settings.json ----
2026-7-7 17:06:56-debug: 整理部分构建选项内数据到 settings.json start, progress: 10%
2026-7-7 17:06:57-debug: // ---- build task 整理部分构建选项内数据到 settings.json ---- (1ms)
2026-7-7 17:06:57-log: run build task 整理部分构建选项内数据到 settings.json success in 1 ms√, progress: 12%
2026-7-7 17:06:57-debug: [Build Memory track]: 整理部分构建选项内数据到 settings.json start:314.59MB, end 314.63MB, increase: 34.62KB
2026-7-7 17:06:57-debug: 填充脚本数据到 settings.json start, progress: 12%
2026-7-7 17:06:57-debug: // ---- build task 填充脚本数据到 settings.json ----
2026-7-7 17:06:57-debug: // ---- build task 填充脚本数据到 settings.json ---- (4ms)
2026-7-7 17:06:57-log: run build task 填充脚本数据到 settings.json success in 4 ms√, progress: 13%
2026-7-7 17:06:57-debug: [Build Memory track]: 填充脚本数据到 settings.json start:314.67MB, end 314.70MB, increase: 35.30KB
2026-7-7 17:06:57-debug: 整理部分构建选项内数据到 settings.json start, progress: 13%
2026-7-7 17:06:57-debug: // ---- build task 整理部分构建选项内数据到 settings.json ----
2026-7-7 17:06:57-debug: // ---- build task 整理部分构建选项内数据到 settings.json ---- (12ms)
2026-7-7 17:06:57-log: run build task 整理部分构建选项内数据到 settings.json success in 12 ms√, progress: 15%
2026-7-7 17:06:57-debug: [Build Memory track]: 整理部分构建选项内数据到 settings.json start:314.75MB, end 314.82MB, increase: 72.14KB
2026-7-7 17:06:58-debug: refresh db internal success
2026-7-7 17:06:58-debug: refresh db assets success
2026-7-7 17:06:58-debug: refresh db super-packager success
2026-7-7 17:06:58-debug: Run asset db hook engine-extends:afterRefresh ...
2026-7-7 17:06:58-debug: Run asset db hook engine-extends:afterRefresh success!
2026-7-7 17:06:58-debug: asset-db:refresh-all-database (255ms)
2026-7-7 17:06:58-debug: asset-db:worker-effect-data-processing (5ms)
2026-7-7 17:06:58-debug: asset-db-hook-engine-extends-afterRefresh (5ms)
2026-7-7 17:06:59-debug: Start record console... {file(D:\工程项目\PlayableAD\Cocos\TheW\20260615_HYQ\HYQ_Project\temp\builder\log\web-mobile2026-6-30 10-27.log)}
2026-7-7 17:06:59-debug: =================================== build Task (web-mobile) Start ================================
2026-7-7 17:06:59-debug: Start build task, options:{"name":"HYQ","server":"","engineModulesConfigKey":"defaultConfig","platform":"web-mobile","buildPath":"project://build","debug":false,"buildMode":"normal","mangleProperties":false,"md5Cache":false,"skipCompressTexture":false,"sourceMaps":false,"overwriteProjectSettings":{"includeModules":{"gfx-webgl2":"on","physics":"inherit-project-setting","physics-2d":"inherit-project-setting"},"macroConfig":{"cleanupImageCache":"inherit-project-setting"}},"nativeCodeBundleMode":"asmjs","polyfills":{"asyncFunctions":true},"experimentalEraseModules":false,"startSceneAssetBundle":false,"bundleConfigs":[],"inlineEnum":true,"useBuiltinServer":false,"md5CacheOptions":{"excludes":[],"includes":[],"replaceOnly":[],"handleTemplateMd5Link":true},"mainBundleIsRemote":false,"mainBundleCompressionType":"merge_dep","useSplashScreen":true,"bundleCommonChunk":false,"packAutoAtlas":true,"startScene":"b5805d3a-3b80-4a12-adf5-588e63a7d886","outputName":"web-mobile","taskName":"web-mobile","scenes":[{"url":"db://assets/Scene/Game_3D-002.scene","uuid":"b5805d3a-3b80-4a12-adf5-588e63a7d886"}],"wasmCompressionMode":false,"binGroupConfig":{"threshold":16,"enable":false},"packages":{"adsense-h5g-plugin":{"enableAdsense":false,"enableTestAd":false,"__version__":"1.0.1","AFPHostPropertyCode":"ca-host-pub-5396158963872751","AFPHostDomain":"douyougame.com","otherAFPHostPropertyCode":"","otherAFPDomain":""},"web-mobile":{"useWebGPU":false,"orientation":"auto","embedWebDebugger":false,"__version__":"1.0.1"},"cocos-service":{"configID":"56841a","services":[],"__version__":"3.0.9"},"super-packager":{"googlePlayUrl":"","appStoreUrl":"","__version__":"2.7.0"}},"__version__":"1.3.9","logDest":"project://temp/builder/log/web-mobile2026-6-30 10-27.log"}
2026-7-7 17:06:59-debug: Build with Cocos Creator 3.8.7
2026-7-7 17:06:59-debug: cocos-service:(onBeforeBuild) start..., progress: 0%
2026-7-7 17:06:59-debug: // ---- build task cocos-service：onBeforeBuild ----
2026-7-7 17:06:59-debug: // ---- build task cocos-service：onBeforeBuild ---- (154ms)
2026-7-7 17:06:59-debug: cocos-service:(onBeforeBuild) in 154 ms ✓, progress: 2%
2026-7-7 17:06:59-debug: // ---- build task scene：onBeforeBuild ----
2026-7-7 17:06:59-debug: scene:(onBeforeBuild) start..., progress: 2%
2026-7-7 17:06:59-debug: // ---- build task scene：onBeforeBuild ---- (51ms)
2026-7-7 17:06:59-debug: super-packager:(onBeforeBuild) start..., progress: 4%
2026-7-7 17:06:59-debug: // ---- build task super-packager：onBeforeBuild ----
2026-7-7 17:06:59-log: [SUPER_PACKAGE]onBeforeBuild
2026-7-7 17:06:59-log: [SUPER_PACKAGE]商店链接配置:{"googlePlayUrl":"","appStoreUrl":""}
2026-7-7 17:06:59-debug: scene:(onBeforeBuild) in 51 ms ✓, progress: 4%
2026-7-7 17:06:59-log: [SUPER_PACKAGE]商店链接已同步到文件
2026-7-7 17:06:59-debug: // ---- build task super-packager：onBeforeBuild ---- (59ms)
2026-7-7 17:06:59-debug: super-packager:(onBeforeBuild) in 59 ms ✓, progress: 5%
2026-7-7 17:06:59-log: Asset DB is paused with build!
2026-7-7 17:06:59-debug: Query all assets info in project
2026-7-7 17:06:59-debug: Start lock asset db..., progress: 5%
2026-7-7 17:07:00-debug: init custom config: keepNodeUuid: false, useCache: true
2026-7-7 17:07:00-debug: web-mobile:(onAfterInit) start..., progress: 5%
2026-7-7 17:07:00-debug: // ---- build task web-mobile：onAfterInit ----
2026-7-7 17:07:00-debug: // ---- build task web-mobile：onAfterInit ---- (15ms)
2026-7-7 17:07:00-debug: web-mobile:(onAfterInit) in 15 ms ✓, progress: 7%
2026-7-7 17:07:00-debug: cocos-service:(onAfterInit) start..., progress: 7%
2026-7-7 17:07:00-debug: // ---- build task cocos-service：onAfterInit ----
2026-7-7 17:07:00-debug: // ---- build task cocos-service：onAfterInit ---- (136ms)
2026-7-7 17:07:00-debug: cocos-service:(onAfterInit) in 136 ms ✓, progress: 9%
2026-7-7 17:07:00-debug: Skip compress image, progress: 0%
2026-7-7 17:07:00-debug: adsense-h5g-plugin:(onBeforeBundleInit) start..., progress: 0%
2026-7-7 17:07:00-debug: // ---- build task adsense-h5g-plugin：onBeforeBundleInit ----
2026-7-7 17:07:00-debug: adsense-h5g-plugin:(onBeforeBundleInit) start..., progress: 9%
2026-7-7 17:07:00-debug: [adsense-h5g-plugin] remove script success
2026-7-7 17:07:00-debug: // ---- build task adsense-h5g-plugin：onBeforeBundleInit ---- (59ms)
2026-7-7 17:07:00-debug: adsense-h5g-plugin:(onBeforeBundleInit) in 59 ms ✓, progress: 9%
2026-7-7 17:07:00-debug: adsense-h5g-plugin:(onBeforeBundleInit) in 59 ms ✓, progress: 7%
2026-7-7 17:07:00-debug: Init all bundles start..., progress: 9%
2026-7-7 17:07:00-debug: Init all bundles start..., progress: 7%
2026-7-7 17:07:00-debug: Num of bundles: 3..., progress: 9%
2026-7-7 17:07:00-debug: Num of bundles: 3..., progress: 7%
2026-7-7 17:07:00-debug: web-mobile:(onAfterBundleInit) start..., progress: 9%
2026-7-7 17:07:00-debug: web-mobile:(onAfterBundleInit) start..., progress: 7%
2026-7-7 17:07:00-debug: // ---- build task web-mobile：onAfterBundleInit ----
2026-7-7 17:07:00-debug: // ---- build task web-mobile：onAfterBundleInit ---- (61ms)
2026-7-7 17:07:00-debug: web-mobile:(onAfterBundleInit) in 61 ms ✓, progress: 9%
2026-7-7 17:07:00-debug: web-mobile:(onAfterBundleInit) in 61 ms ✓, progress: 13%
2026-7-7 17:07:00-debug: 查询 Asset Bundle start, progress: 9%
2026-7-7 17:07:00-debug: // ---- build task 查询 Asset Bundle ----
2026-7-7 17:07:00-debug: Init bundle root assets start..., progress: 9%
2026-7-7 17:07:00-debug: Init bundle root assets start..., progress: 13%
2026-7-7 17:07:00-debug: Query preload assets/scripts from cc.config.json: 60f7195c-ec2a-45eb-ba94-8955f60e81d0,1c02ae6f-4492-4915-b8f8-7492a3b1e4cd,810e96e4-e456-4468-9b59-f4e8f39732c0,efe8e2a3-eace-427b-b4f1-cb8a937ec77d,e9aa9a3e-5b2b-4ac7-a2c7-073de2b2b24f,8bbdbcdd-5cd4-4100-b6d5-b7c9625b6107,50f4348b-c883-4e2f-8f11-ce233b859fa1,fda095cb-831d-4601-ad94-846013963de8,f92806d7-1768-443f-afe8-12bcde84d0f0,dd3a144d-ab7f-41f0-82b8-2e43a090d496,f0416e68-0200-4b77-a926-4f9d16e494da,511d2633-09a7-4bdd-ac42-f778032124b3,5d45aa00-e064-4938-b314-4265f0c2258c,9361fd90-ba52-4f84-aa93-6e878fd576ca,970b0598-bcb0-4714-91fb-2e81440dccd8,bcd64cc6-2dd9-43f6-abbe-66318d332032,d930590d-bb92-4cc8-8bd1-23cd027f9edf,a3cd009f-0ab0-420d-9278-b9fdab939bbc,6a2d0734-bd9e-4ddf-946e-caa52498cb75,d1346436-ac96-4271-b863-1f4fdead95b0,971bdb23-3ff6-43eb-b422-1c30165a3663,17debcc3-0a6b-4b8a-b00b-dc58b885581e,711ebe11-f673-4cd9-9a83-63c60ba54c5b,c0143906-9aed-447e-9436-2ae8512d1b6e,14da1725-c4c2-42b4-ab08-ee0aeb6898b3,081cab31-dccd-428e-8652-f2404cc81c47,78e0584a-4343-4727-8f37-e14e65c2a2db,ba21476f-2866-4f81-9c4d-6e359316e448,871c3b6c-7379-419d-bda3-794b239ab90d,ff9b0199-ce04-4cfe-86cc-6c719f08d6e4,de1c2107-70c8-4021-8459-6399f24d01c6,cbf30902-517f-40dc-af90-a550bac27cf1,5c601d96-e4c7-4698-991b-7ee674b11079
2026-7-7 17:07:00-debug:   Number of all scenes: 5
2026-7-7 17:07:00-debug:   Number of all scripts: 109
2026-7-7 17:07:00-debug:   Number of other assets: 1158
2026-7-7 17:07:00-debug: Init bundle root assets success..., progress: 9%
2026-7-7 17:07:00-debug: Init bundle root assets success..., progress: 13%
2026-7-7 17:07:00-debug: reload all scripts.
2026-7-7 17:07:00-debug: [[Executor]] reload before lock
2026-7-7 17:07:00-debug: Set detail map pack:///resolution-detail-map.json: {}
2026-7-7 17:07:00-debug: Unregister BuiltinPipelineSettings
2026-7-7 17:07:00-debug: Unregister BuiltinPipelinePassBuilder
2026-7-7 17:07:00-debug: Unregister BuiltinDepthOfFieldPass
2026-7-7 17:07:00-debug: Unregister DebugViewRuntimeControl
2026-7-7 17:07:00-debug: Unregister Lightning
2026-7-7 17:07:00-debug: Unregister LayerManager
2026-7-7 17:07:00-debug: Unregister CameraMove
2026-7-7 17:07:00-debug: Unregister UnityUpComponent
2026-7-7 17:07:00-debug: Unregister RotationDrive
2026-7-7 17:07:00-debug: Unregister MoveDrive
2026-7-7 17:07:00-debug: Unregister RotationVector
2026-7-7 17:07:00-debug: Unregister PrefabsRes
2026-7-7 17:07:00-debug: Unregister PrefabsManager
2026-7-7 17:07:00-debug: Unregister L18nManager
2026-7-7 17:07:00-debug: Unregister DownLoadL8
2026-7-7 17:07:00-debug: Unregister DownLoadL8
2026-7-7 17:07:00-debug: Unregister LangArrAuto
2026-7-7 17:07:00-debug: Unregister LangAuto
2026-7-7 17:07:00-debug: Unregister ResurrectionL8
2026-7-7 17:07:00-debug: Unregister Prop
2026-7-7 17:07:00-debug: Unregister JumpDriveEngine
2026-7-7 17:07:00-debug: Unregister BagBase
2026-7-7 17:07:00-debug: Unregister FlayPropManager
2026-7-7 17:07:00-debug: Unregister GroupBag3D
2026-7-7 17:07:00-debug: Unregister GroupPropTransform
2026-7-7 17:07:00-debug: Unregister LabBagUp
2026-7-7 17:07:00-debug: Unregister CollectGetTarget
2026-7-7 17:07:00-debug: Unregister AttackTargetBase
2026-7-7 17:07:00-debug: Unregister AreaAttack
2026-7-7 17:07:00-debug: Unregister MeleeAttack
2026-7-7 17:07:00-debug: Unregister HpComponent
2026-7-7 17:07:00-debug: Unregister MeshFlashPropData
2026-7-7 17:07:00-debug: Unregister MeshFlashSwitchData
2026-7-7 17:07:00-debug: Unregister MeshFlashData
2026-7-7 17:07:00-debug: Unregister BattleTargetBase
2026-7-7 17:07:00-debug: Unregister EffectRemoveBase
2026-7-7 17:07:00-debug: Unregister EffectTimePartRemove
2026-7-7 17:07:00-debug: Unregister EffectManager
2026-7-7 17:07:00-debug: Unregister ColliderTag
2026-7-7 17:07:00-debug: Unregister BulletMonsterCollisionManager
2026-7-7 17:07:00-debug: Unregister BulletBattle3D
2026-7-7 17:07:00-debug: Unregister BattleTarget3D
2026-7-7 17:07:00-debug: Unregister BulletCollideBase2D
2026-7-7 17:07:00-debug: Unregister BulletBattle2D
2026-7-7 17:07:00-debug: Unregister RangedAttack
2026-7-7 17:07:00-debug: Unregister TriggerBase2D
2026-7-7 17:07:00-debug: Unregister BattleTarget2D
2026-7-7 17:07:00-debug: Unregister CollectBattleTarger2D
2026-7-7 17:07:00-debug: Unregister BulletBatchRenderer
2026-7-7 17:07:00-debug: Unregister AttackParkPlay
2026-7-7 17:07:00-debug: Unregister RangeTowerAttack
2026-7-7 17:07:00-debug: Unregister RangedAttack_Circle
2026-7-7 17:07:00-debug: Unregister RangedAttack_Shrapnel
2026-7-7 17:07:00-debug: Unregister BulletCollideBase3D
2026-7-7 17:07:00-debug: Unregister TriggerBase3D
2026-7-7 17:07:00-debug: Unregister CollectBattleTarger3D
2026-7-7 17:07:00-debug: Unregister EffectTimeRemove
2026-7-7 17:07:00-debug: Unregister GuideLine
2026-7-7 17:07:00-debug: Unregister FbxManager
2026-7-7 17:07:00-debug: Unregister Role
2026-7-7 17:07:00-debug: Unregister GameOverPanel
2026-7-7 17:07:00-debug: Unregister WeaponBulletConfig
2026-7-7 17:07:00-debug: Unregister Player
2026-7-7 17:07:00-debug: Unregister MonsterBattleTaerget
2026-7-7 17:07:00-debug: Unregister ArmsInfo
2026-7-7 17:07:00-debug: Unregister PropArms
2026-7-7 17:07:00-debug: Unregister PropBrand
2026-7-7 17:07:00-debug: Unregister LalianHitStageConfig
2026-7-7 17:07:00-debug: Unregister PropLalianGate
2026-7-7 17:07:00-debug: Unregister CreatePropBrand
2026-7-7 17:07:00-debug: Unregister MonsterCreateInfo
2026-7-7 17:07:00-debug: Unregister MonsterCreateQueue
2026-7-7 17:07:00-debug: Unregister MonsterCreate
2026-7-7 17:07:00-debug: Unregister GuideManager
2026-7-7 17:07:00-debug: Unregister ArmsUp
2026-7-7 17:07:00-debug: Unregister PropTireGate
2026-7-7 17:07:00-debug: Unregister RockerUI
2026-7-7 17:07:00-debug: Unregister RockerMouseEvent
2026-7-7 17:07:00-debug: Unregister ShoppIngEvent
2026-7-7 17:07:00-debug: Unregister Shopping
2026-7-7 17:07:00-debug: Unregister BuyWayBase
2026-7-7 17:07:00-debug: Unregister BuyWay2D
2026-7-7 17:07:00-debug: Unregister BuyWay3D
2026-7-7 17:07:00-debug: Unregister ShoppingItem
2026-7-7 17:07:00-debug: Unregister Shopping_Super
2026-7-7 17:07:00-debug: Unregister FrameAnimManager
2026-7-7 17:07:00-debug: Unregister FrameManager
2026-7-7 17:07:00-debug: Unregister UIButtonEvent
2026-7-7 17:07:00-debug: Unregister StutterCheck
2026-7-7 17:07:00-debug: Invalidating 'pack:///chunks/93/93ba276ea7b26ffcdc433fab14afc1ed6f05647b.js'
2026-7-7 17:07:00-debug: Invalidating 'pack:///chunks/6d/6d8fd2b0177941b032ddc0733af48a561fb60657.js'
2026-7-7 17:07:00-debug: Invalidating 'pack:///chunks/f2/f22794b1c95bc92b6e994a97e9b193af020adc12.js'
2026-7-7 17:07:00-debug: Invalidating 'pack:///chunks/6a/6a5019a719a9014c047e67aa1cf34453ab8392ce.js'
2026-7-7 17:07:00-debug: Invalidating 'pack:///chunks/c9/c9d891290a54ec567f150962e76c6bf9cdf47b3b.js'
2026-7-7 17:07:00-debug: Invalidating 'pack:///chunks/d9/d980f46bad1521f99cf9b02f6f4709610973859b.js'
2026-7-7 17:07:00-debug: Invalidating 'pack:///chunks/04/04f62969dc20e2c08fceeca28e5f160f93c57d48.js'
2026-7-7 17:07:00-debug: Invalidating 'pack:///chunks/84/84fdd98491917343dab9e13fe8b5a70bd6a363c2.js'
2026-7-7 17:07:00-debug: Invalidating 'pack:///chunks/e0/e099fc7c0597d98bad93ecd30952e1955267ade1.js'
2026-7-7 17:07:00-debug: Invalidating 'pack:///chunks/e2/e2118395860d446afdd7349c12bbbbd5ff0a8915.js'
2026-7-7 17:07:00-debug: Invalidating 'pack:///chunks/e9/e96bc804d4af33012a1ad5c19177a551c107f2ae.js'
2026-7-7 17:07:00-debug: Invalidating 'pack:///chunks/14/14cec8e3738599ab9965ee6a2127491eba1361af.js'
2026-7-7 17:07:00-debug: Invalidating 'pack:///chunks/4d/4d6662648c8c361d9de350d72c1ab0a8e7508014.js'
2026-7-7 17:07:00-debug: Invalidating 'pack:///chunks/31/31cebe8e0355019a96c8dc216aed673e195b2a53.js'
2026-7-7 17:07:00-debug: Invalidating 'pack:///chunks/3f/3fc33806253ded99e50ac9220c73832ef2904ca7.js'
2026-7-7 17:07:00-debug: Invalidating 'pack:///chunks/56/5601ae9cf318e5c14df7d30ca1cafe71734c982a.js'
2026-7-7 17:07:00-debug: Invalidating 'pack:///chunks/90/901a8f42214a0198b9aca11ce347c093cca5e26c.js'
2026-7-7 17:07:00-debug: Invalidating 'pack:///chunks/8a/8ae7d51cc818f718270f9e2ad9b78b6df4ffa62c.js'
2026-7-7 17:07:00-debug: Invalidating 'pack:///chunks/84/8436bf0d6f6a392b090fff8471ad48b32970414b.js'
2026-7-7 17:07:00-debug: Invalidating 'pack:///chunks/8b/8b1077471006cad018e02beccd0bed5dcc54c671.js'
2026-7-7 17:07:00-debug: Invalidating 'pack:///chunks/a1/a1d124b8795c6e55160d2ce5ecbd41437847152f.js'
2026-7-7 17:07:00-debug: Invalidating 'pack:///chunks/79/798785a3f67288cbb075d5efa15a2c266208a881.js'
2026-7-7 17:07:00-debug: Invalidating 'pack:///chunks/f2/f20c45b49501fbe07d44e99d95c2c506a06a0ecd.js'
2026-7-7 17:07:00-debug: Invalidating 'pack:///chunks/eb/eb316915c4446a477164305c14374917acb92a23.js'
2026-7-7 17:07:00-debug: Invalidating 'pack:///chunks/e9/e950dd2519065be1280daf69ce7f6b07e4d0caaa.js'
2026-7-7 17:07:00-debug: Invalidating 'pack:///chunks/f0/f04c2dd9d3cc608a6f46e13bb5d3c46aa5633baf.js'
2026-7-7 17:07:00-debug: Invalidating 'pack:///chunks/ed/edbdde40fab9baf06e704beb85e64d72f20aefb8.js'
2026-7-7 17:07:00-debug: Invalidating 'pack:///chunks/f8/f8baeccf8cf047db05161c9b9e8b6b4ff9eefe2f.js'
2026-7-7 17:07:00-debug: Invalidating 'pack:///chunks/63/633ac4308370832c1c78b9f28702617696f6e9fb.js'
2026-7-7 17:07:00-debug: Invalidating 'pack:///chunks/f5/f570589f727cbf96139a6869e201d7a87544da71.js'
2026-7-7 17:07:00-debug: Invalidating 'pack:///chunks/40/407fe08f85a1575a06beb3692d40cf36d9684f58.js'
2026-7-7 17:07:00-debug: Invalidating 'pack:///chunks/0f/0fd75e1d9556ba520ee98c89195f9d0594110ad2.js'
2026-7-7 17:07:00-debug: Invalidating 'pack:///chunks/84/84bbaa7f2e1a0639f57f755b935e1acb7d73f78e.js'
2026-7-7 17:07:00-debug: Invalidating 'pack:///chunks/5f/5fdfd08a9c16dc742e66ef16a5a8e13f5f831a3e.js'
2026-7-7 17:07:00-debug: Invalidating 'pack:///chunks/4c/4c2851018e56f823e74c2b3e2117156bcb9e76d0.js'
2026-7-7 17:07:00-debug: Invalidating 'pack:///chunks/2e/2edb51f2f57b638345a2b9d561f476b67029b574.js'
2026-7-7 17:07:00-debug: Invalidating 'pack:///chunks/ec/ecb76259f390974cf14cad52564b11281c42a7e6.js'
2026-7-7 17:07:00-debug: Invalidating 'pack:///chunks/38/38483f6f68b174c6aad120536d38c3642cb0e458.js'
2026-7-7 17:07:00-debug: Invalidating 'pack:///chunks/e5/e5fea8c54230bb378b45e63a8ea8186bdeccbbe2.js'
2026-7-7 17:07:00-debug: Invalidating 'pack:///chunks/d5/d58c1ab1b696259af8c3b1384857266dba055462.js'
2026-7-7 17:07:00-debug: Invalidating 'pack:///chunks/b6/b6919de7425c243c4e1697f376cb4f6f6b2769a4.js'
2026-7-7 17:07:00-debug: Invalidating 'pack:///chunks/41/4103e3b8e8be7d1b0e7a8a67f28a2c29fe9aa2dc.js'
2026-7-7 17:07:00-debug: Invalidating 'pack:///chunks/f6/f6cf9b6088316a765dbcd0b22eb496d3f4be80dc.js'
2026-7-7 17:07:00-debug: Invalidating 'pack:///chunks/80/80f420cd19a5967732f7f177a68c3670990311d3.js'
2026-7-7 17:07:00-debug: Invalidating 'pack:///chunks/b5/b5c69e24499acddd297e4328687b0ea934b109d5.js'
2026-7-7 17:07:00-debug: Invalidating 'pack:///chunks/7e/7e52be47c960966fc7d962b7957dbbce1047514e.js'
2026-7-7 17:07:00-debug: Invalidating 'pack:///chunks/f4/f4bb2b73aacdc0370fc65face1ef60d9e8732bfd.js'
2026-7-7 17:07:00-debug: Invalidating 'pack:///chunks/0e/0ea1c77c59b038eb4661ef171f440cbc7cc134ca.js'
2026-7-7 17:07:00-debug: Invalidating 'pack:///chunks/29/296009d632e65e6f653d790324d741c2d9759f34.js'
2026-7-7 17:07:00-debug: Invalidating 'pack:///chunks/3f/3ff8f1a74d7fbbd22ced04971b6ab15e04fd86a6.js'
2026-7-7 17:07:00-debug: Invalidating 'pack:///chunks/80/803faff6203a98317cc86f08677de73b7112b743.js'
2026-7-7 17:07:00-debug: Invalidating 'pack:///chunks/b1/b12e427b1fcb487f729ef654542d8e9775a297cb.js'
2026-7-7 17:07:00-debug: Invalidating 'pack:///chunks/d5/d5f6e07e1b02d743fed3d9c2c8e155b0c3309d52.js'
2026-7-7 17:07:00-debug: Invalidating 'pack:///chunks/02/021cbce763294c7c4adf05845718c817a68ff9f3.js'
2026-7-7 17:07:00-debug: Invalidating 'pack:///chunks/23/2370bd6a63dbba247d7fcab21c5244288f150386.js'
2026-7-7 17:07:00-debug: Invalidating 'pack:///chunks/9e/9ec8816866d723aea0e61547ea23bf04cc3c7c78.js'
2026-7-7 17:07:00-debug: Invalidating 'pack:///chunks/9b/9be30ad1a917cc0914201f1db5bdf1c5cb4d6e49.js'
2026-7-7 17:07:00-debug: Invalidating 'pack:///chunks/43/4314f54defc530df4c3d4a14e3561038b8628ff3.js'
2026-7-7 17:07:00-debug: Invalidating 'pack:///chunks/a7/a78b9d0a8af4315011c59f40b6c49da033e49269.js'
2026-7-7 17:07:00-debug: Invalidating 'pack:///chunks/6c/6c35293030e947e52f03ea585990d17f31ea7df0.js'
2026-7-7 17:07:00-debug: Invalidating 'pack:///chunks/b0/b0316da27abe29af9f8a517d28257bc913762f57.js'
2026-7-7 17:07:00-debug: Invalidating 'pack:///chunks/4a/4a75ba705e89112b3bcc356e77985c7a095b80f4.js'
2026-7-7 17:07:00-debug: Invalidating 'pack:///chunks/e1/e13771ea8032dbc1728530af431c57de3b1e5e24.js'
2026-7-7 17:07:00-debug: Invalidating 'pack:///chunks/9a/9a8786a747b555136cef77c9f5e7ad17e18a31eb.js'
2026-7-7 17:07:00-debug: Invalidating 'pack:///chunks/bb/bb66609565f0d30fbedfe7ab7019decca8a2726b.js'
2026-7-7 17:07:00-debug: Invalidating 'pack:///chunks/ce/ced31965a759b2c1d777a8f0d98f8cd326020d87.js'
2026-7-7 17:07:00-debug: Invalidating 'pack:///chunks/dc/dcc18999575bc7125a793680f1b595554e7f2cde.js'
2026-7-7 17:07:00-debug: Invalidating 'pack:///chunks/05/0510980ff6e9ad26ec622e2230780bc7f1d96f08.js'
2026-7-7 17:07:00-debug: Invalidating 'pack:///chunks/8a/8a4b23fc8904a55daa926fa9bf2d450c2c59d378.js'
2026-7-7 17:07:00-debug: Invalidating 'pack:///chunks/5b/5b626ae965dfc8bbf67ffe6dd329ea95c382afe6.js'
2026-7-7 17:07:00-debug: Invalidating 'pack:///chunks/6e/6e4d3e245933373fd13279940a5d6dee30418f49.js'
2026-7-7 17:07:00-debug: Invalidating 'pack:///chunks/f0/f05038aedf4d7805ad91dbf59f1c87fe35c23bb5.js'
2026-7-7 17:07:00-debug: Invalidating 'pack:///chunks/05/05825d2a71d7765a90fbbdda8907aab57810f0a0.js'
2026-7-7 17:07:00-debug: Invalidating 'pack:///chunks/fa/fad9c36dab7fd23cbd0b1b9ebcbd02e6023aaadd.js'
2026-7-7 17:07:00-debug: Invalidating 'pack:///chunks/01/011c6605e93c83936bcaadc521a3f2df21bdd87a.js'
2026-7-7 17:07:00-debug: Invalidating 'pack:///chunks/7a/7a056ac353cd4f184635b76aa08c0d427085fda7.js'
2026-7-7 17:07:00-debug: Invalidating 'pack:///chunks/11/1193ac27b94da532d27808ef712ed0fcd809d84d.js'
2026-7-7 17:07:00-debug: Invalidating 'pack:///chunks/03/031aac2e2ea93f03b5422269c22800e822715034.js'
2026-7-7 17:07:00-debug: Invalidating 'pack:///chunks/29/2933ae65951958109aeb70104e6287b8240a8e01.js'
2026-7-7 17:07:00-debug: Invalidating 'pack:///chunks/cd/cd87286564d42a577ada1093f142b4db43415d61.js'
2026-7-7 17:07:00-debug: Invalidating 'pack:///chunks/dd/ddf9ec67bc21176ab14fd7bef2d6099af7cab4e3.js'
2026-7-7 17:07:00-debug: Invalidating 'pack:///chunks/12/120cba8f856407335ad8a04347cd4d36bf752a1e.js'
2026-7-7 17:07:00-debug: Invalidating 'pack:///chunks/7c/7cb3e78818d3ca7420c127c4f13ad5587e5cc5d3.js'
2026-7-7 17:07:00-debug: Invalidating 'pack:///chunks/78/7875e58dc11de4424867c114cd71cf4d379fd7ce.js'
2026-7-7 17:07:00-debug: Invalidating 'pack:///chunks/6b/6b5ef849a8a91f0cd956b88818795e47d9431e29.js'
2026-7-7 17:07:00-debug: Invalidating 'pack:///chunks/6b/6bf6369babd500e0802aeb38d4c346ae3462ef8b.js'
2026-7-7 17:07:00-debug: Invalidating 'pack:///chunks/2c/2c40d59e1ac0050bfd5e4aece9657278c88a4b47.js'
2026-7-7 17:07:00-debug: Invalidating 'pack:///chunks/aa/aa6223cf35796d09344450a14919ad24c61174bb.js'
2026-7-7 17:07:00-debug: Invalidating 'pack:///chunks/e2/e2cd37831230a7474a5c89ec9f0764c2d6ce1581.js'
2026-7-7 17:07:00-debug: Invalidating 'pack:///chunks/c1/c14c87720f6e6e7b27f438925fae2cc2d4587268.js'
2026-7-7 17:07:00-debug: Invalidating 'pack:///chunks/ac/ac0e66d1df96447f3ea6b579b5067cb87a880d84.js'
2026-7-7 17:07:00-debug: Invalidating 'pack:///chunks/fb/fb231b7b47c244832aa3ed0055e0ff4d6bda9530.js'
2026-7-7 17:07:00-debug: Invalidating 'pack:///chunks/1e/1e9839fb85f612fea3030115a5d65b742de2db50.js'
2026-7-7 17:07:00-debug: Invalidating 'pack:///chunks/7d/7d88e9fa4d49091167d5648112015c50cab8c311.js'
2026-7-7 17:07:00-debug: Invalidating 'pack:///chunks/d0/d08abfe279c9195afbafb261981128dda32fee17.js'
2026-7-7 17:07:00-debug: Invalidating 'pack:///chunks/e4/e49d377195f0f6ca8039098e5e76d909c726c89c.js'
2026-7-7 17:07:00-debug: Invalidating 'pack:///chunks/c8/c8d2fc621a68aadf290b9938ae81f70dbefcc8d6.js'
2026-7-7 17:07:00-debug: Invalidating 'pack:///chunks/41/41b6ef284e15d0779c96601cab9a95a7c5e5919b.js'
2026-7-7 17:07:00-debug: Invalidating 'pack:///chunks/5f/5fd5284b513982ea020d8e9513905cac6e75919a.js'
2026-7-7 17:07:00-debug: Invalidating 'pack:///chunks/1b/1b6bd2739873dc60bb0e67b18f2ae1f3b116fb07.js'
2026-7-7 17:07:00-debug: Invalidating 'pack:///chunks/c4/c409a49d391cd0107339e604abf784bacdef4b02.js'
2026-7-7 17:07:00-debug: Invalidating 'pack:///chunks/99/9957d51b35d223fa476f8f6dcd2b5d011a93ab2f.js'
2026-7-7 17:07:00-debug: Invalidating 'pack:///chunks/d8/d87351923699bbc0b3bf2e76b9d6665983f7b324.js'
2026-7-7 17:07:00-debug: Invalidating 'pack:///chunks/b8/b8ff2efe0a5ef0b3134c1c0a100a2fc7e48d38e3.js'
2026-7-7 17:07:00-debug: Invalidating 'pack:///chunks/83/8354ac407215243163174d3e83d4cdab306051e3.js'
2026-7-7 17:07:00-debug: Invalidating 'pack:///chunks/84/848ca7bc3c110f0554094ecf01b3a37b01ea9dfd.js'
2026-7-7 17:07:00-debug: Invalidating 'pack:///chunks/7e/7ece20e41250ede0e4707962498ddfd8c4453b24.js'
2026-7-7 17:07:00-debug: Invalidating 'pack:///chunks/95/95d64f4c8aa166ee79b72d7add5021b420a7ce33.js'
2026-7-7 17:07:00-debug: Invalidating 'pack:///chunks/e9/e9668b02254f4db9826696b9dfb6914087bee6cc.js'
2026-7-7 17:07:00-debug: Invalidating 'pack:///chunks/4a/4a434c55814df4d84e6cd9fee04d3f21bfa74070.js'
2026-7-7 17:07:00-debug: Invalidating 'pack:///chunks/23/23f4bc413c460b50ee5cc83636bb099609a379fd.js'
2026-7-7 17:07:00-debug: Invalidating 'pack:///chunks/4d/4d68417d37cd80fe73d65d56dfe11dd26e9ef91a.js'
2026-7-7 17:07:00-debug: [[Executor]] Module "pack:///chunks/93/93ba276ea7b26ffcdc433fab14afc1ed6f05647b.js" loaded.
2026-7-7 17:07:00-debug: D:\工程项目\PlayableAD\Cocos\TheW\20260615_HYQ\HYQ_Project\temp\programming\packer-driver\targets\editor\chunks\6d\6d8fd2b0177941b032ddc0733af48a561fb60657.js resolved to D:\工程项目\PlayableAD\Cocos\TheW\20260615_HYQ\HYQ_Project\temp\programming\packer-driver\targets\editor\chunks\6d\6d8fd2b0177941b032ddc0733af48a561fb60657.js is not in module cache!
2026-7-7 17:07:00-debug: [[Executor]] Module "pack:///chunks/6d/6d8fd2b0177941b032ddc0733af48a561fb60657.js" loaded.
2026-7-7 17:07:00-debug: [[Executor]] Module "pack:///chunks/6a/6a5019a719a9014c047e67aa1cf34453ab8392ce.js" loaded.
2026-7-7 17:07:00-debug: [[Executor]] Register BuiltinPipelineSettings
2026-7-7 17:07:00-debug: [[Executor]] Module "pack:///chunks/84/84fdd98491917343dab9e13fe8b5a70bd6a363c2.js" loaded.
2026-7-7 17:07:00-debug: [[Executor]] Module "pack:///chunks/c9/c9d891290a54ec567f150962e76c6bf9cdf47b3b.js" loaded.
2026-7-7 17:07:00-debug: [[Executor]] Register BuiltinPipelinePassBuilder
2026-7-7 17:07:00-debug: [[Executor]] Module "pack:///chunks/d9/d980f46bad1521f99cf9b02f6f4709610973859b.js" loaded.
2026-7-7 17:07:00-debug: [[Executor]] Module "pack:///chunks/04/04f62969dc20e2c08fceeca28e5f160f93c57d48.js" loaded.
2026-7-7 17:07:00-debug: [[Executor]] Register BuiltinDepthOfFieldPass
2026-7-7 17:07:00-debug: [[Executor]] Module "pack:///chunks/f2/f22794b1c95bc92b6e994a97e9b193af020adc12.js" loaded.
2026-7-7 17:07:00-debug: [[Executor]] Register DebugViewRuntimeControl
2026-7-7 17:07:00-debug: [[Executor]] Module "pack:///chunks/e0/e099fc7c0597d98bad93ecd30952e1955267ade1.js" loaded.
2026-7-7 17:07:00-debug: [[Executor]] Register Lightning
2026-7-7 17:07:00-debug: [[Executor]] Module "pack:///chunks/e2/e2118395860d446afdd7349c12bbbbd5ff0a8915.js" loaded.
2026-7-7 17:07:00-debug: [[Executor]] Module "pack:///chunks/e9/e96bc804d4af33012a1ad5c19177a551c107f2ae.js" loaded.
2026-7-7 17:07:00-debug: [[Executor]] Module "pack:///chunks/31/31cebe8e0355019a96c8dc216aed673e195b2a53.js" loaded.
2026-7-7 17:07:00-debug: [[Executor]] Register LayerManager
2026-7-7 17:07:00-debug: [[Executor]] Module "pack:///chunks/4d/4d6662648c8c361d9de350d72c1ab0a8e7508014.js" loaded.
2026-7-7 17:07:00-debug: [[Executor]] Register CameraMove
2026-7-7 17:07:00-debug: [[Executor]] Module "pack:///chunks/14/14cec8e3738599ab9965ee6a2127491eba1361af.js" loaded.
2026-7-7 17:07:00-debug: [[Executor]] Module "pack:///chunks/56/5601ae9cf318e5c14df7d30ca1cafe71734c982a.js" loaded.
2026-7-7 17:07:00-debug: [[Executor]] Module "pack:///chunks/3f/3fc33806253ded99e50ac9220c73832ef2904ca7.js" loaded.
2026-7-7 17:07:00-debug: [[Executor]] Register UnityUpComponent
2026-7-7 17:07:00-debug: [[Executor]] Module "pack:///chunks/8a/8ae7d51cc818f718270f9e2ad9b78b6df4ffa62c.js" loaded.
2026-7-7 17:07:00-debug: [[Executor]] Module "pack:///chunks/79/798785a3f67288cbb075d5efa15a2c266208a881.js" loaded.
2026-7-7 17:07:00-debug: [[Executor]] Module "pack:///chunks/84/8436bf0d6f6a392b090fff8471ad48b32970414b.js" loaded.
2026-7-7 17:07:00-debug: [[Executor]] Module "pack:///chunks/f2/f20c45b49501fbe07d44e99d95c2c506a06a0ecd.js" loaded.
2026-7-7 17:07:00-debug: [[Executor]] Module "pack:///chunks/8b/8b1077471006cad018e02beccd0bed5dcc54c671.js" loaded.
2026-7-7 17:07:00-debug: [[Executor]] Register RotationDrive
2026-7-7 17:07:00-debug: [[Executor]] Module "pack:///chunks/a1/a1d124b8795c6e55160d2ce5ecbd41437847152f.js" loaded.
2026-7-7 17:07:00-debug: [[Executor]] Module "pack:///chunks/90/901a8f42214a0198b9aca11ce347c093cca5e26c.js" loaded.
2026-7-7 17:07:00-debug: [[Executor]] Register RotationVector
2026-7-7 17:07:00-debug: [[Executor]] Register MoveDrive
2026-7-7 17:07:00-debug: [[Executor]] Module "pack:///chunks/eb/eb316915c4446a477164305c14374917acb92a23.js" loaded.
2026-7-7 17:07:00-debug: [[Executor]] Register PrefabsRes
2026-7-7 17:07:00-debug: [[Executor]] Register PrefabsManager
2026-7-7 17:07:00-debug: [[Executor]] Module "pack:///chunks/e9/e950dd2519065be1280daf69ce7f6b07e4d0caaa.js" loaded.
2026-7-7 17:07:00-debug: [[Executor]] Register L18nManager
2026-7-7 17:07:00-debug: [[Executor]] Module "pack:///chunks/ed/edbdde40fab9baf06e704beb85e64d72f20aefb8.js" loaded.
2026-7-7 17:07:00-debug: [[Executor]] Register DownLoadL8
2026-7-7 17:07:00-debug: [[Executor]] Module "pack:///chunks/f0/f04c2dd9d3cc608a6f46e13bb5d3c46aa5633baf.js" loaded.
2026-7-7 17:07:00-debug: [[Executor]] Register DownLoadL8
2026-7-7 17:07:00-debug: [[Executor]] Module "pack:///chunks/f8/f8baeccf8cf047db05161c9b9e8b6b4ff9eefe2f.js" loaded.
2026-7-7 17:07:00-debug: [[Executor]] Register LangArrAuto
2026-7-7 17:07:00-debug: [[Executor]] Module "pack:///chunks/63/633ac4308370832c1c78b9f28702617696f6e9fb.js" loaded.
2026-7-7 17:07:00-debug: [[Executor]] Register LangAuto
2026-7-7 17:07:00-debug: [[Executor]] Module "pack:///chunks/f5/f570589f727cbf96139a6869e201d7a87544da71.js" loaded.
2026-7-7 17:07:00-debug: [[Executor]] Register ResurrectionL8
2026-7-7 17:07:00-debug: [[Executor]] Module "pack:///chunks/40/407fe08f85a1575a06beb3692d40cf36d9684f58.js" loaded.
2026-7-7 17:07:00-debug: [[Executor]] Module "pack:///chunks/0f/0fd75e1d9556ba520ee98c89195f9d0594110ad2.js" loaded.
2026-7-7 17:07:00-debug: [[Executor]] Register Prop
2026-7-7 17:07:00-debug: [[Executor]] Module "pack:///chunks/4c/4c2851018e56f823e74c2b3e2117156bcb9e76d0.js" loaded.
2026-7-7 17:07:00-debug: [[Executor]] Module "pack:///chunks/f6/f6cf9b6088316a765dbcd0b22eb496d3f4be80dc.js" loaded.
2026-7-7 17:07:00-debug: [[Executor]] Module "pack:///chunks/ec/ecb76259f390974cf14cad52564b11281c42a7e6.js" loaded.
2026-7-7 17:07:00-debug: [[Executor]] Module "pack:///chunks/38/38483f6f68b174c6aad120536d38c3642cb0e458.js" loaded.
2026-7-7 17:07:00-debug: [[Executor]] Register JumpDriveEngine
2026-7-7 17:07:00-debug: [[Executor]] Module "pack:///chunks/e5/e5fea8c54230bb378b45e63a8ea8186bdeccbbe2.js" loaded.
2026-7-7 17:07:00-debug: [[Executor]] Module "pack:///chunks/d5/d58c1ab1b696259af8c3b1384857266dba055462.js" loaded.
2026-7-7 17:07:00-debug: [[Executor]] Module "pack:///chunks/b6/b6919de7425c243c4e1697f376cb4f6f6b2769a4.js" loaded.
2026-7-7 17:07:00-debug: [[Executor]] Module "pack:///chunks/41/4103e3b8e8be7d1b0e7a8a67f28a2c29fe9aa2dc.js" loaded.
2026-7-7 17:07:00-debug: [[Executor]] Module "pack:///chunks/2e/2edb51f2f57b638345a2b9d561f476b67029b574.js" loaded.
2026-7-7 17:07:00-debug: [[Executor]] Module "pack:///chunks/5f/5fdfd08a9c16dc742e66ef16a5a8e13f5f831a3e.js" loaded.
2026-7-7 17:07:00-debug: [[Executor]] Register BagBase
2026-7-7 17:07:00-debug: [[Executor]] Module "pack:///chunks/84/84bbaa7f2e1a0639f57f755b935e1acb7d73f78e.js" loaded.
2026-7-7 17:07:00-debug: [[Executor]] Register FlayPropManager
2026-7-7 17:07:00-debug: [[Executor]] Module "pack:///chunks/80/80f420cd19a5967732f7f177a68c3670990311d3.js" loaded.
2026-7-7 17:07:00-debug: [[Executor]] Register GroupBag3D
2026-7-7 17:07:00-debug: [[Executor]] Module "pack:///chunks/b5/b5c69e24499acddd297e4328687b0ea934b109d5.js" loaded.
2026-7-7 17:07:00-debug: [[Executor]] Register GroupPropTransform
2026-7-7 17:07:00-debug: [[Executor]] Module "pack:///chunks/7e/7e52be47c960966fc7d962b7957dbbce1047514e.js" loaded.
2026-7-7 17:07:00-debug: [[Executor]] Module "pack:///chunks/f4/f4bb2b73aacdc0370fc65face1ef60d9e8732bfd.js" loaded.
2026-7-7 17:07:00-debug: [[Executor]] Register LabBagUp
2026-7-7 17:07:00-debug: [[Executor]] Module "pack:///chunks/0e/0ea1c77c59b038eb4661ef171f440cbc7cc134ca.js" loaded.
2026-7-7 17:07:00-debug: [[Executor]] Register CollectGetTarget
2026-7-7 17:07:00-debug: [[Executor]] Module "pack:///chunks/80/803faff6203a98317cc86f08677de73b7112b743.js" loaded.
2026-7-7 17:07:00-debug: [[Executor]] Module "pack:///chunks/b1/b12e427b1fcb487f729ef654542d8e9775a297cb.js" loaded.
2026-7-7 17:07:00-debug: [[Executor]] Register AttackTargetBase
2026-7-7 17:07:00-debug: [[Executor]] Module "pack:///chunks/3f/3ff8f1a74d7fbbd22ced04971b6ab15e04fd86a6.js" loaded.
2026-7-7 17:07:00-debug: [[Executor]] Register AreaAttack
2026-7-7 17:07:00-debug: [[Executor]] Module "pack:///chunks/29/296009d632e65e6f653d790324d741c2d9759f34.js" loaded.
2026-7-7 17:07:00-debug: [[Executor]] Register MeleeAttack
2026-7-7 17:07:00-debug: [[Executor]] Module "pack:///chunks/d5/d5f6e07e1b02d743fed3d9c2c8e155b0c3309d52.js" loaded.
2026-7-7 17:07:00-debug: [[Executor]] Register HpComponent
2026-7-7 17:07:00-debug: [[Executor]] Module "pack:///chunks/23/2370bd6a63dbba247d7fcab21c5244288f150386.js" loaded.
2026-7-7 17:07:00-debug: [[Executor]] Module "pack:///chunks/9e/9ec8816866d723aea0e61547ea23bf04cc3c7c78.js" loaded.
2026-7-7 17:07:00-debug: [[Executor]] Register MeshFlashPropData
2026-7-7 17:07:00-debug: [[Executor]] Register MeshFlashSwitchData
2026-7-7 17:07:00-debug: [[Executor]] Register MeshFlashData
2026-7-7 17:07:00-debug: [[Executor]] Register BattleTargetBase
2026-7-7 17:07:00-debug: [[Executor]] Module "pack:///chunks/02/021cbce763294c7c4adf05845718c817a68ff9f3.js" loaded.
2026-7-7 17:07:00-debug: [[Executor]] Register EffectRemoveBase
2026-7-7 17:07:00-debug: [[Executor]] Module "pack:///chunks/dc/dcc18999575bc7125a793680f1b595554e7f2cde.js" loaded.
2026-7-7 17:07:00-debug: [[Executor]] Register EffectTimePartRemove
2026-7-7 17:07:00-debug: [[Executor]] Module "pack:///chunks/ce/ced31965a759b2c1d777a8f0d98f8cd326020d87.js" loaded.
2026-7-7 17:07:00-debug: [[Executor]] Register EffectManager
2026-7-7 17:07:00-debug: [[Executor]] Module "pack:///chunks/b0/b0316da27abe29af9f8a517d28257bc913762f57.js" loaded.
2026-7-7 17:07:00-debug: [[Executor]] Register ColliderTag
2026-7-7 17:07:00-debug: [[Executor]] Module "pack:///chunks/4a/4a75ba705e89112b3bcc356e77985c7a095b80f4.js" loaded.
2026-7-7 17:07:00-debug: [[Executor]] Register BulletMonsterCollisionManager
2026-7-7 17:07:00-debug: [[Executor]] Module "pack:///chunks/e1/e13771ea8032dbc1728530af431c57de3b1e5e24.js" loaded.
2026-7-7 17:07:00-debug: [[Executor]] Register BulletBattle3D
2026-7-7 17:07:00-debug: [[Executor]] Module "pack:///chunks/a7/a78b9d0a8af4315011c59f40b6c49da033e49269.js" loaded.
2026-7-7 17:07:00-debug: [[Executor]] Register BattleTarget3D
2026-7-7 17:07:00-debug: [[Executor]] Register BulletCollideBase2D
2026-7-7 17:07:00-debug: [[Executor]] Module "pack:///chunks/9a/9a8786a747b555136cef77c9f5e7ad17e18a31eb.js" loaded.
2026-7-7 17:07:00-debug: [[Executor]] Module "pack:///chunks/bb/bb66609565f0d30fbedfe7ab7019decca8a2726b.js" loaded.
2026-7-7 17:07:00-debug: [[Executor]] Register BulletBattle2D
2026-7-7 17:07:00-debug: [[Executor]] Module "pack:///chunks/6c/6c35293030e947e52f03ea585990d17f31ea7df0.js" loaded.
2026-7-7 17:07:00-debug: [[Executor]] Module "pack:///chunks/43/4314f54defc530df4c3d4a14e3561038b8628ff3.js" loaded.
2026-7-7 17:07:00-debug: [[Executor]] Register RangedAttack
2026-7-7 17:07:00-debug: [[Executor]] Module "pack:///chunks/9b/9be30ad1a917cc0914201f1db5bdf1c5cb4d6e49.js" loaded.
2026-7-7 17:07:00-debug: [[Executor]] Register TriggerBase2D
2026-7-7 17:07:00-debug: [[Executor]] Module "pack:///chunks/8a/8a4b23fc8904a55daa926fa9bf2d450c2c59d378.js" loaded.
2026-7-7 17:07:00-debug: [[Executor]] Register BattleTarget2D
2026-7-7 17:07:00-debug: [[Executor]] Module "pack:///chunks/5b/5b626ae965dfc8bbf67ffe6dd329ea95c382afe6.js" loaded.
2026-7-7 17:07:00-debug: [[Executor]] Register CollectBattleTarger2D
2026-7-7 17:07:00-debug: [[Executor]] Module "pack:///chunks/05/0510980ff6e9ad26ec622e2230780bc7f1d96f08.js" loaded.
2026-7-7 17:07:00-debug: [[Executor]] Register BulletBatchRenderer
2026-7-7 17:07:00-debug: [[Executor]] Module "pack:///chunks/f0/f05038aedf4d7805ad91dbf59f1c87fe35c23bb5.js" loaded.
2026-7-7 17:07:00-debug: [[Executor]] Register AttackParkPlay
2026-7-7 17:07:00-debug: [[Executor]] Module "pack:///chunks/05/05825d2a71d7765a90fbbdda8907aab57810f0a0.js" loaded.
2026-7-7 17:07:00-debug: [[Executor]] Register RangeTowerAttack
2026-7-7 17:07:00-debug: [[Executor]] Module "pack:///chunks/6e/6e4d3e245933373fd13279940a5d6dee30418f49.js" loaded.
2026-7-7 17:07:00-debug: [[Executor]] Module "pack:///chunks/fa/fad9c36dab7fd23cbd0b1b9ebcbd02e6023aaadd.js" loaded.
2026-7-7 17:07:00-debug: [[Executor]] Register RangedAttack_Shrapnel
2026-7-7 17:07:00-debug: [[Executor]] Module "pack:///chunks/01/011c6605e93c83936bcaadc521a3f2df21bdd87a.js" loaded.
2026-7-7 17:07:00-debug: [[Executor]] Register BulletCollideBase3D
2026-7-7 17:07:00-debug: [[Executor]] Module "pack:///chunks/7a/7a056ac353cd4f184635b76aa08c0d427085fda7.js" loaded.
2026-7-7 17:07:00-debug: [[Executor]] Register TriggerBase3D
2026-7-7 17:07:00-debug: [[Executor]] Module "pack:///chunks/03/031aac2e2ea93f03b5422269c22800e822715034.js" loaded.
2026-7-7 17:07:00-debug: [[Executor]] Register CollectBattleTarger3D
2026-7-7 17:07:00-debug: [[Executor]] Module "pack:///chunks/11/1193ac27b94da532d27808ef712ed0fcd809d84d.js" loaded.
2026-7-7 17:07:00-debug: [[Executor]] Register EffectTimeRemove
2026-7-7 17:07:00-debug: [[Executor]] Module "pack:///chunks/29/2933ae65951958109aeb70104e6287b8240a8e01.js" loaded.
2026-7-7 17:07:00-debug: [[Executor]] Register GuideLine
2026-7-7 17:07:00-debug: [[Executor]] Module "pack:///chunks/cd/cd87286564d42a577ada1093f142b4db43415d61.js" loaded.
2026-7-7 17:07:00-debug: [[Executor]] Register RangedAttack_Circle
2026-7-7 17:07:00-debug: [[Executor]] Register FbxManager
2026-7-7 17:07:00-debug: [[Executor]] Module "pack:///chunks/6b/6b5ef849a8a91f0cd956b88818795e47d9431e29.js" loaded.
2026-7-7 17:07:00-debug: D:\工程项目\PlayableAD\Cocos\TheW\20260615_HYQ\HYQ_Project\temp\programming\packer-driver\targets\editor\chunks\fb\fb231b7b47c244832aa3ed0055e0ff4d6bda9530.js resolved to D:\工程项目\PlayableAD\Cocos\TheW\20260615_HYQ\HYQ_Project\temp\programming\packer-driver\targets\editor\chunks\fb\fb231b7b47c244832aa3ed0055e0ff4d6bda9530.js is not in module cache!
2026-7-7 17:07:00-debug: [[Executor]] Module "pack:///chunks/78/7875e58dc11de4424867c114cd71cf4d379fd7ce.js" loaded.
2026-7-7 17:07:00-debug: [[Executor]] Register Role
2026-7-7 17:07:00-debug: [[Executor]] Register GameOverPanel
2026-7-7 17:07:00-debug: [[Executor]] Module "pack:///chunks/6b/6bf6369babd500e0802aeb38d4c346ae3462ef8b.js" loaded.
2026-7-7 17:07:00-debug: [[Executor]] Register WeaponBulletConfig
2026-7-7 17:07:00-debug: [[Executor]] Register Player
2026-7-7 17:07:00-debug: [[Executor]] Register MonsterBattleTaerget
2026-7-7 17:07:00-debug: [[Executor]] Module "pack:///chunks/2c/2c40d59e1ac0050bfd5e4aece9657278c88a4b47.js" loaded.
2026-7-7 17:07:00-debug: [[Executor]] Register ArmsInfo
2026-7-7 17:07:00-debug: [[Executor]] Register PropArms
2026-7-7 17:07:00-debug: [[Executor]] Module "pack:///chunks/aa/aa6223cf35796d09344450a14919ad24c61174bb.js" loaded.
2026-7-7 17:07:00-debug: [[Executor]] Register PropBrand
2026-7-7 17:07:00-debug: [[Executor]] Module "pack:///chunks/ac/ac0e66d1df96447f3ea6b579b5067cb87a880d84.js" loaded.
2026-7-7 17:07:00-debug: [[Executor]] Module "pack:///chunks/12/120cba8f856407335ad8a04347cd4d36bf752a1e.js" loaded.
2026-7-7 17:07:00-debug: [[Executor]] Register LalianHitStageConfig
2026-7-7 17:07:00-debug: [[Executor]] Register PropLalianGate
2026-7-7 17:07:00-debug: [[Executor]] Module "pack:///chunks/c1/c14c87720f6e6e7b27f438925fae2cc2d4587268.js" loaded.
2026-7-7 17:07:00-debug: [[Executor]] Register CreatePropBrand
2026-7-7 17:07:00-debug: [[Executor]] Module "pack:///chunks/e2/e2cd37831230a7474a5c89ec9f0764c2d6ce1581.js" loaded.
2026-7-7 17:07:00-debug: [[Executor]] Register MonsterCreateInfo
2026-7-7 17:07:00-debug: [[Executor]] Register MonsterCreateQueue
2026-7-7 17:07:00-debug: [[Executor]] Register MonsterCreate
2026-7-7 17:07:00-debug: [[Executor]] Module "pack:///chunks/7c/7cb3e78818d3ca7420c127c4f13ad5587e5cc5d3.js" loaded.
2026-7-7 17:07:00-debug: [[Executor]] Register GuideManager
2026-7-7 17:07:00-debug: [[Executor]] Module "pack:///chunks/dd/ddf9ec67bc21176ab14fd7bef2d6099af7cab4e3.js" loaded.
2026-7-7 17:07:00-debug: [[Executor]] Module "pack:///chunks/7d/7d88e9fa4d49091167d5648112015c50cab8c311.js" loaded.
2026-7-7 17:07:00-debug: [[Executor]] Register PropTireGate
2026-7-7 17:07:00-debug: [[Executor]] Register ArmsUp
2026-7-7 17:07:00-debug: [[Executor]] Module "pack:///chunks/d0/d08abfe279c9195afbafb261981128dda32fee17.js" loaded.
2026-7-7 17:07:00-debug: [[Executor]] Module "pack:///chunks/c8/c8d2fc621a68aadf290b9938ae81f70dbefcc8d6.js" loaded.
2026-7-7 17:07:00-debug: [[Executor]] Register RockerUI
2026-7-7 17:07:00-debug: [[Executor]] Module "pack:///chunks/1e/1e9839fb85f612fea3030115a5d65b742de2db50.js" loaded.
2026-7-7 17:07:00-debug: [[Executor]] Register RockerMouseEvent
2026-7-7 17:07:00-debug: [[Executor]] Register ShoppIngEvent
2026-7-7 17:07:00-debug: [[Executor]] Module "pack:///chunks/c4/c409a49d391cd0107339e604abf784bacdef4b02.js" loaded.
2026-7-7 17:07:00-debug: [[Executor]] Register Shopping
2026-7-7 17:07:00-debug: [[Executor]] Module "pack:///chunks/5f/5fd5284b513982ea020d8e9513905cac6e75919a.js" loaded.
2026-7-7 17:07:00-debug: [[Executor]] Register BuyWayBase
2026-7-7 17:07:00-debug: [[Executor]] Register BuyWay2D
2026-7-7 17:07:00-debug: [[Executor]] Module "pack:///chunks/e4/e49d377195f0f6ca8039098e5e76d909c726c89c.js" loaded.
2026-7-7 17:07:00-debug: [[Executor]] Module "pack:///chunks/1b/1b6bd2739873dc60bb0e67b18f2ae1f3b116fb07.js" loaded.
2026-7-7 17:07:00-debug: [[Executor]] Register BuyWay3D
2026-7-7 17:07:00-debug: [[Executor]] Module "pack:///chunks/99/9957d51b35d223fa476f8f6dcd2b5d011a93ab2f.js" loaded.
2026-7-7 17:07:00-debug: [[Executor]] Register ShoppingItem
2026-7-7 17:07:00-debug: [[Executor]] Register Shopping_Super
2026-7-7 17:07:00-debug: [[Executor]] Module "pack:///chunks/fb/fb231b7b47c244832aa3ed0055e0ff4d6bda9530.js" loaded.
2026-7-7 17:07:00-debug: [[Executor]] Module "pack:///chunks/41/41b6ef284e15d0779c96601cab9a95a7c5e5919b.js" loaded.
2026-7-7 17:07:00-debug: [[Executor]] Module "pack:///chunks/b8/b8ff2efe0a5ef0b3134c1c0a100a2fc7e48d38e3.js" loaded.
2026-7-7 17:07:00-debug: [[Executor]] Module "pack:///chunks/d8/d87351923699bbc0b3bf2e76b9d6665983f7b324.js" loaded.
2026-7-7 17:07:00-debug: [[Executor]] Register FrameAnimManager
2026-7-7 17:07:00-debug: [[Executor]] Module "pack:///chunks/83/8354ac407215243163174d3e83d4cdab306051e3.js" loaded.
2026-7-7 17:07:00-debug: [[Executor]] Register UIButtonEvent
2026-7-7 17:07:00-debug: [[Executor]] Register FrameManager
2026-7-7 17:07:00-debug: [[Executor]] Module "pack:///chunks/84/848ca7bc3c110f0554094ecf01b3a37b01ea9dfd.js" loaded.
2026-7-7 17:07:00-debug: D:\工程项目\PlayableAD\Cocos\TheW\20260615_HYQ\HYQ_Project\temp\programming\packer-driver\targets\editor\chunks\7e\7ece20e41250ede0e4707962498ddfd8c4453b24.js resolved to D:\工程项目\PlayableAD\Cocos\TheW\20260615_HYQ\HYQ_Project\temp\programming\packer-driver\targets\editor\chunks\7e\7ece20e41250ede0e4707962498ddfd8c4453b24.js is not in module cache!
2026-7-7 17:07:00-debug: [[Executor]] Module "pack:///chunks/95/95d64f4c8aa166ee79b72d7add5021b420a7ce33.js" loaded.
2026-7-7 17:07:00-debug: [[Executor]] Module "pack:///chunks/23/23f4bc413c460b50ee5cc83636bb099609a379fd.js" loaded.
2026-7-7 17:07:00-debug: [[Executor]] Register StutterCheck
2026-7-7 17:07:00-debug: [[Executor]] Module "pack:///chunks/4a/4a434c55814df4d84e6cd9fee04d3f21bfa74070.js" loaded.
2026-7-7 17:07:00-debug: [[Executor]] Module "pack:///chunks/e9/e9668b02254f4db9826696b9dfb6914087bee6cc.js" loaded.
2026-7-7 17:07:00-debug: [[Executor]] Module "pack:///chunks/7e/7ece20e41250ede0e4707962498ddfd8c4453b24.js" loaded.
2026-7-7 17:07:00-debug: [[Executor]] Module "pack:///chunks/4d/4d68417d37cd80fe73d65d56dfe11dd26e9ef91a.js" loaded.
2026-7-7 17:07:00-debug: [[Executor]] Module "pack:///chunks/6d/6d8fd2b0177941b032ddc0733af48a561fb60657.js" loaded.
2026-7-7 17:07:00-debug: [[Executor]] after unlock
2026-7-7 17:07:00-debug: Init bundle share assets start..., progress: 9%
2026-7-7 17:07:00-debug: Init bundle share assets start..., progress: 13%
2026-7-7 17:07:00-debug: Incremental keys: 
2026-7-7 17:07:01-warn: The Mesh used by component "cc.MeshRenderer" in prefab "Role_2" is missing. Detailed information:Node path: "Role_2/New Node/Bip001 Prop1 Socket/jiateling01"Asset url: "db://assets/GameRes/Prefab/Role_2"Missing uuid: "03189dd5-73dd-4e52-8644-1ff1a122b972@18a45"
2026-7-7 17:07:01-warn: The Mesh used by component "cc.MeshRenderer" in prefab "Role_2" is missing. Detailed information:Node path: "Role_2/New Node/Bip001 Prop1 Socket/jiateling01"Asset url: "db://assets/GameRes/Prefab/Role_2"Missing uuid: "03189dd5-73dd-4e52-8644-1ff1a122b972@18a45"
2026-7-7 17:07:01-warn: The Mesh used by component "cc.MeshRenderer" in prefab "Role_1" is missing. Detailed information:Node path: "Role_1/New Node/Bip001 Prop1 Socket/jiateling01"Asset url: "db://assets/GameRes/Prefab/Role_1"Missing uuid: "03189dd5-73dd-4e52-8644-1ff1a122b972@18a45"
2026-7-7 17:07:01-debug: Init bundle share assets success..., progress: 9%
2026-7-7 17:07:01-debug: Init bundle share assets success..., progress: 13%
2026-7-7 17:07:01-debug: handle json group in bundle internal
2026-7-7 17:07:01-debug: handle json group in bundle internal success
2026-7-7 17:07:01-debug: handle json group in bundle main
2026-7-7 17:07:01-debug: handle json group in bundle resources
2026-7-7 17:07:01-debug: handle json group in bundle resources success
2026-7-7 17:07:01-debug: init image compress task 0 in bundle resources
2026-7-7 17:07:01-debug: init image compress task 0 in bundle internal
2026-7-7 17:07:01-debug: [json-group] check self or raw asset, skip. f96153eb-6f89-4aad-b84b-808954761c02 depended by f96153eb-6f89-4aad-b84b-808954761c02 has checked in raw asset b5805d3a-3b80-4a12-adf5-588e63a7d886/bundle(main)}
2026-7-7 17:07:01-debug: [json-group] check self or raw asset, skip. 799add5f-4370-4ee6-b0a4-aca1ebcd06a3 depended by 799add5f-4370-4ee6-b0a4-aca1ebcd06a3 has checked in raw asset b5805d3a-3b80-4a12-adf5-588e63a7d886/bundle(main)}
2026-7-7 17:07:01-debug: handle json group in bundle main success
2026-7-7 17:07:01-debug: [json-group] check self or raw asset, skip. 799add5f-4370-4ee6-b0a4-aca1ebcd06a3 depended by 799add5f-4370-4ee6-b0a4-aca1ebcd06a3 has checked in raw asset 799add5f-4370-4ee6-b0a4-aca1ebcd06a3/bundle(main)}
2026-7-7 17:07:01-debug: [json-group] check self or raw asset, skip. f96153eb-6f89-4aad-b84b-808954761c02 depended by f96153eb-6f89-4aad-b84b-808954761c02 has checked in raw asset f96153eb-6f89-4aad-b84b-808954761c02/bundle(main)}
2026-7-7 17:07:01-debug: init image compress task 0 in bundle main
2026-7-7 17:07:01-debug: // ---- build task 查询 Asset Bundle ---- (645ms)
2026-7-7 17:07:01-debug: [Build Memory track]: 查询 Asset Bundle start:316.34MB, end 287.32MB, increase: -29716.83KB
2026-7-7 17:07:01-debug: 查询 Asset Bundle start, progress: 14%
2026-7-7 17:07:01-log: run build task 查询 Asset Bundle success in 645 ms√, progress: 14%
2026-7-7 17:07:01-debug: // ---- build task 查询 Asset Bundle ----
2026-7-7 17:07:01-debug: // ---- build task 查询 Asset Bundle ---- (35ms)
2026-7-7 17:07:01-log: run build task 查询 Asset Bundle success in 35 ms√, progress: 19%
2026-7-7 17:07:01-debug: [Build Memory track]: 查询 Asset Bundle start:287.36MB, end 287.64MB, increase: 295.40KB
2026-7-7 17:07:01-debug: 打包脚本 start, progress: 19%
2026-7-7 17:07:01-debug: // ---- build task 打包脚本 ----
2026-7-7 17:07:02-log: [buildPolyfillsCommand]enter sub process 16648, 9229, see: chrome://inspect/#devices
2026-7-7 17:07:06-debug: execute-script-end with buildPolyfillsCommand 5391ms
2026-7-7 17:07:06-debug: Generate systemJs..., progress: 19%
2026-7-7 17:07:10-log: 资源数据库已锁定，资源操作(refresh)将会延迟响应，请稍侯
2026-7-7 17:07:11-debug: execute-script-end with buildSystemJsCommand 4968ms
2026-7-7 17:07:11-debug: 构建项目脚本 start..., progress: 19%
2026-7-7 17:07:11-debug: 构建项目脚本 start..., progress: 13%
2026-7-7 17:07:18-warn: [buildScriptCommand][[Build.Script.Rollup]] Circular dependency: file:///D:/%E5%B7%A5%E7%A8%8B%E9%A1%B9%E7%9B%AE/PlayableAD/Cocos/TheW/20260615_HYQ/HYQ_Project/assets/Script/functionS/Jump/JumpManager.ts -> file:///D:/%E5%B7%A5%E7%A8%8B%E9%A1%B9%E7%9B%AE/PlayableAD/Cocos/TheW/20260615_HYQ/HYQ_Project/assets/Script/functionS/Jump/JumpDriveEngine.ts -> file:///D:/%E5%B7%A5%E7%A8%8B%E9%A1%B9%E7%9B%AE/PlayableAD/Cocos/TheW/20260615_HYQ/HYQ_Project/assets/Script/functionS/Jump/JumpManager.ts
2026-7-7 17:07:18-warn: [buildScriptCommand][[Build.Script.Rollup]] Circular dependency: file:///D:/%E5%B7%A5%E7%A8%8B%E9%A1%B9%E7%9B%AE/PlayableAD/Cocos/TheW/20260615_HYQ/HYQ_Project/assets/Script/functionS/Monster/MonsterCreate.ts -> file:///D:/%E5%B7%A5%E7%A8%8B%E9%A1%B9%E7%9B%AE/PlayableAD/Cocos/TheW/20260615_HYQ/HYQ_Project/assets/Script/functionS/Other/PropArms.ts -> file:///D:/%E5%B7%A5%E7%A8%8B%E9%A1%B9%E7%9B%AE/PlayableAD/Cocos/TheW/20260615_HYQ/HYQ_Project/assets/Script/functionS/Monster/MonsterCreate.ts[warning][[Build.Script.Rollup]] Circular dependency: file:///D:/%E5%B7%A5%E7%A8%8B%E9%A1%B9%E7%9B%AE/PlayableAD/Cocos/TheW/20260615_HYQ/HYQ_Project/extensions/super-packager/package_assets/JiangYv/PBASDK-v3/PrintComponent.ts -> file:///D:/%E5%B7%A5%E7%A8%8B%E9%A1%B9%E7%9B%AE/PlayableAD/Cocos/TheW/20260615_HYQ/HYQ_Project/extensions/super-packager/package_assets/JiangYv/PBASDK-v3/StutterCheck.ts -> file:///D:/%E5%B7%A5%E7%A8%8B%E9%A1%B9%E7%9B%AE/PlayableAD/Cocos/TheW/20260615_HYQ/HYQ_Project/extensions/super-packager/package_assets/JiangYv/PBASDK-v3/PrintComponent.ts
2026-7-7 17:07:23-log: [buildScriptCommand]Number of non-entry chunks: 3
2026-7-7 17:07:23-debug: execute-script-end with buildScriptCommand 11687ms
2026-7-7 17:07:23-debug: Copy externalScripts success!
2026-7-7 17:07:23-debug: 构建项目脚本 in (11735 ms) √, progress: 19%
2026-7-7 17:07:23-debug: 构建项目脚本 in (11735 ms) √, progress: 13%
2026-7-7 17:07:23-debug: 构建引擎脚本 start..., progress: 19%
2026-7-7 17:07:23-debug: mangleProperties is enabled, found engine-mangle-config.json, use it
2026-7-7 17:07:23-debug: Use cache engine: {link(C:\Users\Admin\AppData\Local\Temp\CocosCreator\3.8.7\builder\engine\a154ee511c93165416d720dbd46d8d34)}
2026-7-7 17:07:23-debug: Use cache, md5String: debug=false,sourceMaps=false,includeModules=["2d","3d","animation","audio","base","custom-pipeline","gfx-webgl","gfx-webgl2","graphics","particle","physics-2d-box2d","physics-ammo","primitive","profiler","skeletal-animation","tween","ui","custom-pipeline-builtin-scripts"],engineVersion="3.8.7",platformType="HTML5",split=false,nativeCodeBundleMode="asmjs",targets=undefined,entry="C:\\ProgramData\\cocos\\editors\\Creator\\3.8.7\\resources\\resources\\3d\\engine",noDeprecatedFeatures=undefined,loose=true,assetURLFormat="runtime-resolved",flags={"DEBUG":false,"LOAD_BULLET_MANUALLY":false,"LOAD_SPINE_MANUALLY":false,"WEBGPU":false},preserveType=undefined,wasmCompressionMode=false,enableNamedRegisterForSystemJSModuleFormat=undefined,mangleProperties=false,inlineEnum=true,
2026-7-7 17:07:23-debug: Use cache, options: {  "entry": "C:\\ProgramData\\cocos\\editors\\Creator\\3.8.7\\resources\\resources\\3d\\engine",  "debug": false,  "mangleProperties": false,  "inlineEnum": true,  "sourceMaps": false,  "includeModules": [    "2d",    "3d",    "animation",    "audio",    "base",    "custom-pipeline",    "gfx-webgl",    "gfx-webgl2",    "graphics",    "particle",    "physics-2d-box2d",    "physics-ammo",    "primitive",    "profiler",    "skeletal-animation",    "tween",    "ui",    "custom-pipeline-builtin-scripts"  ],  "engineVersion": "3.8.7",  "md5Map": [],  "engineName": "cocos-js",  "output": "D:\\工程项目\\PlayableAD\\Cocos\\TheW\\20260615_HYQ\\HYQ_Project\\build\\web-mobile\\cocos-js",  "platformType": "HTML5",  "useCache": true,  "nativeCodeBundleMode": "asmjs",  "wasmCompressionMode": false,  "split": false,  "assetURLFormat": "runtime-resolved",  "flags": {    "DEBUG": false,    "LOAD_BULLET_MANUALLY": false,    "LOAD_SPINE_MANUALLY": false,    "WEBGPU": false  }}
2026-7-7 17:07:23-debug: Error: Exit process with code:null, signal:SIGTERM in task build-script    at ChildProcess.<anonymous> (C:\ProgramData\cocos\editors\Creator\3.8.7\resources\app.asar\builtin\builder\dist\worker\worker-pools\sub-process-manager.ccc:1:2409)    at ChildProcess.emit (node:events:519:28)    at Process.ChildProcess._handle.onexit (node:internal/child_process:294:12)
2026-7-7 17:07:23-debug: 构建引擎脚本 in (218 ms) √, progress: 19%
2026-7-7 17:07:23-debug: Copy plugin script ..., progress: 19%
2026-7-7 17:07:23-debug: Generate import-map..., progress: 19%
2026-7-7 17:07:23-debug: // ---- build task 打包脚本 ---- (22398ms)
2026-7-7 17:07:23-log: run build task 打包脚本 success in 22 s√, progress: 24%
2026-7-7 17:07:23-debug: // ---- build task Build Assets ----
2026-7-7 17:07:23-debug: Build Assets start, progress: 24%
2026-7-7 17:07:23-debug: [Build Memory track]: 打包脚本 start:287.81MB, end 284.88MB, increase: -2997.75KB
2026-7-7 17:07:23-debug: Pack Images start, progress: 13%
2026-7-7 17:07:23-debug: Build bundles..., progress: 24%
2026-7-7 17:07:23-debug: Pack Images start, progress: 24%
2026-7-7 17:07:23-debug: Number of pac assets: 3
2026-7-7 17:07:23-debug: Get Cache info of pac success {asset(b74fc0c2-4c67-4dd4-8d74-9612ad56cfb1)}
2026-7-7 17:07:23-debug: Get Cache info of pac success {asset(17513a27-4f11-4047-a0be-8d0cb6187b9e)}
2026-7-7 17:07:23-debug: Number of pack results: 2
2026-7-7 17:07:23-debug: start collect depend assets in pac17513a27-4f11-4047-a0be-8d0cb6187b9e
2026-7-7 17:07:23-debug: start sort bundle in pacb74fc0c2-4c67-4dd4-8d74-9612ad56cfb1
2026-7-7 17:07:23-debug: end sort bundle in pacb74fc0c2-4c67-4dd4-8d74-9612ad56cfb1
2026-7-7 17:07:23-debug: start sort bundle in pac17513a27-4f11-4047-a0be-8d0cb6187b9e
2026-7-7 17:07:23-debug: end sort bundle in pac17513a27-4f11-4047-a0be-8d0cb6187b9e
2026-7-7 17:07:23-debug: start collect depend assets in pacb74fc0c2-4c67-4dd4-8d74-9612ad56cfb1
2026-7-7 17:07:23-debug: builder:pack-auto-atlas-image (210ms)
2026-7-7 17:07:23-debug: Compress image start..., progress: 24%
2026-7-7 17:07:23-debug: Compress image start..., progress: 13%
2026-7-7 17:07:23-debug: sort compress task {}
2026-7-7 17:07:23-debug: Num of all image compress task 0, really: 0, configTasks: 0
2026-7-7 17:07:23-debug: No image need to compress
2026-7-7 17:07:23-debug: Compress image success..., progress: 24%
2026-7-7 17:07:23-debug: Compress image success..., progress: 13%
2026-7-7 17:07:23-debug: Output asset in bundles start, progress: 24%
2026-7-7 17:07:23-debug: Output asset in bundles start, progress: 13%
2026-7-7 17:07:23-debug: Handle all json groups in bundle internal
2026-7-7 17:07:23-debug: handle json group
2026-7-7 17:07:23-debug: Pack Images success, progress: 24%
2026-7-7 17:07:23-debug: Handle all json groups in bundle resources
2026-7-7 17:07:23-debug: handle json group
2026-7-7 17:07:23-debug: Handle all json groups in bundle main
2026-7-7 17:07:23-debug: handle json group
2026-7-7 17:07:23-debug: Pack Images success, progress: 13%
2026-7-7 17:07:23-debug: Json group(033f45a16) compile success，json number: 6
2026-7-7 17:07:23-debug: Json group(0b54f34d0) compile success，json number: 6
2026-7-7 17:07:23-debug: handle single json
2026-7-7 17:07:24-debug: Json group(0c368b992) compile success，json number: 6
2026-7-7 17:07:24-debug: Json group(0a84a1761) compile success，json number: 6
2026-7-7 17:07:24-debug: Json group(09e986d7f) compile success，json number: 6
2026-7-7 17:07:24-debug: Json group(0a8b38f43) compile success，json number: 6
2026-7-7 17:07:24-debug: Json group(05a6ba422) compile success，json number: 6
2026-7-7 17:07:24-debug: handle single json
2026-7-7 17:07:24-debug: Json group(0bd960b15) compile success，json number: 6
2026-7-7 17:07:24-debug: Json group(05d786f3c) compile success，json number: 6
2026-7-7 17:07:24-debug: Json group(0a9a16365) compile success，json number: 6
2026-7-7 17:07:24-debug: Json group(0939f5774) compile success，json number: 6
2026-7-7 17:07:24-debug: Json group(04d1efb95) compile success，json number: 6
2026-7-7 17:07:24-debug: Json group(05ff4bf9a) compile success，json number: 6
2026-7-7 17:07:24-debug: Json group(058888a4d) compile success，json number: 6
2026-7-7 17:07:24-debug: Json group(0aa2d87de) compile success，json number: 6
2026-7-7 17:07:24-debug: Json group(0936a916b) compile success，json number: 6
2026-7-7 17:07:24-debug: Json group(0b3e0b1ce) compile success，json number: 6
2026-7-7 17:07:24-debug: Json group(03bca836c) compile success，json number: 6
2026-7-7 17:07:24-debug: Json group(018f8689b) compile success，json number: 6
2026-7-7 17:07:24-debug: Json group(09f4a3c5f) compile success，json number: 6
2026-7-7 17:07:24-debug: Json group(0573d1736) compile success，json number: 6
2026-7-7 17:07:24-warn: The Mesh used by component "cc.MeshRenderer" in prefab "Role_2" is missing. Detailed information:Node path: "Role_2/New Node/Bip001 Prop1 Socket/jiateling01"Asset url: "db://assets/GameRes/Prefab/Role_2"Missing uuid: "03189dd5-73dd-4e52-8644-1ff1a122b972@18a45"
2026-7-7 17:07:24-warn: The Mesh used by component "cc.MeshRenderer" in prefab "Role_2" is missing. Detailed information:Node path: "Role_2/New Node/Bip001 Prop1 Socket/jiateling01"Asset url: "db://assets/GameRes/Prefab/Role_2"Missing uuid: "03189dd5-73dd-4e52-8644-1ff1a122b972@18a45"
2026-7-7 17:07:24-debug: Json group(0d1405e99) compile success，json number: 6
2026-7-7 17:07:24-debug: Json group(0fbb3d0d7) compile success，json number: 6
2026-7-7 17:07:24-debug: Json group(0b756a9e5) compile success，json number: 6
2026-7-7 17:07:24-debug: Json group(0acdaf410) compile success，json number: 6
2026-7-7 17:07:24-debug: Json group(045d59844) compile success，json number: 6
2026-7-7 17:07:24-debug: Json group(03d712220) compile success，json number: 6
2026-7-7 17:07:24-debug: Json group(0418d0963) compile success，json number: 6
2026-7-7 17:07:24-debug: Json group(0d46b5455) compile success，json number: 6
2026-7-7 17:07:24-debug: Json group(0d76502e0) compile success，json number: 6
2026-7-7 17:07:24-warn: The Mesh used by component "cc.MeshRenderer" in prefab "Role_1" is missing. Detailed information:Node path: "Role_1/New Node/Bip001 Prop1 Socket/jiateling01"Asset url: "db://assets/GameRes/Prefab/Role_1"Missing uuid: "03189dd5-73dd-4e52-8644-1ff1a122b972@18a45"
2026-7-7 17:07:24-debug: Json group(0678030fa) compile success，json number: 6
2026-7-7 17:07:24-debug: handle single json
2026-7-7 17:07:24-debug: Json group(05744dfbc) compile success，json number: 6
2026-7-7 17:07:25-debug: Output asset in bundles success, progress: 24%
2026-7-7 17:07:25-debug: Output asset in bundles success, progress: 13%
2026-7-7 17:07:25-debug: Output asset in bundles start, progress: 24%
2026-7-7 17:07:25-debug: compress config of bundle internal...
2026-7-7 17:07:25-debug: compress config of bundle internal success
2026-7-7 17:07:25-debug: compress config of bundle resources...
2026-7-7 17:07:25-debug: compress config of bundle resources success
2026-7-7 17:07:25-debug: compress config of bundle main...
2026-7-7 17:07:25-debug: compress config of bundle main success
2026-7-7 17:07:25-debug: output config of bundle internal
2026-7-7 17:07:25-debug: output config of bundle internal success
2026-7-7 17:07:25-debug: output config of bundle resources
2026-7-7 17:07:25-debug: output config of bundle resources success
2026-7-7 17:07:25-debug: output config of bundle main
2026-7-7 17:07:25-debug: output config of bundle main success
2026-7-7 17:07:25-debug: Output asset in bundles success, progress: 24%
2026-7-7 17:07:25-debug: Output asset in bundles success, progress: 13%
2026-7-7 17:07:25-debug: Output asset in bundles start, progress: 13%
2026-7-7 17:07:25-debug: // ---- build task Build Assets ---- (2217ms)
2026-7-7 17:07:25-log: run build task Build Assets success in 2 s√, progress: 29%
2026-7-7 17:07:25-debug: [Build Memory track]: Build Assets start:284.91MB, end 337.39MB, increase: 52.48MB
2026-7-7 17:07:25-debug: 整理部分构建选项内数据到 settings.json start, progress: 29%
2026-7-7 17:07:25-debug: // ---- build task 整理部分构建选项内数据到 settings.json ----
2026-7-7 17:07:25-log: run build task 整理部分构建选项内数据到 settings.json success in 42 ms√, progress: 31%
2026-7-7 17:07:25-debug: [Build Memory track]: 整理部分构建选项内数据到 settings.json start:337.50MB, end 337.58MB, increase: 81.89KB
2026-7-7 17:07:25-debug: // ---- build task 整理部分构建选项内数据到 settings.json ---- (42ms)
2026-7-7 17:07:25-debug: 填充脚本数据到 settings.json start, progress: 31%
2026-7-7 17:07:25-debug: // ---- build task 填充脚本数据到 settings.json ----
2026-7-7 17:07:25-debug: // ---- build task 填充脚本数据到 settings.json ---- (34ms)
2026-7-7 17:07:25-log: run build task 填充脚本数据到 settings.json success in 34 ms√, progress: 32%
2026-7-7 17:07:25-debug: 整理部分构建选项内数据到 settings.json start, progress: 32%
2026-7-7 17:07:25-debug: [Build Memory track]: 填充脚本数据到 settings.json start:337.61MB, end 337.69MB, increase: 81.65KB
2026-7-7 17:07:25-debug: // ---- build task 整理部分构建选项内数据到 settings.json ----
2026-7-7 17:07:26-debug: // ---- build task 整理部分构建选项内数据到 settings.json ---- (282ms)
2026-7-7 17:07:26-log: run build task 整理部分构建选项内数据到 settings.json success in 282 ms√, progress: 34%
2026-7-7 17:07:26-debug: [Build Memory track]: 整理部分构建选项内数据到 settings.json start:337.73MB, end 337.88MB, increase: 152.45KB
2026-7-7 17:07:26-debug: web-mobile:(onBeforeCompressSettings) start..., progress: 34%
2026-7-7 17:07:26-debug: // ---- build task web-mobile：onBeforeCompressSettings ----
2026-7-7 17:07:26-debug: // ---- build task web-mobile：onBeforeCompressSettings ---- (55ms)
2026-7-7 17:07:26-debug: cocos-service:(onBeforeCompressSettings) start..., progress: 36%
2026-7-7 17:07:26-debug: web-mobile:(onBeforeCompressSettings) in 55 ms ✓, progress: 36%
2026-7-7 17:07:26-debug: // ---- build task cocos-service：onBeforeCompressSettings ----
2026-7-7 17:07:26-debug: // ---- build task cocos-service：onBeforeCompressSettings ---- (182ms)
2026-7-7 17:07:26-debug: cocos-service:(onBeforeCompressSettings) in 182 ms ✓, progress: 38%
2026-7-7 17:07:26-debug: // ---- build task super-packager：onBeforeCompressSettings ----
2026-7-7 17:07:26-debug: super-packager:(onBeforeCompressSettings) start..., progress: 38%
2026-7-7 17:07:26-log: [SUPER_PACKAGE]onBeforeCompressSettings
2026-7-7 17:07:26-debug: // ---- build task super-packager：onBeforeCompressSettings ---- (42ms)
2026-7-7 17:07:26-debug: super-packager:(onBeforeCompressSettings) in 42 ms ✓, progress: 40%
2026-7-7 17:07:26-debug: 整理静态模板文件 start, progress: 40%
2026-7-7 17:07:26-debug: // ---- build task 整理静态模板文件 ----
2026-7-7 17:07:26-debug: // ---- build task 整理静态模板文件 ---- (88ms)
2026-7-7 17:07:26-log: run build task 整理静态模板文件 success in 88 ms√, progress: 45%
2026-7-7 17:07:26-debug: // ---- build task cocos-service：onAfterCompressSettings ----
2026-7-7 17:07:26-debug: [Build Memory track]: 整理静态模板文件 start:338.29MB, end 334.67MB, increase: -3707.81KB
2026-7-7 17:07:26-debug: cocos-service:(onAfterCompressSettings) start..., progress: 45%
2026-7-7 17:07:26-debug: // ---- build task cocos-service：onAfterCompressSettings ---- (179ms)
2026-7-7 17:07:26-debug: super-packager:(onAfterCompressSettings) start..., progress: 46%
2026-7-7 17:07:26-log: [SUPER_PACKAGE]onAfterCompressSettings
2026-7-7 17:07:26-debug: // ---- build task super-packager：onAfterCompressSettings ----
2026-7-7 17:07:26-debug: cocos-service:(onAfterCompressSettings) in 179 ms ✓, progress: 46%
2026-7-7 17:07:26-debug: super-packager:(onAfterCompressSettings) in 60 ms ✓, progress: 48%
2026-7-7 17:07:26-debug: // ---- build task super-packager：onAfterCompressSettings ---- (60ms)
2026-7-7 17:07:26-debug: // ---- build task web-mobile：onBeforeCopyBuildTemplate ----
2026-7-7 17:07:26-debug: web-mobile:(onBeforeCopyBuildTemplate) start..., progress: 48%
2026-7-7 17:07:26-debug: // ---- build task web-mobile：onBeforeCopyBuildTemplate ---- (87ms)
2026-7-7 17:07:26-debug: web-mobile:(onBeforeCopyBuildTemplate) in 87 ms ✓, progress: 50%
2026-7-7 17:07:26-debug: 给所有的资源加上 MD5 后缀 start, progress: 50%
2026-7-7 17:07:26-debug: // ---- build task 给所有的资源加上 MD5 后缀 ----
2026-7-7 17:07:26-debug: // ---- build task 给所有的资源加上 MD5 后缀 ---- (48ms)
2026-7-7 17:07:26-log: run build task 给所有的资源加上 MD5 后缀 success in 48 ms√, progress: 60%
2026-7-7 17:07:26-debug: [Build Memory track]: 给所有的资源加上 MD5 后缀 start:333.42MB, end 333.51MB, increase: 91.75KB
2026-7-7 17:07:26-debug: web-mobile:(onAfterBuild) start..., progress: 60%
2026-7-7 17:07:26-debug: // ---- build task web-mobile：onAfterBuild ----
2026-7-7 17:07:26-debug: web-mobile:(onAfterBuild) in 53 ms ✓, progress: 62%
2026-7-7 17:07:26-debug: // ---- build task cocos-service：onAfterBuild ----
2026-7-7 17:07:26-debug: // ---- build task web-mobile：onAfterBuild ---- (53ms)
2026-7-7 17:07:26-debug: cocos-service:(onAfterBuild) start..., progress: 62%
2026-7-7 17:07:27-debug: cocos-service:(onAfterBuild) in 136 ms ✓, progress: 64%
2026-7-7 17:07:27-debug: // ---- build task cocos-service：onAfterBuild ---- (136ms)
2026-7-7 17:07:27-debug: // ---- build task adsense-h5g-plugin：onAfterBuild ----
2026-7-7 17:07:27-debug: adsense-h5g-plugin:(onAfterBuild) start..., progress: 64%
2026-7-7 17:07:27-debug: // ---- build task adsense-h5g-plugin：onAfterBuild ---- (46ms)
2026-7-7 17:07:27-debug: adsense-h5g-plugin:(onAfterBuild) in 46 ms ✓, progress: 65%
2026-7-7 17:07:27-debug: super-html:(onAfterBuild) start..., progress: 65%
2026-7-7 17:07:27-log: [super-html] : -- start --
2026-7-7 17:07:27-log: [super-html] : s_input_dir D:\工程项目\PlayableAD\Cocos\TheW\20260615_HYQ\HYQ_Project\build\web-mobile
2026-7-7 17:07:27-debug: // ---- build task super-html：onAfterBuild ----
2026-7-7 17:07:27-log: [super-html] : s_out_dir D:\工程项目\PlayableAD\Cocos\TheW\20260615_HYQ\HYQ_Project\build\super-html
2026-7-7 17:07:27-log: [super-html] : engine version 3.8.7
2026-7-7 17:07:34-debug: // ---- build task super-html：onAfterBuild ---- (7017ms)
2026-7-7 17:07:34-debug: super-html:(onAfterBuild) in 7017 ms ✓, progress: 67%
2026-7-7 17:07:34-debug: super-packager:(onAfterBuild) start..., progress: 67%
2026-7-7 17:07:34-debug: // ---- build task super-packager：onAfterBuild ----
2026-7-7 17:07:34-log: [SUPER_PACKAGE]onAfterBuild
2026-7-7 17:07:34-debug: // ---- build task super-packager：onAfterBuild ---- (65ms)
2026-7-7 17:07:34-log: Asset DB is resume!
2026-7-7 17:07:34-debug: super-packager:(onAfterBuild) in 65 ms ✓, progress: 69%
2026-7-7 17:07:34-debug: builder:build-project-total (35205ms)
2026-7-7 17:07:34-debug: build task(web-mobile) in 35205!
2026-7-7 17:07:35-debug: [Build Memory track]: builder:build-project-total start:319.61MB, end 294.33MB, increase: -25891.05KB
2026-7-7 17:07:35-debug: ================================ build Task (web-mobile) Finished in (35 s)ms ================================
2026-7-7 17:07:35-debug: Stop record console. {file(D:\工程项目\PlayableAD\Cocos\TheW\20260615_HYQ\HYQ_Project\temp\builder\log\web-mobile2026-6-30 10-27.log)}
2026-7-7 17:07:35-warn: The Mesh used by component "cc.MeshRenderer" in prefab "Role_2" is missing. Detailed information:Node path: "Role_2/New Node/Bip001 Prop1 Socket/jiateling01"Asset url: "db://assets/GameRes/Prefab/Role_2"Missing uuid: "03189dd5-73dd-4e52-8644-1ff1a122b972@18a45"
2026-7-7 17:07:35-warn: The Mesh used by component "cc.MeshRenderer" in prefab "Role_2" is missing. Detailed information:Node path: "Role_2/New Node/Bip001 Prop1 Socket/jiateling01"Asset url: "db://assets/GameRes/Prefab/Role_2"Missing uuid: "03189dd5-73dd-4e52-8644-1ff1a122b972@18a45"
2026-7-7 17:07:35-warn: The Mesh used by component "cc.MeshRenderer" in prefab "Role_1" is missing. Detailed information:Node path: "Role_1/New Node/Bip001 Prop1 Socket/jiateling01"Asset url: "db://assets/GameRes/Prefab/Role_1"Missing uuid: "03189dd5-73dd-4e52-8644-1ff1a122b972@18a45"
2026-7-7 17:07:35-debug: refresh db internal success
2026-7-7 17:07:36-debug: refresh db assets success
2026-7-7 17:07:36-debug: %cImport%c: D:\工程项目\PlayableAD\Cocos\TheW\20260615_HYQ\HYQ_Project\extensions\super-packager\package_assets\Common\SuperPackage.tsbackground: #aaff85; color: #000;color: #000;
2026-7-7 17:07:36-debug: %cImport%c: D:\工程项目\PlayableAD\Cocos\TheW\20260615_HYQ\HYQ_Project\extensions\super-packager\package_assets\JiangYv\PBASDK-v3\PBASDK.tsbackground: #aaff85; color: #000;color: #000;
2026-7-7 17:07:36-debug: refresh db super-packager success
2026-7-7 17:07:36-debug: Run asset db hook engine-extends:afterRefresh ...
2026-7-7 17:07:36-debug: Run asset db hook engine-extends:afterRefresh success!
2026-7-7 17:07:36-debug: asset-db:worker-effect-data-processing (3ms)
2026-7-7 17:07:36-debug: asset-db:refresh-all-database (1635ms)
2026-7-7 17:07:36-debug: asset-db-hook-engine-extends-afterRefresh (3ms)
2026-7-7 17:07:38-debug: Query all assets info in project
2026-7-7 17:07:38-debug: init custom config: keepNodeUuid: false, useCache: true
2026-7-7 17:07:38-debug: Skip compress image, progress: 0%
2026-7-7 17:07:38-debug: Init all bundles start..., progress: 0%
2026-7-7 17:07:38-debug: Num of bundles: 3..., progress: 0%
2026-7-7 17:07:38-debug: 查询 Asset Bundle start, progress: 0%
2026-7-7 17:07:38-debug: // ---- build task 查询 Asset Bundle ----
2026-7-7 17:07:38-debug: Init bundle root assets start..., progress: 0%
2026-7-7 17:07:38-debug: Query preload assets/scripts from cc.config.json: 60f7195c-ec2a-45eb-ba94-8955f60e81d0,1c02ae6f-4492-4915-b8f8-7492a3b1e4cd,810e96e4-e456-4468-9b59-f4e8f39732c0,efe8e2a3-eace-427b-b4f1-cb8a937ec77d,e9aa9a3e-5b2b-4ac7-a2c7-073de2b2b24f,8bbdbcdd-5cd4-4100-b6d5-b7c9625b6107,50f4348b-c883-4e2f-8f11-ce233b859fa1,fda095cb-831d-4601-ad94-846013963de8,f92806d7-1768-443f-afe8-12bcde84d0f0,dd3a144d-ab7f-41f0-82b8-2e43a090d496,f0416e68-0200-4b77-a926-4f9d16e494da,511d2633-09a7-4bdd-ac42-f778032124b3,5d45aa00-e064-4938-b314-4265f0c2258c,9361fd90-ba52-4f84-aa93-6e878fd576ca,970b0598-bcb0-4714-91fb-2e81440dccd8,bcd64cc6-2dd9-43f6-abbe-66318d332032,d930590d-bb92-4cc8-8bd1-23cd027f9edf,a3cd009f-0ab0-420d-9278-b9fdab939bbc,6a2d0734-bd9e-4ddf-946e-caa52498cb75,d1346436-ac96-4271-b863-1f4fdead95b0,971bdb23-3ff6-43eb-b422-1c30165a3663,17debcc3-0a6b-4b8a-b00b-dc58b885581e,711ebe11-f673-4cd9-9a83-63c60ba54c5b,c0143906-9aed-447e-9436-2ae8512d1b6e,14da1725-c4c2-42b4-ab08-ee0aeb6898b3,081cab31-dccd-428e-8652-f2404cc81c47,78e0584a-4343-4727-8f37-e14e65c2a2db,ba21476f-2866-4f81-9c4d-6e359316e448,871c3b6c-7379-419d-bda3-794b239ab90d,ff9b0199-ce04-4cfe-86cc-6c719f08d6e4,de1c2107-70c8-4021-8459-6399f24d01c6,cbf30902-517f-40dc-af90-a550bac27cf1,5c601d96-e4c7-4698-991b-7ee674b11079
2026-7-7 17:07:38-debug:   Number of all scripts: 109
2026-7-7 17:07:38-debug:   Number of all scenes: 5
2026-7-7 17:07:38-debug:   Number of other assets: 1158
2026-7-7 17:07:38-debug: Init bundle root assets success..., progress: 0%
2026-7-7 17:07:38-debug: // ---- build task 查询 Asset Bundle ---- (34ms)
2026-7-7 17:07:38-log: run build task 查询 Asset Bundle success in 34 ms√, progress: 5%
2026-7-7 17:07:38-debug: [Build Memory track]: 查询 Asset Bundle start:291.29MB, end 292.01MB, increase: 739.13KB
2026-7-7 17:07:38-debug: 查询 Asset Bundle start, progress: 5%
2026-7-7 17:07:38-debug: // ---- build task 查询 Asset Bundle ----
2026-7-7 17:07:38-debug: // ---- build task 查询 Asset Bundle ---- (5ms)
2026-7-7 17:07:38-log: run build task 查询 Asset Bundle success in 5 ms√, progress: 10%
2026-7-7 17:07:38-debug: [Build Memory track]: 查询 Asset Bundle start:292.04MB, end 292.27MB, increase: 231.38KB
2026-7-7 17:07:38-debug: 整理部分构建选项内数据到 settings.json start, progress: 10%
2026-7-7 17:07:38-debug: // ---- build task 整理部分构建选项内数据到 settings.json ----
2026-7-7 17:07:38-debug: // ---- build task 整理部分构建选项内数据到 settings.json ---- (3ms)
2026-7-7 17:07:38-debug: 填充脚本数据到 settings.json start, progress: 12%
2026-7-7 17:07:38-debug: [Build Memory track]: 整理部分构建选项内数据到 settings.json start:292.30MB, end 292.33MB, increase: 28.35KB
2026-7-7 17:07:38-debug: // ---- build task 填充脚本数据到 settings.json ----
2026-7-7 17:07:38-log: run build task 整理部分构建选项内数据到 settings.json success in 3 ms√, progress: 12%
2026-7-7 17:07:38-debug: // ---- build task 填充脚本数据到 settings.json ---- (2ms)
2026-7-7 17:07:38-log: run build task 填充脚本数据到 settings.json success in 2 ms√, progress: 13%
2026-7-7 17:07:38-debug: 整理部分构建选项内数据到 settings.json start, progress: 13%
2026-7-7 17:07:38-debug: [Build Memory track]: 填充脚本数据到 settings.json start:292.36MB, end 292.39MB, increase: 27.92KB
2026-7-7 17:07:38-debug: // ---- build task 整理部分构建选项内数据到 settings.json ----
2026-7-7 17:07:38-debug: // ---- build task 整理部分构建选项内数据到 settings.json ---- (5ms)
2026-7-7 17:07:38-log: run build task 整理部分构建选项内数据到 settings.json success in 5 ms√, progress: 15%
2026-7-7 17:07:38-debug: [Build Memory track]: 整理部分构建选项内数据到 settings.json start:292.42MB, end 292.49MB, increase: 65.93KB
2026-7-7 17:07:38-debug: Query all assets info in project
2026-7-7 17:07:38-debug: init custom config: keepNodeUuid: false, useCache: true
2026-7-7 17:07:38-debug: Skip compress image, progress: 0%
2026-7-7 17:07:38-debug: Init all bundles start..., progress: 0%
2026-7-7 17:07:38-debug: Num of bundles: 3..., progress: 0%
2026-7-7 17:07:38-debug: 查询 Asset Bundle start, progress: 0%
2026-7-7 17:07:38-debug: // ---- build task 查询 Asset Bundle ----
2026-7-7 17:07:38-debug: Init bundle root assets start..., progress: 0%
2026-7-7 17:07:38-debug: Query preload assets/scripts from cc.config.json: 60f7195c-ec2a-45eb-ba94-8955f60e81d0,1c02ae6f-4492-4915-b8f8-7492a3b1e4cd,810e96e4-e456-4468-9b59-f4e8f39732c0,efe8e2a3-eace-427b-b4f1-cb8a937ec77d,e9aa9a3e-5b2b-4ac7-a2c7-073de2b2b24f,8bbdbcdd-5cd4-4100-b6d5-b7c9625b6107,50f4348b-c883-4e2f-8f11-ce233b859fa1,fda095cb-831d-4601-ad94-846013963de8,f92806d7-1768-443f-afe8-12bcde84d0f0,dd3a144d-ab7f-41f0-82b8-2e43a090d496,f0416e68-0200-4b77-a926-4f9d16e494da,511d2633-09a7-4bdd-ac42-f778032124b3,5d45aa00-e064-4938-b314-4265f0c2258c,9361fd90-ba52-4f84-aa93-6e878fd576ca,970b0598-bcb0-4714-91fb-2e81440dccd8,bcd64cc6-2dd9-43f6-abbe-66318d332032,d930590d-bb92-4cc8-8bd1-23cd027f9edf,a3cd009f-0ab0-420d-9278-b9fdab939bbc,6a2d0734-bd9e-4ddf-946e-caa52498cb75,d1346436-ac96-4271-b863-1f4fdead95b0,971bdb23-3ff6-43eb-b422-1c30165a3663,17debcc3-0a6b-4b8a-b00b-dc58b885581e,711ebe11-f673-4cd9-9a83-63c60ba54c5b,c0143906-9aed-447e-9436-2ae8512d1b6e,14da1725-c4c2-42b4-ab08-ee0aeb6898b3,081cab31-dccd-428e-8652-f2404cc81c47,78e0584a-4343-4727-8f37-e14e65c2a2db,ba21476f-2866-4f81-9c4d-6e359316e448,871c3b6c-7379-419d-bda3-794b239ab90d,ff9b0199-ce04-4cfe-86cc-6c719f08d6e4,de1c2107-70c8-4021-8459-6399f24d01c6,cbf30902-517f-40dc-af90-a550bac27cf1,5c601d96-e4c7-4698-991b-7ee674b11079
2026-7-7 17:07:38-debug:   Number of all scenes: 5
2026-7-7 17:07:38-debug: Init bundle root assets success..., progress: 0%
2026-7-7 17:07:38-debug:   Number of other assets: 1158
2026-7-7 17:07:38-debug:   Number of all scripts: 109
2026-7-7 17:07:38-debug: // ---- build task 查询 Asset Bundle ---- (14ms)
2026-7-7 17:07:38-log: run build task 查询 Asset Bundle success in 14 ms√, progress: 5%
2026-7-7 17:07:38-debug: [Build Memory track]: 查询 Asset Bundle start:293.87MB, end 295.47MB, increase: 1.60MB
2026-7-7 17:07:38-debug: 查询 Asset Bundle start, progress: 5%
2026-7-7 17:07:38-debug: // ---- build task 查询 Asset Bundle ----
2026-7-7 17:07:38-debug: // ---- build task 查询 Asset Bundle ---- (6ms)
2026-7-7 17:07:38-debug: [Build Memory track]: 查询 Asset Bundle start:295.50MB, end 295.73MB, increase: 230.55KB
2026-7-7 17:07:38-debug: 整理部分构建选项内数据到 settings.json start, progress: 10%
2026-7-7 17:07:38-log: run build task 查询 Asset Bundle success in 6 ms√, progress: 10%
2026-7-7 17:07:38-debug: // ---- build task 整理部分构建选项内数据到 settings.json ----
2026-7-7 17:07:38-debug: // ---- build task 整理部分构建选项内数据到 settings.json ---- (3ms)
2026-7-7 17:07:38-debug: [Build Memory track]: 整理部分构建选项内数据到 settings.json start:295.76MB, end 295.80MB, increase: 37.16KB
2026-7-7 17:07:38-debug: 填充脚本数据到 settings.json start, progress: 12%
2026-7-7 17:07:38-log: run build task 整理部分构建选项内数据到 settings.json success in 3 ms√, progress: 12%
2026-7-7 17:07:38-debug: // ---- build task 填充脚本数据到 settings.json ----
2026-7-7 17:07:38-debug: // ---- build task 填充脚本数据到 settings.json ---- (2ms)
2026-7-7 17:07:38-log: run build task 填充脚本数据到 settings.json success in 2 ms√, progress: 13%
2026-7-7 17:07:38-debug: [Build Memory track]: 填充脚本数据到 settings.json start:295.83MB, end 295.86MB, increase: 27.86KB
2026-7-7 17:07:38-debug: // ---- build task 整理部分构建选项内数据到 settings.json ----
2026-7-7 17:07:38-debug: 整理部分构建选项内数据到 settings.json start, progress: 13%
2026-7-7 17:07:38-log: run build task 整理部分构建选项内数据到 settings.json success in 7 ms√, progress: 15%
2026-7-7 17:07:38-debug: [Build Memory track]: 整理部分构建选项内数据到 settings.json start:295.89MB, end 295.95MB, increase: 65.18KB
2026-7-7 17:07:38-debug: // ---- build task 整理部分构建选项内数据到 settings.json ---- (7ms)
2026-7-7 17:07:40-log: [super-html] : [common] [13587 kb] D:\工程项目\PlayableAD\Cocos\TheW\20260615_HYQ\HYQ_Project\build\super-html\common\HYQ_common.html
2026-7-7 17:07:40-log: [super-html] : [common] [6213 kb] D:\工程项目\PlayableAD\Cocos\TheW\20260615_HYQ\HYQ_Project\build\super-html\common\HYQ_common_min.html
2026-7-7 17:07:40-log: [super-html] : [applovin] [6213 kb] D:\工程项目\PlayableAD\Cocos\TheW\20260615_HYQ\HYQ_Project\build\super-html\applovin\HYQ_applovin.html
2026-7-7 17:07:40-log: [super-html] : [ironsource] [6217 kb] D:\工程项目\PlayableAD\Cocos\TheW\20260615_HYQ\HYQ_Project\build\super-html\ironsource\HYQ_ironsource.html
2026-7-7 17:07:40-log: [super-html] : [ironsource2025] [6215 kb] D:\工程项目\PlayableAD\Cocos\TheW\20260615_HYQ\HYQ_Project\build\super-html\ironsource2025\HYQ_ironsource2025.html
2026-7-7 17:07:42-log: [super-html] : [mintegral] [4498 kb] D:\工程项目\PlayableAD\Cocos\TheW\20260615_HYQ\HYQ_Project\build\super-html\mintegral\HYQ_mintegral.zip
2026-7-7 17:07:42-log: [super-html] : [chartboost] [6214 kb] D:\工程项目\PlayableAD\Cocos\TheW\20260615_HYQ\HYQ_Project\build\super-html\chartboost\HYQ_chartboost.html
2026-7-7 17:07:42-log: [super-html] : [unity] [6214 kb] D:\工程项目\PlayableAD\Cocos\TheW\20260615_HYQ\HYQ_Project\build\super-html\unity\HYQ_unity.html
2026-7-7 17:07:42-log: [super-html] : [google] [4567 kb] D:\工程项目\PlayableAD\Cocos\TheW\20260615_HYQ\HYQ_Project\build\super-html\google\HYQ_google.zip
2026-7-7 17:07:43-log: [super-html] : [google] [4567 kb] D:\工程项目\PlayableAD\Cocos\TheW\20260615_HYQ\HYQ_Project\build\super-html\google\HYQ_google_portrait.zip
2026-7-7 17:07:44-log: [super-html] : [google] [4567 kb] D:\工程项目\PlayableAD\Cocos\TheW\20260615_HYQ\HYQ_Project\build\super-html\google\HYQ_google_landscape.zip
2026-7-7 17:07:44-log: [super-html] : [facebook] [6213 kb] D:\工程项目\PlayableAD\Cocos\TheW\20260615_HYQ\HYQ_Project\build\super-html\facebook\HYQ_facebook.html
2026-7-7 17:07:45-log: [super-html] : [facebook] [4567 kb] D:\工程项目\PlayableAD\Cocos\TheW\20260615_HYQ\HYQ_Project\build\super-html\facebook\HYQ_facebook.zip
2026-7-7 17:07:46-log: [super-html] : [pangle] [4498 kb] D:\工程项目\PlayableAD\Cocos\TheW\20260615_HYQ\HYQ_Project\build\super-html\pangle\HYQ_pangle.zip
2026-7-7 17:07:47-log: [super-html] : [pangle] [4498 kb] D:\工程项目\PlayableAD\Cocos\TheW\20260615_HYQ\HYQ_Project\build\super-html\pangle\HYQ_pangle_portrait.zip
2026-7-7 17:07:48-log: [super-html] : [pangle] [4498 kb] D:\工程项目\PlayableAD\Cocos\TheW\20260615_HYQ\HYQ_Project\build\super-html\pangle\HYQ_pangle_landscape.zip
2026-7-7 17:07:50-log: [super-html] : [liftoff] [4498 kb] D:\工程项目\PlayableAD\Cocos\TheW\20260615_HYQ\HYQ_Project\build\super-html\liftoff\HYQ_liftoff.zip
2026-7-7 17:07:50-log: [super-html] : [moloco] [6213 kb] D:\工程项目\PlayableAD\Cocos\TheW\20260615_HYQ\HYQ_Project\build\super-html\moloco\HYQ_moloco.html
2026-7-7 17:07:51-log: [super-html] : [tiktok] [4498 kb] D:\工程项目\PlayableAD\Cocos\TheW\20260615_HYQ\HYQ_Project\build\super-html\tiktok\HYQ_tiktok.zip
2026-7-7 17:07:52-log: [super-html] : [vungle] [4498 kb] D:\工程项目\PlayableAD\Cocos\TheW\20260615_HYQ\HYQ_Project\build\super-html\vungle\HYQ_vungle.zip
2026-7-7 17:07:53-log: [super-html] : [bigo] [4498 kb] D:\工程项目\PlayableAD\Cocos\TheW\20260615_HYQ\HYQ_Project\build\super-html\bigo\HYQ_bigo.zip
2026-7-7 17:07:53-log: [super-html] : [kwai] : thumbnail_cover.jpg no find
2026-7-7 17:07:54-debug: refresh db internal success
2026-7-7 17:07:54-log: [super-html] : [kwai] [4498 kb] D:\工程项目\PlayableAD\Cocos\TheW\20260615_HYQ\HYQ_Project\build\super-html\kwai\HYQ_kwai.zip
2026-7-7 17:07:54-log: [super-html] : [nefta] [6214 kb] D:\工程项目\PlayableAD\Cocos\TheW\20260615_HYQ\HYQ_Project\build\super-html\nefta\HYQ_nefta.html
2026-7-7 17:07:55-debug: refresh db assets success
2026-7-7 17:07:55-debug: refresh db super-packager success
2026-7-7 17:07:55-debug: Run asset db hook engine-extends:afterRefresh ...
2026-7-7 17:07:55-debug: Run asset db hook engine-extends:afterRefresh success!
2026-7-7 17:07:55-debug: asset-db:refresh-all-database (698ms)
2026-7-7 17:07:55-debug: asset-db:worker-effect-data-processing (3ms)
2026-7-7 17:07:55-debug: asset-db-hook-engine-extends-afterRefresh (4ms)
2026-7-7 17:07:56-log: [super-html] : [nefta] [4498 kb] D:\工程项目\PlayableAD\Cocos\TheW\20260615_HYQ\HYQ_Project\build\super-html\nefta\HYQ_nefta.zip
2026-7-7 17:07:56-log: [super-html] : [snapchat] [4567 kb] D:\工程项目\PlayableAD\Cocos\TheW\20260615_HYQ\HYQ_Project\build\super-html\snapchat\HYQ_snapchat_portrait.zip
2026-7-7 17:07:57-debug: refresh db internal success
2026-7-7 17:07:57-log: [super-html] : [gdt] [4567 kb] D:\工程项目\PlayableAD\Cocos\TheW\20260615_HYQ\HYQ_Project\build\super-html\gdt\HYQ_gdt.zip
2026-7-7 17:07:58-debug: refresh db assets success
2026-7-7 17:07:58-debug: refresh db super-packager success
2026-7-7 17:07:58-debug: Run asset db hook engine-extends:afterRefresh ...
2026-7-7 17:07:58-debug: Run asset db hook engine-extends:afterRefresh success!
2026-7-7 17:07:58-debug: asset-db:refresh-all-database (684ms)
2026-7-7 17:07:58-debug: asset-db:worker-effect-data-processing (3ms)
2026-7-7 17:07:58-debug: asset-db-hook-engine-extends-afterRefresh (3ms)
2026-7-7 17:07:58-log: [super-html] : [gdt] [4567 kb] D:\工程项目\PlayableAD\Cocos\TheW\20260615_HYQ\HYQ_Project\build\super-html\gdt\HYQ_gdt_portrait.zip
2026-7-7 17:07:59-log: [super-html] : [gdt] [4567 kb] D:\工程项目\PlayableAD\Cocos\TheW\20260615_HYQ\HYQ_Project\build\super-html\gdt\HYQ_gdt_landscape.zip
2026-7-7 17:07:59-log: [super-html] : run time 32.323S
2026-7-7 17:07:59-log: [super-html] : -- end -- 
2026-7-7 17:08:02-debug: refresh db internal success
2026-7-7 17:08:02-debug: refresh db assets success
2026-7-7 17:08:02-debug: refresh db super-packager success
2026-7-7 17:08:02-debug: Run asset db hook engine-extends:afterRefresh success!
2026-7-7 17:08:02-debug: asset-db:refresh-all-database (227ms)
2026-7-7 17:08:02-debug: asset-db:worker-effect-data-processing (2ms)
2026-7-7 17:08:02-debug: asset-db-hook-engine-extends-afterRefresh (2ms)
2026-7-7 17:08:02-debug: Run asset db hook engine-extends:afterRefresh ...
2026-7-7 17:08:06-debug: %cImport%c: D:\工程项目\PlayableAD\Cocos\TheW\20260615_HYQ\HYQ_Project\assets\Scene\Game_3D-002.scenebackground: #aaff85; color: #000;color: #000;
2026-7-7 17:08:06-debug: asset-db:reimport-assetb5805d3a-3b80-4a12-adf5-588e63a7d886 (37ms)
2026-7-7 17:08:06-debug: Query all assets info in project
2026-7-7 17:08:06-debug: init custom config: keepNodeUuid: false, useCache: true
2026-7-7 17:08:06-debug: Skip compress image, progress: 0%
2026-7-7 17:08:06-debug: Init all bundles start..., progress: 0%
2026-7-7 17:08:06-debug: // ---- build task 查询 Asset Bundle ----
2026-7-7 17:08:06-debug: Init bundle root assets start..., progress: 0%
2026-7-7 17:08:06-debug: 查询 Asset Bundle start, progress: 0%
2026-7-7 17:08:06-debug: Num of bundles: 3..., progress: 0%
2026-7-7 17:08:06-debug: Query preload assets/scripts from cc.config.json: 60f7195c-ec2a-45eb-ba94-8955f60e81d0,1c02ae6f-4492-4915-b8f8-7492a3b1e4cd,810e96e4-e456-4468-9b59-f4e8f39732c0,efe8e2a3-eace-427b-b4f1-cb8a937ec77d,e9aa9a3e-5b2b-4ac7-a2c7-073de2b2b24f,8bbdbcdd-5cd4-4100-b6d5-b7c9625b6107,50f4348b-c883-4e2f-8f11-ce233b859fa1,fda095cb-831d-4601-ad94-846013963de8,f92806d7-1768-443f-afe8-12bcde84d0f0,dd3a144d-ab7f-41f0-82b8-2e43a090d496,f0416e68-0200-4b77-a926-4f9d16e494da,511d2633-09a7-4bdd-ac42-f778032124b3,5d45aa00-e064-4938-b314-4265f0c2258c,9361fd90-ba52-4f84-aa93-6e878fd576ca,970b0598-bcb0-4714-91fb-2e81440dccd8,bcd64cc6-2dd9-43f6-abbe-66318d332032,d930590d-bb92-4cc8-8bd1-23cd027f9edf,a3cd009f-0ab0-420d-9278-b9fdab939bbc,6a2d0734-bd9e-4ddf-946e-caa52498cb75,d1346436-ac96-4271-b863-1f4fdead95b0,971bdb23-3ff6-43eb-b422-1c30165a3663,17debcc3-0a6b-4b8a-b00b-dc58b885581e,711ebe11-f673-4cd9-9a83-63c60ba54c5b,c0143906-9aed-447e-9436-2ae8512d1b6e,14da1725-c4c2-42b4-ab08-ee0aeb6898b3,081cab31-dccd-428e-8652-f2404cc81c47,78e0584a-4343-4727-8f37-e14e65c2a2db,ba21476f-2866-4f81-9c4d-6e359316e448,871c3b6c-7379-419d-bda3-794b239ab90d,ff9b0199-ce04-4cfe-86cc-6c719f08d6e4,de1c2107-70c8-4021-8459-6399f24d01c6,cbf30902-517f-40dc-af90-a550bac27cf1,5c601d96-e4c7-4698-991b-7ee674b11079
2026-7-7 17:08:06-debug:   Number of all scenes: 5
2026-7-7 17:08:06-debug:   Number of all scripts: 109
2026-7-7 17:08:06-debug:   Number of other assets: 1158
2026-7-7 17:08:06-debug: Init bundle root assets success..., progress: 0%
2026-7-7 17:08:07-debug: // ---- build task 查询 Asset Bundle ---- (12ms)
2026-7-7 17:08:07-log: run build task 查询 Asset Bundle success in 12 ms√, progress: 5%
2026-7-7 17:08:07-debug: [Build Memory track]: 查询 Asset Bundle start:353.79MB, end 347.31MB, increase: -6638.64KB
2026-7-7 17:08:07-debug: 查询 Asset Bundle start, progress: 5%
2026-7-7 17:08:07-debug: // ---- build task 查询 Asset Bundle ----
2026-7-7 17:08:07-debug: // ---- build task 查询 Asset Bundle ---- (6ms)
2026-7-7 17:08:07-log: run build task 查询 Asset Bundle success in 6 ms√, progress: 10%
2026-7-7 17:08:07-debug: [Build Memory track]: 查询 Asset Bundle start:347.34MB, end 347.56MB, increase: 231.11KB
2026-7-7 17:08:07-debug: // ---- build task 整理部分构建选项内数据到 settings.json ----
2026-7-7 17:08:07-debug: 整理部分构建选项内数据到 settings.json start, progress: 10%
2026-7-7 17:08:07-debug: // ---- build task 整理部分构建选项内数据到 settings.json ---- (4ms)
2026-7-7 17:08:07-log: run build task 整理部分构建选项内数据到 settings.json success in 4 ms√, progress: 12%
2026-7-7 17:08:07-debug: [Build Memory track]: 整理部分构建选项内数据到 settings.json start:347.60MB, end 347.63MB, increase: 37.18KB
2026-7-7 17:08:07-debug: 填充脚本数据到 settings.json start, progress: 12%
2026-7-7 17:08:07-debug: // ---- build task 填充脚本数据到 settings.json ----
2026-7-7 17:08:07-debug: // ---- build task 填充脚本数据到 settings.json ---- (2ms)
2026-7-7 17:08:07-log: run build task 填充脚本数据到 settings.json success in 2 ms√, progress: 13%
2026-7-7 17:08:07-debug: [Build Memory track]: 填充脚本数据到 settings.json start:347.67MB, end 347.69MB, increase: 26.66KB
2026-7-7 17:08:07-debug: 整理部分构建选项内数据到 settings.json start, progress: 13%
2026-7-7 17:08:07-debug: // ---- build task 整理部分构建选项内数据到 settings.json ----
2026-7-7 17:08:07-debug: // ---- build task 整理部分构建选项内数据到 settings.json ---- (14ms)
2026-7-7 17:08:07-log: run build task 整理部分构建选项内数据到 settings.json success in 14 ms√, progress: 15%
2026-7-7 17:08:07-debug: [Build Memory track]: 整理部分构建选项内数据到 settings.json start:347.73MB, end 347.79MB, increase: 70.39KB
2026-7-7 17:08:07-debug: Query all assets info in project
2026-7-7 17:08:07-debug: init custom config: keepNodeUuid: false, useCache: true
2026-7-7 17:08:07-debug: Skip compress image, progress: 0%
2026-7-7 17:08:07-debug: Init all bundles start..., progress: 0%
2026-7-7 17:08:07-debug: Num of bundles: 3..., progress: 0%
2026-7-7 17:08:07-debug: // ---- build task 查询 Asset Bundle ----
2026-7-7 17:08:07-debug: 查询 Asset Bundle start, progress: 0%
2026-7-7 17:08:07-debug: Init bundle root assets start..., progress: 0%
2026-7-7 17:08:07-debug: Query preload assets/scripts from cc.config.json: 60f7195c-ec2a-45eb-ba94-8955f60e81d0,1c02ae6f-4492-4915-b8f8-7492a3b1e4cd,810e96e4-e456-4468-9b59-f4e8f39732c0,efe8e2a3-eace-427b-b4f1-cb8a937ec77d,e9aa9a3e-5b2b-4ac7-a2c7-073de2b2b24f,8bbdbcdd-5cd4-4100-b6d5-b7c9625b6107,50f4348b-c883-4e2f-8f11-ce233b859fa1,fda095cb-831d-4601-ad94-846013963de8,f92806d7-1768-443f-afe8-12bcde84d0f0,dd3a144d-ab7f-41f0-82b8-2e43a090d496,f0416e68-0200-4b77-a926-4f9d16e494da,511d2633-09a7-4bdd-ac42-f778032124b3,5d45aa00-e064-4938-b314-4265f0c2258c,9361fd90-ba52-4f84-aa93-6e878fd576ca,970b0598-bcb0-4714-91fb-2e81440dccd8,bcd64cc6-2dd9-43f6-abbe-66318d332032,d930590d-bb92-4cc8-8bd1-23cd027f9edf,a3cd009f-0ab0-420d-9278-b9fdab939bbc,6a2d0734-bd9e-4ddf-946e-caa52498cb75,d1346436-ac96-4271-b863-1f4fdead95b0,971bdb23-3ff6-43eb-b422-1c30165a3663,17debcc3-0a6b-4b8a-b00b-dc58b885581e,711ebe11-f673-4cd9-9a83-63c60ba54c5b,c0143906-9aed-447e-9436-2ae8512d1b6e,14da1725-c4c2-42b4-ab08-ee0aeb6898b3,081cab31-dccd-428e-8652-f2404cc81c47,78e0584a-4343-4727-8f37-e14e65c2a2db,ba21476f-2866-4f81-9c4d-6e359316e448,871c3b6c-7379-419d-bda3-794b239ab90d,ff9b0199-ce04-4cfe-86cc-6c719f08d6e4,de1c2107-70c8-4021-8459-6399f24d01c6,cbf30902-517f-40dc-af90-a550bac27cf1,5c601d96-e4c7-4698-991b-7ee674b11079
2026-7-7 17:08:07-debug:   Number of all scenes: 5
2026-7-7 17:08:07-debug:   Number of all scripts: 109
2026-7-7 17:08:07-debug: Init bundle root assets success..., progress: 0%
2026-7-7 17:08:07-debug:   Number of other assets: 1158
2026-7-7 17:08:07-debug: // ---- build task 查询 Asset Bundle ---- (20ms)
2026-7-7 17:08:07-log: run build task 查询 Asset Bundle success in 20 ms√, progress: 5%
2026-7-7 17:08:07-debug: [Build Memory track]: 查询 Asset Bundle start:348.45MB, end 350.00MB, increase: 1.55MB
2026-7-7 17:08:07-debug: // ---- build task 查询 Asset Bundle ----
2026-7-7 17:08:07-debug: 查询 Asset Bundle start, progress: 5%
2026-7-7 17:08:07-debug: // ---- build task 查询 Asset Bundle ---- (8ms)
2026-7-7 17:08:07-log: run build task 查询 Asset Bundle success in 8 ms√, progress: 10%
2026-7-7 17:08:07-debug: 整理部分构建选项内数据到 settings.json start, progress: 10%
2026-7-7 17:08:07-debug: // ---- build task 整理部分构建选项内数据到 settings.json ----
2026-7-7 17:08:07-debug: // ---- build task 整理部分构建选项内数据到 settings.json ---- (3ms)
2026-7-7 17:08:07-log: run build task 整理部分构建选项内数据到 settings.json success in 3 ms√, progress: 12%
2026-7-7 17:08:07-debug: [Build Memory track]: 整理部分构建选项内数据到 settings.json start:350.29MB, end 350.32MB, increase: 26.86KB
2026-7-7 17:08:07-debug: 填充脚本数据到 settings.json start, progress: 12%
2026-7-7 17:08:07-debug: // ---- build task 填充脚本数据到 settings.json ----
2026-7-7 17:08:07-debug: // ---- build task 填充脚本数据到 settings.json ---- (5ms)
2026-7-7 17:08:07-log: run build task 填充脚本数据到 settings.json success in 5 ms√, progress: 13%
2026-7-7 17:08:07-debug: [Build Memory track]: 填充脚本数据到 settings.json start:350.35MB, end 350.38MB, increase: 28.51KB
2026-7-7 17:08:07-debug: [Build Memory track]: 查询 Asset Bundle start:350.03MB, end 350.26MB, increase: 229.86KB
2026-7-7 17:08:07-debug: 整理部分构建选项内数据到 settings.json start, progress: 13%
2026-7-7 17:08:07-debug: // ---- build task 整理部分构建选项内数据到 settings.json ----
2026-7-7 17:08:07-debug: // ---- build task 整理部分构建选项内数据到 settings.json ---- (9ms)
2026-7-7 17:08:07-log: run build task 整理部分构建选项内数据到 settings.json success in 9 ms√, progress: 15%
2026-7-7 17:08:07-debug: [Build Memory track]: 整理部分构建选项内数据到 settings.json start:350.41MB, end 350.47MB, increase: 64.66KB
2026-7-7 17:08:12-debug: %cImport%c: D:\工程项目\PlayableAD\Cocos\TheW\20260615_HYQ\HYQ_Project\assets\GameRes\SLLYT_map\pre\haimian.prefabbackground: #aaff85; color: #000;color: #000;
2026-7-7 17:08:12-debug: asset-db:reimport-assetc4a0e76d-17ef-4f23-9fe9-4b25c572034f (18ms)
2026-7-7 17:08:13-debug: %cImport%c: D:\工程项目\PlayableAD\Cocos\TheW\20260615_HYQ\HYQ_Project\assets\GameRes\SLLYT_map\pre\haimian.prefabbackground: #aaff85; color: #000;color: #000;
2026-7-7 17:08:13-debug: asset-db:reimport-assetc4a0e76d-17ef-4f23-9fe9-4b25c572034f (22ms)
2026-7-7 17:08:15-debug: %cImport%c: D:\工程项目\PlayableAD\Cocos\TheW\20260615_HYQ\HYQ_Project\assets\Scene\Game_3D-002.scenebackground: #aaff85; color: #000;color: #000;
2026-7-7 17:08:15-debug: asset-db:reimport-assetb5805d3a-3b80-4a12-adf5-588e63a7d886 (35ms)
2026-7-7 17:08:16-debug: Query all assets info in project
2026-7-7 17:08:16-debug: init custom config: keepNodeUuid: false, useCache: true
2026-7-7 17:08:16-debug: Skip compress image, progress: 0%
2026-7-7 17:08:16-debug: Init all bundles start..., progress: 0%
2026-7-7 17:08:16-debug: Num of bundles: 3..., progress: 0%
2026-7-7 17:08:16-debug: 查询 Asset Bundle start, progress: 0%
2026-7-7 17:08:16-debug: // ---- build task 查询 Asset Bundle ----
2026-7-7 17:08:16-debug: Init bundle root assets start..., progress: 0%
2026-7-7 17:08:16-debug: Query preload assets/scripts from cc.config.json: 60f7195c-ec2a-45eb-ba94-8955f60e81d0,1c02ae6f-4492-4915-b8f8-7492a3b1e4cd,810e96e4-e456-4468-9b59-f4e8f39732c0,efe8e2a3-eace-427b-b4f1-cb8a937ec77d,e9aa9a3e-5b2b-4ac7-a2c7-073de2b2b24f,8bbdbcdd-5cd4-4100-b6d5-b7c9625b6107,50f4348b-c883-4e2f-8f11-ce233b859fa1,fda095cb-831d-4601-ad94-846013963de8,f92806d7-1768-443f-afe8-12bcde84d0f0,dd3a144d-ab7f-41f0-82b8-2e43a090d496,f0416e68-0200-4b77-a926-4f9d16e494da,511d2633-09a7-4bdd-ac42-f778032124b3,5d45aa00-e064-4938-b314-4265f0c2258c,9361fd90-ba52-4f84-aa93-6e878fd576ca,970b0598-bcb0-4714-91fb-2e81440dccd8,bcd64cc6-2dd9-43f6-abbe-66318d332032,d930590d-bb92-4cc8-8bd1-23cd027f9edf,a3cd009f-0ab0-420d-9278-b9fdab939bbc,6a2d0734-bd9e-4ddf-946e-caa52498cb75,d1346436-ac96-4271-b863-1f4fdead95b0,971bdb23-3ff6-43eb-b422-1c30165a3663,17debcc3-0a6b-4b8a-b00b-dc58b885581e,711ebe11-f673-4cd9-9a83-63c60ba54c5b,c0143906-9aed-447e-9436-2ae8512d1b6e,14da1725-c4c2-42b4-ab08-ee0aeb6898b3,081cab31-dccd-428e-8652-f2404cc81c47,78e0584a-4343-4727-8f37-e14e65c2a2db,ba21476f-2866-4f81-9c4d-6e359316e448,871c3b6c-7379-419d-bda3-794b239ab90d,ff9b0199-ce04-4cfe-86cc-6c719f08d6e4,de1c2107-70c8-4021-8459-6399f24d01c6,cbf30902-517f-40dc-af90-a550bac27cf1,5c601d96-e4c7-4698-991b-7ee674b11079
2026-7-7 17:08:16-debug:   Number of other assets: 1158
2026-7-7 17:08:16-debug: Init bundle root assets success..., progress: 0%
2026-7-7 17:08:16-debug:   Number of all scenes: 5
2026-7-7 17:08:16-log: run build task 查询 Asset Bundle success in 16 ms√, progress: 5%
2026-7-7 17:08:16-debug: [Build Memory track]: 查询 Asset Bundle start:287.78MB, end 285.36MB, increase: -2478.54KB
2026-7-7 17:08:16-debug: // ---- build task 查询 Asset Bundle ---- (16ms)
2026-7-7 17:08:16-debug: 查询 Asset Bundle start, progress: 5%
2026-7-7 17:08:16-debug: // ---- build task 查询 Asset Bundle ----
2026-7-7 17:08:16-debug:   Number of all scripts: 109
2026-7-7 17:08:16-debug: // ---- build task 查询 Asset Bundle ---- (5ms)
2026-7-7 17:08:16-log: run build task 查询 Asset Bundle success in 5 ms√, progress: 10%
2026-7-7 17:08:16-debug: 整理部分构建选项内数据到 settings.json start, progress: 10%
2026-7-7 17:08:16-debug: [Build Memory track]: 查询 Asset Bundle start:285.39MB, end 285.63MB, increase: 245.03KB
2026-7-7 17:08:16-debug: // ---- build task 整理部分构建选项内数据到 settings.json ----
2026-7-7 17:08:16-debug: // ---- build task 整理部分构建选项内数据到 settings.json ---- (2ms)
2026-7-7 17:08:16-log: run build task 整理部分构建选项内数据到 settings.json success in 2 ms√, progress: 12%
2026-7-7 17:08:16-debug: [Build Memory track]: 整理部分构建选项内数据到 settings.json start:285.66MB, end 285.69MB, increase: 28.80KB
2026-7-7 17:08:16-debug: 填充脚本数据到 settings.json start, progress: 12%
2026-7-7 17:08:16-debug: // ---- build task 填充脚本数据到 settings.json ----
2026-7-7 17:08:16-debug: // ---- build task 填充脚本数据到 settings.json ---- (1ms)
2026-7-7 17:08:16-log: run build task 填充脚本数据到 settings.json success in 1 ms√, progress: 13%
2026-7-7 17:08:16-debug: [Build Memory track]: 填充脚本数据到 settings.json start:285.73MB, end 285.75MB, increase: 27.94KB
2026-7-7 17:08:16-debug: 整理部分构建选项内数据到 settings.json start, progress: 13%
2026-7-7 17:08:16-debug: // ---- build task 整理部分构建选项内数据到 settings.json ----
2026-7-7 17:08:16-debug: // ---- build task 整理部分构建选项内数据到 settings.json ---- (15ms)
2026-7-7 17:08:16-log: run build task 整理部分构建选项内数据到 settings.json success in 15 ms√, progress: 15%
2026-7-7 17:08:16-debug: [Build Memory track]: 整理部分构建选项内数据到 settings.json start:285.79MB, end 285.87MB, increase: 81.97KB
2026-7-7 17:08:16-debug: Query all assets info in project
2026-7-7 17:08:16-debug: Skip compress image, progress: 0%
2026-7-7 17:08:16-debug: init custom config: keepNodeUuid: false, useCache: true
2026-7-7 17:08:16-debug: Init all bundles start..., progress: 0%
2026-7-7 17:08:16-debug: Num of bundles: 3..., progress: 0%
2026-7-7 17:08:16-debug: 查询 Asset Bundle start, progress: 0%
2026-7-7 17:08:16-debug: // ---- build task 查询 Asset Bundle ----
2026-7-7 17:08:16-debug: Init bundle root assets start..., progress: 0%
2026-7-7 17:08:16-debug: Query preload assets/scripts from cc.config.json: 60f7195c-ec2a-45eb-ba94-8955f60e81d0,1c02ae6f-4492-4915-b8f8-7492a3b1e4cd,810e96e4-e456-4468-9b59-f4e8f39732c0,efe8e2a3-eace-427b-b4f1-cb8a937ec77d,e9aa9a3e-5b2b-4ac7-a2c7-073de2b2b24f,8bbdbcdd-5cd4-4100-b6d5-b7c9625b6107,50f4348b-c883-4e2f-8f11-ce233b859fa1,fda095cb-831d-4601-ad94-846013963de8,f92806d7-1768-443f-afe8-12bcde84d0f0,dd3a144d-ab7f-41f0-82b8-2e43a090d496,f0416e68-0200-4b77-a926-4f9d16e494da,511d2633-09a7-4bdd-ac42-f778032124b3,5d45aa00-e064-4938-b314-4265f0c2258c,9361fd90-ba52-4f84-aa93-6e878fd576ca,970b0598-bcb0-4714-91fb-2e81440dccd8,bcd64cc6-2dd9-43f6-abbe-66318d332032,d930590d-bb92-4cc8-8bd1-23cd027f9edf,a3cd009f-0ab0-420d-9278-b9fdab939bbc,6a2d0734-bd9e-4ddf-946e-caa52498cb75,d1346436-ac96-4271-b863-1f4fdead95b0,971bdb23-3ff6-43eb-b422-1c30165a3663,17debcc3-0a6b-4b8a-b00b-dc58b885581e,711ebe11-f673-4cd9-9a83-63c60ba54c5b,c0143906-9aed-447e-9436-2ae8512d1b6e,14da1725-c4c2-42b4-ab08-ee0aeb6898b3,081cab31-dccd-428e-8652-f2404cc81c47,78e0584a-4343-4727-8f37-e14e65c2a2db,ba21476f-2866-4f81-9c4d-6e359316e448,871c3b6c-7379-419d-bda3-794b239ab90d,ff9b0199-ce04-4cfe-86cc-6c719f08d6e4,de1c2107-70c8-4021-8459-6399f24d01c6,cbf30902-517f-40dc-af90-a550bac27cf1,5c601d96-e4c7-4698-991b-7ee674b11079
2026-7-7 17:08:16-debug:   Number of all scenes: 5
2026-7-7 17:08:16-debug:   Number of other assets: 1158
2026-7-7 17:08:16-debug: Init bundle root assets success..., progress: 0%
2026-7-7 17:08:16-debug:   Number of all scripts: 109
2026-7-7 17:08:16-debug: // ---- build task 查询 Asset Bundle ---- (15ms)
2026-7-7 17:08:16-log: run build task 查询 Asset Bundle success in 15 ms√, progress: 5%
2026-7-7 17:08:16-debug: [Build Memory track]: 查询 Asset Bundle start:286.54MB, end 288.12MB, increase: 1.58MB
2026-7-7 17:08:16-debug: // ---- build task 查询 Asset Bundle ----
2026-7-7 17:08:16-debug: 查询 Asset Bundle start, progress: 5%
2026-7-7 17:08:16-debug: // ---- build task 查询 Asset Bundle ---- (5ms)
2026-7-7 17:08:16-log: run build task 查询 Asset Bundle success in 5 ms√, progress: 10%
2026-7-7 17:08:16-debug: [Build Memory track]: 查询 Asset Bundle start:288.15MB, end 288.38MB, increase: 239.01KB
2026-7-7 17:08:16-debug: 整理部分构建选项内数据到 settings.json start, progress: 10%
2026-7-7 17:08:16-debug: // ---- build task 整理部分构建选项内数据到 settings.json ----
2026-7-7 17:08:16-debug: // ---- build task 整理部分构建选项内数据到 settings.json ---- (3ms)
2026-7-7 17:08:16-log: run build task 整理部分构建选项内数据到 settings.json success in 3 ms√, progress: 12%
2026-7-7 17:08:16-debug: [Build Memory track]: 整理部分构建选项内数据到 settings.json start:288.42MB, end 288.45MB, increase: 29.60KB
2026-7-7 17:08:16-debug: 填充脚本数据到 settings.json start, progress: 12%
2026-7-7 17:08:16-debug: // ---- build task 填充脚本数据到 settings.json ----
2026-7-7 17:08:16-debug: // ---- build task 填充脚本数据到 settings.json ---- (3ms)
2026-7-7 17:08:16-debug: 整理部分构建选项内数据到 settings.json start, progress: 13%
2026-7-7 17:08:16-debug: // ---- build task 整理部分构建选项内数据到 settings.json ----
2026-7-7 17:08:16-debug: [Build Memory track]: 填充脚本数据到 settings.json start:288.48MB, end 285.56MB, increase: -2989.24KB
2026-7-7 17:08:16-log: run build task 填充脚本数据到 settings.json success in 3 ms√, progress: 13%
2026-7-7 17:08:16-debug: // ---- build task 整理部分构建选项内数据到 settings.json ---- (6ms)
2026-7-7 17:08:16-log: run build task 整理部分构建选项内数据到 settings.json success in 6 ms√, progress: 15%
2026-7-7 17:08:16-debug: [Build Memory track]: 整理部分构建选项内数据到 settings.json start:285.60MB, end 285.66MB, increase: 65.61KB
2026-7-7 17:08:16-debug: refresh db internal success
2026-7-7 17:08:17-debug: refresh db assets success
2026-7-7 17:08:17-debug: refresh db super-packager success
2026-7-7 17:08:17-debug: Run asset db hook engine-extends:afterRefresh ...
2026-7-7 17:08:17-debug: Run asset db hook engine-extends:afterRefresh success!
2026-7-7 17:08:17-debug: asset-db:refresh-all-database (294ms)
2026-7-7 17:08:17-debug: asset-db:worker-effect-data-processing (3ms)
2026-7-7 17:08:17-debug: asset-db-hook-engine-extends-afterRefresh (3ms)
2026-7-7 17:08:18-debug: Start record console... {file(D:\工程项目\PlayableAD\Cocos\TheW\20260615_HYQ\HYQ_Project\temp\builder\log\web-mobile2026-6-30 10-27.log)}
2026-7-7 17:08:18-debug: =================================== build Task (web-mobile) Start ================================
2026-7-7 17:08:18-debug: Start build task, options:{"name":"HYQ","server":"","engineModulesConfigKey":"defaultConfig","platform":"web-mobile","buildPath":"project://build","debug":false,"buildMode":"normal","mangleProperties":false,"md5Cache":false,"skipCompressTexture":false,"sourceMaps":false,"overwriteProjectSettings":{"includeModules":{"gfx-webgl2":"on","physics":"inherit-project-setting","physics-2d":"inherit-project-setting"},"macroConfig":{"cleanupImageCache":"inherit-project-setting"}},"nativeCodeBundleMode":"asmjs","polyfills":{"asyncFunctions":true},"experimentalEraseModules":false,"startSceneAssetBundle":false,"bundleConfigs":[],"inlineEnum":true,"useBuiltinServer":false,"md5CacheOptions":{"excludes":[],"includes":[],"replaceOnly":[],"handleTemplateMd5Link":true},"mainBundleIsRemote":false,"mainBundleCompressionType":"merge_dep","useSplashScreen":true,"bundleCommonChunk":false,"packAutoAtlas":true,"startScene":"b5805d3a-3b80-4a12-adf5-588e63a7d886","outputName":"web-mobile","taskName":"web-mobile","scenes":[{"url":"db://assets/Scene/Game_3D-002.scene","uuid":"b5805d3a-3b80-4a12-adf5-588e63a7d886"}],"wasmCompressionMode":false,"binGroupConfig":{"threshold":16,"enable":false},"packages":{"adsense-h5g-plugin":{"enableAdsense":false,"enableTestAd":false,"__version__":"1.0.1","AFPHostPropertyCode":"ca-host-pub-5396158963872751","AFPHostDomain":"douyougame.com","otherAFPHostPropertyCode":"","otherAFPDomain":""},"web-mobile":{"useWebGPU":false,"orientation":"auto","embedWebDebugger":false,"__version__":"1.0.1"},"cocos-service":{"configID":"56841a","services":[],"__version__":"3.0.9"},"super-packager":{"googlePlayUrl":"","appStoreUrl":"","__version__":"2.7.0"}},"__version__":"1.3.9","logDest":"project://temp/builder/log/web-mobile2026-6-30 10-27.log"}
2026-7-7 17:08:18-debug: Build with Cocos Creator 3.8.7
2026-7-7 17:08:18-debug: cocos-service:(onBeforeBuild) start..., progress: 0%
2026-7-7 17:08:18-debug: // ---- build task cocos-service：onBeforeBuild ----
2026-7-7 17:08:18-debug: // ---- build task cocos-service：onBeforeBuild ---- (95ms)
2026-7-7 17:08:18-debug: cocos-service:(onBeforeBuild) in 95 ms ✓, progress: 2%
2026-7-7 17:08:18-debug: scene:(onBeforeBuild) start..., progress: 2%
2026-7-7 17:08:18-debug: // ---- build task scene：onBeforeBuild ----
2026-7-7 17:08:18-debug: // ---- build task scene：onBeforeBuild ---- (43ms)
2026-7-7 17:08:18-debug: super-packager:(onBeforeBuild) start..., progress: 4%
2026-7-7 17:08:18-debug: // ---- build task super-packager：onBeforeBuild ----
2026-7-7 17:08:18-log: [SUPER_PACKAGE]onBeforeBuild
2026-7-7 17:08:18-log: [SUPER_PACKAGE]商店链接配置:{"googlePlayUrl":"","appStoreUrl":""}
2026-7-7 17:08:18-debug: scene:(onBeforeBuild) in 43 ms ✓, progress: 4%
2026-7-7 17:08:18-log: [SUPER_PACKAGE]商店链接已同步到文件
2026-7-7 17:08:18-log: Asset DB is paused with build!
2026-7-7 17:08:18-debug: Query all assets info in project
2026-7-7 17:08:18-debug: // ---- build task super-packager：onBeforeBuild ---- (56ms)
2026-7-7 17:08:18-debug: super-packager:(onBeforeBuild) in 56 ms ✓, progress: 5%
2026-7-7 17:08:18-debug: Start lock asset db..., progress: 5%
2026-7-7 17:08:18-debug: init custom config: keepNodeUuid: false, useCache: true
2026-7-7 17:08:18-debug: // ---- build task web-mobile：onAfterInit ----
2026-7-7 17:08:18-debug: web-mobile:(onAfterInit) start..., progress: 5%
2026-7-7 17:08:18-debug: // ---- build task web-mobile：onAfterInit ---- (15ms)
2026-7-7 17:08:18-debug: web-mobile:(onAfterInit) in 15 ms ✓, progress: 7%
2026-7-7 17:08:18-debug: cocos-service:(onAfterInit) start..., progress: 7%
2026-7-7 17:08:18-debug: // ---- build task cocos-service：onAfterInit ----
2026-7-7 17:08:18-debug: // ---- build task cocos-service：onAfterInit ---- (128ms)
2026-7-7 17:08:18-debug: adsense-h5g-plugin:(onBeforeBundleInit) start..., progress: 9%
2026-7-7 17:08:18-debug: cocos-service:(onAfterInit) in 128 ms ✓, progress: 9%
2026-7-7 17:08:18-debug: // ---- build task adsense-h5g-plugin：onBeforeBundleInit ----
2026-7-7 17:08:18-debug: Skip compress image, progress: 0%
2026-7-7 17:08:18-debug: adsense-h5g-plugin:(onBeforeBundleInit) start..., progress: 0%
2026-7-7 17:08:18-debug: [adsense-h5g-plugin] remove script success
2026-7-7 17:08:18-debug: // ---- build task adsense-h5g-plugin：onBeforeBundleInit ---- (47ms)
2026-7-7 17:08:18-debug: adsense-h5g-plugin:(onBeforeBundleInit) in 47 ms ✓, progress: 7%
2026-7-7 17:08:18-debug: adsense-h5g-plugin:(onBeforeBundleInit) in 47 ms ✓, progress: 9%
2026-7-7 17:08:18-debug: Init all bundles start..., progress: 7%
2026-7-7 17:08:18-debug: Num of bundles: 3..., progress: 9%
2026-7-7 17:08:18-debug: Num of bundles: 3..., progress: 7%
2026-7-7 17:08:18-debug: web-mobile:(onAfterBundleInit) start..., progress: 9%
2026-7-7 17:08:18-debug: web-mobile:(onAfterBundleInit) start..., progress: 7%
2026-7-7 17:08:18-debug: // ---- build task web-mobile：onAfterBundleInit ----
2026-7-7 17:08:18-debug: Init all bundles start..., progress: 9%
2026-7-7 17:08:18-debug: // ---- build task web-mobile：onAfterBundleInit ---- (64ms)
2026-7-7 17:08:18-debug: web-mobile:(onAfterBundleInit) in 64 ms ✓, progress: 9%
2026-7-7 17:08:18-debug: web-mobile:(onAfterBundleInit) in 64 ms ✓, progress: 13%
2026-7-7 17:08:18-debug: 查询 Asset Bundle start, progress: 9%
2026-7-7 17:08:18-debug: // ---- build task 查询 Asset Bundle ----
2026-7-7 17:08:18-debug: Init bundle root assets start..., progress: 9%
2026-7-7 17:08:18-debug: Init bundle root assets start..., progress: 13%
2026-7-7 17:08:19-debug: Query preload assets/scripts from cc.config.json: 60f7195c-ec2a-45eb-ba94-8955f60e81d0,1c02ae6f-4492-4915-b8f8-7492a3b1e4cd,810e96e4-e456-4468-9b59-f4e8f39732c0,efe8e2a3-eace-427b-b4f1-cb8a937ec77d,e9aa9a3e-5b2b-4ac7-a2c7-073de2b2b24f,8bbdbcdd-5cd4-4100-b6d5-b7c9625b6107,50f4348b-c883-4e2f-8f11-ce233b859fa1,fda095cb-831d-4601-ad94-846013963de8,f92806d7-1768-443f-afe8-12bcde84d0f0,dd3a144d-ab7f-41f0-82b8-2e43a090d496,f0416e68-0200-4b77-a926-4f9d16e494da,511d2633-09a7-4bdd-ac42-f778032124b3,5d45aa00-e064-4938-b314-4265f0c2258c,9361fd90-ba52-4f84-aa93-6e878fd576ca,970b0598-bcb0-4714-91fb-2e81440dccd8,bcd64cc6-2dd9-43f6-abbe-66318d332032,d930590d-bb92-4cc8-8bd1-23cd027f9edf,a3cd009f-0ab0-420d-9278-b9fdab939bbc,6a2d0734-bd9e-4ddf-946e-caa52498cb75,d1346436-ac96-4271-b863-1f4fdead95b0,971bdb23-3ff6-43eb-b422-1c30165a3663,17debcc3-0a6b-4b8a-b00b-dc58b885581e,711ebe11-f673-4cd9-9a83-63c60ba54c5b,c0143906-9aed-447e-9436-2ae8512d1b6e,14da1725-c4c2-42b4-ab08-ee0aeb6898b3,081cab31-dccd-428e-8652-f2404cc81c47,78e0584a-4343-4727-8f37-e14e65c2a2db,ba21476f-2866-4f81-9c4d-6e359316e448,871c3b6c-7379-419d-bda3-794b239ab90d,ff9b0199-ce04-4cfe-86cc-6c719f08d6e4,de1c2107-70c8-4021-8459-6399f24d01c6,cbf30902-517f-40dc-af90-a550bac27cf1,5c601d96-e4c7-4698-991b-7ee674b11079
2026-7-7 17:08:19-debug:   Number of all scenes: 5
2026-7-7 17:08:19-debug:   Number of all scripts: 109
2026-7-7 17:08:19-debug:   Number of other assets: 1158
2026-7-7 17:08:19-debug: Init bundle root assets success..., progress: 9%
2026-7-7 17:08:19-debug: Init bundle root assets success..., progress: 13%
2026-7-7 17:08:19-debug: reload all scripts.
2026-7-7 17:08:19-debug: [[Executor]] reload before lock
2026-7-7 17:08:19-debug: Set detail map pack:///resolution-detail-map.json: {}
2026-7-7 17:08:19-debug: Unregister BuiltinPipelineSettings
2026-7-7 17:08:19-debug: Unregister BuiltinPipelinePassBuilder
2026-7-7 17:08:19-debug: Unregister Lightning
2026-7-7 17:08:19-debug: Unregister BuiltinDepthOfFieldPass
2026-7-7 17:08:19-debug: Unregister CameraMove
2026-7-7 17:08:19-debug: Unregister DebugViewRuntimeControl
2026-7-7 17:08:19-debug: Unregister RotationDrive
2026-7-7 17:08:19-debug: Unregister UnityUpComponent
2026-7-7 17:08:19-debug: Unregister RotationVector
2026-7-7 17:08:19-debug: Unregister MoveDrive
2026-7-7 17:08:19-debug: Unregister PrefabsRes
2026-7-7 17:08:19-debug: Unregister PrefabsManager
2026-7-7 17:08:19-debug: Unregister DownLoadL8
2026-7-7 17:08:19-debug: Unregister LayerManager
2026-7-7 17:08:19-debug: Unregister L18nManager
2026-7-7 17:08:19-debug: Unregister LangArrAuto
2026-7-7 17:08:19-debug: Unregister DownLoadL8
2026-7-7 17:08:19-debug: Unregister ResurrectionL8
2026-7-7 17:08:19-debug: Unregister JumpDriveEngine
2026-7-7 17:08:19-debug: Unregister Prop
2026-7-7 17:08:19-debug: Unregister BagBase
2026-7-7 17:08:19-debug: Unregister FlayPropManager
2026-7-7 17:08:19-debug: Unregister GroupBag3D
2026-7-7 17:08:19-debug: Unregister GroupPropTransform
2026-7-7 17:08:19-debug: Unregister LabBagUp
2026-7-7 17:08:19-debug: Unregister CollectGetTarget
2026-7-7 17:08:19-debug: Unregister AreaAttack
2026-7-7 17:08:19-debug: Unregister AttackTargetBase
2026-7-7 17:08:19-debug: Unregister LangAuto
2026-7-7 17:08:19-debug: Unregister MeshFlashPropData
2026-7-7 17:08:19-debug: Unregister MeshFlashSwitchData
2026-7-7 17:08:19-debug: Unregister HpComponent
2026-7-7 17:08:19-debug: Unregister MeshFlashData
2026-7-7 17:08:19-debug: Unregister BattleTargetBase
2026-7-7 17:08:19-debug: Unregister MeleeAttack
2026-7-7 17:08:19-debug: Unregister EffectTimePartRemove
2026-7-7 17:08:19-debug: Unregister EffectRemoveBase
2026-7-7 17:08:19-debug: Unregister BulletMonsterCollisionManager
2026-7-7 17:08:19-debug: Unregister EffectManager
2026-7-7 17:08:19-debug: Unregister BulletBattle3D
2026-7-7 17:08:19-debug: Unregister ColliderTag
2026-7-7 17:08:19-debug: Unregister BulletCollideBase2D
2026-7-7 17:08:19-debug: Unregister RangedAttack
2026-7-7 17:08:19-debug: Unregister BulletBattle2D
2026-7-7 17:08:19-debug: Unregister BattleTarget3D
2026-7-7 17:08:19-debug: Unregister CollectBattleTarger2D
2026-7-7 17:08:19-debug: Unregister BattleTarget2D
2026-7-7 17:08:19-debug: Unregister BulletBatchRenderer
2026-7-7 17:08:19-debug: Unregister AttackParkPlay
2026-7-7 17:08:19-debug: Unregister RangeTowerAttack
2026-7-7 17:08:19-debug: Unregister RangedAttack_Circle
2026-7-7 17:08:19-debug: Unregister RangedAttack_Shrapnel
2026-7-7 17:08:19-debug: Unregister TriggerBase2D
2026-7-7 17:08:19-debug: Unregister CollectBattleTarger3D
2026-7-7 17:08:19-debug: Unregister EffectTimeRemove
2026-7-7 17:08:19-debug: Unregister GuideLine
2026-7-7 17:08:19-debug: Unregister FbxManager
2026-7-7 17:08:19-debug: Unregister Role
2026-7-7 17:08:19-debug: Unregister GameOverPanel
2026-7-7 17:08:19-debug: Unregister WeaponBulletConfig
2026-7-7 17:08:19-debug: Unregister Player
2026-7-7 17:08:19-debug: Unregister BulletCollideBase3D
2026-7-7 17:08:19-debug: Unregister MonsterBattleTaerget
2026-7-7 17:08:19-debug: Unregister ArmsInfo
2026-7-7 17:08:19-debug: Unregister PropArms
2026-7-7 17:08:19-debug: Unregister PropBrand
2026-7-7 17:08:19-debug: Unregister TriggerBase3D
2026-7-7 17:08:19-debug: Unregister PropLalianGate
2026-7-7 17:08:19-debug: Unregister LalianHitStageConfig
2026-7-7 17:08:19-debug: Unregister CreatePropBrand
2026-7-7 17:08:19-debug: Unregister MonsterCreateInfo
2026-7-7 17:08:19-debug: Unregister MonsterCreateQueue
2026-7-7 17:08:19-debug: Unregister MonsterCreate
2026-7-7 17:08:19-debug: Unregister ArmsUp
2026-7-7 17:08:19-debug: Unregister PropTireGate
2026-7-7 17:08:19-debug: Unregister RockerMouseEvent
2026-7-7 17:08:19-debug: Unregister GuideManager
2026-7-7 17:08:19-debug: Unregister ShoppIngEvent
2026-7-7 17:08:19-debug: Unregister BuyWayBase
2026-7-7 17:08:19-debug: Unregister RockerUI
2026-7-7 17:08:19-debug: Unregister BuyWay2D
2026-7-7 17:08:19-debug: Unregister ShoppingItem
2026-7-7 17:08:19-debug: Unregister BuyWay3D
2026-7-7 17:08:19-debug: Unregister FrameAnimManager
2026-7-7 17:08:19-debug: Unregister UIButtonEvent
2026-7-7 17:08:19-debug: Unregister Shopping
2026-7-7 17:08:19-debug: Unregister Shopping_Super
2026-7-7 17:08:19-debug: Invalidating 'pack:///chunks/93/93ba276ea7b26ffcdc433fab14afc1ed6f05647b.js'
2026-7-7 17:08:19-debug: Invalidating 'pack:///chunks/6d/6d8fd2b0177941b032ddc0733af48a561fb60657.js'
2026-7-7 17:08:19-debug: Invalidating 'pack:///chunks/6a/6a5019a719a9014c047e67aa1cf34453ab8392ce.js'
2026-7-7 17:08:19-debug: Invalidating 'pack:///chunks/f2/f22794b1c95bc92b6e994a97e9b193af020adc12.js'
2026-7-7 17:08:19-debug: Invalidating 'pack:///chunks/d9/d980f46bad1521f99cf9b02f6f4709610973859b.js'
2026-7-7 17:08:19-debug: Invalidating 'pack:///chunks/c9/c9d891290a54ec567f150962e76c6bf9cdf47b3b.js'
2026-7-7 17:08:19-debug: Invalidating 'pack:///chunks/04/04f62969dc20e2c08fceeca28e5f160f93c57d48.js'
2026-7-7 17:08:19-debug: Invalidating 'pack:///chunks/e0/e099fc7c0597d98bad93ecd30952e1955267ade1.js'
2026-7-7 17:08:19-debug: Unregister StutterCheck
2026-7-7 17:08:19-debug: Invalidating 'pack:///chunks/e2/e2118395860d446afdd7349c12bbbbd5ff0a8915.js'
2026-7-7 17:08:19-debug: Invalidating 'pack:///chunks/14/14cec8e3738599ab9965ee6a2127491eba1361af.js'
2026-7-7 17:08:19-debug: Invalidating 'pack:///chunks/84/84fdd98491917343dab9e13fe8b5a70bd6a363c2.js'
2026-7-7 17:08:19-debug: Invalidating 'pack:///chunks/4d/4d6662648c8c361d9de350d72c1ab0a8e7508014.js'
2026-7-7 17:08:19-debug: Invalidating 'pack:///chunks/3f/3fc33806253ded99e50ac9220c73832ef2904ca7.js'
2026-7-7 17:08:19-debug: Invalidating 'pack:///chunks/56/5601ae9cf318e5c14df7d30ca1cafe71734c982a.js'
2026-7-7 17:08:19-debug: Invalidating 'pack:///chunks/90/901a8f42214a0198b9aca11ce347c093cca5e26c.js'
2026-7-7 17:08:19-debug: Invalidating 'pack:///chunks/8a/8ae7d51cc818f718270f9e2ad9b78b6df4ffa62c.js'
2026-7-7 17:08:19-debug: Invalidating 'pack:///chunks/31/31cebe8e0355019a96c8dc216aed673e195b2a53.js'
2026-7-7 17:08:19-debug: Invalidating 'pack:///chunks/84/8436bf0d6f6a392b090fff8471ad48b32970414b.js'
2026-7-7 17:08:19-debug: Unregister FrameManager
2026-7-7 17:08:19-debug: Invalidating 'pack:///chunks/a1/a1d124b8795c6e55160d2ce5ecbd41437847152f.js'
2026-7-7 17:08:19-debug: Invalidating 'pack:///chunks/79/798785a3f67288cbb075d5efa15a2c266208a881.js'
2026-7-7 17:08:19-debug: Invalidating 'pack:///chunks/8b/8b1077471006cad018e02beccd0bed5dcc54c671.js'
2026-7-7 17:08:19-debug: Invalidating 'pack:///chunks/eb/eb316915c4446a477164305c14374917acb92a23.js'
2026-7-7 17:08:19-debug: Invalidating 'pack:///chunks/e9/e950dd2519065be1280daf69ce7f6b07e4d0caaa.js'
2026-7-7 17:08:19-debug: Invalidating 'pack:///chunks/f2/f20c45b49501fbe07d44e99d95c2c506a06a0ecd.js'
2026-7-7 17:08:19-debug: Invalidating 'pack:///chunks/ed/edbdde40fab9baf06e704beb85e64d72f20aefb8.js'
2026-7-7 17:08:19-debug: Invalidating 'pack:///chunks/f0/f04c2dd9d3cc608a6f46e13bb5d3c46aa5633baf.js'
2026-7-7 17:08:19-debug: Invalidating 'pack:///chunks/f8/f8baeccf8cf047db05161c9b9e8b6b4ff9eefe2f.js'
2026-7-7 17:08:19-debug: Invalidating 'pack:///chunks/63/633ac4308370832c1c78b9f28702617696f6e9fb.js'
2026-7-7 17:08:19-debug: Invalidating 'pack:///chunks/40/407fe08f85a1575a06beb3692d40cf36d9684f58.js'
2026-7-7 17:08:19-debug: Invalidating 'pack:///chunks/f5/f570589f727cbf96139a6869e201d7a87544da71.js'
2026-7-7 17:08:19-debug: Invalidating 'pack:///chunks/0f/0fd75e1d9556ba520ee98c89195f9d0594110ad2.js'
2026-7-7 17:08:19-debug: Invalidating 'pack:///chunks/5f/5fdfd08a9c16dc742e66ef16a5a8e13f5f831a3e.js'
2026-7-7 17:08:19-debug: Invalidating 'pack:///chunks/84/84bbaa7f2e1a0639f57f755b935e1acb7d73f78e.js'
2026-7-7 17:08:19-debug: Invalidating 'pack:///chunks/2e/2edb51f2f57b638345a2b9d561f476b67029b574.js'
2026-7-7 17:08:19-debug: Invalidating 'pack:///chunks/e9/e96bc804d4af33012a1ad5c19177a551c107f2ae.js'
2026-7-7 17:08:19-debug: Invalidating 'pack:///chunks/ec/ecb76259f390974cf14cad52564b11281c42a7e6.js'
2026-7-7 17:08:19-debug: Invalidating 'pack:///chunks/4c/4c2851018e56f823e74c2b3e2117156bcb9e76d0.js'
2026-7-7 17:08:19-debug: Invalidating 'pack:///chunks/38/38483f6f68b174c6aad120536d38c3642cb0e458.js'
2026-7-7 17:08:19-debug: Invalidating 'pack:///chunks/e5/e5fea8c54230bb378b45e63a8ea8186bdeccbbe2.js'
2026-7-7 17:08:19-debug: Invalidating 'pack:///chunks/b6/b6919de7425c243c4e1697f376cb4f6f6b2769a4.js'
2026-7-7 17:08:19-debug: Invalidating 'pack:///chunks/f6/f6cf9b6088316a765dbcd0b22eb496d3f4be80dc.js'
2026-7-7 17:08:19-debug: Invalidating 'pack:///chunks/d5/d58c1ab1b696259af8c3b1384857266dba055462.js'
2026-7-7 17:08:19-debug: Invalidating 'pack:///chunks/80/80f420cd19a5967732f7f177a68c3670990311d3.js'
2026-7-7 17:08:19-debug: Invalidating 'pack:///chunks/7e/7e52be47c960966fc7d962b7957dbbce1047514e.js'
2026-7-7 17:08:19-debug: Invalidating 'pack:///chunks/b5/b5c69e24499acddd297e4328687b0ea934b109d5.js'
2026-7-7 17:08:19-debug: Invalidating 'pack:///chunks/0e/0ea1c77c59b038eb4661ef171f440cbc7cc134ca.js'
2026-7-7 17:08:19-debug: Invalidating 'pack:///chunks/f4/f4bb2b73aacdc0370fc65face1ef60d9e8732bfd.js'
2026-7-7 17:08:19-debug: Invalidating 'pack:///chunks/29/296009d632e65e6f653d790324d741c2d9759f34.js'
2026-7-7 17:08:19-debug: Invalidating 'pack:///chunks/41/4103e3b8e8be7d1b0e7a8a67f28a2c29fe9aa2dc.js'
2026-7-7 17:08:19-debug: Invalidating 'pack:///chunks/3f/3ff8f1a74d7fbbd22ced04971b6ab15e04fd86a6.js'
2026-7-7 17:08:19-debug: Invalidating 'pack:///chunks/d5/d5f6e07e1b02d743fed3d9c2c8e155b0c3309d52.js'
2026-7-7 17:08:19-debug: Invalidating 'pack:///chunks/80/803faff6203a98317cc86f08677de73b7112b743.js'
2026-7-7 17:08:19-debug: Invalidating 'pack:///chunks/9e/9ec8816866d723aea0e61547ea23bf04cc3c7c78.js'
2026-7-7 17:08:19-debug: Invalidating 'pack:///chunks/9b/9be30ad1a917cc0914201f1db5bdf1c5cb4d6e49.js'
2026-7-7 17:08:19-debug: Invalidating 'pack:///chunks/b1/b12e427b1fcb487f729ef654542d8e9775a297cb.js'
2026-7-7 17:08:19-debug: Invalidating 'pack:///chunks/43/4314f54defc530df4c3d4a14e3561038b8628ff3.js'
2026-7-7 17:08:19-debug: Invalidating 'pack:///chunks/23/2370bd6a63dbba247d7fcab21c5244288f150386.js'
2026-7-7 17:08:19-debug: Invalidating 'pack:///chunks/6c/6c35293030e947e52f03ea585990d17f31ea7df0.js'
2026-7-7 17:08:19-debug: Invalidating 'pack:///chunks/02/021cbce763294c7c4adf05845718c817a68ff9f3.js'
2026-7-7 17:08:19-debug: Invalidating 'pack:///chunks/a7/a78b9d0a8af4315011c59f40b6c49da033e49269.js'
2026-7-7 17:08:19-debug: Invalidating 'pack:///chunks/4a/4a75ba705e89112b3bcc356e77985c7a095b80f4.js'
2026-7-7 17:08:19-debug: Invalidating 'pack:///chunks/9a/9a8786a747b555136cef77c9f5e7ad17e18a31eb.js'
2026-7-7 17:08:19-debug: Invalidating 'pack:///chunks/b0/b0316da27abe29af9f8a517d28257bc913762f57.js'
2026-7-7 17:08:19-debug: Invalidating 'pack:///chunks/ce/ced31965a759b2c1d777a8f0d98f8cd326020d87.js'
2026-7-7 17:08:19-debug: Invalidating 'pack:///chunks/bb/bb66609565f0d30fbedfe7ab7019decca8a2726b.js'
2026-7-7 17:08:19-debug: Invalidating 'pack:///chunks/05/0510980ff6e9ad26ec622e2230780bc7f1d96f08.js'
2026-7-7 17:08:19-debug: Invalidating 'pack:///chunks/e1/e13771ea8032dbc1728530af431c57de3b1e5e24.js'
2026-7-7 17:08:19-debug: Invalidating 'pack:///chunks/5b/5b626ae965dfc8bbf67ffe6dd329ea95c382afe6.js'
2026-7-7 17:08:19-debug: Invalidating 'pack:///chunks/dc/dcc18999575bc7125a793680f1b595554e7f2cde.js'
2026-7-7 17:08:19-debug: Invalidating 'pack:///chunks/6e/6e4d3e245933373fd13279940a5d6dee30418f49.js'
2026-7-7 17:08:19-debug: Invalidating 'pack:///chunks/05/05825d2a71d7765a90fbbdda8907aab57810f0a0.js'
2026-7-7 17:08:19-debug: Invalidating 'pack:///chunks/f0/f05038aedf4d7805ad91dbf59f1c87fe35c23bb5.js'
2026-7-7 17:08:19-debug: Invalidating 'pack:///chunks/8a/8a4b23fc8904a55daa926fa9bf2d450c2c59d378.js'
2026-7-7 17:08:19-debug: Invalidating 'pack:///chunks/fa/fad9c36dab7fd23cbd0b1b9ebcbd02e6023aaadd.js'
2026-7-7 17:08:19-debug: Invalidating 'pack:///chunks/01/011c6605e93c83936bcaadc521a3f2df21bdd87a.js'
2026-7-7 17:08:19-debug: Invalidating 'pack:///chunks/03/031aac2e2ea93f03b5422269c22800e822715034.js'
2026-7-7 17:08:19-debug: Invalidating 'pack:///chunks/11/1193ac27b94da532d27808ef712ed0fcd809d84d.js'
2026-7-7 17:08:19-debug: Invalidating 'pack:///chunks/29/2933ae65951958109aeb70104e6287b8240a8e01.js'
2026-7-7 17:08:19-debug: Invalidating 'pack:///chunks/dd/ddf9ec67bc21176ab14fd7bef2d6099af7cab4e3.js'
2026-7-7 17:08:19-debug: Invalidating 'pack:///chunks/7a/7a056ac353cd4f184635b76aa08c0d427085fda7.js'
2026-7-7 17:08:19-debug: Invalidating 'pack:///chunks/7c/7cb3e78818d3ca7420c127c4f13ad5587e5cc5d3.js'
2026-7-7 17:08:19-debug: Invalidating 'pack:///chunks/78/7875e58dc11de4424867c114cd71cf4d379fd7ce.js'
2026-7-7 17:08:19-debug: Invalidating 'pack:///chunks/6b/6b5ef849a8a91f0cd956b88818795e47d9431e29.js'
2026-7-7 17:08:19-debug: Invalidating 'pack:///chunks/6b/6bf6369babd500e0802aeb38d4c346ae3462ef8b.js'
2026-7-7 17:08:19-debug: Invalidating 'pack:///chunks/2c/2c40d59e1ac0050bfd5e4aece9657278c88a4b47.js'
2026-7-7 17:08:19-debug: Invalidating 'pack:///chunks/cd/cd87286564d42a577ada1093f142b4db43415d61.js'
2026-7-7 17:08:19-debug: Invalidating 'pack:///chunks/e2/e2cd37831230a7474a5c89ec9f0764c2d6ce1581.js'
2026-7-7 17:08:19-debug: Invalidating 'pack:///chunks/aa/aa6223cf35796d09344450a14919ad24c61174bb.js'
2026-7-7 17:08:19-debug: Invalidating 'pack:///chunks/ac/ac0e66d1df96447f3ea6b579b5067cb87a880d84.js'
2026-7-7 17:08:19-debug: Invalidating 'pack:///chunks/12/120cba8f856407335ad8a04347cd4d36bf752a1e.js'
2026-7-7 17:08:19-debug: Invalidating 'pack:///chunks/1e/1e9839fb85f612fea3030115a5d65b742de2db50.js'
2026-7-7 17:08:19-debug: Invalidating 'pack:///chunks/fb/fb231b7b47c244832aa3ed0055e0ff4d6bda9530.js'
2026-7-7 17:08:19-debug: Invalidating 'pack:///chunks/7d/7d88e9fa4d49091167d5648112015c50cab8c311.js'
2026-7-7 17:08:19-debug: Invalidating 'pack:///chunks/c1/c14c87720f6e6e7b27f438925fae2cc2d4587268.js'
2026-7-7 17:08:19-debug: Invalidating 'pack:///chunks/e4/e49d377195f0f6ca8039098e5e76d909c726c89c.js'
2026-7-7 17:08:19-debug: Invalidating 'pack:///chunks/d0/d08abfe279c9195afbafb261981128dda32fee17.js'
2026-7-7 17:08:19-debug: Invalidating 'pack:///chunks/c8/c8d2fc621a68aadf290b9938ae81f70dbefcc8d6.js'
2026-7-7 17:08:19-debug: Invalidating 'pack:///chunks/5f/5fd5284b513982ea020d8e9513905cac6e75919a.js'
2026-7-7 17:08:19-debug: Invalidating 'pack:///chunks/1b/1b6bd2739873dc60bb0e67b18f2ae1f3b116fb07.js'
2026-7-7 17:08:19-debug: Invalidating 'pack:///chunks/c4/c409a49d391cd0107339e604abf784bacdef4b02.js'
2026-7-7 17:08:19-debug: Invalidating 'pack:///chunks/d8/d87351923699bbc0b3bf2e76b9d6665983f7b324.js'
2026-7-7 17:08:19-debug: Invalidating 'pack:///chunks/99/9957d51b35d223fa476f8f6dcd2b5d011a93ab2f.js'
2026-7-7 17:08:19-debug: Invalidating 'pack:///chunks/83/8354ac407215243163174d3e83d4cdab306051e3.js'
2026-7-7 17:08:19-debug: Invalidating 'pack:///chunks/b8/b8ff2efe0a5ef0b3134c1c0a100a2fc7e48d38e3.js'
2026-7-7 17:08:19-debug: Invalidating 'pack:///chunks/84/848ca7bc3c110f0554094ecf01b3a37b01ea9dfd.js'
2026-7-7 17:08:19-debug: Invalidating 'pack:///chunks/95/95d64f4c8aa166ee79b72d7add5021b420a7ce33.js'
2026-7-7 17:08:19-debug: Invalidating 'pack:///chunks/e9/e9668b02254f4db9826696b9dfb6914087bee6cc.js'
2026-7-7 17:08:19-debug: Invalidating 'pack:///chunks/4a/4a434c55814df4d84e6cd9fee04d3f21bfa74070.js'
2026-7-7 17:08:19-debug: Invalidating 'pack:///chunks/7e/7ece20e41250ede0e4707962498ddfd8c4453b24.js'
2026-7-7 17:08:19-debug: Invalidating 'pack:///chunks/23/23f4bc413c460b50ee5cc83636bb099609a379fd.js'
2026-7-7 17:08:19-debug: [[Executor]] Module "pack:///chunks/93/93ba276ea7b26ffcdc433fab14afc1ed6f05647b.js" loaded.
2026-7-7 17:08:19-debug: Invalidating 'pack:///chunks/4d/4d68417d37cd80fe73d65d56dfe11dd26e9ef91a.js'
2026-7-7 17:08:19-debug: Invalidating 'pack:///chunks/41/41b6ef284e15d0779c96601cab9a95a7c5e5919b.js'
2026-7-7 17:08:19-debug: D:\工程项目\PlayableAD\Cocos\TheW\20260615_HYQ\HYQ_Project\temp\programming\packer-driver\targets\editor\chunks\6d\6d8fd2b0177941b032ddc0733af48a561fb60657.js resolved to D:\工程项目\PlayableAD\Cocos\TheW\20260615_HYQ\HYQ_Project\temp\programming\packer-driver\targets\editor\chunks\6d\6d8fd2b0177941b032ddc0733af48a561fb60657.js is not in module cache!
2026-7-7 17:08:19-debug: [[Executor]] Module "pack:///chunks/6d/6d8fd2b0177941b032ddc0733af48a561fb60657.js" loaded.
2026-7-7 17:08:19-debug: [[Executor]] Module "pack:///chunks/6a/6a5019a719a9014c047e67aa1cf34453ab8392ce.js" loaded.
2026-7-7 17:08:19-debug: [[Executor]] Module "pack:///chunks/84/84fdd98491917343dab9e13fe8b5a70bd6a363c2.js" loaded.
2026-7-7 17:08:19-debug: [[Executor]] Module "pack:///chunks/c9/c9d891290a54ec567f150962e76c6bf9cdf47b3b.js" loaded.
2026-7-7 17:08:19-debug: [[Executor]] Register BuiltinPipelinePassBuilder
2026-7-7 17:08:19-debug: [[Executor]] Module "pack:///chunks/d9/d980f46bad1521f99cf9b02f6f4709610973859b.js" loaded.
2026-7-7 17:08:19-debug: [[Executor]] Module "pack:///chunks/04/04f62969dc20e2c08fceeca28e5f160f93c57d48.js" loaded.
2026-7-7 17:08:19-debug: [[Executor]] Register BuiltinDepthOfFieldPass
2026-7-7 17:08:19-debug: [[Executor]] Module "pack:///chunks/f2/f22794b1c95bc92b6e994a97e9b193af020adc12.js" loaded.
2026-7-7 17:08:19-debug: [[Executor]] Register DebugViewRuntimeControl
2026-7-7 17:08:19-debug: [[Executor]] Module "pack:///chunks/e0/e099fc7c0597d98bad93ecd30952e1955267ade1.js" loaded.
2026-7-7 17:08:19-debug: [[Executor]] Module "pack:///chunks/e2/e2118395860d446afdd7349c12bbbbd5ff0a8915.js" loaded.
2026-7-7 17:08:19-debug: [[Executor]] Register BuiltinPipelineSettings
2026-7-7 17:08:19-debug: [[Executor]] Module "pack:///chunks/e9/e96bc804d4af33012a1ad5c19177a551c107f2ae.js" loaded.
2026-7-7 17:08:19-debug: [[Executor]] Module "pack:///chunks/31/31cebe8e0355019a96c8dc216aed673e195b2a53.js" loaded.
2026-7-7 17:08:19-debug: [[Executor]] Register Lightning
2026-7-7 17:08:19-debug: [[Executor]] Module "pack:///chunks/4d/4d6662648c8c361d9de350d72c1ab0a8e7508014.js" loaded.
2026-7-7 17:08:19-debug: [[Executor]] Register CameraMove
2026-7-7 17:08:19-debug: [[Executor]] Module "pack:///chunks/14/14cec8e3738599ab9965ee6a2127491eba1361af.js" loaded.
2026-7-7 17:08:19-debug: [[Executor]] Module "pack:///chunks/3f/3fc33806253ded99e50ac9220c73832ef2904ca7.js" loaded.
2026-7-7 17:08:19-debug: [[Executor]] Register LayerManager
2026-7-7 17:08:19-debug: [[Executor]] Module "pack:///chunks/56/5601ae9cf318e5c14df7d30ca1cafe71734c982a.js" loaded.
2026-7-7 17:08:19-debug: [[Executor]] Module "pack:///chunks/8a/8ae7d51cc818f718270f9e2ad9b78b6df4ffa62c.js" loaded.
2026-7-7 17:08:19-debug: [[Executor]] Module "pack:///chunks/79/798785a3f67288cbb075d5efa15a2c266208a881.js" loaded.
2026-7-7 17:08:19-debug: [[Executor]] Module "pack:///chunks/f2/f20c45b49501fbe07d44e99d95c2c506a06a0ecd.js" loaded.
2026-7-7 17:08:19-debug: [[Executor]] Module "pack:///chunks/8b/8b1077471006cad018e02beccd0bed5dcc54c671.js" loaded.
2026-7-7 17:08:19-debug: [[Executor]] Module "pack:///chunks/84/8436bf0d6f6a392b090fff8471ad48b32970414b.js" loaded.
2026-7-7 17:08:19-debug: [[Executor]] Register UnityUpComponent
2026-7-7 17:08:19-debug: [[Executor]] Module "pack:///chunks/a1/a1d124b8795c6e55160d2ce5ecbd41437847152f.js" loaded.
2026-7-7 17:08:19-debug: [[Executor]] Module "pack:///chunks/90/901a8f42214a0198b9aca11ce347c093cca5e26c.js" loaded.
2026-7-7 17:08:19-debug: [[Executor]] Register MoveDrive
2026-7-7 17:08:19-debug: [[Executor]] Register RotationVector
2026-7-7 17:08:19-debug: [[Executor]] Register RotationDrive
2026-7-7 17:08:19-debug: [[Executor]] Module "pack:///chunks/eb/eb316915c4446a477164305c14374917acb92a23.js" loaded.
2026-7-7 17:08:19-debug: [[Executor]] Register PrefabsManager
2026-7-7 17:08:19-debug: [[Executor]] Module "pack:///chunks/e9/e950dd2519065be1280daf69ce7f6b07e4d0caaa.js" loaded.
2026-7-7 17:08:19-debug: [[Executor]] Module "pack:///chunks/ed/edbdde40fab9baf06e704beb85e64d72f20aefb8.js" loaded.
2026-7-7 17:08:19-debug: [[Executor]] Register DownLoadL8
2026-7-7 17:08:19-debug: [[Executor]] Register L18nManager
2026-7-7 17:08:19-debug: [[Executor]] Module "pack:///chunks/f0/f04c2dd9d3cc608a6f46e13bb5d3c46aa5633baf.js" loaded.
2026-7-7 17:08:19-debug: [[Executor]] Register PrefabsRes
2026-7-7 17:08:19-debug: [[Executor]] Module "pack:///chunks/f8/f8baeccf8cf047db05161c9b9e8b6b4ff9eefe2f.js" loaded.
2026-7-7 17:08:19-debug: [[Executor]] Register LangArrAuto
2026-7-7 17:08:19-debug: [[Executor]] Module "pack:///chunks/63/633ac4308370832c1c78b9f28702617696f6e9fb.js" loaded.
2026-7-7 17:08:19-debug: [[Executor]] Register LangAuto
2026-7-7 17:08:19-debug: [[Executor]] Register DownLoadL8
2026-7-7 17:08:19-debug: [[Executor]] Module "pack:///chunks/f5/f570589f727cbf96139a6869e201d7a87544da71.js" loaded.
2026-7-7 17:08:19-debug: [[Executor]] Module "pack:///chunks/0f/0fd75e1d9556ba520ee98c89195f9d0594110ad2.js" loaded.
2026-7-7 17:08:19-debug: [[Executor]] Register ResurrectionL8
2026-7-7 17:08:19-debug: [[Executor]] Module "pack:///chunks/40/407fe08f85a1575a06beb3692d40cf36d9684f58.js" loaded.
2026-7-7 17:08:19-debug: [[Executor]] Module "pack:///chunks/4c/4c2851018e56f823e74c2b3e2117156bcb9e76d0.js" loaded.
2026-7-7 17:08:19-debug: [[Executor]] Module "pack:///chunks/ec/ecb76259f390974cf14cad52564b11281c42a7e6.js" loaded.
2026-7-7 17:08:19-debug: [[Executor]] Register Prop
2026-7-7 17:08:19-debug: [[Executor]] Module "pack:///chunks/f6/f6cf9b6088316a765dbcd0b22eb496d3f4be80dc.js" loaded.
2026-7-7 17:08:19-debug: [[Executor]] Module "pack:///chunks/e5/e5fea8c54230bb378b45e63a8ea8186bdeccbbe2.js" loaded.
2026-7-7 17:08:19-debug: [[Executor]] Module "pack:///chunks/38/38483f6f68b174c6aad120536d38c3642cb0e458.js" loaded.
2026-7-7 17:08:19-debug: [[Executor]] Module "pack:///chunks/b6/b6919de7425c243c4e1697f376cb4f6f6b2769a4.js" loaded.
2026-7-7 17:08:19-debug: [[Executor]] Module "pack:///chunks/d5/d58c1ab1b696259af8c3b1384857266dba055462.js" loaded.
2026-7-7 17:08:19-debug: [[Executor]] Module "pack:///chunks/41/4103e3b8e8be7d1b0e7a8a67f28a2c29fe9aa2dc.js" loaded.
2026-7-7 17:08:19-debug: [[Executor]] Module "pack:///chunks/5f/5fdfd08a9c16dc742e66ef16a5a8e13f5f831a3e.js" loaded.
2026-7-7 17:08:19-debug: [[Executor]] Register JumpDriveEngine
2026-7-7 17:08:19-debug: [[Executor]] Module "pack:///chunks/2e/2edb51f2f57b638345a2b9d561f476b67029b574.js" loaded.
2026-7-7 17:08:19-debug: [[Executor]] Module "pack:///chunks/84/84bbaa7f2e1a0639f57f755b935e1acb7d73f78e.js" loaded.
2026-7-7 17:08:19-debug: [[Executor]] Register BagBase
2026-7-7 17:08:19-debug: [[Executor]] Register FlayPropManager
2026-7-7 17:08:19-debug: [[Executor]] Module "pack:///chunks/b5/b5c69e24499acddd297e4328687b0ea934b109d5.js" loaded.
2026-7-7 17:08:19-debug: [[Executor]] Module "pack:///chunks/80/80f420cd19a5967732f7f177a68c3670990311d3.js" loaded.
2026-7-7 17:08:19-debug: [[Executor]] Register GroupPropTransform
2026-7-7 17:08:19-debug: [[Executor]] Module "pack:///chunks/7e/7e52be47c960966fc7d962b7957dbbce1047514e.js" loaded.
2026-7-7 17:08:19-debug: [[Executor]] Register GroupBag3D
2026-7-7 17:08:19-debug: [[Executor]] Module "pack:///chunks/f4/f4bb2b73aacdc0370fc65face1ef60d9e8732bfd.js" loaded.
2026-7-7 17:08:19-debug: [[Executor]] Register LabBagUp
2026-7-7 17:08:19-debug: [[Executor]] Module "pack:///chunks/0e/0ea1c77c59b038eb4661ef171f440cbc7cc134ca.js" loaded.
2026-7-7 17:08:19-debug: [[Executor]] Register CollectGetTarget
2026-7-7 17:08:19-debug: [[Executor]] Module "pack:///chunks/80/803faff6203a98317cc86f08677de73b7112b743.js" loaded.
2026-7-7 17:08:19-debug: [[Executor]] Module "pack:///chunks/3f/3ff8f1a74d7fbbd22ced04971b6ab15e04fd86a6.js" loaded.
2026-7-7 17:08:19-debug: [[Executor]] Module "pack:///chunks/b1/b12e427b1fcb487f729ef654542d8e9775a297cb.js" loaded.
2026-7-7 17:08:19-debug: [[Executor]] Module "pack:///chunks/29/296009d632e65e6f653d790324d741c2d9759f34.js" loaded.
2026-7-7 17:08:19-debug: [[Executor]] Register MeleeAttack
2026-7-7 17:08:19-debug: [[Executor]] Register AttackTargetBase
2026-7-7 17:08:19-debug: [[Executor]] Module "pack:///chunks/d5/d5f6e07e1b02d743fed3d9c2c8e155b0c3309d52.js" loaded.
2026-7-7 17:08:19-debug: [[Executor]] Module "pack:///chunks/23/2370bd6a63dbba247d7fcab21c5244288f150386.js" loaded.
2026-7-7 17:08:19-debug: [[Executor]] Module "pack:///chunks/9e/9ec8816866d723aea0e61547ea23bf04cc3c7c78.js" loaded.
2026-7-7 17:08:19-debug: [[Executor]] Register MeshFlashPropData
2026-7-7 17:08:19-debug: [[Executor]] Register MeshFlashSwitchData
2026-7-7 17:08:19-debug: [[Executor]] Register MeshFlashData
2026-7-7 17:08:19-debug: [[Executor]] Register BattleTargetBase
2026-7-7 17:08:19-debug: [[Executor]] Register HpComponent
2026-7-7 17:08:19-debug: [[Executor]] Module "pack:///chunks/02/021cbce763294c7c4adf05845718c817a68ff9f3.js" loaded.
2026-7-7 17:08:19-debug: [[Executor]] Register AreaAttack
2026-7-7 17:08:19-debug: [[Executor]] Register EffectRemoveBase
2026-7-7 17:08:19-debug: [[Executor]] Module "pack:///chunks/dc/dcc18999575bc7125a793680f1b595554e7f2cde.js" loaded.
2026-7-7 17:08:19-debug: [[Executor]] Register EffectManager
2026-7-7 17:08:19-debug: [[Executor]] Register EffectTimePartRemove
2026-7-7 17:08:19-debug: [[Executor]] Module "pack:///chunks/ce/ced31965a759b2c1d777a8f0d98f8cd326020d87.js" loaded.
2026-7-7 17:08:19-debug: [[Executor]] Module "pack:///chunks/b0/b0316da27abe29af9f8a517d28257bc913762f57.js" loaded.
2026-7-7 17:08:19-debug: [[Executor]] Module "pack:///chunks/4a/4a75ba705e89112b3bcc356e77985c7a095b80f4.js" loaded.
2026-7-7 17:08:19-debug: [[Executor]] Register ColliderTag
2026-7-7 17:08:19-debug: [[Executor]] Module "pack:///chunks/e1/e13771ea8032dbc1728530af431c57de3b1e5e24.js" loaded.
2026-7-7 17:08:19-debug: [[Executor]] Module "pack:///chunks/a7/a78b9d0a8af4315011c59f40b6c49da033e49269.js" loaded.
2026-7-7 17:08:19-debug: [[Executor]] Register BulletMonsterCollisionManager
2026-7-7 17:08:19-debug: [[Executor]] Register BulletBattle3D
2026-7-7 17:08:19-debug: [[Executor]] Module "pack:///chunks/9a/9a8786a747b555136cef77c9f5e7ad17e18a31eb.js" loaded.
2026-7-7 17:08:19-debug: [[Executor]] Module "pack:///chunks/bb/bb66609565f0d30fbedfe7ab7019decca8a2726b.js" loaded.
2026-7-7 17:08:19-debug: [[Executor]] Register BattleTarget3D
2026-7-7 17:08:19-debug: [[Executor]] Register BulletCollideBase2D
2026-7-7 17:08:19-debug: [[Executor]] Module "pack:///chunks/6c/6c35293030e947e52f03ea585990d17f31ea7df0.js" loaded.
2026-7-7 17:08:19-debug: [[Executor]] Module "pack:///chunks/43/4314f54defc530df4c3d4a14e3561038b8628ff3.js" loaded.
2026-7-7 17:08:19-debug: [[Executor]] Module "pack:///chunks/9b/9be30ad1a917cc0914201f1db5bdf1c5cb4d6e49.js" loaded.
2026-7-7 17:08:19-debug: [[Executor]] Register BulletBattle2D
2026-7-7 17:08:19-debug: [[Executor]] Module "pack:///chunks/8a/8a4b23fc8904a55daa926fa9bf2d450c2c59d378.js" loaded.
2026-7-7 17:08:19-debug: [[Executor]] Register BattleTarget2D
2026-7-7 17:08:19-debug: [[Executor]] Module "pack:///chunks/5b/5b626ae965dfc8bbf67ffe6dd329ea95c382afe6.js" loaded.
2026-7-7 17:08:19-debug: [[Executor]] Register CollectBattleTarger2D
2026-7-7 17:08:19-debug: [[Executor]] Module "pack:///chunks/05/0510980ff6e9ad26ec622e2230780bc7f1d96f08.js" loaded.
2026-7-7 17:08:19-debug: [[Executor]] Register TriggerBase2D
2026-7-7 17:08:19-debug: [[Executor]] Module "pack:///chunks/f0/f05038aedf4d7805ad91dbf59f1c87fe35c23bb5.js" loaded.
2026-7-7 17:08:19-debug: [[Executor]] Register BulletBatchRenderer
2026-7-7 17:08:19-debug: [[Executor]] Module "pack:///chunks/05/05825d2a71d7765a90fbbdda8907aab57810f0a0.js" loaded.
2026-7-7 17:08:19-debug: [[Executor]] Register AttackParkPlay
2026-7-7 17:08:19-debug: [[Executor]] Register RangeTowerAttack
2026-7-7 17:08:19-debug: [[Executor]] Module "pack:///chunks/6e/6e4d3e245933373fd13279940a5d6dee30418f49.js" loaded.
2026-7-7 17:08:19-debug: [[Executor]] Register RangedAttack_Circle
2026-7-7 17:08:19-debug: [[Executor]] Module "pack:///chunks/fa/fad9c36dab7fd23cbd0b1b9ebcbd02e6023aaadd.js" loaded.
2026-7-7 17:08:19-debug: [[Executor]] Module "pack:///chunks/01/011c6605e93c83936bcaadc521a3f2df21bdd87a.js" loaded.
2026-7-7 17:08:19-debug: [[Executor]] Register RangedAttack_Shrapnel
2026-7-7 17:08:19-debug: [[Executor]] Module "pack:///chunks/7a/7a056ac353cd4f184635b76aa08c0d427085fda7.js" loaded.
2026-7-7 17:08:19-debug: [[Executor]] Register TriggerBase3D
2026-7-7 17:08:19-debug: [[Executor]] Register BulletCollideBase3D
2026-7-7 17:08:19-debug: [[Executor]] Module "pack:///chunks/03/031aac2e2ea93f03b5422269c22800e822715034.js" loaded.
2026-7-7 17:08:19-debug: [[Executor]] Module "pack:///chunks/11/1193ac27b94da532d27808ef712ed0fcd809d84d.js" loaded.
2026-7-7 17:08:19-debug: [[Executor]] Register CollectBattleTarger3D
2026-7-7 17:08:19-debug: [[Executor]] Module "pack:///chunks/29/2933ae65951958109aeb70104e6287b8240a8e01.js" loaded.
2026-7-7 17:08:19-debug: [[Executor]] Register GuideLine
2026-7-7 17:08:19-debug: [[Executor]] Register RangedAttack
2026-7-7 17:08:19-debug: [[Executor]] Register EffectTimeRemove
2026-7-7 17:08:19-debug: [[Executor]] Module "pack:///chunks/cd/cd87286564d42a577ada1093f142b4db43415d61.js" loaded.
2026-7-7 17:08:19-debug: D:\工程项目\PlayableAD\Cocos\TheW\20260615_HYQ\HYQ_Project\temp\programming\packer-driver\targets\editor\chunks\fb\fb231b7b47c244832aa3ed0055e0ff4d6bda9530.js resolved to D:\工程项目\PlayableAD\Cocos\TheW\20260615_HYQ\HYQ_Project\temp\programming\packer-driver\targets\editor\chunks\fb\fb231b7b47c244832aa3ed0055e0ff4d6bda9530.js is not in module cache!
2026-7-7 17:08:19-debug: [[Executor]] Register FbxManager
2026-7-7 17:08:19-debug: [[Executor]] Module "pack:///chunks/6b/6b5ef849a8a91f0cd956b88818795e47d9431e29.js" loaded.
2026-7-7 17:08:19-debug: [[Executor]] Module "pack:///chunks/1e/1e9839fb85f612fea3030115a5d65b742de2db50.js" loaded.
2026-7-7 17:08:19-debug: [[Executor]] Register Role
2026-7-7 17:08:19-debug: [[Executor]] Module "pack:///chunks/fb/fb231b7b47c244832aa3ed0055e0ff4d6bda9530.js" loaded.
2026-7-7 17:08:19-debug: [[Executor]] Module "pack:///chunks/6b/6bf6369babd500e0802aeb38d4c346ae3462ef8b.js" loaded.
2026-7-7 17:08:19-debug: [[Executor]] Module "pack:///chunks/78/7875e58dc11de4424867c114cd71cf4d379fd7ce.js" loaded.
2026-7-7 17:08:19-debug: [[Executor]] Register GameOverPanel
2026-7-7 17:08:19-debug: [[Executor]] Register WeaponBulletConfig
2026-7-7 17:08:19-debug: [[Executor]] Module "pack:///chunks/12/120cba8f856407335ad8a04347cd4d36bf752a1e.js" loaded.
2026-7-7 17:08:19-debug: [[Executor]] Register MonsterBattleTaerget
2026-7-7 17:08:19-debug: [[Executor]] Module "pack:///chunks/2c/2c40d59e1ac0050bfd5e4aece9657278c88a4b47.js" loaded.
2026-7-7 17:08:19-debug: [[Executor]] Register PropArms
2026-7-7 17:08:19-debug: [[Executor]] Module "pack:///chunks/aa/aa6223cf35796d09344450a14919ad24c61174bb.js" loaded.
2026-7-7 17:08:19-debug: [[Executor]] Register PropBrand
2026-7-7 17:08:19-debug: [[Executor]] Register ArmsInfo
2026-7-7 17:08:19-debug: [[Executor]] Module "pack:///chunks/ac/ac0e66d1df96447f3ea6b579b5067cb87a880d84.js" loaded.
2026-7-7 17:08:19-debug: [[Executor]] Register Player
2026-7-7 17:08:19-debug: [[Executor]] Register PropLalianGate
2026-7-7 17:08:19-debug: [[Executor]] Module "pack:///chunks/c1/c14c87720f6e6e7b27f438925fae2cc2d4587268.js" loaded.
2026-7-7 17:08:19-debug: [[Executor]] Register CreatePropBrand
2026-7-7 17:08:19-debug: [[Executor]] Module "pack:///chunks/e2/e2cd37831230a7474a5c89ec9f0764c2d6ce1581.js" loaded.
2026-7-7 17:08:19-debug: [[Executor]] Register MonsterCreateQueue
2026-7-7 17:08:19-debug: [[Executor]] Register LalianHitStageConfig
2026-7-7 17:08:19-debug: [[Executor]] Module "pack:///chunks/7c/7cb3e78818d3ca7420c127c4f13ad5587e5cc5d3.js" loaded.
2026-7-7 17:08:19-debug: [[Executor]] Register MonsterCreateInfo
2026-7-7 17:08:19-debug: [[Executor]] Register GuideManager
2026-7-7 17:08:19-debug: [[Executor]] Module "pack:///chunks/dd/ddf9ec67bc21176ab14fd7bef2d6099af7cab4e3.js" loaded.
2026-7-7 17:08:19-debug: [[Executor]] Module "pack:///chunks/7d/7d88e9fa4d49091167d5648112015c50cab8c311.js" loaded.
2026-7-7 17:08:19-debug: [[Executor]] Register MonsterCreate
2026-7-7 17:08:19-debug: [[Executor]] Module "pack:///chunks/d0/d08abfe279c9195afbafb261981128dda32fee17.js" loaded.
2026-7-7 17:08:19-debug: [[Executor]] Register PropTireGate
2026-7-7 17:08:19-debug: [[Executor]] Module "pack:///chunks/c8/c8d2fc621a68aadf290b9938ae81f70dbefcc8d6.js" loaded.
2026-7-7 17:08:19-debug: [[Executor]] Register RockerUI
2026-7-7 17:08:19-debug: [[Executor]] Module "pack:///chunks/e4/e49d377195f0f6ca8039098e5e76d909c726c89c.js" loaded.
2026-7-7 17:08:19-debug: [[Executor]] Register RockerMouseEvent
2026-7-7 17:08:19-debug: [[Executor]] Register ShoppIngEvent
2026-7-7 17:08:19-debug: [[Executor]] Module "pack:///chunks/c4/c409a49d391cd0107339e604abf784bacdef4b02.js" loaded.
2026-7-7 17:08:19-debug: [[Executor]] Module "pack:///chunks/5f/5fd5284b513982ea020d8e9513905cac6e75919a.js" loaded.
2026-7-7 17:08:19-debug: [[Executor]] Register ArmsUp
2026-7-7 17:08:19-debug: [[Executor]] Register BuyWayBase
2026-7-7 17:08:19-debug: [[Executor]] Module "pack:///chunks/1b/1b6bd2739873dc60bb0e67b18f2ae1f3b116fb07.js" loaded.
2026-7-7 17:08:19-debug: [[Executor]] Register Shopping
2026-7-7 17:08:19-debug: [[Executor]] Module "pack:///chunks/41/41b6ef284e15d0779c96601cab9a95a7c5e5919b.js" loaded.
2026-7-7 17:08:19-debug: [[Executor]] Module "pack:///chunks/99/9957d51b35d223fa476f8f6dcd2b5d011a93ab2f.js" loaded.
2026-7-7 17:08:19-debug: [[Executor]] Register BuyWay3D
2026-7-7 17:08:19-debug: [[Executor]] Register ShoppingItem
2026-7-7 17:08:19-debug: [[Executor]] Module "pack:///chunks/d8/d87351923699bbc0b3bf2e76b9d6665983f7b324.js" loaded.
2026-7-7 17:08:19-debug: [[Executor]] Register BuyWay2D
2026-7-7 17:08:19-debug: [[Executor]] Register Shopping_Super
2026-7-7 17:08:19-debug: [[Executor]] Module "pack:///chunks/b8/b8ff2efe0a5ef0b3134c1c0a100a2fc7e48d38e3.js" loaded.
2026-7-7 17:08:19-debug: [[Executor]] Module "pack:///chunks/83/8354ac407215243163174d3e83d4cdab306051e3.js" loaded.
2026-7-7 17:08:19-debug: [[Executor]] Register FrameAnimManager
2026-7-7 17:08:19-debug: [[Executor]] Register UIButtonEvent
2026-7-7 17:08:19-debug: [[Executor]] Module "pack:///chunks/84/848ca7bc3c110f0554094ecf01b3a37b01ea9dfd.js" loaded.
2026-7-7 17:08:19-debug: [[Executor]] Register FrameManager
2026-7-7 17:08:19-debug: D:\工程项目\PlayableAD\Cocos\TheW\20260615_HYQ\HYQ_Project\temp\programming\packer-driver\targets\editor\chunks\7e\7ece20e41250ede0e4707962498ddfd8c4453b24.js resolved to D:\工程项目\PlayableAD\Cocos\TheW\20260615_HYQ\HYQ_Project\temp\programming\packer-driver\targets\editor\chunks\7e\7ece20e41250ede0e4707962498ddfd8c4453b24.js is not in module cache!
2026-7-7 17:08:19-debug: [[Executor]] Module "pack:///chunks/95/95d64f4c8aa166ee79b72d7add5021b420a7ce33.js" loaded.
2026-7-7 17:08:19-debug: [[Executor]] Module "pack:///chunks/23/23f4bc413c460b50ee5cc83636bb099609a379fd.js" loaded.
2026-7-7 17:08:19-debug: [[Executor]] Register StutterCheck
2026-7-7 17:08:19-debug: [[Executor]] Module "pack:///chunks/e9/e9668b02254f4db9826696b9dfb6914087bee6cc.js" loaded.
2026-7-7 17:08:19-debug: [[Executor]] Module "pack:///chunks/4a/4a434c55814df4d84e6cd9fee04d3f21bfa74070.js" loaded.
2026-7-7 17:08:19-debug: [[Executor]] Module "pack:///chunks/4d/4d68417d37cd80fe73d65d56dfe11dd26e9ef91a.js" loaded.
2026-7-7 17:08:19-debug: [[Executor]] Module "pack:///chunks/6d/6d8fd2b0177941b032ddc0733af48a561fb60657.js" loaded.
2026-7-7 17:08:19-debug: [[Executor]] Module "pack:///chunks/7e/7ece20e41250ede0e4707962498ddfd8c4453b24.js" loaded.
2026-7-7 17:08:19-debug: [[Executor]] after unlock
2026-7-7 17:08:19-debug: Init bundle share assets start..., progress: 9%
2026-7-7 17:08:19-debug: Init bundle share assets start..., progress: 13%
2026-7-7 17:08:19-debug: Incremental keys: 
2026-7-7 17:08:19-warn: The Mesh used by component "cc.MeshRenderer" in prefab "Role_1" is missing. Detailed information:Node path: "Role_1/New Node/Bip001 Prop1 Socket/jiateling01"Asset url: "db://assets/GameRes/Prefab/Role_1"Missing uuid: "03189dd5-73dd-4e52-8644-1ff1a122b972@18a45"
2026-7-7 17:08:19-warn: The Mesh used by component "cc.MeshRenderer" in prefab "Role_2" is missing. Detailed information:Node path: "Role_2/New Node/Bip001 Prop1 Socket/jiateling01"Asset url: "db://assets/GameRes/Prefab/Role_2"Missing uuid: "03189dd5-73dd-4e52-8644-1ff1a122b972@18a45"
2026-7-7 17:08:19-warn: The Mesh used by component "cc.MeshRenderer" in prefab "Role_2" is missing. Detailed information:Node path: "Role_2/New Node/Bip001 Prop1 Socket/jiateling01"Asset url: "db://assets/GameRes/Prefab/Role_2"Missing uuid: "03189dd5-73dd-4e52-8644-1ff1a122b972@18a45"
2026-7-7 17:08:19-debug: Init bundle share assets success..., progress: 9%
2026-7-7 17:08:19-debug: Init bundle share assets success..., progress: 13%
2026-7-7 17:08:19-debug: handle json group in bundle internal
2026-7-7 17:08:19-debug: handle json group in bundle internal success
2026-7-7 17:08:19-debug: handle json group in bundle resources success
2026-7-7 17:08:19-debug: init image compress task 0 in bundle internal
2026-7-7 17:08:19-debug: handle json group in bundle main
2026-7-7 17:08:19-debug: init image compress task 0 in bundle resources
2026-7-7 17:08:19-debug: [json-group] check self or raw asset, skip. 799add5f-4370-4ee6-b0a4-aca1ebcd06a3 depended by 799add5f-4370-4ee6-b0a4-aca1ebcd06a3 has checked in raw asset 799add5f-4370-4ee6-b0a4-aca1ebcd06a3/bundle(main)}
2026-7-7 17:08:19-debug: handle json group in bundle resources
2026-7-7 17:08:19-debug: [json-group] check self or raw asset, skip. f96153eb-6f89-4aad-b84b-808954761c02 depended by f96153eb-6f89-4aad-b84b-808954761c02 has checked in raw asset b5805d3a-3b80-4a12-adf5-588e63a7d886/bundle(main)}
2026-7-7 17:08:19-debug: handle json group in bundle main success
2026-7-7 17:08:19-debug: [json-group] check self or raw asset, skip. 799add5f-4370-4ee6-b0a4-aca1ebcd06a3 depended by 799add5f-4370-4ee6-b0a4-aca1ebcd06a3 has checked in raw asset b5805d3a-3b80-4a12-adf5-588e63a7d886/bundle(main)}
2026-7-7 17:08:19-debug: [json-group] check self or raw asset, skip. f96153eb-6f89-4aad-b84b-808954761c02 depended by f96153eb-6f89-4aad-b84b-808954761c02 has checked in raw asset f96153eb-6f89-4aad-b84b-808954761c02/bundle(main)}
2026-7-7 17:08:19-debug: init image compress task 0 in bundle main
2026-7-7 17:08:19-debug: // ---- build task 查询 Asset Bundle ---- (417ms)
2026-7-7 17:08:19-log: run build task 查询 Asset Bundle success in 417 ms√, progress: 14%
2026-7-7 17:08:19-debug: 查询 Asset Bundle start, progress: 14%
2026-7-7 17:08:19-debug: [Build Memory track]: 查询 Asset Bundle start:289.44MB, end 296.80MB, increase: 7.36MB
2026-7-7 17:08:19-debug: // ---- build task 查询 Asset Bundle ----
2026-7-7 17:08:19-debug: // ---- build task 查询 Asset Bundle ---- (45ms)
2026-7-7 17:08:19-log: run build task 查询 Asset Bundle success in 45 ms√, progress: 19%
2026-7-7 17:08:19-debug: [Build Memory track]: 查询 Asset Bundle start:296.83MB, end 297.11MB, increase: 285.01KB
2026-7-7 17:08:19-debug: 打包脚本 start, progress: 19%
2026-7-7 17:08:19-debug: // ---- build task 打包脚本 ----
2026-7-7 17:08:20-log: [buildPolyfillsCommand]enter sub process 14996, 9229, see: chrome://inspect/#devices
2026-7-7 17:08:24-debug: execute-script-end with buildPolyfillsCommand 5318ms
2026-7-7 17:08:24-debug: Generate systemJs..., progress: 19%
2026-7-7 17:08:30-debug: execute-script-end with buildSystemJsCommand 5498ms
2026-7-7 17:08:30-debug: 构建项目脚本 start..., progress: 19%
2026-7-7 17:08:30-debug: 构建项目脚本 start..., progress: 13%
2026-7-7 17:08:38-warn: [buildScriptCommand][[Build.Script.Rollup]] Circular dependency: file:///D:/%E5%B7%A5%E7%A8%8B%E9%A1%B9%E7%9B%AE/PlayableAD/Cocos/TheW/20260615_HYQ/HYQ_Project/assets/Script/functionS/Jump/JumpManager.ts -> file:///D:/%E5%B7%A5%E7%A8%8B%E9%A1%B9%E7%9B%AE/PlayableAD/Cocos/TheW/20260615_HYQ/HYQ_Project/assets/Script/functionS/Jump/JumpDriveEngine.ts -> file:///D:/%E5%B7%A5%E7%A8%8B%E9%A1%B9%E7%9B%AE/PlayableAD/Cocos/TheW/20260615_HYQ/HYQ_Project/assets/Script/functionS/Jump/JumpManager.ts[warning][[Build.Script.Rollup]] Circular dependency: file:///D:/%E5%B7%A5%E7%A8%8B%E9%A1%B9%E7%9B%AE/PlayableAD/Cocos/TheW/20260615_HYQ/HYQ_Project/assets/Script/functionS/Monster/MonsterCreate.ts -> file:///D:/%E5%B7%A5%E7%A8%8B%E9%A1%B9%E7%9B%AE/PlayableAD/Cocos/TheW/20260615_HYQ/HYQ_Project/assets/Script/functionS/Other/PropArms.ts -> file:///D:/%E5%B7%A5%E7%A8%8B%E9%A1%B9%E7%9B%AE/PlayableAD/Cocos/TheW/20260615_HYQ/HYQ_Project/assets/Script/functionS/Monster/MonsterCreate.ts
2026-7-7 17:08:38-warn: [buildScriptCommand][[Build.Script.Rollup]] Circular dependency: file:///D:/%E5%B7%A5%E7%A8%8B%E9%A1%B9%E7%9B%AE/PlayableAD/Cocos/TheW/20260615_HYQ/HYQ_Project/extensions/super-packager/package_assets/JiangYv/PBASDK-v3/PrintComponent.ts -> file:///D:/%E5%B7%A5%E7%A8%8B%E9%A1%B9%E7%9B%AE/PlayableAD/Cocos/TheW/20260615_HYQ/HYQ_Project/extensions/super-packager/package_assets/JiangYv/PBASDK-v3/StutterCheck.ts -> file:///D:/%E5%B7%A5%E7%A8%8B%E9%A1%B9%E7%9B%AE/PlayableAD/Cocos/TheW/20260615_HYQ/HYQ_Project/extensions/super-packager/package_assets/JiangYv/PBASDK-v3/PrintComponent.ts
2026-7-7 17:08:43-log: [buildScriptCommand]Number of non-entry chunks: 3
2026-7-7 17:08:43-debug: execute-script-end with buildScriptCommand 12994ms
2026-7-7 17:08:43-debug: Copy externalScripts success!
2026-7-7 17:08:43-debug: 构建项目脚本 in (13064 ms) √, progress: 19%
2026-7-7 17:08:43-debug: 构建引擎脚本 start..., progress: 19%
2026-7-7 17:08:43-debug: 构建项目脚本 in (13064 ms) √, progress: 13%
2026-7-7 17:08:43-debug: mangleProperties is enabled, found engine-mangle-config.json, use it
2026-7-7 17:08:43-debug: Use cache engine: {link(C:\Users\Admin\AppData\Local\Temp\CocosCreator\3.8.7\builder\engine\a154ee511c93165416d720dbd46d8d34)}
2026-7-7 17:08:43-debug: Use cache, md5String: debug=false,sourceMaps=false,includeModules=["2d","3d","animation","audio","base","custom-pipeline","gfx-webgl","gfx-webgl2","graphics","particle","physics-2d-box2d","physics-ammo","primitive","profiler","skeletal-animation","tween","ui","custom-pipeline-builtin-scripts"],engineVersion="3.8.7",platformType="HTML5",split=false,nativeCodeBundleMode="asmjs",targets=undefined,entry="C:\\ProgramData\\cocos\\editors\\Creator\\3.8.7\\resources\\resources\\3d\\engine",noDeprecatedFeatures=undefined,loose=true,assetURLFormat="runtime-resolved",flags={"DEBUG":false,"LOAD_BULLET_MANUALLY":false,"LOAD_SPINE_MANUALLY":false,"WEBGPU":false},preserveType=undefined,wasmCompressionMode=false,enableNamedRegisterForSystemJSModuleFormat=undefined,mangleProperties=false,inlineEnum=true,
2026-7-7 17:08:43-debug: Use cache, options: {  "entry": "C:\\ProgramData\\cocos\\editors\\Creator\\3.8.7\\resources\\resources\\3d\\engine",  "debug": false,  "mangleProperties": false,  "inlineEnum": true,  "sourceMaps": false,  "includeModules": [    "2d",    "3d",    "animation",    "audio",    "base",    "custom-pipeline",    "gfx-webgl",    "gfx-webgl2",    "graphics",    "particle",    "physics-2d-box2d",    "physics-ammo",    "primitive",    "profiler",    "skeletal-animation",    "tween",    "ui",    "custom-pipeline-builtin-scripts"  ],  "engineVersion": "3.8.7",  "md5Map": [],  "engineName": "cocos-js",  "output": "D:\\工程项目\\PlayableAD\\Cocos\\TheW\\20260615_HYQ\\HYQ_Project\\build\\web-mobile\\cocos-js",  "platformType": "HTML5",  "useCache": true,  "nativeCodeBundleMode": "asmjs",  "wasmCompressionMode": false,  "split": false,  "assetURLFormat": "runtime-resolved",  "flags": {    "DEBUG": false,    "LOAD_BULLET_MANUALLY": false,    "LOAD_SPINE_MANUALLY": false,    "WEBGPU": false  }}
2026-7-7 17:08:43-debug: 构建引擎脚本 in (226 ms) √, progress: 19%
2026-7-7 17:08:43-debug: Copy plugin script ..., progress: 19%
2026-7-7 17:08:43-debug: Generate import-map..., progress: 19%
2026-7-7 17:08:43-log: run build task 打包脚本 success in 24 s√, progress: 24%
2026-7-7 17:08:43-debug: [Build Memory track]: 打包脚本 start:297.27MB, end 294.37MB, increase: -2974.82KB
2026-7-7 17:08:43-debug: Build bundles..., progress: 24%
2026-7-7 17:08:43-debug: Pack Images start, progress: 24%
2026-7-7 17:08:43-debug: Pack Images start, progress: 13%
2026-7-7 17:08:43-debug: Number of pac assets: 3
2026-7-7 17:08:43-debug: // ---- build task Build Assets ----
2026-7-7 17:08:43-debug: // ---- build task 打包脚本 ---- (24182ms)
2026-7-7 17:08:43-debug: Build Assets start, progress: 24%
2026-7-7 17:08:43-debug: Error: Exit process with code:null, signal:SIGTERM in task build-script    at ChildProcess.<anonymous> (C:\ProgramData\cocos\editors\Creator\3.8.7\resources\app.asar\builtin\builder\dist\worker\worker-pools\sub-process-manager.ccc:1:2409)    at ChildProcess.emit (node:events:519:28)    at Process.ChildProcess._handle.onexit (node:internal/child_process:294:12)
2026-7-7 17:08:43-debug: Get Cache info of pac success {asset(b74fc0c2-4c67-4dd4-8d74-9612ad56cfb1)}
2026-7-7 17:08:43-debug: Number of pack results: 2
2026-7-7 17:08:43-debug: start collect depend assets in pac17513a27-4f11-4047-a0be-8d0cb6187b9e
2026-7-7 17:08:43-debug: start collect depend assets in pacb74fc0c2-4c67-4dd4-8d74-9612ad56cfb1
2026-7-7 17:08:43-debug: start sort bundle in pacb74fc0c2-4c67-4dd4-8d74-9612ad56cfb1
2026-7-7 17:08:43-debug: end sort bundle in pacb74fc0c2-4c67-4dd4-8d74-9612ad56cfb1
2026-7-7 17:08:43-debug: start sort bundle in pac17513a27-4f11-4047-a0be-8d0cb6187b9e
2026-7-7 17:08:43-debug: Get Cache info of pac success {asset(17513a27-4f11-4047-a0be-8d0cb6187b9e)}
2026-7-7 17:08:43-debug: end sort bundle in pac17513a27-4f11-4047-a0be-8d0cb6187b9e
2026-7-7 17:08:43-debug: builder:pack-auto-atlas-image (181ms)
2026-7-7 17:08:43-debug: Pack Images success, progress: 24%
2026-7-7 17:08:43-debug: Compress image start..., progress: 24%
2026-7-7 17:08:43-debug: Pack Images success, progress: 13%
2026-7-7 17:08:43-debug: Compress image start..., progress: 13%
2026-7-7 17:08:43-debug: Num of all image compress task 0, really: 0, configTasks: 0
2026-7-7 17:08:43-debug: sort compress task {}
2026-7-7 17:08:43-debug: No image need to compress
2026-7-7 17:08:43-debug: Compress image success..., progress: 24%
2026-7-7 17:08:43-debug: Output asset in bundles start, progress: 24%
2026-7-7 17:08:43-debug: Output asset in bundles start, progress: 13%
2026-7-7 17:08:43-debug: Handle all json groups in bundle internal
2026-7-7 17:08:43-debug: handle json group
2026-7-7 17:08:43-debug: Handle all json groups in bundle resources
2026-7-7 17:08:43-debug: handle json group
2026-7-7 17:08:43-debug: Handle all json groups in bundle main
2026-7-7 17:08:43-debug: handle json group
2026-7-7 17:08:43-debug: Compress image success..., progress: 13%
2026-7-7 17:08:43-debug: Json group(033f45a16) compile success，json number: 6
2026-7-7 17:08:43-debug: Json group(0b54f34d0) compile success，json number: 6
2026-7-7 17:08:43-debug: handle single json
2026-7-7 17:08:44-debug: Json group(0c368b992) compile success，json number: 6
2026-7-7 17:08:44-debug: Json group(0a84a1761) compile success，json number: 6
2026-7-7 17:08:44-debug: Json group(09e986d7f) compile success，json number: 6
2026-7-7 17:08:44-debug: Json group(0a8b38f43) compile success，json number: 6
2026-7-7 17:08:44-debug: Json group(05a6ba422) compile success，json number: 6
2026-7-7 17:08:44-debug: handle single json
2026-7-7 17:08:44-debug: Json group(0bd960b15) compile success，json number: 6
2026-7-7 17:08:44-debug: Json group(05d786f3c) compile success，json number: 6
2026-7-7 17:08:44-debug: Json group(0a9a16365) compile success，json number: 6
2026-7-7 17:08:44-debug: Json group(0939f5774) compile success，json number: 6
2026-7-7 17:08:44-debug: Json group(04d1efb95) compile success，json number: 6
2026-7-7 17:08:44-debug: Json group(05ff4bf9a) compile success，json number: 6
2026-7-7 17:08:44-debug: Json group(058888a4d) compile success，json number: 6
2026-7-7 17:08:44-debug: Json group(0aa2d87de) compile success，json number: 6
2026-7-7 17:08:44-debug: Json group(0936a916b) compile success，json number: 6
2026-7-7 17:08:44-debug: Json group(0b3e0b1ce) compile success，json number: 6
2026-7-7 17:08:44-debug: Json group(03bca836c) compile success，json number: 6
2026-7-7 17:08:44-debug: Json group(018f8689b) compile success，json number: 6
2026-7-7 17:08:44-debug: Json group(09f4a3c5f) compile success，json number: 6
2026-7-7 17:08:44-debug: Json group(0573d1736) compile success，json number: 6
2026-7-7 17:08:44-warn: The Mesh used by component "cc.MeshRenderer" in prefab "Role_2" is missing. Detailed information:Node path: "Role_2/New Node/Bip001 Prop1 Socket/jiateling01"Asset url: "db://assets/GameRes/Prefab/Role_2"Missing uuid: "03189dd5-73dd-4e52-8644-1ff1a122b972@18a45"
2026-7-7 17:08:44-warn: The Mesh used by component "cc.MeshRenderer" in prefab "Role_2" is missing. Detailed information:Node path: "Role_2/New Node/Bip001 Prop1 Socket/jiateling01"Asset url: "db://assets/GameRes/Prefab/Role_2"Missing uuid: "03189dd5-73dd-4e52-8644-1ff1a122b972@18a45"
2026-7-7 17:08:44-debug: Json group(0d1405e99) compile success，json number: 6
2026-7-7 17:08:44-debug: Json group(0fbb3d0d7) compile success，json number: 6
2026-7-7 17:08:44-debug: Json group(0b756a9e5) compile success，json number: 6
2026-7-7 17:08:44-debug: Json group(0acdaf410) compile success，json number: 6
2026-7-7 17:08:44-debug: Json group(045d59844) compile success，json number: 6
2026-7-7 17:08:44-debug: Json group(03d712220) compile success，json number: 6
2026-7-7 17:08:44-debug: Json group(0418d0963) compile success，json number: 6
2026-7-7 17:08:44-debug: Json group(0d46b5455) compile success，json number: 6
2026-7-7 17:08:44-debug: Json group(0d76502e0) compile success，json number: 6
2026-7-7 17:08:45-warn: The Mesh used by component "cc.MeshRenderer" in prefab "Role_1" is missing. Detailed information:Node path: "Role_1/New Node/Bip001 Prop1 Socket/jiateling01"Asset url: "db://assets/GameRes/Prefab/Role_1"Missing uuid: "03189dd5-73dd-4e52-8644-1ff1a122b972@18a45"
2026-7-7 17:08:45-debug: Json group(0678030fa) compile success，json number: 6
2026-7-7 17:08:45-debug: Json group(05744dfbc) compile success，json number: 6
2026-7-7 17:08:45-debug: handle single json
2026-7-7 17:08:45-debug: Output asset in bundles success, progress: 24%
2026-7-7 17:08:45-debug: Output asset in bundles success, progress: 13%
2026-7-7 17:08:45-debug: Output asset in bundles start, progress: 24%
2026-7-7 17:08:45-debug: Output asset in bundles start, progress: 13%
2026-7-7 17:08:45-debug: compress config of bundle internal...
2026-7-7 17:08:45-debug: compress config of bundle resources...
2026-7-7 17:08:45-debug: compress config of bundle resources success
2026-7-7 17:08:45-debug: compress config of bundle main...
2026-7-7 17:08:45-debug: compress config of bundle main success
2026-7-7 17:08:45-debug: compress config of bundle internal success
2026-7-7 17:08:45-debug: output config of bundle internal
2026-7-7 17:08:45-debug: output config of bundle resources
2026-7-7 17:08:45-debug: output config of bundle resources success
2026-7-7 17:08:45-debug: output config of bundle main success
2026-7-7 17:08:45-debug: output config of bundle internal success
2026-7-7 17:08:45-debug: Output asset in bundles success, progress: 13%
2026-7-7 17:08:45-debug: Output asset in bundles success, progress: 24%
2026-7-7 17:08:45-debug: output config of bundle main
2026-7-7 17:08:45-debug: // ---- build task Build Assets ---- (2300ms)
2026-7-7 17:08:45-debug: [Build Memory track]: Build Assets start:294.40MB, end 292.19MB, increase: -2268.19KB
2026-7-7 17:08:45-log: run build task Build Assets success in 2 s√, progress: 29%
2026-7-7 17:08:45-debug: 整理部分构建选项内数据到 settings.json start, progress: 29%
2026-7-7 17:08:45-debug: // ---- build task 整理部分构建选项内数据到 settings.json ----
2026-7-7 17:08:45-debug: // ---- build task 整理部分构建选项内数据到 settings.json ---- (46ms)
2026-7-7 17:08:45-log: run build task 整理部分构建选项内数据到 settings.json success in 46 ms√, progress: 31%
2026-7-7 17:08:45-debug: [Build Memory track]: 整理部分构建选项内数据到 settings.json start:292.30MB, end 292.37MB, increase: 77.30KB
2026-7-7 17:08:45-debug: 填充脚本数据到 settings.json start, progress: 31%
2026-7-7 17:08:45-debug: // ---- build task 填充脚本数据到 settings.json ----
2026-7-7 17:08:46-debug: // ---- build task 填充脚本数据到 settings.json ---- (47ms)
2026-7-7 17:08:46-log: run build task 填充脚本数据到 settings.json success in 47 ms√, progress: 32%
2026-7-7 17:08:46-debug: [Build Memory track]: 填充脚本数据到 settings.json start:292.41MB, end 292.48MB, increase: 76.90KB
2026-7-7 17:08:46-debug: 整理部分构建选项内数据到 settings.json start, progress: 32%
2026-7-7 17:08:46-debug: // ---- build task 整理部分构建选项内数据到 settings.json ----
2026-7-7 17:08:46-debug: // ---- build task 整理部分构建选项内数据到 settings.json ---- (337ms)
2026-7-7 17:08:46-log: run build task 整理部分构建选项内数据到 settings.json success in 337 ms√, progress: 34%
2026-7-7 17:08:46-debug: [Build Memory track]: 整理部分构建选项内数据到 settings.json start:292.52MB, end 292.67MB, increase: 152.32KB
2026-7-7 17:08:46-debug: web-mobile:(onBeforeCompressSettings) start..., progress: 34%
2026-7-7 17:08:46-debug: // ---- build task web-mobile：onBeforeCompressSettings ----
2026-7-7 17:08:46-debug: // ---- build task web-mobile：onBeforeCompressSettings ---- (51ms)
2026-7-7 17:08:46-debug: cocos-service:(onBeforeCompressSettings) start..., progress: 36%
2026-7-7 17:08:46-debug: web-mobile:(onBeforeCompressSettings) in 51 ms ✓, progress: 36%
2026-7-7 17:08:46-debug: // ---- build task cocos-service：onBeforeCompressSettings ----
2026-7-7 17:08:46-debug: // ---- build task cocos-service：onBeforeCompressSettings ---- (118ms)
2026-7-7 17:08:46-debug: cocos-service:(onBeforeCompressSettings) in 118 ms ✓, progress: 38%
2026-7-7 17:08:46-debug: super-packager:(onBeforeCompressSettings) start..., progress: 38%
2026-7-7 17:08:46-log: [SUPER_PACKAGE]onBeforeCompressSettings
2026-7-7 17:08:46-debug: // ---- build task super-packager：onBeforeCompressSettings ----
2026-7-7 17:08:46-debug: // ---- build task super-packager：onBeforeCompressSettings ---- (52ms)
2026-7-7 17:08:46-debug: super-packager:(onBeforeCompressSettings) in 52 ms ✓, progress: 40%
2026-7-7 17:08:46-debug: 整理静态模板文件 start, progress: 40%
2026-7-7 17:08:46-debug: // ---- build task 整理静态模板文件 ----
2026-7-7 17:08:46-debug: // ---- build task 整理静态模板文件 ---- (103ms)
2026-7-7 17:08:46-log: run build task 整理静态模板文件 success in 103 ms√, progress: 45%
2026-7-7 17:08:46-debug: [Build Memory track]: 整理静态模板文件 start:293.07MB, end 297.38MB, increase: 4.31MB
2026-7-7 17:08:46-debug: cocos-service:(onAfterCompressSettings) start..., progress: 45%
2026-7-7 17:08:46-debug: // ---- build task cocos-service：onAfterCompressSettings ----
2026-7-7 17:08:46-debug: // ---- build task cocos-service：onAfterCompressSettings ---- (84ms)
2026-7-7 17:08:46-debug: cocos-service:(onAfterCompressSettings) in 84 ms ✓, progress: 46%
2026-7-7 17:08:46-debug: // ---- build task super-packager：onAfterCompressSettings ----
2026-7-7 17:08:46-log: [SUPER_PACKAGE]onAfterCompressSettings
2026-7-7 17:08:46-debug: super-packager:(onAfterCompressSettings) start..., progress: 46%
2026-7-7 17:08:46-debug: // ---- build task super-packager：onAfterCompressSettings ---- (40ms)
2026-7-7 17:08:46-debug: super-packager:(onAfterCompressSettings) in 40 ms ✓, progress: 48%
2026-7-7 17:08:46-debug: web-mobile:(onBeforeCopyBuildTemplate) start..., progress: 48%
2026-7-7 17:08:46-debug: // ---- build task web-mobile：onBeforeCopyBuildTemplate ----
2026-7-7 17:08:46-debug: // ---- build task web-mobile：onBeforeCopyBuildTemplate ---- (87ms)
2026-7-7 17:08:46-debug: web-mobile:(onBeforeCopyBuildTemplate) in 87 ms ✓, progress: 50%
2026-7-7 17:08:46-debug: 给所有的资源加上 MD5 后缀 start, progress: 50%
2026-7-7 17:08:46-debug: // ---- build task 给所有的资源加上 MD5 后缀 ----
2026-7-7 17:08:46-debug: // ---- build task 给所有的资源加上 MD5 后缀 ---- (48ms)
2026-7-7 17:08:46-debug: [Build Memory track]: 给所有的资源加上 MD5 后缀 start:294.06MB, end 294.15MB, increase: 88.06KB
2026-7-7 17:08:46-log: run build task 给所有的资源加上 MD5 后缀 success in 48 ms√, progress: 60%
2026-7-7 17:08:46-debug: web-mobile:(onAfterBuild) start..., progress: 60%
2026-7-7 17:08:46-debug: // ---- build task web-mobile：onAfterBuild ----
2026-7-7 17:08:47-debug: // ---- build task web-mobile：onAfterBuild ---- (68ms)
2026-7-7 17:08:47-debug: web-mobile:(onAfterBuild) in 68 ms ✓, progress: 62%
2026-7-7 17:08:47-debug: cocos-service:(onAfterBuild) start..., progress: 62%
2026-7-7 17:08:47-debug: // ---- build task cocos-service：onAfterBuild ----
2026-7-7 17:08:47-debug: // ---- build task cocos-service：onAfterBuild ---- (115ms)
2026-7-7 17:08:47-debug: cocos-service:(onAfterBuild) in 115 ms ✓, progress: 64%
2026-7-7 17:08:47-debug: // ---- build task adsense-h5g-plugin：onAfterBuild ----
2026-7-7 17:08:47-debug: adsense-h5g-plugin:(onAfterBuild) start..., progress: 64%
2026-7-7 17:08:47-debug: // ---- build task adsense-h5g-plugin：onAfterBuild ---- (55ms)
2026-7-7 17:08:47-debug: adsense-h5g-plugin:(onAfterBuild) in 55 ms ✓, progress: 65%
2026-7-7 17:08:47-debug: // ---- build task super-html：onAfterBuild ----
2026-7-7 17:08:47-log: [super-html] : -- start --
2026-7-7 17:08:47-log: [super-html] : engine version 3.8.7
2026-7-7 17:08:47-log: [super-html] : s_input_dir D:\工程项目\PlayableAD\Cocos\TheW\20260615_HYQ\HYQ_Project\build\web-mobile
2026-7-7 17:08:47-debug: super-html:(onAfterBuild) start..., progress: 65%
2026-7-7 17:08:47-log: [super-html] : s_out_dir D:\工程项目\PlayableAD\Cocos\TheW\20260615_HYQ\HYQ_Project\build\super-html
2026-7-7 17:08:54-log: 资源数据库已锁定，资源操作(refresh)将会延迟响应，请稍侯
2026-7-7 17:08:54-debug: // ---- build task super-html：onAfterBuild ---- (7380ms)
2026-7-7 17:08:54-debug: super-html:(onAfterBuild) in 7380 ms ✓, progress: 67%
2026-7-7 17:08:54-debug: super-packager:(onAfterBuild) start..., progress: 67%
2026-7-7 17:08:54-debug: // ---- build task super-packager：onAfterBuild ----
2026-7-7 17:08:54-log: [SUPER_PACKAGE]onAfterBuild
2026-7-7 17:08:55-debug: // ---- build task super-packager：onAfterBuild ---- (266ms)
2026-7-7 17:08:55-log: Asset DB is resume!
2026-7-7 17:08:55-debug: super-packager:(onAfterBuild) in 266 ms ✓, progress: 69%
2026-7-7 17:08:55-debug: builder:build-project-total (36974ms)
2026-7-7 17:08:55-debug: build task(web-mobile) in 36974!
2026-7-7 17:08:55-debug: [Build Memory track]: builder:build-project-total start:292.89MB, end 291.87MB, increase: -1043.30KB
2026-7-7 17:08:55-debug: ================================ build Task (web-mobile) Finished in (37 s)ms ================================
2026-7-7 17:08:55-debug: Stop record console. {file(D:\工程项目\PlayableAD\Cocos\TheW\20260615_HYQ\HYQ_Project\temp\builder\log\web-mobile2026-6-30 10-27.log)}
2026-7-7 17:08:55-warn: The Mesh used by component "cc.MeshRenderer" in prefab "Role_2" is missing. Detailed information:Node path: "Role_2/New Node/Bip001 Prop1 Socket/jiateling01"Asset url: "db://assets/GameRes/Prefab/Role_2"Missing uuid: "03189dd5-73dd-4e52-8644-1ff1a122b972@18a45"
2026-7-7 17:08:55-warn: The Mesh used by component "cc.MeshRenderer" in prefab "Role_2" is missing. Detailed information:Node path: "Role_2/New Node/Bip001 Prop1 Socket/jiateling01"Asset url: "db://assets/GameRes/Prefab/Role_2"Missing uuid: "03189dd5-73dd-4e52-8644-1ff1a122b972@18a45"
2026-7-7 17:08:55-warn: The Mesh used by component "cc.MeshRenderer" in prefab "Role_1" is missing. Detailed information:Node path: "Role_1/New Node/Bip001 Prop1 Socket/jiateling01"Asset url: "db://assets/GameRes/Prefab/Role_1"Missing uuid: "03189dd5-73dd-4e52-8644-1ff1a122b972@18a45"
2026-7-7 17:08:56-debug: refresh db internal success
2026-7-7 17:08:56-debug: refresh db assets success
2026-7-7 17:08:56-debug: %cImport%c: D:\工程项目\PlayableAD\Cocos\TheW\20260615_HYQ\HYQ_Project\extensions\super-packager\package_assets\Common\SuperPackage.tsbackground: #aaff85; color: #000;color: #000;
2026-7-7 17:08:56-debug: %cImport%c: D:\工程项目\PlayableAD\Cocos\TheW\20260615_HYQ\HYQ_Project\extensions\super-packager\package_assets\JiangYv\PBASDK-v3\PBASDK.tsbackground: #aaff85; color: #000;color: #000;
2026-7-7 17:08:56-debug: refresh db super-packager success
2026-7-7 17:08:56-debug: Run asset db hook engine-extends:afterRefresh ...
2026-7-7 17:08:56-debug: Run asset db hook engine-extends:afterRefresh success!
2026-7-7 17:08:56-debug: asset-db:refresh-all-database (1533ms)
2026-7-7 17:08:56-debug: asset-db:worker-effect-data-processing (4ms)
2026-7-7 17:08:56-debug: asset-db-hook-engine-extends-afterRefresh (5ms)
2026-7-7 17:08:58-debug: Query all assets info in project
2026-7-7 17:08:58-debug: init custom config: keepNodeUuid: false, useCache: true
2026-7-7 17:08:58-debug: Skip compress image, progress: 0%
2026-7-7 17:08:58-debug: Init all bundles start..., progress: 0%
2026-7-7 17:08:58-debug: 查询 Asset Bundle start, progress: 0%
2026-7-7 17:08:58-debug: // ---- build task 查询 Asset Bundle ----
2026-7-7 17:08:58-debug: Num of bundles: 3..., progress: 0%
2026-7-7 17:08:58-debug: Init bundle root assets start..., progress: 0%
2026-7-7 17:08:58-debug: Query preload assets/scripts from cc.config.json: 60f7195c-ec2a-45eb-ba94-8955f60e81d0,1c02ae6f-4492-4915-b8f8-7492a3b1e4cd,810e96e4-e456-4468-9b59-f4e8f39732c0,efe8e2a3-eace-427b-b4f1-cb8a937ec77d,e9aa9a3e-5b2b-4ac7-a2c7-073de2b2b24f,8bbdbcdd-5cd4-4100-b6d5-b7c9625b6107,50f4348b-c883-4e2f-8f11-ce233b859fa1,fda095cb-831d-4601-ad94-846013963de8,f92806d7-1768-443f-afe8-12bcde84d0f0,dd3a144d-ab7f-41f0-82b8-2e43a090d496,f0416e68-0200-4b77-a926-4f9d16e494da,511d2633-09a7-4bdd-ac42-f778032124b3,5d45aa00-e064-4938-b314-4265f0c2258c,9361fd90-ba52-4f84-aa93-6e878fd576ca,970b0598-bcb0-4714-91fb-2e81440dccd8,bcd64cc6-2dd9-43f6-abbe-66318d332032,d930590d-bb92-4cc8-8bd1-23cd027f9edf,a3cd009f-0ab0-420d-9278-b9fdab939bbc,6a2d0734-bd9e-4ddf-946e-caa52498cb75,d1346436-ac96-4271-b863-1f4fdead95b0,971bdb23-3ff6-43eb-b422-1c30165a3663,17debcc3-0a6b-4b8a-b00b-dc58b885581e,711ebe11-f673-4cd9-9a83-63c60ba54c5b,c0143906-9aed-447e-9436-2ae8512d1b6e,14da1725-c4c2-42b4-ab08-ee0aeb6898b3,081cab31-dccd-428e-8652-f2404cc81c47,78e0584a-4343-4727-8f37-e14e65c2a2db,ba21476f-2866-4f81-9c4d-6e359316e448,871c3b6c-7379-419d-bda3-794b239ab90d,ff9b0199-ce04-4cfe-86cc-6c719f08d6e4,de1c2107-70c8-4021-8459-6399f24d01c6,cbf30902-517f-40dc-af90-a550bac27cf1,5c601d96-e4c7-4698-991b-7ee674b11079
2026-7-7 17:08:58-debug:   Number of all scenes: 5
2026-7-7 17:08:58-debug:   Number of other assets: 1158
2026-7-7 17:08:58-debug: Init bundle root assets success..., progress: 0%
2026-7-7 17:08:58-debug:   Number of all scripts: 109
2026-7-7 17:08:58-log: run build task 查询 Asset Bundle success in 23 ms√, progress: 5%
2026-7-7 17:08:58-debug: [Build Memory track]: 查询 Asset Bundle start:295.33MB, end 296.94MB, increase: 1.61MB
2026-7-7 17:08:58-debug: 查询 Asset Bundle start, progress: 5%
2026-7-7 17:08:58-debug: // ---- build task 查询 Asset Bundle ----
2026-7-7 17:08:58-debug: // ---- build task 查询 Asset Bundle ---- (23ms)
2026-7-7 17:08:58-debug: // ---- build task 查询 Asset Bundle ---- (9ms)
2026-7-7 17:08:58-log: run build task 查询 Asset Bundle success in 9 ms√, progress: 10%
2026-7-7 17:08:58-debug: [Build Memory track]: 查询 Asset Bundle start:296.97MB, end 297.21MB, increase: 245.77KB
2026-7-7 17:08:58-debug: 整理部分构建选项内数据到 settings.json start, progress: 10%
2026-7-7 17:08:58-debug: // ---- build task 整理部分构建选项内数据到 settings.json ----
2026-7-7 17:08:58-log: run build task 整理部分构建选项内数据到 settings.json success in 9 ms√, progress: 12%
2026-7-7 17:08:58-debug: // ---- build task 整理部分构建选项内数据到 settings.json ---- (9ms)
2026-7-7 17:08:58-debug: 填充脚本数据到 settings.json start, progress: 12%
2026-7-7 17:08:58-debug: [Build Memory track]: 整理部分构建选项内数据到 settings.json start:297.25MB, end 297.27MB, increase: 27.00KB
2026-7-7 17:08:58-debug: // ---- build task 填充脚本数据到 settings.json ----
2026-7-7 17:08:58-debug: // ---- build task 填充脚本数据到 settings.json ---- (4ms)
2026-7-7 17:08:58-log: run build task 填充脚本数据到 settings.json success in 4 ms√, progress: 13%
2026-7-7 17:08:58-debug: [Build Memory track]: 填充脚本数据到 settings.json start:297.31MB, end 297.34MB, increase: 28.76KB
2026-7-7 17:08:58-debug: 整理部分构建选项内数据到 settings.json start, progress: 13%
2026-7-7 17:08:58-debug: // ---- build task 整理部分构建选项内数据到 settings.json ----
2026-7-7 17:08:58-debug: // ---- build task 整理部分构建选项内数据到 settings.json ---- (9ms)
2026-7-7 17:08:58-log: run build task 整理部分构建选项内数据到 settings.json success in 9 ms√, progress: 15%
2026-7-7 17:08:58-debug: [Build Memory track]: 整理部分构建选项内数据到 settings.json start:297.37MB, end 297.43MB, increase: 66.88KB
2026-7-7 17:08:58-debug: Query all assets info in project
2026-7-7 17:08:58-debug: init custom config: keepNodeUuid: false, useCache: true
2026-7-7 17:08:58-debug: Skip compress image, progress: 0%
2026-7-7 17:08:58-debug: Init all bundles start..., progress: 0%
2026-7-7 17:08:58-debug: 查询 Asset Bundle start, progress: 0%
2026-7-7 17:08:58-debug: Num of bundles: 3..., progress: 0%
2026-7-7 17:08:58-debug: // ---- build task 查询 Asset Bundle ----
2026-7-7 17:08:58-debug: Init bundle root assets start..., progress: 0%
2026-7-7 17:08:58-debug: Query preload assets/scripts from cc.config.json: 60f7195c-ec2a-45eb-ba94-8955f60e81d0,1c02ae6f-4492-4915-b8f8-7492a3b1e4cd,810e96e4-e456-4468-9b59-f4e8f39732c0,efe8e2a3-eace-427b-b4f1-cb8a937ec77d,e9aa9a3e-5b2b-4ac7-a2c7-073de2b2b24f,8bbdbcdd-5cd4-4100-b6d5-b7c9625b6107,50f4348b-c883-4e2f-8f11-ce233b859fa1,fda095cb-831d-4601-ad94-846013963de8,f92806d7-1768-443f-afe8-12bcde84d0f0,dd3a144d-ab7f-41f0-82b8-2e43a090d496,f0416e68-0200-4b77-a926-4f9d16e494da,511d2633-09a7-4bdd-ac42-f778032124b3,5d45aa00-e064-4938-b314-4265f0c2258c,9361fd90-ba52-4f84-aa93-6e878fd576ca,970b0598-bcb0-4714-91fb-2e81440dccd8,bcd64cc6-2dd9-43f6-abbe-66318d332032,d930590d-bb92-4cc8-8bd1-23cd027f9edf,a3cd009f-0ab0-420d-9278-b9fdab939bbc,6a2d0734-bd9e-4ddf-946e-caa52498cb75,d1346436-ac96-4271-b863-1f4fdead95b0,971bdb23-3ff6-43eb-b422-1c30165a3663,17debcc3-0a6b-4b8a-b00b-dc58b885581e,711ebe11-f673-4cd9-9a83-63c60ba54c5b,c0143906-9aed-447e-9436-2ae8512d1b6e,14da1725-c4c2-42b4-ab08-ee0aeb6898b3,081cab31-dccd-428e-8652-f2404cc81c47,78e0584a-4343-4727-8f37-e14e65c2a2db,ba21476f-2866-4f81-9c4d-6e359316e448,871c3b6c-7379-419d-bda3-794b239ab90d,ff9b0199-ce04-4cfe-86cc-6c719f08d6e4,de1c2107-70c8-4021-8459-6399f24d01c6,cbf30902-517f-40dc-af90-a550bac27cf1,5c601d96-e4c7-4698-991b-7ee674b11079
2026-7-7 17:08:58-debug:   Number of all scenes: 5
2026-7-7 17:08:58-debug:   Number of all scripts: 109
2026-7-7 17:08:58-debug: Init bundle root assets success..., progress: 0%
2026-7-7 17:08:58-debug:   Number of other assets: 1158
2026-7-7 17:08:58-debug: // ---- build task 查询 Asset Bundle ---- (19ms)
2026-7-7 17:08:58-log: run build task 查询 Asset Bundle success in 19 ms√, progress: 5%
2026-7-7 17:08:58-debug: 查询 Asset Bundle start, progress: 5%
2026-7-7 17:08:58-debug: [Build Memory track]: 查询 Asset Bundle start:298.12MB, end 299.71MB, increase: 1.59MB
2026-7-7 17:08:58-debug: // ---- build task 查询 Asset Bundle ----
2026-7-7 17:08:58-debug: // ---- build task 查询 Asset Bundle ---- (7ms)
2026-7-7 17:08:58-log: run build task 查询 Asset Bundle success in 7 ms√, progress: 10%
2026-7-7 17:08:58-debug: 整理部分构建选项内数据到 settings.json start, progress: 10%
2026-7-7 17:08:58-debug: [Build Memory track]: 查询 Asset Bundle start:299.74MB, end 299.97MB, increase: 229.53KB
2026-7-7 17:08:58-debug: // ---- build task 整理部分构建选项内数据到 settings.json ----
2026-7-7 17:08:58-log: run build task 整理部分构建选项内数据到 settings.json success in 3 ms√, progress: 12%
2026-7-7 17:08:58-debug: [Build Memory track]: 整理部分构建选项内数据到 settings.json start:300.00MB, end 300.03MB, increase: 27.29KB
2026-7-7 17:08:58-debug: 填充脚本数据到 settings.json start, progress: 12%
2026-7-7 17:08:58-debug: // ---- build task 整理部分构建选项内数据到 settings.json ---- (3ms)
2026-7-7 17:08:58-debug: // ---- build task 填充脚本数据到 settings.json ----
2026-7-7 17:08:58-debug: // ---- build task 填充脚本数据到 settings.json ---- (4ms)
2026-7-7 17:08:58-log: run build task 填充脚本数据到 settings.json success in 4 ms√, progress: 13%
2026-7-7 17:08:58-debug: [Build Memory track]: 填充脚本数据到 settings.json start:300.06MB, end 300.09MB, increase: 28.94KB
2026-7-7 17:08:58-debug: // ---- build task 整理部分构建选项内数据到 settings.json ----
2026-7-7 17:08:58-debug: 整理部分构建选项内数据到 settings.json start, progress: 13%
2026-7-7 17:08:58-debug: // ---- build task 整理部分构建选项内数据到 settings.json ---- (13ms)
2026-7-7 17:08:58-log: run build task 整理部分构建选项内数据到 settings.json success in 13 ms√, progress: 15%
2026-7-7 17:08:58-debug: [Build Memory track]: 整理部分构建选项内数据到 settings.json start:300.12MB, end 300.19MB, increase: 65.28KB
2026-7-7 17:09:00-log: [super-html] : [common] [13586 kb] D:\工程项目\PlayableAD\Cocos\TheW\20260615_HYQ\HYQ_Project\build\super-html\common\HYQ_common.html
2026-7-7 17:09:00-log: [super-html] : [common] [6212 kb] D:\工程项目\PlayableAD\Cocos\TheW\20260615_HYQ\HYQ_Project\build\super-html\common\HYQ_common_min.html
2026-7-7 17:09:00-log: [super-html] : [applovin] [6213 kb] D:\工程项目\PlayableAD\Cocos\TheW\20260615_HYQ\HYQ_Project\build\super-html\applovin\HYQ_applovin.html
2026-7-7 17:09:00-log: [super-html] : [ironsource] [6216 kb] D:\工程项目\PlayableAD\Cocos\TheW\20260615_HYQ\HYQ_Project\build\super-html\ironsource\HYQ_ironsource.html
2026-7-7 17:09:01-log: [super-html] : [ironsource2025] [6214 kb] D:\工程项目\PlayableAD\Cocos\TheW\20260615_HYQ\HYQ_Project\build\super-html\ironsource2025\HYQ_ironsource2025.html
2026-7-7 17:09:01-debug: refresh db internal success
2026-7-7 17:09:01-debug: refresh db assets success
2026-7-7 17:09:01-debug: refresh db super-packager success
2026-7-7 17:09:01-debug: Run asset db hook engine-extends:afterRefresh ...
2026-7-7 17:09:01-debug: Run asset db hook engine-extends:afterRefresh success!
2026-7-7 17:09:01-debug: asset-db:refresh-all-database (747ms)
2026-7-7 17:09:01-debug: asset-db:worker-effect-data-processing (4ms)
2026-7-7 17:09:01-debug: asset-db-hook-engine-extends-afterRefresh (5ms)
2026-7-7 17:09:02-log: [super-html] : [mintegral] [4498 kb] D:\工程项目\PlayableAD\Cocos\TheW\20260615_HYQ\HYQ_Project\build\super-html\mintegral\HYQ_mintegral.zip
2026-7-7 17:09:02-log: [super-html] : [unity] [6213 kb] D:\工程项目\PlayableAD\Cocos\TheW\20260615_HYQ\HYQ_Project\build\super-html\unity\HYQ_unity.html
2026-7-7 17:09:02-log: [super-html] : [chartboost] [6213 kb] D:\工程项目\PlayableAD\Cocos\TheW\20260615_HYQ\HYQ_Project\build\super-html\chartboost\HYQ_chartboost.html
2026-7-7 17:09:03-log: [super-html] : [google] [4567 kb] D:\工程项目\PlayableAD\Cocos\TheW\20260615_HYQ\HYQ_Project\build\super-html\google\HYQ_google.zip
2026-7-7 17:09:04-debug: refresh db internal success
2026-7-7 17:09:04-log: [super-html] : [google] [4566 kb] D:\工程项目\PlayableAD\Cocos\TheW\20260615_HYQ\HYQ_Project\build\super-html\google\HYQ_google_portrait.zip
2026-7-7 17:09:05-debug: refresh db assets success
2026-7-7 17:09:05-debug: refresh db super-packager success
2026-7-7 17:09:05-debug: Run asset db hook engine-extends:afterRefresh ...
2026-7-7 17:09:05-debug: Run asset db hook engine-extends:afterRefresh success!
2026-7-7 17:09:05-debug: asset-db:refresh-all-database (728ms)
2026-7-7 17:09:05-debug: asset-db:worker-effect-data-processing (4ms)
2026-7-7 17:09:05-debug: asset-db-hook-engine-extends-afterRefresh (4ms)
2026-7-7 17:09:05-log: [super-html] : [google] [4566 kb] D:\工程项目\PlayableAD\Cocos\TheW\20260615_HYQ\HYQ_Project\build\super-html\google\HYQ_google_landscape.zip
2026-7-7 17:09:05-log: [super-html] : [facebook] [6213 kb] D:\工程项目\PlayableAD\Cocos\TheW\20260615_HYQ\HYQ_Project\build\super-html\facebook\HYQ_facebook.html
2026-7-7 17:09:06-debug: refresh db internal success
2026-7-7 17:09:06-debug: refresh db assets success
2026-7-7 17:09:06-debug: refresh db super-packager success
2026-7-7 17:09:06-debug: Run asset db hook engine-extends:afterRefresh ...
2026-7-7 17:09:06-debug: Run asset db hook engine-extends:afterRefresh success!
2026-7-7 17:09:06-debug: asset-db:refresh-all-database (774ms)
2026-7-7 17:09:06-debug: asset-db:worker-effect-data-processing (5ms)
2026-7-7 17:09:06-debug: asset-db-hook-engine-extends-afterRefresh (5ms)
2026-7-7 17:09:06-log: [super-html] : [facebook] [4566 kb] D:\工程项目\PlayableAD\Cocos\TheW\20260615_HYQ\HYQ_Project\build\super-html\facebook\HYQ_facebook.zip
2026-7-7 17:09:07-debug: Start record console... {file(D:\工程项目\PlayableAD\Cocos\TheW\20260615_HYQ\HYQ_Project\temp\builder\log\web-mobile2026-6-30 10-27.log)}
2026-7-7 17:09:07-debug: Start build task, options:{"name":"HYQ","server":"","engineModulesConfigKey":"defaultConfig","platform":"web-mobile","buildPath":"project://build","debug":false,"buildMode":"normal","mangleProperties":false,"md5Cache":false,"skipCompressTexture":false,"sourceMaps":false,"overwriteProjectSettings":{"includeModules":{"gfx-webgl2":"on","physics":"inherit-project-setting","physics-2d":"inherit-project-setting"},"macroConfig":{"cleanupImageCache":"inherit-project-setting"}},"nativeCodeBundleMode":"asmjs","polyfills":{"asyncFunctions":true},"experimentalEraseModules":false,"startSceneAssetBundle":false,"bundleConfigs":[],"inlineEnum":true,"useBuiltinServer":false,"md5CacheOptions":{"excludes":[],"includes":[],"replaceOnly":[],"handleTemplateMd5Link":true},"mainBundleIsRemote":false,"mainBundleCompressionType":"merge_dep","useSplashScreen":true,"bundleCommonChunk":false,"packAutoAtlas":true,"startScene":"b5805d3a-3b80-4a12-adf5-588e63a7d886","outputName":"web-mobile","taskName":"web-mobile","scenes":[{"url":"db://assets/Scene/Game_3D-002.scene","uuid":"b5805d3a-3b80-4a12-adf5-588e63a7d886"}],"wasmCompressionMode":false,"binGroupConfig":{"threshold":16,"enable":false},"packages":{"adsense-h5g-plugin":{"enableAdsense":false,"enableTestAd":false,"__version__":"1.0.1","AFPHostPropertyCode":"ca-host-pub-5396158963872751","AFPHostDomain":"douyougame.com","otherAFPHostPropertyCode":"","otherAFPDomain":""},"web-mobile":{"useWebGPU":false,"orientation":"auto","embedWebDebugger":false,"__version__":"1.0.1"},"cocos-service":{"configID":"56841a","services":[],"__version__":"3.0.9"},"super-packager":{"googlePlayUrl":"","appStoreUrl":"","__version__":"2.7.0"}},"__version__":"1.3.9","logDest":"project://temp/builder/log/web-mobile2026-6-30 10-27.log"}
2026-7-7 17:09:07-debug: =================================== build Task (web-mobile) Start ================================
2026-7-7 17:09:07-debug: Build with Cocos Creator 3.8.7
2026-7-7 17:09:07-debug: cocos-service:(onBeforeBuild) start..., progress: 0%
2026-7-7 17:09:07-debug: // ---- build task cocos-service：onBeforeBuild ----
2026-7-7 17:09:07-debug: // ---- build task cocos-service：onBeforeBuild ---- (159ms)
2026-7-7 17:09:07-debug: cocos-service:(onBeforeBuild) in 159 ms ✓, progress: 2%
2026-7-7 17:09:07-debug: scene:(onBeforeBuild) start..., progress: 2%
2026-7-7 17:09:07-debug: // ---- build task scene：onBeforeBuild ----
2026-7-7 17:09:07-debug: // ---- build task scene：onBeforeBuild ---- (58ms)
2026-7-7 17:09:07-debug: // ---- build task super-packager：onBeforeBuild ----
2026-7-7 17:09:07-log: [SUPER_PACKAGE]onBeforeBuild
2026-7-7 17:09:07-debug: scene:(onBeforeBuild) in 58 ms ✓, progress: 4%
2026-7-7 17:09:07-log: [SUPER_PACKAGE]商店链接配置:{"googlePlayUrl":"","appStoreUrl":""}
2026-7-7 17:09:07-debug: super-packager:(onBeforeBuild) start..., progress: 4%
2026-7-7 17:09:07-log: [SUPER_PACKAGE]商店链接已同步到文件
2026-7-7 17:09:07-debug: super-packager:(onBeforeBuild) in 46 ms ✓, progress: 5%
2026-7-7 17:09:07-debug: Start lock asset db..., progress: 5%
2026-7-7 17:09:07-log: Asset DB is paused with build!
2026-7-7 17:09:07-debug: // ---- build task super-packager：onBeforeBuild ---- (46ms)
2026-7-7 17:09:07-debug: Query all assets info in project
2026-7-7 17:09:08-debug: init custom config: keepNodeUuid: false, useCache: true
2026-7-7 17:09:08-debug: web-mobile:(onAfterInit) start..., progress: 5%
2026-7-7 17:09:08-debug: // ---- build task web-mobile：onAfterInit ----
2026-7-7 17:09:08-debug: // ---- build task web-mobile：onAfterInit ---- (16ms)
2026-7-7 17:09:08-debug: web-mobile:(onAfterInit) in 16 ms ✓, progress: 7%
2026-7-7 17:09:08-debug: cocos-service:(onAfterInit) start..., progress: 7%
2026-7-7 17:09:08-debug: // ---- build task cocos-service：onAfterInit ----
2026-7-7 17:09:08-debug: // ---- build task cocos-service：onAfterInit ---- (122ms)
2026-7-7 17:09:08-debug: Skip compress image, progress: 0%
2026-7-7 17:09:08-debug: adsense-h5g-plugin:(onBeforeBundleInit) start..., progress: 9%
2026-7-7 17:09:08-debug: adsense-h5g-plugin:(onBeforeBundleInit) start..., progress: 0%
2026-7-7 17:09:08-debug: // ---- build task adsense-h5g-plugin：onBeforeBundleInit ----
2026-7-7 17:09:08-debug: cocos-service:(onAfterInit) in 122 ms ✓, progress: 9%
2026-7-7 17:09:08-debug: [adsense-h5g-plugin] remove script success
2026-7-7 17:09:08-debug: // ---- build task adsense-h5g-plugin：onBeforeBundleInit ---- (47ms)
2026-7-7 17:09:08-debug: adsense-h5g-plugin:(onBeforeBundleInit) in 47 ms ✓, progress: 9%
2026-7-7 17:09:08-debug: adsense-h5g-plugin:(onBeforeBundleInit) in 47 ms ✓, progress: 7%
2026-7-7 17:09:08-debug: Init all bundles start..., progress: 9%
2026-7-7 17:09:08-debug: Init all bundles start..., progress: 7%
2026-7-7 17:09:08-debug: Num of bundles: 3..., progress: 9%
2026-7-7 17:09:08-debug: Num of bundles: 3..., progress: 7%
2026-7-7 17:09:08-debug: web-mobile:(onAfterBundleInit) start..., progress: 9%
2026-7-7 17:09:08-debug: web-mobile:(onAfterBundleInit) start..., progress: 7%
2026-7-7 17:09:08-debug: // ---- build task web-mobile：onAfterBundleInit ----
2026-7-7 17:09:08-debug: // ---- build task web-mobile：onAfterBundleInit ---- (75ms)
2026-7-7 17:09:08-debug: web-mobile:(onAfterBundleInit) in 75 ms ✓, progress: 13%
2026-7-7 17:09:08-debug: 查询 Asset Bundle start, progress: 9%
2026-7-7 17:09:08-debug: // ---- build task 查询 Asset Bundle ----
2026-7-7 17:09:08-debug: Init bundle root assets start..., progress: 9%
2026-7-7 17:09:08-debug: Init bundle root assets start..., progress: 13%
2026-7-7 17:09:08-debug: web-mobile:(onAfterBundleInit) in 75 ms ✓, progress: 9%
2026-7-7 17:09:08-debug: Query preload assets/scripts from cc.config.json: 60f7195c-ec2a-45eb-ba94-8955f60e81d0,1c02ae6f-4492-4915-b8f8-7492a3b1e4cd,810e96e4-e456-4468-9b59-f4e8f39732c0,efe8e2a3-eace-427b-b4f1-cb8a937ec77d,e9aa9a3e-5b2b-4ac7-a2c7-073de2b2b24f,8bbdbcdd-5cd4-4100-b6d5-b7c9625b6107,50f4348b-c883-4e2f-8f11-ce233b859fa1,fda095cb-831d-4601-ad94-846013963de8,f92806d7-1768-443f-afe8-12bcde84d0f0,dd3a144d-ab7f-41f0-82b8-2e43a090d496,f0416e68-0200-4b77-a926-4f9d16e494da,511d2633-09a7-4bdd-ac42-f778032124b3,5d45aa00-e064-4938-b314-4265f0c2258c,9361fd90-ba52-4f84-aa93-6e878fd576ca,970b0598-bcb0-4714-91fb-2e81440dccd8,bcd64cc6-2dd9-43f6-abbe-66318d332032,d930590d-bb92-4cc8-8bd1-23cd027f9edf,a3cd009f-0ab0-420d-9278-b9fdab939bbc,6a2d0734-bd9e-4ddf-946e-caa52498cb75,d1346436-ac96-4271-b863-1f4fdead95b0,971bdb23-3ff6-43eb-b422-1c30165a3663,17debcc3-0a6b-4b8a-b00b-dc58b885581e,711ebe11-f673-4cd9-9a83-63c60ba54c5b,c0143906-9aed-447e-9436-2ae8512d1b6e,14da1725-c4c2-42b4-ab08-ee0aeb6898b3,081cab31-dccd-428e-8652-f2404cc81c47,78e0584a-4343-4727-8f37-e14e65c2a2db,ba21476f-2866-4f81-9c4d-6e359316e448,871c3b6c-7379-419d-bda3-794b239ab90d,ff9b0199-ce04-4cfe-86cc-6c719f08d6e4,de1c2107-70c8-4021-8459-6399f24d01c6,cbf30902-517f-40dc-af90-a550bac27cf1,5c601d96-e4c7-4698-991b-7ee674b11079
2026-7-7 17:09:08-debug:   Number of all scenes: 5
2026-7-7 17:09:08-debug:   Number of all scripts: 109
2026-7-7 17:09:08-debug: Init bundle root assets success..., progress: 9%
2026-7-7 17:09:08-debug: Init bundle root assets success..., progress: 13%
2026-7-7 17:09:08-debug: reload all scripts.
2026-7-7 17:09:08-debug:   Number of other assets: 1158
2026-7-7 17:09:08-debug: [[Executor]] reload before lock
2026-7-7 17:09:08-debug: Set detail map pack:///resolution-detail-map.json: {}
2026-7-7 17:09:08-debug: Unregister BuiltinPipelinePassBuilder
2026-7-7 17:09:08-debug: Unregister DebugViewRuntimeControl
2026-7-7 17:09:08-debug: Unregister BuiltinPipelineSettings
2026-7-7 17:09:08-debug: Unregister LayerManager
2026-7-7 17:09:08-debug: Unregister BuiltinDepthOfFieldPass
2026-7-7 17:09:08-debug: Unregister Lightning
2026-7-7 17:09:08-debug: Unregister CameraMove
2026-7-7 17:09:08-debug: Unregister RotationDrive
2026-7-7 17:09:08-debug: Unregister UnityUpComponent
2026-7-7 17:09:08-debug: Unregister MoveDrive
2026-7-7 17:09:08-debug: Unregister PrefabsRes
2026-7-7 17:09:08-debug: Unregister PrefabsManager
2026-7-7 17:09:08-debug: Unregister DownLoadL8
2026-7-7 17:09:08-debug: Unregister DownLoadL8
2026-7-7 17:09:08-debug: Unregister LangArrAuto
2026-7-7 17:09:08-debug: Unregister LangAuto
2026-7-7 17:09:08-debug: Unregister ResurrectionL8
2026-7-7 17:09:08-debug: Unregister Prop
2026-7-7 17:09:08-debug: Unregister JumpDriveEngine
2026-7-7 17:09:08-debug: Unregister L18nManager
2026-7-7 17:09:08-debug: Unregister FlayPropManager
2026-7-7 17:09:08-debug: Unregister BagBase
2026-7-7 17:09:08-debug: Unregister GroupPropTransform
2026-7-7 17:09:08-debug: Unregister GroupBag3D
2026-7-7 17:09:08-debug: Unregister CollectGetTarget
2026-7-7 17:09:08-debug: Unregister AttackTargetBase
2026-7-7 17:09:08-debug: Unregister AreaAttack
2026-7-7 17:09:08-debug: Unregister MeleeAttack
2026-7-7 17:09:08-debug: Unregister HpComponent
2026-7-7 17:09:08-debug: Unregister MeshFlashPropData
2026-7-7 17:09:08-debug: Unregister MeshFlashSwitchData
2026-7-7 17:09:08-debug: Unregister MeshFlashData
2026-7-7 17:09:08-debug: Unregister BattleTargetBase
2026-7-7 17:09:08-debug: Unregister EffectRemoveBase
2026-7-7 17:09:08-debug: Unregister EffectTimePartRemove
2026-7-7 17:09:08-debug: Unregister RotationVector
2026-7-7 17:09:08-debug: Unregister EffectManager
2026-7-7 17:09:08-debug: Unregister LabBagUp
2026-7-7 17:09:08-debug: Unregister BulletMonsterCollisionManager
2026-7-7 17:09:08-debug: Unregister BulletBattle3D
2026-7-7 17:09:08-debug: Unregister BulletCollideBase2D
2026-7-7 17:09:08-debug: Unregister BulletBattle2D
2026-7-7 17:09:08-debug: Unregister RangedAttack
2026-7-7 17:09:08-debug: Unregister TriggerBase2D
2026-7-7 17:09:08-debug: Unregister BattleTarget2D
2026-7-7 17:09:08-debug: Unregister CollectBattleTarger2D
2026-7-7 17:09:08-debug: Unregister BulletBatchRenderer
2026-7-7 17:09:08-debug: Unregister ColliderTag
2026-7-7 17:09:08-debug: Unregister AttackParkPlay
2026-7-7 17:09:08-debug: Unregister RangedAttack_Circle
2026-7-7 17:09:08-debug: Unregister RangedAttack_Shrapnel
2026-7-7 17:09:08-debug: Unregister BulletCollideBase3D
2026-7-7 17:09:08-debug: Unregister TriggerBase3D
2026-7-7 17:09:08-debug: Unregister CollectBattleTarger3D
2026-7-7 17:09:08-debug: Unregister EffectTimeRemove
2026-7-7 17:09:08-debug: Unregister GuideLine
2026-7-7 17:09:08-debug: Unregister FbxManager
2026-7-7 17:09:08-debug: Unregister BattleTarget3D
2026-7-7 17:09:08-debug: Unregister RangeTowerAttack
2026-7-7 17:09:08-debug: Unregister WeaponBulletConfig
2026-7-7 17:09:08-debug: Unregister Player
2026-7-7 17:09:08-debug: Unregister MonsterBattleTaerget
2026-7-7 17:09:08-debug: Unregister GameOverPanel
2026-7-7 17:09:08-debug: Unregister PropArms
2026-7-7 17:09:08-debug: Unregister PropBrand
2026-7-7 17:09:08-debug: Unregister Role
2026-7-7 17:09:08-debug: Unregister LalianHitStageConfig
2026-7-7 17:09:08-debug: Unregister CreatePropBrand
2026-7-7 17:09:08-debug: Unregister MonsterCreateInfo
2026-7-7 17:09:08-debug: Unregister MonsterCreateQueue
2026-7-7 17:09:08-debug: Unregister MonsterCreate
2026-7-7 17:09:08-debug: Unregister PropLalianGate
2026-7-7 17:09:08-debug: Unregister GuideManager
2026-7-7 17:09:08-debug: Unregister PropTireGate
2026-7-7 17:09:08-debug: Unregister ArmsUp
2026-7-7 17:09:08-debug: Unregister RockerMouseEvent
2026-7-7 17:09:08-debug: Unregister RockerUI
2026-7-7 17:09:08-debug: Unregister ShoppIngEvent
2026-7-7 17:09:08-debug: Unregister Shopping
2026-7-7 17:09:08-debug: Unregister BuyWayBase
2026-7-7 17:09:08-debug: Unregister BuyWay2D
2026-7-7 17:09:08-debug: Unregister BuyWay3D
2026-7-7 17:09:08-debug: Unregister ShoppingItem
2026-7-7 17:09:08-debug: Unregister Shopping_Super
2026-7-7 17:09:08-debug: Unregister FrameAnimManager
2026-7-7 17:09:08-debug: Unregister ArmsInfo
2026-7-7 17:09:08-debug: Unregister StutterCheck
2026-7-7 17:09:08-debug: Invalidating 'pack:///chunks/93/93ba276ea7b26ffcdc433fab14afc1ed6f05647b.js'
2026-7-7 17:09:08-debug: Unregister FrameManager
2026-7-7 17:09:08-debug: Unregister UIButtonEvent
2026-7-7 17:09:08-debug: Invalidating 'pack:///chunks/6d/6d8fd2b0177941b032ddc0733af48a561fb60657.js'
2026-7-7 17:09:08-debug: Invalidating 'pack:///chunks/6a/6a5019a719a9014c047e67aa1cf34453ab8392ce.js'
2026-7-7 17:09:08-debug: Invalidating 'pack:///chunks/c9/c9d891290a54ec567f150962e76c6bf9cdf47b3b.js'
2026-7-7 17:09:08-debug: Invalidating 'pack:///chunks/d9/d980f46bad1521f99cf9b02f6f4709610973859b.js'
2026-7-7 17:09:08-debug: Invalidating 'pack:///chunks/f2/f22794b1c95bc92b6e994a97e9b193af020adc12.js'
2026-7-7 17:09:08-debug: Invalidating 'pack:///chunks/84/84fdd98491917343dab9e13fe8b5a70bd6a363c2.js'
2026-7-7 17:09:08-debug: Invalidating 'pack:///chunks/e0/e099fc7c0597d98bad93ecd30952e1955267ade1.js'
2026-7-7 17:09:08-debug: Invalidating 'pack:///chunks/e2/e2118395860d446afdd7349c12bbbbd5ff0a8915.js'
2026-7-7 17:09:08-debug: Invalidating 'pack:///chunks/e9/e96bc804d4af33012a1ad5c19177a551c107f2ae.js'
2026-7-7 17:09:08-debug: Invalidating 'pack:///chunks/14/14cec8e3738599ab9965ee6a2127491eba1361af.js'
2026-7-7 17:09:08-debug: Invalidating 'pack:///chunks/31/31cebe8e0355019a96c8dc216aed673e195b2a53.js'
2026-7-7 17:09:08-debug: Invalidating 'pack:///chunks/3f/3fc33806253ded99e50ac9220c73832ef2904ca7.js'
2026-7-7 17:09:08-debug: Invalidating 'pack:///chunks/4d/4d6662648c8c361d9de350d72c1ab0a8e7508014.js'
2026-7-7 17:09:08-debug: Invalidating 'pack:///chunks/90/901a8f42214a0198b9aca11ce347c093cca5e26c.js'
2026-7-7 17:09:08-debug: Invalidating 'pack:///chunks/56/5601ae9cf318e5c14df7d30ca1cafe71734c982a.js'
2026-7-7 17:09:08-debug: Invalidating 'pack:///chunks/84/8436bf0d6f6a392b090fff8471ad48b32970414b.js'
2026-7-7 17:09:08-debug: Invalidating 'pack:///chunks/8b/8b1077471006cad018e02beccd0bed5dcc54c671.js'
2026-7-7 17:09:08-debug: Invalidating 'pack:///chunks/8a/8ae7d51cc818f718270f9e2ad9b78b6df4ffa62c.js'
2026-7-7 17:09:08-debug: Invalidating 'pack:///chunks/79/798785a3f67288cbb075d5efa15a2c266208a881.js'
2026-7-7 17:09:08-debug: Invalidating 'pack:///chunks/a1/a1d124b8795c6e55160d2ce5ecbd41437847152f.js'
2026-7-7 17:09:08-debug: Invalidating 'pack:///chunks/04/04f62969dc20e2c08fceeca28e5f160f93c57d48.js'
2026-7-7 17:09:08-debug: Invalidating 'pack:///chunks/eb/eb316915c4446a477164305c14374917acb92a23.js'
2026-7-7 17:09:08-debug: Invalidating 'pack:///chunks/e9/e950dd2519065be1280daf69ce7f6b07e4d0caaa.js'
2026-7-7 17:09:08-debug: Invalidating 'pack:///chunks/f0/f04c2dd9d3cc608a6f46e13bb5d3c46aa5633baf.js'
2026-7-7 17:09:08-debug: Invalidating 'pack:///chunks/ed/edbdde40fab9baf06e704beb85e64d72f20aefb8.js'
2026-7-7 17:09:08-debug: Invalidating 'pack:///chunks/f8/f8baeccf8cf047db05161c9b9e8b6b4ff9eefe2f.js'
2026-7-7 17:09:08-debug: Invalidating 'pack:///chunks/f5/f570589f727cbf96139a6869e201d7a87544da71.js'
2026-7-7 17:09:08-debug: Invalidating 'pack:///chunks/40/407fe08f85a1575a06beb3692d40cf36d9684f58.js'
2026-7-7 17:09:08-debug: Invalidating 'pack:///chunks/f2/f20c45b49501fbe07d44e99d95c2c506a06a0ecd.js'
2026-7-7 17:09:08-debug: Invalidating 'pack:///chunks/0f/0fd75e1d9556ba520ee98c89195f9d0594110ad2.js'
2026-7-7 17:09:08-debug: Invalidating 'pack:///chunks/84/84bbaa7f2e1a0639f57f755b935e1acb7d73f78e.js'
2026-7-7 17:09:08-debug: Invalidating 'pack:///chunks/4c/4c2851018e56f823e74c2b3e2117156bcb9e76d0.js'
2026-7-7 17:09:08-debug: Invalidating 'pack:///chunks/63/633ac4308370832c1c78b9f28702617696f6e9fb.js'
2026-7-7 17:09:08-debug: Invalidating 'pack:///chunks/ec/ecb76259f390974cf14cad52564b11281c42a7e6.js'
2026-7-7 17:09:08-debug: Invalidating 'pack:///chunks/5f/5fdfd08a9c16dc742e66ef16a5a8e13f5f831a3e.js'
2026-7-7 17:09:08-debug: Invalidating 'pack:///chunks/2e/2edb51f2f57b638345a2b9d561f476b67029b574.js'
2026-7-7 17:09:08-debug: Invalidating 'pack:///chunks/d5/d58c1ab1b696259af8c3b1384857266dba055462.js'
2026-7-7 17:09:08-debug: Invalidating 'pack:///chunks/b6/b6919de7425c243c4e1697f376cb4f6f6b2769a4.js'
2026-7-7 17:09:08-debug: Invalidating 'pack:///chunks/41/4103e3b8e8be7d1b0e7a8a67f28a2c29fe9aa2dc.js'
2026-7-7 17:09:08-debug: Invalidating 'pack:///chunks/e5/e5fea8c54230bb378b45e63a8ea8186bdeccbbe2.js'
2026-7-7 17:09:08-debug: Invalidating 'pack:///chunks/80/80f420cd19a5967732f7f177a68c3670990311d3.js'
2026-7-7 17:09:08-debug: Invalidating 'pack:///chunks/f6/f6cf9b6088316a765dbcd0b22eb496d3f4be80dc.js'
2026-7-7 17:09:08-debug: Invalidating 'pack:///chunks/7e/7e52be47c960966fc7d962b7957dbbce1047514e.js'
2026-7-7 17:09:08-debug: Invalidating 'pack:///chunks/b5/b5c69e24499acddd297e4328687b0ea934b109d5.js'
2026-7-7 17:09:08-debug: Invalidating 'pack:///chunks/f4/f4bb2b73aacdc0370fc65face1ef60d9e8732bfd.js'
2026-7-7 17:09:08-debug: Invalidating 'pack:///chunks/0e/0ea1c77c59b038eb4661ef171f440cbc7cc134ca.js'
2026-7-7 17:09:08-debug: Invalidating 'pack:///chunks/38/38483f6f68b174c6aad120536d38c3642cb0e458.js'
2026-7-7 17:09:08-debug: Invalidating 'pack:///chunks/3f/3ff8f1a74d7fbbd22ced04971b6ab15e04fd86a6.js'
2026-7-7 17:09:08-debug: Invalidating 'pack:///chunks/80/803faff6203a98317cc86f08677de73b7112b743.js'
2026-7-7 17:09:08-debug: Invalidating 'pack:///chunks/b1/b12e427b1fcb487f729ef654542d8e9775a297cb.js'
2026-7-7 17:09:08-debug: Invalidating 'pack:///chunks/29/296009d632e65e6f653d790324d741c2d9759f34.js'
2026-7-7 17:09:08-debug: Invalidating 'pack:///chunks/02/021cbce763294c7c4adf05845718c817a68ff9f3.js'
2026-7-7 17:09:08-debug: Invalidating 'pack:///chunks/23/2370bd6a63dbba247d7fcab21c5244288f150386.js'
2026-7-7 17:09:08-debug: Invalidating 'pack:///chunks/9b/9be30ad1a917cc0914201f1db5bdf1c5cb4d6e49.js'
2026-7-7 17:09:08-debug: Invalidating 'pack:///chunks/43/4314f54defc530df4c3d4a14e3561038b8628ff3.js'
2026-7-7 17:09:08-debug: Invalidating 'pack:///chunks/a7/a78b9d0a8af4315011c59f40b6c49da033e49269.js'
2026-7-7 17:09:08-debug: Invalidating 'pack:///chunks/d5/d5f6e07e1b02d743fed3d9c2c8e155b0c3309d52.js'
2026-7-7 17:09:08-debug: Invalidating 'pack:///chunks/6c/6c35293030e947e52f03ea585990d17f31ea7df0.js'
2026-7-7 17:09:08-debug: Invalidating 'pack:///chunks/4a/4a75ba705e89112b3bcc356e77985c7a095b80f4.js'
2026-7-7 17:09:08-debug: Invalidating 'pack:///chunks/e1/e13771ea8032dbc1728530af431c57de3b1e5e24.js'
2026-7-7 17:09:08-debug: Invalidating 'pack:///chunks/9a/9a8786a747b555136cef77c9f5e7ad17e18a31eb.js'
2026-7-7 17:09:08-debug: Invalidating 'pack:///chunks/bb/bb66609565f0d30fbedfe7ab7019decca8a2726b.js'
2026-7-7 17:09:08-debug: Invalidating 'pack:///chunks/dc/dcc18999575bc7125a793680f1b595554e7f2cde.js'
2026-7-7 17:09:08-debug: Invalidating 'pack:///chunks/9e/9ec8816866d723aea0e61547ea23bf04cc3c7c78.js'
2026-7-7 17:09:08-debug: Invalidating 'pack:///chunks/05/0510980ff6e9ad26ec622e2230780bc7f1d96f08.js'
2026-7-7 17:09:08-debug: Invalidating 'pack:///chunks/ce/ced31965a759b2c1d777a8f0d98f8cd326020d87.js'
2026-7-7 17:09:08-debug: Invalidating 'pack:///chunks/8a/8a4b23fc8904a55daa926fa9bf2d450c2c59d378.js'
2026-7-7 17:09:08-debug: Invalidating 'pack:///chunks/5b/5b626ae965dfc8bbf67ffe6dd329ea95c382afe6.js'
2026-7-7 17:09:08-debug: Invalidating 'pack:///chunks/f0/f05038aedf4d7805ad91dbf59f1c87fe35c23bb5.js'
2026-7-7 17:09:08-debug: Invalidating 'pack:///chunks/b0/b0316da27abe29af9f8a517d28257bc913762f57.js'
2026-7-7 17:09:08-debug: Invalidating 'pack:///chunks/05/05825d2a71d7765a90fbbdda8907aab57810f0a0.js'
2026-7-7 17:09:08-debug: Invalidating 'pack:///chunks/6e/6e4d3e245933373fd13279940a5d6dee30418f49.js'
2026-7-7 17:09:08-debug: Invalidating 'pack:///chunks/fa/fad9c36dab7fd23cbd0b1b9ebcbd02e6023aaadd.js'
2026-7-7 17:09:08-debug: Invalidating 'pack:///chunks/01/011c6605e93c83936bcaadc521a3f2df21bdd87a.js'
2026-7-7 17:09:08-debug: Invalidating 'pack:///chunks/7a/7a056ac353cd4f184635b76aa08c0d427085fda7.js'
2026-7-7 17:09:08-debug: Invalidating 'pack:///chunks/03/031aac2e2ea93f03b5422269c22800e822715034.js'
2026-7-7 17:09:08-debug: Invalidating 'pack:///chunks/cd/cd87286564d42a577ada1093f142b4db43415d61.js'
2026-7-7 17:09:08-debug: Invalidating 'pack:///chunks/dd/ddf9ec67bc21176ab14fd7bef2d6099af7cab4e3.js'
2026-7-7 17:09:08-debug: Invalidating 'pack:///chunks/29/2933ae65951958109aeb70104e6287b8240a8e01.js'
2026-7-7 17:09:08-debug: Invalidating 'pack:///chunks/7c/7cb3e78818d3ca7420c127c4f13ad5587e5cc5d3.js'
2026-7-7 17:09:08-debug: Invalidating 'pack:///chunks/11/1193ac27b94da532d27808ef712ed0fcd809d84d.js'
2026-7-7 17:09:08-debug: Invalidating 'pack:///chunks/6b/6b5ef849a8a91f0cd956b88818795e47d9431e29.js'
2026-7-7 17:09:08-debug: Invalidating 'pack:///chunks/6b/6bf6369babd500e0802aeb38d4c346ae3462ef8b.js'
2026-7-7 17:09:08-debug: Invalidating 'pack:///chunks/2c/2c40d59e1ac0050bfd5e4aece9657278c88a4b47.js'
2026-7-7 17:09:08-debug: Invalidating 'pack:///chunks/aa/aa6223cf35796d09344450a14919ad24c61174bb.js'
2026-7-7 17:09:08-debug: Invalidating 'pack:///chunks/e2/e2cd37831230a7474a5c89ec9f0764c2d6ce1581.js'
2026-7-7 17:09:08-debug: Invalidating 'pack:///chunks/12/120cba8f856407335ad8a04347cd4d36bf752a1e.js'
2026-7-7 17:09:08-debug: Invalidating 'pack:///chunks/c1/c14c87720f6e6e7b27f438925fae2cc2d4587268.js'
2026-7-7 17:09:08-debug: Invalidating 'pack:///chunks/ac/ac0e66d1df96447f3ea6b579b5067cb87a880d84.js'
2026-7-7 17:09:08-debug: Invalidating 'pack:///chunks/78/7875e58dc11de4424867c114cd71cf4d379fd7ce.js'
2026-7-7 17:09:08-debug: Invalidating 'pack:///chunks/fb/fb231b7b47c244832aa3ed0055e0ff4d6bda9530.js'
2026-7-7 17:09:08-debug: Invalidating 'pack:///chunks/d0/d08abfe279c9195afbafb261981128dda32fee17.js'
2026-7-7 17:09:08-debug: Invalidating 'pack:///chunks/7d/7d88e9fa4d49091167d5648112015c50cab8c311.js'
2026-7-7 17:09:08-debug: Invalidating 'pack:///chunks/c8/c8d2fc621a68aadf290b9938ae81f70dbefcc8d6.js'
2026-7-7 17:09:08-debug: Invalidating 'pack:///chunks/e4/e49d377195f0f6ca8039098e5e76d909c726c89c.js'
2026-7-7 17:09:08-debug: Invalidating 'pack:///chunks/1e/1e9839fb85f612fea3030115a5d65b742de2db50.js'
2026-7-7 17:09:08-debug: Invalidating 'pack:///chunks/41/41b6ef284e15d0779c96601cab9a95a7c5e5919b.js'
2026-7-7 17:09:08-debug: Invalidating 'pack:///chunks/1b/1b6bd2739873dc60bb0e67b18f2ae1f3b116fb07.js'
2026-7-7 17:09:08-debug: Invalidating 'pack:///chunks/c4/c409a49d391cd0107339e604abf784bacdef4b02.js'
2026-7-7 17:09:08-debug: Invalidating 'pack:///chunks/5f/5fd5284b513982ea020d8e9513905cac6e75919a.js'
2026-7-7 17:09:08-debug: Invalidating 'pack:///chunks/d8/d87351923699bbc0b3bf2e76b9d6665983f7b324.js'
2026-7-7 17:09:08-debug: Invalidating 'pack:///chunks/b8/b8ff2efe0a5ef0b3134c1c0a100a2fc7e48d38e3.js'
2026-7-7 17:09:08-debug: Invalidating 'pack:///chunks/99/9957d51b35d223fa476f8f6dcd2b5d011a93ab2f.js'
2026-7-7 17:09:08-debug: Invalidating 'pack:///chunks/84/848ca7bc3c110f0554094ecf01b3a37b01ea9dfd.js'
2026-7-7 17:09:08-debug: Invalidating 'pack:///chunks/7e/7ece20e41250ede0e4707962498ddfd8c4453b24.js'
2026-7-7 17:09:08-debug: Invalidating 'pack:///chunks/e9/e9668b02254f4db9826696b9dfb6914087bee6cc.js'
2026-7-7 17:09:08-debug: Invalidating 'pack:///chunks/83/8354ac407215243163174d3e83d4cdab306051e3.js'
2026-7-7 17:09:08-debug: Invalidating 'pack:///chunks/4a/4a434c55814df4d84e6cd9fee04d3f21bfa74070.js'
2026-7-7 17:09:08-debug: Invalidating 'pack:///chunks/95/95d64f4c8aa166ee79b72d7add5021b420a7ce33.js'
2026-7-7 17:09:08-debug: Invalidating 'pack:///chunks/4d/4d68417d37cd80fe73d65d56dfe11dd26e9ef91a.js'
2026-7-7 17:09:08-debug: [[Executor]] Module "pack:///chunks/93/93ba276ea7b26ffcdc433fab14afc1ed6f05647b.js" loaded.
2026-7-7 17:09:08-debug: Invalidating 'pack:///chunks/23/23f4bc413c460b50ee5cc83636bb099609a379fd.js'
2026-7-7 17:09:08-debug: D:\工程项目\PlayableAD\Cocos\TheW\20260615_HYQ\HYQ_Project\temp\programming\packer-driver\targets\editor\chunks\6d\6d8fd2b0177941b032ddc0733af48a561fb60657.js resolved to D:\工程项目\PlayableAD\Cocos\TheW\20260615_HYQ\HYQ_Project\temp\programming\packer-driver\targets\editor\chunks\6d\6d8fd2b0177941b032ddc0733af48a561fb60657.js is not in module cache!
2026-7-7 17:09:08-debug: [[Executor]] Module "pack:///chunks/6d/6d8fd2b0177941b032ddc0733af48a561fb60657.js" loaded.
2026-7-7 17:09:08-debug: [[Executor]] Module "pack:///chunks/6a/6a5019a719a9014c047e67aa1cf34453ab8392ce.js" loaded.
2026-7-7 17:09:08-debug: [[Executor]] Module "pack:///chunks/84/84fdd98491917343dab9e13fe8b5a70bd6a363c2.js" loaded.
2026-7-7 17:09:08-debug: [[Executor]] Register BuiltinPipelinePassBuilder
2026-7-7 17:09:08-debug: [[Executor]] Register BuiltinPipelineSettings
2026-7-7 17:09:08-debug: [[Executor]] Module "pack:///chunks/c9/c9d891290a54ec567f150962e76c6bf9cdf47b3b.js" loaded.
2026-7-7 17:09:08-debug: [[Executor]] Module "pack:///chunks/d9/d980f46bad1521f99cf9b02f6f4709610973859b.js" loaded.
2026-7-7 17:09:08-debug: [[Executor]] Module "pack:///chunks/f2/f22794b1c95bc92b6e994a97e9b193af020adc12.js" loaded.
2026-7-7 17:09:08-debug: [[Executor]] Register BuiltinDepthOfFieldPass
2026-7-7 17:09:08-debug: [[Executor]] Module "pack:///chunks/04/04f62969dc20e2c08fceeca28e5f160f93c57d48.js" loaded.
2026-7-7 17:09:08-debug: [[Executor]] Module "pack:///chunks/e0/e099fc7c0597d98bad93ecd30952e1955267ade1.js" loaded.
2026-7-7 17:09:08-debug: [[Executor]] Register Lightning
2026-7-7 17:09:08-debug: [[Executor]] Module "pack:///chunks/e2/e2118395860d446afdd7349c12bbbbd5ff0a8915.js" loaded.
2026-7-7 17:09:08-debug: [[Executor]] Register DebugViewRuntimeControl
2026-7-7 17:09:08-debug: [[Executor]] Module "pack:///chunks/31/31cebe8e0355019a96c8dc216aed673e195b2a53.js" loaded.
2026-7-7 17:09:08-debug: [[Executor]] Module "pack:///chunks/4d/4d6662648c8c361d9de350d72c1ab0a8e7508014.js" loaded.
2026-7-7 17:09:08-debug: [[Executor]] Register CameraMove
2026-7-7 17:09:08-debug: [[Executor]] Module "pack:///chunks/e9/e96bc804d4af33012a1ad5c19177a551c107f2ae.js" loaded.
2026-7-7 17:09:08-debug: [[Executor]] Module "pack:///chunks/56/5601ae9cf318e5c14df7d30ca1cafe71734c982a.js" loaded.
2026-7-7 17:09:08-debug: [[Executor]] Module "pack:///chunks/3f/3fc33806253ded99e50ac9220c73832ef2904ca7.js" loaded.
2026-7-7 17:09:08-debug: [[Executor]] Register LayerManager
2026-7-7 17:09:08-debug: [[Executor]] Module "pack:///chunks/14/14cec8e3738599ab9965ee6a2127491eba1361af.js" loaded.
2026-7-7 17:09:08-debug: [[Executor]] Register UnityUpComponent
2026-7-7 17:09:08-debug: [[Executor]] Module "pack:///chunks/8a/8ae7d51cc818f718270f9e2ad9b78b6df4ffa62c.js" loaded.
2026-7-7 17:09:08-debug: [[Executor]] Module "pack:///chunks/f2/f20c45b49501fbe07d44e99d95c2c506a06a0ecd.js" loaded.
2026-7-7 17:09:08-debug: [[Executor]] Module "pack:///chunks/79/798785a3f67288cbb075d5efa15a2c266208a881.js" loaded.
2026-7-7 17:09:08-debug: [[Executor]] Module "pack:///chunks/8b/8b1077471006cad018e02beccd0bed5dcc54c671.js" loaded.
2026-7-7 17:09:08-debug: [[Executor]] Register RotationDrive
2026-7-7 17:09:08-debug: [[Executor]] Module "pack:///chunks/84/8436bf0d6f6a392b090fff8471ad48b32970414b.js" loaded.
2026-7-7 17:09:08-debug: [[Executor]] Register MoveDrive
2026-7-7 17:09:08-debug: [[Executor]] Module "pack:///chunks/a1/a1d124b8795c6e55160d2ce5ecbd41437847152f.js" loaded.
2026-7-7 17:09:08-debug: [[Executor]] Module "pack:///chunks/eb/eb316915c4446a477164305c14374917acb92a23.js" loaded.
2026-7-7 17:09:08-debug: [[Executor]] Module "pack:///chunks/90/901a8f42214a0198b9aca11ce347c093cca5e26c.js" loaded.
2026-7-7 17:09:08-debug: [[Executor]] Register PrefabsManager
2026-7-7 17:09:08-debug: [[Executor]] Module "pack:///chunks/e9/e950dd2519065be1280daf69ce7f6b07e4d0caaa.js" loaded.
2026-7-7 17:09:08-debug: [[Executor]] Register L18nManager
2026-7-7 17:09:08-debug: [[Executor]] Register RotationVector
2026-7-7 17:09:08-debug: [[Executor]] Module "pack:///chunks/ed/edbdde40fab9baf06e704beb85e64d72f20aefb8.js" loaded.
2026-7-7 17:09:08-debug: [[Executor]] Register DownLoadL8
2026-7-7 17:09:08-debug: [[Executor]] Module "pack:///chunks/f0/f04c2dd9d3cc608a6f46e13bb5d3c46aa5633baf.js" loaded.
2026-7-7 17:09:08-debug: [[Executor]] Module "pack:///chunks/f8/f8baeccf8cf047db05161c9b9e8b6b4ff9eefe2f.js" loaded.
2026-7-7 17:09:08-debug: [[Executor]] Register DownLoadL8
2026-7-7 17:09:08-debug: [[Executor]] Module "pack:///chunks/63/633ac4308370832c1c78b9f28702617696f6e9fb.js" loaded.
2026-7-7 17:09:08-debug: [[Executor]] Register LangArrAuto
2026-7-7 17:09:08-debug: [[Executor]] Module "pack:///chunks/f5/f570589f727cbf96139a6869e201d7a87544da71.js" loaded.
2026-7-7 17:09:08-debug: [[Executor]] Register ResurrectionL8
2026-7-7 17:09:08-debug: [[Executor]] Register PrefabsRes
2026-7-7 17:09:08-debug: [[Executor]] Module "pack:///chunks/40/407fe08f85a1575a06beb3692d40cf36d9684f58.js" loaded.
2026-7-7 17:09:08-debug: [[Executor]] Register Prop
2026-7-7 17:09:08-debug: [[Executor]] Register LangAuto
2026-7-7 17:09:08-debug: [[Executor]] Module "pack:///chunks/0f/0fd75e1d9556ba520ee98c89195f9d0594110ad2.js" loaded.
2026-7-7 17:09:08-debug: [[Executor]] Module "pack:///chunks/4c/4c2851018e56f823e74c2b3e2117156bcb9e76d0.js" loaded.
2026-7-7 17:09:08-debug: [[Executor]] Module "pack:///chunks/f6/f6cf9b6088316a765dbcd0b22eb496d3f4be80dc.js" loaded.
2026-7-7 17:09:08-debug: [[Executor]] Register JumpDriveEngine
2026-7-7 17:09:08-debug: [[Executor]] Module "pack:///chunks/38/38483f6f68b174c6aad120536d38c3642cb0e458.js" loaded.
2026-7-7 17:09:08-debug: [[Executor]] Module "pack:///chunks/ec/ecb76259f390974cf14cad52564b11281c42a7e6.js" loaded.
2026-7-7 17:09:08-debug: [[Executor]] Module "pack:///chunks/d5/d58c1ab1b696259af8c3b1384857266dba055462.js" loaded.
2026-7-7 17:09:08-debug: [[Executor]] Module "pack:///chunks/b6/b6919de7425c243c4e1697f376cb4f6f6b2769a4.js" loaded.
2026-7-7 17:09:08-debug: [[Executor]] Module "pack:///chunks/2e/2edb51f2f57b638345a2b9d561f476b67029b574.js" loaded.
2026-7-7 17:09:08-debug: [[Executor]] Module "pack:///chunks/e5/e5fea8c54230bb378b45e63a8ea8186bdeccbbe2.js" loaded.
2026-7-7 17:09:08-debug: [[Executor]] Register BagBase
2026-7-7 17:09:08-debug: [[Executor]] Module "pack:///chunks/41/4103e3b8e8be7d1b0e7a8a67f28a2c29fe9aa2dc.js" loaded.
2026-7-7 17:09:08-debug: [[Executor]] Register FlayPropManager
2026-7-7 17:09:08-debug: [[Executor]] Module "pack:///chunks/5f/5fdfd08a9c16dc742e66ef16a5a8e13f5f831a3e.js" loaded.
2026-7-7 17:09:08-debug: [[Executor]] Module "pack:///chunks/84/84bbaa7f2e1a0639f57f755b935e1acb7d73f78e.js" loaded.
2026-7-7 17:09:08-debug: [[Executor]] Module "pack:///chunks/80/80f420cd19a5967732f7f177a68c3670990311d3.js" loaded.
2026-7-7 17:09:08-debug: [[Executor]] Register GroupPropTransform
2026-7-7 17:09:08-debug: [[Executor]] Module "pack:///chunks/b5/b5c69e24499acddd297e4328687b0ea934b109d5.js" loaded.
2026-7-7 17:09:08-debug: [[Executor]] Module "pack:///chunks/7e/7e52be47c960966fc7d962b7957dbbce1047514e.js" loaded.
2026-7-7 17:09:08-debug: [[Executor]] Register LabBagUp
2026-7-7 17:09:08-debug: [[Executor]] Register GroupBag3D
2026-7-7 17:09:08-debug: [[Executor]] Module "pack:///chunks/f4/f4bb2b73aacdc0370fc65face1ef60d9e8732bfd.js" loaded.
2026-7-7 17:09:08-debug: [[Executor]] Module "pack:///chunks/0e/0ea1c77c59b038eb4661ef171f440cbc7cc134ca.js" loaded.
2026-7-7 17:09:08-debug: [[Executor]] Module "pack:///chunks/b1/b12e427b1fcb487f729ef654542d8e9775a297cb.js" loaded.
2026-7-7 17:09:08-debug: [[Executor]] Register CollectGetTarget
2026-7-7 17:09:08-debug: [[Executor]] Module "pack:///chunks/80/803faff6203a98317cc86f08677de73b7112b743.js" loaded.
2026-7-7 17:09:08-debug: [[Executor]] Register AreaAttack
2026-7-7 17:09:08-debug: [[Executor]] Module "pack:///chunks/3f/3ff8f1a74d7fbbd22ced04971b6ab15e04fd86a6.js" loaded.
2026-7-7 17:09:08-debug: [[Executor]] Register AttackTargetBase
2026-7-7 17:09:08-debug: [[Executor]] Module "pack:///chunks/29/296009d632e65e6f653d790324d741c2d9759f34.js" loaded.
2026-7-7 17:09:08-debug: [[Executor]] Register HpComponent
2026-7-7 17:09:08-debug: [[Executor]] Module "pack:///chunks/d5/d5f6e07e1b02d743fed3d9c2c8e155b0c3309d52.js" loaded.
2026-7-7 17:09:08-debug: [[Executor]] Module "pack:///chunks/23/2370bd6a63dbba247d7fcab21c5244288f150386.js" loaded.
2026-7-7 17:09:08-debug: [[Executor]] Register MeshFlashPropData
2026-7-7 17:09:08-debug: [[Executor]] Module "pack:///chunks/9e/9ec8816866d723aea0e61547ea23bf04cc3c7c78.js" loaded.
2026-7-7 17:09:08-debug: [[Executor]] Register MeshFlashData
2026-7-7 17:09:08-debug: [[Executor]] Register MeshFlashSwitchData
2026-7-7 17:09:08-debug: [[Executor]] Module "pack:///chunks/02/021cbce763294c7c4adf05845718c817a68ff9f3.js" loaded.
2026-7-7 17:09:08-debug: [[Executor]] Register MeleeAttack
2026-7-7 17:09:08-debug: [[Executor]] Register BattleTargetBase
2026-7-7 17:09:08-debug: [[Executor]] Module "pack:///chunks/dc/dcc18999575bc7125a793680f1b595554e7f2cde.js" loaded.
2026-7-7 17:09:08-debug: [[Executor]] Module "pack:///chunks/ce/ced31965a759b2c1d777a8f0d98f8cd326020d87.js" loaded.
2026-7-7 17:09:08-debug: [[Executor]] Register EffectRemoveBase
2026-7-7 17:09:08-debug: [[Executor]] Register EffectTimePartRemove
2026-7-7 17:09:08-debug: [[Executor]] Module "pack:///chunks/b0/b0316da27abe29af9f8a517d28257bc913762f57.js" loaded.
2026-7-7 17:09:08-debug: [[Executor]] Register ColliderTag
2026-7-7 17:09:08-debug: [[Executor]] Module "pack:///chunks/4a/4a75ba705e89112b3bcc356e77985c7a095b80f4.js" loaded.
2026-7-7 17:09:08-debug: [[Executor]] Module "pack:///chunks/e1/e13771ea8032dbc1728530af431c57de3b1e5e24.js" loaded.
2026-7-7 17:09:08-debug: [[Executor]] Register EffectManager
2026-7-7 17:09:08-debug: [[Executor]] Register BulletMonsterCollisionManager
2026-7-7 17:09:08-debug: [[Executor]] Module "pack:///chunks/a7/a78b9d0a8af4315011c59f40b6c49da033e49269.js" loaded.
2026-7-7 17:09:08-debug: [[Executor]] Module "pack:///chunks/9a/9a8786a747b555136cef77c9f5e7ad17e18a31eb.js" loaded.
2026-7-7 17:09:08-debug: [[Executor]] Register BattleTarget3D
2026-7-7 17:09:08-debug: [[Executor]] Register BulletCollideBase2D
2026-7-7 17:09:08-debug: [[Executor]] Module "pack:///chunks/bb/bb66609565f0d30fbedfe7ab7019decca8a2726b.js" loaded.
2026-7-7 17:09:08-debug: [[Executor]] Module "pack:///chunks/6c/6c35293030e947e52f03ea585990d17f31ea7df0.js" loaded.
2026-7-7 17:09:08-debug: [[Executor]] Register BulletBattle3D
2026-7-7 17:09:08-debug: [[Executor]] Module "pack:///chunks/43/4314f54defc530df4c3d4a14e3561038b8628ff3.js" loaded.
2026-7-7 17:09:08-debug: [[Executor]] Register RangedAttack
2026-7-7 17:09:08-debug: [[Executor]] Module "pack:///chunks/9b/9be30ad1a917cc0914201f1db5bdf1c5cb4d6e49.js" loaded.
2026-7-7 17:09:08-debug: [[Executor]] Module "pack:///chunks/8a/8a4b23fc8904a55daa926fa9bf2d450c2c59d378.js" loaded.
2026-7-7 17:09:08-debug: [[Executor]] Register BulletBattle2D
2026-7-7 17:09:08-debug: [[Executor]] Module "pack:///chunks/5b/5b626ae965dfc8bbf67ffe6dd329ea95c382afe6.js" loaded.
2026-7-7 17:09:08-debug: [[Executor]] Register TriggerBase2D
2026-7-7 17:09:08-debug: [[Executor]] Register CollectBattleTarger2D
2026-7-7 17:09:08-debug: [[Executor]] Module "pack:///chunks/05/0510980ff6e9ad26ec622e2230780bc7f1d96f08.js" loaded.
2026-7-7 17:09:08-debug: [[Executor]] Module "pack:///chunks/f0/f05038aedf4d7805ad91dbf59f1c87fe35c23bb5.js" loaded.
2026-7-7 17:09:08-debug: [[Executor]] Register BulletBatchRenderer
2026-7-7 17:09:08-debug: [[Executor]] Register AttackParkPlay
2026-7-7 17:09:08-debug: [[Executor]] Module "pack:///chunks/05/05825d2a71d7765a90fbbdda8907aab57810f0a0.js" loaded.
2026-7-7 17:09:08-debug: [[Executor]] Module "pack:///chunks/6e/6e4d3e245933373fd13279940a5d6dee30418f49.js" loaded.
2026-7-7 17:09:08-debug: [[Executor]] Register RangeTowerAttack
2026-7-7 17:09:08-debug: [[Executor]] Register RangedAttack_Circle
2026-7-7 17:09:08-debug: [[Executor]] Module "pack:///chunks/fa/fad9c36dab7fd23cbd0b1b9ebcbd02e6023aaadd.js" loaded.
2026-7-7 17:09:08-debug: [[Executor]] Module "pack:///chunks/01/011c6605e93c83936bcaadc521a3f2df21bdd87a.js" loaded.
2026-7-7 17:09:08-debug: [[Executor]] Register RangedAttack_Shrapnel
2026-7-7 17:09:08-debug: [[Executor]] Module "pack:///chunks/7a/7a056ac353cd4f184635b76aa08c0d427085fda7.js" loaded.
2026-7-7 17:09:08-debug: [[Executor]] Register BulletCollideBase3D
2026-7-7 17:09:08-debug: [[Executor]] Register TriggerBase3D
2026-7-7 17:09:08-debug: [[Executor]] Register BattleTarget2D
2026-7-7 17:09:08-debug: [[Executor]] Module "pack:///chunks/03/031aac2e2ea93f03b5422269c22800e822715034.js" loaded.
2026-7-7 17:09:08-debug: [[Executor]] Register CollectBattleTarger3D
2026-7-7 17:09:08-debug: [[Executor]] Module "pack:///chunks/11/1193ac27b94da532d27808ef712ed0fcd809d84d.js" loaded.
2026-7-7 17:09:08-debug: [[Executor]] Register GuideLine
2026-7-7 17:09:08-debug: [[Executor]] Module "pack:///chunks/29/2933ae65951958109aeb70104e6287b8240a8e01.js" loaded.
2026-7-7 17:09:08-debug: [[Executor]] Register EffectTimeRemove
2026-7-7 17:09:08-debug: [[Executor]] Module "pack:///chunks/cd/cd87286564d42a577ada1093f142b4db43415d61.js" loaded.
2026-7-7 17:09:08-debug: D:\工程项目\PlayableAD\Cocos\TheW\20260615_HYQ\HYQ_Project\temp\programming\packer-driver\targets\editor\chunks\fb\fb231b7b47c244832aa3ed0055e0ff4d6bda9530.js resolved to D:\工程项目\PlayableAD\Cocos\TheW\20260615_HYQ\HYQ_Project\temp\programming\packer-driver\targets\editor\chunks\fb\fb231b7b47c244832aa3ed0055e0ff4d6bda9530.js is not in module cache!
2026-7-7 17:09:08-debug: [[Executor]] Module "pack:///chunks/6b/6b5ef849a8a91f0cd956b88818795e47d9431e29.js" loaded.
2026-7-7 17:09:08-debug: [[Executor]] Register Role
2026-7-7 17:09:08-debug: [[Executor]] Register FbxManager
2026-7-7 17:09:08-debug: [[Executor]] Module "pack:///chunks/78/7875e58dc11de4424867c114cd71cf4d379fd7ce.js" loaded.
2026-7-7 17:09:08-debug: [[Executor]] Register GameOverPanel
2026-7-7 17:09:08-debug: [[Executor]] Module "pack:///chunks/1e/1e9839fb85f612fea3030115a5d65b742de2db50.js" loaded.
2026-7-7 17:09:08-debug: [[Executor]] Register WeaponBulletConfig
2026-7-7 17:09:08-debug: [[Executor]] Module "pack:///chunks/6b/6bf6369babd500e0802aeb38d4c346ae3462ef8b.js" loaded.
2026-7-7 17:09:08-debug: [[Executor]] Module "pack:///chunks/12/120cba8f856407335ad8a04347cd4d36bf752a1e.js" loaded.
2026-7-7 17:09:08-debug: [[Executor]] Register MonsterBattleTaerget
2026-7-7 17:09:08-debug: [[Executor]] Module "pack:///chunks/fb/fb231b7b47c244832aa3ed0055e0ff4d6bda9530.js" loaded.
2026-7-7 17:09:08-debug: [[Executor]] Register ArmsInfo
2026-7-7 17:09:08-debug: [[Executor]] Module "pack:///chunks/2c/2c40d59e1ac0050bfd5e4aece9657278c88a4b47.js" loaded.
2026-7-7 17:09:08-debug: [[Executor]] Module "pack:///chunks/aa/aa6223cf35796d09344450a14919ad24c61174bb.js" loaded.
2026-7-7 17:09:08-debug: [[Executor]] Register PropArms
2026-7-7 17:09:08-debug: [[Executor]] Register PropBrand
2026-7-7 17:09:08-debug: [[Executor]] Module "pack:///chunks/ac/ac0e66d1df96447f3ea6b579b5067cb87a880d84.js" loaded.
2026-7-7 17:09:08-debug: [[Executor]] Register LalianHitStageConfig
2026-7-7 17:09:08-debug: [[Executor]] Register PropLalianGate
2026-7-7 17:09:08-debug: [[Executor]] Module "pack:///chunks/c1/c14c87720f6e6e7b27f438925fae2cc2d4587268.js" loaded.
2026-7-7 17:09:08-debug: [[Executor]] Register CreatePropBrand
2026-7-7 17:09:08-debug: [[Executor]] Module "pack:///chunks/e2/e2cd37831230a7474a5c89ec9f0764c2d6ce1581.js" loaded.
2026-7-7 17:09:08-debug: [[Executor]] Register MonsterCreateQueue
2026-7-7 17:09:08-debug: [[Executor]] Register MonsterCreateInfo
2026-7-7 17:09:08-debug: [[Executor]] Module "pack:///chunks/7c/7cb3e78818d3ca7420c127c4f13ad5587e5cc5d3.js" loaded.
2026-7-7 17:09:08-debug: [[Executor]] Register Player
2026-7-7 17:09:08-debug: [[Executor]] Register MonsterCreate
2026-7-7 17:09:08-debug: [[Executor]] Module "pack:///chunks/dd/ddf9ec67bc21176ab14fd7bef2d6099af7cab4e3.js" loaded.
2026-7-7 17:09:08-debug: [[Executor]] Module "pack:///chunks/7d/7d88e9fa4d49091167d5648112015c50cab8c311.js" loaded.
2026-7-7 17:09:08-debug: [[Executor]] Register PropTireGate
2026-7-7 17:09:08-debug: [[Executor]] Module "pack:///chunks/d0/d08abfe279c9195afbafb261981128dda32fee17.js" loaded.
2026-7-7 17:09:08-debug: [[Executor]] Register ArmsUp
2026-7-7 17:09:08-debug: [[Executor]] Register RockerUI
2026-7-7 17:09:08-debug: [[Executor]] Module "pack:///chunks/c8/c8d2fc621a68aadf290b9938ae81f70dbefcc8d6.js" loaded.
2026-7-7 17:09:08-debug: [[Executor]] Register RockerMouseEvent
2026-7-7 17:09:08-debug: [[Executor]] Module "pack:///chunks/e4/e49d377195f0f6ca8039098e5e76d909c726c89c.js" loaded.
2026-7-7 17:09:08-debug: [[Executor]] Register ShoppIngEvent
2026-7-7 17:09:08-debug: [[Executor]] Module "pack:///chunks/c4/c409a49d391cd0107339e604abf784bacdef4b02.js" loaded.
2026-7-7 17:09:08-debug: [[Executor]] Register Shopping
2026-7-7 17:09:08-debug: [[Executor]] Module "pack:///chunks/5f/5fd5284b513982ea020d8e9513905cac6e75919a.js" loaded.
2026-7-7 17:09:08-debug: [[Executor]] Module "pack:///chunks/1b/1b6bd2739873dc60bb0e67b18f2ae1f3b116fb07.js" loaded.
2026-7-7 17:09:08-debug: [[Executor]] Register GuideManager
2026-7-7 17:09:08-debug: [[Executor]] Module "pack:///chunks/41/41b6ef284e15d0779c96601cab9a95a7c5e5919b.js" loaded.
2026-7-7 17:09:08-debug: [[Executor]] Register BuyWay2D
2026-7-7 17:09:08-debug: [[Executor]] Register BuyWayBase
2026-7-7 17:09:08-debug: [[Executor]] Module "pack:///chunks/99/9957d51b35d223fa476f8f6dcd2b5d011a93ab2f.js" loaded.
2026-7-7 17:09:08-debug: [[Executor]] Register Shopping_Super
2026-7-7 17:09:08-debug: [[Executor]] Register ShoppingItem
2026-7-7 17:09:08-debug: [[Executor]] Module "pack:///chunks/d8/d87351923699bbc0b3bf2e76b9d6665983f7b324.js" loaded.
2026-7-7 17:09:08-debug: [[Executor]] Module "pack:///chunks/b8/b8ff2efe0a5ef0b3134c1c0a100a2fc7e48d38e3.js" loaded.
2026-7-7 17:09:08-debug: [[Executor]] Register BuyWay3D
2026-7-7 17:09:08-debug: [[Executor]] Register FrameAnimManager
2026-7-7 17:09:08-debug: [[Executor]] Module "pack:///chunks/83/8354ac407215243163174d3e83d4cdab306051e3.js" loaded.
2026-7-7 17:09:08-debug: [[Executor]] Module "pack:///chunks/84/848ca7bc3c110f0554094ecf01b3a37b01ea9dfd.js" loaded.
2026-7-7 17:09:08-debug: [[Executor]] Register UIButtonEvent
2026-7-7 17:09:08-debug: [[Executor]] Register FrameManager
2026-7-7 17:09:08-debug: D:\工程项目\PlayableAD\Cocos\TheW\20260615_HYQ\HYQ_Project\temp\programming\packer-driver\targets\editor\chunks\7e\7ece20e41250ede0e4707962498ddfd8c4453b24.js resolved to D:\工程项目\PlayableAD\Cocos\TheW\20260615_HYQ\HYQ_Project\temp\programming\packer-driver\targets\editor\chunks\7e\7ece20e41250ede0e4707962498ddfd8c4453b24.js is not in module cache!
2026-7-7 17:09:08-debug: [[Executor]] Module "pack:///chunks/95/95d64f4c8aa166ee79b72d7add5021b420a7ce33.js" loaded.
2026-7-7 17:09:08-debug: [[Executor]] Module "pack:///chunks/23/23f4bc413c460b50ee5cc83636bb099609a379fd.js" loaded.
2026-7-7 17:09:08-debug: [[Executor]] Register StutterCheck
2026-7-7 17:09:08-debug: [[Executor]] Module "pack:///chunks/4a/4a434c55814df4d84e6cd9fee04d3f21bfa74070.js" loaded.
2026-7-7 17:09:08-debug: [[Executor]] Module "pack:///chunks/4d/4d68417d37cd80fe73d65d56dfe11dd26e9ef91a.js" loaded.
2026-7-7 17:09:08-debug: [[Executor]] Module "pack:///chunks/e9/e9668b02254f4db9826696b9dfb6914087bee6cc.js" loaded.
2026-7-7 17:09:08-debug: [[Executor]] Module "pack:///chunks/6d/6d8fd2b0177941b032ddc0733af48a561fb60657.js" loaded.
2026-7-7 17:09:08-debug: [[Executor]] Module "pack:///chunks/7e/7ece20e41250ede0e4707962498ddfd8c4453b24.js" loaded.
2026-7-7 17:09:08-debug: Init bundle share assets start..., progress: 9%
2026-7-7 17:09:08-debug: Init bundle share assets start..., progress: 13%
2026-7-7 17:09:08-debug: [[Executor]] after unlock
2026-7-7 17:09:08-debug: Incremental keys: 
2026-7-7 17:09:08-warn: The Mesh used by component "cc.MeshRenderer" in prefab "Role_1" is missing. Detailed information:Node path: "Role_1/New Node/Bip001 Prop1 Socket/jiateling01"Asset url: "db://assets/GameRes/Prefab/Role_1"Missing uuid: "03189dd5-73dd-4e52-8644-1ff1a122b972@18a45"
2026-7-7 17:09:08-warn: The Mesh used by component "cc.MeshRenderer" in prefab "Role_2" is missing. Detailed information:Node path: "Role_2/New Node/Bip001 Prop1 Socket/jiateling01"Asset url: "db://assets/GameRes/Prefab/Role_2"Missing uuid: "03189dd5-73dd-4e52-8644-1ff1a122b972@18a45"
2026-7-7 17:09:08-warn: The Mesh used by component "cc.MeshRenderer" in prefab "Role_2" is missing. Detailed information:Node path: "Role_2/New Node/Bip001 Prop1 Socket/jiateling01"Asset url: "db://assets/GameRes/Prefab/Role_2"Missing uuid: "03189dd5-73dd-4e52-8644-1ff1a122b972@18a45"
2026-7-7 17:09:08-log: [super-html] : [pangle] [4498 kb] D:\工程项目\PlayableAD\Cocos\TheW\20260615_HYQ\HYQ_Project\build\super-html\pangle\HYQ_pangle.zip
2026-7-7 17:09:08-debug: Init bundle share assets success..., progress: 13%
2026-7-7 17:09:08-debug: Init bundle share assets success..., progress: 9%
2026-7-7 17:09:08-debug: handle json group in bundle internal
2026-7-7 17:09:08-debug: handle json group in bundle internal success
2026-7-7 17:09:08-debug: init image compress task 0 in bundle internal
2026-7-7 17:09:08-debug: handle json group in bundle main
2026-7-7 17:09:08-debug: handle json group in bundle resources
2026-7-7 17:09:08-debug: init image compress task 0 in bundle resources
2026-7-7 17:09:08-debug: [json-group] check self or raw asset, skip. 799add5f-4370-4ee6-b0a4-aca1ebcd06a3 depended by 799add5f-4370-4ee6-b0a4-aca1ebcd06a3 has checked in raw asset 799add5f-4370-4ee6-b0a4-aca1ebcd06a3/bundle(main)}
2026-7-7 17:09:08-debug: handle json group in bundle resources success
2026-7-7 17:09:08-debug: [json-group] check self or raw asset, skip. f96153eb-6f89-4aad-b84b-808954761c02 depended by f96153eb-6f89-4aad-b84b-808954761c02 has checked in raw asset b5805d3a-3b80-4a12-adf5-588e63a7d886/bundle(main)}
2026-7-7 17:09:08-debug: handle json group in bundle main success
2026-7-7 17:09:08-debug: [json-group] check self or raw asset, skip. 799add5f-4370-4ee6-b0a4-aca1ebcd06a3 depended by 799add5f-4370-4ee6-b0a4-aca1ebcd06a3 has checked in raw asset b5805d3a-3b80-4a12-adf5-588e63a7d886/bundle(main)}
2026-7-7 17:09:08-debug: init image compress task 0 in bundle main
2026-7-7 17:09:08-debug: [json-group] check self or raw asset, skip. f96153eb-6f89-4aad-b84b-808954761c02 depended by f96153eb-6f89-4aad-b84b-808954761c02 has checked in raw asset f96153eb-6f89-4aad-b84b-808954761c02/bundle(main)}
2026-7-7 17:09:08-debug: // ---- build task 查询 Asset Bundle ---- (557ms)
2026-7-7 17:09:08-log: run build task 查询 Asset Bundle success in 557 ms√, progress: 14%
2026-7-7 17:09:08-debug: [Build Memory track]: 查询 Asset Bundle start:430.21MB, end 486.50MB, increase: 56.28MB
2026-7-7 17:09:08-debug: 查询 Asset Bundle start, progress: 14%
2026-7-7 17:09:08-debug: // ---- build task 查询 Asset Bundle ----
2026-7-7 17:09:08-debug: // ---- build task 查询 Asset Bundle ---- (39ms)
2026-7-7 17:09:08-log: run build task 查询 Asset Bundle success in 39 ms√, progress: 19%
2026-7-7 17:09:08-debug: // ---- build task 打包脚本 ----
2026-7-7 17:09:08-debug: [Build Memory track]: 查询 Asset Bundle start:486.53MB, end 486.83MB, increase: 302.35KB
2026-7-7 17:09:08-debug: 打包脚本 start, progress: 19%
2026-7-7 17:09:10-log: [buildPolyfillsCommand]enter sub process 816, 9229, see: chrome://inspect/#devices
2026-7-7 17:09:10-log: [super-html] : [pangle] [4498 kb] D:\工程项目\PlayableAD\Cocos\TheW\20260615_HYQ\HYQ_Project\build\super-html\pangle\HYQ_pangle_portrait.zip
2026-7-7 17:09:11-log: [super-html] : [pangle] [4498 kb] D:\工程项目\PlayableAD\Cocos\TheW\20260615_HYQ\HYQ_Project\build\super-html\pangle\HYQ_pangle_landscape.zip
2026-7-7 17:09:13-log: [super-html] : [liftoff] [4498 kb] D:\工程项目\PlayableAD\Cocos\TheW\20260615_HYQ\HYQ_Project\build\super-html\liftoff\HYQ_liftoff.zip
2026-7-7 17:09:13-log: [super-html] : [moloco] [6213 kb] D:\工程项目\PlayableAD\Cocos\TheW\20260615_HYQ\HYQ_Project\build\super-html\moloco\HYQ_moloco.html
2026-7-7 17:09:14-log: [super-html] : [tiktok] [4498 kb] D:\工程项目\PlayableAD\Cocos\TheW\20260615_HYQ\HYQ_Project\build\super-html\tiktok\HYQ_tiktok.zip
2026-7-7 17:09:14-debug: execute-script-end with buildPolyfillsCommand 5954ms
2026-7-7 17:09:14-debug: Generate systemJs..., progress: 19%
2026-7-7 17:09:16-log: [super-html] : [vungle] [4498 kb] D:\工程项目\PlayableAD\Cocos\TheW\20260615_HYQ\HYQ_Project\build\super-html\vungle\HYQ_vungle.zip
2026-7-7 17:09:17-log: [super-html] : [bigo] [4498 kb] D:\工程项目\PlayableAD\Cocos\TheW\20260615_HYQ\HYQ_Project\build\super-html\bigo\HYQ_bigo.zip
2026-7-7 17:09:17-log: [super-html] : [kwai] : thumbnail_cover.jpg no find
2026-7-7 17:09:19-log: [super-html] : [kwai] [4498 kb] D:\工程项目\PlayableAD\Cocos\TheW\20260615_HYQ\HYQ_Project\build\super-html\kwai\HYQ_kwai.zip
2026-7-7 17:09:19-log: [super-html] : [nefta] [6213 kb] D:\工程项目\PlayableAD\Cocos\TheW\20260615_HYQ\HYQ_Project\build\super-html\nefta\HYQ_nefta.html
2026-7-7 17:09:19-debug: execute-script-end with buildSystemJsCommand 4976ms
2026-7-7 17:09:19-debug: 构建项目脚本 start..., progress: 19%
2026-7-7 17:09:19-debug: 构建项目脚本 start..., progress: 13%
2026-7-7 17:09:20-log: [super-html] : [nefta] [4498 kb] D:\工程项目\PlayableAD\Cocos\TheW\20260615_HYQ\HYQ_Project\build\super-html\nefta\HYQ_nefta.zip
2026-7-7 17:09:21-log: [super-html] : [snapchat] [4567 kb] D:\工程项目\PlayableAD\Cocos\TheW\20260615_HYQ\HYQ_Project\build\super-html\snapchat\HYQ_snapchat_portrait.zip
2026-7-7 17:09:22-log: [super-html] : [gdt] [4567 kb] D:\工程项目\PlayableAD\Cocos\TheW\20260615_HYQ\HYQ_Project\build\super-html\gdt\HYQ_gdt.zip
2026-7-7 17:09:22-log: [super-html] : [gdt] [4567 kb] D:\工程项目\PlayableAD\Cocos\TheW\20260615_HYQ\HYQ_Project\build\super-html\gdt\HYQ_gdt_portrait.zip
2026-7-7 17:09:23-log: [super-html] : [gdt] [4567 kb] D:\工程项目\PlayableAD\Cocos\TheW\20260615_HYQ\HYQ_Project\build\super-html\gdt\HYQ_gdt_landscape.zip
2026-7-7 17:09:23-log: [super-html] : run time 36.548S
2026-7-7 17:09:23-log: [super-html] : -- end -- 
2026-7-7 17:09:27-warn: [buildScriptCommand][[Build.Script.Rollup]] Circular dependency: file:///D:/%E5%B7%A5%E7%A8%8B%E9%A1%B9%E7%9B%AE/PlayableAD/Cocos/TheW/20260615_HYQ/HYQ_Project/assets/Script/functionS/Jump/JumpManager.ts -> file:///D:/%E5%B7%A5%E7%A8%8B%E9%A1%B9%E7%9B%AE/PlayableAD/Cocos/TheW/20260615_HYQ/HYQ_Project/assets/Script/functionS/Jump/JumpDriveEngine.ts -> file:///D:/%E5%B7%A5%E7%A8%8B%E9%A1%B9%E7%9B%AE/PlayableAD/Cocos/TheW/20260615_HYQ/HYQ_Project/assets/Script/functionS/Jump/JumpManager.ts
2026-7-7 17:09:27-warn: [buildScriptCommand][[Build.Script.Rollup]] Circular dependency: file:///D:/%E5%B7%A5%E7%A8%8B%E9%A1%B9%E7%9B%AE/PlayableAD/Cocos/TheW/20260615_HYQ/HYQ_Project/assets/Script/functionS/Monster/MonsterCreate.ts -> file:///D:/%E5%B7%A5%E7%A8%8B%E9%A1%B9%E7%9B%AE/PlayableAD/Cocos/TheW/20260615_HYQ/HYQ_Project/assets/Script/functionS/Other/PropArms.ts -> file:///D:/%E5%B7%A5%E7%A8%8B%E9%A1%B9%E7%9B%AE/PlayableAD/Cocos/TheW/20260615_HYQ/HYQ_Project/assets/Script/functionS/Monster/MonsterCreate.ts[warning][[Build.Script.Rollup]] Circular dependency: file:///D:/%E5%B7%A5%E7%A8%8B%E9%A1%B9%E7%9B%AE/PlayableAD/Cocos/TheW/20260615_HYQ/HYQ_Project/extensions/super-packager/package_assets/JiangYv/PBASDK-v3/PrintComponent.ts -> file:///D:/%E5%B7%A5%E7%A8%8B%E9%A1%B9%E7%9B%AE/PlayableAD/Cocos/TheW/20260615_HYQ/HYQ_Project/extensions/super-packager/package_assets/JiangYv/PBASDK-v3/StutterCheck.ts -> file:///D:/%E5%B7%A5%E7%A8%8B%E9%A1%B9%E7%9B%AE/PlayableAD/Cocos/TheW/20260615_HYQ/HYQ_Project/extensions/super-packager/package_assets/JiangYv/PBASDK-v3/PrintComponent.ts
2026-7-7 17:09:32-log: [buildScriptCommand]Number of non-entry chunks: 3
2026-7-7 17:09:32-debug: execute-script-end with buildScriptCommand 12651ms
2026-7-7 17:09:32-debug: Copy externalScripts success!
2026-7-7 17:09:32-debug: 构建项目脚本 in (12741 ms) √, progress: 19%
2026-7-7 17:09:32-debug: 构建项目脚本 in (12741 ms) √, progress: 13%
2026-7-7 17:09:32-debug: 构建引擎脚本 start..., progress: 19%
2026-7-7 17:09:32-debug: mangleProperties is enabled, found engine-mangle-config.json, use it
2026-7-7 17:09:32-debug: Use cache engine: {link(C:\Users\Admin\AppData\Local\Temp\CocosCreator\3.8.7\builder\engine\a154ee511c93165416d720dbd46d8d34)}
2026-7-7 17:09:32-debug: Use cache, options: {  "entry": "C:\\ProgramData\\cocos\\editors\\Creator\\3.8.7\\resources\\resources\\3d\\engine",  "debug": false,  "mangleProperties": false,  "inlineEnum": true,  "sourceMaps": false,  "includeModules": [    "2d",    "3d",    "animation",    "audio",    "base",    "custom-pipeline",    "gfx-webgl",    "gfx-webgl2",    "graphics",    "particle",    "physics-2d-box2d",    "physics-ammo",    "primitive",    "profiler",    "skeletal-animation",    "tween",    "ui",    "custom-pipeline-builtin-scripts"  ],  "engineVersion": "3.8.7",  "md5Map": [],  "engineName": "cocos-js",  "output": "D:\\工程项目\\PlayableAD\\Cocos\\TheW\\20260615_HYQ\\HYQ_Project\\build\\web-mobile\\cocos-js",  "platformType": "HTML5",  "useCache": true,  "nativeCodeBundleMode": "asmjs",  "wasmCompressionMode": false,  "split": false,  "assetURLFormat": "runtime-resolved",  "flags": {    "DEBUG": false,    "LOAD_BULLET_MANUALLY": false,    "LOAD_SPINE_MANUALLY": false,    "WEBGPU": false  }}
2026-7-7 17:09:32-debug: Use cache, md5String: debug=false,sourceMaps=false,includeModules=["2d","3d","animation","audio","base","custom-pipeline","gfx-webgl","gfx-webgl2","graphics","particle","physics-2d-box2d","physics-ammo","primitive","profiler","skeletal-animation","tween","ui","custom-pipeline-builtin-scripts"],engineVersion="3.8.7",platformType="HTML5",split=false,nativeCodeBundleMode="asmjs",targets=undefined,entry="C:\\ProgramData\\cocos\\editors\\Creator\\3.8.7\\resources\\resources\\3d\\engine",noDeprecatedFeatures=undefined,loose=true,assetURLFormat="runtime-resolved",flags={"DEBUG":false,"LOAD_BULLET_MANUALLY":false,"LOAD_SPINE_MANUALLY":false,"WEBGPU":false},preserveType=undefined,wasmCompressionMode=false,enableNamedRegisterForSystemJSModuleFormat=undefined,mangleProperties=false,inlineEnum=true,
2026-7-7 17:09:32-debug: 构建引擎脚本 in (273 ms) √, progress: 19%
2026-7-7 17:09:32-debug: Copy plugin script ..., progress: 19%
2026-7-7 17:09:32-debug: Generate import-map..., progress: 19%
2026-7-7 17:09:33-debug: Error: Exit process with code:null, signal:SIGTERM in task build-script    at ChildProcess.<anonymous> (C:\ProgramData\cocos\editors\Creator\3.8.7\resources\app.asar\builtin\builder\dist\worker\worker-pools\sub-process-manager.ccc:1:2409)    at ChildProcess.emit (node:events:519:28)    at Process.ChildProcess._handle.onexit (node:internal/child_process:294:12)
2026-7-7 17:09:33-debug: // ---- build task 打包脚本 ---- (24052ms)
2026-7-7 17:09:33-log: run build task 打包脚本 success in 24 s√, progress: 24%
2026-7-7 17:09:33-debug: [Build Memory track]: 打包脚本 start:486.99MB, end 284.07MB, increase: -207790.08KB
2026-7-7 17:09:33-debug: // ---- build task Build Assets ----
2026-7-7 17:09:33-debug: Build Assets start, progress: 24%
2026-7-7 17:09:33-debug: Build bundles..., progress: 24%
2026-7-7 17:09:33-debug: Pack Images start, progress: 24%
2026-7-7 17:09:33-debug: Pack Images start, progress: 13%
2026-7-7 17:09:33-debug: Number of pac assets: 3
2026-7-7 17:09:33-debug: Get Cache info of pac success {asset(17513a27-4f11-4047-a0be-8d0cb6187b9e)}
2026-7-7 17:09:33-debug: Get Cache info of pac success {asset(b74fc0c2-4c67-4dd4-8d74-9612ad56cfb1)}
2026-7-7 17:09:33-debug: Number of pack results: 2
2026-7-7 17:09:33-debug: start collect depend assets in pac17513a27-4f11-4047-a0be-8d0cb6187b9e
2026-7-7 17:09:33-debug: start collect depend assets in pacb74fc0c2-4c67-4dd4-8d74-9612ad56cfb1
2026-7-7 17:09:33-debug: start sort bundle in pacb74fc0c2-4c67-4dd4-8d74-9612ad56cfb1
2026-7-7 17:09:33-debug: end sort bundle in pacb74fc0c2-4c67-4dd4-8d74-9612ad56cfb1
2026-7-7 17:09:33-debug: start sort bundle in pac17513a27-4f11-4047-a0be-8d0cb6187b9e
2026-7-7 17:09:33-debug: end sort bundle in pac17513a27-4f11-4047-a0be-8d0cb6187b9e
2026-7-7 17:09:33-debug: builder:pack-auto-atlas-image (197ms)
2026-7-7 17:09:33-debug: Pack Images success, progress: 24%
2026-7-7 17:09:33-debug: Compress image start..., progress: 13%
2026-7-7 17:09:33-debug: Num of all image compress task 0, really: 0, configTasks: 0
2026-7-7 17:09:33-debug: Pack Images success, progress: 13%
2026-7-7 17:09:33-debug: No image need to compress
2026-7-7 17:09:33-debug: Compress image success..., progress: 24%
2026-7-7 17:09:33-debug: Compress image success..., progress: 13%
2026-7-7 17:09:33-debug: Output asset in bundles start, progress: 24%
2026-7-7 17:09:33-debug: sort compress task {}
2026-7-7 17:09:33-debug: handle json group
2026-7-7 17:09:33-debug: Handle all json groups in bundle internal
2026-7-7 17:09:33-debug: Output asset in bundles start, progress: 13%
2026-7-7 17:09:33-debug: Handle all json groups in bundle resources
2026-7-7 17:09:33-debug: handle json group
2026-7-7 17:09:33-debug: Handle all json groups in bundle main
2026-7-7 17:09:33-debug: handle json group
2026-7-7 17:09:33-debug: Compress image start..., progress: 24%
2026-7-7 17:09:33-debug: Json group(033f45a16) compile success，json number: 6
2026-7-7 17:09:33-debug: Json group(0b54f34d0) compile success，json number: 6
2026-7-7 17:09:33-debug: handle single json
2026-7-7 17:09:33-debug: Json group(0c368b992) compile success，json number: 6
2026-7-7 17:09:33-debug: Json group(0a84a1761) compile success，json number: 6
2026-7-7 17:09:33-debug: Json group(09e986d7f) compile success，json number: 6
2026-7-7 17:09:33-debug: Json group(0a8b38f43) compile success，json number: 6
2026-7-7 17:09:33-debug: Json group(05a6ba422) compile success，json number: 6
2026-7-7 17:09:33-debug: handle single json
2026-7-7 17:09:33-debug: Json group(0bd960b15) compile success，json number: 6
2026-7-7 17:09:33-debug: Json group(05d786f3c) compile success，json number: 6
2026-7-7 17:09:33-debug: Json group(0a9a16365) compile success，json number: 6
2026-7-7 17:09:33-debug: Json group(0939f5774) compile success，json number: 6
2026-7-7 17:09:33-debug: Json group(04d1efb95) compile success，json number: 6
2026-7-7 17:09:33-debug: Json group(05ff4bf9a) compile success，json number: 6
2026-7-7 17:09:33-debug: Json group(058888a4d) compile success，json number: 6
2026-7-7 17:09:33-debug: Json group(0aa2d87de) compile success，json number: 6
2026-7-7 17:09:33-debug: Json group(0936a916b) compile success，json number: 6
2026-7-7 17:09:33-debug: Json group(0b3e0b1ce) compile success，json number: 6
2026-7-7 17:09:34-debug: Json group(03bca836c) compile success，json number: 6
2026-7-7 17:09:34-debug: Json group(018f8689b) compile success，json number: 6
2026-7-7 17:09:34-debug: Json group(09f4a3c5f) compile success，json number: 6
2026-7-7 17:09:34-debug: Json group(0573d1736) compile success，json number: 6
2026-7-7 17:09:34-warn: The Mesh used by component "cc.MeshRenderer" in prefab "Role_2" is missing. Detailed information:Node path: "Role_2/New Node/Bip001 Prop1 Socket/jiateling01"Asset url: "db://assets/GameRes/Prefab/Role_2"Missing uuid: "03189dd5-73dd-4e52-8644-1ff1a122b972@18a45"
2026-7-7 17:09:34-warn: The Mesh used by component "cc.MeshRenderer" in prefab "Role_2" is missing. Detailed information:Node path: "Role_2/New Node/Bip001 Prop1 Socket/jiateling01"Asset url: "db://assets/GameRes/Prefab/Role_2"Missing uuid: "03189dd5-73dd-4e52-8644-1ff1a122b972@18a45"
2026-7-7 17:09:34-debug: Json group(0d1405e99) compile success，json number: 6
2026-7-7 17:09:34-debug: Json group(0fbb3d0d7) compile success，json number: 6
2026-7-7 17:09:34-debug: Json group(0b756a9e5) compile success，json number: 6
2026-7-7 17:09:34-debug: Json group(0acdaf410) compile success，json number: 6
2026-7-7 17:09:34-debug: Json group(045d59844) compile success，json number: 6
2026-7-7 17:09:34-debug: Json group(03d712220) compile success，json number: 6
2026-7-7 17:09:34-debug: Json group(0418d0963) compile success，json number: 6
2026-7-7 17:09:34-debug: Json group(0d46b5455) compile success，json number: 6
2026-7-7 17:09:34-debug: Json group(0d76502e0) compile success，json number: 6
2026-7-7 17:09:34-warn: The Mesh used by component "cc.MeshRenderer" in prefab "Role_1" is missing. Detailed information:Node path: "Role_1/New Node/Bip001 Prop1 Socket/jiateling01"Asset url: "db://assets/GameRes/Prefab/Role_1"Missing uuid: "03189dd5-73dd-4e52-8644-1ff1a122b972@18a45"
2026-7-7 17:09:34-debug: Json group(0678030fa) compile success，json number: 6
2026-7-7 17:09:34-debug: Json group(05744dfbc) compile success，json number: 6
2026-7-7 17:09:34-debug: handle single json
2026-7-7 17:09:35-debug: Output asset in bundles success, progress: 24%
2026-7-7 17:09:35-debug: Output asset in bundles success, progress: 13%
2026-7-7 17:09:35-debug: Output asset in bundles start, progress: 24%
2026-7-7 17:09:35-debug: compress config of bundle internal...
2026-7-7 17:09:35-debug: Output asset in bundles start, progress: 13%
2026-7-7 17:09:35-debug: compress config of bundle resources success
2026-7-7 17:09:35-debug: compress config of bundle main...
2026-7-7 17:09:35-debug: compress config of bundle internal success
2026-7-7 17:09:35-debug: output config of bundle internal
2026-7-7 17:09:35-debug: compress config of bundle main success
2026-7-7 17:09:35-debug: output config of bundle internal success
2026-7-7 17:09:35-debug: output config of bundle resources success
2026-7-7 17:09:35-debug: output config of bundle main
2026-7-7 17:09:35-debug: output config of bundle resources
2026-7-7 17:09:35-debug: output config of bundle main success
2026-7-7 17:09:35-debug: Output asset in bundles success, progress: 24%
2026-7-7 17:09:35-debug: compress config of bundle resources...
2026-7-7 17:09:35-debug: Output asset in bundles success, progress: 13%
2026-7-7 17:09:35-debug: // ---- build task Build Assets ---- (2455ms)
2026-7-7 17:09:35-log: run build task Build Assets success in 2 s√, progress: 29%
2026-7-7 17:09:35-debug: [Build Memory track]: Build Assets start:284.10MB, end 287.34MB, increase: 3.24MB
2026-7-7 17:09:35-debug: 整理部分构建选项内数据到 settings.json start, progress: 29%
2026-7-7 17:09:35-debug: // ---- build task 整理部分构建选项内数据到 settings.json ----
2026-7-7 17:09:35-debug: // ---- build task 整理部分构建选项内数据到 settings.json ---- (39ms)
2026-7-7 17:09:35-log: run build task 整理部分构建选项内数据到 settings.json success in 39 ms√, progress: 31%
2026-7-7 17:09:35-debug: // ---- build task 填充脚本数据到 settings.json ----
2026-7-7 17:09:35-debug: [Build Memory track]: 整理部分构建选项内数据到 settings.json start:287.45MB, end 287.52MB, increase: 76.39KB
2026-7-7 17:09:35-debug: 填充脚本数据到 settings.json start, progress: 31%
2026-7-7 17:09:35-debug: // ---- build task 填充脚本数据到 settings.json ---- (62ms)
2026-7-7 17:09:35-log: run build task 填充脚本数据到 settings.json success in 62 ms√, progress: 32%
2026-7-7 17:09:35-debug: [Build Memory track]: 填充脚本数据到 settings.json start:287.56MB, end 287.65MB, increase: 96.52KB
2026-7-7 17:09:35-debug: // ---- build task 整理部分构建选项内数据到 settings.json ----
2026-7-7 17:09:35-debug: 整理部分构建选项内数据到 settings.json start, progress: 32%
2026-7-7 17:09:35-debug: // ---- build task 整理部分构建选项内数据到 settings.json ---- (316ms)
2026-7-7 17:09:35-log: run build task 整理部分构建选项内数据到 settings.json success in 316 ms√, progress: 34%
2026-7-7 17:09:35-debug: [Build Memory track]: 整理部分构建选项内数据到 settings.json start:287.69MB, end 287.81MB, increase: 124.79KB
2026-7-7 17:09:35-debug: web-mobile:(onBeforeCompressSettings) start..., progress: 34%
2026-7-7 17:09:35-debug: // ---- build task web-mobile：onBeforeCompressSettings ----
2026-7-7 17:09:35-debug: // ---- build task web-mobile：onBeforeCompressSettings ---- (43ms)
2026-7-7 17:09:35-debug: web-mobile:(onBeforeCompressSettings) in 43 ms ✓, progress: 36%
2026-7-7 17:09:35-debug: cocos-service:(onBeforeCompressSettings) start..., progress: 36%
2026-7-7 17:09:35-debug: // ---- build task cocos-service：onBeforeCompressSettings ----
2026-7-7 17:09:36-debug: // ---- build task cocos-service：onBeforeCompressSettings ---- (176ms)
2026-7-7 17:09:36-debug: cocos-service:(onBeforeCompressSettings) in 176 ms ✓, progress: 38%
2026-7-7 17:09:36-debug: // ---- build task super-packager：onBeforeCompressSettings ----
2026-7-7 17:09:36-log: [SUPER_PACKAGE]onBeforeCompressSettings
2026-7-7 17:09:36-debug: super-packager:(onBeforeCompressSettings) start..., progress: 38%
2026-7-7 17:09:36-debug: // ---- build task super-packager：onBeforeCompressSettings ---- (52ms)
2026-7-7 17:09:36-debug: super-packager:(onBeforeCompressSettings) in 52 ms ✓, progress: 40%
2026-7-7 17:09:36-debug: 整理静态模板文件 start, progress: 40%
2026-7-7 17:09:36-debug: // ---- build task 整理静态模板文件 ----
2026-7-7 17:09:36-debug: // ---- build task 整理静态模板文件 ---- (116ms)
2026-7-7 17:09:36-log: run build task 整理静态模板文件 success in 116 ms√, progress: 45%
2026-7-7 17:09:36-debug: // ---- build task cocos-service：onAfterCompressSettings ----
2026-7-7 17:09:36-debug: [Build Memory track]: 整理静态模板文件 start:288.23MB, end 292.59MB, increase: 4.36MB
2026-7-7 17:09:36-debug: cocos-service:(onAfterCompressSettings) start..., progress: 45%
2026-7-7 17:09:36-debug: // ---- build task cocos-service：onAfterCompressSettings ---- (133ms)
2026-7-7 17:09:36-debug: cocos-service:(onAfterCompressSettings) in 133 ms ✓, progress: 46%
2026-7-7 17:09:36-debug: // ---- build task super-packager：onAfterCompressSettings ----
2026-7-7 17:09:36-log: [SUPER_PACKAGE]onAfterCompressSettings
2026-7-7 17:09:36-debug: super-packager:(onAfterCompressSettings) start..., progress: 46%
2026-7-7 17:09:36-debug: // ---- build task super-packager：onAfterCompressSettings ---- (25ms)
2026-7-7 17:09:36-debug: super-packager:(onAfterCompressSettings) in 25 ms ✓, progress: 48%
2026-7-7 17:09:36-debug: web-mobile:(onBeforeCopyBuildTemplate) start..., progress: 48%
2026-7-7 17:09:36-debug: // ---- build task web-mobile：onBeforeCopyBuildTemplate ----
2026-7-7 17:09:36-debug: // ---- build task web-mobile：onBeforeCopyBuildTemplate ---- (91ms)
2026-7-7 17:09:36-debug: web-mobile:(onBeforeCopyBuildTemplate) in 91 ms ✓, progress: 50%
2026-7-7 17:09:36-debug: 给所有的资源加上 MD5 后缀 start, progress: 50%
2026-7-7 17:09:36-debug: // ---- build task 给所有的资源加上 MD5 后缀 ----
2026-7-7 17:09:36-debug: // ---- build task 给所有的资源加上 MD5 后缀 ---- (89ms)
2026-7-7 17:09:36-log: run build task 给所有的资源加上 MD5 后缀 success in 89 ms√, progress: 60%
2026-7-7 17:09:36-debug: [Build Memory track]: 给所有的资源加上 MD5 后缀 start:289.20MB, end 289.30MB, increase: 95.43KB
2026-7-7 17:09:36-debug: web-mobile:(onAfterBuild) start..., progress: 60%
2026-7-7 17:09:36-debug: // ---- build task web-mobile：onAfterBuild ----
2026-7-7 17:09:36-debug: // ---- build task web-mobile：onAfterBuild ---- (71ms)
2026-7-7 17:09:36-debug: cocos-service:(onAfterBuild) start..., progress: 62%
2026-7-7 17:09:36-debug: // ---- build task cocos-service：onAfterBuild ----
2026-7-7 17:09:36-debug: web-mobile:(onAfterBuild) in 71 ms ✓, progress: 62%
2026-7-7 17:09:36-debug: // ---- build task cocos-service：onAfterBuild ---- (114ms)
2026-7-7 17:09:36-debug: cocos-service:(onAfterBuild) in 114 ms ✓, progress: 64%
2026-7-7 17:09:36-debug: adsense-h5g-plugin:(onAfterBuild) start..., progress: 64%
2026-7-7 17:09:36-debug: // ---- build task adsense-h5g-plugin：onAfterBuild ----
2026-7-7 17:09:36-debug: // ---- build task adsense-h5g-plugin：onAfterBuild ---- (32ms)
2026-7-7 17:09:36-debug: adsense-h5g-plugin:(onAfterBuild) in 32 ms ✓, progress: 65%
2026-7-7 17:09:36-debug: super-html:(onAfterBuild) start..., progress: 65%
2026-7-7 17:09:36-log: [super-html] : -- start --
2026-7-7 17:09:36-debug: // ---- build task super-html：onAfterBuild ----
2026-7-7 17:09:36-log: [super-html] : s_input_dir D:\工程项目\PlayableAD\Cocos\TheW\20260615_HYQ\HYQ_Project\build\web-mobile
2026-7-7 17:09:36-log: [super-html] : engine version 3.8.7
2026-7-7 17:09:36-log: [super-html] : s_out_dir D:\工程项目\PlayableAD\Cocos\TheW\20260615_HYQ\HYQ_Project\build\super-html
2026-7-7 17:09:44-log: 资源数据库已锁定，资源操作(refresh)将会延迟响应，请稍侯
2026-7-7 17:09:44-debug: // ---- build task super-html：onAfterBuild ---- (7898ms)
2026-7-7 17:09:44-debug: super-html:(onAfterBuild) in 7898 ms ✓, progress: 67%
2026-7-7 17:09:44-log: [SUPER_PACKAGE]onAfterBuild
2026-7-7 17:09:44-debug: super-packager:(onAfterBuild) start..., progress: 67%
2026-7-7 17:09:44-debug: // ---- build task super-packager：onAfterBuild ----
2026-7-7 17:09:44-debug: // ---- build task super-packager：onAfterBuild ---- (75ms)
2026-7-7 17:09:44-debug: super-packager:(onAfterBuild) in 75 ms ✓, progress: 69%
2026-7-7 17:09:44-log: Asset DB is resume!
2026-7-7 17:09:45-debug: builder:build-project-total (37672ms)
2026-7-7 17:09:45-debug: build task(web-mobile) in 37672!
2026-7-7 17:09:45-debug: [Build Memory track]: builder:build-project-total start:431.98MB, end 294.71MB, increase: -140558.39KB
2026-7-7 17:09:45-debug: ================================ build Task (web-mobile) Finished in (38 s)ms ================================
2026-7-7 17:09:45-debug: Stop record console. {file(D:\工程项目\PlayableAD\Cocos\TheW\20260615_HYQ\HYQ_Project\temp\builder\log\web-mobile2026-6-30 10-27.log)}
2026-7-7 17:09:46-warn: The Mesh used by component "cc.MeshRenderer" in prefab "Role_2" is missing. Detailed information:Node path: "Role_2/New Node/Bip001 Prop1 Socket/jiateling01"Asset url: "db://assets/GameRes/Prefab/Role_2"Missing uuid: "03189dd5-73dd-4e52-8644-1ff1a122b972@18a45"
2026-7-7 17:09:46-warn: The Mesh used by component "cc.MeshRenderer" in prefab "Role_2" is missing. Detailed information:Node path: "Role_2/New Node/Bip001 Prop1 Socket/jiateling01"Asset url: "db://assets/GameRes/Prefab/Role_2"Missing uuid: "03189dd5-73dd-4e52-8644-1ff1a122b972@18a45"
2026-7-7 17:09:46-warn: The Mesh used by component "cc.MeshRenderer" in prefab "Role_1" is missing. Detailed information:Node path: "Role_1/New Node/Bip001 Prop1 Socket/jiateling01"Asset url: "db://assets/GameRes/Prefab/Role_1"Missing uuid: "03189dd5-73dd-4e52-8644-1ff1a122b972@18a45"
2026-7-7 17:09:46-debug: refresh db internal success
2026-7-7 17:09:46-debug: refresh db assets success
2026-7-7 17:09:46-debug: %cImport%c: D:\工程项目\PlayableAD\Cocos\TheW\20260615_HYQ\HYQ_Project\extensions\super-packager\package_assets\Common\SuperPackage.tsbackground: #aaff85; color: #000;color: #000;
2026-7-7 17:09:46-debug: %cImport%c: D:\工程项目\PlayableAD\Cocos\TheW\20260615_HYQ\HYQ_Project\extensions\super-packager\package_assets\JiangYv\PBASDK-v3\PBASDK.tsbackground: #aaff85; color: #000;color: #000;
2026-7-7 17:09:46-debug: refresh db super-packager success
2026-7-7 17:09:46-debug: Run asset db hook engine-extends:afterRefresh ...
2026-7-7 17:09:46-debug: Run asset db hook engine-extends:afterRefresh success!
2026-7-7 17:09:46-debug: asset-db:worker-effect-data-processing (2ms)
2026-7-7 17:09:46-debug: asset-db:refresh-all-database (1753ms)
2026-7-7 17:09:46-debug: asset-db-hook-engine-extends-afterRefresh (2ms)
2026-7-7 17:09:47-debug: refresh db internal success
2026-7-7 17:09:48-debug: refresh db assets success
2026-7-7 17:09:48-debug: refresh db super-packager success
2026-7-7 17:09:48-debug: Run asset db hook engine-extends:afterRefresh ...
2026-7-7 17:09:48-debug: Run asset db hook engine-extends:afterRefresh success!
2026-7-7 17:09:48-debug: asset-db:refresh-all-database (645ms)
2026-7-7 17:09:48-debug: asset-db:worker-effect-data-processing (3ms)
2026-7-7 17:09:48-debug: asset-db-hook-engine-extends-afterRefresh (3ms)
2026-7-7 17:09:49-debug: refresh db internal success
2026-7-7 17:09:49-debug: refresh db assets success
2026-7-7 17:09:49-debug: refresh db super-packager success
2026-7-7 17:09:49-debug: Run asset db hook engine-extends:afterRefresh ...
2026-7-7 17:09:49-debug: Run asset db hook engine-extends:afterRefresh success!
2026-7-7 17:09:49-debug: asset-db:refresh-all-database (243ms)
2026-7-7 17:09:49-debug: asset-db:worker-effect-data-processing (1ms)
2026-7-7 17:09:49-debug: asset-db-hook-engine-extends-afterRefresh (2ms)
2026-7-7 17:09:51-log: [super-html] : [common] [13586 kb] D:\工程项目\PlayableAD\Cocos\TheW\20260615_HYQ\HYQ_Project\build\super-html\common\HYQ_common.html
2026-7-7 17:09:51-log: [super-html] : [common] [6213 kb] D:\工程项目\PlayableAD\Cocos\TheW\20260615_HYQ\HYQ_Project\build\super-html\common\HYQ_common_min.html
2026-7-7 17:09:51-log: [super-html] : [ironsource2025] [6215 kb] D:\工程项目\PlayableAD\Cocos\TheW\20260615_HYQ\HYQ_Project\build\super-html\ironsource2025\HYQ_ironsource2025.html
2026-7-7 17:09:51-log: [super-html] : [applovin] [6213 kb] D:\工程项目\PlayableAD\Cocos\TheW\20260615_HYQ\HYQ_Project\build\super-html\applovin\HYQ_applovin.html
2026-7-7 17:09:51-log: [super-html] : [ironsource] [6217 kb] D:\工程项目\PlayableAD\Cocos\TheW\20260615_HYQ\HYQ_Project\build\super-html\ironsource\HYQ_ironsource.html
2026-7-7 17:09:52-log: [super-html] : [mintegral] [4498 kb] D:\工程项目\PlayableAD\Cocos\TheW\20260615_HYQ\HYQ_Project\build\super-html\mintegral\HYQ_mintegral.zip
2026-7-7 17:09:52-log: [super-html] : [chartboost] [6214 kb] D:\工程项目\PlayableAD\Cocos\TheW\20260615_HYQ\HYQ_Project\build\super-html\chartboost\HYQ_chartboost.html
2026-7-7 17:09:52-log: [super-html] : [unity] [6214 kb] D:\工程项目\PlayableAD\Cocos\TheW\20260615_HYQ\HYQ_Project\build\super-html\unity\HYQ_unity.html
2026-7-7 17:09:53-log: [super-html] : [google] [4567 kb] D:\工程项目\PlayableAD\Cocos\TheW\20260615_HYQ\HYQ_Project\build\super-html\google\HYQ_google.zip
2026-7-7 17:09:54-log: [super-html] : [google] [4567 kb] D:\工程项目\PlayableAD\Cocos\TheW\20260615_HYQ\HYQ_Project\build\super-html\google\HYQ_google_portrait.zip
2026-7-7 17:09:54-log: [super-html] : [google] [4567 kb] D:\工程项目\PlayableAD\Cocos\TheW\20260615_HYQ\HYQ_Project\build\super-html\google\HYQ_google_landscape.zip
2026-7-7 17:09:54-log: [super-html] : [facebook] [6213 kb] D:\工程项目\PlayableAD\Cocos\TheW\20260615_HYQ\HYQ_Project\build\super-html\facebook\HYQ_facebook.html
2026-7-7 17:09:55-log: [super-html] : [facebook] [4566 kb] D:\工程项目\PlayableAD\Cocos\TheW\20260615_HYQ\HYQ_Project\build\super-html\facebook\HYQ_facebook.zip
2026-7-7 17:09:56-debug: refresh db internal success
2026-7-7 17:09:57-log: [super-html] : [pangle] [4498 kb] D:\工程项目\PlayableAD\Cocos\TheW\20260615_HYQ\HYQ_Project\build\super-html\pangle\HYQ_pangle.zip
2026-7-7 17:09:57-debug: refresh db assets success
2026-7-7 17:09:57-debug: refresh db super-packager success
2026-7-7 17:09:57-debug: Run asset db hook engine-extends:afterRefresh ...
2026-7-7 17:09:57-debug: Run asset db hook engine-extends:afterRefresh success!
2026-7-7 17:09:57-debug: asset-db:refresh-all-database (647ms)
2026-7-7 17:09:57-debug: asset-db:worker-effect-data-processing (8ms)
2026-7-7 17:09:57-debug: asset-db-hook-engine-extends-afterRefresh (8ms)
2026-7-7 17:09:58-log: [super-html] : [pangle] [4498 kb] D:\工程项目\PlayableAD\Cocos\TheW\20260615_HYQ\HYQ_Project\build\super-html\pangle\HYQ_pangle_portrait.zip
2026-7-7 17:09:59-log: [super-html] : [pangle] [4498 kb] D:\工程项目\PlayableAD\Cocos\TheW\20260615_HYQ\HYQ_Project\build\super-html\pangle\HYQ_pangle_landscape.zip
2026-7-7 17:10:00-log: [super-html] : [liftoff] [4498 kb] D:\工程项目\PlayableAD\Cocos\TheW\20260615_HYQ\HYQ_Project\build\super-html\liftoff\HYQ_liftoff.zip
2026-7-7 17:10:00-log: [super-html] : [moloco] [6213 kb] D:\工程项目\PlayableAD\Cocos\TheW\20260615_HYQ\HYQ_Project\build\super-html\moloco\HYQ_moloco.html
2026-7-7 17:10:01-log: [super-html] : [tiktok] [4498 kb] D:\工程项目\PlayableAD\Cocos\TheW\20260615_HYQ\HYQ_Project\build\super-html\tiktok\HYQ_tiktok.zip
2026-7-7 17:10:03-log: [super-html] : [vungle] [4498 kb] D:\工程项目\PlayableAD\Cocos\TheW\20260615_HYQ\HYQ_Project\build\super-html\vungle\HYQ_vungle.zip
2026-7-7 17:10:04-log: [super-html] : [bigo] [4498 kb] D:\工程项目\PlayableAD\Cocos\TheW\20260615_HYQ\HYQ_Project\build\super-html\bigo\HYQ_bigo.zip
2026-7-7 17:10:04-log: [super-html] : [kwai] : thumbnail_cover.jpg no find
2026-7-7 17:10:05-log: [super-html] : [kwai] [4498 kb] D:\工程项目\PlayableAD\Cocos\TheW\20260615_HYQ\HYQ_Project\build\super-html\kwai\HYQ_kwai.zip
2026-7-7 17:10:05-log: [super-html] : [nefta] [6214 kb] D:\工程项目\PlayableAD\Cocos\TheW\20260615_HYQ\HYQ_Project\build\super-html\nefta\HYQ_nefta.html
2026-7-7 17:10:06-log: [super-html] : [nefta] [4498 kb] D:\工程项目\PlayableAD\Cocos\TheW\20260615_HYQ\HYQ_Project\build\super-html\nefta\HYQ_nefta.zip
2026-7-7 17:10:07-log: [super-html] : [snapchat] [4567 kb] D:\工程项目\PlayableAD\Cocos\TheW\20260615_HYQ\HYQ_Project\build\super-html\snapchat\HYQ_snapchat_portrait.zip
2026-7-7 17:10:08-log: [super-html] : [gdt] [4567 kb] D:\工程项目\PlayableAD\Cocos\TheW\20260615_HYQ\HYQ_Project\build\super-html\gdt\HYQ_gdt.zip
2026-7-7 17:10:08-log: [super-html] : [gdt] [4567 kb] D:\工程项目\PlayableAD\Cocos\TheW\20260615_HYQ\HYQ_Project\build\super-html\gdt\HYQ_gdt_portrait.zip
2026-7-7 17:10:09-log: [super-html] : [gdt] [4567 kb] D:\工程项目\PlayableAD\Cocos\TheW\20260615_HYQ\HYQ_Project\build\super-html\gdt\HYQ_gdt_landscape.zip
2026-7-7 17:10:09-log: [super-html] : -- end -- 
2026-7-7 17:10:09-log: [super-html] : run time 32.61S
