2026-7-2 15:25:51-log: Cannot access game frame or container.
2026-7-2 15:25:51-debug: asset-db:require-engine-code (1469ms)
2026-7-2 15:25:52-log: meshopt wasm decoder initialized
2026-7-2 15:25:52-log: [bullet]:bullet wasm lib loaded.
2026-7-2 15:25:52-log: [box2d]:box2d wasm lib loaded.
2026-7-2 15:25:52-log: Cocos Creator v3.8.7
2026-7-2 15:25:52-log: Using legacy pipeline
2026-7-2 15:25:52-log: Forward render pipeline initialized.
2026-7-2 15:25:52-debug: [Assets Memory track]: asset-db:worker-init: initEngine start:32.56MB, end 79.62MB, increase: 47.06MB
2026-7-2 15:25:54-debug: [Assets Memory track]: asset-db:worker-init: initPlugin start:79.67MB, end 274.87MB, increase: 195.21MB
2026-7-2 15:25:54-debug: asset-db:worker-init: initPlugin (2638ms)
2026-7-2 15:25:54-debug: [Assets Memory track]: asset-db:worker-init start:32.55MB, end 274.84MB, increase: 242.28MB
2026-7-2 15:25:54-debug: Run asset db hook programming:beforePreStart success!
2026-7-2 15:25:54-debug: Run asset db hook engine-extends:beforePreStart success!
2026-7-2 15:25:54-debug: Run asset db hook engine-extends:beforePreStart ...
2026-7-2 15:25:54-debug: Run asset db hook programming:beforePreStart ...
2026-7-2 15:25:54-debug: Preimport db  success
2026-7-2 15:25:54-debug: Preimport db  success
2026-7-2 15:25:54-debug: Run asset db hook programming:afterPreStart ...
2026-7-2 15:25:54-debug: starting packer-driver...
2026-7-2 15:25:54-debug: Preimport db  success
2026-7-2 15:25:54-debug: asset-db:worker-init (4354ms)
2026-7-2 15:25:54-debug: asset-db-hook-programming-beforePreStart (86ms)
2026-7-2 15:25:54-debug: asset-db-hook-engine-extends-beforePreStart (86ms)
2026-7-2 15:25:55-debug: initialize scripting environment...
2026-7-2 15:25:55-debug: [[Executor]] prepare before lock
2026-7-2 15:25:55-debug: Set detail map pack:///resolution-detail-map.json: {}
2026-7-2 15:25:55-debug: [[Executor]] prepare after unlock
2026-7-2 15:25:55-debug: Run asset db hook programming:afterPreStart success!
2026-7-2 15:25:55-debug: [Assets Memory track]: asset-db:worker-init: preStart start:274.85MB, end 276.16MB, increase: 1.31MB
2026-7-2 15:25:55-debug: Run asset db hook engine-extends:afterPreStart ...
2026-7-2 15:25:55-debug: Run asset db hook engine-extends:afterPreStart success!
2026-7-2 15:25:55-debug: Start up the 'internal' database...
2026-7-2 15:25:55-debug: asset-db-hook-programming-afterPreStart (556ms)
2026-7-2 15:25:55-debug: asset-db:worker-effect-data-processing (196ms)
2026-7-2 15:25:55-debug: asset-db-hook-engine-extends-afterPreStart (196ms)
2026-7-2 15:25:55-debug: Run asset db hook engine-extends:afterStartDB ...
2026-7-2 15:25:56-debug: recompile effect.bin success
2026-7-2 15:25:56-debug: Run asset db hook engine-extends:afterStartDB success!
2026-7-2 15:25:56-debug: Start up the 'assets' database...
2026-7-2 15:25:56-debug: Run asset db hook engine-extends:afterStartDB ...
2026-7-2 15:25:57-debug: asset-db:worker-effect-data-processing (1264ms)
2026-7-2 15:25:57-debug: asset-db-hook-engine-extends-afterStartDB (1264ms)
2026-7-2 15:25:57-debug: recompile effect.bin success
2026-7-2 15:25:57-debug: Run asset db hook engine-extends:afterStartDB success!
2026-7-2 15:25:57-debug: Start up the 'super-packager' database...
2026-7-2 15:25:57-debug: asset-db:worker-effect-data-processing (517ms)
2026-7-2 15:25:57-debug: asset-db-hook-engine-extends-afterStartDB (517ms)
2026-7-2 15:25:57-debug: Run asset db hook engine-extends:afterStartDB ...
2026-7-2 15:25:57-debug: recompile effect.bin success
2026-7-2 15:25:57-debug: Run asset db hook engine-extends:afterStartDB success!
2026-7-2 15:25:57-debug: lazy register asset handler *
2026-7-2 15:25:57-debug: lazy register asset handler text
2026-7-2 15:25:57-debug: lazy register asset handler spine-data
2026-7-2 15:25:57-debug: lazy register asset handler json
2026-7-2 15:25:57-debug: lazy register asset handler directory
2026-7-2 15:25:57-debug: lazy register asset handler dragonbones
2026-7-2 15:25:57-debug: lazy register asset handler dragonbones-atlas
2026-7-2 15:25:57-debug: lazy register asset handler terrain
2026-7-2 15:25:57-debug: lazy register asset handler typescript
2026-7-2 15:25:57-debug: lazy register asset handler javascript
2026-7-2 15:25:57-debug: lazy register asset handler scene
2026-7-2 15:25:57-debug: lazy register asset handler prefab
2026-7-2 15:25:57-debug: lazy register asset handler tiled-map
2026-7-2 15:25:57-debug: lazy register asset handler sprite-frame
2026-7-2 15:25:57-debug: lazy register asset handler sign-image
2026-7-2 15:25:57-debug: lazy register asset handler image
2026-7-2 15:25:57-debug: lazy register asset handler buffer
2026-7-2 15:25:57-debug: lazy register asset handler alpha-image
2026-7-2 15:25:57-debug: lazy register asset handler texture-cube
2026-7-2 15:25:57-debug: lazy register asset handler erp-texture-cube
2026-7-2 15:25:57-debug: lazy register asset handler texture
2026-7-2 15:25:57-debug: lazy register asset handler render-texture
2026-7-2 15:25:57-debug: lazy register asset handler gltf
2026-7-2 15:25:57-debug: lazy register asset handler texture-cube-face
2026-7-2 15:25:57-debug: lazy register asset handler gltf-mesh
2026-7-2 15:25:57-debug: lazy register asset handler gltf-animation
2026-7-2 15:25:57-debug: lazy register asset handler rt-sprite-frame
2026-7-2 15:25:57-debug: lazy register asset handler gltf-material
2026-7-2 15:25:57-debug: lazy register asset handler gltf-scene
2026-7-2 15:25:57-debug: lazy register asset handler gltf-skeleton
2026-7-2 15:25:57-debug: lazy register asset handler gltf-embeded-image
2026-7-2 15:25:57-debug: lazy register asset handler material
2026-7-2 15:25:57-debug: lazy register asset handler fbx
2026-7-2 15:25:57-debug: lazy register asset handler physics-material
2026-7-2 15:25:57-debug: lazy register asset handler effect
2026-7-2 15:25:57-debug: lazy register asset handler effect-header
2026-7-2 15:25:57-debug: lazy register asset handler animation-clip
2026-7-2 15:25:57-debug: lazy register asset handler animation-graph
2026-7-2 15:25:57-debug: lazy register asset handler animation-graph-variant
2026-7-2 15:25:57-debug: lazy register asset handler animation-mask
2026-7-2 15:25:57-debug: lazy register asset handler ttf-font
2026-7-2 15:25:57-debug: lazy register asset handler audio-clip
2026-7-2 15:25:57-debug: lazy register asset handler bitmap-font
2026-7-2 15:25:57-debug: lazy register asset handler sprite-atlas
2026-7-2 15:25:57-debug: lazy register asset handler particle
2026-7-2 15:25:57-debug: lazy register asset handler auto-atlas
2026-7-2 15:25:57-debug: lazy register asset handler render-stage
2026-7-2 15:25:57-debug: lazy register asset handler render-pipeline
2026-7-2 15:25:57-debug: lazy register asset handler render-flow
2026-7-2 15:25:57-debug: lazy register asset handler instantiation-material
2026-7-2 15:25:57-debug: lazy register asset handler instantiation-mesh
2026-7-2 15:25:57-debug: lazy register asset handler instantiation-skeleton
2026-7-2 15:25:57-debug: lazy register asset handler label-atlas
2026-7-2 15:25:57-debug: lazy register asset handler instantiation-animation
2026-7-2 15:25:57-debug: lazy register asset handler video-clip
2026-7-2 15:25:57-debug: asset-db:worker-effect-data-processing (529ms)
2026-7-2 15:25:57-debug: asset-db:ready (11108ms)
2026-7-2 15:25:57-debug: asset-db:start-database (3033ms)
2026-7-2 15:25:57-debug: asset-db-hook-engine-extends-afterStartDB (529ms)
2026-7-2 15:25:57-debug: init worker message success
2026-7-2 15:25:57-debug: programming:execute-script (12ms)
2026-7-2 15:25:59-log: [SUPER_PACKAGE]async function() {
  console.log(PACKAGE_NAME, load);
}
2026-7-2 15:25:59-debug: [Build Memory track]: builder:worker-init start:231.73MB, end 262.49MB, increase: 30.76MB
2026-7-2 15:25:59-debug: builder:worker-init (1281ms)
2026-7-2 15:25:59-debug: Query all assets info in project
2026-7-2 15:25:59-debug: init custom config: keepNodeUuid: false, useCache: true
2026-7-2 15:25:59-debug: Skip compress image, progress: 0%
2026-7-2 15:25:59-debug: Init all bundles start..., progress: 0%
2026-7-2 15:25:59-debug: // ---- build task 查询 Asset Bundle ----
2026-7-2 15:25:59-debug: Init bundle root assets start..., progress: 0%
2026-7-2 15:25:59-debug: 查询 Asset Bundle start, progress: 0%
2026-7-2 15:25:59-debug: Num of bundles: 3..., progress: 0%
2026-7-2 15:25:59-debug: Query preload assets/scripts from cc.config.json: 60f7195c-ec2a-45eb-ba94-8955f60e81d0,1c02ae6f-4492-4915-b8f8-7492a3b1e4cd,810e96e4-e456-4468-9b59-f4e8f39732c0,efe8e2a3-eace-427b-b4f1-cb8a937ec77d,e9aa9a3e-5b2b-4ac7-a2c7-073de2b2b24f,8bbdbcdd-5cd4-4100-b6d5-b7c9625b6107,50f4348b-c883-4e2f-8f11-ce233b859fa1,fda095cb-831d-4601-ad94-846013963de8,f92806d7-1768-443f-afe8-12bcde84d0f0,dd3a144d-ab7f-41f0-82b8-2e43a090d496,f0416e68-0200-4b77-a926-4f9d16e494da,511d2633-09a7-4bdd-ac42-f778032124b3,5d45aa00-e064-4938-b314-4265f0c2258c,9361fd90-ba52-4f84-aa93-6e878fd576ca,970b0598-bcb0-4714-91fb-2e81440dccd8,bcd64cc6-2dd9-43f6-abbe-66318d332032,d930590d-bb92-4cc8-8bd1-23cd027f9edf,a3cd009f-0ab0-420d-9278-b9fdab939bbc,6a2d0734-bd9e-4ddf-946e-caa52498cb75,d1346436-ac96-4271-b863-1f4fdead95b0,971bdb23-3ff6-43eb-b422-1c30165a3663,17debcc3-0a6b-4b8a-b00b-dc58b885581e,711ebe11-f673-4cd9-9a83-63c60ba54c5b,c0143906-9aed-447e-9436-2ae8512d1b6e,14da1725-c4c2-42b4-ab08-ee0aeb6898b3,081cab31-dccd-428e-8652-f2404cc81c47,78e0584a-4343-4727-8f37-e14e65c2a2db,ba21476f-2866-4f81-9c4d-6e359316e448,871c3b6c-7379-419d-bda3-794b239ab90d,ff9b0199-ce04-4cfe-86cc-6c719f08d6e4,de1c2107-70c8-4021-8459-6399f24d01c6,cbf30902-517f-40dc-af90-a550bac27cf1,5c601d96-e4c7-4698-991b-7ee674b11079
2026-7-2 15:25:59-debug:   Number of all scenes: 5
2026-7-2 15:25:59-debug:   Number of all scripts: 109
2026-7-2 15:25:59-debug: Init bundle root assets success..., progress: 0%
2026-7-2 15:25:59-debug:   Number of other assets: 1152
2026-7-2 15:25:59-debug: // ---- build task 查询 Asset Bundle ---- (12ms)
2026-7-2 15:25:59-log: run build task 查询 Asset Bundle success in 12 ms√, progress: 5%
2026-7-2 15:25:59-debug: 查询 Asset Bundle start, progress: 5%
2026-7-2 15:25:59-debug: // ---- build task 查询 Asset Bundle ----
2026-7-2 15:25:59-debug: [Build Memory track]: 查询 Asset Bundle start:259.44MB, end 261.15MB, increase: 1.71MB
2026-7-2 15:25:59-debug: // ---- build task 查询 Asset Bundle ---- (6ms)
2026-7-2 15:25:59-log: run build task 查询 Asset Bundle success in 6 ms√, progress: 10%
2026-7-2 15:25:59-debug: // ---- build task 整理部分构建选项内数据到 settings.json ----
2026-7-2 15:25:59-debug: 整理部分构建选项内数据到 settings.json start, progress: 10%
2026-7-2 15:25:59-debug: [Build Memory track]: 查询 Asset Bundle start:261.19MB, end 261.47MB, increase: 281.44KB
2026-7-2 15:25:59-debug: // ---- build task 整理部分构建选项内数据到 settings.json ---- (3ms)
2026-7-2 15:25:59-log: run build task 整理部分构建选项内数据到 settings.json success in 3 ms√, progress: 12%
2026-7-2 15:25:59-debug: // ---- build task 填充脚本数据到 settings.json ----
2026-7-2 15:25:59-debug: [Build Memory track]: 整理部分构建选项内数据到 settings.json start:261.51MB, end 261.56MB, increase: 44.28KB
2026-7-2 15:25:59-debug: 填充脚本数据到 settings.json start, progress: 12%
2026-7-2 15:25:59-debug: // ---- build task 填充脚本数据到 settings.json ---- (2ms)
2026-7-2 15:25:59-log: run build task 填充脚本数据到 settings.json success in 2 ms√, progress: 13%
2026-7-2 15:25:59-debug: // ---- build task 整理部分构建选项内数据到 settings.json ----
2026-7-2 15:25:59-debug: [Build Memory track]: 填充脚本数据到 settings.json start:261.61MB, end 261.65MB, increase: 43.53KB
2026-7-2 15:25:59-debug: 整理部分构建选项内数据到 settings.json start, progress: 13%
2026-7-2 15:25:59-debug: // ---- build task 整理部分构建选项内数据到 settings.json ---- (5ms)
2026-7-2 15:25:59-log: run build task 整理部分构建选项内数据到 settings.json success in 5 ms√, progress: 15%
2026-7-2 15:25:59-debug: [Build Memory track]: 整理部分构建选项内数据到 settings.json start:261.70MB, end 261.80MB, increase: 106.76KB
2026-7-2 15:26:00-debug: Query all assets info in project
2026-7-2 15:26:00-debug: init custom config: keepNodeUuid: false, useCache: true
2026-7-2 15:26:00-debug: Skip compress image, progress: 0%
2026-7-2 15:26:00-debug: Init all bundles start..., progress: 0%
2026-7-2 15:26:00-debug: Num of bundles: 3..., progress: 0%
2026-7-2 15:26:00-debug: // ---- build task 查询 Asset Bundle ----
2026-7-2 15:26:00-debug: Init bundle root assets start..., progress: 0%
2026-7-2 15:26:00-debug: 查询 Asset Bundle start, progress: 0%
2026-7-2 15:26:00-debug: Query preload assets/scripts from cc.config.json: 60f7195c-ec2a-45eb-ba94-8955f60e81d0,1c02ae6f-4492-4915-b8f8-7492a3b1e4cd,810e96e4-e456-4468-9b59-f4e8f39732c0,efe8e2a3-eace-427b-b4f1-cb8a937ec77d,e9aa9a3e-5b2b-4ac7-a2c7-073de2b2b24f,8bbdbcdd-5cd4-4100-b6d5-b7c9625b6107,50f4348b-c883-4e2f-8f11-ce233b859fa1,fda095cb-831d-4601-ad94-846013963de8,f92806d7-1768-443f-afe8-12bcde84d0f0,dd3a144d-ab7f-41f0-82b8-2e43a090d496,f0416e68-0200-4b77-a926-4f9d16e494da,511d2633-09a7-4bdd-ac42-f778032124b3,5d45aa00-e064-4938-b314-4265f0c2258c,9361fd90-ba52-4f84-aa93-6e878fd576ca,970b0598-bcb0-4714-91fb-2e81440dccd8,bcd64cc6-2dd9-43f6-abbe-66318d332032,d930590d-bb92-4cc8-8bd1-23cd027f9edf,a3cd009f-0ab0-420d-9278-b9fdab939bbc,6a2d0734-bd9e-4ddf-946e-caa52498cb75,d1346436-ac96-4271-b863-1f4fdead95b0,971bdb23-3ff6-43eb-b422-1c30165a3663,17debcc3-0a6b-4b8a-b00b-dc58b885581e,711ebe11-f673-4cd9-9a83-63c60ba54c5b,c0143906-9aed-447e-9436-2ae8512d1b6e,14da1725-c4c2-42b4-ab08-ee0aeb6898b3,081cab31-dccd-428e-8652-f2404cc81c47,78e0584a-4343-4727-8f37-e14e65c2a2db,ba21476f-2866-4f81-9c4d-6e359316e448,871c3b6c-7379-419d-bda3-794b239ab90d,ff9b0199-ce04-4cfe-86cc-6c719f08d6e4,de1c2107-70c8-4021-8459-6399f24d01c6,cbf30902-517f-40dc-af90-a550bac27cf1,5c601d96-e4c7-4698-991b-7ee674b11079
2026-7-2 15:26:00-debug:   Number of all scenes: 5
2026-7-2 15:26:00-debug:   Number of all scripts: 109
2026-7-2 15:26:00-debug: Init bundle root assets success..., progress: 0%
2026-7-2 15:26:00-debug:   Number of other assets: 1152
2026-7-2 15:26:00-debug: // ---- build task 查询 Asset Bundle ---- (12ms)
2026-7-2 15:26:00-log: run build task 查询 Asset Bundle success in 12 ms√, progress: 5%
2026-7-2 15:26:00-debug: // ---- build task 查询 Asset Bundle ----
2026-7-2 15:26:00-debug: 查询 Asset Bundle start, progress: 5%
2026-7-2 15:26:00-debug: [Build Memory track]: 查询 Asset Bundle start:263.28MB, end 264.93MB, increase: 1.65MB
2026-7-2 15:26:00-debug: // ---- build task 查询 Asset Bundle ---- (10ms)
2026-7-2 15:26:00-debug: [Build Memory track]: 查询 Asset Bundle start:264.98MB, end 259.41MB, increase: -5704.72KB
2026-7-2 15:26:00-log: run build task 查询 Asset Bundle success in 10 ms√, progress: 10%
2026-7-2 15:26:00-debug: // ---- build task 整理部分构建选项内数据到 settings.json ----
2026-7-2 15:26:00-debug: 整理部分构建选项内数据到 settings.json start, progress: 10%
2026-7-2 15:26:00-debug: // ---- build task 整理部分构建选项内数据到 settings.json ---- (4ms)
2026-7-2 15:26:00-log: run build task 整理部分构建选项内数据到 settings.json success in 4 ms√, progress: 12%
2026-7-2 15:26:00-debug: // ---- build task 填充脚本数据到 settings.json ----
2026-7-2 15:26:00-debug: [Build Memory track]: 整理部分构建选项内数据到 settings.json start:259.46MB, end 259.51MB, increase: 59.08KB
2026-7-2 15:26:00-debug: 填充脚本数据到 settings.json start, progress: 12%
2026-7-2 15:26:00-debug: // ---- build task 填充脚本数据到 settings.json ---- (4ms)
2026-7-2 15:26:00-log: run build task 填充脚本数据到 settings.json success in 4 ms√, progress: 13%
2026-7-2 15:26:00-debug: // ---- build task 整理部分构建选项内数据到 settings.json ----
2026-7-2 15:26:00-debug: [Build Memory track]: 填充脚本数据到 settings.json start:259.56MB, end 259.60MB, increase: 41.32KB
2026-7-2 15:26:00-debug: 整理部分构建选项内数据到 settings.json start, progress: 13%
2026-7-2 15:26:00-debug: // ---- build task 整理部分构建选项内数据到 settings.json ---- (29ms)
2026-7-2 15:26:00-log: run build task 整理部分构建选项内数据到 settings.json success in 29 ms√, progress: 15%
2026-7-2 15:26:00-debug: [Build Memory track]: 整理部分构建选项内数据到 settings.json start:259.65MB, end 260.18MB, increase: 541.77KB
2026-7-2 15:30:48-debug: %cImport%c: D:\工程项目\PlayableAD\Cocos\TheW\20260615_HYQ\HYQ_Project\assets\Scene\Game_3D-002.scenebackground: #aaff85; color: #000;color: #000;
2026-7-2 15:30:49-debug: asset-db:reimport-assetb5805d3a-3b80-4a12-adf5-588e63a7d886 (31ms)
2026-7-2 15:30:49-debug: Query all assets info in project
2026-7-2 15:30:49-debug: init custom config: keepNodeUuid: false, useCache: true
2026-7-2 15:30:49-debug: Skip compress image, progress: 0%
2026-7-2 15:30:49-debug: Init all bundles start..., progress: 0%
2026-7-2 15:30:49-debug: // ---- build task 查询 Asset Bundle ----
2026-7-2 15:30:49-debug: Init bundle root assets start..., progress: 0%
2026-7-2 15:30:49-debug: 查询 Asset Bundle start, progress: 0%
2026-7-2 15:30:49-debug: Num of bundles: 3..., progress: 0%
2026-7-2 15:30:49-debug:   Number of all scenes: 5
2026-7-2 15:30:49-debug: Query preload assets/scripts from cc.config.json: 60f7195c-ec2a-45eb-ba94-8955f60e81d0,1c02ae6f-4492-4915-b8f8-7492a3b1e4cd,810e96e4-e456-4468-9b59-f4e8f39732c0,efe8e2a3-eace-427b-b4f1-cb8a937ec77d,e9aa9a3e-5b2b-4ac7-a2c7-073de2b2b24f,8bbdbcdd-5cd4-4100-b6d5-b7c9625b6107,50f4348b-c883-4e2f-8f11-ce233b859fa1,fda095cb-831d-4601-ad94-846013963de8,f92806d7-1768-443f-afe8-12bcde84d0f0,dd3a144d-ab7f-41f0-82b8-2e43a090d496,f0416e68-0200-4b77-a926-4f9d16e494da,511d2633-09a7-4bdd-ac42-f778032124b3,5d45aa00-e064-4938-b314-4265f0c2258c,9361fd90-ba52-4f84-aa93-6e878fd576ca,970b0598-bcb0-4714-91fb-2e81440dccd8,bcd64cc6-2dd9-43f6-abbe-66318d332032,d930590d-bb92-4cc8-8bd1-23cd027f9edf,a3cd009f-0ab0-420d-9278-b9fdab939bbc,6a2d0734-bd9e-4ddf-946e-caa52498cb75,d1346436-ac96-4271-b863-1f4fdead95b0,971bdb23-3ff6-43eb-b422-1c30165a3663,17debcc3-0a6b-4b8a-b00b-dc58b885581e,711ebe11-f673-4cd9-9a83-63c60ba54c5b,c0143906-9aed-447e-9436-2ae8512d1b6e,14da1725-c4c2-42b4-ab08-ee0aeb6898b3,081cab31-dccd-428e-8652-f2404cc81c47,78e0584a-4343-4727-8f37-e14e65c2a2db,ba21476f-2866-4f81-9c4d-6e359316e448,871c3b6c-7379-419d-bda3-794b239ab90d,ff9b0199-ce04-4cfe-86cc-6c719f08d6e4,de1c2107-70c8-4021-8459-6399f24d01c6,cbf30902-517f-40dc-af90-a550bac27cf1,5c601d96-e4c7-4698-991b-7ee674b11079
2026-7-2 15:30:49-debug: Init bundle root assets success..., progress: 0%
2026-7-2 15:30:49-debug:   Number of all scripts: 109
2026-7-2 15:30:49-debug:   Number of other assets: 1152
2026-7-2 15:30:49-debug: // ---- build task 查询 Asset Bundle ---- (13ms)
2026-7-2 15:30:49-log: run build task 查询 Asset Bundle success in 13 ms√, progress: 5%
2026-7-2 15:30:49-debug: [Build Memory track]: 查询 Asset Bundle start:244.47MB, end 244.41MB, increase: -60.54KB
2026-7-2 15:30:49-debug: // ---- build task 查询 Asset Bundle ----
2026-7-2 15:30:49-debug: 查询 Asset Bundle start, progress: 5%
2026-7-2 15:30:49-debug: // ---- build task 查询 Asset Bundle ---- (5ms)
2026-7-2 15:30:49-log: run build task 查询 Asset Bundle success in 5 ms√, progress: 10%
2026-7-2 15:30:49-debug: // ---- build task 整理部分构建选项内数据到 settings.json ----
2026-7-2 15:30:49-debug: [Build Memory track]: 查询 Asset Bundle start:244.46MB, end 244.70MB, increase: 249.29KB
2026-7-2 15:30:49-debug: 整理部分构建选项内数据到 settings.json start, progress: 10%
2026-7-2 15:30:49-debug: // ---- build task 整理部分构建选项内数据到 settings.json ---- (2ms)
2026-7-2 15:30:49-log: run build task 整理部分构建选项内数据到 settings.json success in 2 ms√, progress: 12%
2026-7-2 15:30:49-debug: // ---- build task 填充脚本数据到 settings.json ----
2026-7-2 15:30:49-debug: [Build Memory track]: 整理部分构建选项内数据到 settings.json start:244.74MB, end 244.78MB, increase: 36.77KB
2026-7-2 15:30:49-debug: 填充脚本数据到 settings.json start, progress: 12%
2026-7-2 15:30:49-debug: // ---- build task 填充脚本数据到 settings.json ---- (2ms)
2026-7-2 15:30:49-log: run build task 填充脚本数据到 settings.json success in 2 ms√, progress: 13%
2026-7-2 15:30:49-debug: // ---- build task 整理部分构建选项内数据到 settings.json ----
2026-7-2 15:30:49-debug: [Build Memory track]: 填充脚本数据到 settings.json start:244.83MB, end 244.86MB, increase: 36.09KB
2026-7-2 15:30:49-debug: 整理部分构建选项内数据到 settings.json start, progress: 13%
2026-7-2 15:30:49-debug: // ---- build task 整理部分构建选项内数据到 settings.json ---- (5ms)
2026-7-2 15:30:49-log: run build task 整理部分构建选项内数据到 settings.json success in 5 ms√, progress: 15%
2026-7-2 15:30:49-debug: [Build Memory track]: 整理部分构建选项内数据到 settings.json start:244.91MB, end 244.98MB, increase: 77.69KB
2026-7-2 15:31:38-debug: refresh db internal success
2026-7-2 15:31:38-debug: refresh db assets success
2026-7-2 15:31:38-debug: refresh db super-packager success
2026-7-2 15:31:38-debug: Run asset db hook engine-extends:afterRefresh ...
2026-7-2 15:31:38-debug: Run asset db hook engine-extends:afterRefresh success!
2026-7-2 15:31:38-debug: asset-db:refresh-all-database (220ms)
2026-7-2 15:31:38-debug: asset-db-hook-engine-extends-afterRefresh (2ms)
2026-7-2 15:31:38-debug: asset-db:worker-effect-data-processing (2ms)
2026-7-2 15:31:59-debug: refresh db internal success
2026-7-2 15:31:59-debug: refresh db assets success
2026-7-2 15:31:59-debug: refresh db super-packager success
2026-7-2 15:31:59-debug: Run asset db hook engine-extends:afterRefresh ...
2026-7-2 15:31:59-debug: Run asset db hook engine-extends:afterRefresh success!
2026-7-2 15:31:59-debug: asset-db:refresh-all-database (235ms)
2026-7-2 15:31:59-debug: asset-db:worker-effect-data-processing (1ms)
2026-7-2 15:31:59-debug: asset-db-hook-engine-extends-afterRefresh (2ms)
2026-7-2 15:34:53-debug: refresh db internal success
2026-7-2 15:34:53-debug: refresh db assets success
2026-7-2 15:34:53-debug: refresh db super-packager success
2026-7-2 15:34:53-debug: Run asset db hook engine-extends:afterRefresh ...
2026-7-2 15:34:53-debug: Run asset db hook engine-extends:afterRefresh success!
2026-7-2 15:34:53-debug: asset-db:refresh-all-database (185ms)
2026-7-2 15:34:53-debug: asset-db:worker-effect-data-processing (2ms)
2026-7-2 15:34:53-debug: asset-db-hook-engine-extends-afterRefresh (2ms)
2026-7-2 15:34:54-debug: refresh db internal success
2026-7-2 15:34:55-debug: refresh db assets success
2026-7-2 15:34:55-debug: refresh db super-packager success
2026-7-2 15:34:55-debug: Run asset db hook engine-extends:afterRefresh ...
2026-7-2 15:34:55-debug: Run asset db hook engine-extends:afterRefresh success!
2026-7-2 15:34:55-debug: asset-db:refresh-all-database (192ms)
2026-7-2 15:34:55-debug: asset-db:worker-effect-data-processing (3ms)
2026-7-2 15:34:55-debug: asset-db-hook-engine-extends-afterRefresh (3ms)
2026-7-2 15:34:59-debug: refresh db internal success
2026-7-2 15:35:00-debug: refresh db assets success
2026-7-2 15:35:00-debug: refresh db super-packager success
2026-7-2 15:35:00-debug: Run asset db hook engine-extends:afterRefresh ...
2026-7-2 15:35:00-debug: Run asset db hook engine-extends:afterRefresh success!
2026-7-2 15:35:00-debug: asset-db:refresh-all-database (183ms)
2026-7-2 15:35:00-debug: asset-db:worker-effect-data-processing (1ms)
2026-7-2 15:35:00-debug: asset-db-hook-engine-extends-afterRefresh (3ms)
2026-7-2 15:35:01-debug: refresh db internal success
2026-7-2 15:35:01-debug: refresh db assets success
2026-7-2 15:35:01-debug: refresh db super-packager success
2026-7-2 15:35:01-debug: Run asset db hook engine-extends:afterRefresh ...
2026-7-2 15:35:01-debug: Run asset db hook engine-extends:afterRefresh success!
2026-7-2 15:35:01-debug: asset-db:refresh-all-database (172ms)
2026-7-2 15:35:01-debug: asset-db:worker-effect-data-processing (2ms)
2026-7-2 15:35:01-debug: asset-db-hook-engine-extends-afterRefresh (3ms)
2026-7-2 15:35:02-debug: Query all assets info in project
2026-7-2 15:35:02-debug: init custom config: keepNodeUuid: false, useCache: true
2026-7-2 15:35:02-debug: Skip compress image, progress: 0%
2026-7-2 15:35:02-debug: Num of bundles: 3..., progress: 0%
2026-7-2 15:35:02-debug: Init all bundles start..., progress: 0%
2026-7-2 15:35:02-debug: Init bundle root assets start..., progress: 0%
2026-7-2 15:35:02-debug: // ---- build task 查询 Asset Bundle ----
2026-7-2 15:35:02-debug: 查询 Asset Bundle start, progress: 0%
2026-7-2 15:35:02-debug: Query preload assets/scripts from cc.config.json: 60f7195c-ec2a-45eb-ba94-8955f60e81d0,1c02ae6f-4492-4915-b8f8-7492a3b1e4cd,810e96e4-e456-4468-9b59-f4e8f39732c0,efe8e2a3-eace-427b-b4f1-cb8a937ec77d,e9aa9a3e-5b2b-4ac7-a2c7-073de2b2b24f,8bbdbcdd-5cd4-4100-b6d5-b7c9625b6107,50f4348b-c883-4e2f-8f11-ce233b859fa1,fda095cb-831d-4601-ad94-846013963de8,f92806d7-1768-443f-afe8-12bcde84d0f0,dd3a144d-ab7f-41f0-82b8-2e43a090d496,f0416e68-0200-4b77-a926-4f9d16e494da,511d2633-09a7-4bdd-ac42-f778032124b3,5d45aa00-e064-4938-b314-4265f0c2258c,9361fd90-ba52-4f84-aa93-6e878fd576ca,970b0598-bcb0-4714-91fb-2e81440dccd8,bcd64cc6-2dd9-43f6-abbe-66318d332032,d930590d-bb92-4cc8-8bd1-23cd027f9edf,a3cd009f-0ab0-420d-9278-b9fdab939bbc,6a2d0734-bd9e-4ddf-946e-caa52498cb75,d1346436-ac96-4271-b863-1f4fdead95b0,971bdb23-3ff6-43eb-b422-1c30165a3663,17debcc3-0a6b-4b8a-b00b-dc58b885581e,711ebe11-f673-4cd9-9a83-63c60ba54c5b,c0143906-9aed-447e-9436-2ae8512d1b6e,14da1725-c4c2-42b4-ab08-ee0aeb6898b3,081cab31-dccd-428e-8652-f2404cc81c47,78e0584a-4343-4727-8f37-e14e65c2a2db,ba21476f-2866-4f81-9c4d-6e359316e448,871c3b6c-7379-419d-bda3-794b239ab90d,ff9b0199-ce04-4cfe-86cc-6c719f08d6e4,de1c2107-70c8-4021-8459-6399f24d01c6,cbf30902-517f-40dc-af90-a550bac27cf1,5c601d96-e4c7-4698-991b-7ee674b11079
2026-7-2 15:35:02-debug:   Number of all scenes: 5
2026-7-2 15:35:02-debug:   Number of all scripts: 109
2026-7-2 15:35:02-debug: Init bundle root assets success..., progress: 0%
2026-7-2 15:35:02-debug:   Number of other assets: 1152
2026-7-2 15:35:02-debug: // ---- build task 查询 Asset Bundle ---- (11ms)
2026-7-2 15:35:02-debug: [Build Memory track]: 查询 Asset Bundle start:260.82MB, end 255.34MB, increase: -5609.40KB
2026-7-2 15:35:02-log: run build task 查询 Asset Bundle success in 11 ms√, progress: 5%
2026-7-2 15:35:02-debug: 查询 Asset Bundle start, progress: 5%
2026-7-2 15:35:02-debug: // ---- build task 查询 Asset Bundle ----
2026-7-2 15:35:02-debug: // ---- build task 查询 Asset Bundle ---- (5ms)
2026-7-2 15:35:02-log: run build task 查询 Asset Bundle success in 5 ms√, progress: 10%
2026-7-2 15:35:02-debug: // ---- build task 整理部分构建选项内数据到 settings.json ----
2026-7-2 15:35:02-debug: [Build Memory track]: 查询 Asset Bundle start:255.38MB, end 255.63MB, increase: 253.91KB
2026-7-2 15:35:02-debug: 整理部分构建选项内数据到 settings.json start, progress: 10%
2026-7-2 15:35:02-debug: // ---- build task 整理部分构建选项内数据到 settings.json ---- (2ms)
2026-7-2 15:35:02-log: run build task 整理部分构建选项内数据到 settings.json success in 2 ms√, progress: 12%
2026-7-2 15:35:02-debug: // ---- build task 填充脚本数据到 settings.json ----
2026-7-2 15:35:02-debug: [Build Memory track]: 整理部分构建选项内数据到 settings.json start:255.68MB, end 255.72MB, increase: 42.41KB
2026-7-2 15:35:02-debug: 填充脚本数据到 settings.json start, progress: 12%
2026-7-2 15:35:02-debug: // ---- build task 填充脚本数据到 settings.json ---- (1ms)
2026-7-2 15:35:02-log: run build task 填充脚本数据到 settings.json success in 1 ms√, progress: 13%
2026-7-2 15:35:02-debug: [Build Memory track]: 填充脚本数据到 settings.json start:255.76MB, end 255.80MB, increase: 36.15KB
2026-7-2 15:35:02-debug: 整理部分构建选项内数据到 settings.json start, progress: 13%
2026-7-2 15:35:02-debug: // ---- build task 整理部分构建选项内数据到 settings.json ----
2026-7-2 15:35:02-debug: // ---- build task 整理部分构建选项内数据到 settings.json ---- (5ms)
2026-7-2 15:35:02-log: run build task 整理部分构建选项内数据到 settings.json success in 5 ms√, progress: 15%
2026-7-2 15:35:02-debug: [Build Memory track]: 整理部分构建选项内数据到 settings.json start:255.84MB, end 255.91MB, increase: 72.55KB
2026-7-2 15:54:14-debug: refresh db internal success
2026-7-2 15:54:14-debug: %cImport%c: D:\工程项目\PlayableAD\Cocos\TheW\20260615_HYQ\HYQ_Project\assets\Script\functionS\Player\Player.tsbackground: #aaff85; color: #000;color: #000;
2026-7-2 15:54:14-debug: refresh db assets success
2026-7-2 15:54:14-debug: refresh db super-packager success
2026-7-2 15:54:14-debug: Run asset db hook engine-extends:afterRefresh ...
2026-7-2 15:54:14-debug: Run asset db hook engine-extends:afterRefresh success!
2026-7-2 15:54:14-debug: asset-db:refresh-all-database (184ms)
2026-7-2 15:54:14-debug: asset-db:worker-effect-data-processing (2ms)
2026-7-2 15:54:14-debug: asset-db-hook-engine-extends-afterRefresh (2ms)
2026-7-2 15:54:17-debug: Query all assets info in project
2026-7-2 15:54:17-debug: init custom config: keepNodeUuid: false, useCache: true
2026-7-2 15:54:17-debug: Skip compress image, progress: 0%
2026-7-2 15:54:17-debug: Init all bundles start..., progress: 0%
2026-7-2 15:54:17-debug: // ---- build task 查询 Asset Bundle ----
2026-7-2 15:54:17-debug: Init bundle root assets start..., progress: 0%
2026-7-2 15:54:17-debug: Num of bundles: 3..., progress: 0%
2026-7-2 15:54:17-debug: 查询 Asset Bundle start, progress: 0%
2026-7-2 15:54:17-debug: Query preload assets/scripts from cc.config.json: 60f7195c-ec2a-45eb-ba94-8955f60e81d0,1c02ae6f-4492-4915-b8f8-7492a3b1e4cd,810e96e4-e456-4468-9b59-f4e8f39732c0,efe8e2a3-eace-427b-b4f1-cb8a937ec77d,e9aa9a3e-5b2b-4ac7-a2c7-073de2b2b24f,8bbdbcdd-5cd4-4100-b6d5-b7c9625b6107,50f4348b-c883-4e2f-8f11-ce233b859fa1,fda095cb-831d-4601-ad94-846013963de8,f92806d7-1768-443f-afe8-12bcde84d0f0,dd3a144d-ab7f-41f0-82b8-2e43a090d496,f0416e68-0200-4b77-a926-4f9d16e494da,511d2633-09a7-4bdd-ac42-f778032124b3,5d45aa00-e064-4938-b314-4265f0c2258c,9361fd90-ba52-4f84-aa93-6e878fd576ca,970b0598-bcb0-4714-91fb-2e81440dccd8,bcd64cc6-2dd9-43f6-abbe-66318d332032,d930590d-bb92-4cc8-8bd1-23cd027f9edf,a3cd009f-0ab0-420d-9278-b9fdab939bbc,6a2d0734-bd9e-4ddf-946e-caa52498cb75,d1346436-ac96-4271-b863-1f4fdead95b0,971bdb23-3ff6-43eb-b422-1c30165a3663,17debcc3-0a6b-4b8a-b00b-dc58b885581e,711ebe11-f673-4cd9-9a83-63c60ba54c5b,c0143906-9aed-447e-9436-2ae8512d1b6e,14da1725-c4c2-42b4-ab08-ee0aeb6898b3,081cab31-dccd-428e-8652-f2404cc81c47,78e0584a-4343-4727-8f37-e14e65c2a2db,ba21476f-2866-4f81-9c4d-6e359316e448,871c3b6c-7379-419d-bda3-794b239ab90d,ff9b0199-ce04-4cfe-86cc-6c719f08d6e4,de1c2107-70c8-4021-8459-6399f24d01c6,cbf30902-517f-40dc-af90-a550bac27cf1,5c601d96-e4c7-4698-991b-7ee674b11079
2026-7-2 15:54:17-debug:   Number of all scenes: 5
2026-7-2 15:54:17-debug:   Number of all scripts: 109
2026-7-2 15:54:17-debug: Init bundle root assets success..., progress: 0%
2026-7-2 15:54:17-debug:   Number of other assets: 1152
2026-7-2 15:54:17-debug: // ---- build task 查询 Asset Bundle ---- (10ms)
2026-7-2 15:54:17-log: run build task 查询 Asset Bundle success in 10 ms√, progress: 5%
2026-7-2 15:54:17-debug: [Build Memory track]: 查询 Asset Bundle start:258.62MB, end 258.47MB, increase: -161.67KB
2026-7-2 15:54:17-debug: 查询 Asset Bundle start, progress: 5%
2026-7-2 15:54:17-debug: // ---- build task 查询 Asset Bundle ----
2026-7-2 15:54:17-debug: // ---- build task 查询 Asset Bundle ---- (3ms)
2026-7-2 15:54:17-log: run build task 查询 Asset Bundle success in 3 ms√, progress: 10%
2026-7-2 15:54:17-debug: // ---- build task 整理部分构建选项内数据到 settings.json ----
2026-7-2 15:54:17-debug: [Build Memory track]: 查询 Asset Bundle start:258.51MB, end 258.74MB, increase: 236.64KB
2026-7-2 15:54:17-debug: 整理部分构建选项内数据到 settings.json start, progress: 10%
2026-7-2 15:54:17-debug: // ---- build task 整理部分构建选项内数据到 settings.json ---- (1ms)
2026-7-2 15:54:17-log: run build task 整理部分构建选项内数据到 settings.json success in 1 ms√, progress: 12%
2026-7-2 15:54:17-debug: // ---- build task 填充脚本数据到 settings.json ----
2026-7-2 15:54:17-debug: [Build Memory track]: 整理部分构建选项内数据到 settings.json start:258.79MB, end 258.82MB, increase: 36.63KB
2026-7-2 15:54:17-debug: 填充脚本数据到 settings.json start, progress: 12%
2026-7-2 15:54:17-log: run build task 填充脚本数据到 settings.json success in √, progress: 13%
2026-7-2 15:54:17-debug: [Build Memory track]: 填充脚本数据到 settings.json start:258.87MB, end 258.89MB, increase: 21.38KB
2026-7-2 15:54:17-debug: 整理部分构建选项内数据到 settings.json start, progress: 13%
2026-7-2 15:54:17-debug: // ---- build task 整理部分构建选项内数据到 settings.json ----
2026-7-2 15:54:17-debug: // ---- build task 整理部分构建选项内数据到 settings.json ---- (2ms)
2026-7-2 15:54:17-log: run build task 整理部分构建选项内数据到 settings.json success in 2 ms√, progress: 15%
2026-7-2 15:54:17-debug: [Build Memory track]: 整理部分构建选项内数据到 settings.json start:258.93MB, end 259.01MB, increase: 84.71KB
2026-7-2 15:57:32-debug: refresh db internal success
2026-7-2 15:57:32-debug: refresh db assets success
2026-7-2 15:57:32-debug: refresh db super-packager success
2026-7-2 15:57:32-debug: Run asset db hook engine-extends:afterRefresh ...
2026-7-2 15:57:32-debug: Run asset db hook engine-extends:afterRefresh success!
2026-7-2 15:57:32-debug: asset-db:refresh-all-database (161ms)
2026-7-2 15:57:32-debug: asset-db:worker-effect-data-processing (1ms)
2026-7-2 15:57:32-debug: asset-db-hook-engine-extends-afterRefresh (1ms)
2026-7-2 15:57:36-debug: refresh db internal success
2026-7-2 15:57:36-debug: refresh db assets success
2026-7-2 15:57:36-debug: refresh db super-packager success
2026-7-2 15:57:36-debug: Run asset db hook engine-extends:afterRefresh ...
2026-7-2 15:57:36-debug: Run asset db hook engine-extends:afterRefresh success!
2026-7-2 15:57:36-debug: asset-db:refresh-all-database (202ms)
2026-7-2 15:57:36-debug: asset-db:worker-effect-data-processing (1ms)
2026-7-2 15:57:36-debug: asset-db-hook-engine-extends-afterRefresh (2ms)
2026-7-2 15:57:37-debug: %cImport%c: D:\工程项目\PlayableAD\Cocos\TheW\20260615_HYQ\HYQ_Project\assets\Scene\Game_3D-002.scenebackground: #aaff85; color: #000;color: #000;
2026-7-2 15:57:37-debug: asset-db:reimport-assetb5805d3a-3b80-4a12-adf5-588e63a7d886 (82ms)
2026-7-2 15:57:38-debug: Query all assets info in project
2026-7-2 15:57:38-debug: init custom config: keepNodeUuid: false, useCache: true
2026-7-2 15:57:38-debug: Skip compress image, progress: 0%
2026-7-2 15:57:38-debug: Init all bundles start..., progress: 0%
2026-7-2 15:57:38-debug: 查询 Asset Bundle start, progress: 0%
2026-7-2 15:57:38-debug: // ---- build task 查询 Asset Bundle ----
2026-7-2 15:57:38-debug: Init bundle root assets start..., progress: 0%
2026-7-2 15:57:38-debug: Num of bundles: 3..., progress: 0%
2026-7-2 15:57:38-debug: Query preload assets/scripts from cc.config.json: 60f7195c-ec2a-45eb-ba94-8955f60e81d0,1c02ae6f-4492-4915-b8f8-7492a3b1e4cd,810e96e4-e456-4468-9b59-f4e8f39732c0,efe8e2a3-eace-427b-b4f1-cb8a937ec77d,e9aa9a3e-5b2b-4ac7-a2c7-073de2b2b24f,8bbdbcdd-5cd4-4100-b6d5-b7c9625b6107,50f4348b-c883-4e2f-8f11-ce233b859fa1,fda095cb-831d-4601-ad94-846013963de8,f92806d7-1768-443f-afe8-12bcde84d0f0,dd3a144d-ab7f-41f0-82b8-2e43a090d496,f0416e68-0200-4b77-a926-4f9d16e494da,511d2633-09a7-4bdd-ac42-f778032124b3,5d45aa00-e064-4938-b314-4265f0c2258c,9361fd90-ba52-4f84-aa93-6e878fd576ca,970b0598-bcb0-4714-91fb-2e81440dccd8,bcd64cc6-2dd9-43f6-abbe-66318d332032,d930590d-bb92-4cc8-8bd1-23cd027f9edf,a3cd009f-0ab0-420d-9278-b9fdab939bbc,6a2d0734-bd9e-4ddf-946e-caa52498cb75,d1346436-ac96-4271-b863-1f4fdead95b0,971bdb23-3ff6-43eb-b422-1c30165a3663,17debcc3-0a6b-4b8a-b00b-dc58b885581e,711ebe11-f673-4cd9-9a83-63c60ba54c5b,c0143906-9aed-447e-9436-2ae8512d1b6e,14da1725-c4c2-42b4-ab08-ee0aeb6898b3,081cab31-dccd-428e-8652-f2404cc81c47,78e0584a-4343-4727-8f37-e14e65c2a2db,ba21476f-2866-4f81-9c4d-6e359316e448,871c3b6c-7379-419d-bda3-794b239ab90d,ff9b0199-ce04-4cfe-86cc-6c719f08d6e4,de1c2107-70c8-4021-8459-6399f24d01c6,cbf30902-517f-40dc-af90-a550bac27cf1,5c601d96-e4c7-4698-991b-7ee674b11079
2026-7-2 15:57:38-debug:   Number of all scenes: 5
2026-7-2 15:57:38-debug: Init bundle root assets success..., progress: 0%
2026-7-2 15:57:38-debug:   Number of other assets: 1152
2026-7-2 15:57:38-debug:   Number of all scripts: 109
2026-7-2 15:57:38-debug: // ---- build task 查询 Asset Bundle ---- (11ms)
2026-7-2 15:57:38-debug: [Build Memory track]: 查询 Asset Bundle start:245.15MB, end 246.77MB, increase: 1.61MB
2026-7-2 15:57:38-log: run build task 查询 Asset Bundle success in 11 ms√, progress: 5%
2026-7-2 15:57:38-debug: // ---- build task 查询 Asset Bundle ----
2026-7-2 15:57:38-debug: 查询 Asset Bundle start, progress: 5%
2026-7-2 15:57:38-debug: // ---- build task 查询 Asset Bundle ---- (6ms)
2026-7-2 15:57:38-log: run build task 查询 Asset Bundle success in 6 ms√, progress: 10%
2026-7-2 15:57:38-debug: // ---- build task 整理部分构建选项内数据到 settings.json ----
2026-7-2 15:57:38-debug: [Build Memory track]: 查询 Asset Bundle start:246.80MB, end 247.03MB, increase: 236.82KB
2026-7-2 15:57:38-debug: 整理部分构建选项内数据到 settings.json start, progress: 10%
2026-7-2 15:57:38-debug: // ---- build task 整理部分构建选项内数据到 settings.json ---- (2ms)
2026-7-2 15:57:38-log: run build task 整理部分构建选项内数据到 settings.json success in 2 ms√, progress: 12%
2026-7-2 15:57:38-debug: // ---- build task 填充脚本数据到 settings.json ----
2026-7-2 15:57:38-debug: [Build Memory track]: 整理部分构建选项内数据到 settings.json start:247.07MB, end 243.41MB, increase: -3741.61KB
2026-7-2 15:57:38-debug: 填充脚本数据到 settings.json start, progress: 12%
2026-7-2 15:57:38-debug: // ---- build task 填充脚本数据到 settings.json ---- (1ms)
2026-7-2 15:57:38-log: run build task 填充脚本数据到 settings.json success in 1 ms√, progress: 13%
2026-7-2 15:57:38-debug: // ---- build task 整理部分构建选项内数据到 settings.json ----
2026-7-2 15:57:38-debug: [Build Memory track]: 填充脚本数据到 settings.json start:243.45MB, end 243.48MB, increase: 28.96KB
2026-7-2 15:57:38-debug: 整理部分构建选项内数据到 settings.json start, progress: 13%
2026-7-2 15:57:38-debug: // ---- build task 整理部分构建选项内数据到 settings.json ---- (7ms)
2026-7-2 15:57:38-log: run build task 整理部分构建选项内数据到 settings.json success in 7 ms√, progress: 15%
2026-7-2 15:57:38-debug: [Build Memory track]: 整理部分构建选项内数据到 settings.json start:243.51MB, end 243.60MB, increase: 89.77KB
2026-7-2 15:58:07-debug: refresh db internal success
2026-7-2 15:58:07-debug: refresh db assets success
2026-7-2 15:58:07-debug: refresh db super-packager success
2026-7-2 15:58:07-debug: Run asset db hook engine-extends:afterRefresh success!
2026-7-2 15:58:07-debug: Run asset db hook engine-extends:afterRefresh ...
2026-7-2 15:58:07-debug: asset-db:refresh-all-database (211ms)
2026-7-2 15:58:07-debug: asset-db:worker-effect-data-processing (2ms)
2026-7-2 15:58:07-debug: asset-db-hook-engine-extends-afterRefresh (3ms)
2026-7-2 15:58:15-debug: %cImport%c: D:\工程项目\PlayableAD\Cocos\TheW\20260615_HYQ\HYQ_Project\assets\Scene\Game_3D-002.scenebackground: #aaff85; color: #000;color: #000;
2026-7-2 15:58:15-debug: asset-db:reimport-assetb5805d3a-3b80-4a12-adf5-588e63a7d886 (27ms)
2026-7-2 15:58:16-debug: Query all assets info in project
2026-7-2 15:58:16-debug: init custom config: keepNodeUuid: false, useCache: true
2026-7-2 15:58:16-debug: Skip compress image, progress: 0%
2026-7-2 15:58:16-debug: Init all bundles start..., progress: 0%
2026-7-2 15:58:16-debug: // ---- build task 查询 Asset Bundle ----
2026-7-2 15:58:16-debug: Init bundle root assets start..., progress: 0%
2026-7-2 15:58:16-debug: Num of bundles: 3..., progress: 0%
2026-7-2 15:58:16-debug: 查询 Asset Bundle start, progress: 0%
2026-7-2 15:58:16-debug: Query preload assets/scripts from cc.config.json: 60f7195c-ec2a-45eb-ba94-8955f60e81d0,1c02ae6f-4492-4915-b8f8-7492a3b1e4cd,810e96e4-e456-4468-9b59-f4e8f39732c0,efe8e2a3-eace-427b-b4f1-cb8a937ec77d,e9aa9a3e-5b2b-4ac7-a2c7-073de2b2b24f,8bbdbcdd-5cd4-4100-b6d5-b7c9625b6107,50f4348b-c883-4e2f-8f11-ce233b859fa1,fda095cb-831d-4601-ad94-846013963de8,f92806d7-1768-443f-afe8-12bcde84d0f0,dd3a144d-ab7f-41f0-82b8-2e43a090d496,f0416e68-0200-4b77-a926-4f9d16e494da,511d2633-09a7-4bdd-ac42-f778032124b3,5d45aa00-e064-4938-b314-4265f0c2258c,9361fd90-ba52-4f84-aa93-6e878fd576ca,970b0598-bcb0-4714-91fb-2e81440dccd8,bcd64cc6-2dd9-43f6-abbe-66318d332032,d930590d-bb92-4cc8-8bd1-23cd027f9edf,a3cd009f-0ab0-420d-9278-b9fdab939bbc,6a2d0734-bd9e-4ddf-946e-caa52498cb75,d1346436-ac96-4271-b863-1f4fdead95b0,971bdb23-3ff6-43eb-b422-1c30165a3663,17debcc3-0a6b-4b8a-b00b-dc58b885581e,711ebe11-f673-4cd9-9a83-63c60ba54c5b,c0143906-9aed-447e-9436-2ae8512d1b6e,14da1725-c4c2-42b4-ab08-ee0aeb6898b3,081cab31-dccd-428e-8652-f2404cc81c47,78e0584a-4343-4727-8f37-e14e65c2a2db,ba21476f-2866-4f81-9c4d-6e359316e448,871c3b6c-7379-419d-bda3-794b239ab90d,ff9b0199-ce04-4cfe-86cc-6c719f08d6e4,de1c2107-70c8-4021-8459-6399f24d01c6,cbf30902-517f-40dc-af90-a550bac27cf1,5c601d96-e4c7-4698-991b-7ee674b11079
2026-7-2 15:58:16-debug:   Number of all scenes: 5
2026-7-2 15:58:16-debug:   Number of all scripts: 109
2026-7-2 15:58:16-debug: Init bundle root assets success..., progress: 0%
2026-7-2 15:58:16-debug:   Number of other assets: 1152
2026-7-2 15:58:16-debug: // ---- build task 查询 Asset Bundle ---- (11ms)
2026-7-2 15:58:16-log: run build task 查询 Asset Bundle success in 11 ms√, progress: 5%
2026-7-2 15:58:16-debug: [Build Memory track]: 查询 Asset Bundle start:248.61MB, end 248.61MB, increase: 0.83KB
2026-7-2 15:58:16-debug: 查询 Asset Bundle start, progress: 5%
2026-7-2 15:58:16-debug: // ---- build task 查询 Asset Bundle ----
2026-7-2 15:58:16-debug: // ---- build task 查询 Asset Bundle ---- (3ms)
2026-7-2 15:58:16-log: run build task 查询 Asset Bundle success in 3 ms√, progress: 10%
2026-7-2 15:58:16-debug: // ---- build task 整理部分构建选项内数据到 settings.json ----
2026-7-2 15:58:16-debug: [Build Memory track]: 查询 Asset Bundle start:248.65MB, end 248.88MB, increase: 239.68KB
2026-7-2 15:58:16-debug: 整理部分构建选项内数据到 settings.json start, progress: 10%
2026-7-2 15:58:16-log: run build task 整理部分构建选项内数据到 settings.json success in √, progress: 12%
2026-7-2 15:58:16-debug: [Build Memory track]: 整理部分构建选项内数据到 settings.json start:248.92MB, end 248.93MB, increase: 17.84KB
2026-7-2 15:58:16-debug: 填充脚本数据到 settings.json start, progress: 12%
2026-7-2 15:58:16-debug: // ---- build task 填充脚本数据到 settings.json ----
2026-7-2 15:58:16-debug: // ---- build task 填充脚本数据到 settings.json ---- (1ms)
2026-7-2 15:58:16-log: run build task 填充脚本数据到 settings.json success in 1 ms√, progress: 13%
2026-7-2 15:58:16-debug: [Build Memory track]: 填充脚本数据到 settings.json start:248.97MB, end 249.00MB, increase: 28.57KB
2026-7-2 15:58:16-debug: 整理部分构建选项内数据到 settings.json start, progress: 13%
2026-7-2 15:58:16-debug: // ---- build task 整理部分构建选项内数据到 settings.json ----
2026-7-2 15:58:16-debug: // ---- build task 整理部分构建选项内数据到 settings.json ---- (5ms)
2026-7-2 15:58:16-log: run build task 整理部分构建选项内数据到 settings.json success in 5 ms√, progress: 15%
2026-7-2 15:58:16-debug: [Build Memory track]: 整理部分构建选项内数据到 settings.json start:249.03MB, end 249.10MB, increase: 72.54KB
2026-7-2 15:58:51-debug: refresh db internal success
2026-7-2 15:58:52-debug: refresh db assets success
2026-7-2 15:58:52-debug: refresh db super-packager success
2026-7-2 15:58:52-debug: Run asset db hook engine-extends:afterRefresh ...
2026-7-2 15:58:52-debug: Run asset db hook engine-extends:afterRefresh success!
2026-7-2 15:58:52-debug: asset-db:refresh-all-database (189ms)
2026-7-2 15:58:52-debug: asset-db:worker-effect-data-processing (1ms)
2026-7-2 15:58:52-debug: asset-db-hook-engine-extends-afterRefresh (1ms)
2026-7-2 15:59:12-debug: %cImport%c: D:\工程项目\PlayableAD\Cocos\TheW\20260615_HYQ\HYQ_Project\assets\Scene\Game_3D-002.scenebackground: #aaff85; color: #000;color: #000;
2026-7-2 15:59:12-debug: asset-db:reimport-assetb5805d3a-3b80-4a12-adf5-588e63a7d886 (25ms)
2026-7-2 15:59:13-debug: Query all assets info in project
2026-7-2 15:59:13-debug: init custom config: keepNodeUuid: false, useCache: true
2026-7-2 15:59:13-debug: Skip compress image, progress: 0%
2026-7-2 15:59:13-debug: Init all bundles start..., progress: 0%
2026-7-2 15:59:13-debug: Num of bundles: 3..., progress: 0%
2026-7-2 15:59:13-debug: 查询 Asset Bundle start, progress: 0%
2026-7-2 15:59:13-debug: // ---- build task 查询 Asset Bundle ----
2026-7-2 15:59:13-debug: Init bundle root assets start..., progress: 0%
2026-7-2 15:59:13-debug: Query preload assets/scripts from cc.config.json: 60f7195c-ec2a-45eb-ba94-8955f60e81d0,1c02ae6f-4492-4915-b8f8-7492a3b1e4cd,810e96e4-e456-4468-9b59-f4e8f39732c0,efe8e2a3-eace-427b-b4f1-cb8a937ec77d,e9aa9a3e-5b2b-4ac7-a2c7-073de2b2b24f,8bbdbcdd-5cd4-4100-b6d5-b7c9625b6107,50f4348b-c883-4e2f-8f11-ce233b859fa1,fda095cb-831d-4601-ad94-846013963de8,f92806d7-1768-443f-afe8-12bcde84d0f0,dd3a144d-ab7f-41f0-82b8-2e43a090d496,f0416e68-0200-4b77-a926-4f9d16e494da,511d2633-09a7-4bdd-ac42-f778032124b3,5d45aa00-e064-4938-b314-4265f0c2258c,9361fd90-ba52-4f84-aa93-6e878fd576ca,970b0598-bcb0-4714-91fb-2e81440dccd8,bcd64cc6-2dd9-43f6-abbe-66318d332032,d930590d-bb92-4cc8-8bd1-23cd027f9edf,a3cd009f-0ab0-420d-9278-b9fdab939bbc,6a2d0734-bd9e-4ddf-946e-caa52498cb75,d1346436-ac96-4271-b863-1f4fdead95b0,971bdb23-3ff6-43eb-b422-1c30165a3663,17debcc3-0a6b-4b8a-b00b-dc58b885581e,711ebe11-f673-4cd9-9a83-63c60ba54c5b,c0143906-9aed-447e-9436-2ae8512d1b6e,14da1725-c4c2-42b4-ab08-ee0aeb6898b3,081cab31-dccd-428e-8652-f2404cc81c47,78e0584a-4343-4727-8f37-e14e65c2a2db,ba21476f-2866-4f81-9c4d-6e359316e448,871c3b6c-7379-419d-bda3-794b239ab90d,ff9b0199-ce04-4cfe-86cc-6c719f08d6e4,de1c2107-70c8-4021-8459-6399f24d01c6,cbf30902-517f-40dc-af90-a550bac27cf1,5c601d96-e4c7-4698-991b-7ee674b11079
2026-7-2 15:59:13-debug:   Number of all scenes: 5
2026-7-2 15:59:13-debug:   Number of other assets: 1152
2026-7-2 15:59:13-debug:   Number of all scripts: 109
2026-7-2 15:59:13-debug: Init bundle root assets success..., progress: 0%
2026-7-2 15:59:13-debug: // ---- build task 查询 Asset Bundle ---- (12ms)
2026-7-2 15:59:13-log: run build task 查询 Asset Bundle success in 12 ms√, progress: 5%
2026-7-2 15:59:13-debug: // ---- build task 查询 Asset Bundle ----
2026-7-2 15:59:13-debug: [Build Memory track]: 查询 Asset Bundle start:255.29MB, end 254.93MB, increase: -373.44KB
2026-7-2 15:59:13-debug: 查询 Asset Bundle start, progress: 5%
2026-7-2 15:59:13-debug: // ---- build task 查询 Asset Bundle ---- (3ms)
2026-7-2 15:59:13-log: run build task 查询 Asset Bundle success in 3 ms√, progress: 10%
2026-7-2 15:59:13-debug: 整理部分构建选项内数据到 settings.json start, progress: 10%
2026-7-2 15:59:13-debug: // ---- build task 整理部分构建选项内数据到 settings.json ----
2026-7-2 15:59:13-debug: [Build Memory track]: 查询 Asset Bundle start:254.96MB, end 254.33MB, increase: -645.05KB
2026-7-2 15:59:13-debug: // ---- build task 整理部分构建选项内数据到 settings.json ---- (2ms)
2026-7-2 15:59:13-log: run build task 整理部分构建选项内数据到 settings.json success in 2 ms√, progress: 12%
2026-7-2 15:59:13-debug: [Build Memory track]: 整理部分构建选项内数据到 settings.json start:254.37MB, end 254.40MB, increase: 31.27KB
2026-7-2 15:59:13-debug: 填充脚本数据到 settings.json start, progress: 12%
2026-7-2 15:59:13-debug: // ---- build task 填充脚本数据到 settings.json ----
2026-7-2 15:59:13-debug: // ---- build task 填充脚本数据到 settings.json ---- (3ms)
2026-7-2 15:59:13-log: run build task 填充脚本数据到 settings.json success in 3 ms√, progress: 13%
2026-7-2 15:59:13-debug: [Build Memory track]: 填充脚本数据到 settings.json start:254.43MB, end 254.46MB, increase: 28.86KB
2026-7-2 15:59:13-debug: // ---- build task 整理部分构建选项内数据到 settings.json ----
2026-7-2 15:59:13-debug: 整理部分构建选项内数据到 settings.json start, progress: 13%
2026-7-2 15:59:13-debug: // ---- build task 整理部分构建选项内数据到 settings.json ---- (6ms)
2026-7-2 15:59:13-log: run build task 整理部分构建选项内数据到 settings.json success in 6 ms√, progress: 15%
2026-7-2 15:59:13-debug: [Build Memory track]: 整理部分构建选项内数据到 settings.json start:254.49MB, end 254.56MB, increase: 67.43KB
2026-7-2 15:59:45-debug: refresh db internal success
2026-7-2 15:59:45-debug: refresh db assets success
2026-7-2 15:59:45-debug: refresh db super-packager success
2026-7-2 15:59:45-debug: Run asset db hook engine-extends:afterRefresh ...
2026-7-2 15:59:45-debug: Run asset db hook engine-extends:afterRefresh success!
2026-7-2 15:59:45-debug: asset-db:refresh-all-database (201ms)
2026-7-2 15:59:45-debug: asset-db:worker-effect-data-processing (2ms)
2026-7-2 15:59:45-debug: asset-db-hook-engine-extends-afterRefresh (2ms)
2026-7-2 16:00:01-debug: %cImport%c: D:\工程项目\PlayableAD\Cocos\TheW\20260615_HYQ\HYQ_Project\assets\Scene\Game_3D-002.scenebackground: #aaff85; color: #000;color: #000;
2026-7-2 16:00:01-error: Importer exec failed: {asset[D:\工程项目\PlayableAD\Cocos\TheW\20260615_HYQ\HYQ_Project\assets\Scene\Game_3D-002.scene](b5805d3a-3b80-4a12-adf5-588e63a7d886)}
2026-7-2 16:00:01-error: Error: UNKNOWN: unknown error, open 'D:\工程项目\PlayableAD\Cocos\TheW\20260615_HYQ\HYQ_Project\assets\Scene\Game_3D-002.scene'
2026-7-2 16:00:01-debug: asset-db:reimport-assetb5805d3a-3b80-4a12-adf5-588e63a7d886 (26ms)
2026-7-2 16:00:02-debug: Query all assets info in project
2026-7-2 16:00:02-debug: init custom config: keepNodeUuid: false, useCache: true
2026-7-2 16:00:02-debug: Skip compress image, progress: 0%
2026-7-2 16:00:02-debug: Init all bundles start..., progress: 0%
2026-7-2 16:00:02-debug: // ---- build task 查询 Asset Bundle ----
2026-7-2 16:00:02-debug: Num of bundles: 3..., progress: 0%
2026-7-2 16:00:02-debug: Init bundle root assets start..., progress: 0%
2026-7-2 16:00:02-debug: 查询 Asset Bundle start, progress: 0%
2026-7-2 16:00:02-debug: Query preload assets/scripts from cc.config.json: 60f7195c-ec2a-45eb-ba94-8955f60e81d0,1c02ae6f-4492-4915-b8f8-7492a3b1e4cd,810e96e4-e456-4468-9b59-f4e8f39732c0,efe8e2a3-eace-427b-b4f1-cb8a937ec77d,e9aa9a3e-5b2b-4ac7-a2c7-073de2b2b24f,8bbdbcdd-5cd4-4100-b6d5-b7c9625b6107,50f4348b-c883-4e2f-8f11-ce233b859fa1,fda095cb-831d-4601-ad94-846013963de8,f92806d7-1768-443f-afe8-12bcde84d0f0,dd3a144d-ab7f-41f0-82b8-2e43a090d496,f0416e68-0200-4b77-a926-4f9d16e494da,511d2633-09a7-4bdd-ac42-f778032124b3,5d45aa00-e064-4938-b314-4265f0c2258c,9361fd90-ba52-4f84-aa93-6e878fd576ca,970b0598-bcb0-4714-91fb-2e81440dccd8,bcd64cc6-2dd9-43f6-abbe-66318d332032,d930590d-bb92-4cc8-8bd1-23cd027f9edf,a3cd009f-0ab0-420d-9278-b9fdab939bbc,6a2d0734-bd9e-4ddf-946e-caa52498cb75,d1346436-ac96-4271-b863-1f4fdead95b0,971bdb23-3ff6-43eb-b422-1c30165a3663,17debcc3-0a6b-4b8a-b00b-dc58b885581e,711ebe11-f673-4cd9-9a83-63c60ba54c5b,c0143906-9aed-447e-9436-2ae8512d1b6e,14da1725-c4c2-42b4-ab08-ee0aeb6898b3,081cab31-dccd-428e-8652-f2404cc81c47,78e0584a-4343-4727-8f37-e14e65c2a2db,ba21476f-2866-4f81-9c4d-6e359316e448,871c3b6c-7379-419d-bda3-794b239ab90d,ff9b0199-ce04-4cfe-86cc-6c719f08d6e4,de1c2107-70c8-4021-8459-6399f24d01c6,cbf30902-517f-40dc-af90-a550bac27cf1,5c601d96-e4c7-4698-991b-7ee674b11079
2026-7-2 16:00:02-debug:   Number of all scenes: 4
2026-7-2 16:00:02-debug:   Number of all scripts: 109
2026-7-2 16:00:02-debug: Init bundle root assets success..., progress: 0%
2026-7-2 16:00:02-debug:   Number of other assets: 1152
2026-7-2 16:00:02-debug: // ---- build task 查询 Asset Bundle ---- (13ms)
2026-7-2 16:00:02-debug: [Build Memory track]: 查询 Asset Bundle start:259.55MB, end 259.54MB, increase: -1.00KB
2026-7-2 16:00:02-log: run build task 查询 Asset Bundle success in 13 ms√, progress: 5%
2026-7-2 16:00:02-debug: 查询 Asset Bundle start, progress: 5%
2026-7-2 16:00:02-debug: // ---- build task 查询 Asset Bundle ----
2026-7-2 16:00:02-debug: // ---- build task 查询 Asset Bundle ---- (6ms)
2026-7-2 16:00:02-log: run build task 查询 Asset Bundle success in 6 ms√, progress: 10%
2026-7-2 16:00:02-debug: [Build Memory track]: 查询 Asset Bundle start:259.59MB, end 259.85MB, increase: 269.17KB
2026-7-2 16:00:02-debug: 整理部分构建选项内数据到 settings.json start, progress: 10%
2026-7-2 16:00:02-debug: // ---- build task 整理部分构建选项内数据到 settings.json ----
2026-7-2 16:00:02-log: run build task 整理部分构建选项内数据到 settings.json success in √, progress: 12%
2026-7-2 16:00:02-debug: [Build Memory track]: 整理部分构建选项内数据到 settings.json start:259.90MB, end 259.92MB, increase: 21.74KB
2026-7-2 16:00:02-debug: // ---- build task 填充脚本数据到 settings.json ----
2026-7-2 16:00:02-debug: 填充脚本数据到 settings.json start, progress: 12%
2026-7-2 16:00:02-debug: // ---- build task 填充脚本数据到 settings.json ---- (1ms)
2026-7-2 16:00:02-debug: [Build Memory track]: 填充脚本数据到 settings.json start:259.96MB, end 260.00MB, increase: 35.20KB
2026-7-2 16:00:02-debug: 整理部分构建选项内数据到 settings.json start, progress: 13%
2026-7-2 16:00:02-debug: // ---- build task 整理部分构建选项内数据到 settings.json ----
2026-7-2 16:00:02-log: run build task 填充脚本数据到 settings.json success in 1 ms√, progress: 13%
2026-7-2 16:00:02-debug: // ---- build task 整理部分构建选项内数据到 settings.json ---- (8ms)
2026-7-2 16:00:02-log: run build task 整理部分构建选项内数据到 settings.json success in 8 ms√, progress: 15%
2026-7-2 16:00:02-debug: [Build Memory track]: 整理部分构建选项内数据到 settings.json start:260.04MB, end 260.12MB, increase: 82.20KB
2026-7-2 16:00:06-debug: %cImport%c: D:\工程项目\PlayableAD\Cocos\TheW\20260615_HYQ\HYQ_Project\assets\Scene\Game_3D-002.scenebackground: #aaff85; color: #000;color: #000;
2026-7-2 16:00:06-debug: asset-db:reimport-assetb5805d3a-3b80-4a12-adf5-588e63a7d886 (41ms)
2026-7-2 16:00:07-debug: Query all assets info in project
2026-7-2 16:00:07-debug: init custom config: keepNodeUuid: false, useCache: true
2026-7-2 16:00:07-debug: Skip compress image, progress: 0%
2026-7-2 16:00:07-debug: Init all bundles start..., progress: 0%
2026-7-2 16:00:07-debug: // ---- build task 查询 Asset Bundle ----
2026-7-2 16:00:07-debug: Init bundle root assets start..., progress: 0%
2026-7-2 16:00:07-debug: Num of bundles: 3..., progress: 0%
2026-7-2 16:00:07-debug: 查询 Asset Bundle start, progress: 0%
2026-7-2 16:00:07-debug: Query preload assets/scripts from cc.config.json: 60f7195c-ec2a-45eb-ba94-8955f60e81d0,1c02ae6f-4492-4915-b8f8-7492a3b1e4cd,810e96e4-e456-4468-9b59-f4e8f39732c0,efe8e2a3-eace-427b-b4f1-cb8a937ec77d,e9aa9a3e-5b2b-4ac7-a2c7-073de2b2b24f,8bbdbcdd-5cd4-4100-b6d5-b7c9625b6107,50f4348b-c883-4e2f-8f11-ce233b859fa1,fda095cb-831d-4601-ad94-846013963de8,f92806d7-1768-443f-afe8-12bcde84d0f0,dd3a144d-ab7f-41f0-82b8-2e43a090d496,f0416e68-0200-4b77-a926-4f9d16e494da,511d2633-09a7-4bdd-ac42-f778032124b3,5d45aa00-e064-4938-b314-4265f0c2258c,9361fd90-ba52-4f84-aa93-6e878fd576ca,970b0598-bcb0-4714-91fb-2e81440dccd8,bcd64cc6-2dd9-43f6-abbe-66318d332032,d930590d-bb92-4cc8-8bd1-23cd027f9edf,a3cd009f-0ab0-420d-9278-b9fdab939bbc,6a2d0734-bd9e-4ddf-946e-caa52498cb75,d1346436-ac96-4271-b863-1f4fdead95b0,971bdb23-3ff6-43eb-b422-1c30165a3663,17debcc3-0a6b-4b8a-b00b-dc58b885581e,711ebe11-f673-4cd9-9a83-63c60ba54c5b,c0143906-9aed-447e-9436-2ae8512d1b6e,14da1725-c4c2-42b4-ab08-ee0aeb6898b3,081cab31-dccd-428e-8652-f2404cc81c47,78e0584a-4343-4727-8f37-e14e65c2a2db,ba21476f-2866-4f81-9c4d-6e359316e448,871c3b6c-7379-419d-bda3-794b239ab90d,ff9b0199-ce04-4cfe-86cc-6c719f08d6e4,de1c2107-70c8-4021-8459-6399f24d01c6,cbf30902-517f-40dc-af90-a550bac27cf1,5c601d96-e4c7-4698-991b-7ee674b11079
2026-7-2 16:00:07-debug:   Number of all scenes: 5
2026-7-2 16:00:07-debug:   Number of all scripts: 109
2026-7-2 16:00:07-debug: Init bundle root assets success..., progress: 0%
2026-7-2 16:00:07-debug:   Number of other assets: 1152
2026-7-2 16:00:07-debug: // ---- build task 查询 Asset Bundle ---- (13ms)
2026-7-2 16:00:07-log: run build task 查询 Asset Bundle success in 13 ms√, progress: 5%
2026-7-2 16:00:07-debug: // ---- build task 查询 Asset Bundle ----
2026-7-2 16:00:07-debug: [Build Memory track]: 查询 Asset Bundle start:262.89MB, end 262.06MB, increase: -842.09KB
2026-7-2 16:00:07-debug: 查询 Asset Bundle start, progress: 5%
2026-7-2 16:00:07-debug: // ---- build task 查询 Asset Bundle ---- (3ms)
2026-7-2 16:00:07-log: run build task 查询 Asset Bundle success in 3 ms√, progress: 10%
2026-7-2 16:00:07-debug: // ---- build task 整理部分构建选项内数据到 settings.json ----
2026-7-2 16:00:07-debug: [Build Memory track]: 查询 Asset Bundle start:262.11MB, end 262.34MB, increase: 239.20KB
2026-7-2 16:00:07-debug: 整理部分构建选项内数据到 settings.json start, progress: 10%
2026-7-2 16:00:07-debug: // ---- build task 整理部分构建选项内数据到 settings.json ---- (2ms)
2026-7-2 16:00:07-log: run build task 整理部分构建选项内数据到 settings.json success in 2 ms√, progress: 12%
2026-7-2 16:00:07-debug: // ---- build task 填充脚本数据到 settings.json ----
2026-7-2 16:00:07-debug: [Build Memory track]: 整理部分构建选项内数据到 settings.json start:262.39MB, end 262.43MB, increase: 44.76KB
2026-7-2 16:00:07-debug: 填充脚本数据到 settings.json start, progress: 12%
2026-7-2 16:00:07-debug: // ---- build task 填充脚本数据到 settings.json ---- (1ms)
2026-7-2 16:00:07-log: run build task 填充脚本数据到 settings.json success in 1 ms√, progress: 13%
2026-7-2 16:00:07-debug: // ---- build task 整理部分构建选项内数据到 settings.json ----
2026-7-2 16:00:07-debug: [Build Memory track]: 填充脚本数据到 settings.json start:262.47MB, end 262.51MB, increase: 35.91KB
2026-7-2 16:00:07-debug: 整理部分构建选项内数据到 settings.json start, progress: 13%
2026-7-2 16:00:07-debug: // ---- build task 整理部分构建选项内数据到 settings.json ---- (3ms)
2026-7-2 16:00:07-log: run build task 整理部分构建选项内数据到 settings.json success in 3 ms√, progress: 15%
2026-7-2 16:00:07-debug: [Build Memory track]: 整理部分构建选项内数据到 settings.json start:262.55MB, end 262.62MB, increase: 73.47KB
2026-7-2 16:00:49-debug: refresh db internal success
2026-7-2 16:00:49-debug: refresh db assets success
2026-7-2 16:00:49-debug: refresh db super-packager success
2026-7-2 16:00:49-debug: Run asset db hook engine-extends:afterRefresh ...
2026-7-2 16:00:49-debug: Run asset db hook engine-extends:afterRefresh success!
2026-7-2 16:00:49-debug: asset-db:refresh-all-database (218ms)
2026-7-2 16:00:49-debug: asset-db:worker-effect-data-processing (3ms)
2026-7-2 16:00:49-debug: asset-db-hook-engine-extends-afterRefresh (4ms)
2026-7-2 16:01:03-debug: %cImport%c: D:\工程项目\PlayableAD\Cocos\TheW\20260615_HYQ\HYQ_Project\assets\Scene\Game_3D-002.scenebackground: #aaff85; color: #000;color: #000;
2026-7-2 16:01:03-debug: asset-db:reimport-assetb5805d3a-3b80-4a12-adf5-588e63a7d886 (27ms)
2026-7-2 16:01:04-debug: Query all assets info in project
2026-7-2 16:01:04-debug: init custom config: keepNodeUuid: false, useCache: true
2026-7-2 16:01:04-debug: Skip compress image, progress: 0%
2026-7-2 16:01:04-debug: Init all bundles start..., progress: 0%
2026-7-2 16:01:04-debug: Num of bundles: 3..., progress: 0%
2026-7-2 16:01:04-debug: // ---- build task 查询 Asset Bundle ----
2026-7-2 16:01:04-debug: Init bundle root assets start..., progress: 0%
2026-7-2 16:01:04-debug: 查询 Asset Bundle start, progress: 0%
2026-7-2 16:01:04-debug: Query preload assets/scripts from cc.config.json: 60f7195c-ec2a-45eb-ba94-8955f60e81d0,1c02ae6f-4492-4915-b8f8-7492a3b1e4cd,810e96e4-e456-4468-9b59-f4e8f39732c0,efe8e2a3-eace-427b-b4f1-cb8a937ec77d,e9aa9a3e-5b2b-4ac7-a2c7-073de2b2b24f,8bbdbcdd-5cd4-4100-b6d5-b7c9625b6107,50f4348b-c883-4e2f-8f11-ce233b859fa1,fda095cb-831d-4601-ad94-846013963de8,f92806d7-1768-443f-afe8-12bcde84d0f0,dd3a144d-ab7f-41f0-82b8-2e43a090d496,f0416e68-0200-4b77-a926-4f9d16e494da,511d2633-09a7-4bdd-ac42-f778032124b3,5d45aa00-e064-4938-b314-4265f0c2258c,9361fd90-ba52-4f84-aa93-6e878fd576ca,970b0598-bcb0-4714-91fb-2e81440dccd8,bcd64cc6-2dd9-43f6-abbe-66318d332032,d930590d-bb92-4cc8-8bd1-23cd027f9edf,a3cd009f-0ab0-420d-9278-b9fdab939bbc,6a2d0734-bd9e-4ddf-946e-caa52498cb75,d1346436-ac96-4271-b863-1f4fdead95b0,971bdb23-3ff6-43eb-b422-1c30165a3663,17debcc3-0a6b-4b8a-b00b-dc58b885581e,711ebe11-f673-4cd9-9a83-63c60ba54c5b,c0143906-9aed-447e-9436-2ae8512d1b6e,14da1725-c4c2-42b4-ab08-ee0aeb6898b3,081cab31-dccd-428e-8652-f2404cc81c47,78e0584a-4343-4727-8f37-e14e65c2a2db,ba21476f-2866-4f81-9c4d-6e359316e448,871c3b6c-7379-419d-bda3-794b239ab90d,ff9b0199-ce04-4cfe-86cc-6c719f08d6e4,de1c2107-70c8-4021-8459-6399f24d01c6,cbf30902-517f-40dc-af90-a550bac27cf1,5c601d96-e4c7-4698-991b-7ee674b11079
2026-7-2 16:01:04-debug:   Number of all scenes: 5
2026-7-2 16:01:04-debug:   Number of all scripts: 109
2026-7-2 16:01:04-debug: Init bundle root assets success..., progress: 0%
2026-7-2 16:01:04-debug:   Number of other assets: 1152
2026-7-2 16:01:04-debug: // ---- build task 查询 Asset Bundle ---- (13ms)
2026-7-2 16:01:04-log: run build task 查询 Asset Bundle success in 13 ms√, progress: 5%
2026-7-2 16:01:04-debug: 查询 Asset Bundle start, progress: 5%
2026-7-2 16:01:04-debug: [Build Memory track]: 查询 Asset Bundle start:266.29MB, end 266.13MB, increase: -173.90KB
2026-7-2 16:01:04-debug: // ---- build task 查询 Asset Bundle ----
2026-7-2 16:01:04-debug: // ---- build task 查询 Asset Bundle ---- (5ms)
2026-7-2 16:01:04-log: run build task 查询 Asset Bundle success in 5 ms√, progress: 10%
2026-7-2 16:01:04-debug: // ---- build task 整理部分构建选项内数据到 settings.json ----
2026-7-2 16:01:04-debug: [Build Memory track]: 查询 Asset Bundle start:266.17MB, end 266.40MB, increase: 237.40KB
2026-7-2 16:01:04-debug: 整理部分构建选项内数据到 settings.json start, progress: 10%
2026-7-2 16:01:04-debug: // ---- build task 整理部分构建选项内数据到 settings.json ---- (4ms)
2026-7-2 16:01:04-log: run build task 整理部分构建选项内数据到 settings.json success in 4 ms√, progress: 12%
2026-7-2 16:01:04-debug: [Build Memory track]: 整理部分构建选项内数据到 settings.json start:266.46MB, end 266.49MB, increase: 38.13KB
2026-7-2 16:01:04-debug: // ---- build task 填充脚本数据到 settings.json ----
2026-7-2 16:01:04-debug: 填充脚本数据到 settings.json start, progress: 12%
2026-7-2 16:01:04-debug: // ---- build task 填充脚本数据到 settings.json ---- (3ms)
2026-7-2 16:01:04-log: run build task 填充脚本数据到 settings.json success in 3 ms√, progress: 13%
2026-7-2 16:01:04-debug: 整理部分构建选项内数据到 settings.json start, progress: 13%
2026-7-2 16:01:04-debug: // ---- build task 整理部分构建选项内数据到 settings.json ----
2026-7-2 16:01:04-debug: [Build Memory track]: 填充脚本数据到 settings.json start:266.54MB, end 266.57MB, increase: 36.60KB
2026-7-2 16:01:04-log: run build task 整理部分构建选项内数据到 settings.json success in 7 ms√, progress: 15%
2026-7-2 16:01:04-debug: [Build Memory track]: 整理部分构建选项内数据到 settings.json start:266.62MB, end 265.96MB, increase: -677.50KB
2026-7-2 16:01:04-debug: // ---- build task 整理部分构建选项内数据到 settings.json ---- (7ms)
2026-7-2 16:01:36-debug: refresh db internal success
2026-7-2 16:01:36-debug: refresh db assets success
2026-7-2 16:01:36-debug: refresh db super-packager success
2026-7-2 16:01:36-debug: Run asset db hook engine-extends:afterRefresh ...
2026-7-2 16:01:36-debug: Run asset db hook engine-extends:afterRefresh success!
2026-7-2 16:01:36-debug: asset-db:refresh-all-database (249ms)
2026-7-2 16:01:36-debug: asset-db:worker-effect-data-processing (2ms)
2026-7-2 16:01:36-debug: asset-db-hook-engine-extends-afterRefresh (2ms)
2026-7-2 16:01:44-debug: %cImport%c: D:\工程项目\PlayableAD\Cocos\TheW\20260615_HYQ\HYQ_Project\assets\Scene\Game_3D-002.scenebackground: #aaff85; color: #000;color: #000;
2026-7-2 16:01:44-debug: asset-db:reimport-assetb5805d3a-3b80-4a12-adf5-588e63a7d886 (28ms)
2026-7-2 16:01:45-debug: Query all assets info in project
2026-7-2 16:01:45-debug: init custom config: keepNodeUuid: false, useCache: true
2026-7-2 16:01:45-debug: Skip compress image, progress: 0%
2026-7-2 16:01:45-debug: Init all bundles start..., progress: 0%
2026-7-2 16:01:45-debug: // ---- build task 查询 Asset Bundle ----
2026-7-2 16:01:45-debug: Init bundle root assets start..., progress: 0%
2026-7-2 16:01:45-debug: 查询 Asset Bundle start, progress: 0%
2026-7-2 16:01:45-debug: Num of bundles: 3..., progress: 0%
2026-7-2 16:01:45-debug: Query preload assets/scripts from cc.config.json: 60f7195c-ec2a-45eb-ba94-8955f60e81d0,1c02ae6f-4492-4915-b8f8-7492a3b1e4cd,810e96e4-e456-4468-9b59-f4e8f39732c0,efe8e2a3-eace-427b-b4f1-cb8a937ec77d,e9aa9a3e-5b2b-4ac7-a2c7-073de2b2b24f,8bbdbcdd-5cd4-4100-b6d5-b7c9625b6107,50f4348b-c883-4e2f-8f11-ce233b859fa1,fda095cb-831d-4601-ad94-846013963de8,f92806d7-1768-443f-afe8-12bcde84d0f0,dd3a144d-ab7f-41f0-82b8-2e43a090d496,f0416e68-0200-4b77-a926-4f9d16e494da,511d2633-09a7-4bdd-ac42-f778032124b3,5d45aa00-e064-4938-b314-4265f0c2258c,9361fd90-ba52-4f84-aa93-6e878fd576ca,970b0598-bcb0-4714-91fb-2e81440dccd8,bcd64cc6-2dd9-43f6-abbe-66318d332032,d930590d-bb92-4cc8-8bd1-23cd027f9edf,a3cd009f-0ab0-420d-9278-b9fdab939bbc,6a2d0734-bd9e-4ddf-946e-caa52498cb75,d1346436-ac96-4271-b863-1f4fdead95b0,971bdb23-3ff6-43eb-b422-1c30165a3663,17debcc3-0a6b-4b8a-b00b-dc58b885581e,711ebe11-f673-4cd9-9a83-63c60ba54c5b,c0143906-9aed-447e-9436-2ae8512d1b6e,14da1725-c4c2-42b4-ab08-ee0aeb6898b3,081cab31-dccd-428e-8652-f2404cc81c47,78e0584a-4343-4727-8f37-e14e65c2a2db,ba21476f-2866-4f81-9c4d-6e359316e448,871c3b6c-7379-419d-bda3-794b239ab90d,ff9b0199-ce04-4cfe-86cc-6c719f08d6e4,de1c2107-70c8-4021-8459-6399f24d01c6,cbf30902-517f-40dc-af90-a550bac27cf1,5c601d96-e4c7-4698-991b-7ee674b11079
2026-7-2 16:01:45-debug:   Number of all scenes: 5
2026-7-2 16:01:45-debug:   Number of all scripts: 109
2026-7-2 16:01:45-debug:   Number of other assets: 1152
2026-7-2 16:01:45-debug: Init bundle root assets success..., progress: 0%
2026-7-2 16:01:45-debug: // ---- build task 查询 Asset Bundle ---- (10ms)
2026-7-2 16:01:45-log: run build task 查询 Asset Bundle success in 10 ms√, progress: 5%
2026-7-2 16:01:45-debug: [Build Memory track]: 查询 Asset Bundle start:246.43MB, end 246.08MB, increase: -358.34KB
2026-7-2 16:01:45-debug: // ---- build task 查询 Asset Bundle ----
2026-7-2 16:01:45-debug: 查询 Asset Bundle start, progress: 5%
2026-7-2 16:01:45-debug: // ---- build task 查询 Asset Bundle ---- (5ms)
2026-7-2 16:01:45-log: run build task 查询 Asset Bundle success in 5 ms√, progress: 10%
2026-7-2 16:01:45-debug: // ---- build task 整理部分构建选项内数据到 settings.json ----
2026-7-2 16:01:45-debug: [Build Memory track]: 查询 Asset Bundle start:246.12MB, end 245.46MB, increase: -679.98KB
2026-7-2 16:01:45-debug: 整理部分构建选项内数据到 settings.json start, progress: 10%
2026-7-2 16:01:45-debug: // ---- build task 整理部分构建选项内数据到 settings.json ---- (2ms)
2026-7-2 16:01:45-log: run build task 整理部分构建选项内数据到 settings.json success in 2 ms√, progress: 12%
2026-7-2 16:01:45-debug: // ---- build task 填充脚本数据到 settings.json ----
2026-7-2 16:01:45-debug: [Build Memory track]: 整理部分构建选项内数据到 settings.json start:245.50MB, end 245.54MB, increase: 36.40KB
2026-7-2 16:01:45-debug: 填充脚本数据到 settings.json start, progress: 12%
2026-7-2 16:01:45-debug: // ---- build task 填充脚本数据到 settings.json ---- (1ms)
2026-7-2 16:01:45-log: run build task 填充脚本数据到 settings.json success in 1 ms√, progress: 13%
2026-7-2 16:01:45-debug: // ---- build task 整理部分构建选项内数据到 settings.json ----
2026-7-2 16:01:45-debug: [Build Memory track]: 填充脚本数据到 settings.json start:245.60MB, end 245.62MB, increase: 21.84KB
2026-7-2 16:01:45-debug: 整理部分构建选项内数据到 settings.json start, progress: 13%
2026-7-2 16:01:45-debug: // ---- build task 整理部分构建选项内数据到 settings.json ---- (6ms)
2026-7-2 16:01:45-log: run build task 整理部分构建选项内数据到 settings.json success in 6 ms√, progress: 15%
2026-7-2 16:01:45-debug: [Build Memory track]: 整理部分构建选项内数据到 settings.json start:245.67MB, end 245.74MB, increase: 77.16KB
2026-7-2 16:02:12-debug: refresh db internal success
2026-7-2 16:02:12-debug: refresh db assets success
2026-7-2 16:02:12-debug: refresh db super-packager success
2026-7-2 16:02:12-debug: Run asset db hook engine-extends:afterRefresh ...
2026-7-2 16:02:12-debug: Run asset db hook engine-extends:afterRefresh success!
2026-7-2 16:02:12-debug: asset-db:refresh-all-database (187ms)
2026-7-2 16:02:12-debug: asset-db:worker-effect-data-processing (3ms)
2026-7-2 16:02:12-debug: asset-db-hook-engine-extends-afterRefresh (3ms)
2026-7-2 16:02:14-debug: %cImport%c: D:\工程项目\PlayableAD\Cocos\TheW\20260615_HYQ\HYQ_Project\assets\Scene\Game_3D-002.scenebackground: #aaff85; color: #000;color: #000;
2026-7-2 16:02:14-debug: asset-db:reimport-assetb5805d3a-3b80-4a12-adf5-588e63a7d886 (49ms)
2026-7-2 16:02:15-debug: Query all assets info in project
2026-7-2 16:02:15-debug: init custom config: keepNodeUuid: false, useCache: true
2026-7-2 16:02:15-debug: Skip compress image, progress: 0%
2026-7-2 16:02:15-debug: Init all bundles start..., progress: 0%
2026-7-2 16:02:15-debug: // ---- build task 查询 Asset Bundle ----
2026-7-2 16:02:15-debug: 查询 Asset Bundle start, progress: 0%
2026-7-2 16:02:15-debug: Init bundle root assets start..., progress: 0%
2026-7-2 16:02:15-debug: Num of bundles: 3..., progress: 0%
2026-7-2 16:02:15-debug: Query preload assets/scripts from cc.config.json: 60f7195c-ec2a-45eb-ba94-8955f60e81d0,1c02ae6f-4492-4915-b8f8-7492a3b1e4cd,810e96e4-e456-4468-9b59-f4e8f39732c0,efe8e2a3-eace-427b-b4f1-cb8a937ec77d,e9aa9a3e-5b2b-4ac7-a2c7-073de2b2b24f,8bbdbcdd-5cd4-4100-b6d5-b7c9625b6107,50f4348b-c883-4e2f-8f11-ce233b859fa1,fda095cb-831d-4601-ad94-846013963de8,f92806d7-1768-443f-afe8-12bcde84d0f0,dd3a144d-ab7f-41f0-82b8-2e43a090d496,f0416e68-0200-4b77-a926-4f9d16e494da,511d2633-09a7-4bdd-ac42-f778032124b3,5d45aa00-e064-4938-b314-4265f0c2258c,9361fd90-ba52-4f84-aa93-6e878fd576ca,970b0598-bcb0-4714-91fb-2e81440dccd8,bcd64cc6-2dd9-43f6-abbe-66318d332032,d930590d-bb92-4cc8-8bd1-23cd027f9edf,a3cd009f-0ab0-420d-9278-b9fdab939bbc,6a2d0734-bd9e-4ddf-946e-caa52498cb75,d1346436-ac96-4271-b863-1f4fdead95b0,971bdb23-3ff6-43eb-b422-1c30165a3663,17debcc3-0a6b-4b8a-b00b-dc58b885581e,711ebe11-f673-4cd9-9a83-63c60ba54c5b,c0143906-9aed-447e-9436-2ae8512d1b6e,14da1725-c4c2-42b4-ab08-ee0aeb6898b3,081cab31-dccd-428e-8652-f2404cc81c47,78e0584a-4343-4727-8f37-e14e65c2a2db,ba21476f-2866-4f81-9c4d-6e359316e448,871c3b6c-7379-419d-bda3-794b239ab90d,ff9b0199-ce04-4cfe-86cc-6c719f08d6e4,de1c2107-70c8-4021-8459-6399f24d01c6,cbf30902-517f-40dc-af90-a550bac27cf1,5c601d96-e4c7-4698-991b-7ee674b11079
2026-7-2 16:02:15-debug:   Number of other assets: 1152
2026-7-2 16:02:15-debug: Init bundle root assets success..., progress: 0%
2026-7-2 16:02:15-debug:   Number of all scenes: 5
2026-7-2 16:02:15-debug:   Number of all scripts: 109
2026-7-2 16:02:15-debug: // ---- build task 查询 Asset Bundle ---- (9ms)
2026-7-2 16:02:15-log: run build task 查询 Asset Bundle success in 9 ms√, progress: 5%
2026-7-2 16:02:15-debug: // ---- build task 查询 Asset Bundle ----
2026-7-2 16:02:15-debug: 查询 Asset Bundle start, progress: 5%
2026-7-2 16:02:15-debug: [Build Memory track]: 查询 Asset Bundle start:252.41MB, end 249.51MB, increase: -2970.89KB
2026-7-2 16:02:15-debug: // ---- build task 查询 Asset Bundle ---- (6ms)
2026-7-2 16:02:15-log: run build task 查询 Asset Bundle success in 6 ms√, progress: 10%
2026-7-2 16:02:15-debug: // ---- build task 整理部分构建选项内数据到 settings.json ----
2026-7-2 16:02:15-debug: [Build Memory track]: 查询 Asset Bundle start:249.55MB, end 249.80MB, increase: 247.80KB
2026-7-2 16:02:15-debug: 整理部分构建选项内数据到 settings.json start, progress: 10%
2026-7-2 16:02:15-debug: // ---- build task 整理部分构建选项内数据到 settings.json ---- (2ms)
2026-7-2 16:02:15-log: run build task 整理部分构建选项内数据到 settings.json success in 2 ms√, progress: 12%
2026-7-2 16:02:15-debug: // ---- build task 填充脚本数据到 settings.json ----
2026-7-2 16:02:15-debug: [Build Memory track]: 整理部分构建选项内数据到 settings.json start:249.84MB, end 249.88MB, increase: 36.57KB
2026-7-2 16:02:15-debug: 填充脚本数据到 settings.json start, progress: 12%
2026-7-2 16:02:15-debug: // ---- build task 填充脚本数据到 settings.json ---- (2ms)
2026-7-2 16:02:15-log: run build task 填充脚本数据到 settings.json success in 2 ms√, progress: 13%
2026-7-2 16:02:15-debug: // ---- build task 整理部分构建选项内数据到 settings.json ----
2026-7-2 16:02:15-debug: [Build Memory track]: 填充脚本数据到 settings.json start:249.92MB, end 249.96MB, increase: 35.91KB
2026-7-2 16:02:15-debug: 整理部分构建选项内数据到 settings.json start, progress: 13%
2026-7-2 16:02:15-debug: // ---- build task 整理部分构建选项内数据到 settings.json ---- (7ms)
2026-7-2 16:02:15-log: run build task 整理部分构建选项内数据到 settings.json success in 7 ms√, progress: 15%
2026-7-2 16:02:15-debug: [Build Memory track]: 整理部分构建选项内数据到 settings.json start:250.01MB, end 250.07MB, increase: 65.36KB
2026-7-2 16:02:38-debug: Start record console... {file(D:\工程项目\PlayableAD\Cocos\TheW\20260615_HYQ\HYQ_Project\temp\builder\log\web-mobile2026-6-30 10-27.log)}
2026-7-2 16:02:38-debug: =================================== build Task (web-mobile) Start ================================
2026-7-2 16:02:38-debug: Start build task, options:{"name":"HYQ","server":"","engineModulesConfigKey":"defaultConfig","platform":"web-mobile","buildPath":"project://build","debug":false,"buildMode":"normal","mangleProperties":false,"md5Cache":false,"skipCompressTexture":false,"sourceMaps":false,"overwriteProjectSettings":{"includeModules":{"gfx-webgl2":"on","physics":"inherit-project-setting","physics-2d":"inherit-project-setting"},"macroConfig":{"cleanupImageCache":"inherit-project-setting"}},"nativeCodeBundleMode":"asmjs","polyfills":{"asyncFunctions":true},"experimentalEraseModules":false,"startSceneAssetBundle":false,"bundleConfigs":[],"inlineEnum":true,"useBuiltinServer":false,"md5CacheOptions":{"excludes":[],"includes":[],"replaceOnly":[],"handleTemplateMd5Link":true},"mainBundleIsRemote":false,"mainBundleCompressionType":"merge_dep","useSplashScreen":true,"bundleCommonChunk":false,"packAutoAtlas":true,"startScene":"b5805d3a-3b80-4a12-adf5-588e63a7d886","outputName":"web-mobile","taskName":"web-mobile","scenes":[{"url":"db://assets/Scene/Game_3D-002.scene","uuid":"b5805d3a-3b80-4a12-adf5-588e63a7d886"}],"wasmCompressionMode":false,"binGroupConfig":{"threshold":16,"enable":false},"packages":{"adsense-h5g-plugin":{"enableAdsense":false,"enableTestAd":false,"__version__":"1.0.1","AFPHostPropertyCode":"ca-host-pub-5396158963872751","AFPHostDomain":"douyougame.com","otherAFPHostPropertyCode":"","otherAFPDomain":""},"web-mobile":{"useWebGPU":false,"orientation":"auto","embedWebDebugger":false,"__version__":"1.0.1"},"cocos-service":{"configID":"56841a","services":[],"__version__":"3.0.9"},"super-packager":{"googlePlayUrl":"","appStoreUrl":"","__version__":"2.7.0"}},"__version__":"1.3.9","logDest":"project://temp/builder/log/web-mobile2026-6-30 10-27.log"}
2026-7-2 16:02:38-debug: Build with Cocos Creator 3.8.7
2026-7-2 16:02:38-debug: cocos-service:(onBeforeBuild) start..., progress: 0%
2026-7-2 16:02:38-debug: // ---- build task cocos-service：onBeforeBuild ----
2026-7-2 16:02:38-debug: // ---- build task cocos-service：onBeforeBuild ---- (122ms)
2026-7-2 16:02:38-debug: cocos-service:(onBeforeBuild) in 122 ms ✓, progress: 2%
2026-7-2 16:02:38-debug: scene:(onBeforeBuild) start..., progress: 2%
2026-7-2 16:02:38-debug: // ---- build task scene：onBeforeBuild ----
2026-7-2 16:02:38-debug: // ---- build task scene：onBeforeBuild ---- (32ms)
2026-7-2 16:02:38-debug: super-packager:(onBeforeBuild) start..., progress: 4%
2026-7-2 16:02:38-log: [SUPER_PACKAGE]onBeforeBuild
2026-7-2 16:02:38-log: [SUPER_PACKAGE]商店链接配置:{"googlePlayUrl":"","appStoreUrl":""}
2026-7-2 16:02:38-debug: // ---- build task super-packager：onBeforeBuild ----
2026-7-2 16:02:38-debug: scene:(onBeforeBuild) in 32 ms ✓, progress: 4%
2026-7-2 16:02:38-log: [SUPER_PACKAGE]商店链接已同步到文件
2026-7-2 16:02:38-debug: // ---- build task super-packager：onBeforeBuild ---- (85ms)
2026-7-2 16:02:38-debug: super-packager:(onBeforeBuild) in 85 ms ✓, progress: 5%
2026-7-2 16:02:38-debug: Query all assets info in project
2026-7-2 16:02:38-debug: Start lock asset db..., progress: 5%
2026-7-2 16:02:38-log: Asset DB is paused with build!
2026-7-2 16:02:39-debug: init custom config: keepNodeUuid: false, useCache: true
2026-7-2 16:02:39-debug: web-mobile:(onAfterInit) start..., progress: 5%
2026-7-2 16:02:39-debug: // ---- build task web-mobile：onAfterInit ----
2026-7-2 16:02:39-debug: // ---- build task web-mobile：onAfterInit ---- (30ms)
2026-7-2 16:02:39-debug: cocos-service:(onAfterInit) start..., progress: 7%
2026-7-2 16:02:39-debug: web-mobile:(onAfterInit) in 30 ms ✓, progress: 7%
2026-7-2 16:02:39-debug: // ---- build task cocos-service：onAfterInit ----
2026-7-2 16:02:39-debug: // ---- build task cocos-service：onAfterInit ---- (130ms)
2026-7-2 16:02:39-debug: Skip compress image, progress: 0%
2026-7-2 16:02:39-debug: cocos-service:(onAfterInit) in 130 ms ✓, progress: 9%
2026-7-2 16:02:39-debug: adsense-h5g-plugin:(onBeforeBundleInit) start..., progress: 9%
2026-7-2 16:02:39-debug: adsense-h5g-plugin:(onBeforeBundleInit) start..., progress: 0%
2026-7-2 16:02:39-debug: // ---- build task adsense-h5g-plugin：onBeforeBundleInit ----
2026-7-2 16:02:39-debug: [adsense-h5g-plugin] remove script success
2026-7-2 16:02:39-debug: // ---- build task adsense-h5g-plugin：onBeforeBundleInit ---- (53ms)
2026-7-2 16:02:39-debug: adsense-h5g-plugin:(onBeforeBundleInit) in 53 ms ✓, progress: 9%
2026-7-2 16:02:39-debug: adsense-h5g-plugin:(onBeforeBundleInit) in 53 ms ✓, progress: 7%
2026-7-2 16:02:39-debug: Init all bundles start..., progress: 9%
2026-7-2 16:02:39-debug: Num of bundles: 3..., progress: 9%
2026-7-2 16:02:39-debug: Init all bundles start..., progress: 7%
2026-7-2 16:02:39-debug: web-mobile:(onAfterBundleInit) start..., progress: 9%
2026-7-2 16:02:39-debug: // ---- build task web-mobile：onAfterBundleInit ----
2026-7-2 16:02:39-debug: web-mobile:(onAfterBundleInit) start..., progress: 7%
2026-7-2 16:02:39-debug: Num of bundles: 3..., progress: 7%
2026-7-2 16:02:39-debug: // ---- build task web-mobile：onAfterBundleInit ---- (82ms)
2026-7-2 16:02:39-debug: web-mobile:(onAfterBundleInit) in 82 ms ✓, progress: 9%
2026-7-2 16:02:39-debug: web-mobile:(onAfterBundleInit) in 82 ms ✓, progress: 13%
2026-7-2 16:02:39-debug: // ---- build task 查询 Asset Bundle ----
2026-7-2 16:02:39-debug: Init bundle root assets start..., progress: 9%
2026-7-2 16:02:39-debug: Init bundle root assets start..., progress: 13%
2026-7-2 16:02:39-debug: 查询 Asset Bundle start, progress: 9%
2026-7-2 16:02:39-debug: Query preload assets/scripts from cc.config.json: 60f7195c-ec2a-45eb-ba94-8955f60e81d0,1c02ae6f-4492-4915-b8f8-7492a3b1e4cd,810e96e4-e456-4468-9b59-f4e8f39732c0,efe8e2a3-eace-427b-b4f1-cb8a937ec77d,e9aa9a3e-5b2b-4ac7-a2c7-073de2b2b24f,8bbdbcdd-5cd4-4100-b6d5-b7c9625b6107,50f4348b-c883-4e2f-8f11-ce233b859fa1,fda095cb-831d-4601-ad94-846013963de8,f92806d7-1768-443f-afe8-12bcde84d0f0,dd3a144d-ab7f-41f0-82b8-2e43a090d496,f0416e68-0200-4b77-a926-4f9d16e494da,511d2633-09a7-4bdd-ac42-f778032124b3,5d45aa00-e064-4938-b314-4265f0c2258c,9361fd90-ba52-4f84-aa93-6e878fd576ca,970b0598-bcb0-4714-91fb-2e81440dccd8,bcd64cc6-2dd9-43f6-abbe-66318d332032,d930590d-bb92-4cc8-8bd1-23cd027f9edf,a3cd009f-0ab0-420d-9278-b9fdab939bbc,6a2d0734-bd9e-4ddf-946e-caa52498cb75,d1346436-ac96-4271-b863-1f4fdead95b0,971bdb23-3ff6-43eb-b422-1c30165a3663,17debcc3-0a6b-4b8a-b00b-dc58b885581e,711ebe11-f673-4cd9-9a83-63c60ba54c5b,c0143906-9aed-447e-9436-2ae8512d1b6e,14da1725-c4c2-42b4-ab08-ee0aeb6898b3,081cab31-dccd-428e-8652-f2404cc81c47,78e0584a-4343-4727-8f37-e14e65c2a2db,ba21476f-2866-4f81-9c4d-6e359316e448,871c3b6c-7379-419d-bda3-794b239ab90d,ff9b0199-ce04-4cfe-86cc-6c719f08d6e4,de1c2107-70c8-4021-8459-6399f24d01c6,cbf30902-517f-40dc-af90-a550bac27cf1,5c601d96-e4c7-4698-991b-7ee674b11079
2026-7-2 16:02:39-debug:   Number of all scenes: 5
2026-7-2 16:02:39-debug:   Number of all scripts: 109
2026-7-2 16:02:39-debug: Init bundle root assets success..., progress: 9%
2026-7-2 16:02:39-debug: Init bundle root assets success..., progress: 13%
2026-7-2 16:02:39-log: creating executor ...
2026-7-2 16:02:39-debug:   Number of other assets: 1152
2026-7-2 16:02:39-debug: reload all scripts.
2026-7-2 16:02:39-debug: [[Executor]] reload before lock
2026-7-2 16:02:39-debug: Set detail map pack:///resolution-detail-map.json: {}
2026-7-2 16:02:39-debug: D:\工程项目\PlayableAD\Cocos\TheW\20260615_HYQ\HYQ_Project\temp\programming\packer-driver\targets\editor\chunks\93\93ba276ea7b26ffcdc433fab14afc1ed6f05647b.js resolved to D:\工程项目\PlayableAD\Cocos\TheW\20260615_HYQ\HYQ_Project\temp\programming\packer-driver\targets\editor\chunks\93\93ba276ea7b26ffcdc433fab14afc1ed6f05647b.js is not in module cache!
2026-7-2 16:02:39-debug: [[Executor]] Module "cce:/internal/x/cc-fu/gfx-webgl" loaded.
2026-7-2 16:02:39-debug: [[Executor]] Module "cce:/internal/x/cc-fu/gfx-webgl2" loaded.
2026-7-2 16:02:39-debug: [[Executor]] Module "cce:/internal/x/cc-fu/gfx-webgpu" loaded.
2026-7-2 16:02:39-debug: [[Executor]] Module "cce:/internal/x/cc-fu/gfx-empty" loaded.
2026-7-2 16:02:39-debug: [[Executor]] Module "cce:/internal/x/cc-fu/3d" loaded.
2026-7-2 16:02:39-debug: [[Executor]] Module "cce:/internal/x/cc-fu/base" loaded.
2026-7-2 16:02:39-debug: [[Executor]] Module "cce:/internal/x/cc-fu/animation" loaded.
2026-7-2 16:02:39-debug: [[Executor]] Module "cce:/internal/x/cc-fu/skeletal-animation" loaded.
2026-7-2 16:02:39-debug: [[Executor]] Module "cce:/internal/x/cc-fu/sorting" loaded.
2026-7-2 16:02:39-debug: [[Executor]] Module "cce:/internal/x/cc-fu/2d" loaded.
2026-7-2 16:02:39-debug: [[Executor]] Module "cce:/internal/x/cc-fu/rich-text" loaded.
2026-7-2 16:02:39-debug: [[Executor]] Module "cce:/internal/x/cc-fu/mask" loaded.
2026-7-2 16:02:39-debug: [[Executor]] Module "cce:/internal/x/cc-fu/graphics" loaded.
2026-7-2 16:02:39-debug: [[Executor]] Module "cce:/internal/x/cc-fu/ui-skew" loaded.
2026-7-2 16:02:39-debug: [[Executor]] Module "cce:/internal/x/cc-fu/affine-transform" loaded.
2026-7-2 16:02:39-debug: [[Executor]] Module "cce:/internal/x/cc-fu/ui" loaded.
2026-7-2 16:02:39-debug: [[Executor]] Module "cce:/internal/x/cc-fu/particle" loaded.
2026-7-2 16:02:39-debug: [[Executor]] Module "cce:/internal/x/cc-fu/sorting-2d" loaded.
2026-7-2 16:02:39-debug: [[Executor]] Module "cce:/internal/x/cc-fu/particle-2d" loaded.
2026-7-2 16:02:39-debug: [[Executor]] Module "cce:/internal/x/cc-fu/physics-framework" loaded.
2026-7-2 16:02:39-debug: [[Executor]] Module "cce:/internal/x/cc-fu/physics-physx" loaded.
2026-7-2 16:02:39-debug: [[Executor]] Module "cce:/internal/x/cc-fu/physics-cannon" loaded.
2026-7-2 16:02:39-debug: [[Executor]] Module "cce:/internal/x/cc-fu/physics-builtin" loaded.
2026-7-2 16:02:39-debug: [[Executor]] Module "cce:/internal/x/cc-fu/physics-2d-framework" loaded.
2026-7-2 16:02:39-debug: [[Executor]] Module "cce:/internal/x/cc-fu/physics-ammo" loaded.
2026-7-2 16:02:39-debug: [[Executor]] Module "cce:/internal/x/cc-fu/physics-2d-box2d-jsb" loaded.
2026-7-2 16:02:39-debug: [[Executor]] Module "cce:/internal/x/cc-fu/physics-2d-box2d" loaded.
2026-7-2 16:02:39-debug: [[Executor]] Module "cce:/internal/x/cc-fu/physics-2d-builtin" loaded.
2026-7-2 16:02:39-debug: [[Executor]] Module "cce:/internal/x/cc-fu/physics-2d-box2d-wasm" loaded.
2026-7-2 16:02:39-debug: [[Executor]] Module "cce:/internal/x/cc-fu/profiler" loaded.
2026-7-2 16:02:39-debug: [[Executor]] Module "cce:/internal/x/cc-fu/intersection-2d" loaded.
2026-7-2 16:02:39-debug: [[Executor]] Module "cce:/internal/x/cc-fu/geometry-renderer" loaded.
2026-7-2 16:02:39-debug: [[Executor]] Module "cce:/internal/x/cc-fu/audio" loaded.
2026-7-2 16:02:39-debug: [[Executor]] Module "cce:/internal/x/cc-fu/primitive" loaded.
2026-7-2 16:02:39-debug: [[Executor]] Module "cce:/internal/x/cc-fu/video" loaded.
2026-7-2 16:02:39-debug: [[Executor]] Module "cce:/internal/x/cc-fu/light-probe" loaded.
2026-7-2 16:02:39-debug: [[Executor]] Module "cce:/internal/x/cc-fu/terrain" loaded.
2026-7-2 16:02:39-debug: [[Executor]] Module "cce:/internal/x/cc-fu/tween" loaded.
2026-7-2 16:02:39-debug: [[Executor]] Module "cce:/internal/x/cc-fu/webview" loaded.
2026-7-2 16:02:39-debug: [[Executor]] Module "cce:/internal/x/cc-fu/tiled-map" loaded.
2026-7-2 16:02:39-debug: [[Executor]] Module "cce:/internal/x/cc-fu/vendor-google" loaded.
2026-7-2 16:02:39-debug: [[Executor]] Module "cce:/internal/x/cc-fu/dragon-bones" loaded.
2026-7-2 16:02:39-debug: [[Executor]] Module "cce:/internal/x/cc-fu/xr" loaded.
2026-7-2 16:02:39-debug: [[Executor]] Module "cce:/internal/x/cc-fu/spine" loaded.
2026-7-2 16:02:39-debug: [[Executor]] Module "cce:/internal/x/cc-fu/custom-pipeline" loaded.
2026-7-2 16:02:39-debug: [[Executor]] Module "cce:/internal/x/cc-fu/legacy-pipeline" loaded.
2026-7-2 16:02:39-debug: [[Executor]] Module "cce:/internal/x/cc-fu/custom-pipeline-post-process" loaded.
2026-7-2 16:02:39-debug: [[Executor]] Module "cce:/internal/x/cc-fu/gfx-webgl" loaded.
2026-7-2 16:02:39-debug: [[Executor]] Module "cce:/internal/x/cc-fu/base" loaded.
2026-7-2 16:02:39-debug: [[Executor]] Module "cce:/internal/x/cc-fu/gfx-empty" loaded.
2026-7-2 16:02:39-debug: [[Executor]] Module "cce:/internal/x/cc-fu/gfx-webgl2" loaded.
2026-7-2 16:02:39-debug: [[Executor]] Module "cce:/internal/x/cc-fu/gfx-webgpu" loaded.
2026-7-2 16:02:39-debug: [[Executor]] Module "cce:/internal/x/cc-fu/animation" loaded.
2026-7-2 16:02:39-debug: [[Executor]] Module "cce:/internal/x/cc-fu/skeletal-animation" loaded.
2026-7-2 16:02:39-debug: [[Executor]] Module "cce:/internal/x/cc-fu/2d" loaded.
2026-7-2 16:02:39-debug: [[Executor]] Module "cce:/internal/x/cc-fu/3d" loaded.
2026-7-2 16:02:39-debug: [[Executor]] Module "cce:/internal/x/cc-fu/sorting" loaded.
2026-7-2 16:02:39-debug: [[Executor]] Module "cce:/internal/x/cc-fu/rich-text" loaded.
2026-7-2 16:02:39-debug: [[Executor]] Module "cce:/internal/x/cc-fu/graphics" loaded.
2026-7-2 16:02:39-debug: [[Executor]] Module "cce:/internal/x/cc-fu/ui-skew" loaded.
2026-7-2 16:02:39-debug: [[Executor]] Module "cce:/internal/x/cc-fu/mask" loaded.
2026-7-2 16:02:39-debug: [[Executor]] Module "cce:/internal/x/cc-fu/affine-transform" loaded.
2026-7-2 16:02:39-debug: [[Executor]] Module "cce:/internal/x/cc-fu/sorting-2d" loaded.
2026-7-2 16:02:39-debug: [[Executor]] Module "cce:/internal/x/cc-fu/particle-2d" loaded.
2026-7-2 16:02:39-debug: [[Executor]] Module "cce:/internal/x/cc-fu/physics-framework" loaded.
2026-7-2 16:02:39-debug: [[Executor]] Module "cce:/internal/x/cc-fu/ui" loaded.
2026-7-2 16:02:39-debug: [[Executor]] Module "cce:/internal/x/cc-fu/particle" loaded.
2026-7-2 16:02:39-debug: [[Executor]] Module "cce:/internal/x/cc-fu/physics-physx" loaded.
2026-7-2 16:02:39-debug: [[Executor]] Module "cce:/internal/x/cc-fu/physics-ammo" loaded.
2026-7-2 16:02:39-debug: [[Executor]] Module "cce:/internal/x/cc-fu/physics-builtin" loaded.
2026-7-2 16:02:39-debug: [[Executor]] Module "cce:/internal/x/cc-fu/physics-2d-framework" loaded.
2026-7-2 16:02:39-debug: [[Executor]] Module "cce:/internal/x/cc-fu/physics-cannon" loaded.
2026-7-2 16:02:39-debug: [[Executor]] Module "cce:/internal/x/cc-fu/physics-2d-box2d" loaded.
2026-7-2 16:02:39-debug: [[Executor]] Module "cce:/internal/x/cc-fu/physics-2d-builtin" loaded.
2026-7-2 16:02:39-debug: [[Executor]] Module "cce:/internal/x/cc-fu/primitive" loaded.
2026-7-2 16:02:39-debug: [[Executor]] Module "cce:/internal/x/cc-fu/physics-2d-box2d-wasm" loaded.
2026-7-2 16:02:39-debug: [[Executor]] Module "cce:/internal/x/cc-fu/geometry-renderer" loaded.
2026-7-2 16:02:39-debug: [[Executor]] Module "cce:/internal/x/cc-fu/profiler" loaded.
2026-7-2 16:02:39-debug: [[Executor]] Module "cce:/internal/x/cc-fu/intersection-2d" loaded.
2026-7-2 16:02:39-debug: [[Executor]] Module "cce:/internal/x/cc-fu/audio" loaded.
2026-7-2 16:02:39-debug: [[Executor]] Module "cce:/internal/x/cc-fu/xr" loaded.
2026-7-2 16:02:39-debug: [[Executor]] Module "cce:/internal/x/cc-fu/video" loaded.
2026-7-2 16:02:39-debug: [[Executor]] Module "cce:/internal/x/cc-fu/light-probe" loaded.
2026-7-2 16:02:39-debug: [[Executor]] Module "cce:/internal/x/cc-fu/tween" loaded.
2026-7-2 16:02:39-debug: [[Executor]] Module "cce:/internal/x/cc-fu/tiled-map" loaded.
2026-7-2 16:02:39-debug: [[Executor]] Module "cce:/internal/x/cc-fu/spine" loaded.
2026-7-2 16:02:39-debug: [[Executor]] Module "cce:/internal/x/cc-fu/dragon-bones" loaded.
2026-7-2 16:02:39-debug: [[Executor]] Module "cce:/internal/x/cc-fu/custom-pipeline" loaded.
2026-7-2 16:02:39-debug: [[Executor]] Module "cce:/internal/x/cc-fu/custom-pipeline-post-process" loaded.
2026-7-2 16:02:39-debug: [[Executor]] Module "cce:/internal/x/cc-fu/terrain" loaded.
2026-7-2 16:02:39-debug: [[Executor]] Module "cce:/internal/x/cc-fu/legacy-pipeline" loaded.
2026-7-2 16:02:39-debug: [[Executor]] Module "cce:/internal/x/cc-fu/vendor-google" loaded.
2026-7-2 16:02:39-debug: [[Executor]] Module "cce:/internal/x/cc-fu/physics-2d-box2d-jsb" loaded.
2026-7-2 16:02:39-debug: [[Executor]] Module "pack:///chunks/93/93ba276ea7b26ffcdc433fab14afc1ed6f05647b.js" loaded.
2026-7-2 16:02:39-debug: [[Executor]] Module "pack:///chunks/93/93ba276ea7b26ffcdc433fab14afc1ed6f05647b.js" loaded.
2026-7-2 16:02:39-debug: Invalidating 'pack:///chunks/93/93ba276ea7b26ffcdc433fab14afc1ed6f05647b.js'
2026-7-2 16:02:39-debug: [[Executor]] Module "cce:/internal/x/cc-fu/webview" loaded.
2026-7-2 16:02:39-debug: D:\工程项目\PlayableAD\Cocos\TheW\20260615_HYQ\HYQ_Project\temp\programming\packer-driver\targets\editor\chunks\6d\6d8fd2b0177941b032ddc0733af48a561fb60657.js resolved to D:\工程项目\PlayableAD\Cocos\TheW\20260615_HYQ\HYQ_Project\temp\programming\packer-driver\targets\editor\chunks\6d\6d8fd2b0177941b032ddc0733af48a561fb60657.js is not in module cache!
2026-7-2 16:02:39-debug: [[Executor]] Module "pack:///chunks/6d/6d8fd2b0177941b032ddc0733af48a561fb60657.js" loaded.
2026-7-2 16:02:39-debug: D:\工程项目\PlayableAD\Cocos\TheW\20260615_HYQ\HYQ_Project\temp\programming\packer-driver\targets\editor\chunks\f2\f22794b1c95bc92b6e994a97e9b193af020adc12.js resolved to D:\工程项目\PlayableAD\Cocos\TheW\20260615_HYQ\HYQ_Project\temp\programming\packer-driver\targets\editor\chunks\f2\f22794b1c95bc92b6e994a97e9b193af020adc12.js is not in module cache!
2026-7-2 16:02:39-debug: D:\工程项目\PlayableAD\Cocos\TheW\20260615_HYQ\HYQ_Project\temp\programming\packer-driver\targets\editor\chunks\c9\c9d891290a54ec567f150962e76c6bf9cdf47b3b.js resolved to D:\工程项目\PlayableAD\Cocos\TheW\20260615_HYQ\HYQ_Project\temp\programming\packer-driver\targets\editor\chunks\c9\c9d891290a54ec567f150962e76c6bf9cdf47b3b.js is not in module cache!
2026-7-2 16:02:39-debug: D:\工程项目\PlayableAD\Cocos\TheW\20260615_HYQ\HYQ_Project\temp\programming\packer-driver\targets\editor\chunks\d9\d980f46bad1521f99cf9b02f6f4709610973859b.js resolved to D:\工程项目\PlayableAD\Cocos\TheW\20260615_HYQ\HYQ_Project\temp\programming\packer-driver\targets\editor\chunks\d9\d980f46bad1521f99cf9b02f6f4709610973859b.js is not in module cache!
2026-7-2 16:02:39-debug: D:\工程项目\PlayableAD\Cocos\TheW\20260615_HYQ\HYQ_Project\temp\programming\packer-driver\targets\editor\chunks\04\04f62969dc20e2c08fceeca28e5f160f93c57d48.js resolved to D:\工程项目\PlayableAD\Cocos\TheW\20260615_HYQ\HYQ_Project\temp\programming\packer-driver\targets\editor\chunks\04\04f62969dc20e2c08fceeca28e5f160f93c57d48.js is not in module cache!
2026-7-2 16:02:39-debug: D:\工程项目\PlayableAD\Cocos\TheW\20260615_HYQ\HYQ_Project\temp\programming\packer-driver\targets\editor\chunks\6a\6a5019a719a9014c047e67aa1cf34453ab8392ce.js resolved to D:\工程项目\PlayableAD\Cocos\TheW\20260615_HYQ\HYQ_Project\temp\programming\packer-driver\targets\editor\chunks\6a\6a5019a719a9014c047e67aa1cf34453ab8392ce.js is not in module cache!
2026-7-2 16:02:39-debug: D:\工程项目\PlayableAD\Cocos\TheW\20260615_HYQ\HYQ_Project\temp\programming\packer-driver\targets\editor\chunks\84\84fdd98491917343dab9e13fe8b5a70bd6a363c2.js resolved to D:\工程项目\PlayableAD\Cocos\TheW\20260615_HYQ\HYQ_Project\temp\programming\packer-driver\targets\editor\chunks\84\84fdd98491917343dab9e13fe8b5a70bd6a363c2.js is not in module cache!
2026-7-2 16:02:39-debug: [[Executor]] Module "pack:///chunks/84/84fdd98491917343dab9e13fe8b5a70bd6a363c2.js" loaded.
2026-7-2 16:02:39-debug: [[Executor]] Module "cce:/internal/x/engine-export-to-editor/cc/editor/populate-internal-constants" loaded.
2026-7-2 16:02:39-debug: [[Executor]] Register BuiltinPipelineSettings
2026-7-2 16:02:39-debug: [[Executor]] Module "pack:///chunks/c9/c9d891290a54ec567f150962e76c6bf9cdf47b3b.js" loaded.
2026-7-2 16:02:39-debug: [[Executor]] Module "cce:/internal/x/engine-export-to-editor/cc/editor/populate-internal-constants" loaded.
2026-7-2 16:02:39-debug: [[Executor]] Register BuiltinPipelinePassBuilder
2026-7-2 16:02:39-debug: [[Executor]] Module "pack:///chunks/d9/d980f46bad1521f99cf9b02f6f4709610973859b.js" loaded.
2026-7-2 16:02:39-debug: [[Executor]] Register BuiltinDepthOfFieldPass
2026-7-2 16:02:39-debug: [[Executor]] Module "pack:///chunks/f2/f22794b1c95bc92b6e994a97e9b193af020adc12.js" loaded.
2026-7-2 16:02:39-debug: [[Executor]] Module "pack:///chunks/6a/6a5019a719a9014c047e67aa1cf34453ab8392ce.js" loaded.
2026-7-2 16:02:39-debug: [[Executor]] Module "pack:///chunks/04/04f62969dc20e2c08fceeca28e5f160f93c57d48.js" loaded.
2026-7-2 16:02:39-debug: D:\工程项目\PlayableAD\Cocos\TheW\20260615_HYQ\HYQ_Project\temp\programming\packer-driver\targets\editor\chunks\e0\e099fc7c0597d98bad93ecd30952e1955267ade1.js resolved to D:\工程项目\PlayableAD\Cocos\TheW\20260615_HYQ\HYQ_Project\temp\programming\packer-driver\targets\editor\chunks\e0\e099fc7c0597d98bad93ecd30952e1955267ade1.js is not in module cache!
2026-7-2 16:02:39-debug: [[Executor]] Register DebugViewRuntimeControl
2026-7-2 16:02:39-debug: [[Executor]] Module "pack:///chunks/e0/e099fc7c0597d98bad93ecd30952e1955267ade1.js" loaded.
2026-7-2 16:02:39-debug: D:\工程项目\PlayableAD\Cocos\TheW\20260615_HYQ\HYQ_Project\temp\programming\packer-driver\targets\editor\chunks\e2\e2118395860d446afdd7349c12bbbbd5ff0a8915.js resolved to D:\工程项目\PlayableAD\Cocos\TheW\20260615_HYQ\HYQ_Project\temp\programming\packer-driver\targets\editor\chunks\e2\e2118395860d446afdd7349c12bbbbd5ff0a8915.js is not in module cache!
2026-7-2 16:02:39-debug: [[Executor]] Register Lightning
2026-7-2 16:02:39-debug: [[Executor]] Module "pack:///chunks/e2/e2118395860d446afdd7349c12bbbbd5ff0a8915.js" loaded.
2026-7-2 16:02:39-debug: D:\工程项目\PlayableAD\Cocos\TheW\20260615_HYQ\HYQ_Project\temp\programming\packer-driver\targets\editor\chunks\e9\e96bc804d4af33012a1ad5c19177a551c107f2ae.js resolved to D:\工程项目\PlayableAD\Cocos\TheW\20260615_HYQ\HYQ_Project\temp\programming\packer-driver\targets\editor\chunks\e9\e96bc804d4af33012a1ad5c19177a551c107f2ae.js is not in module cache!
2026-7-2 16:02:39-debug: [[Executor]] Module "pack:///chunks/e9/e96bc804d4af33012a1ad5c19177a551c107f2ae.js" loaded.
2026-7-2 16:02:39-debug: D:\工程项目\PlayableAD\Cocos\TheW\20260615_HYQ\HYQ_Project\temp\programming\packer-driver\targets\editor\chunks\14\14cec8e3738599ab9965ee6a2127491eba1361af.js resolved to D:\工程项目\PlayableAD\Cocos\TheW\20260615_HYQ\HYQ_Project\temp\programming\packer-driver\targets\editor\chunks\14\14cec8e3738599ab9965ee6a2127491eba1361af.js is not in module cache!
2026-7-2 16:02:39-debug: D:\工程项目\PlayableAD\Cocos\TheW\20260615_HYQ\HYQ_Project\temp\programming\packer-driver\targets\editor\chunks\4d\4d6662648c8c361d9de350d72c1ab0a8e7508014.js resolved to D:\工程项目\PlayableAD\Cocos\TheW\20260615_HYQ\HYQ_Project\temp\programming\packer-driver\targets\editor\chunks\4d\4d6662648c8c361d9de350d72c1ab0a8e7508014.js is not in module cache!
2026-7-2 16:02:39-debug: D:\工程项目\PlayableAD\Cocos\TheW\20260615_HYQ\HYQ_Project\temp\programming\packer-driver\targets\editor\chunks\31\31cebe8e0355019a96c8dc216aed673e195b2a53.js resolved to D:\工程项目\PlayableAD\Cocos\TheW\20260615_HYQ\HYQ_Project\temp\programming\packer-driver\targets\editor\chunks\31\31cebe8e0355019a96c8dc216aed673e195b2a53.js is not in module cache!
2026-7-2 16:02:39-debug: [[Executor]] Module "pack:///chunks/31/31cebe8e0355019a96c8dc216aed673e195b2a53.js" loaded.
2026-7-2 16:02:39-debug: [[Executor]] Register LayerManager
2026-7-2 16:02:39-debug: [[Executor]] Module "pack:///chunks/4d/4d6662648c8c361d9de350d72c1ab0a8e7508014.js" loaded.
2026-7-2 16:02:39-debug: [[Executor]] Register CameraMove
2026-7-2 16:02:39-debug: [[Executor]] Module "pack:///chunks/14/14cec8e3738599ab9965ee6a2127491eba1361af.js" loaded.
2026-7-2 16:02:39-debug: D:\工程项目\PlayableAD\Cocos\TheW\20260615_HYQ\HYQ_Project\temp\programming\packer-driver\targets\editor\chunks\3f\3fc33806253ded99e50ac9220c73832ef2904ca7.js resolved to D:\工程项目\PlayableAD\Cocos\TheW\20260615_HYQ\HYQ_Project\temp\programming\packer-driver\targets\editor\chunks\3f\3fc33806253ded99e50ac9220c73832ef2904ca7.js is not in module cache!
2026-7-2 16:02:39-debug: D:\工程项目\PlayableAD\Cocos\TheW\20260615_HYQ\HYQ_Project\temp\programming\packer-driver\targets\editor\chunks\56\5601ae9cf318e5c14df7d30ca1cafe71734c982a.js resolved to D:\工程项目\PlayableAD\Cocos\TheW\20260615_HYQ\HYQ_Project\temp\programming\packer-driver\targets\editor\chunks\56\5601ae9cf318e5c14df7d30ca1cafe71734c982a.js is not in module cache!
2026-7-2 16:02:39-debug: [[Executor]] Module "pack:///chunks/56/5601ae9cf318e5c14df7d30ca1cafe71734c982a.js" loaded.
2026-7-2 16:02:39-debug: [[Executor]] Module "pack:///chunks/3f/3fc33806253ded99e50ac9220c73832ef2904ca7.js" loaded.
2026-7-2 16:02:39-debug: D:\工程项目\PlayableAD\Cocos\TheW\20260615_HYQ\HYQ_Project\temp\programming\packer-driver\targets\editor\chunks\90\901a8f42214a0198b9aca11ce347c093cca5e26c.js resolved to D:\工程项目\PlayableAD\Cocos\TheW\20260615_HYQ\HYQ_Project\temp\programming\packer-driver\targets\editor\chunks\90\901a8f42214a0198b9aca11ce347c093cca5e26c.js is not in module cache!
2026-7-2 16:02:39-debug: D:\工程项目\PlayableAD\Cocos\TheW\20260615_HYQ\HYQ_Project\temp\programming\packer-driver\targets\editor\chunks\8a\8ae7d51cc818f718270f9e2ad9b78b6df4ffa62c.js resolved to D:\工程项目\PlayableAD\Cocos\TheW\20260615_HYQ\HYQ_Project\temp\programming\packer-driver\targets\editor\chunks\8a\8ae7d51cc818f718270f9e2ad9b78b6df4ffa62c.js is not in module cache!
2026-7-2 16:02:39-debug: D:\工程项目\PlayableAD\Cocos\TheW\20260615_HYQ\HYQ_Project\temp\programming\packer-driver\targets\editor\chunks\8b\8b1077471006cad018e02beccd0bed5dcc54c671.js resolved to D:\工程项目\PlayableAD\Cocos\TheW\20260615_HYQ\HYQ_Project\temp\programming\packer-driver\targets\editor\chunks\8b\8b1077471006cad018e02beccd0bed5dcc54c671.js is not in module cache!
2026-7-2 16:02:39-debug: D:\工程项目\PlayableAD\Cocos\TheW\20260615_HYQ\HYQ_Project\temp\programming\packer-driver\targets\editor\chunks\a1\a1d124b8795c6e55160d2ce5ecbd41437847152f.js resolved to D:\工程项目\PlayableAD\Cocos\TheW\20260615_HYQ\HYQ_Project\temp\programming\packer-driver\targets\editor\chunks\a1\a1d124b8795c6e55160d2ce5ecbd41437847152f.js is not in module cache!
2026-7-2 16:02:39-debug: D:\工程项目\PlayableAD\Cocos\TheW\20260615_HYQ\HYQ_Project\temp\programming\packer-driver\targets\editor\chunks\84\8436bf0d6f6a392b090fff8471ad48b32970414b.js resolved to D:\工程项目\PlayableAD\Cocos\TheW\20260615_HYQ\HYQ_Project\temp\programming\packer-driver\targets\editor\chunks\84\8436bf0d6f6a392b090fff8471ad48b32970414b.js is not in module cache!
2026-7-2 16:02:39-debug: D:\工程项目\PlayableAD\Cocos\TheW\20260615_HYQ\HYQ_Project\temp\programming\packer-driver\targets\editor\chunks\f2\f20c45b49501fbe07d44e99d95c2c506a06a0ecd.js resolved to D:\工程项目\PlayableAD\Cocos\TheW\20260615_HYQ\HYQ_Project\temp\programming\packer-driver\targets\editor\chunks\f2\f20c45b49501fbe07d44e99d95c2c506a06a0ecd.js is not in module cache!
2026-7-2 16:02:39-debug: [[Executor]] Module "pack:///chunks/8a/8ae7d51cc818f718270f9e2ad9b78b6df4ffa62c.js" loaded.
2026-7-2 16:02:39-debug: D:\工程项目\PlayableAD\Cocos\TheW\20260615_HYQ\HYQ_Project\temp\programming\packer-driver\targets\editor\chunks\79\798785a3f67288cbb075d5efa15a2c266208a881.js resolved to D:\工程项目\PlayableAD\Cocos\TheW\20260615_HYQ\HYQ_Project\temp\programming\packer-driver\targets\editor\chunks\79\798785a3f67288cbb075d5efa15a2c266208a881.js is not in module cache!
2026-7-2 16:02:39-debug: [[Executor]] Module "pack:///chunks/79/798785a3f67288cbb075d5efa15a2c266208a881.js" loaded.
2026-7-2 16:02:39-debug: [[Executor]] Register UnityUpComponent
2026-7-2 16:02:39-debug: [[Executor]] Module "pack:///chunks/f2/f20c45b49501fbe07d44e99d95c2c506a06a0ecd.js" loaded.
2026-7-2 16:02:39-debug: [[Executor]] Register RotationDrive
2026-7-2 16:02:39-debug: [[Executor]] Module "pack:///chunks/84/8436bf0d6f6a392b090fff8471ad48b32970414b.js" loaded.
2026-7-2 16:02:39-debug: [[Executor]] Module "pack:///chunks/8b/8b1077471006cad018e02beccd0bed5dcc54c671.js" loaded.
2026-7-2 16:02:39-debug: [[Executor]] Register MoveDrive
2026-7-2 16:02:39-debug: [[Executor]] Module "pack:///chunks/a1/a1d124b8795c6e55160d2ce5ecbd41437847152f.js" loaded.
2026-7-2 16:02:39-debug: [[Executor]] Module "pack:///chunks/90/901a8f42214a0198b9aca11ce347c093cca5e26c.js" loaded.
2026-7-2 16:02:39-debug: D:\工程项目\PlayableAD\Cocos\TheW\20260615_HYQ\HYQ_Project\temp\programming\packer-driver\targets\editor\chunks\eb\eb316915c4446a477164305c14374917acb92a23.js resolved to D:\工程项目\PlayableAD\Cocos\TheW\20260615_HYQ\HYQ_Project\temp\programming\packer-driver\targets\editor\chunks\eb\eb316915c4446a477164305c14374917acb92a23.js is not in module cache!
2026-7-2 16:02:39-debug: [[Executor]] Register RotationVector
2026-7-2 16:02:39-debug: [[Executor]] Module "pack:///chunks/eb/eb316915c4446a477164305c14374917acb92a23.js" loaded.
2026-7-2 16:02:39-debug: D:\工程项目\PlayableAD\Cocos\TheW\20260615_HYQ\HYQ_Project\temp\programming\packer-driver\targets\editor\chunks\e9\e950dd2519065be1280daf69ce7f6b07e4d0caaa.js resolved to D:\工程项目\PlayableAD\Cocos\TheW\20260615_HYQ\HYQ_Project\temp\programming\packer-driver\targets\editor\chunks\e9\e950dd2519065be1280daf69ce7f6b07e4d0caaa.js is not in module cache!
2026-7-2 16:02:39-debug: [[Executor]] Register PrefabsManager
2026-7-2 16:02:39-debug: [[Executor]] Module "pack:///chunks/e9/e950dd2519065be1280daf69ce7f6b07e4d0caaa.js" loaded.
2026-7-2 16:02:39-debug: [[Executor]] Register PrefabsRes
2026-7-2 16:02:39-debug: D:\工程项目\PlayableAD\Cocos\TheW\20260615_HYQ\HYQ_Project\temp\programming\packer-driver\targets\editor\chunks\f0\f04c2dd9d3cc608a6f46e13bb5d3c46aa5633baf.js resolved to D:\工程项目\PlayableAD\Cocos\TheW\20260615_HYQ\HYQ_Project\temp\programming\packer-driver\targets\editor\chunks\f0\f04c2dd9d3cc608a6f46e13bb5d3c46aa5633baf.js is not in module cache!
2026-7-2 16:02:39-debug: [[Executor]] Register L18nManager
2026-7-2 16:02:39-debug: [[Executor]] Module "pack:///chunks/ed/edbdde40fab9baf06e704beb85e64d72f20aefb8.js" loaded.
2026-7-2 16:02:39-debug: D:\工程项目\PlayableAD\Cocos\TheW\20260615_HYQ\HYQ_Project\temp\programming\packer-driver\targets\editor\chunks\ed\edbdde40fab9baf06e704beb85e64d72f20aefb8.js resolved to D:\工程项目\PlayableAD\Cocos\TheW\20260615_HYQ\HYQ_Project\temp\programming\packer-driver\targets\editor\chunks\ed\edbdde40fab9baf06e704beb85e64d72f20aefb8.js is not in module cache!
2026-7-2 16:02:39-debug: [[Executor]] Module "pack:///chunks/f0/f04c2dd9d3cc608a6f46e13bb5d3c46aa5633baf.js" loaded.
2026-7-2 16:02:39-debug: [[Executor]] Register DownLoadL8
2026-7-2 16:02:39-debug: D:\工程项目\PlayableAD\Cocos\TheW\20260615_HYQ\HYQ_Project\temp\programming\packer-driver\targets\editor\chunks\f8\f8baeccf8cf047db05161c9b9e8b6b4ff9eefe2f.js resolved to D:\工程项目\PlayableAD\Cocos\TheW\20260615_HYQ\HYQ_Project\temp\programming\packer-driver\targets\editor\chunks\f8\f8baeccf8cf047db05161c9b9e8b6b4ff9eefe2f.js is not in module cache!
2026-7-2 16:02:39-debug: [[Executor]] Register DownLoadL8
2026-7-2 16:02:39-debug: [[Executor]] Module "pack:///chunks/f8/f8baeccf8cf047db05161c9b9e8b6b4ff9eefe2f.js" loaded.
2026-7-2 16:02:39-debug: D:\工程项目\PlayableAD\Cocos\TheW\20260615_HYQ\HYQ_Project\temp\programming\packer-driver\targets\editor\chunks\63\633ac4308370832c1c78b9f28702617696f6e9fb.js resolved to D:\工程项目\PlayableAD\Cocos\TheW\20260615_HYQ\HYQ_Project\temp\programming\packer-driver\targets\editor\chunks\63\633ac4308370832c1c78b9f28702617696f6e9fb.js is not in module cache!
2026-7-2 16:02:39-debug: [[Executor]] Register LangArrAuto
2026-7-2 16:02:39-debug: [[Executor]] Module "pack:///chunks/63/633ac4308370832c1c78b9f28702617696f6e9fb.js" loaded.
2026-7-2 16:02:39-debug: D:\工程项目\PlayableAD\Cocos\TheW\20260615_HYQ\HYQ_Project\temp\programming\packer-driver\targets\editor\chunks\f5\f570589f727cbf96139a6869e201d7a87544da71.js resolved to D:\工程项目\PlayableAD\Cocos\TheW\20260615_HYQ\HYQ_Project\temp\programming\packer-driver\targets\editor\chunks\f5\f570589f727cbf96139a6869e201d7a87544da71.js is not in module cache!
2026-7-2 16:02:39-debug: [[Executor]] Register LangAuto
2026-7-2 16:02:39-debug: [[Executor]] Module "pack:///chunks/f5/f570589f727cbf96139a6869e201d7a87544da71.js" loaded.
2026-7-2 16:02:39-debug: [[Executor]] Module "pack:///chunks/40/407fe08f85a1575a06beb3692d40cf36d9684f58.js" loaded.
2026-7-2 16:02:39-debug: D:\工程项目\PlayableAD\Cocos\TheW\20260615_HYQ\HYQ_Project\temp\programming\packer-driver\targets\editor\chunks\40\407fe08f85a1575a06beb3692d40cf36d9684f58.js resolved to D:\工程项目\PlayableAD\Cocos\TheW\20260615_HYQ\HYQ_Project\temp\programming\packer-driver\targets\editor\chunks\40\407fe08f85a1575a06beb3692d40cf36d9684f58.js is not in module cache!
2026-7-2 16:02:39-debug: [[Executor]] Register ResurrectionL8
2026-7-2 16:02:39-debug: D:\工程项目\PlayableAD\Cocos\TheW\20260615_HYQ\HYQ_Project\temp\programming\packer-driver\targets\editor\chunks\0f\0fd75e1d9556ba520ee98c89195f9d0594110ad2.js resolved to D:\工程项目\PlayableAD\Cocos\TheW\20260615_HYQ\HYQ_Project\temp\programming\packer-driver\targets\editor\chunks\0f\0fd75e1d9556ba520ee98c89195f9d0594110ad2.js is not in module cache!
2026-7-2 16:02:39-debug: [[Executor]] Module "pack:///chunks/0f/0fd75e1d9556ba520ee98c89195f9d0594110ad2.js" loaded.
2026-7-2 16:02:39-debug: D:\工程项目\PlayableAD\Cocos\TheW\20260615_HYQ\HYQ_Project\temp\programming\packer-driver\targets\editor\chunks\84\84bbaa7f2e1a0639f57f755b935e1acb7d73f78e.js resolved to D:\工程项目\PlayableAD\Cocos\TheW\20260615_HYQ\HYQ_Project\temp\programming\packer-driver\targets\editor\chunks\84\84bbaa7f2e1a0639f57f755b935e1acb7d73f78e.js is not in module cache!
2026-7-2 16:02:39-debug: D:\工程项目\PlayableAD\Cocos\TheW\20260615_HYQ\HYQ_Project\temp\programming\packer-driver\targets\editor\chunks\5f\5fdfd08a9c16dc742e66ef16a5a8e13f5f831a3e.js resolved to D:\工程项目\PlayableAD\Cocos\TheW\20260615_HYQ\HYQ_Project\temp\programming\packer-driver\targets\editor\chunks\5f\5fdfd08a9c16dc742e66ef16a5a8e13f5f831a3e.js is not in module cache!
2026-7-2 16:02:39-debug: D:\工程项目\PlayableAD\Cocos\TheW\20260615_HYQ\HYQ_Project\temp\programming\packer-driver\targets\editor\chunks\2e\2edb51f2f57b638345a2b9d561f476b67029b574.js resolved to D:\工程项目\PlayableAD\Cocos\TheW\20260615_HYQ\HYQ_Project\temp\programming\packer-driver\targets\editor\chunks\2e\2edb51f2f57b638345a2b9d561f476b67029b574.js is not in module cache!
2026-7-2 16:02:39-debug: D:\工程项目\PlayableAD\Cocos\TheW\20260615_HYQ\HYQ_Project\temp\programming\packer-driver\targets\editor\chunks\4c\4c2851018e56f823e74c2b3e2117156bcb9e76d0.js resolved to D:\工程项目\PlayableAD\Cocos\TheW\20260615_HYQ\HYQ_Project\temp\programming\packer-driver\targets\editor\chunks\4c\4c2851018e56f823e74c2b3e2117156bcb9e76d0.js is not in module cache!
2026-7-2 16:02:39-debug: D:\工程项目\PlayableAD\Cocos\TheW\20260615_HYQ\HYQ_Project\temp\programming\packer-driver\targets\editor\chunks\ec\ecb76259f390974cf14cad52564b11281c42a7e6.js resolved to D:\工程项目\PlayableAD\Cocos\TheW\20260615_HYQ\HYQ_Project\temp\programming\packer-driver\targets\editor\chunks\ec\ecb76259f390974cf14cad52564b11281c42a7e6.js is not in module cache!
2026-7-2 16:02:39-debug: D:\工程项目\PlayableAD\Cocos\TheW\20260615_HYQ\HYQ_Project\temp\programming\packer-driver\targets\editor\chunks\e5\e5fea8c54230bb378b45e63a8ea8186bdeccbbe2.js resolved to D:\工程项目\PlayableAD\Cocos\TheW\20260615_HYQ\HYQ_Project\temp\programming\packer-driver\targets\editor\chunks\e5\e5fea8c54230bb378b45e63a8ea8186bdeccbbe2.js is not in module cache!
2026-7-2 16:02:39-debug: D:\工程项目\PlayableAD\Cocos\TheW\20260615_HYQ\HYQ_Project\temp\programming\packer-driver\targets\editor\chunks\38\38483f6f68b174c6aad120536d38c3642cb0e458.js resolved to D:\工程项目\PlayableAD\Cocos\TheW\20260615_HYQ\HYQ_Project\temp\programming\packer-driver\targets\editor\chunks\38\38483f6f68b174c6aad120536d38c3642cb0e458.js is not in module cache!
2026-7-2 16:02:39-debug: D:\工程项目\PlayableAD\Cocos\TheW\20260615_HYQ\HYQ_Project\temp\programming\packer-driver\targets\editor\chunks\b6\b6919de7425c243c4e1697f376cb4f6f6b2769a4.js resolved to D:\工程项目\PlayableAD\Cocos\TheW\20260615_HYQ\HYQ_Project\temp\programming\packer-driver\targets\editor\chunks\b6\b6919de7425c243c4e1697f376cb4f6f6b2769a4.js is not in module cache!
2026-7-2 16:02:39-debug: D:\工程项目\PlayableAD\Cocos\TheW\20260615_HYQ\HYQ_Project\temp\programming\packer-driver\targets\editor\chunks\d5\d58c1ab1b696259af8c3b1384857266dba055462.js resolved to D:\工程项目\PlayableAD\Cocos\TheW\20260615_HYQ\HYQ_Project\temp\programming\packer-driver\targets\editor\chunks\d5\d58c1ab1b696259af8c3b1384857266dba055462.js is not in module cache!
2026-7-2 16:02:39-debug: D:\工程项目\PlayableAD\Cocos\TheW\20260615_HYQ\HYQ_Project\temp\programming\packer-driver\targets\editor\chunks\41\4103e3b8e8be7d1b0e7a8a67f28a2c29fe9aa2dc.js resolved to D:\工程项目\PlayableAD\Cocos\TheW\20260615_HYQ\HYQ_Project\temp\programming\packer-driver\targets\editor\chunks\41\4103e3b8e8be7d1b0e7a8a67f28a2c29fe9aa2dc.js is not in module cache!
2026-7-2 16:02:39-debug: D:\工程项目\PlayableAD\Cocos\TheW\20260615_HYQ\HYQ_Project\temp\programming\packer-driver\targets\editor\chunks\f6\f6cf9b6088316a765dbcd0b22eb496d3f4be80dc.js resolved to D:\工程项目\PlayableAD\Cocos\TheW\20260615_HYQ\HYQ_Project\temp\programming\packer-driver\targets\editor\chunks\f6\f6cf9b6088316a765dbcd0b22eb496d3f4be80dc.js is not in module cache!
2026-7-2 16:02:39-debug: [[Executor]] Register Prop
2026-7-2 16:02:39-debug: [[Executor]] Module "pack:///chunks/4c/4c2851018e56f823e74c2b3e2117156bcb9e76d0.js" loaded.
2026-7-2 16:02:39-debug: [[Executor]] Module "pack:///chunks/f6/f6cf9b6088316a765dbcd0b22eb496d3f4be80dc.js" loaded.
2026-7-2 16:02:39-debug: [[Executor]] Register JumpDriveEngine
2026-7-2 16:02:39-debug: [[Executor]] Module "pack:///chunks/ec/ecb76259f390974cf14cad52564b11281c42a7e6.js" loaded.
2026-7-2 16:02:39-debug: [[Executor]] Module "pack:///chunks/e5/e5fea8c54230bb378b45e63a8ea8186bdeccbbe2.js" loaded.
2026-7-2 16:02:39-debug: [[Executor]] Module "pack:///chunks/b6/b6919de7425c243c4e1697f376cb4f6f6b2769a4.js" loaded.
2026-7-2 16:02:39-debug: [[Executor]] Module "pack:///chunks/38/38483f6f68b174c6aad120536d38c3642cb0e458.js" loaded.
2026-7-2 16:02:39-debug: [[Executor]] Module "pack:///chunks/2e/2edb51f2f57b638345a2b9d561f476b67029b574.js" loaded.
2026-7-2 16:02:39-debug: [[Executor]] Module "pack:///chunks/d5/d58c1ab1b696259af8c3b1384857266dba055462.js" loaded.
2026-7-2 16:02:39-debug: [[Executor]] Register BagBase
2026-7-2 16:02:39-debug: [[Executor]] Module "pack:///chunks/41/4103e3b8e8be7d1b0e7a8a67f28a2c29fe9aa2dc.js" loaded.
2026-7-2 16:02:39-debug: [[Executor]] Module "pack:///chunks/84/84bbaa7f2e1a0639f57f755b935e1acb7d73f78e.js" loaded.
2026-7-2 16:02:39-debug: [[Executor]] Module "pack:///chunks/5f/5fdfd08a9c16dc742e66ef16a5a8e13f5f831a3e.js" loaded.
2026-7-2 16:02:39-debug: D:\工程项目\PlayableAD\Cocos\TheW\20260615_HYQ\HYQ_Project\temp\programming\packer-driver\targets\editor\chunks\80\80f420cd19a5967732f7f177a68c3670990311d3.js resolved to D:\工程项目\PlayableAD\Cocos\TheW\20260615_HYQ\HYQ_Project\temp\programming\packer-driver\targets\editor\chunks\80\80f420cd19a5967732f7f177a68c3670990311d3.js is not in module cache!
2026-7-2 16:02:39-debug: [[Executor]] Register FlayPropManager
2026-7-2 16:02:39-debug: [[Executor]] Module "pack:///chunks/80/80f420cd19a5967732f7f177a68c3670990311d3.js" loaded.
2026-7-2 16:02:39-debug: D:\工程项目\PlayableAD\Cocos\TheW\20260615_HYQ\HYQ_Project\temp\programming\packer-driver\targets\editor\chunks\b5\b5c69e24499acddd297e4328687b0ea934b109d5.js resolved to D:\工程项目\PlayableAD\Cocos\TheW\20260615_HYQ\HYQ_Project\temp\programming\packer-driver\targets\editor\chunks\b5\b5c69e24499acddd297e4328687b0ea934b109d5.js is not in module cache!
2026-7-2 16:02:39-debug: [[Executor]] Register GroupBag3D
2026-7-2 16:02:39-debug: [[Executor]] Module "pack:///chunks/b5/b5c69e24499acddd297e4328687b0ea934b109d5.js" loaded.
2026-7-2 16:02:39-debug: D:\工程项目\PlayableAD\Cocos\TheW\20260615_HYQ\HYQ_Project\temp\programming\packer-driver\targets\editor\chunks\7e\7e52be47c960966fc7d962b7957dbbce1047514e.js resolved to D:\工程项目\PlayableAD\Cocos\TheW\20260615_HYQ\HYQ_Project\temp\programming\packer-driver\targets\editor\chunks\7e\7e52be47c960966fc7d962b7957dbbce1047514e.js is not in module cache!
2026-7-2 16:02:39-debug: [[Executor]] Register GroupPropTransform
2026-7-2 16:02:39-debug: [[Executor]] Module "pack:///chunks/7e/7e52be47c960966fc7d962b7957dbbce1047514e.js" loaded.
2026-7-2 16:02:39-debug: D:\工程项目\PlayableAD\Cocos\TheW\20260615_HYQ\HYQ_Project\temp\programming\packer-driver\targets\editor\chunks\f4\f4bb2b73aacdc0370fc65face1ef60d9e8732bfd.js resolved to D:\工程项目\PlayableAD\Cocos\TheW\20260615_HYQ\HYQ_Project\temp\programming\packer-driver\targets\editor\chunks\f4\f4bb2b73aacdc0370fc65face1ef60d9e8732bfd.js is not in module cache!
2026-7-2 16:02:39-debug: [[Executor]] Module "pack:///chunks/f4/f4bb2b73aacdc0370fc65face1ef60d9e8732bfd.js" loaded.
2026-7-2 16:02:39-debug: D:\工程项目\PlayableAD\Cocos\TheW\20260615_HYQ\HYQ_Project\temp\programming\packer-driver\targets\editor\chunks\0e\0ea1c77c59b038eb4661ef171f440cbc7cc134ca.js resolved to D:\工程项目\PlayableAD\Cocos\TheW\20260615_HYQ\HYQ_Project\temp\programming\packer-driver\targets\editor\chunks\0e\0ea1c77c59b038eb4661ef171f440cbc7cc134ca.js is not in module cache!
2026-7-2 16:02:39-debug: [[Executor]] Register LabBagUp
2026-7-2 16:02:39-debug: [[Executor]] Module "pack:///chunks/0e/0ea1c77c59b038eb4661ef171f440cbc7cc134ca.js" loaded.
2026-7-2 16:02:39-debug: D:\工程项目\PlayableAD\Cocos\TheW\20260615_HYQ\HYQ_Project\temp\programming\packer-driver\targets\editor\chunks\29\296009d632e65e6f653d790324d741c2d9759f34.js resolved to D:\工程项目\PlayableAD\Cocos\TheW\20260615_HYQ\HYQ_Project\temp\programming\packer-driver\targets\editor\chunks\29\296009d632e65e6f653d790324d741c2d9759f34.js is not in module cache!
2026-7-2 16:02:39-debug: D:\工程项目\PlayableAD\Cocos\TheW\20260615_HYQ\HYQ_Project\temp\programming\packer-driver\targets\editor\chunks\3f\3ff8f1a74d7fbbd22ced04971b6ab15e04fd86a6.js resolved to D:\工程项目\PlayableAD\Cocos\TheW\20260615_HYQ\HYQ_Project\temp\programming\packer-driver\targets\editor\chunks\3f\3ff8f1a74d7fbbd22ced04971b6ab15e04fd86a6.js is not in module cache!
2026-7-2 16:02:39-debug: D:\工程项目\PlayableAD\Cocos\TheW\20260615_HYQ\HYQ_Project\temp\programming\packer-driver\targets\editor\chunks\b1\b12e427b1fcb487f729ef654542d8e9775a297cb.js resolved to D:\工程项目\PlayableAD\Cocos\TheW\20260615_HYQ\HYQ_Project\temp\programming\packer-driver\targets\editor\chunks\b1\b12e427b1fcb487f729ef654542d8e9775a297cb.js is not in module cache!
2026-7-2 16:02:39-debug: D:\工程项目\PlayableAD\Cocos\TheW\20260615_HYQ\HYQ_Project\temp\programming\packer-driver\targets\editor\chunks\80\803faff6203a98317cc86f08677de73b7112b743.js resolved to D:\工程项目\PlayableAD\Cocos\TheW\20260615_HYQ\HYQ_Project\temp\programming\packer-driver\targets\editor\chunks\80\803faff6203a98317cc86f08677de73b7112b743.js is not in module cache!
2026-7-2 16:02:39-debug: [[Executor]] Module "pack:///chunks/b1/b12e427b1fcb487f729ef654542d8e9775a297cb.js" loaded.
2026-7-2 16:02:39-debug: [[Executor]] Register AttackTargetBase
2026-7-2 16:02:39-debug: [[Executor]] Module "pack:///chunks/80/803faff6203a98317cc86f08677de73b7112b743.js" loaded.
2026-7-2 16:02:39-debug: [[Executor]] Register AreaAttack
2026-7-2 16:02:39-debug: [[Executor]] Register CollectGetTarget
2026-7-2 16:02:39-debug: [[Executor]] Module "pack:///chunks/3f/3ff8f1a74d7fbbd22ced04971b6ab15e04fd86a6.js" loaded.
2026-7-2 16:02:39-debug: [[Executor]] Module "pack:///chunks/29/296009d632e65e6f653d790324d741c2d9759f34.js" loaded.
2026-7-2 16:02:39-debug: D:\工程项目\PlayableAD\Cocos\TheW\20260615_HYQ\HYQ_Project\temp\programming\packer-driver\targets\editor\chunks\d5\d5f6e07e1b02d743fed3d9c2c8e155b0c3309d52.js resolved to D:\工程项目\PlayableAD\Cocos\TheW\20260615_HYQ\HYQ_Project\temp\programming\packer-driver\targets\editor\chunks\d5\d5f6e07e1b02d743fed3d9c2c8e155b0c3309d52.js is not in module cache!
2026-7-2 16:02:39-debug: [[Executor]] Register MeleeAttack
2026-7-2 16:02:39-debug: [[Executor]] Module "pack:///chunks/d5/d5f6e07e1b02d743fed3d9c2c8e155b0c3309d52.js" loaded.
2026-7-2 16:02:39-debug: D:\工程项目\PlayableAD\Cocos\TheW\20260615_HYQ\HYQ_Project\temp\programming\packer-driver\targets\editor\chunks\02\021cbce763294c7c4adf05845718c817a68ff9f3.js resolved to D:\工程项目\PlayableAD\Cocos\TheW\20260615_HYQ\HYQ_Project\temp\programming\packer-driver\targets\editor\chunks\02\021cbce763294c7c4adf05845718c817a68ff9f3.js is not in module cache!
2026-7-2 16:02:39-debug: D:\工程项目\PlayableAD\Cocos\TheW\20260615_HYQ\HYQ_Project\temp\programming\packer-driver\targets\editor\chunks\23\2370bd6a63dbba247d7fcab21c5244288f150386.js resolved to D:\工程项目\PlayableAD\Cocos\TheW\20260615_HYQ\HYQ_Project\temp\programming\packer-driver\targets\editor\chunks\23\2370bd6a63dbba247d7fcab21c5244288f150386.js is not in module cache!
2026-7-2 16:02:39-debug: D:\工程项目\PlayableAD\Cocos\TheW\20260615_HYQ\HYQ_Project\temp\programming\packer-driver\targets\editor\chunks\9e\9ec8816866d723aea0e61547ea23bf04cc3c7c78.js resolved to D:\工程项目\PlayableAD\Cocos\TheW\20260615_HYQ\HYQ_Project\temp\programming\packer-driver\targets\editor\chunks\9e\9ec8816866d723aea0e61547ea23bf04cc3c7c78.js is not in module cache!
2026-7-2 16:02:39-debug: [[Executor]] Register HpComponent
2026-7-2 16:02:39-debug: [[Executor]] Module "pack:///chunks/9e/9ec8816866d723aea0e61547ea23bf04cc3c7c78.js" loaded.
2026-7-2 16:02:39-debug: [[Executor]] Register MeshFlashSwitchData
2026-7-2 16:02:39-debug: [[Executor]] Module "pack:///chunks/23/2370bd6a63dbba247d7fcab21c5244288f150386.js" loaded.
2026-7-2 16:02:39-debug: [[Executor]] Register MeshFlashData
2026-7-2 16:02:39-debug: [[Executor]] Register MeshFlashPropData
2026-7-2 16:02:39-debug: [[Executor]] Module "pack:///chunks/02/021cbce763294c7c4adf05845718c817a68ff9f3.js" loaded.
2026-7-2 16:02:39-debug: [[Executor]] Register BattleTargetBase
2026-7-2 16:02:39-debug: D:\工程项目\PlayableAD\Cocos\TheW\20260615_HYQ\HYQ_Project\temp\programming\packer-driver\targets\editor\chunks\9b\9be30ad1a917cc0914201f1db5bdf1c5cb4d6e49.js resolved to D:\工程项目\PlayableAD\Cocos\TheW\20260615_HYQ\HYQ_Project\temp\programming\packer-driver\targets\editor\chunks\9b\9be30ad1a917cc0914201f1db5bdf1c5cb4d6e49.js is not in module cache!
2026-7-2 16:02:39-debug: D:\工程项目\PlayableAD\Cocos\TheW\20260615_HYQ\HYQ_Project\temp\programming\packer-driver\targets\editor\chunks\43\4314f54defc530df4c3d4a14e3561038b8628ff3.js resolved to D:\工程项目\PlayableAD\Cocos\TheW\20260615_HYQ\HYQ_Project\temp\programming\packer-driver\targets\editor\chunks\43\4314f54defc530df4c3d4a14e3561038b8628ff3.js is not in module cache!
2026-7-2 16:02:39-debug: D:\工程项目\PlayableAD\Cocos\TheW\20260615_HYQ\HYQ_Project\temp\programming\packer-driver\targets\editor\chunks\6c\6c35293030e947e52f03ea585990d17f31ea7df0.js resolved to D:\工程项目\PlayableAD\Cocos\TheW\20260615_HYQ\HYQ_Project\temp\programming\packer-driver\targets\editor\chunks\6c\6c35293030e947e52f03ea585990d17f31ea7df0.js is not in module cache!
2026-7-2 16:02:39-debug: D:\工程项目\PlayableAD\Cocos\TheW\20260615_HYQ\HYQ_Project\temp\programming\packer-driver\targets\editor\chunks\a7\a78b9d0a8af4315011c59f40b6c49da033e49269.js resolved to D:\工程项目\PlayableAD\Cocos\TheW\20260615_HYQ\HYQ_Project\temp\programming\packer-driver\targets\editor\chunks\a7\a78b9d0a8af4315011c59f40b6c49da033e49269.js is not in module cache!
2026-7-2 16:02:39-debug: D:\工程项目\PlayableAD\Cocos\TheW\20260615_HYQ\HYQ_Project\temp\programming\packer-driver\targets\editor\chunks\bb\bb66609565f0d30fbedfe7ab7019decca8a2726b.js resolved to D:\工程项目\PlayableAD\Cocos\TheW\20260615_HYQ\HYQ_Project\temp\programming\packer-driver\targets\editor\chunks\bb\bb66609565f0d30fbedfe7ab7019decca8a2726b.js is not in module cache!
2026-7-2 16:02:39-debug: D:\工程项目\PlayableAD\Cocos\TheW\20260615_HYQ\HYQ_Project\temp\programming\packer-driver\targets\editor\chunks\b0\b0316da27abe29af9f8a517d28257bc913762f57.js resolved to D:\工程项目\PlayableAD\Cocos\TheW\20260615_HYQ\HYQ_Project\temp\programming\packer-driver\targets\editor\chunks\b0\b0316da27abe29af9f8a517d28257bc913762f57.js is not in module cache!
2026-7-2 16:02:39-debug: D:\工程项目\PlayableAD\Cocos\TheW\20260615_HYQ\HYQ_Project\temp\programming\packer-driver\targets\editor\chunks\e1\e13771ea8032dbc1728530af431c57de3b1e5e24.js resolved to D:\工程项目\PlayableAD\Cocos\TheW\20260615_HYQ\HYQ_Project\temp\programming\packer-driver\targets\editor\chunks\e1\e13771ea8032dbc1728530af431c57de3b1e5e24.js is not in module cache!
2026-7-2 16:02:39-debug: D:\工程项目\PlayableAD\Cocos\TheW\20260615_HYQ\HYQ_Project\temp\programming\packer-driver\targets\editor\chunks\4a\4a75ba705e89112b3bcc356e77985c7a095b80f4.js resolved to D:\工程项目\PlayableAD\Cocos\TheW\20260615_HYQ\HYQ_Project\temp\programming\packer-driver\targets\editor\chunks\4a\4a75ba705e89112b3bcc356e77985c7a095b80f4.js is not in module cache!
2026-7-2 16:02:39-debug: D:\工程项目\PlayableAD\Cocos\TheW\20260615_HYQ\HYQ_Project\temp\programming\packer-driver\targets\editor\chunks\9a\9a8786a747b555136cef77c9f5e7ad17e18a31eb.js resolved to D:\工程项目\PlayableAD\Cocos\TheW\20260615_HYQ\HYQ_Project\temp\programming\packer-driver\targets\editor\chunks\9a\9a8786a747b555136cef77c9f5e7ad17e18a31eb.js is not in module cache!
2026-7-2 16:02:39-debug: D:\工程项目\PlayableAD\Cocos\TheW\20260615_HYQ\HYQ_Project\temp\programming\packer-driver\targets\editor\chunks\ce\ced31965a759b2c1d777a8f0d98f8cd326020d87.js resolved to D:\工程项目\PlayableAD\Cocos\TheW\20260615_HYQ\HYQ_Project\temp\programming\packer-driver\targets\editor\chunks\ce\ced31965a759b2c1d777a8f0d98f8cd326020d87.js is not in module cache!
2026-7-2 16:02:39-debug: D:\工程项目\PlayableAD\Cocos\TheW\20260615_HYQ\HYQ_Project\temp\programming\packer-driver\targets\editor\chunks\dc\dcc18999575bc7125a793680f1b595554e7f2cde.js resolved to D:\工程项目\PlayableAD\Cocos\TheW\20260615_HYQ\HYQ_Project\temp\programming\packer-driver\targets\editor\chunks\dc\dcc18999575bc7125a793680f1b595554e7f2cde.js is not in module cache!
2026-7-2 16:02:39-debug: [[Executor]] Register EffectRemoveBase
2026-7-2 16:02:39-debug: [[Executor]] Module "pack:///chunks/dc/dcc18999575bc7125a793680f1b595554e7f2cde.js" loaded.
2026-7-2 16:02:39-debug: [[Executor]] Module "pack:///chunks/ce/ced31965a759b2c1d777a8f0d98f8cd326020d87.js" loaded.
2026-7-2 16:02:39-debug: [[Executor]] Module "pack:///chunks/b0/b0316da27abe29af9f8a517d28257bc913762f57.js" loaded.
2026-7-2 16:02:39-debug: [[Executor]] Register EffectTimePartRemove
2026-7-2 16:02:39-debug: [[Executor]] Module "pack:///chunks/4a/4a75ba705e89112b3bcc356e77985c7a095b80f4.js" loaded.
2026-7-2 16:02:39-debug: [[Executor]] Register ColliderTag
2026-7-2 16:02:39-debug: [[Executor]] Register EffectManager
2026-7-2 16:02:39-debug: [[Executor]] Register BulletMonsterCollisionManager
2026-7-2 16:02:39-debug: [[Executor]] Module "pack:///chunks/a7/a78b9d0a8af4315011c59f40b6c49da033e49269.js" loaded.
2026-7-2 16:02:39-debug: [[Executor]] Register BulletBattle3D
2026-7-2 16:02:39-debug: [[Executor]] Module "pack:///chunks/9a/9a8786a747b555136cef77c9f5e7ad17e18a31eb.js" loaded.
2026-7-2 16:02:39-debug: [[Executor]] Register BattleTarget3D
2026-7-2 16:02:39-debug: [[Executor]] Register BulletCollideBase2D
2026-7-2 16:02:39-debug: [[Executor]] Module "pack:///chunks/bb/bb66609565f0d30fbedfe7ab7019decca8a2726b.js" loaded.
2026-7-2 16:02:39-debug: [[Executor]] Module "pack:///chunks/6c/6c35293030e947e52f03ea585990d17f31ea7df0.js" loaded.
2026-7-2 16:02:39-debug: [[Executor]] Module "pack:///chunks/e1/e13771ea8032dbc1728530af431c57de3b1e5e24.js" loaded.
2026-7-2 16:02:39-debug: [[Executor]] Register RangedAttack
2026-7-2 16:02:39-debug: [[Executor]] Register BulletBattle2D
2026-7-2 16:02:39-debug: [[Executor]] Module "pack:///chunks/9b/9be30ad1a917cc0914201f1db5bdf1c5cb4d6e49.js" loaded.
2026-7-2 16:02:39-debug: [[Executor]] Module "pack:///chunks/43/4314f54defc530df4c3d4a14e3561038b8628ff3.js" loaded.
2026-7-2 16:02:39-debug: D:\工程项目\PlayableAD\Cocos\TheW\20260615_HYQ\HYQ_Project\temp\programming\packer-driver\targets\editor\chunks\05\0510980ff6e9ad26ec622e2230780bc7f1d96f08.js resolved to D:\工程项目\PlayableAD\Cocos\TheW\20260615_HYQ\HYQ_Project\temp\programming\packer-driver\targets\editor\chunks\05\0510980ff6e9ad26ec622e2230780bc7f1d96f08.js is not in module cache!
2026-7-2 16:02:39-debug: D:\工程项目\PlayableAD\Cocos\TheW\20260615_HYQ\HYQ_Project\temp\programming\packer-driver\targets\editor\chunks\8a\8a4b23fc8904a55daa926fa9bf2d450c2c59d378.js resolved to D:\工程项目\PlayableAD\Cocos\TheW\20260615_HYQ\HYQ_Project\temp\programming\packer-driver\targets\editor\chunks\8a\8a4b23fc8904a55daa926fa9bf2d450c2c59d378.js is not in module cache!
2026-7-2 16:02:39-debug: D:\工程项目\PlayableAD\Cocos\TheW\20260615_HYQ\HYQ_Project\temp\programming\packer-driver\targets\editor\chunks\5b\5b626ae965dfc8bbf67ffe6dd329ea95c382afe6.js resolved to D:\工程项目\PlayableAD\Cocos\TheW\20260615_HYQ\HYQ_Project\temp\programming\packer-driver\targets\editor\chunks\5b\5b626ae965dfc8bbf67ffe6dd329ea95c382afe6.js is not in module cache!
2026-7-2 16:02:39-debug: [[Executor]] Register TriggerBase2D
2026-7-2 16:02:39-debug: [[Executor]] Module "pack:///chunks/8a/8a4b23fc8904a55daa926fa9bf2d450c2c59d378.js" loaded.
2026-7-2 16:02:39-debug: [[Executor]] Register BattleTarget2D
2026-7-2 16:02:39-debug: [[Executor]] Module "pack:///chunks/5b/5b626ae965dfc8bbf67ffe6dd329ea95c382afe6.js" loaded.
2026-7-2 16:02:39-debug: [[Executor]] Register CollectBattleTarger2D
2026-7-2 16:02:39-debug: [[Executor]] Module "pack:///chunks/05/0510980ff6e9ad26ec622e2230780bc7f1d96f08.js" loaded.
2026-7-2 16:02:39-debug: D:\工程项目\PlayableAD\Cocos\TheW\20260615_HYQ\HYQ_Project\temp\programming\packer-driver\targets\editor\chunks\6e\6e4d3e245933373fd13279940a5d6dee30418f49.js resolved to D:\工程项目\PlayableAD\Cocos\TheW\20260615_HYQ\HYQ_Project\temp\programming\packer-driver\targets\editor\chunks\6e\6e4d3e245933373fd13279940a5d6dee30418f49.js is not in module cache!
2026-7-2 16:02:39-debug: D:\工程项目\PlayableAD\Cocos\TheW\20260615_HYQ\HYQ_Project\temp\programming\packer-driver\targets\editor\chunks\f0\f05038aedf4d7805ad91dbf59f1c87fe35c23bb5.js resolved to D:\工程项目\PlayableAD\Cocos\TheW\20260615_HYQ\HYQ_Project\temp\programming\packer-driver\targets\editor\chunks\f0\f05038aedf4d7805ad91dbf59f1c87fe35c23bb5.js is not in module cache!
2026-7-2 16:02:39-debug: D:\工程项目\PlayableAD\Cocos\TheW\20260615_HYQ\HYQ_Project\temp\programming\packer-driver\targets\editor\chunks\05\05825d2a71d7765a90fbbdda8907aab57810f0a0.js resolved to D:\工程项目\PlayableAD\Cocos\TheW\20260615_HYQ\HYQ_Project\temp\programming\packer-driver\targets\editor\chunks\05\05825d2a71d7765a90fbbdda8907aab57810f0a0.js is not in module cache!
2026-7-2 16:02:39-debug: [[Executor]] Register BulletBatchRenderer
2026-7-2 16:02:39-debug: [[Executor]] Module "pack:///chunks/f0/f05038aedf4d7805ad91dbf59f1c87fe35c23bb5.js" loaded.
2026-7-2 16:02:39-debug: [[Executor]] Module "pack:///chunks/05/05825d2a71d7765a90fbbdda8907aab57810f0a0.js" loaded.
2026-7-2 16:02:39-debug: [[Executor]] Register RangeTowerAttack
2026-7-2 16:02:39-debug: [[Executor]] Module "pack:///chunks/6e/6e4d3e245933373fd13279940a5d6dee30418f49.js" loaded.
2026-7-2 16:02:39-debug: [[Executor]] Register AttackParkPlay
2026-7-2 16:02:39-debug: D:\工程项目\PlayableAD\Cocos\TheW\20260615_HYQ\HYQ_Project\temp\programming\packer-driver\targets\editor\chunks\fa\fad9c36dab7fd23cbd0b1b9ebcbd02e6023aaadd.js resolved to D:\工程项目\PlayableAD\Cocos\TheW\20260615_HYQ\HYQ_Project\temp\programming\packer-driver\targets\editor\chunks\fa\fad9c36dab7fd23cbd0b1b9ebcbd02e6023aaadd.js is not in module cache!
2026-7-2 16:02:39-debug: [[Executor]] Register RangedAttack_Circle
2026-7-2 16:02:39-debug: [[Executor]] Module "pack:///chunks/fa/fad9c36dab7fd23cbd0b1b9ebcbd02e6023aaadd.js" loaded.
2026-7-2 16:02:39-debug: D:\工程项目\PlayableAD\Cocos\TheW\20260615_HYQ\HYQ_Project\temp\programming\packer-driver\targets\editor\chunks\01\011c6605e93c83936bcaadc521a3f2df21bdd87a.js resolved to D:\工程项目\PlayableAD\Cocos\TheW\20260615_HYQ\HYQ_Project\temp\programming\packer-driver\targets\editor\chunks\01\011c6605e93c83936bcaadc521a3f2df21bdd87a.js is not in module cache!
2026-7-2 16:02:39-debug: [[Executor]] Register RangedAttack_Shrapnel
2026-7-2 16:02:39-debug: [[Executor]] Module "pack:///chunks/01/011c6605e93c83936bcaadc521a3f2df21bdd87a.js" loaded.
2026-7-2 16:02:39-debug: D:\工程项目\PlayableAD\Cocos\TheW\20260615_HYQ\HYQ_Project\temp\programming\packer-driver\targets\editor\chunks\7a\7a056ac353cd4f184635b76aa08c0d427085fda7.js resolved to D:\工程项目\PlayableAD\Cocos\TheW\20260615_HYQ\HYQ_Project\temp\programming\packer-driver\targets\editor\chunks\7a\7a056ac353cd4f184635b76aa08c0d427085fda7.js is not in module cache!
2026-7-2 16:02:39-debug: [[Executor]] Register BulletCollideBase3D
2026-7-2 16:02:39-debug: [[Executor]] Module "pack:///chunks/7a/7a056ac353cd4f184635b76aa08c0d427085fda7.js" loaded.
2026-7-2 16:02:39-debug: D:\工程项目\PlayableAD\Cocos\TheW\20260615_HYQ\HYQ_Project\temp\programming\packer-driver\targets\editor\chunks\11\1193ac27b94da532d27808ef712ed0fcd809d84d.js resolved to D:\工程项目\PlayableAD\Cocos\TheW\20260615_HYQ\HYQ_Project\temp\programming\packer-driver\targets\editor\chunks\11\1193ac27b94da532d27808ef712ed0fcd809d84d.js is not in module cache!
2026-7-2 16:02:39-debug: D:\工程项目\PlayableAD\Cocos\TheW\20260615_HYQ\HYQ_Project\temp\programming\packer-driver\targets\editor\chunks\03\031aac2e2ea93f03b5422269c22800e822715034.js resolved to D:\工程项目\PlayableAD\Cocos\TheW\20260615_HYQ\HYQ_Project\temp\programming\packer-driver\targets\editor\chunks\03\031aac2e2ea93f03b5422269c22800e822715034.js is not in module cache!
2026-7-2 16:02:39-debug: [[Executor]] Register TriggerBase3D
2026-7-2 16:02:39-debug: [[Executor]] Module "pack:///chunks/03/031aac2e2ea93f03b5422269c22800e822715034.js" loaded.
2026-7-2 16:02:39-debug: [[Executor]] Register CollectBattleTarger3D
2026-7-2 16:02:39-debug: [[Executor]] Module "pack:///chunks/11/1193ac27b94da532d27808ef712ed0fcd809d84d.js" loaded.
2026-7-2 16:02:39-debug: D:\工程项目\PlayableAD\Cocos\TheW\20260615_HYQ\HYQ_Project\temp\programming\packer-driver\targets\editor\chunks\29\2933ae65951958109aeb70104e6287b8240a8e01.js resolved to D:\工程项目\PlayableAD\Cocos\TheW\20260615_HYQ\HYQ_Project\temp\programming\packer-driver\targets\editor\chunks\29\2933ae65951958109aeb70104e6287b8240a8e01.js is not in module cache!
2026-7-2 16:02:39-debug: [[Executor]] Register EffectTimeRemove
2026-7-2 16:02:39-debug: [[Executor]] Module "pack:///chunks/29/2933ae65951958109aeb70104e6287b8240a8e01.js" loaded.
2026-7-2 16:02:39-debug: D:\工程项目\PlayableAD\Cocos\TheW\20260615_HYQ\HYQ_Project\temp\programming\packer-driver\targets\editor\chunks\cd\cd87286564d42a577ada1093f142b4db43415d61.js resolved to D:\工程项目\PlayableAD\Cocos\TheW\20260615_HYQ\HYQ_Project\temp\programming\packer-driver\targets\editor\chunks\cd\cd87286564d42a577ada1093f142b4db43415d61.js is not in module cache!
2026-7-2 16:02:39-debug: [[Executor]] Register GuideLine
2026-7-2 16:02:39-debug: [[Executor]] Module "pack:///chunks/cd/cd87286564d42a577ada1093f142b4db43415d61.js" loaded.
2026-7-2 16:02:39-debug: D:\工程项目\PlayableAD\Cocos\TheW\20260615_HYQ\HYQ_Project\temp\programming\packer-driver\targets\editor\chunks\dd\ddf9ec67bc21176ab14fd7bef2d6099af7cab4e3.js resolved to D:\工程项目\PlayableAD\Cocos\TheW\20260615_HYQ\HYQ_Project\temp\programming\packer-driver\targets\editor\chunks\dd\ddf9ec67bc21176ab14fd7bef2d6099af7cab4e3.js is not in module cache!
2026-7-2 16:02:39-debug: D:\工程项目\PlayableAD\Cocos\TheW\20260615_HYQ\HYQ_Project\temp\programming\packer-driver\targets\editor\chunks\78\7875e58dc11de4424867c114cd71cf4d379fd7ce.js resolved to D:\工程项目\PlayableAD\Cocos\TheW\20260615_HYQ\HYQ_Project\temp\programming\packer-driver\targets\editor\chunks\78\7875e58dc11de4424867c114cd71cf4d379fd7ce.js is not in module cache!
2026-7-2 16:02:39-debug: D:\工程项目\PlayableAD\Cocos\TheW\20260615_HYQ\HYQ_Project\temp\programming\packer-driver\targets\editor\chunks\6b\6b5ef849a8a91f0cd956b88818795e47d9431e29.js resolved to D:\工程项目\PlayableAD\Cocos\TheW\20260615_HYQ\HYQ_Project\temp\programming\packer-driver\targets\editor\chunks\6b\6b5ef849a8a91f0cd956b88818795e47d9431e29.js is not in module cache!
2026-7-2 16:02:39-debug: D:\工程项目\PlayableAD\Cocos\TheW\20260615_HYQ\HYQ_Project\temp\programming\packer-driver\targets\editor\chunks\12\120cba8f856407335ad8a04347cd4d36bf752a1e.js resolved to D:\工程项目\PlayableAD\Cocos\TheW\20260615_HYQ\HYQ_Project\temp\programming\packer-driver\targets\editor\chunks\12\120cba8f856407335ad8a04347cd4d36bf752a1e.js is not in module cache!
2026-7-2 16:02:39-debug: D:\工程项目\PlayableAD\Cocos\TheW\20260615_HYQ\HYQ_Project\temp\programming\packer-driver\targets\editor\chunks\7c\7cb3e78818d3ca7420c127c4f13ad5587e5cc5d3.js resolved to D:\工程项目\PlayableAD\Cocos\TheW\20260615_HYQ\HYQ_Project\temp\programming\packer-driver\targets\editor\chunks\7c\7cb3e78818d3ca7420c127c4f13ad5587e5cc5d3.js is not in module cache!
2026-7-2 16:02:39-debug: D:\工程项目\PlayableAD\Cocos\TheW\20260615_HYQ\HYQ_Project\temp\programming\packer-driver\targets\editor\chunks\2c\2c40d59e1ac0050bfd5e4aece9657278c88a4b47.js resolved to D:\工程项目\PlayableAD\Cocos\TheW\20260615_HYQ\HYQ_Project\temp\programming\packer-driver\targets\editor\chunks\2c\2c40d59e1ac0050bfd5e4aece9657278c88a4b47.js is not in module cache!
2026-7-2 16:02:39-debug: D:\工程项目\PlayableAD\Cocos\TheW\20260615_HYQ\HYQ_Project\temp\programming\packer-driver\targets\editor\chunks\e2\e2cd37831230a7474a5c89ec9f0764c2d6ce1581.js resolved to D:\工程项目\PlayableAD\Cocos\TheW\20260615_HYQ\HYQ_Project\temp\programming\packer-driver\targets\editor\chunks\e2\e2cd37831230a7474a5c89ec9f0764c2d6ce1581.js is not in module cache!
2026-7-2 16:02:39-debug: D:\工程项目\PlayableAD\Cocos\TheW\20260615_HYQ\HYQ_Project\temp\programming\packer-driver\targets\editor\chunks\6b\6bf6369babd500e0802aeb38d4c346ae3462ef8b.js resolved to D:\工程项目\PlayableAD\Cocos\TheW\20260615_HYQ\HYQ_Project\temp\programming\packer-driver\targets\editor\chunks\6b\6bf6369babd500e0802aeb38d4c346ae3462ef8b.js is not in module cache!
2026-7-2 16:02:39-debug: D:\工程项目\PlayableAD\Cocos\TheW\20260615_HYQ\HYQ_Project\temp\programming\packer-driver\targets\editor\chunks\c1\c14c87720f6e6e7b27f438925fae2cc2d4587268.js resolved to D:\工程项目\PlayableAD\Cocos\TheW\20260615_HYQ\HYQ_Project\temp\programming\packer-driver\targets\editor\chunks\c1\c14c87720f6e6e7b27f438925fae2cc2d4587268.js is not in module cache!
2026-7-2 16:02:39-debug: D:\工程项目\PlayableAD\Cocos\TheW\20260615_HYQ\HYQ_Project\temp\programming\packer-driver\targets\editor\chunks\aa\aa6223cf35796d09344450a14919ad24c61174bb.js resolved to D:\工程项目\PlayableAD\Cocos\TheW\20260615_HYQ\HYQ_Project\temp\programming\packer-driver\targets\editor\chunks\aa\aa6223cf35796d09344450a14919ad24c61174bb.js is not in module cache!
2026-7-2 16:02:39-debug: D:\工程项目\PlayableAD\Cocos\TheW\20260615_HYQ\HYQ_Project\temp\programming\packer-driver\targets\editor\chunks\ac\ac0e66d1df96447f3ea6b579b5067cb87a880d84.js resolved to D:\工程项目\PlayableAD\Cocos\TheW\20260615_HYQ\HYQ_Project\temp\programming\packer-driver\targets\editor\chunks\ac\ac0e66d1df96447f3ea6b579b5067cb87a880d84.js is not in module cache!
2026-7-2 16:02:39-debug: D:\工程项目\PlayableAD\Cocos\TheW\20260615_HYQ\HYQ_Project\temp\programming\packer-driver\targets\editor\chunks\fb\fb231b7b47c244832aa3ed0055e0ff4d6bda9530.js resolved to D:\工程项目\PlayableAD\Cocos\TheW\20260615_HYQ\HYQ_Project\temp\programming\packer-driver\targets\editor\chunks\fb\fb231b7b47c244832aa3ed0055e0ff4d6bda9530.js is not in module cache!
2026-7-2 16:02:39-debug: D:\工程项目\PlayableAD\Cocos\TheW\20260615_HYQ\HYQ_Project\temp\programming\packer-driver\targets\editor\chunks\1e\1e9839fb85f612fea3030115a5d65b742de2db50.js resolved to D:\工程项目\PlayableAD\Cocos\TheW\20260615_HYQ\HYQ_Project\temp\programming\packer-driver\targets\editor\chunks\1e\1e9839fb85f612fea3030115a5d65b742de2db50.js is not in module cache!
2026-7-2 16:02:39-debug: [[Executor]] Register FbxManager
2026-7-2 16:02:39-debug: [[Executor]] Module "pack:///chunks/6b/6b5ef849a8a91f0cd956b88818795e47d9431e29.js" loaded.
2026-7-2 16:02:39-debug: [[Executor]] Module "pack:///chunks/78/7875e58dc11de4424867c114cd71cf4d379fd7ce.js" loaded.
2026-7-2 16:02:39-debug: [[Executor]] Register Role
2026-7-2 16:02:39-debug: [[Executor]] Module "pack:///chunks/1e/1e9839fb85f612fea3030115a5d65b742de2db50.js" loaded.
2026-7-2 16:02:39-debug: [[Executor]] Module "pack:///chunks/fb/fb231b7b47c244832aa3ed0055e0ff4d6bda9530.js" loaded.
2026-7-2 16:02:39-debug: [[Executor]] Register WeaponBulletConfig
2026-7-2 16:02:39-debug: [[Executor]] Module "pack:///chunks/6b/6bf6369babd500e0802aeb38d4c346ae3462ef8b.js" loaded.
2026-7-2 16:02:39-debug: [[Executor]] Module "pack:///chunks/12/120cba8f856407335ad8a04347cd4d36bf752a1e.js" loaded.
2026-7-2 16:02:39-debug: [[Executor]] Register GameOverPanel
2026-7-2 16:02:39-debug: [[Executor]] Register MonsterBattleTaerget
2026-7-2 16:02:39-debug: [[Executor]] Register ArmsInfo
2026-7-2 16:02:39-debug: [[Executor]] Module "pack:///chunks/2c/2c40d59e1ac0050bfd5e4aece9657278c88a4b47.js" loaded.
2026-7-2 16:02:39-debug: [[Executor]] Register PropArms
2026-7-2 16:02:39-debug: [[Executor]] Module "pack:///chunks/aa/aa6223cf35796d09344450a14919ad24c61174bb.js" loaded.
2026-7-2 16:02:39-debug: [[Executor]] Module "pack:///chunks/ac/ac0e66d1df96447f3ea6b579b5067cb87a880d84.js" loaded.
2026-7-2 16:02:39-debug: [[Executor]] Register Player
2026-7-2 16:02:39-debug: [[Executor]] Register PropLalianGate
2026-7-2 16:02:39-debug: [[Executor]] Module "pack:///chunks/c1/c14c87720f6e6e7b27f438925fae2cc2d4587268.js" loaded.
2026-7-2 16:02:39-debug: [[Executor]] Register CreatePropBrand
2026-7-2 16:02:39-debug: [[Executor]] Module "pack:///chunks/e2/e2cd37831230a7474a5c89ec9f0764c2d6ce1581.js" loaded.
2026-7-2 16:02:39-debug: [[Executor]] Register MonsterCreateQueue
2026-7-2 16:02:39-debug: [[Executor]] Register PropBrand
2026-7-2 16:02:39-debug: [[Executor]] Register MonsterCreate
2026-7-2 16:02:39-debug: [[Executor]] Register MonsterCreateInfo
2026-7-2 16:02:39-debug: [[Executor]] Module "pack:///chunks/7c/7cb3e78818d3ca7420c127c4f13ad5587e5cc5d3.js" loaded.
2026-7-2 16:02:39-debug: [[Executor]] Register GuideManager
2026-7-2 16:02:39-debug: [[Executor]] Module "pack:///chunks/dd/ddf9ec67bc21176ab14fd7bef2d6099af7cab4e3.js" loaded.
2026-7-2 16:02:39-debug: [[Executor]] Register ArmsUp
2026-7-2 16:02:39-debug: D:\工程项目\PlayableAD\Cocos\TheW\20260615_HYQ\HYQ_Project\temp\programming\packer-driver\targets\editor\chunks\7d\7d88e9fa4d49091167d5648112015c50cab8c311.js resolved to D:\工程项目\PlayableAD\Cocos\TheW\20260615_HYQ\HYQ_Project\temp\programming\packer-driver\targets\editor\chunks\7d\7d88e9fa4d49091167d5648112015c50cab8c311.js is not in module cache!
2026-7-2 16:02:39-debug: [[Executor]] Module "pack:///chunks/7d/7d88e9fa4d49091167d5648112015c50cab8c311.js" loaded.
2026-7-2 16:02:39-debug: D:\工程项目\PlayableAD\Cocos\TheW\20260615_HYQ\HYQ_Project\temp\programming\packer-driver\targets\editor\chunks\d0\d08abfe279c9195afbafb261981128dda32fee17.js resolved to D:\工程项目\PlayableAD\Cocos\TheW\20260615_HYQ\HYQ_Project\temp\programming\packer-driver\targets\editor\chunks\d0\d08abfe279c9195afbafb261981128dda32fee17.js is not in module cache!
2026-7-2 16:02:39-debug: [[Executor]] Register PropTireGate
2026-7-2 16:02:39-debug: [[Executor]] Module "pack:///chunks/d0/d08abfe279c9195afbafb261981128dda32fee17.js" loaded.
2026-7-2 16:02:39-debug: D:\工程项目\PlayableAD\Cocos\TheW\20260615_HYQ\HYQ_Project\temp\programming\packer-driver\targets\editor\chunks\e4\e49d377195f0f6ca8039098e5e76d909c726c89c.js resolved to D:\工程项目\PlayableAD\Cocos\TheW\20260615_HYQ\HYQ_Project\temp\programming\packer-driver\targets\editor\chunks\e4\e49d377195f0f6ca8039098e5e76d909c726c89c.js is not in module cache!
2026-7-2 16:02:39-debug: D:\工程项目\PlayableAD\Cocos\TheW\20260615_HYQ\HYQ_Project\temp\programming\packer-driver\targets\editor\chunks\c8\c8d2fc621a68aadf290b9938ae81f70dbefcc8d6.js resolved to D:\工程项目\PlayableAD\Cocos\TheW\20260615_HYQ\HYQ_Project\temp\programming\packer-driver\targets\editor\chunks\c8\c8d2fc621a68aadf290b9938ae81f70dbefcc8d6.js is not in module cache!
2026-7-2 16:02:39-debug: [[Executor]] Register RockerUI
2026-7-2 16:02:39-debug: [[Executor]] Module "pack:///chunks/c8/c8d2fc621a68aadf290b9938ae81f70dbefcc8d6.js" loaded.
2026-7-2 16:02:39-debug: [[Executor]] Register RockerMouseEvent
2026-7-2 16:02:39-debug: [[Executor]] Module "pack:///chunks/e4/e49d377195f0f6ca8039098e5e76d909c726c89c.js" loaded.
2026-7-2 16:02:39-debug: D:\工程项目\PlayableAD\Cocos\TheW\20260615_HYQ\HYQ_Project\temp\programming\packer-driver\targets\editor\chunks\41\41b6ef284e15d0779c96601cab9a95a7c5e5919b.js resolved to D:\工程项目\PlayableAD\Cocos\TheW\20260615_HYQ\HYQ_Project\temp\programming\packer-driver\targets\editor\chunks\41\41b6ef284e15d0779c96601cab9a95a7c5e5919b.js is not in module cache!
2026-7-2 16:02:39-debug: D:\工程项目\PlayableAD\Cocos\TheW\20260615_HYQ\HYQ_Project\temp\programming\packer-driver\targets\editor\chunks\5f\5fd5284b513982ea020d8e9513905cac6e75919a.js resolved to D:\工程项目\PlayableAD\Cocos\TheW\20260615_HYQ\HYQ_Project\temp\programming\packer-driver\targets\editor\chunks\5f\5fd5284b513982ea020d8e9513905cac6e75919a.js is not in module cache!
2026-7-2 16:02:39-debug: D:\工程项目\PlayableAD\Cocos\TheW\20260615_HYQ\HYQ_Project\temp\programming\packer-driver\targets\editor\chunks\1b\1b6bd2739873dc60bb0e67b18f2ae1f3b116fb07.js resolved to D:\工程项目\PlayableAD\Cocos\TheW\20260615_HYQ\HYQ_Project\temp\programming\packer-driver\targets\editor\chunks\1b\1b6bd2739873dc60bb0e67b18f2ae1f3b116fb07.js is not in module cache!
2026-7-2 16:02:39-debug: D:\工程项目\PlayableAD\Cocos\TheW\20260615_HYQ\HYQ_Project\temp\programming\packer-driver\targets\editor\chunks\c4\c409a49d391cd0107339e604abf784bacdef4b02.js resolved to D:\工程项目\PlayableAD\Cocos\TheW\20260615_HYQ\HYQ_Project\temp\programming\packer-driver\targets\editor\chunks\c4\c409a49d391cd0107339e604abf784bacdef4b02.js is not in module cache!
2026-7-2 16:02:39-debug: [[Executor]] Register ShoppIngEvent
2026-7-2 16:02:39-debug: [[Executor]] Module "pack:///chunks/c4/c409a49d391cd0107339e604abf784bacdef4b02.js" loaded.
2026-7-2 16:02:39-debug: [[Executor]] Register Shopping
2026-7-2 16:02:39-debug: [[Executor]] Module "pack:///chunks/5f/5fd5284b513982ea020d8e9513905cac6e75919a.js" loaded.
2026-7-2 16:02:39-debug: [[Executor]] Register BuyWay2D
2026-7-2 16:02:39-debug: [[Executor]] Register BuyWayBase
2026-7-2 16:02:39-debug: [[Executor]] Module "pack:///chunks/1b/1b6bd2739873dc60bb0e67b18f2ae1f3b116fb07.js" loaded.
2026-7-2 16:02:39-debug: [[Executor]] Module "pack:///chunks/41/41b6ef284e15d0779c96601cab9a95a7c5e5919b.js" loaded.
2026-7-2 16:02:39-debug: D:\工程项目\PlayableAD\Cocos\TheW\20260615_HYQ\HYQ_Project\temp\programming\packer-driver\targets\editor\chunks\99\9957d51b35d223fa476f8f6dcd2b5d011a93ab2f.js resolved to D:\工程项目\PlayableAD\Cocos\TheW\20260615_HYQ\HYQ_Project\temp\programming\packer-driver\targets\editor\chunks\99\9957d51b35d223fa476f8f6dcd2b5d011a93ab2f.js is not in module cache!
2026-7-2 16:02:39-debug: [[Executor]] Register BuyWay3D
2026-7-2 16:02:39-debug: [[Executor]] Module "pack:///chunks/99/9957d51b35d223fa476f8f6dcd2b5d011a93ab2f.js" loaded.
2026-7-2 16:02:39-debug: D:\工程项目\PlayableAD\Cocos\TheW\20260615_HYQ\HYQ_Project\temp\programming\packer-driver\targets\editor\chunks\d8\d87351923699bbc0b3bf2e76b9d6665983f7b324.js resolved to D:\工程项目\PlayableAD\Cocos\TheW\20260615_HYQ\HYQ_Project\temp\programming\packer-driver\targets\editor\chunks\d8\d87351923699bbc0b3bf2e76b9d6665983f7b324.js is not in module cache!
2026-7-2 16:02:39-debug: [[Executor]] Register Shopping_Super
2026-7-2 16:02:39-debug: [[Executor]] Module "pack:///chunks/d8/d87351923699bbc0b3bf2e76b9d6665983f7b324.js" loaded.
2026-7-2 16:02:39-debug: [[Executor]] Register ShoppingItem
2026-7-2 16:02:39-debug: D:\工程项目\PlayableAD\Cocos\TheW\20260615_HYQ\HYQ_Project\temp\programming\packer-driver\targets\editor\chunks\b8\b8ff2efe0a5ef0b3134c1c0a100a2fc7e48d38e3.js resolved to D:\工程项目\PlayableAD\Cocos\TheW\20260615_HYQ\HYQ_Project\temp\programming\packer-driver\targets\editor\chunks\b8\b8ff2efe0a5ef0b3134c1c0a100a2fc7e48d38e3.js is not in module cache!
2026-7-2 16:02:39-debug: [[Executor]] Register FrameAnimManager
2026-7-2 16:02:39-debug: [[Executor]] Module "pack:///chunks/b8/b8ff2efe0a5ef0b3134c1c0a100a2fc7e48d38e3.js" loaded.
2026-7-2 16:02:39-debug: D:\工程项目\PlayableAD\Cocos\TheW\20260615_HYQ\HYQ_Project\temp\programming\packer-driver\targets\editor\chunks\83\8354ac407215243163174d3e83d4cdab306051e3.js resolved to D:\工程项目\PlayableAD\Cocos\TheW\20260615_HYQ\HYQ_Project\temp\programming\packer-driver\targets\editor\chunks\83\8354ac407215243163174d3e83d4cdab306051e3.js is not in module cache!
2026-7-2 16:02:39-debug: [[Executor]] Register FrameManager
2026-7-2 16:02:39-debug: [[Executor]] Module "pack:///chunks/83/8354ac407215243163174d3e83d4cdab306051e3.js" loaded.
2026-7-2 16:02:39-debug: D:\工程项目\PlayableAD\Cocos\TheW\20260615_HYQ\HYQ_Project\temp\programming\packer-driver\targets\editor\chunks\84\848ca7bc3c110f0554094ecf01b3a37b01ea9dfd.js resolved to D:\工程项目\PlayableAD\Cocos\TheW\20260615_HYQ\HYQ_Project\temp\programming\packer-driver\targets\editor\chunks\84\848ca7bc3c110f0554094ecf01b3a37b01ea9dfd.js is not in module cache!
2026-7-2 16:02:39-debug: [[Executor]] Register UIButtonEvent
2026-7-2 16:02:39-debug: [[Executor]] Module "pack:///chunks/84/848ca7bc3c110f0554094ecf01b3a37b01ea9dfd.js" loaded.
2026-7-2 16:02:39-debug: D:\工程项目\PlayableAD\Cocos\TheW\20260615_HYQ\HYQ_Project\temp\programming\packer-driver\targets\editor\chunks\7e\7ece20e41250ede0e4707962498ddfd8c4453b24.js resolved to D:\工程项目\PlayableAD\Cocos\TheW\20260615_HYQ\HYQ_Project\temp\programming\packer-driver\targets\editor\chunks\7e\7ece20e41250ede0e4707962498ddfd8c4453b24.js is not in module cache!
2026-7-2 16:02:39-debug: D:\工程项目\PlayableAD\Cocos\TheW\20260615_HYQ\HYQ_Project\temp\programming\packer-driver\targets\editor\chunks\95\95d64f4c8aa166ee79b72d7add5021b420a7ce33.js resolved to D:\工程项目\PlayableAD\Cocos\TheW\20260615_HYQ\HYQ_Project\temp\programming\packer-driver\targets\editor\chunks\95\95d64f4c8aa166ee79b72d7add5021b420a7ce33.js is not in module cache!
2026-7-2 16:02:39-debug: D:\工程项目\PlayableAD\Cocos\TheW\20260615_HYQ\HYQ_Project\temp\programming\packer-driver\targets\editor\chunks\23\23f4bc413c460b50ee5cc83636bb099609a379fd.js resolved to D:\工程项目\PlayableAD\Cocos\TheW\20260615_HYQ\HYQ_Project\temp\programming\packer-driver\targets\editor\chunks\23\23f4bc413c460b50ee5cc83636bb099609a379fd.js is not in module cache!
2026-7-2 16:02:39-debug: D:\工程项目\PlayableAD\Cocos\TheW\20260615_HYQ\HYQ_Project\temp\programming\packer-driver\targets\editor\chunks\e9\e9668b02254f4db9826696b9dfb6914087bee6cc.js resolved to D:\工程项目\PlayableAD\Cocos\TheW\20260615_HYQ\HYQ_Project\temp\programming\packer-driver\targets\editor\chunks\e9\e9668b02254f4db9826696b9dfb6914087bee6cc.js is not in module cache!
2026-7-2 16:02:39-debug: [[Executor]] Module "pack:///chunks/95/95d64f4c8aa166ee79b72d7add5021b420a7ce33.js" loaded.
2026-7-2 16:02:39-debug: D:\工程项目\PlayableAD\Cocos\TheW\20260615_HYQ\HYQ_Project\temp\programming\packer-driver\targets\editor\chunks\4a\4a434c55814df4d84e6cd9fee04d3f21bfa74070.js resolved to D:\工程项目\PlayableAD\Cocos\TheW\20260615_HYQ\HYQ_Project\temp\programming\packer-driver\targets\editor\chunks\4a\4a434c55814df4d84e6cd9fee04d3f21bfa74070.js is not in module cache!
2026-7-2 16:02:39-debug: [[Executor]] Module "pack:///chunks/4a/4a434c55814df4d84e6cd9fee04d3f21bfa74070.js" loaded.
2026-7-2 16:02:39-debug: [[Executor]] Module "pack:///chunks/23/23f4bc413c460b50ee5cc83636bb099609a379fd.js" loaded.
2026-7-2 16:02:39-debug: [[Executor]] Module "pack:///chunks/7e/7ece20e41250ede0e4707962498ddfd8c4453b24.js" loaded.
2026-7-2 16:02:39-debug: [[Executor]] Register StutterCheck
2026-7-2 16:02:39-debug: [[Executor]] Module "pack:///chunks/e9/e9668b02254f4db9826696b9dfb6914087bee6cc.js" loaded.
2026-7-2 16:02:39-debug: D:\工程项目\PlayableAD\Cocos\TheW\20260615_HYQ\HYQ_Project\temp\programming\packer-driver\targets\editor\chunks\4d\4d68417d37cd80fe73d65d56dfe11dd26e9ef91a.js resolved to D:\工程项目\PlayableAD\Cocos\TheW\20260615_HYQ\HYQ_Project\temp\programming\packer-driver\targets\editor\chunks\4d\4d68417d37cd80fe73d65d56dfe11dd26e9ef91a.js is not in module cache!
2026-7-2 16:02:39-debug: [[Executor]] Module "pack:///chunks/6d/6d8fd2b0177941b032ddc0733af48a561fb60657.js" loaded.
2026-7-2 16:02:39-debug: [[Executor]] Module "pack:///chunks/4d/4d68417d37cd80fe73d65d56dfe11dd26e9ef91a.js" loaded.
2026-7-2 16:02:39-debug: [[Executor]] after unlock
2026-7-2 16:02:39-debug: Incremental keys: regeneratorRuntime,b2jsb
2026-7-2 16:02:39-debug: Init bundle share assets start..., progress: 9%
2026-7-2 16:02:39-debug: Init bundle share assets start..., progress: 13%
2026-7-2 16:02:39-warn: The Mesh used by component "cc.MeshRenderer" in prefab "Role_2" is missing. Detailed information:Node path: "Role_2/New Node/Bip001 Prop1 Socket/jiateling01"Asset url: "db://assets/GameRes/Prefab/Role_2"Missing uuid: "03189dd5-73dd-4e52-8644-1ff1a122b972@18a45"
2026-7-2 16:02:39-warn: The Mesh used by component "cc.MeshRenderer" in prefab "Role_1" is missing. Detailed information:Node path: "Role_1/New Node/Bip001 Prop1 Socket/jiateling01"Asset url: "db://assets/GameRes/Prefab/Role_1"Missing uuid: "03189dd5-73dd-4e52-8644-1ff1a122b972@18a45"
2026-7-2 16:02:39-warn: The Mesh used by component "cc.MeshRenderer" in prefab "Role_2" is missing. Detailed information:Node path: "Role_2/New Node/Bip001 Prop1 Socket/jiateling01"Asset url: "db://assets/GameRes/Prefab/Role_2"Missing uuid: "03189dd5-73dd-4e52-8644-1ff1a122b972@18a45"
2026-7-2 16:02:39-debug: Init bundle share assets success..., progress: 9%
2026-7-2 16:02:39-debug: Init bundle share assets success..., progress: 13%
2026-7-2 16:02:40-debug: handle json group in bundle internal
2026-7-2 16:02:40-debug: handle json group in bundle internal success
2026-7-2 16:02:40-debug: init image compress task 0 in bundle internal
2026-7-2 16:02:40-debug: handle json group in bundle resources
2026-7-2 16:02:40-debug: handle json group in bundle resources success
2026-7-2 16:02:40-debug: init image compress task 0 in bundle resources
2026-7-2 16:02:40-debug: [json-group] check self or raw asset, skip. 799add5f-4370-4ee6-b0a4-aca1ebcd06a3 depended by 799add5f-4370-4ee6-b0a4-aca1ebcd06a3 has checked in raw asset 799add5f-4370-4ee6-b0a4-aca1ebcd06a3/bundle(main)}
2026-7-2 16:02:40-debug: [json-group] check self or raw asset, skip. 799add5f-4370-4ee6-b0a4-aca1ebcd06a3 depended by 799add5f-4370-4ee6-b0a4-aca1ebcd06a3 has checked in raw asset b5805d3a-3b80-4a12-adf5-588e63a7d886/bundle(main)}
2026-7-2 16:02:40-debug: [json-group] check self or raw asset, skip. f96153eb-6f89-4aad-b84b-808954761c02 depended by f96153eb-6f89-4aad-b84b-808954761c02 has checked in raw asset f96153eb-6f89-4aad-b84b-808954761c02/bundle(main)}
2026-7-2 16:02:40-debug: [json-group] check self or raw asset, skip. f96153eb-6f89-4aad-b84b-808954761c02 depended by f96153eb-6f89-4aad-b84b-808954761c02 has checked in raw asset b5805d3a-3b80-4a12-adf5-588e63a7d886/bundle(main)}
2026-7-2 16:02:40-debug: handle json group in bundle main success
2026-7-2 16:02:40-debug: init image compress task 0 in bundle main
2026-7-2 16:02:40-debug: handle json group in bundle main
2026-7-2 16:02:40-debug: // ---- build task 查询 Asset Bundle ---- (642ms)
2026-7-2 16:02:40-debug: [Build Memory track]: 查询 Asset Bundle start:249.93MB, end 259.60MB, increase: 9.68MB
2026-7-2 16:02:40-debug: // ---- build task 查询 Asset Bundle ----
2026-7-2 16:02:40-log: run build task 查询 Asset Bundle success in 642 ms√, progress: 14%
2026-7-2 16:02:40-debug: 查询 Asset Bundle start, progress: 14%
2026-7-2 16:02:40-debug: // ---- build task 查询 Asset Bundle ---- (75ms)
2026-7-2 16:02:40-log: run build task 查询 Asset Bundle success in 75 ms√, progress: 19%
2026-7-2 16:02:40-debug: 打包脚本 start, progress: 19%
2026-7-2 16:02:40-debug: [Build Memory track]: 查询 Asset Bundle start:259.64MB, end 259.94MB, increase: 306.89KB
2026-7-2 16:02:40-debug: // ---- build task 打包脚本 ----
2026-7-2 16:02:40-log: [buildPolyfillsCommand]enter sub process 10456, 9229, see: chrome://inspect/#devices
2026-7-2 16:02:44-debug: execute-script-end with buildPolyfillsCommand 4510ms
2026-7-2 16:02:44-debug: Generate systemJs..., progress: 19%
2026-7-2 16:02:48-debug: execute-script-end with buildSystemJsCommand 4324ms
2026-7-2 16:02:48-debug: 构建项目脚本 start..., progress: 19%
2026-7-2 16:02:48-debug: 构建项目脚本 start..., progress: 13%
2026-7-2 16:02:54-warn: [buildScriptCommand][[Build.Script.Rollup]] Circular dependency: file:///D:/%E5%B7%A5%E7%A8%8B%E9%A1%B9%E7%9B%AE/PlayableAD/Cocos/TheW/20260615_HYQ/HYQ_Project/assets/Script/functionS/Jump/JumpManager.ts -> file:///D:/%E5%B7%A5%E7%A8%8B%E9%A1%B9%E7%9B%AE/PlayableAD/Cocos/TheW/20260615_HYQ/HYQ_Project/assets/Script/functionS/Jump/JumpDriveEngine.ts -> file:///D:/%E5%B7%A5%E7%A8%8B%E9%A1%B9%E7%9B%AE/PlayableAD/Cocos/TheW/20260615_HYQ/HYQ_Project/assets/Script/functionS/Jump/JumpManager.ts
2026-7-2 16:02:54-warn: [buildScriptCommand][[Build.Script.Rollup]] Circular dependency: file:///D:/%E5%B7%A5%E7%A8%8B%E9%A1%B9%E7%9B%AE/PlayableAD/Cocos/TheW/20260615_HYQ/HYQ_Project/assets/Script/functionS/Other/PropArms.ts -> file:///D:/%E5%B7%A5%E7%A8%8B%E9%A1%B9%E7%9B%AE/PlayableAD/Cocos/TheW/20260615_HYQ/HYQ_Project/assets/Script/functionS/Monster/MonsterCreate.ts -> file:///D:/%E5%B7%A5%E7%A8%8B%E9%A1%B9%E7%9B%AE/PlayableAD/Cocos/TheW/20260615_HYQ/HYQ_Project/assets/Script/functionS/Other/PropArms.ts[warning][[Build.Script.Rollup]] Circular dependency: file:///D:/%E5%B7%A5%E7%A8%8B%E9%A1%B9%E7%9B%AE/PlayableAD/Cocos/TheW/20260615_HYQ/HYQ_Project/extensions/super-packager/package_assets/JiangYv/PBASDK-v3/PrintComponent.ts -> file:///D:/%E5%B7%A5%E7%A8%8B%E9%A1%B9%E7%9B%AE/PlayableAD/Cocos/TheW/20260615_HYQ/HYQ_Project/extensions/super-packager/package_assets/JiangYv/PBASDK-v3/StutterCheck.ts -> file:///D:/%E5%B7%A5%E7%A8%8B%E9%A1%B9%E7%9B%AE/PlayableAD/Cocos/TheW/20260615_HYQ/HYQ_Project/extensions/super-packager/package_assets/JiangYv/PBASDK-v3/PrintComponent.ts
2026-7-2 16:02:58-log: [buildScriptCommand]Number of non-entry chunks: 3
2026-7-2 16:02:58-debug: execute-script-end with buildScriptCommand 9700ms
2026-7-2 16:02:58-debug: Copy externalScripts success!
2026-7-2 16:02:58-debug: 构建项目脚本 in (9748 ms) √, progress: 19%
2026-7-2 16:02:58-debug: 构建项目脚本 in (9748 ms) √, progress: 13%
2026-7-2 16:02:58-debug: 构建引擎脚本 start..., progress: 19%
2026-7-2 16:02:58-debug: mangleProperties is enabled, found engine-mangle-config.json, use it
2026-7-2 16:02:58-debug: Error: Exit process with code:null, signal:SIGTERM in task build-script    at ChildProcess.<anonymous> (C:\ProgramData\cocos\editors\Creator\3.8.7\resources\app.asar\builtin\builder\dist\worker\worker-pools\sub-process-manager.ccc:1:2409)    at ChildProcess.emit (node:events:519:28)    at Process.ChildProcess._handle.onexit (node:internal/child_process:294:12)
2026-7-2 16:02:58-debug: Use cache engine: {link(C:\Users\Admin\AppData\Local\Temp\CocosCreator\3.8.7\builder\engine\a154ee511c93165416d720dbd46d8d34)}
2026-7-2 16:02:58-debug: Use cache, md5String: debug=false,sourceMaps=false,includeModules=["2d","3d","animation","audio","base","custom-pipeline","gfx-webgl","gfx-webgl2","graphics","particle","physics-2d-box2d","physics-ammo","primitive","profiler","skeletal-animation","tween","ui","custom-pipeline-builtin-scripts"],engineVersion="3.8.7",platformType="HTML5",split=false,nativeCodeBundleMode="asmjs",targets=undefined,entry="C:\\ProgramData\\cocos\\editors\\Creator\\3.8.7\\resources\\resources\\3d\\engine",noDeprecatedFeatures=undefined,loose=true,assetURLFormat="runtime-resolved",flags={"DEBUG":false,"LOAD_BULLET_MANUALLY":false,"LOAD_SPINE_MANUALLY":false,"WEBGPU":false},preserveType=undefined,wasmCompressionMode=false,enableNamedRegisterForSystemJSModuleFormat=undefined,mangleProperties=false,inlineEnum=true,
2026-7-2 16:02:58-debug: Use cache, options: {  "entry": "C:\\ProgramData\\cocos\\editors\\Creator\\3.8.7\\resources\\resources\\3d\\engine",  "debug": false,  "mangleProperties": false,  "inlineEnum": true,  "sourceMaps": false,  "includeModules": [    "2d",    "3d",    "animation",    "audio",    "base",    "custom-pipeline",    "gfx-webgl",    "gfx-webgl2",    "graphics",    "particle",    "physics-2d-box2d",    "physics-ammo",    "primitive",    "profiler",    "skeletal-animation",    "tween",    "ui",    "custom-pipeline-builtin-scripts"  ],  "engineVersion": "3.8.7",  "md5Map": [],  "engineName": "cocos-js",  "output": "D:\\工程项目\\PlayableAD\\Cocos\\TheW\\20260615_HYQ\\HYQ_Project\\build\\web-mobile\\cocos-js",  "platformType": "HTML5",  "useCache": true,  "nativeCodeBundleMode": "asmjs",  "wasmCompressionMode": false,  "split": false,  "assetURLFormat": "runtime-resolved",  "flags": {    "DEBUG": false,    "LOAD_BULLET_MANUALLY": false,    "LOAD_SPINE_MANUALLY": false,    "WEBGPU": false  }}
2026-7-2 16:02:58-debug: 构建引擎脚本 in (141 ms) √, progress: 19%
2026-7-2 16:02:58-debug: Generate import-map..., progress: 19%
2026-7-2 16:02:58-debug: Copy plugin script ..., progress: 19%
2026-7-2 16:02:58-debug: // ---- build task 打包脚本 ---- (18806ms)
2026-7-2 16:02:58-log: run build task 打包脚本 success in 18 s√, progress: 24%
2026-7-2 16:02:58-debug: [Build Memory track]: 打包脚本 start:260.10MB, end 260.67MB, increase: 584.17KB
2026-7-2 16:02:58-debug: Build Assets start, progress: 24%
2026-7-2 16:02:58-debug: // ---- build task Build Assets ----
2026-7-2 16:02:58-debug: Pack Images start, progress: 13%
2026-7-2 16:02:58-debug: Build bundles..., progress: 24%
2026-7-2 16:02:58-debug: Pack Images start, progress: 24%
2026-7-2 16:02:58-debug: Number of pac assets: 3
2026-7-2 16:02:59-debug: Get Cache info of pac success {asset(b74fc0c2-4c67-4dd4-8d74-9612ad56cfb1)}
2026-7-2 16:02:59-debug: Get Cache info of pac success {asset(17513a27-4f11-4047-a0be-8d0cb6187b9e)}
2026-7-2 16:02:59-debug: start collect depend assets in pac17513a27-4f11-4047-a0be-8d0cb6187b9e
2026-7-2 16:02:59-debug: start sort bundle in pacb74fc0c2-4c67-4dd4-8d74-9612ad56cfb1
2026-7-2 16:02:59-debug: start collect depend assets in pacb74fc0c2-4c67-4dd4-8d74-9612ad56cfb1
2026-7-2 16:02:59-debug: Number of pack results: 2
2026-7-2 16:02:59-debug: end sort bundle in pacb74fc0c2-4c67-4dd4-8d74-9612ad56cfb1
2026-7-2 16:02:59-debug: start sort bundle in pac17513a27-4f11-4047-a0be-8d0cb6187b9e
2026-7-2 16:02:59-debug: end sort bundle in pac17513a27-4f11-4047-a0be-8d0cb6187b9e
2026-7-2 16:02:59-debug: builder:pack-auto-atlas-image (179ms)
2026-7-2 16:02:59-debug: Compress image start..., progress: 24%
2026-7-2 16:02:59-debug: Pack Images success, progress: 24%
2026-7-2 16:02:59-debug: Compress image start..., progress: 13%
2026-7-2 16:02:59-debug: sort compress task {}
2026-7-2 16:02:59-debug: Num of all image compress task 0, really: 0, configTasks: 0
2026-7-2 16:02:59-debug: Compress image success..., progress: 24%
2026-7-2 16:02:59-debug: Pack Images success, progress: 13%
2026-7-2 16:02:59-debug: Output asset in bundles start, progress: 24%
2026-7-2 16:02:59-debug: Output asset in bundles start, progress: 13%
2026-7-2 16:02:59-debug: No image need to compress
2026-7-2 16:02:59-debug: Handle all json groups in bundle internal
2026-7-2 16:02:59-debug: handle json group
2026-7-2 16:02:59-debug: Handle all json groups in bundle resources
2026-7-2 16:02:59-debug: Compress image success..., progress: 13%
2026-7-2 16:02:59-debug: Handle all json groups in bundle main
2026-7-2 16:02:59-debug: handle json group
2026-7-2 16:02:59-debug: handle json group
2026-7-2 16:02:59-debug: Json group(033f45a16) compile success，json number: 6
2026-7-2 16:02:59-debug: Json group(0b54f34d0) compile success，json number: 6
2026-7-2 16:02:59-debug: handle single json
2026-7-2 16:02:59-debug: Json group(08cbea60a) compile success，json number: 6
2026-7-2 16:02:59-debug: Json group(0a84a1761) compile success，json number: 6
2026-7-2 16:02:59-debug: Json group(09e986d7f) compile success，json number: 6
2026-7-2 16:02:59-debug: Json group(0a8b38f43) compile success，json number: 6
2026-7-2 16:02:59-debug: Json group(05a6ba422) compile success，json number: 6
2026-7-2 16:02:59-debug: handle single json
2026-7-2 16:02:59-debug: Json group(0bd960b15) compile success，json number: 6
2026-7-2 16:02:59-debug: Json group(05d786f3c) compile success，json number: 6
2026-7-2 16:02:59-debug: Json group(0a9a16365) compile success，json number: 6
2026-7-2 16:02:59-debug: Json group(0939f5774) compile success，json number: 6
2026-7-2 16:02:59-debug: Json group(04d1efb95) compile success，json number: 6
2026-7-2 16:02:59-debug: Json group(05ff4bf9a) compile success，json number: 6
2026-7-2 16:02:59-debug: Json group(058888a4d) compile success，json number: 6
2026-7-2 16:02:59-debug: Json group(0aa2d87de) compile success，json number: 6
2026-7-2 16:02:59-debug: Json group(0936a916b) compile success，json number: 6
2026-7-2 16:02:59-debug: Json group(0b3e0b1ce) compile success，json number: 6
2026-7-2 16:02:59-debug: Json group(03bca836c) compile success，json number: 6
2026-7-2 16:02:59-debug: Json group(018f8689b) compile success，json number: 6
2026-7-2 16:02:59-debug: Json group(09f4a3c5f) compile success，json number: 6
2026-7-2 16:02:59-debug: Json group(0573d1736) compile success，json number: 6
2026-7-2 16:02:59-warn: The Mesh used by component "cc.MeshRenderer" in prefab "Role_2" is missing. Detailed information:Node path: "Role_2/New Node/Bip001 Prop1 Socket/jiateling01"Asset url: "db://assets/GameRes/Prefab/Role_2"Missing uuid: "03189dd5-73dd-4e52-8644-1ff1a122b972@18a45"
2026-7-2 16:02:59-warn: The Mesh used by component "cc.MeshRenderer" in prefab "Role_2" is missing. Detailed information:Node path: "Role_2/New Node/Bip001 Prop1 Socket/jiateling01"Asset url: "db://assets/GameRes/Prefab/Role_2"Missing uuid: "03189dd5-73dd-4e52-8644-1ff1a122b972@18a45"
2026-7-2 16:02:59-debug: Json group(0d1405e99) compile success，json number: 6
2026-7-2 16:02:59-debug: Json group(0fbb3d0d7) compile success，json number: 6
2026-7-2 16:02:59-debug: Json group(0b756a9e5) compile success，json number: 6
2026-7-2 16:02:59-debug: Json group(0acdaf410) compile success，json number: 6
2026-7-2 16:02:59-debug: Json group(045d59844) compile success，json number: 6
2026-7-2 16:02:59-debug: Json group(03d712220) compile success，json number: 6
2026-7-2 16:02:59-debug: Json group(0418d0963) compile success，json number: 6
2026-7-2 16:03:00-debug: Json group(0d46b5455) compile success，json number: 6
2026-7-2 16:03:00-debug: Json group(0d76502e0) compile success，json number: 6
2026-7-2 16:03:00-warn: The Mesh used by component "cc.MeshRenderer" in prefab "Role_1" is missing. Detailed information:Node path: "Role_1/New Node/Bip001 Prop1 Socket/jiateling01"Asset url: "db://assets/GameRes/Prefab/Role_1"Missing uuid: "03189dd5-73dd-4e52-8644-1ff1a122b972@18a45"
2026-7-2 16:03:00-debug: Json group(0abde5576) compile success，json number: 6
2026-7-2 16:03:00-debug: Json group(05744dfbc) compile success，json number: 6
2026-7-2 16:03:00-debug: handle single json
2026-7-2 16:03:00-debug: Output asset in bundles success, progress: 24%
2026-7-2 16:03:00-debug: Output asset in bundles success, progress: 13%
2026-7-2 16:03:00-debug: Output asset in bundles start, progress: 24%
2026-7-2 16:03:00-debug: Output asset in bundles start, progress: 13%
2026-7-2 16:03:00-debug: compress config of bundle internal success
2026-7-2 16:03:00-debug: compress config of bundle internal...
2026-7-2 16:03:00-debug: compress config of bundle resources...
2026-7-2 16:03:00-debug: compress config of bundle main...
2026-7-2 16:03:00-debug: compress config of bundle resources success
2026-7-2 16:03:00-debug: compress config of bundle main success
2026-7-2 16:03:00-debug: output config of bundle internal
2026-7-2 16:03:00-debug: output config of bundle internal success
2026-7-2 16:03:00-debug: output config of bundle resources
2026-7-2 16:03:00-debug: output config of bundle resources success
2026-7-2 16:03:00-debug: output config of bundle main success
2026-7-2 16:03:00-debug: Output asset in bundles success, progress: 24%
2026-7-2 16:03:00-debug: Output asset in bundles success, progress: 13%
2026-7-2 16:03:00-debug: output config of bundle main
2026-7-2 16:03:00-debug: // ---- build task Build Assets ---- (2022ms)
2026-7-2 16:03:00-log: run build task Build Assets success in 2 s√, progress: 29%
2026-7-2 16:03:00-debug: 整理部分构建选项内数据到 settings.json start, progress: 29%
2026-7-2 16:03:00-debug: // ---- build task 整理部分构建选项内数据到 settings.json ----
2026-7-2 16:03:00-debug: [Build Memory track]: Build Assets start:260.71MB, end 272.67MB, increase: 11.97MB
2026-7-2 16:03:00-debug: // ---- build task 整理部分构建选项内数据到 settings.json ---- (46ms)
2026-7-2 16:03:00-log: run build task 整理部分构建选项内数据到 settings.json success in 46 ms√, progress: 31%
2026-7-2 16:03:00-debug: // ---- build task 填充脚本数据到 settings.json ----
2026-7-2 16:03:00-debug: 填充脚本数据到 settings.json start, progress: 31%
2026-7-2 16:03:00-debug: [Build Memory track]: 整理部分构建选项内数据到 settings.json start:272.79MB, end 272.87MB, increase: 87.84KB
2026-7-2 16:03:01-debug: // ---- build task 填充脚本数据到 settings.json ---- (45ms)
2026-7-2 16:03:01-log: run build task 填充脚本数据到 settings.json success in 45 ms√, progress: 32%
2026-7-2 16:03:01-debug: // ---- build task 整理部分构建选项内数据到 settings.json ----
2026-7-2 16:03:01-debug: [Build Memory track]: 填充脚本数据到 settings.json start:272.91MB, end 272.98MB, increase: 66.60KB
2026-7-2 16:03:01-debug: 整理部分构建选项内数据到 settings.json start, progress: 32%
2026-7-2 16:03:01-debug: // ---- build task 整理部分构建选项内数据到 settings.json ---- (326ms)
2026-7-2 16:03:01-log: run build task 整理部分构建选项内数据到 settings.json success in 326 ms√, progress: 34%
2026-7-2 16:03:01-debug: // ---- build task web-mobile：onBeforeCompressSettings ----
2026-7-2 16:03:01-debug: web-mobile:(onBeforeCompressSettings) start..., progress: 34%
2026-7-2 16:03:01-debug: [Build Memory track]: 整理部分构建选项内数据到 settings.json start:273.01MB, end 273.14MB, increase: 130.07KB
2026-7-2 16:03:01-debug: // ---- build task web-mobile：onBeforeCompressSettings ---- (32ms)
2026-7-2 16:03:01-debug: web-mobile:(onBeforeCompressSettings) in 32 ms ✓, progress: 36%
2026-7-2 16:03:01-debug: cocos-service:(onBeforeCompressSettings) start..., progress: 36%
2026-7-2 16:03:01-debug: // ---- build task cocos-service：onBeforeCompressSettings ----
2026-7-2 16:03:01-debug: // ---- build task cocos-service：onBeforeCompressSettings ---- (139ms)
2026-7-2 16:03:01-debug: super-packager:(onBeforeCompressSettings) start..., progress: 38%
2026-7-2 16:03:01-debug: cocos-service:(onBeforeCompressSettings) in 139 ms ✓, progress: 38%
2026-7-2 16:03:01-log: [SUPER_PACKAGE]onBeforeCompressSettings
2026-7-2 16:03:01-debug: // ---- build task super-packager：onBeforeCompressSettings ----
2026-7-2 16:03:01-debug: // ---- build task super-packager：onBeforeCompressSettings ---- (38ms)
2026-7-2 16:03:01-debug: 整理静态模板文件 start, progress: 40%
2026-7-2 16:03:01-debug: // ---- build task 整理静态模板文件 ----
2026-7-2 16:03:01-debug: super-packager:(onBeforeCompressSettings) in 38 ms ✓, progress: 40%
2026-7-2 16:03:01-debug: // ---- build task 整理静态模板文件 ---- (177ms)
2026-7-2 16:03:01-log: run build task 整理静态模板文件 success in 177 ms√, progress: 45%
2026-7-2 16:03:01-debug: // ---- build task cocos-service：onAfterCompressSettings ----
2026-7-2 16:03:01-debug: [Build Memory track]: 整理静态模板文件 start:273.52MB, end 276.78MB, increase: 3.26MB
2026-7-2 16:03:01-debug: cocos-service:(onAfterCompressSettings) start..., progress: 45%
2026-7-2 16:03:01-debug: // ---- build task cocos-service：onAfterCompressSettings ---- (86ms)
2026-7-2 16:03:01-debug: cocos-service:(onAfterCompressSettings) in 86 ms ✓, progress: 46%
2026-7-2 16:03:01-log: [SUPER_PACKAGE]onAfterCompressSettings
2026-7-2 16:03:01-debug: super-packager:(onAfterCompressSettings) start..., progress: 46%
2026-7-2 16:03:01-debug: // ---- build task super-packager：onAfterCompressSettings ----
2026-7-2 16:03:01-debug: // ---- build task super-packager：onAfterCompressSettings ---- (36ms)
2026-7-2 16:03:01-debug: super-packager:(onAfterCompressSettings) in 36 ms ✓, progress: 48%
2026-7-2 16:03:01-debug: // ---- build task web-mobile：onBeforeCopyBuildTemplate ----
2026-7-2 16:03:01-debug: web-mobile:(onBeforeCopyBuildTemplate) start..., progress: 48%
2026-7-2 16:03:02-debug: // ---- build task web-mobile：onBeforeCopyBuildTemplate ---- (139ms)
2026-7-2 16:03:02-debug: web-mobile:(onBeforeCopyBuildTemplate) in 139 ms ✓, progress: 50%
2026-7-2 16:03:02-debug: 给所有的资源加上 MD5 后缀 start, progress: 50%
2026-7-2 16:03:02-debug: // ---- build task 给所有的资源加上 MD5 后缀 ----
2026-7-2 16:03:02-log: run build task 给所有的资源加上 MD5 后缀 success in 39 ms√, progress: 60%
2026-7-2 16:03:02-debug: [Build Memory track]: 给所有的资源加上 MD5 后缀 start:274.42MB, end 274.48MB, increase: 64.29KB
2026-7-2 16:03:02-debug: web-mobile:(onAfterBuild) start..., progress: 60%
2026-7-2 16:03:02-debug: // ---- build task web-mobile：onAfterBuild ----
2026-7-2 16:03:02-debug: // ---- build task 给所有的资源加上 MD5 后缀 ---- (39ms)
2026-7-2 16:03:02-debug: // ---- build task web-mobile：onAfterBuild ---- (45ms)
2026-7-2 16:03:02-debug: web-mobile:(onAfterBuild) in 45 ms ✓, progress: 62%
2026-7-2 16:03:02-debug: cocos-service:(onAfterBuild) start..., progress: 62%
2026-7-2 16:03:02-debug: // ---- build task cocos-service：onAfterBuild ----
2026-7-2 16:03:02-debug: // ---- build task cocos-service：onAfterBuild ---- (155ms)
2026-7-2 16:03:02-debug: cocos-service:(onAfterBuild) in 155 ms ✓, progress: 64%
2026-7-2 16:03:02-debug: adsense-h5g-plugin:(onAfterBuild) start..., progress: 64%
2026-7-2 16:03:02-debug: // ---- build task adsense-h5g-plugin：onAfterBuild ----
2026-7-2 16:03:02-debug: // ---- build task adsense-h5g-plugin：onAfterBuild ---- (35ms)
2026-7-2 16:03:02-debug: super-html:(onAfterBuild) start..., progress: 65%
2026-7-2 16:03:02-debug: adsense-h5g-plugin:(onAfterBuild) in 35 ms ✓, progress: 65%
2026-7-2 16:03:02-log: [super-html] : engine version 3.8.7
2026-7-2 16:03:02-log: [super-html] : -- start --
2026-7-2 16:03:02-log: [super-html] : s_out_dir D:\工程项目\PlayableAD\Cocos\TheW\20260615_HYQ\HYQ_Project\build\super-html
2026-7-2 16:03:02-log: [super-html] : s_input_dir D:\工程项目\PlayableAD\Cocos\TheW\20260615_HYQ\HYQ_Project\build\web-mobile
2026-7-2 16:03:02-debug: // ---- build task super-html：onAfterBuild ----
2026-7-2 16:03:07-debug: // ---- build task super-html：onAfterBuild ---- (5469ms)
2026-7-2 16:03:07-debug: super-html:(onAfterBuild) in 5469 ms ✓, progress: 67%
2026-7-2 16:03:07-log: [SUPER_PACKAGE]onAfterBuild
2026-7-2 16:03:07-debug: // ---- build task super-packager：onAfterBuild ----
2026-7-2 16:03:07-debug: super-packager:(onAfterBuild) start..., progress: 67%
2026-7-2 16:03:08-debug: // ---- build task super-packager：onAfterBuild ---- (48ms)
2026-7-2 16:03:08-debug: super-packager:(onAfterBuild) in 48 ms ✓, progress: 69%
2026-7-2 16:03:08-log: Asset DB is resume!
2026-7-2 16:03:08-debug: builder:build-project-total (29627ms)
2026-7-2 16:03:08-debug: build task(web-mobile) in 29627!
2026-7-2 16:03:08-debug: [Build Memory track]: builder:build-project-total start:249.92MB, end 280.87MB, increase: 30.95MB
2026-7-2 16:03:08-debug: ================================ build Task (web-mobile) Finished in (30 s)ms ================================
2026-7-2 16:03:08-debug: Stop record console. {file(D:\工程项目\PlayableAD\Cocos\TheW\20260615_HYQ\HYQ_Project\temp\builder\log\web-mobile2026-6-30 10-27.log)}
2026-7-2 16:03:08-warn: The Mesh used by component "cc.MeshRenderer" in prefab "Role_2" is missing. Detailed information:Node path: "Role_2/New Node/Bip001 Prop1 Socket/jiateling01"Asset url: "db://assets/GameRes/Prefab/Role_2"Missing uuid: "03189dd5-73dd-4e52-8644-1ff1a122b972@18a45"
2026-7-2 16:03:08-warn: The Mesh used by component "cc.MeshRenderer" in prefab "Role_2" is missing. Detailed information:Node path: "Role_2/New Node/Bip001 Prop1 Socket/jiateling01"Asset url: "db://assets/GameRes/Prefab/Role_2"Missing uuid: "03189dd5-73dd-4e52-8644-1ff1a122b972@18a45"
2026-7-2 16:03:08-warn: The Mesh used by component "cc.MeshRenderer" in prefab "Role_1" is missing. Detailed information:Node path: "Role_1/New Node/Bip001 Prop1 Socket/jiateling01"Asset url: "db://assets/GameRes/Prefab/Role_1"Missing uuid: "03189dd5-73dd-4e52-8644-1ff1a122b972@18a45"
2026-7-2 16:03:13-log: [super-html] : [common] [13555 kb] D:\工程项目\PlayableAD\Cocos\TheW\20260615_HYQ\HYQ_Project\build\super-html\common\HYQ_common.html
2026-7-2 16:03:13-log: [super-html] : [common] [6227 kb] D:\工程项目\PlayableAD\Cocos\TheW\20260615_HYQ\HYQ_Project\build\super-html\common\HYQ_common_min.html
2026-7-2 16:03:13-log: [super-html] : [ironsource2025] [6229 kb] D:\工程项目\PlayableAD\Cocos\TheW\20260615_HYQ\HYQ_Project\build\super-html\ironsource2025\HYQ_ironsource2025.html
2026-7-2 16:03:13-log: [super-html] : [applovin] [6227 kb] D:\工程项目\PlayableAD\Cocos\TheW\20260615_HYQ\HYQ_Project\build\super-html\applovin\HYQ_applovin.html
2026-7-2 16:03:13-log: [super-html] : [ironsource] [6231 kb] D:\工程项目\PlayableAD\Cocos\TheW\20260615_HYQ\HYQ_Project\build\super-html\ironsource\HYQ_ironsource.html
2026-7-2 16:03:14-log: [super-html] : [mintegral] [4510 kb] D:\工程项目\PlayableAD\Cocos\TheW\20260615_HYQ\HYQ_Project\build\super-html\mintegral\HYQ_mintegral.zip
2026-7-2 16:03:14-log: [super-html] : [chartboost] [6228 kb] D:\工程项目\PlayableAD\Cocos\TheW\20260615_HYQ\HYQ_Project\build\super-html\chartboost\HYQ_chartboost.html
2026-7-2 16:03:14-log: [super-html] : [unity] [6228 kb] D:\工程项目\PlayableAD\Cocos\TheW\20260615_HYQ\HYQ_Project\build\super-html\unity\HYQ_unity.html
2026-7-2 16:03:14-log: [super-html] : [google] [4577 kb] D:\工程项目\PlayableAD\Cocos\TheW\20260615_HYQ\HYQ_Project\build\super-html\google\HYQ_google.zip
2026-7-2 16:03:15-log: [super-html] : [google] [4577 kb] D:\工程项目\PlayableAD\Cocos\TheW\20260615_HYQ\HYQ_Project\build\super-html\google\HYQ_google_portrait.zip
2026-7-2 16:03:16-log: [super-html] : [google] [4577 kb] D:\工程项目\PlayableAD\Cocos\TheW\20260615_HYQ\HYQ_Project\build\super-html\google\HYQ_google_landscape.zip
2026-7-2 16:03:16-log: [super-html] : [facebook] [6227 kb] D:\工程项目\PlayableAD\Cocos\TheW\20260615_HYQ\HYQ_Project\build\super-html\facebook\HYQ_facebook.html
2026-7-2 16:03:16-log: [super-html] : [facebook] [4577 kb] D:\工程项目\PlayableAD\Cocos\TheW\20260615_HYQ\HYQ_Project\build\super-html\facebook\HYQ_facebook.zip
2026-7-2 16:03:17-log: [super-html] : [pangle] [4510 kb] D:\工程项目\PlayableAD\Cocos\TheW\20260615_HYQ\HYQ_Project\build\super-html\pangle\HYQ_pangle.zip
2026-7-2 16:03:18-log: [super-html] : [pangle] [4510 kb] D:\工程项目\PlayableAD\Cocos\TheW\20260615_HYQ\HYQ_Project\build\super-html\pangle\HYQ_pangle_portrait.zip
2026-7-2 16:03:19-log: [super-html] : [pangle] [4510 kb] D:\工程项目\PlayableAD\Cocos\TheW\20260615_HYQ\HYQ_Project\build\super-html\pangle\HYQ_pangle_landscape.zip
2026-7-2 16:03:20-log: [super-html] : [liftoff] [4510 kb] D:\工程项目\PlayableAD\Cocos\TheW\20260615_HYQ\HYQ_Project\build\super-html\liftoff\HYQ_liftoff.zip
2026-7-2 16:03:20-log: [super-html] : [moloco] [6227 kb] D:\工程项目\PlayableAD\Cocos\TheW\20260615_HYQ\HYQ_Project\build\super-html\moloco\HYQ_moloco.html
2026-7-2 16:03:21-log: [super-html] : [tiktok] [4510 kb] D:\工程项目\PlayableAD\Cocos\TheW\20260615_HYQ\HYQ_Project\build\super-html\tiktok\HYQ_tiktok.zip
2026-7-2 16:03:22-log: [super-html] : [vungle] [4510 kb] D:\工程项目\PlayableAD\Cocos\TheW\20260615_HYQ\HYQ_Project\build\super-html\vungle\HYQ_vungle.zip
2026-7-2 16:03:23-log: [super-html] : [bigo] [4510 kb] D:\工程项目\PlayableAD\Cocos\TheW\20260615_HYQ\HYQ_Project\build\super-html\bigo\HYQ_bigo.zip
2026-7-2 16:03:23-log: [super-html] : [kwai] : thumbnail_cover.jpg no find
2026-7-2 16:03:24-log: [super-html] : [kwai] [4510 kb] D:\工程项目\PlayableAD\Cocos\TheW\20260615_HYQ\HYQ_Project\build\super-html\kwai\HYQ_kwai.zip
2026-7-2 16:03:24-log: [super-html] : [nefta] [6228 kb] D:\工程项目\PlayableAD\Cocos\TheW\20260615_HYQ\HYQ_Project\build\super-html\nefta\HYQ_nefta.html
2026-7-2 16:03:25-log: [super-html] : [nefta] [4510 kb] D:\工程项目\PlayableAD\Cocos\TheW\20260615_HYQ\HYQ_Project\build\super-html\nefta\HYQ_nefta.zip
2026-7-2 16:03:26-log: [super-html] : [snapchat] [4577 kb] D:\工程项目\PlayableAD\Cocos\TheW\20260615_HYQ\HYQ_Project\build\super-html\snapchat\HYQ_snapchat_portrait.zip
2026-7-2 16:03:26-log: [super-html] : [gdt] [4578 kb] D:\工程项目\PlayableAD\Cocos\TheW\20260615_HYQ\HYQ_Project\build\super-html\gdt\HYQ_gdt.zip
2026-7-2 16:03:27-log: [super-html] : [gdt] [4578 kb] D:\工程项目\PlayableAD\Cocos\TheW\20260615_HYQ\HYQ_Project\build\super-html\gdt\HYQ_gdt_portrait.zip
2026-7-2 16:03:27-log: [super-html] : [gdt] [4578 kb] D:\工程项目\PlayableAD\Cocos\TheW\20260615_HYQ\HYQ_Project\build\super-html\gdt\HYQ_gdt_landscape.zip
2026-7-2 16:03:27-log: [super-html] : -- end -- 
2026-7-2 16:03:27-log: [super-html] : run time 25.453S
2026-7-2 16:10:12-debug: refresh db internal success
2026-7-2 16:10:12-debug: refresh db assets success
2026-7-2 16:10:12-debug: %cImport%c: D:\工程项目\PlayableAD\Cocos\TheW\20260615_HYQ\HYQ_Project\extensions\super-packager\package_assets\Common\SuperPackage.tsbackground: #aaff85; color: #000;color: #000;
2026-7-2 16:10:12-debug: %cImport%c: D:\工程项目\PlayableAD\Cocos\TheW\20260615_HYQ\HYQ_Project\extensions\super-packager\package_assets\JiangYv\PBASDK-v3\PBASDK.tsbackground: #aaff85; color: #000;color: #000;
2026-7-2 16:10:12-debug: refresh db super-packager success
2026-7-2 16:10:12-debug: Run asset db hook engine-extends:afterRefresh ...
2026-7-2 16:10:12-debug: Run asset db hook engine-extends:afterRefresh success!
2026-7-2 16:10:12-debug: asset-db:refresh-all-database (219ms)
2026-7-2 16:10:12-debug: asset-db:worker-effect-data-processing (2ms)
2026-7-2 16:10:12-debug: asset-db-hook-engine-extends-afterRefresh (2ms)
2026-7-2 16:10:14-debug: Query all assets info in project
2026-7-2 16:10:14-debug: init custom config: keepNodeUuid: false, useCache: true
2026-7-2 16:10:14-debug: Skip compress image, progress: 0%
2026-7-2 16:10:14-debug: Init all bundles start..., progress: 0%
2026-7-2 16:10:14-debug: Num of bundles: 3..., progress: 0%
2026-7-2 16:10:14-debug: 查询 Asset Bundle start, progress: 0%
2026-7-2 16:10:14-debug: // ---- build task 查询 Asset Bundle ----
2026-7-2 16:10:14-debug: Init bundle root assets start..., progress: 0%
2026-7-2 16:10:14-debug: Query preload assets/scripts from cc.config.json: 60f7195c-ec2a-45eb-ba94-8955f60e81d0,1c02ae6f-4492-4915-b8f8-7492a3b1e4cd,810e96e4-e456-4468-9b59-f4e8f39732c0,efe8e2a3-eace-427b-b4f1-cb8a937ec77d,e9aa9a3e-5b2b-4ac7-a2c7-073de2b2b24f,8bbdbcdd-5cd4-4100-b6d5-b7c9625b6107,50f4348b-c883-4e2f-8f11-ce233b859fa1,fda095cb-831d-4601-ad94-846013963de8,f92806d7-1768-443f-afe8-12bcde84d0f0,dd3a144d-ab7f-41f0-82b8-2e43a090d496,f0416e68-0200-4b77-a926-4f9d16e494da,511d2633-09a7-4bdd-ac42-f778032124b3,5d45aa00-e064-4938-b314-4265f0c2258c,9361fd90-ba52-4f84-aa93-6e878fd576ca,970b0598-bcb0-4714-91fb-2e81440dccd8,bcd64cc6-2dd9-43f6-abbe-66318d332032,d930590d-bb92-4cc8-8bd1-23cd027f9edf,a3cd009f-0ab0-420d-9278-b9fdab939bbc,6a2d0734-bd9e-4ddf-946e-caa52498cb75,d1346436-ac96-4271-b863-1f4fdead95b0,971bdb23-3ff6-43eb-b422-1c30165a3663,17debcc3-0a6b-4b8a-b00b-dc58b885581e,711ebe11-f673-4cd9-9a83-63c60ba54c5b,c0143906-9aed-447e-9436-2ae8512d1b6e,14da1725-c4c2-42b4-ab08-ee0aeb6898b3,081cab31-dccd-428e-8652-f2404cc81c47,78e0584a-4343-4727-8f37-e14e65c2a2db,ba21476f-2866-4f81-9c4d-6e359316e448,871c3b6c-7379-419d-bda3-794b239ab90d,ff9b0199-ce04-4cfe-86cc-6c719f08d6e4,de1c2107-70c8-4021-8459-6399f24d01c6,cbf30902-517f-40dc-af90-a550bac27cf1,5c601d96-e4c7-4698-991b-7ee674b11079
2026-7-2 16:10:14-debug:   Number of all scenes: 5
2026-7-2 16:10:14-debug:   Number of all scripts: 109
2026-7-2 16:10:14-debug: Init bundle root assets success..., progress: 0%
2026-7-2 16:10:14-debug:   Number of other assets: 1152
2026-7-2 16:10:14-debug: // ---- build task 查询 Asset Bundle ---- (19ms)
2026-7-2 16:10:14-log: run build task 查询 Asset Bundle success in 19 ms√, progress: 5%
2026-7-2 16:10:14-debug: [Build Memory track]: 查询 Asset Bundle start:279.67MB, end 277.67MB, increase: -2041.79KB
2026-7-2 16:10:14-debug: 查询 Asset Bundle start, progress: 5%
2026-7-2 16:10:14-debug: // ---- build task 查询 Asset Bundle ----
2026-7-2 16:10:14-debug: // ---- build task 查询 Asset Bundle ---- (6ms)
2026-7-2 16:10:14-log: run build task 查询 Asset Bundle success in 6 ms√, progress: 10%
2026-7-2 16:10:14-debug: [Build Memory track]: 查询 Asset Bundle start:277.71MB, end 277.94MB, increase: 235.36KB
2026-7-2 16:10:14-debug: // ---- build task 整理部分构建选项内数据到 settings.json ----
2026-7-2 16:10:14-debug: 整理部分构建选项内数据到 settings.json start, progress: 10%
2026-7-2 16:10:14-debug: // ---- build task 整理部分构建选项内数据到 settings.json ---- (3ms)
2026-7-2 16:10:14-log: run build task 整理部分构建选项内数据到 settings.json success in 3 ms√, progress: 12%
2026-7-2 16:10:14-debug: [Build Memory track]: 整理部分构建选项内数据到 settings.json start:277.97MB, end 278.00MB, increase: 29.36KB
2026-7-2 16:10:14-debug: 填充脚本数据到 settings.json start, progress: 12%
2026-7-2 16:10:14-debug: // ---- build task 填充脚本数据到 settings.json ----
2026-7-2 16:10:14-debug: // ---- build task 填充脚本数据到 settings.json ---- (2ms)
2026-7-2 16:10:14-log: run build task 填充脚本数据到 settings.json success in 2 ms√, progress: 13%
2026-7-2 16:10:14-debug: [Build Memory track]: 填充脚本数据到 settings.json start:278.04MB, end 278.06MB, increase: 26.43KB
2026-7-2 16:10:14-debug: 整理部分构建选项内数据到 settings.json start, progress: 13%
2026-7-2 16:10:14-debug: // ---- build task 整理部分构建选项内数据到 settings.json ----
2026-7-2 16:10:14-debug: // ---- build task 整理部分构建选项内数据到 settings.json ---- (7ms)
2026-7-2 16:10:14-log: run build task 整理部分构建选项内数据到 settings.json success in 7 ms√, progress: 15%
2026-7-2 16:10:14-debug: [Build Memory track]: 整理部分构建选项内数据到 settings.json start:278.10MB, end 278.17MB, increase: 76.10KB
2026-7-2 16:24:54-debug: refresh db internal success
2026-7-2 16:24:54-debug: refresh db assets success
2026-7-2 16:24:54-debug: refresh db super-packager success
2026-7-2 16:24:54-debug: Run asset db hook engine-extends:afterRefresh success!
2026-7-2 16:24:54-debug: Run asset db hook engine-extends:afterRefresh ...
2026-7-2 16:24:54-debug: asset-db:refresh-all-database (199ms)
2026-7-2 16:24:54-debug: asset-db:worker-effect-data-processing (2ms)
2026-7-2 16:24:54-debug: asset-db-hook-engine-extends-afterRefresh (2ms)
2026-7-2 16:26:05-debug: refresh db internal success
2026-7-2 16:26:05-debug: refresh db assets success
2026-7-2 16:26:05-debug: refresh db super-packager success
2026-7-2 16:26:05-debug: Run asset db hook engine-extends:afterRefresh ...
2026-7-2 16:26:05-debug: Run asset db hook engine-extends:afterRefresh success!
2026-7-2 16:26:05-debug: asset-db:refresh-all-database (212ms)
2026-7-2 16:26:05-debug: asset-db:worker-effect-data-processing (1ms)
2026-7-2 16:26:05-debug: asset-db-hook-engine-extends-afterRefresh (1ms)
2026-7-2 16:26:08-debug: refresh db internal success
2026-7-2 16:26:08-debug: refresh db assets success
2026-7-2 16:26:08-debug: refresh db super-packager success
2026-7-2 16:26:08-debug: Run asset db hook engine-extends:afterRefresh ...
2026-7-2 16:26:08-debug: Run asset db hook engine-extends:afterRefresh success!
2026-7-2 16:26:08-debug: asset-db:refresh-all-database (170ms)
2026-7-2 16:26:08-debug: asset-db:worker-effect-data-processing (1ms)
2026-7-2 16:26:08-debug: asset-db-hook-engine-extends-afterRefresh (1ms)
2026-7-2 16:26:10-debug: refresh db internal success
2026-7-2 16:26:10-debug: refresh db assets success
2026-7-2 16:26:10-debug: refresh db super-packager success
2026-7-2 16:26:10-debug: Run asset db hook engine-extends:afterRefresh success!
2026-7-2 16:26:10-debug: Run asset db hook engine-extends:afterRefresh ...
2026-7-2 16:26:10-debug: asset-db:refresh-all-database (179ms)
2026-7-2 16:26:10-debug: asset-db:worker-effect-data-processing (1ms)
2026-7-2 16:26:10-debug: asset-db-hook-engine-extends-afterRefresh (1ms)
2026-7-2 16:28:59-debug: Query all assets info in project
2026-7-2 16:28:59-debug: init custom config: keepNodeUuid: false, useCache: true
2026-7-2 16:28:59-debug: Skip compress image, progress: 0%
2026-7-2 16:28:59-debug: Init all bundles start..., progress: 0%
2026-7-2 16:28:59-debug: // ---- build task 查询 Asset Bundle ----
2026-7-2 16:28:59-debug: 查询 Asset Bundle start, progress: 0%
2026-7-2 16:28:59-debug: Init bundle root assets start..., progress: 0%
2026-7-2 16:28:59-debug: Num of bundles: 3..., progress: 0%
2026-7-2 16:28:59-debug: Query preload assets/scripts from cc.config.json: 60f7195c-ec2a-45eb-ba94-8955f60e81d0,1c02ae6f-4492-4915-b8f8-7492a3b1e4cd,810e96e4-e456-4468-9b59-f4e8f39732c0,efe8e2a3-eace-427b-b4f1-cb8a937ec77d,e9aa9a3e-5b2b-4ac7-a2c7-073de2b2b24f,8bbdbcdd-5cd4-4100-b6d5-b7c9625b6107,50f4348b-c883-4e2f-8f11-ce233b859fa1,fda095cb-831d-4601-ad94-846013963de8,f92806d7-1768-443f-afe8-12bcde84d0f0,dd3a144d-ab7f-41f0-82b8-2e43a090d496,f0416e68-0200-4b77-a926-4f9d16e494da,511d2633-09a7-4bdd-ac42-f778032124b3,5d45aa00-e064-4938-b314-4265f0c2258c,9361fd90-ba52-4f84-aa93-6e878fd576ca,970b0598-bcb0-4714-91fb-2e81440dccd8,bcd64cc6-2dd9-43f6-abbe-66318d332032,d930590d-bb92-4cc8-8bd1-23cd027f9edf,a3cd009f-0ab0-420d-9278-b9fdab939bbc,6a2d0734-bd9e-4ddf-946e-caa52498cb75,d1346436-ac96-4271-b863-1f4fdead95b0,971bdb23-3ff6-43eb-b422-1c30165a3663,17debcc3-0a6b-4b8a-b00b-dc58b885581e,711ebe11-f673-4cd9-9a83-63c60ba54c5b,c0143906-9aed-447e-9436-2ae8512d1b6e,14da1725-c4c2-42b4-ab08-ee0aeb6898b3,081cab31-dccd-428e-8652-f2404cc81c47,78e0584a-4343-4727-8f37-e14e65c2a2db,ba21476f-2866-4f81-9c4d-6e359316e448,871c3b6c-7379-419d-bda3-794b239ab90d,ff9b0199-ce04-4cfe-86cc-6c719f08d6e4,de1c2107-70c8-4021-8459-6399f24d01c6,cbf30902-517f-40dc-af90-a550bac27cf1,5c601d96-e4c7-4698-991b-7ee674b11079
2026-7-2 16:28:59-debug:   Number of all scenes: 5
2026-7-2 16:28:59-debug:   Number of all scripts: 109
2026-7-2 16:28:59-debug: Init bundle root assets success..., progress: 0%
2026-7-2 16:28:59-debug:   Number of other assets: 1152
2026-7-2 16:28:59-debug: // ---- build task 查询 Asset Bundle ---- (9ms)
2026-7-2 16:28:59-log: run build task 查询 Asset Bundle success in 9 ms√, progress: 5%
2026-7-2 16:28:59-debug: // ---- build task 查询 Asset Bundle ----
2026-7-2 16:28:59-debug: [Build Memory track]: 查询 Asset Bundle start:285.57MB, end 285.40MB, increase: -164.36KB
2026-7-2 16:28:59-debug: 查询 Asset Bundle start, progress: 5%
2026-7-2 16:28:59-log: run build task 查询 Asset Bundle success in 4 ms√, progress: 10%
2026-7-2 16:28:59-debug: [Build Memory track]: 查询 Asset Bundle start:285.44MB, end 285.66MB, increase: 229.45KB
2026-7-2 16:28:59-debug: 整理部分构建选项内数据到 settings.json start, progress: 10%
2026-7-2 16:28:59-debug: // ---- build task 整理部分构建选项内数据到 settings.json ----
2026-7-2 16:28:59-debug: // ---- build task 查询 Asset Bundle ---- (4ms)
2026-7-2 16:28:59-debug: // ---- build task 整理部分构建选项内数据到 settings.json ---- (2ms)
2026-7-2 16:28:59-log: run build task 整理部分构建选项内数据到 settings.json success in 2 ms√, progress: 12%
2026-7-2 16:28:59-debug: // ---- build task 填充脚本数据到 settings.json ----
2026-7-2 16:28:59-debug: [Build Memory track]: 整理部分构建选项内数据到 settings.json start:285.70MB, end 285.74MB, increase: 38.15KB
2026-7-2 16:28:59-debug: 填充脚本数据到 settings.json start, progress: 12%
2026-7-2 16:28:59-debug: // ---- build task 填充脚本数据到 settings.json ---- (1ms)
2026-7-2 16:28:59-log: run build task 填充脚本数据到 settings.json success in 1 ms√, progress: 13%
2026-7-2 16:28:59-debug: // ---- build task 整理部分构建选项内数据到 settings.json ----
2026-7-2 16:28:59-debug: [Build Memory track]: 填充脚本数据到 settings.json start:285.77MB, end 285.80MB, increase: 28.80KB
2026-7-2 16:28:59-debug: 整理部分构建选项内数据到 settings.json start, progress: 13%
2026-7-2 16:28:59-debug: // ---- build task 整理部分构建选项内数据到 settings.json ---- (5ms)
2026-7-2 16:28:59-log: run build task 整理部分构建选项内数据到 settings.json success in 5 ms√, progress: 15%
2026-7-2 16:28:59-debug: [Build Memory track]: 整理部分构建选项内数据到 settings.json start:285.83MB, end 285.17MB, increase: -679.71KB
2026-7-2 16:35:51-debug: refresh db internal success
2026-7-2 16:35:51-debug: refresh db assets success
2026-7-2 16:35:51-debug: refresh db super-packager success
2026-7-2 16:35:51-debug: Run asset db hook engine-extends:afterRefresh ...
2026-7-2 16:35:51-debug: Run asset db hook engine-extends:afterRefresh success!
2026-7-2 16:35:51-debug: asset-db:refresh-all-database (180ms)
2026-7-2 16:35:51-debug: asset-db-hook-engine-extends-afterRefresh (2ms)
2026-7-2 16:36:41-debug: %cImport%c: D:\工程项目\PlayableAD\Cocos\TheW\20260615_HYQ\HYQ_Project\assets\Scene\Game_3D-002.scenebackground: #aaff85; color: #000;color: #000;
2026-7-2 16:36:41-debug: asset-db:reimport-assetb5805d3a-3b80-4a12-adf5-588e63a7d886 (26ms)
2026-7-2 16:36:42-debug: Query all assets info in project
2026-7-2 16:36:42-debug: init custom config: keepNodeUuid: false, useCache: true
2026-7-2 16:36:42-debug: Skip compress image, progress: 0%
2026-7-2 16:36:42-debug: Init all bundles start..., progress: 0%
2026-7-2 16:36:42-debug: // ---- build task 查询 Asset Bundle ----
2026-7-2 16:36:42-debug: Init bundle root assets start..., progress: 0%
2026-7-2 16:36:42-debug: 查询 Asset Bundle start, progress: 0%
2026-7-2 16:36:42-debug: Num of bundles: 3..., progress: 0%
2026-7-2 16:36:42-debug: Query preload assets/scripts from cc.config.json: 60f7195c-ec2a-45eb-ba94-8955f60e81d0,1c02ae6f-4492-4915-b8f8-7492a3b1e4cd,810e96e4-e456-4468-9b59-f4e8f39732c0,efe8e2a3-eace-427b-b4f1-cb8a937ec77d,e9aa9a3e-5b2b-4ac7-a2c7-073de2b2b24f,8bbdbcdd-5cd4-4100-b6d5-b7c9625b6107,50f4348b-c883-4e2f-8f11-ce233b859fa1,fda095cb-831d-4601-ad94-846013963de8,f92806d7-1768-443f-afe8-12bcde84d0f0,dd3a144d-ab7f-41f0-82b8-2e43a090d496,f0416e68-0200-4b77-a926-4f9d16e494da,511d2633-09a7-4bdd-ac42-f778032124b3,5d45aa00-e064-4938-b314-4265f0c2258c,9361fd90-ba52-4f84-aa93-6e878fd576ca,970b0598-bcb0-4714-91fb-2e81440dccd8,bcd64cc6-2dd9-43f6-abbe-66318d332032,d930590d-bb92-4cc8-8bd1-23cd027f9edf,a3cd009f-0ab0-420d-9278-b9fdab939bbc,6a2d0734-bd9e-4ddf-946e-caa52498cb75,d1346436-ac96-4271-b863-1f4fdead95b0,971bdb23-3ff6-43eb-b422-1c30165a3663,17debcc3-0a6b-4b8a-b00b-dc58b885581e,711ebe11-f673-4cd9-9a83-63c60ba54c5b,c0143906-9aed-447e-9436-2ae8512d1b6e,14da1725-c4c2-42b4-ab08-ee0aeb6898b3,081cab31-dccd-428e-8652-f2404cc81c47,78e0584a-4343-4727-8f37-e14e65c2a2db,ba21476f-2866-4f81-9c4d-6e359316e448,871c3b6c-7379-419d-bda3-794b239ab90d,ff9b0199-ce04-4cfe-86cc-6c719f08d6e4,de1c2107-70c8-4021-8459-6399f24d01c6,cbf30902-517f-40dc-af90-a550bac27cf1,5c601d96-e4c7-4698-991b-7ee674b11079
2026-7-2 16:36:42-debug:   Number of all scripts: 109
2026-7-2 16:36:42-debug:   Number of other assets: 1152
2026-7-2 16:36:42-debug: Init bundle root assets success..., progress: 0%
2026-7-2 16:36:42-debug:   Number of all scenes: 5
2026-7-2 16:36:42-debug: // ---- build task 查询 Asset Bundle ---- (9ms)
2026-7-2 16:36:42-log: run build task 查询 Asset Bundle success in 9 ms√, progress: 5%
2026-7-2 16:36:42-debug: [Build Memory track]: 查询 Asset Bundle start:290.55MB, end 291.20MB, increase: 663.88KB
2026-7-2 16:36:42-debug: // ---- build task 查询 Asset Bundle ----
2026-7-2 16:36:42-debug: 查询 Asset Bundle start, progress: 5%
2026-7-2 16:36:42-debug: // ---- build task 查询 Asset Bundle ---- (4ms)
2026-7-2 16:36:42-log: run build task 查询 Asset Bundle success in 4 ms√, progress: 10%
2026-7-2 16:36:42-debug: // ---- build task 整理部分构建选项内数据到 settings.json ----
2026-7-2 16:36:42-debug: [Build Memory track]: 查询 Asset Bundle start:291.24MB, end 290.69MB, increase: -555.06KB
2026-7-2 16:36:42-debug: 整理部分构建选项内数据到 settings.json start, progress: 10%
2026-7-2 16:36:42-log: run build task 整理部分构建选项内数据到 settings.json success in 1 ms√, progress: 12%
2026-7-2 16:36:42-debug: [Build Memory track]: 整理部分构建选项内数据到 settings.json start:290.73MB, end 290.76MB, increase: 29.41KB
2026-7-2 16:36:42-debug: // ---- build task 填充脚本数据到 settings.json ----
2026-7-2 16:36:42-debug: // ---- build task 整理部分构建选项内数据到 settings.json ---- (1ms)
2026-7-2 16:36:42-debug: 填充脚本数据到 settings.json start, progress: 12%
2026-7-2 16:36:42-debug: // ---- build task 填充脚本数据到 settings.json ---- (2ms)
2026-7-2 16:36:42-log: run build task 填充脚本数据到 settings.json success in 2 ms√, progress: 13%
2026-7-2 16:36:42-debug: // ---- build task 整理部分构建选项内数据到 settings.json ----
2026-7-2 16:36:42-debug: [Build Memory track]: 填充脚本数据到 settings.json start:290.79MB, end 290.82MB, increase: 28.69KB
2026-7-2 16:36:42-debug: 整理部分构建选项内数据到 settings.json start, progress: 13%
2026-7-2 16:36:42-debug: // ---- build task 整理部分构建选项内数据到 settings.json ---- (3ms)
2026-7-2 16:36:42-log: run build task 整理部分构建选项内数据到 settings.json success in 3 ms√, progress: 15%
2026-7-2 16:36:42-debug: [Build Memory track]: 整理部分构建选项内数据到 settings.json start:290.85MB, end 290.92MB, increase: 65.07KB
2026-7-2 16:56:38-debug: refresh db internal success
2026-7-2 16:56:38-debug: refresh db assets success
2026-7-2 16:56:38-debug: refresh db super-packager success
2026-7-2 16:56:38-debug: Run asset db hook engine-extends:afterRefresh ...
2026-7-2 16:56:38-debug: Run asset db hook engine-extends:afterRefresh success!
2026-7-2 16:56:38-debug: asset-db:refresh-all-database (198ms)
2026-7-2 16:56:38-debug: asset-db:worker-effect-data-processing (2ms)
2026-7-2 16:56:38-debug: asset-db-hook-engine-extends-afterRefresh (2ms)
2026-7-2 16:57:42-debug: Query all assets info in project
2026-7-2 16:57:42-debug: init custom config: keepNodeUuid: false, useCache: true
2026-7-2 16:57:42-debug: Skip compress image, progress: 0%
2026-7-2 16:57:42-debug: Init all bundles start..., progress: 0%
2026-7-2 16:57:42-debug: // ---- build task 查询 Asset Bundle ----
2026-7-2 16:57:42-debug: 查询 Asset Bundle start, progress: 0%
2026-7-2 16:57:42-debug: Init bundle root assets start..., progress: 0%
2026-7-2 16:57:42-debug: Num of bundles: 3..., progress: 0%
2026-7-2 16:57:42-debug:   Number of all scenes: 5
2026-7-2 16:57:42-debug: Query preload assets/scripts from cc.config.json: 60f7195c-ec2a-45eb-ba94-8955f60e81d0,1c02ae6f-4492-4915-b8f8-7492a3b1e4cd,810e96e4-e456-4468-9b59-f4e8f39732c0,efe8e2a3-eace-427b-b4f1-cb8a937ec77d,e9aa9a3e-5b2b-4ac7-a2c7-073de2b2b24f,8bbdbcdd-5cd4-4100-b6d5-b7c9625b6107,50f4348b-c883-4e2f-8f11-ce233b859fa1,fda095cb-831d-4601-ad94-846013963de8,f92806d7-1768-443f-afe8-12bcde84d0f0,dd3a144d-ab7f-41f0-82b8-2e43a090d496,f0416e68-0200-4b77-a926-4f9d16e494da,511d2633-09a7-4bdd-ac42-f778032124b3,5d45aa00-e064-4938-b314-4265f0c2258c,9361fd90-ba52-4f84-aa93-6e878fd576ca,970b0598-bcb0-4714-91fb-2e81440dccd8,bcd64cc6-2dd9-43f6-abbe-66318d332032,d930590d-bb92-4cc8-8bd1-23cd027f9edf,a3cd009f-0ab0-420d-9278-b9fdab939bbc,6a2d0734-bd9e-4ddf-946e-caa52498cb75,d1346436-ac96-4271-b863-1f4fdead95b0,971bdb23-3ff6-43eb-b422-1c30165a3663,17debcc3-0a6b-4b8a-b00b-dc58b885581e,711ebe11-f673-4cd9-9a83-63c60ba54c5b,c0143906-9aed-447e-9436-2ae8512d1b6e,14da1725-c4c2-42b4-ab08-ee0aeb6898b3,081cab31-dccd-428e-8652-f2404cc81c47,78e0584a-4343-4727-8f37-e14e65c2a2db,ba21476f-2866-4f81-9c4d-6e359316e448,871c3b6c-7379-419d-bda3-794b239ab90d,ff9b0199-ce04-4cfe-86cc-6c719f08d6e4,de1c2107-70c8-4021-8459-6399f24d01c6,cbf30902-517f-40dc-af90-a550bac27cf1,5c601d96-e4c7-4698-991b-7ee674b11079
2026-7-2 16:57:42-debug:   Number of other assets: 1152
2026-7-2 16:57:42-debug: Init bundle root assets success..., progress: 0%
2026-7-2 16:57:42-debug:   Number of all scripts: 109
2026-7-2 16:57:42-log: run build task 查询 Asset Bundle success in 14 ms√, progress: 5%
2026-7-2 16:57:42-debug: [Build Memory track]: 查询 Asset Bundle start:294.40MB, end 295.94MB, increase: 1.54MB
2026-7-2 16:57:42-debug: // ---- build task 查询 Asset Bundle ---- (14ms)
2026-7-2 16:57:42-debug: 查询 Asset Bundle start, progress: 5%
2026-7-2 16:57:42-debug: // ---- build task 查询 Asset Bundle ----
2026-7-2 16:57:42-debug: // ---- build task 查询 Asset Bundle ---- (7ms)
2026-7-2 16:57:42-log: run build task 查询 Asset Bundle success in 7 ms√, progress: 10%
2026-7-2 16:57:42-debug: // ---- build task 整理部分构建选项内数据到 settings.json ----
2026-7-2 16:57:42-debug: [Build Memory track]: 查询 Asset Bundle start:295.97MB, end 296.21MB, increase: 246.46KB
2026-7-2 16:57:42-debug: 整理部分构建选项内数据到 settings.json start, progress: 10%
2026-7-2 16:57:42-debug: // ---- build task 整理部分构建选项内数据到 settings.json ---- (2ms)
2026-7-2 16:57:42-log: run build task 整理部分构建选项内数据到 settings.json success in 2 ms√, progress: 12%
2026-7-2 16:57:42-debug: [Build Memory track]: 整理部分构建选项内数据到 settings.json start:296.25MB, end 296.28MB, increase: 29.32KB
2026-7-2 16:57:42-debug: 填充脚本数据到 settings.json start, progress: 12%
2026-7-2 16:57:42-debug: // ---- build task 填充脚本数据到 settings.json ----
2026-7-2 16:57:42-debug: // ---- build task 填充脚本数据到 settings.json ---- (3ms)
2026-7-2 16:57:42-log: run build task 填充脚本数据到 settings.json success in 3 ms√, progress: 13%
2026-7-2 16:57:42-debug: // ---- build task 整理部分构建选项内数据到 settings.json ----
2026-7-2 16:57:42-debug: [Build Memory track]: 填充脚本数据到 settings.json start:296.31MB, end 296.34MB, increase: 29.20KB
2026-7-2 16:57:42-debug: 整理部分构建选项内数据到 settings.json start, progress: 13%
2026-7-2 16:57:42-debug: // ---- build task 整理部分构建选项内数据到 settings.json ---- (6ms)
2026-7-2 16:57:42-log: run build task 整理部分构建选项内数据到 settings.json success in 6 ms√, progress: 15%
2026-7-2 16:57:42-debug: [Build Memory track]: 整理部分构建选项内数据到 settings.json start:296.38MB, end 296.44MB, increase: 65.00KB
2026-7-2 17:03:04-debug: refresh db internal success
2026-7-2 17:03:04-debug: refresh db assets success
2026-7-2 17:03:04-debug: refresh db super-packager success
2026-7-2 17:03:04-debug: Run asset db hook engine-extends:afterRefresh ...
2026-7-2 17:03:04-debug: Run asset db hook engine-extends:afterRefresh success!
2026-7-2 17:03:04-debug: asset-db:refresh-all-database (218ms)
2026-7-2 17:03:04-debug: asset-db:worker-effect-data-processing (1ms)
2026-7-2 17:03:04-debug: asset-db-hook-engine-extends-afterRefresh (1ms)
2026-7-2 17:03:18-warn: 为更好地打开脚本，请在 {preferences} -> {program} -> {scriptEditor} 里配置打开脚本的应用程序
2026-7-2 17:03:24-debug: refresh db internal success
2026-7-2 17:03:24-debug: refresh db assets success
2026-7-2 17:03:24-debug: refresh db super-packager success
2026-7-2 17:03:24-debug: Run asset db hook engine-extends:afterRefresh ...
2026-7-2 17:03:24-debug: Run asset db hook engine-extends:afterRefresh success!
2026-7-2 17:03:24-debug: asset-db:refresh-all-database (451ms)
2026-7-2 17:03:24-debug: asset-db:worker-effect-data-processing (2ms)
2026-7-2 17:03:24-debug: asset-db-hook-engine-extends-afterRefresh (3ms)
2026-7-2 17:03:27-warn: 为更好地打开脚本，请在 {preferences} -> {program} -> {scriptEditor} 里配置打开脚本的应用程序
2026-7-2 17:03:39-warn: 为更好地打开脚本，请在 {preferences} -> {program} -> {scriptEditor} 里配置打开脚本的应用程序
2026-7-2 17:03:51-warn: 为更好地打开脚本，请在 {preferences} -> {program} -> {scriptEditor} 里配置打开脚本的应用程序
2026-7-2 17:03:57-warn: 为更好地打开脚本，请在 {preferences} -> {program} -> {scriptEditor} 里配置打开脚本的应用程序
2026-7-2 17:04:11-debug: refresh db internal success
2026-7-2 17:04:11-debug: refresh db assets success
2026-7-2 17:04:11-debug: refresh db super-packager success
2026-7-2 17:04:11-debug: Run asset db hook engine-extends:afterRefresh ...
2026-7-2 17:04:11-debug: Run asset db hook engine-extends:afterRefresh success!
2026-7-2 17:04:11-debug: asset-db:refresh-all-database (228ms)
2026-7-2 17:04:11-debug: asset-db:worker-effect-data-processing (1ms)
2026-7-2 17:04:11-debug: asset-db-hook-engine-extends-afterRefresh (2ms)
2026-7-2 17:04:13-warn: 为更好地打开脚本，请在 {preferences} -> {program} -> {scriptEditor} 里配置打开脚本的应用程序
2026-7-2 17:06:27-debug: refresh db internal success
2026-7-2 17:06:27-debug: refresh db assets success
2026-7-2 17:06:27-debug: refresh db super-packager success
2026-7-2 17:06:27-debug: Run asset db hook engine-extends:afterRefresh ...
2026-7-2 17:06:27-debug: Run asset db hook engine-extends:afterRefresh success!
2026-7-2 17:06:27-debug: asset-db:refresh-all-database (248ms)
2026-7-2 17:06:27-debug: asset-db:worker-effect-data-processing (2ms)
2026-7-2 17:06:27-debug: asset-db-hook-engine-extends-afterRefresh (2ms)
2026-7-2 17:13:24-debug: refresh db internal success
2026-7-2 17:13:24-debug: refresh db assets success
2026-7-2 17:13:24-debug: refresh db super-packager success
2026-7-2 17:13:24-debug: Run asset db hook engine-extends:afterRefresh ...
2026-7-2 17:13:24-debug: Run asset db hook engine-extends:afterRefresh success!
2026-7-2 17:13:24-debug: asset-db:refresh-all-database (187ms)
2026-7-2 17:13:24-debug: asset-db:worker-effect-data-processing (1ms)
2026-7-2 17:13:24-debug: asset-db-hook-engine-extends-afterRefresh (3ms)
2026-7-2 17:13:35-debug: %cImport%c: D:\工程项目\PlayableAD\Cocos\TheW\20260615_HYQ\HYQ_Project\assets\Scene\Game_3D-002.scenebackground: #aaff85; color: #000;color: #000;
2026-7-2 17:13:35-debug: asset-db:reimport-assetb5805d3a-3b80-4a12-adf5-588e63a7d886 (28ms)
2026-7-2 17:13:36-debug: Query all assets info in project
2026-7-2 17:13:36-debug: init custom config: keepNodeUuid: false, useCache: true
2026-7-2 17:13:36-debug: Skip compress image, progress: 0%
2026-7-2 17:13:36-debug: Init all bundles start..., progress: 0%
2026-7-2 17:13:36-debug: // ---- build task 查询 Asset Bundle ----
2026-7-2 17:13:36-debug: Num of bundles: 3..., progress: 0%
2026-7-2 17:13:36-debug: 查询 Asset Bundle start, progress: 0%
2026-7-2 17:13:36-debug: Init bundle root assets start..., progress: 0%
2026-7-2 17:13:36-debug: Query preload assets/scripts from cc.config.json: 60f7195c-ec2a-45eb-ba94-8955f60e81d0,1c02ae6f-4492-4915-b8f8-7492a3b1e4cd,810e96e4-e456-4468-9b59-f4e8f39732c0,efe8e2a3-eace-427b-b4f1-cb8a937ec77d,e9aa9a3e-5b2b-4ac7-a2c7-073de2b2b24f,8bbdbcdd-5cd4-4100-b6d5-b7c9625b6107,50f4348b-c883-4e2f-8f11-ce233b859fa1,fda095cb-831d-4601-ad94-846013963de8,f92806d7-1768-443f-afe8-12bcde84d0f0,dd3a144d-ab7f-41f0-82b8-2e43a090d496,f0416e68-0200-4b77-a926-4f9d16e494da,511d2633-09a7-4bdd-ac42-f778032124b3,5d45aa00-e064-4938-b314-4265f0c2258c,9361fd90-ba52-4f84-aa93-6e878fd576ca,970b0598-bcb0-4714-91fb-2e81440dccd8,bcd64cc6-2dd9-43f6-abbe-66318d332032,d930590d-bb92-4cc8-8bd1-23cd027f9edf,a3cd009f-0ab0-420d-9278-b9fdab939bbc,6a2d0734-bd9e-4ddf-946e-caa52498cb75,d1346436-ac96-4271-b863-1f4fdead95b0,971bdb23-3ff6-43eb-b422-1c30165a3663,17debcc3-0a6b-4b8a-b00b-dc58b885581e,711ebe11-f673-4cd9-9a83-63c60ba54c5b,c0143906-9aed-447e-9436-2ae8512d1b6e,14da1725-c4c2-42b4-ab08-ee0aeb6898b3,081cab31-dccd-428e-8652-f2404cc81c47,78e0584a-4343-4727-8f37-e14e65c2a2db,ba21476f-2866-4f81-9c4d-6e359316e448,871c3b6c-7379-419d-bda3-794b239ab90d,ff9b0199-ce04-4cfe-86cc-6c719f08d6e4,de1c2107-70c8-4021-8459-6399f24d01c6,cbf30902-517f-40dc-af90-a550bac27cf1,5c601d96-e4c7-4698-991b-7ee674b11079
2026-7-2 17:13:36-debug:   Number of other assets: 1152
2026-7-2 17:13:36-debug: Init bundle root assets success..., progress: 0%
2026-7-2 17:13:36-debug:   Number of all scenes: 5
2026-7-2 17:13:36-debug:   Number of all scripts: 109
2026-7-2 17:13:36-debug: // ---- build task 查询 Asset Bundle ---- (10ms)
2026-7-2 17:13:36-debug: [Build Memory track]: 查询 Asset Bundle start:285.53MB, end 285.36MB, increase: -173.74KB
2026-7-2 17:13:36-debug: // ---- build task 查询 Asset Bundle ----
2026-7-2 17:13:36-debug: 查询 Asset Bundle start, progress: 5%
2026-7-2 17:13:36-log: run build task 查询 Asset Bundle success in 10 ms√, progress: 5%
2026-7-2 17:13:36-debug: // ---- build task 查询 Asset Bundle ---- (4ms)
2026-7-2 17:13:36-log: run build task 查询 Asset Bundle success in 4 ms√, progress: 10%
2026-7-2 17:13:36-debug: // ---- build task 整理部分构建选项内数据到 settings.json ----
2026-7-2 17:13:36-debug: [Build Memory track]: 查询 Asset Bundle start:285.39MB, end 285.62MB, increase: 233.12KB
2026-7-2 17:13:36-debug: 整理部分构建选项内数据到 settings.json start, progress: 10%
2026-7-2 17:13:36-debug: // ---- build task 整理部分构建选项内数据到 settings.json ---- (1ms)
2026-7-2 17:13:36-log: run build task 整理部分构建选项内数据到 settings.json success in 1 ms√, progress: 12%
2026-7-2 17:13:36-debug: // ---- build task 填充脚本数据到 settings.json ----
2026-7-2 17:13:36-debug: [Build Memory track]: 整理部分构建选项内数据到 settings.json start:285.66MB, end 285.69MB, increase: 29.43KB
2026-7-2 17:13:36-debug: 填充脚本数据到 settings.json start, progress: 12%
2026-7-2 17:13:36-debug: // ---- build task 填充脚本数据到 settings.json ---- (1ms)
2026-7-2 17:13:36-log: run build task 填充脚本数据到 settings.json success in 1 ms√, progress: 13%
2026-7-2 17:13:36-debug: [Build Memory track]: 填充脚本数据到 settings.json start:285.72MB, end 285.75MB, increase: 28.78KB
2026-7-2 17:13:36-debug: 整理部分构建选项内数据到 settings.json start, progress: 13%
2026-7-2 17:13:36-debug: // ---- build task 整理部分构建选项内数据到 settings.json ----
2026-7-2 17:13:36-debug: // ---- build task 整理部分构建选项内数据到 settings.json ---- (6ms)
2026-7-2 17:13:36-log: run build task 整理部分构建选项内数据到 settings.json success in 6 ms√, progress: 15%
2026-7-2 17:13:36-debug: [Build Memory track]: 整理部分构建选项内数据到 settings.json start:285.78MB, end 285.85MB, increase: 70.48KB
2026-7-2 17:15:26-debug: Query all assets info in project
2026-7-2 17:15:26-debug: init custom config: keepNodeUuid: false, useCache: true
2026-7-2 17:15:26-debug: Skip compress image, progress: 0%
2026-7-2 17:15:26-debug: Init all bundles start..., progress: 0%
2026-7-2 17:15:26-debug: Num of bundles: 3..., progress: 0%
2026-7-2 17:15:26-debug: // ---- build task 查询 Asset Bundle ----
2026-7-2 17:15:26-debug: Init bundle root assets start..., progress: 0%
2026-7-2 17:15:26-debug: 查询 Asset Bundle start, progress: 0%
2026-7-2 17:15:26-debug: Query preload assets/scripts from cc.config.json: 60f7195c-ec2a-45eb-ba94-8955f60e81d0,1c02ae6f-4492-4915-b8f8-7492a3b1e4cd,810e96e4-e456-4468-9b59-f4e8f39732c0,efe8e2a3-eace-427b-b4f1-cb8a937ec77d,e9aa9a3e-5b2b-4ac7-a2c7-073de2b2b24f,8bbdbcdd-5cd4-4100-b6d5-b7c9625b6107,50f4348b-c883-4e2f-8f11-ce233b859fa1,fda095cb-831d-4601-ad94-846013963de8,f92806d7-1768-443f-afe8-12bcde84d0f0,dd3a144d-ab7f-41f0-82b8-2e43a090d496,f0416e68-0200-4b77-a926-4f9d16e494da,511d2633-09a7-4bdd-ac42-f778032124b3,5d45aa00-e064-4938-b314-4265f0c2258c,9361fd90-ba52-4f84-aa93-6e878fd576ca,970b0598-bcb0-4714-91fb-2e81440dccd8,bcd64cc6-2dd9-43f6-abbe-66318d332032,d930590d-bb92-4cc8-8bd1-23cd027f9edf,a3cd009f-0ab0-420d-9278-b9fdab939bbc,6a2d0734-bd9e-4ddf-946e-caa52498cb75,d1346436-ac96-4271-b863-1f4fdead95b0,971bdb23-3ff6-43eb-b422-1c30165a3663,17debcc3-0a6b-4b8a-b00b-dc58b885581e,711ebe11-f673-4cd9-9a83-63c60ba54c5b,c0143906-9aed-447e-9436-2ae8512d1b6e,14da1725-c4c2-42b4-ab08-ee0aeb6898b3,081cab31-dccd-428e-8652-f2404cc81c47,78e0584a-4343-4727-8f37-e14e65c2a2db,ba21476f-2866-4f81-9c4d-6e359316e448,871c3b6c-7379-419d-bda3-794b239ab90d,ff9b0199-ce04-4cfe-86cc-6c719f08d6e4,de1c2107-70c8-4021-8459-6399f24d01c6,cbf30902-517f-40dc-af90-a550bac27cf1,5c601d96-e4c7-4698-991b-7ee674b11079
2026-7-2 17:15:26-debug:   Number of all scripts: 109
2026-7-2 17:15:26-debug: Init bundle root assets success..., progress: 0%
2026-7-2 17:15:26-debug:   Number of all scenes: 5
2026-7-2 17:15:26-debug:   Number of other assets: 1152
2026-7-2 17:15:26-log: run build task 查询 Asset Bundle success in 17 ms√, progress: 5%
2026-7-2 17:15:26-debug: // ---- build task 查询 Asset Bundle ---- (17ms)
2026-7-2 17:15:26-debug: [Build Memory track]: 查询 Asset Bundle start:285.54MB, end 286.21MB, increase: 680.97KB
2026-7-2 17:15:26-debug: 查询 Asset Bundle start, progress: 5%
2026-7-2 17:15:26-debug: // ---- build task 查询 Asset Bundle ----
2026-7-2 17:15:26-debug: // ---- build task 查询 Asset Bundle ---- (7ms)
2026-7-2 17:15:26-log: run build task 查询 Asset Bundle success in 7 ms√, progress: 10%
2026-7-2 17:15:26-debug: [Build Memory track]: 查询 Asset Bundle start:286.24MB, end 285.71MB, increase: -546.89KB
2026-7-2 17:15:26-debug: 整理部分构建选项内数据到 settings.json start, progress: 10%
2026-7-2 17:15:26-debug: // ---- build task 整理部分构建选项内数据到 settings.json ----
2026-7-2 17:15:26-debug: // ---- build task 整理部分构建选项内数据到 settings.json ---- (3ms)
2026-7-2 17:15:26-log: run build task 整理部分构建选项内数据到 settings.json success in 3 ms√, progress: 12%
2026-7-2 17:15:26-debug: [Build Memory track]: 整理部分构建选项内数据到 settings.json start:285.74MB, end 285.77MB, increase: 29.39KB
2026-7-2 17:15:26-debug: 填充脚本数据到 settings.json start, progress: 12%
2026-7-2 17:15:26-debug: // ---- build task 填充脚本数据到 settings.json ----
2026-7-2 17:15:26-debug: // ---- build task 填充脚本数据到 settings.json ---- (1ms)
2026-7-2 17:15:26-log: run build task 填充脚本数据到 settings.json success in 1 ms√, progress: 13%
2026-7-2 17:15:26-debug: [Build Memory track]: 填充脚本数据到 settings.json start:285.81MB, end 285.83MB, increase: 28.46KB
2026-7-2 17:15:26-debug: 整理部分构建选项内数据到 settings.json start, progress: 13%
2026-7-2 17:15:26-debug: // ---- build task 整理部分构建选项内数据到 settings.json ----
2026-7-2 17:15:26-debug: // ---- build task 整理部分构建选项内数据到 settings.json ---- (5ms)
2026-7-2 17:15:26-log: run build task 整理部分构建选项内数据到 settings.json success in 5 ms√, progress: 15%
2026-7-2 17:15:26-debug: [Build Memory track]: 整理部分构建选项内数据到 settings.json start:285.87MB, end 285.93MB, increase: 65.25KB
2026-7-2 17:15:27-debug: refresh db internal success
2026-7-2 17:15:27-debug: %cImport%c: D:\工程项目\PlayableAD\Cocos\TheW\20260615_HYQ\HYQ_Project\assets\Script\functionS\Other\PropArms.tsbackground: #aaff85; color: #000;color: #000;
2026-7-2 17:15:27-debug: refresh db assets success
2026-7-2 17:15:27-debug: refresh db super-packager success
2026-7-2 17:15:27-debug: Run asset db hook engine-extends:afterRefresh ...
2026-7-2 17:15:27-debug: Run asset db hook engine-extends:afterRefresh success!
2026-7-2 17:15:27-debug: asset-db:refresh-all-database (210ms)
2026-7-2 17:15:27-debug: asset-db:worker-effect-data-processing (1ms)
2026-7-2 17:15:27-debug: asset-db-hook-engine-extends-afterRefresh (2ms)
2026-7-2 17:15:32-debug: Query all assets info in project
2026-7-2 17:15:32-debug: init custom config: keepNodeUuid: false, useCache: true
2026-7-2 17:15:32-debug: Skip compress image, progress: 0%
2026-7-2 17:15:32-debug: Init all bundles start..., progress: 0%
2026-7-2 17:15:32-debug: Num of bundles: 3..., progress: 0%
2026-7-2 17:15:32-debug: 查询 Asset Bundle start, progress: 0%
2026-7-2 17:15:32-debug: // ---- build task 查询 Asset Bundle ----
2026-7-2 17:15:32-debug: Init bundle root assets start..., progress: 0%
2026-7-2 17:15:32-debug: Query preload assets/scripts from cc.config.json: 60f7195c-ec2a-45eb-ba94-8955f60e81d0,1c02ae6f-4492-4915-b8f8-7492a3b1e4cd,810e96e4-e456-4468-9b59-f4e8f39732c0,efe8e2a3-eace-427b-b4f1-cb8a937ec77d,e9aa9a3e-5b2b-4ac7-a2c7-073de2b2b24f,8bbdbcdd-5cd4-4100-b6d5-b7c9625b6107,50f4348b-c883-4e2f-8f11-ce233b859fa1,fda095cb-831d-4601-ad94-846013963de8,f92806d7-1768-443f-afe8-12bcde84d0f0,dd3a144d-ab7f-41f0-82b8-2e43a090d496,f0416e68-0200-4b77-a926-4f9d16e494da,511d2633-09a7-4bdd-ac42-f778032124b3,5d45aa00-e064-4938-b314-4265f0c2258c,9361fd90-ba52-4f84-aa93-6e878fd576ca,970b0598-bcb0-4714-91fb-2e81440dccd8,bcd64cc6-2dd9-43f6-abbe-66318d332032,d930590d-bb92-4cc8-8bd1-23cd027f9edf,a3cd009f-0ab0-420d-9278-b9fdab939bbc,6a2d0734-bd9e-4ddf-946e-caa52498cb75,d1346436-ac96-4271-b863-1f4fdead95b0,971bdb23-3ff6-43eb-b422-1c30165a3663,17debcc3-0a6b-4b8a-b00b-dc58b885581e,711ebe11-f673-4cd9-9a83-63c60ba54c5b,c0143906-9aed-447e-9436-2ae8512d1b6e,14da1725-c4c2-42b4-ab08-ee0aeb6898b3,081cab31-dccd-428e-8652-f2404cc81c47,78e0584a-4343-4727-8f37-e14e65c2a2db,ba21476f-2866-4f81-9c4d-6e359316e448,871c3b6c-7379-419d-bda3-794b239ab90d,ff9b0199-ce04-4cfe-86cc-6c719f08d6e4,de1c2107-70c8-4021-8459-6399f24d01c6,cbf30902-517f-40dc-af90-a550bac27cf1,5c601d96-e4c7-4698-991b-7ee674b11079
2026-7-2 17:15:32-debug:   Number of all scenes: 5
2026-7-2 17:15:32-debug:   Number of all scripts: 109
2026-7-2 17:15:32-debug: Init bundle root assets success..., progress: 0%
2026-7-2 17:15:32-debug:   Number of other assets: 1152
2026-7-2 17:15:32-debug: // ---- build task 查询 Asset Bundle ---- (13ms)
2026-7-2 17:15:32-log: run build task 查询 Asset Bundle success in 13 ms√, progress: 5%
2026-7-2 17:15:32-debug: [Build Memory track]: 查询 Asset Bundle start:288.79MB, end 290.35MB, increase: 1.56MB
2026-7-2 17:15:32-debug: // ---- build task 查询 Asset Bundle ----
2026-7-2 17:15:32-debug: 查询 Asset Bundle start, progress: 5%
2026-7-2 17:15:32-debug: // ---- build task 查询 Asset Bundle ---- (7ms)
2026-7-2 17:15:32-debug: [Build Memory track]: 查询 Asset Bundle start:290.39MB, end 290.61MB, increase: 229.72KB
2026-7-2 17:15:32-debug: // ---- build task 整理部分构建选项内数据到 settings.json ----
2026-7-2 17:15:32-debug: 整理部分构建选项内数据到 settings.json start, progress: 10%
2026-7-2 17:15:32-log: run build task 查询 Asset Bundle success in 7 ms√, progress: 10%
2026-7-2 17:15:32-debug: // ---- build task 整理部分构建选项内数据到 settings.json ---- (1ms)
2026-7-2 17:15:32-debug: [Build Memory track]: 整理部分构建选项内数据到 settings.json start:290.64MB, end 290.67MB, increase: 29.24KB
2026-7-2 17:15:32-debug: 填充脚本数据到 settings.json start, progress: 12%
2026-7-2 17:15:32-debug: // ---- build task 填充脚本数据到 settings.json ----
2026-7-2 17:15:32-log: run build task 整理部分构建选项内数据到 settings.json success in 1 ms√, progress: 12%
2026-7-2 17:15:32-debug: // ---- build task 填充脚本数据到 settings.json ---- (2ms)
2026-7-2 17:15:32-log: run build task 填充脚本数据到 settings.json success in 2 ms√, progress: 13%
2026-7-2 17:15:32-debug: [Build Memory track]: 填充脚本数据到 settings.json start:290.71MB, end 290.74MB, increase: 28.71KB
2026-7-2 17:15:32-debug: // ---- build task 整理部分构建选项内数据到 settings.json ----
2026-7-2 17:15:32-debug: 整理部分构建选项内数据到 settings.json start, progress: 13%
2026-7-2 17:15:32-debug: // ---- build task 整理部分构建选项内数据到 settings.json ---- (9ms)
2026-7-2 17:15:32-log: run build task 整理部分构建选项内数据到 settings.json success in 9 ms√, progress: 15%
2026-7-2 17:15:32-debug: [Build Memory track]: 整理部分构建选项内数据到 settings.json start:290.77MB, end 290.84MB, increase: 70.20KB
2026-7-2 17:18:50-debug: refresh db internal success
2026-7-2 17:18:50-debug: refresh db assets success
2026-7-2 17:18:50-debug: refresh db super-packager success
2026-7-2 17:18:50-debug: Run asset db hook engine-extends:afterRefresh ...
2026-7-2 17:18:50-debug: Run asset db hook engine-extends:afterRefresh success!
2026-7-2 17:18:50-debug: asset-db:refresh-all-database (184ms)
2026-7-2 17:18:50-debug: asset-db:worker-effect-data-processing (2ms)
2026-7-2 17:18:50-debug: asset-db-hook-engine-extends-afterRefresh (2ms)
2026-7-2 17:19:37-debug: refresh db internal success
2026-7-2 17:19:37-debug: refresh db assets success
2026-7-2 17:19:37-debug: Run asset db hook engine-extends:afterRefresh ...
2026-7-2 17:19:37-debug: Run asset db hook engine-extends:afterRefresh success!
2026-7-2 17:19:37-debug: refresh db super-packager success
2026-7-2 17:19:37-debug: asset-db:refresh-all-database (179ms)
2026-7-2 17:19:37-debug: asset-db:worker-effect-data-processing (2ms)
2026-7-2 17:19:37-debug: asset-db-hook-engine-extends-afterRefresh (2ms)
2026-7-2 17:21:35-debug: refresh db internal success
2026-7-2 17:21:35-debug: refresh db assets success
2026-7-2 17:21:35-debug: refresh db super-packager success
2026-7-2 17:21:35-debug: Run asset db hook engine-extends:afterRefresh ...
2026-7-2 17:21:35-debug: Run asset db hook engine-extends:afterRefresh success!
2026-7-2 17:21:35-debug: asset-db:refresh-all-database (212ms)
2026-7-2 17:21:35-debug: asset-db:worker-effect-data-processing (2ms)
2026-7-2 17:21:35-debug: asset-db-hook-engine-extends-afterRefresh (2ms)
2026-7-2 17:23:29-debug: refresh db internal success
2026-7-2 17:23:29-debug: refresh db assets success
2026-7-2 17:23:29-debug: refresh db super-packager success
2026-7-2 17:23:29-debug: Run asset db hook engine-extends:afterRefresh ...
2026-7-2 17:23:29-debug: Run asset db hook engine-extends:afterRefresh success!
2026-7-2 17:23:29-debug: asset-db:refresh-all-database (188ms)
2026-7-2 17:23:29-debug: asset-db:worker-effect-data-processing (1ms)
2026-7-2 17:23:29-debug: asset-db-hook-engine-extends-afterRefresh (1ms)
2026-7-2 17:34:11-debug: refresh db internal success
2026-7-2 17:34:11-debug: refresh db assets success
2026-7-2 17:34:11-debug: refresh db super-packager success
2026-7-2 17:34:11-debug: Run asset db hook engine-extends:afterRefresh ...
2026-7-2 17:34:11-debug: Run asset db hook engine-extends:afterRefresh success!
2026-7-2 17:34:11-debug: asset-db:refresh-all-database (253ms)
2026-7-2 17:34:11-debug: asset-db:worker-effect-data-processing (3ms)
2026-7-2 17:34:11-debug: asset-db-hook-engine-extends-afterRefresh (3ms)
2026-7-2 17:35:14-debug: refresh db internal success
2026-7-2 17:35:15-debug: refresh db assets success
2026-7-2 17:35:15-debug: refresh db super-packager success
2026-7-2 17:35:15-debug: Run asset db hook engine-extends:afterRefresh ...
2026-7-2 17:35:15-debug: Run asset db hook engine-extends:afterRefresh success!
2026-7-2 17:35:15-debug: asset-db:refresh-all-database (265ms)
2026-7-2 17:35:15-debug: asset-db:worker-effect-data-processing (5ms)
2026-7-2 17:35:15-debug: asset-db-hook-engine-extends-afterRefresh (5ms)
2026-7-2 17:35:54-debug: refresh db internal success
2026-7-2 17:35:54-debug: refresh db assets success
2026-7-2 17:35:54-debug: refresh db super-packager success
2026-7-2 17:35:54-debug: Run asset db hook engine-extends:afterRefresh ...
2026-7-2 17:35:54-debug: Run asset db hook engine-extends:afterRefresh success!
2026-7-2 17:35:54-debug: asset-db:worker-effect-data-processing (4ms)
2026-7-2 17:35:54-debug: asset-db-hook-engine-extends-afterRefresh (4ms)
2026-7-2 17:35:54-debug: asset-db:refresh-all-database (261ms)
2026-7-2 17:41:45-debug: refresh db internal success
2026-7-2 17:41:45-debug: refresh db assets success
2026-7-2 17:41:45-debug: refresh db super-packager success
2026-7-2 17:41:45-debug: Run asset db hook engine-extends:afterRefresh ...
2026-7-2 17:41:45-debug: Run asset db hook engine-extends:afterRefresh success!
2026-7-2 17:41:45-debug: asset-db:refresh-all-database (269ms)
2026-7-2 17:41:45-debug: asset-db:worker-effect-data-processing (3ms)
2026-7-2 17:41:45-debug: asset-db-hook-engine-extends-afterRefresh (4ms)
2026-7-2 17:46:02-debug: refresh db internal success
2026-7-2 17:46:02-debug: refresh db assets success
2026-7-2 17:46:02-debug: refresh db super-packager success
2026-7-2 17:46:02-debug: Run asset db hook engine-extends:afterRefresh ...
2026-7-2 17:46:02-debug: Run asset db hook engine-extends:afterRefresh success!
2026-7-2 17:46:02-debug: asset-db:refresh-all-database (253ms)
2026-7-2 17:46:02-debug: asset-db:worker-effect-data-processing (4ms)
2026-7-2 17:46:02-debug: asset-db-hook-engine-extends-afterRefresh (4ms)
2026-7-2 17:52:27-debug: refresh db internal success
2026-7-2 17:52:27-debug: refresh db assets success
2026-7-2 17:52:27-debug: refresh db super-packager success
2026-7-2 17:52:27-debug: Run asset db hook engine-extends:afterRefresh ...
2026-7-2 17:52:27-debug: Run asset db hook engine-extends:afterRefresh success!
2026-7-2 17:52:27-debug: asset-db:refresh-all-database (311ms)
2026-7-2 17:52:27-debug: asset-db:worker-effect-data-processing (2ms)
2026-7-2 17:52:27-debug: asset-db-hook-engine-extends-afterRefresh (3ms)
2026-7-2 17:52:28-debug: refresh db internal success
2026-7-2 17:52:28-debug: refresh db assets success
2026-7-2 17:52:28-debug: refresh db super-packager success
2026-7-2 17:52:28-debug: Run asset db hook engine-extends:afterRefresh ...
2026-7-2 17:52:28-debug: Run asset db hook engine-extends:afterRefresh success!
2026-7-2 17:52:28-debug: asset-db:refresh-all-database (228ms)
2026-7-2 17:52:28-debug: asset-db:worker-effect-data-processing (5ms)
2026-7-2 17:52:28-debug: asset-db-hook-engine-extends-afterRefresh (6ms)
2026-7-2 18:03:21-debug: refresh db internal success
2026-7-2 18:03:22-debug: refresh db assets success
2026-7-2 18:03:22-debug: refresh db super-packager success
2026-7-2 18:03:22-debug: Run asset db hook engine-extends:afterRefresh ...
2026-7-2 18:03:22-debug: Run asset db hook engine-extends:afterRefresh success!
2026-7-2 18:03:22-debug: asset-db:refresh-all-database (292ms)
2026-7-2 18:03:22-debug: asset-db:worker-effect-data-processing (2ms)
2026-7-2 18:03:22-debug: asset-db-hook-engine-extends-afterRefresh (3ms)
2026-7-2 18:05:31-debug: refresh db internal success
2026-7-2 18:05:31-debug: refresh db assets success
2026-7-2 18:05:31-debug: refresh db super-packager success
2026-7-2 18:05:31-debug: Run asset db hook engine-extends:afterRefresh ...
2026-7-2 18:05:31-debug: Run asset db hook engine-extends:afterRefresh success!
2026-7-2 18:05:31-debug: asset-db:refresh-all-database (283ms)
2026-7-2 18:05:31-debug: asset-db:worker-effect-data-processing (2ms)
2026-7-2 18:05:31-debug: asset-db-hook-engine-extends-afterRefresh (3ms)
2026-7-2 18:05:35-debug: %cImport%c: D:\工程项目\PlayableAD\Cocos\TheW\20260615_HYQ\HYQ_Project\assets\Scene\Game_3D-002.scenebackground: #aaff85; color: #000;color: #000;
2026-7-2 18:05:35-debug: asset-db:reimport-assetb5805d3a-3b80-4a12-adf5-588e63a7d886 (42ms)
2026-7-2 18:05:36-debug: Query all assets info in project
2026-7-2 18:05:36-debug: init custom config: keepNodeUuid: false, useCache: true
2026-7-2 18:05:36-debug: Skip compress image, progress: 0%
2026-7-2 18:05:36-debug: Init all bundles start..., progress: 0%
2026-7-2 18:05:36-debug: Num of bundles: 3..., progress: 0%
2026-7-2 18:05:36-debug: 查询 Asset Bundle start, progress: 0%
2026-7-2 18:05:36-debug: // ---- build task 查询 Asset Bundle ----
2026-7-2 18:05:36-debug: Init bundle root assets start..., progress: 0%
2026-7-2 18:05:36-debug: Query preload assets/scripts from cc.config.json: 60f7195c-ec2a-45eb-ba94-8955f60e81d0,1c02ae6f-4492-4915-b8f8-7492a3b1e4cd,810e96e4-e456-4468-9b59-f4e8f39732c0,efe8e2a3-eace-427b-b4f1-cb8a937ec77d,e9aa9a3e-5b2b-4ac7-a2c7-073de2b2b24f,8bbdbcdd-5cd4-4100-b6d5-b7c9625b6107,50f4348b-c883-4e2f-8f11-ce233b859fa1,fda095cb-831d-4601-ad94-846013963de8,f92806d7-1768-443f-afe8-12bcde84d0f0,dd3a144d-ab7f-41f0-82b8-2e43a090d496,f0416e68-0200-4b77-a926-4f9d16e494da,511d2633-09a7-4bdd-ac42-f778032124b3,5d45aa00-e064-4938-b314-4265f0c2258c,9361fd90-ba52-4f84-aa93-6e878fd576ca,970b0598-bcb0-4714-91fb-2e81440dccd8,bcd64cc6-2dd9-43f6-abbe-66318d332032,d930590d-bb92-4cc8-8bd1-23cd027f9edf,a3cd009f-0ab0-420d-9278-b9fdab939bbc,6a2d0734-bd9e-4ddf-946e-caa52498cb75,d1346436-ac96-4271-b863-1f4fdead95b0,971bdb23-3ff6-43eb-b422-1c30165a3663,17debcc3-0a6b-4b8a-b00b-dc58b885581e,711ebe11-f673-4cd9-9a83-63c60ba54c5b,c0143906-9aed-447e-9436-2ae8512d1b6e,14da1725-c4c2-42b4-ab08-ee0aeb6898b3,081cab31-dccd-428e-8652-f2404cc81c47,78e0584a-4343-4727-8f37-e14e65c2a2db,ba21476f-2866-4f81-9c4d-6e359316e448,871c3b6c-7379-419d-bda3-794b239ab90d,ff9b0199-ce04-4cfe-86cc-6c719f08d6e4,de1c2107-70c8-4021-8459-6399f24d01c6,cbf30902-517f-40dc-af90-a550bac27cf1,5c601d96-e4c7-4698-991b-7ee674b11079
2026-7-2 18:05:36-debug:   Number of all scenes: 5
2026-7-2 18:05:36-debug: Init bundle root assets success..., progress: 0%
2026-7-2 18:05:36-debug:   Number of all scripts: 109
2026-7-2 18:05:36-debug:   Number of other assets: 1152
2026-7-2 18:05:36-debug: // ---- build task 查询 Asset Bundle ---- (24ms)
2026-7-2 18:05:36-log: run build task 查询 Asset Bundle success in 24 ms√, progress: 5%
2026-7-2 18:05:36-debug: [Build Memory track]: 查询 Asset Bundle start:297.68MB, end 299.26MB, increase: 1.58MB
2026-7-2 18:05:36-debug: 查询 Asset Bundle start, progress: 5%
2026-7-2 18:05:36-debug: // ---- build task 查询 Asset Bundle ----
2026-7-2 18:05:36-debug: // ---- build task 查询 Asset Bundle ---- (7ms)
2026-7-2 18:05:36-log: run build task 查询 Asset Bundle success in 7 ms√, progress: 10%
2026-7-2 18:05:36-debug: 整理部分构建选项内数据到 settings.json start, progress: 10%
2026-7-2 18:05:36-debug: // ---- build task 整理部分构建选项内数据到 settings.json ----
2026-7-2 18:05:36-debug: [Build Memory track]: 查询 Asset Bundle start:299.30MB, end 299.53MB, increase: 240.54KB
2026-7-2 18:05:36-debug: // ---- build task 整理部分构建选项内数据到 settings.json ---- (2ms)
2026-7-2 18:05:36-log: run build task 整理部分构建选项内数据到 settings.json success in 2 ms√, progress: 12%
2026-7-2 18:05:36-debug: [Build Memory track]: 整理部分构建选项内数据到 settings.json start:299.57MB, end 299.60MB, increase: 29.15KB
2026-7-2 18:05:36-debug: 填充脚本数据到 settings.json start, progress: 12%
2026-7-2 18:05:36-debug: // ---- build task 填充脚本数据到 settings.json ----
2026-7-2 18:05:36-debug: // ---- build task 填充脚本数据到 settings.json ---- (1ms)
2026-7-2 18:05:36-log: run build task 填充脚本数据到 settings.json success in 1 ms√, progress: 13%
2026-7-2 18:05:36-debug: [Build Memory track]: 填充脚本数据到 settings.json start:299.63MB, end 299.66MB, increase: 28.81KB
2026-7-2 18:05:36-debug: 整理部分构建选项内数据到 settings.json start, progress: 13%
2026-7-2 18:05:36-debug: // ---- build task 整理部分构建选项内数据到 settings.json ----
2026-7-2 18:05:36-debug: // ---- build task 整理部分构建选项内数据到 settings.json ---- (12ms)
2026-7-2 18:05:36-log: run build task 整理部分构建选项内数据到 settings.json success in 12 ms√, progress: 15%
2026-7-2 18:05:36-debug: [Build Memory track]: 整理部分构建选项内数据到 settings.json start:299.69MB, end 299.76MB, increase: 70.55KB
2026-7-2 18:14:22-debug: Query all assets info in project
2026-7-2 18:14:22-debug: init custom config: keepNodeUuid: false, useCache: true
2026-7-2 18:14:22-debug: Skip compress image, progress: 0%
2026-7-2 18:14:22-debug: Init all bundles start..., progress: 0%
2026-7-2 18:14:22-debug: // ---- build task 查询 Asset Bundle ----
2026-7-2 18:14:22-debug: 查询 Asset Bundle start, progress: 0%
2026-7-2 18:14:22-debug: Num of bundles: 3..., progress: 0%
2026-7-2 18:14:22-debug: Init bundle root assets start..., progress: 0%
2026-7-2 18:14:22-debug: Query preload assets/scripts from cc.config.json: 60f7195c-ec2a-45eb-ba94-8955f60e81d0,1c02ae6f-4492-4915-b8f8-7492a3b1e4cd,810e96e4-e456-4468-9b59-f4e8f39732c0,efe8e2a3-eace-427b-b4f1-cb8a937ec77d,e9aa9a3e-5b2b-4ac7-a2c7-073de2b2b24f,8bbdbcdd-5cd4-4100-b6d5-b7c9625b6107,50f4348b-c883-4e2f-8f11-ce233b859fa1,fda095cb-831d-4601-ad94-846013963de8,f92806d7-1768-443f-afe8-12bcde84d0f0,dd3a144d-ab7f-41f0-82b8-2e43a090d496,f0416e68-0200-4b77-a926-4f9d16e494da,511d2633-09a7-4bdd-ac42-f778032124b3,5d45aa00-e064-4938-b314-4265f0c2258c,9361fd90-ba52-4f84-aa93-6e878fd576ca,970b0598-bcb0-4714-91fb-2e81440dccd8,bcd64cc6-2dd9-43f6-abbe-66318d332032,d930590d-bb92-4cc8-8bd1-23cd027f9edf,a3cd009f-0ab0-420d-9278-b9fdab939bbc,6a2d0734-bd9e-4ddf-946e-caa52498cb75,d1346436-ac96-4271-b863-1f4fdead95b0,971bdb23-3ff6-43eb-b422-1c30165a3663,17debcc3-0a6b-4b8a-b00b-dc58b885581e,711ebe11-f673-4cd9-9a83-63c60ba54c5b,c0143906-9aed-447e-9436-2ae8512d1b6e,14da1725-c4c2-42b4-ab08-ee0aeb6898b3,081cab31-dccd-428e-8652-f2404cc81c47,78e0584a-4343-4727-8f37-e14e65c2a2db,ba21476f-2866-4f81-9c4d-6e359316e448,871c3b6c-7379-419d-bda3-794b239ab90d,ff9b0199-ce04-4cfe-86cc-6c719f08d6e4,de1c2107-70c8-4021-8459-6399f24d01c6,cbf30902-517f-40dc-af90-a550bac27cf1,5c601d96-e4c7-4698-991b-7ee674b11079
2026-7-2 18:14:22-debug:   Number of all scenes: 5
2026-7-2 18:14:22-debug: Init bundle root assets success..., progress: 0%
2026-7-2 18:14:22-debug:   Number of all scripts: 109
2026-7-2 18:14:22-debug:   Number of other assets: 1152
2026-7-2 18:14:22-debug: // ---- build task 查询 Asset Bundle ---- (12ms)
2026-7-2 18:14:22-log: run build task 查询 Asset Bundle success in 12 ms√, progress: 5%
2026-7-2 18:14:22-debug: // ---- build task 查询 Asset Bundle ----
2026-7-2 18:14:22-debug: 查询 Asset Bundle start, progress: 5%
2026-7-2 18:14:22-debug: [Build Memory track]: 查询 Asset Bundle start:297.35MB, end 298.90MB, increase: 1.54MB
2026-7-2 18:14:22-debug: // ---- build task 查询 Asset Bundle ---- (7ms)
2026-7-2 18:14:22-log: run build task 查询 Asset Bundle success in 7 ms√, progress: 10%
2026-7-2 18:14:22-debug: // ---- build task 整理部分构建选项内数据到 settings.json ----
2026-7-2 18:14:22-debug: 整理部分构建选项内数据到 settings.json start, progress: 10%
2026-7-2 18:14:22-debug: [Build Memory track]: 查询 Asset Bundle start:298.93MB, end 299.16MB, increase: 230.09KB
2026-7-2 18:14:22-debug: // ---- build task 整理部分构建选项内数据到 settings.json ---- (3ms)
2026-7-2 18:14:22-log: run build task 整理部分构建选项内数据到 settings.json success in 3 ms√, progress: 12%
2026-7-2 18:14:22-debug: [Build Memory track]: 整理部分构建选项内数据到 settings.json start:299.19MB, end 299.22MB, increase: 29.30KB
2026-7-2 18:14:22-debug: // ---- build task 填充脚本数据到 settings.json ----
2026-7-2 18:14:22-debug: 填充脚本数据到 settings.json start, progress: 12%
2026-7-2 18:14:22-debug: // ---- build task 填充脚本数据到 settings.json ---- (2ms)
2026-7-2 18:14:22-log: run build task 填充脚本数据到 settings.json success in 2 ms√, progress: 13%
2026-7-2 18:14:22-debug: [Build Memory track]: 填充脚本数据到 settings.json start:299.25MB, end 299.28MB, increase: 28.66KB
2026-7-2 18:14:22-debug: 整理部分构建选项内数据到 settings.json start, progress: 13%
2026-7-2 18:14:22-debug: // ---- build task 整理部分构建选项内数据到 settings.json ----
2026-7-2 18:14:22-debug: // ---- build task 整理部分构建选项内数据到 settings.json ---- (6ms)
2026-7-2 18:14:22-log: run build task 整理部分构建选项内数据到 settings.json success in 6 ms√, progress: 15%
2026-7-2 18:14:22-debug: [Build Memory track]: 整理部分构建选项内数据到 settings.json start:299.32MB, end 299.38MB, increase: 64.98KB
2026-7-2 18:16:52-debug: refresh db internal success
2026-7-2 18:16:53-debug: %cImport%c: D:\工程项目\PlayableAD\Cocos\TheW\20260615_HYQ\HYQ_Project\assets\Script\functionS\Other\PropArms.tsbackground: #aaff85; color: #000;color: #000;
2026-7-2 18:16:53-debug: refresh db assets success
2026-7-2 18:16:53-debug: refresh db super-packager success
2026-7-2 18:16:53-debug: Run asset db hook engine-extends:afterRefresh ...
2026-7-2 18:16:53-debug: Run asset db hook engine-extends:afterRefresh success!
2026-7-2 18:16:53-debug: asset-db:refresh-all-database (226ms)
2026-7-2 18:16:53-debug: asset-db:worker-effect-data-processing (2ms)
2026-7-2 18:16:53-debug: asset-db-hook-engine-extends-afterRefresh (3ms)
2026-7-2 18:16:56-debug: Query all assets info in project
2026-7-2 18:16:56-debug: Skip compress image, progress: 0%
2026-7-2 18:16:56-debug: init custom config: keepNodeUuid: false, useCache: true
2026-7-2 18:16:56-debug: Init all bundles start..., progress: 0%
2026-7-2 18:16:56-debug: // ---- build task 查询 Asset Bundle ----
2026-7-2 18:16:56-debug: Num of bundles: 3..., progress: 0%
2026-7-2 18:16:56-debug: Init bundle root assets start..., progress: 0%
2026-7-2 18:16:56-debug: 查询 Asset Bundle start, progress: 0%
2026-7-2 18:16:56-debug: Query preload assets/scripts from cc.config.json: 60f7195c-ec2a-45eb-ba94-8955f60e81d0,1c02ae6f-4492-4915-b8f8-7492a3b1e4cd,810e96e4-e456-4468-9b59-f4e8f39732c0,efe8e2a3-eace-427b-b4f1-cb8a937ec77d,e9aa9a3e-5b2b-4ac7-a2c7-073de2b2b24f,8bbdbcdd-5cd4-4100-b6d5-b7c9625b6107,50f4348b-c883-4e2f-8f11-ce233b859fa1,fda095cb-831d-4601-ad94-846013963de8,f92806d7-1768-443f-afe8-12bcde84d0f0,dd3a144d-ab7f-41f0-82b8-2e43a090d496,f0416e68-0200-4b77-a926-4f9d16e494da,511d2633-09a7-4bdd-ac42-f778032124b3,5d45aa00-e064-4938-b314-4265f0c2258c,9361fd90-ba52-4f84-aa93-6e878fd576ca,970b0598-bcb0-4714-91fb-2e81440dccd8,bcd64cc6-2dd9-43f6-abbe-66318d332032,d930590d-bb92-4cc8-8bd1-23cd027f9edf,a3cd009f-0ab0-420d-9278-b9fdab939bbc,6a2d0734-bd9e-4ddf-946e-caa52498cb75,d1346436-ac96-4271-b863-1f4fdead95b0,971bdb23-3ff6-43eb-b422-1c30165a3663,17debcc3-0a6b-4b8a-b00b-dc58b885581e,711ebe11-f673-4cd9-9a83-63c60ba54c5b,c0143906-9aed-447e-9436-2ae8512d1b6e,14da1725-c4c2-42b4-ab08-ee0aeb6898b3,081cab31-dccd-428e-8652-f2404cc81c47,78e0584a-4343-4727-8f37-e14e65c2a2db,ba21476f-2866-4f81-9c4d-6e359316e448,871c3b6c-7379-419d-bda3-794b239ab90d,ff9b0199-ce04-4cfe-86cc-6c719f08d6e4,de1c2107-70c8-4021-8459-6399f24d01c6,cbf30902-517f-40dc-af90-a550bac27cf1,5c601d96-e4c7-4698-991b-7ee674b11079
2026-7-2 18:16:56-debug:   Number of other assets: 1152
2026-7-2 18:16:56-debug:   Number of all scripts: 109
2026-7-2 18:16:56-debug:   Number of all scenes: 5
2026-7-2 18:16:56-debug: Init bundle root assets success..., progress: 0%
2026-7-2 18:16:56-log: run build task 查询 Asset Bundle success in 9 ms√, progress: 5%
2026-7-2 18:16:56-debug: [Build Memory track]: 查询 Asset Bundle start:303.12MB, end 299.43MB, increase: -3773.26KB
2026-7-2 18:16:56-debug: 查询 Asset Bundle start, progress: 5%
2026-7-2 18:16:56-debug: // ---- build task 查询 Asset Bundle ----
2026-7-2 18:16:56-debug: // ---- build task 查询 Asset Bundle ---- (9ms)
2026-7-2 18:16:56-log: run build task 查询 Asset Bundle success in 5 ms√, progress: 10%
2026-7-2 18:16:56-debug: [Build Memory track]: 查询 Asset Bundle start:299.46MB, end 299.69MB, increase: 231.05KB
2026-7-2 18:16:56-debug: // ---- build task 整理部分构建选项内数据到 settings.json ----
2026-7-2 18:16:56-debug: // ---- build task 查询 Asset Bundle ---- (5ms)
2026-7-2 18:16:56-debug: 整理部分构建选项内数据到 settings.json start, progress: 10%
2026-7-2 18:16:56-debug: // ---- build task 整理部分构建选项内数据到 settings.json ---- (4ms)
2026-7-2 18:16:56-debug: [Build Memory track]: 整理部分构建选项内数据到 settings.json start:299.73MB, end 299.75MB, increase: 29.23KB
2026-7-2 18:16:56-debug: 填充脚本数据到 settings.json start, progress: 12%
2026-7-2 18:16:56-log: run build task 整理部分构建选项内数据到 settings.json success in 4 ms√, progress: 12%
2026-7-2 18:16:56-debug: // ---- build task 填充脚本数据到 settings.json ----
2026-7-2 18:16:56-debug: // ---- build task 填充脚本数据到 settings.json ---- (2ms)
2026-7-2 18:16:56-log: run build task 填充脚本数据到 settings.json success in 2 ms√, progress: 13%
2026-7-2 18:16:56-debug: 整理部分构建选项内数据到 settings.json start, progress: 13%
2026-7-2 18:16:56-debug: [Build Memory track]: 填充脚本数据到 settings.json start:299.79MB, end 299.82MB, increase: 28.73KB
2026-7-2 18:16:56-debug: // ---- build task 整理部分构建选项内数据到 settings.json ----
2026-7-2 18:16:56-debug: // ---- build task 整理部分构建选项内数据到 settings.json ---- (4ms)
2026-7-2 18:16:56-log: run build task 整理部分构建选项内数据到 settings.json success in 4 ms√, progress: 15%
2026-7-2 18:16:56-debug: [Build Memory track]: 整理部分构建选项内数据到 settings.json start:299.85MB, end 299.91MB, increase: 65.02KB
2026-7-2 18:17:02-debug: refresh db internal success
2026-7-2 18:17:02-debug: refresh db assets success
2026-7-2 18:17:02-debug: Run asset db hook engine-extends:afterRefresh ...
2026-7-2 18:17:02-debug: refresh db super-packager success
2026-7-2 18:17:02-debug: Run asset db hook engine-extends:afterRefresh success!
2026-7-2 18:17:02-debug: asset-db:refresh-all-database (243ms)
2026-7-2 18:17:02-debug: asset-db-hook-engine-extends-afterRefresh (3ms)
2026-7-2 18:17:02-debug: asset-db:worker-effect-data-processing (3ms)
2026-7-2 18:17:12-debug: %cImport%c: D:\工程项目\PlayableAD\Cocos\TheW\20260615_HYQ\HYQ_Project\assets\Scene\Game_3D-002.scenebackground: #aaff85; color: #000;color: #000;
2026-7-2 18:17:12-debug: asset-db:reimport-assetb5805d3a-3b80-4a12-adf5-588e63a7d886 (27ms)
2026-7-2 18:17:13-debug: Query all assets info in project
2026-7-2 18:17:13-debug: Skip compress image, progress: 0%
2026-7-2 18:17:13-debug: init custom config: keepNodeUuid: false, useCache: true
2026-7-2 18:17:13-debug: Init all bundles start..., progress: 0%
2026-7-2 18:17:13-debug: // ---- build task 查询 Asset Bundle ----
2026-7-2 18:17:13-debug: Init bundle root assets start..., progress: 0%
2026-7-2 18:17:13-debug: 查询 Asset Bundle start, progress: 0%
2026-7-2 18:17:13-debug: Num of bundles: 3..., progress: 0%
2026-7-2 18:17:13-debug: Query preload assets/scripts from cc.config.json: 60f7195c-ec2a-45eb-ba94-8955f60e81d0,1c02ae6f-4492-4915-b8f8-7492a3b1e4cd,810e96e4-e456-4468-9b59-f4e8f39732c0,efe8e2a3-eace-427b-b4f1-cb8a937ec77d,e9aa9a3e-5b2b-4ac7-a2c7-073de2b2b24f,8bbdbcdd-5cd4-4100-b6d5-b7c9625b6107,50f4348b-c883-4e2f-8f11-ce233b859fa1,fda095cb-831d-4601-ad94-846013963de8,f92806d7-1768-443f-afe8-12bcde84d0f0,dd3a144d-ab7f-41f0-82b8-2e43a090d496,f0416e68-0200-4b77-a926-4f9d16e494da,511d2633-09a7-4bdd-ac42-f778032124b3,5d45aa00-e064-4938-b314-4265f0c2258c,9361fd90-ba52-4f84-aa93-6e878fd576ca,970b0598-bcb0-4714-91fb-2e81440dccd8,bcd64cc6-2dd9-43f6-abbe-66318d332032,d930590d-bb92-4cc8-8bd1-23cd027f9edf,a3cd009f-0ab0-420d-9278-b9fdab939bbc,6a2d0734-bd9e-4ddf-946e-caa52498cb75,d1346436-ac96-4271-b863-1f4fdead95b0,971bdb23-3ff6-43eb-b422-1c30165a3663,17debcc3-0a6b-4b8a-b00b-dc58b885581e,711ebe11-f673-4cd9-9a83-63c60ba54c5b,c0143906-9aed-447e-9436-2ae8512d1b6e,14da1725-c4c2-42b4-ab08-ee0aeb6898b3,081cab31-dccd-428e-8652-f2404cc81c47,78e0584a-4343-4727-8f37-e14e65c2a2db,ba21476f-2866-4f81-9c4d-6e359316e448,871c3b6c-7379-419d-bda3-794b239ab90d,ff9b0199-ce04-4cfe-86cc-6c719f08d6e4,de1c2107-70c8-4021-8459-6399f24d01c6,cbf30902-517f-40dc-af90-a550bac27cf1,5c601d96-e4c7-4698-991b-7ee674b11079
2026-7-2 18:17:13-debug:   Number of all scripts: 109
2026-7-2 18:17:13-debug:   Number of other assets: 1152
2026-7-2 18:17:13-debug: Init bundle root assets success..., progress: 0%
2026-7-2 18:17:13-debug:   Number of all scenes: 5
2026-7-2 18:17:13-log: run build task 查询 Asset Bundle success in 13 ms√, progress: 5%
2026-7-2 18:17:13-debug: [Build Memory track]: 查询 Asset Bundle start:276.83MB, end 276.80MB, increase: -22.54KB
2026-7-2 18:17:13-debug: // ---- build task 查询 Asset Bundle ----
2026-7-2 18:17:13-debug: // ---- build task 查询 Asset Bundle ---- (13ms)
2026-7-2 18:17:13-debug: 查询 Asset Bundle start, progress: 5%
2026-7-2 18:17:13-debug: // ---- build task 查询 Asset Bundle ---- (6ms)
2026-7-2 18:17:13-log: run build task 查询 Asset Bundle success in 6 ms√, progress: 10%
2026-7-2 18:17:13-debug: // ---- build task 整理部分构建选项内数据到 settings.json ----
2026-7-2 18:17:13-debug: [Build Memory track]: 查询 Asset Bundle start:276.84MB, end 277.07MB, increase: 232.64KB
2026-7-2 18:17:13-debug: 整理部分构建选项内数据到 settings.json start, progress: 10%
2026-7-2 18:17:13-debug: // ---- build task 整理部分构建选项内数据到 settings.json ---- (4ms)
2026-7-2 18:17:13-log: run build task 整理部分构建选项内数据到 settings.json success in 4 ms√, progress: 12%
2026-7-2 18:17:13-debug: // ---- build task 填充脚本数据到 settings.json ----
2026-7-2 18:17:13-debug: [Build Memory track]: 整理部分构建选项内数据到 settings.json start:277.10MB, end 277.13MB, increase: 29.71KB
2026-7-2 18:17:13-debug: 填充脚本数据到 settings.json start, progress: 12%
2026-7-2 18:17:13-debug: // ---- build task 填充脚本数据到 settings.json ---- (2ms)
2026-7-2 18:17:13-log: run build task 填充脚本数据到 settings.json success in 2 ms√, progress: 13%
2026-7-2 18:17:13-debug: // ---- build task 整理部分构建选项内数据到 settings.json ----
2026-7-2 18:17:13-debug: [Build Memory track]: 填充脚本数据到 settings.json start:277.16MB, end 277.19MB, increase: 28.75KB
2026-7-2 18:17:13-debug: 整理部分构建选项内数据到 settings.json start, progress: 13%
2026-7-2 18:17:13-debug: // ---- build task 整理部分构建选项内数据到 settings.json ---- (5ms)
2026-7-2 18:17:13-log: run build task 整理部分构建选项内数据到 settings.json success in 5 ms√, progress: 15%
2026-7-2 18:17:13-debug: [Build Memory track]: 整理部分构建选项内数据到 settings.json start:277.23MB, end 277.29MB, increase: 70.42KB
2026-7-2 18:17:42-debug: refresh db internal success
2026-7-2 18:17:42-debug: refresh db assets success
2026-7-2 18:17:42-debug: refresh db super-packager success
2026-7-2 18:17:42-debug: Run asset db hook engine-extends:afterRefresh ...
2026-7-2 18:17:42-debug: Run asset db hook engine-extends:afterRefresh success!
2026-7-2 18:17:42-debug: asset-db:refresh-all-database (184ms)
2026-7-2 18:17:42-debug: asset-db:worker-effect-data-processing (2ms)
2026-7-2 18:17:42-debug: asset-db-hook-engine-extends-afterRefresh (3ms)
2026-7-2 18:18:14-debug: %cImport%c: D:\工程项目\PlayableAD\Cocos\TheW\20260615_HYQ\HYQ_Project\assets\Scene\Game_3D-002.scenebackground: #aaff85; color: #000;color: #000;
2026-7-2 18:18:14-debug: asset-db:reimport-assetb5805d3a-3b80-4a12-adf5-588e63a7d886 (35ms)
2026-7-2 18:18:15-debug: Query all assets info in project
2026-7-2 18:18:15-debug: init custom config: keepNodeUuid: false, useCache: true
2026-7-2 18:18:15-debug: Skip compress image, progress: 0%
2026-7-2 18:18:15-debug: Init all bundles start..., progress: 0%
2026-7-2 18:18:15-debug: // ---- build task 查询 Asset Bundle ----
2026-7-2 18:18:15-debug: Init bundle root assets start..., progress: 0%
2026-7-2 18:18:15-debug: 查询 Asset Bundle start, progress: 0%
2026-7-2 18:18:15-debug: Num of bundles: 3..., progress: 0%
2026-7-2 18:18:15-debug: Query preload assets/scripts from cc.config.json: 60f7195c-ec2a-45eb-ba94-8955f60e81d0,1c02ae6f-4492-4915-b8f8-7492a3b1e4cd,810e96e4-e456-4468-9b59-f4e8f39732c0,efe8e2a3-eace-427b-b4f1-cb8a937ec77d,e9aa9a3e-5b2b-4ac7-a2c7-073de2b2b24f,8bbdbcdd-5cd4-4100-b6d5-b7c9625b6107,50f4348b-c883-4e2f-8f11-ce233b859fa1,fda095cb-831d-4601-ad94-846013963de8,f92806d7-1768-443f-afe8-12bcde84d0f0,dd3a144d-ab7f-41f0-82b8-2e43a090d496,f0416e68-0200-4b77-a926-4f9d16e494da,511d2633-09a7-4bdd-ac42-f778032124b3,5d45aa00-e064-4938-b314-4265f0c2258c,9361fd90-ba52-4f84-aa93-6e878fd576ca,970b0598-bcb0-4714-91fb-2e81440dccd8,bcd64cc6-2dd9-43f6-abbe-66318d332032,d930590d-bb92-4cc8-8bd1-23cd027f9edf,a3cd009f-0ab0-420d-9278-b9fdab939bbc,6a2d0734-bd9e-4ddf-946e-caa52498cb75,d1346436-ac96-4271-b863-1f4fdead95b0,971bdb23-3ff6-43eb-b422-1c30165a3663,17debcc3-0a6b-4b8a-b00b-dc58b885581e,711ebe11-f673-4cd9-9a83-63c60ba54c5b,c0143906-9aed-447e-9436-2ae8512d1b6e,14da1725-c4c2-42b4-ab08-ee0aeb6898b3,081cab31-dccd-428e-8652-f2404cc81c47,78e0584a-4343-4727-8f37-e14e65c2a2db,ba21476f-2866-4f81-9c4d-6e359316e448,871c3b6c-7379-419d-bda3-794b239ab90d,ff9b0199-ce04-4cfe-86cc-6c719f08d6e4,de1c2107-70c8-4021-8459-6399f24d01c6,cbf30902-517f-40dc-af90-a550bac27cf1,5c601d96-e4c7-4698-991b-7ee674b11079
2026-7-2 18:18:15-debug:   Number of all scenes: 5
2026-7-2 18:18:15-debug:   Number of all scripts: 109
2026-7-2 18:18:15-debug: Init bundle root assets success..., progress: 0%
2026-7-2 18:18:15-debug: // ---- build task 查询 Asset Bundle ---- (12ms)
2026-7-2 18:18:15-log: run build task 查询 Asset Bundle success in 12 ms√, progress: 5%
2026-7-2 18:18:15-debug: [Build Memory track]: 查询 Asset Bundle start:281.14MB, end 281.08MB, increase: -65.72KB
2026-7-2 18:18:15-debug:   Number of other assets: 1152
2026-7-2 18:18:15-debug: 查询 Asset Bundle start, progress: 5%
2026-7-2 18:18:15-debug: // ---- build task 查询 Asset Bundle ----
2026-7-2 18:18:15-debug: // ---- build task 查询 Asset Bundle ---- (7ms)
2026-7-2 18:18:15-log: run build task 查询 Asset Bundle success in 7 ms√, progress: 10%
2026-7-2 18:18:15-debug: // ---- build task 整理部分构建选项内数据到 settings.json ----
2026-7-2 18:18:15-debug: [Build Memory track]: 查询 Asset Bundle start:281.11MB, end 281.34MB, increase: 233.46KB
2026-7-2 18:18:15-debug: 整理部分构建选项内数据到 settings.json start, progress: 10%
2026-7-2 18:18:15-debug: // ---- build task 整理部分构建选项内数据到 settings.json ---- (2ms)
2026-7-2 18:18:15-log: run build task 整理部分构建选项内数据到 settings.json success in 2 ms√, progress: 12%
2026-7-2 18:18:15-debug: // ---- build task 填充脚本数据到 settings.json ----
2026-7-2 18:18:15-debug: [Build Memory track]: 整理部分构建选项内数据到 settings.json start:281.37MB, end 281.40MB, increase: 29.95KB
2026-7-2 18:18:15-debug: 填充脚本数据到 settings.json start, progress: 12%
2026-7-2 18:18:15-debug: // ---- build task 填充脚本数据到 settings.json ---- (1ms)
2026-7-2 18:18:15-log: run build task 填充脚本数据到 settings.json success in 1 ms√, progress: 13%
2026-7-2 18:18:15-debug: // ---- build task 整理部分构建选项内数据到 settings.json ----
2026-7-2 18:18:15-debug: [Build Memory track]: 填充脚本数据到 settings.json start:281.44MB, end 281.47MB, increase: 29.33KB
2026-7-2 18:18:15-debug: 整理部分构建选项内数据到 settings.json start, progress: 13%
2026-7-2 18:18:15-log: run build task 整理部分构建选项内数据到 settings.json success in 5 ms√, progress: 15%
2026-7-2 18:18:15-debug: [Build Memory track]: 整理部分构建选项内数据到 settings.json start:281.50MB, end 281.56MB, increase: 65.72KB
2026-7-2 18:18:15-debug: // ---- build task 整理部分构建选项内数据到 settings.json ---- (5ms)
2026-7-2 18:20:17-debug: %cImport%c: D:\工程项目\PlayableAD\Cocos\TheW\20260615_HYQ\HYQ_Project\assets\Scene\Game_3D-002.scenebackground: #aaff85; color: #000;color: #000;
2026-7-2 18:20:17-debug: asset-db:reimport-assetb5805d3a-3b80-4a12-adf5-588e63a7d886 (31ms)
2026-7-2 18:20:18-debug: Query all assets info in project
2026-7-2 18:20:18-debug: init custom config: keepNodeUuid: false, useCache: true
2026-7-2 18:20:18-debug: Skip compress image, progress: 0%
2026-7-2 18:20:18-debug: Init all bundles start..., progress: 0%
2026-7-2 18:20:18-debug: Num of bundles: 3..., progress: 0%
2026-7-2 18:20:18-debug: 查询 Asset Bundle start, progress: 0%
2026-7-2 18:20:18-debug: Init bundle root assets start..., progress: 0%
2026-7-2 18:20:18-debug: // ---- build task 查询 Asset Bundle ----
2026-7-2 18:20:18-debug: Query preload assets/scripts from cc.config.json: 60f7195c-ec2a-45eb-ba94-8955f60e81d0,1c02ae6f-4492-4915-b8f8-7492a3b1e4cd,810e96e4-e456-4468-9b59-f4e8f39732c0,efe8e2a3-eace-427b-b4f1-cb8a937ec77d,e9aa9a3e-5b2b-4ac7-a2c7-073de2b2b24f,8bbdbcdd-5cd4-4100-b6d5-b7c9625b6107,50f4348b-c883-4e2f-8f11-ce233b859fa1,fda095cb-831d-4601-ad94-846013963de8,f92806d7-1768-443f-afe8-12bcde84d0f0,dd3a144d-ab7f-41f0-82b8-2e43a090d496,f0416e68-0200-4b77-a926-4f9d16e494da,511d2633-09a7-4bdd-ac42-f778032124b3,5d45aa00-e064-4938-b314-4265f0c2258c,9361fd90-ba52-4f84-aa93-6e878fd576ca,970b0598-bcb0-4714-91fb-2e81440dccd8,bcd64cc6-2dd9-43f6-abbe-66318d332032,d930590d-bb92-4cc8-8bd1-23cd027f9edf,a3cd009f-0ab0-420d-9278-b9fdab939bbc,6a2d0734-bd9e-4ddf-946e-caa52498cb75,d1346436-ac96-4271-b863-1f4fdead95b0,971bdb23-3ff6-43eb-b422-1c30165a3663,17debcc3-0a6b-4b8a-b00b-dc58b885581e,711ebe11-f673-4cd9-9a83-63c60ba54c5b,c0143906-9aed-447e-9436-2ae8512d1b6e,14da1725-c4c2-42b4-ab08-ee0aeb6898b3,081cab31-dccd-428e-8652-f2404cc81c47,78e0584a-4343-4727-8f37-e14e65c2a2db,ba21476f-2866-4f81-9c4d-6e359316e448,871c3b6c-7379-419d-bda3-794b239ab90d,ff9b0199-ce04-4cfe-86cc-6c719f08d6e4,de1c2107-70c8-4021-8459-6399f24d01c6,cbf30902-517f-40dc-af90-a550bac27cf1,5c601d96-e4c7-4698-991b-7ee674b11079
2026-7-2 18:20:18-debug:   Number of all scenes: 5
2026-7-2 18:20:18-debug:   Number of all scripts: 109
2026-7-2 18:20:18-debug:   Number of other assets: 1152
2026-7-2 18:20:18-debug: Init bundle root assets success..., progress: 0%
2026-7-2 18:20:18-debug: // ---- build task 查询 Asset Bundle ---- (17ms)
2026-7-2 18:20:18-log: run build task 查询 Asset Bundle success in 17 ms√, progress: 5%
2026-7-2 18:20:18-debug: [Build Memory track]: 查询 Asset Bundle start:283.69MB, end 284.34MB, increase: 669.60KB
2026-7-2 18:20:18-debug: // ---- build task 查询 Asset Bundle ----
2026-7-2 18:20:18-debug: 查询 Asset Bundle start, progress: 5%
2026-7-2 18:20:18-debug: // ---- build task 查询 Asset Bundle ---- (6ms)
2026-7-2 18:20:18-log: run build task 查询 Asset Bundle success in 6 ms√, progress: 10%
2026-7-2 18:20:18-debug: [Build Memory track]: 查询 Asset Bundle start:284.38MB, end 283.83MB, increase: -560.35KB
2026-7-2 18:20:18-debug: 整理部分构建选项内数据到 settings.json start, progress: 10%
2026-7-2 18:20:18-debug: // ---- build task 整理部分构建选项内数据到 settings.json ----
2026-7-2 18:20:18-log: run build task 整理部分构建选项内数据到 settings.json success in 2 ms√, progress: 12%
2026-7-2 18:20:18-debug: // ---- build task 整理部分构建选项内数据到 settings.json ---- (2ms)
2026-7-2 18:20:18-debug: [Build Memory track]: 整理部分构建选项内数据到 settings.json start:283.86MB, end 283.89MB, increase: 27.89KB
2026-7-2 18:20:18-debug: // ---- build task 填充脚本数据到 settings.json ----
2026-7-2 18:20:18-debug: 填充脚本数据到 settings.json start, progress: 12%
2026-7-2 18:20:18-log: run build task 填充脚本数据到 settings.json success in 5 ms√, progress: 13%
2026-7-2 18:20:18-debug: [Build Memory track]: 填充脚本数据到 settings.json start:283.93MB, end 283.95MB, increase: 28.75KB
2026-7-2 18:20:18-debug: 整理部分构建选项内数据到 settings.json start, progress: 13%
2026-7-2 18:20:18-debug: // ---- build task 整理部分构建选项内数据到 settings.json ----
2026-7-2 18:20:18-debug: // ---- build task 填充脚本数据到 settings.json ---- (5ms)
2026-7-2 18:20:18-debug: // ---- build task 整理部分构建选项内数据到 settings.json ---- (9ms)
2026-7-2 18:20:18-log: run build task 整理部分构建选项内数据到 settings.json success in 9 ms√, progress: 15%
2026-7-2 18:20:18-debug: [Build Memory track]: 整理部分构建选项内数据到 settings.json start:283.99MB, end 284.06MB, increase: 68.91KB
2026-7-2 18:21:13-debug: refresh db internal success
2026-7-2 18:21:13-debug: refresh db assets success
2026-7-2 18:21:13-debug: refresh db super-packager success
2026-7-2 18:21:13-debug: Run asset db hook engine-extends:afterRefresh ...
2026-7-2 18:21:13-debug: Run asset db hook engine-extends:afterRefresh success!
2026-7-2 18:21:13-debug: asset-db:worker-effect-data-processing (2ms)
2026-7-2 18:21:13-debug: asset-db-hook-engine-extends-afterRefresh (3ms)
2026-7-2 18:21:13-debug: asset-db:refresh-all-database (222ms)
2026-7-2 18:21:24-debug: refresh db internal success
2026-7-2 18:21:24-debug: refresh db assets success
2026-7-2 18:21:24-debug: refresh db super-packager success
2026-7-2 18:21:24-debug: Run asset db hook engine-extends:afterRefresh ...
2026-7-2 18:21:24-debug: Run asset db hook engine-extends:afterRefresh success!
2026-7-2 18:21:24-debug: asset-db:refresh-all-database (167ms)
2026-7-2 18:21:24-debug: asset-db:worker-effect-data-processing (1ms)
2026-7-2 18:21:24-debug: asset-db-hook-engine-extends-afterRefresh (1ms)
2026-7-2 18:21:54-debug: %cImport%c: D:\工程项目\PlayableAD\Cocos\TheW\20260615_HYQ\HYQ_Project\assets\Scene\Game_3D-002.scenebackground: #aaff85; color: #000;color: #000;
2026-7-2 18:21:54-debug: asset-db:reimport-assetb5805d3a-3b80-4a12-adf5-588e63a7d886 (38ms)
2026-7-2 18:21:54-debug: Query all assets info in project
2026-7-2 18:21:55-debug: init custom config: keepNodeUuid: false, useCache: true
2026-7-2 18:21:55-debug: Skip compress image, progress: 0%
2026-7-2 18:21:55-debug: Init all bundles start..., progress: 0%
2026-7-2 18:21:55-debug: Num of bundles: 3..., progress: 0%
2026-7-2 18:21:55-debug: 查询 Asset Bundle start, progress: 0%
2026-7-2 18:21:55-debug: // ---- build task 查询 Asset Bundle ----
2026-7-2 18:21:55-debug: Init bundle root assets start..., progress: 0%
2026-7-2 18:21:55-debug: Query preload assets/scripts from cc.config.json: 60f7195c-ec2a-45eb-ba94-8955f60e81d0,1c02ae6f-4492-4915-b8f8-7492a3b1e4cd,810e96e4-e456-4468-9b59-f4e8f39732c0,efe8e2a3-eace-427b-b4f1-cb8a937ec77d,e9aa9a3e-5b2b-4ac7-a2c7-073de2b2b24f,8bbdbcdd-5cd4-4100-b6d5-b7c9625b6107,50f4348b-c883-4e2f-8f11-ce233b859fa1,fda095cb-831d-4601-ad94-846013963de8,f92806d7-1768-443f-afe8-12bcde84d0f0,dd3a144d-ab7f-41f0-82b8-2e43a090d496,f0416e68-0200-4b77-a926-4f9d16e494da,511d2633-09a7-4bdd-ac42-f778032124b3,5d45aa00-e064-4938-b314-4265f0c2258c,9361fd90-ba52-4f84-aa93-6e878fd576ca,970b0598-bcb0-4714-91fb-2e81440dccd8,bcd64cc6-2dd9-43f6-abbe-66318d332032,d930590d-bb92-4cc8-8bd1-23cd027f9edf,a3cd009f-0ab0-420d-9278-b9fdab939bbc,6a2d0734-bd9e-4ddf-946e-caa52498cb75,d1346436-ac96-4271-b863-1f4fdead95b0,971bdb23-3ff6-43eb-b422-1c30165a3663,17debcc3-0a6b-4b8a-b00b-dc58b885581e,711ebe11-f673-4cd9-9a83-63c60ba54c5b,c0143906-9aed-447e-9436-2ae8512d1b6e,14da1725-c4c2-42b4-ab08-ee0aeb6898b3,081cab31-dccd-428e-8652-f2404cc81c47,78e0584a-4343-4727-8f37-e14e65c2a2db,ba21476f-2866-4f81-9c4d-6e359316e448,871c3b6c-7379-419d-bda3-794b239ab90d,ff9b0199-ce04-4cfe-86cc-6c719f08d6e4,de1c2107-70c8-4021-8459-6399f24d01c6,cbf30902-517f-40dc-af90-a550bac27cf1,5c601d96-e4c7-4698-991b-7ee674b11079
2026-7-2 18:21:55-debug:   Number of all scenes: 5
2026-7-2 18:21:55-debug:   Number of other assets: 1152
2026-7-2 18:21:55-debug: Init bundle root assets success..., progress: 0%
2026-7-2 18:21:55-debug:   Number of all scripts: 109
2026-7-2 18:21:55-debug: // ---- build task 查询 Asset Bundle ---- (14ms)
2026-7-2 18:21:55-log: run build task 查询 Asset Bundle success in 14 ms√, progress: 5%
2026-7-2 18:21:55-debug: [Build Memory track]: 查询 Asset Bundle start:290.09MB, end 290.74MB, increase: 668.38KB
2026-7-2 18:21:55-debug: 查询 Asset Bundle start, progress: 5%
2026-7-2 18:21:55-debug: // ---- build task 查询 Asset Bundle ----
2026-7-2 18:21:55-debug: // ---- build task 查询 Asset Bundle ---- (4ms)
2026-7-2 18:21:55-log: run build task 查询 Asset Bundle success in 4 ms√, progress: 10%
2026-7-2 18:21:55-debug: // ---- build task 整理部分构建选项内数据到 settings.json ----
2026-7-2 18:21:55-debug: [Build Memory track]: 查询 Asset Bundle start:290.77MB, end 290.25MB, increase: -538.83KB
2026-7-2 18:21:55-debug: 整理部分构建选项内数据到 settings.json start, progress: 10%
2026-7-2 18:21:55-debug: // ---- build task 整理部分构建选项内数据到 settings.json ---- (1ms)
2026-7-2 18:21:55-log: run build task 整理部分构建选项内数据到 settings.json success in 1 ms√, progress: 12%
2026-7-2 18:21:55-debug: 填充脚本数据到 settings.json start, progress: 12%
2026-7-2 18:21:55-debug: [Build Memory track]: 整理部分构建选项内数据到 settings.json start:290.28MB, end 290.32MB, increase: 38.78KB
2026-7-2 18:21:55-debug: // ---- build task 填充脚本数据到 settings.json ----
2026-7-2 18:21:55-debug: // ---- build task 填充脚本数据到 settings.json ---- (3ms)
2026-7-2 18:21:55-log: run build task 填充脚本数据到 settings.json success in 3 ms√, progress: 13%
2026-7-2 18:21:55-debug: // ---- build task 整理部分构建选项内数据到 settings.json ----
2026-7-2 18:21:55-debug: [Build Memory track]: 填充脚本数据到 settings.json start:290.35MB, end 290.38MB, increase: 29.47KB
2026-7-2 18:21:55-debug: 整理部分构建选项内数据到 settings.json start, progress: 13%
2026-7-2 18:21:55-debug: // ---- build task 整理部分构建选项内数据到 settings.json ---- (8ms)
2026-7-2 18:21:55-log: run build task 整理部分构建选项内数据到 settings.json success in 8 ms√, progress: 15%
2026-7-2 18:21:55-debug: [Build Memory track]: 整理部分构建选项内数据到 settings.json start:290.42MB, end 290.48MB, increase: 65.68KB
2026-7-2 18:22:33-debug: %cImport%c: D:\工程项目\PlayableAD\Cocos\TheW\20260615_HYQ\HYQ_Project\assets\Scene\Game_3D-002.scenebackground: #aaff85; color: #000;color: #000;
2026-7-2 18:22:33-debug: asset-db:reimport-assetb5805d3a-3b80-4a12-adf5-588e63a7d886 (33ms)
2026-7-2 18:22:34-debug: Query all assets info in project
2026-7-2 18:22:34-debug: init custom config: keepNodeUuid: false, useCache: true
2026-7-2 18:22:34-debug: Skip compress image, progress: 0%
2026-7-2 18:22:34-debug: Init all bundles start..., progress: 0%
2026-7-2 18:22:34-debug: // ---- build task 查询 Asset Bundle ----
2026-7-2 18:22:34-debug: Init bundle root assets start..., progress: 0%
2026-7-2 18:22:34-debug: Num of bundles: 3..., progress: 0%
2026-7-2 18:22:34-debug: 查询 Asset Bundle start, progress: 0%
2026-7-2 18:22:34-debug:   Number of all scenes: 5
2026-7-2 18:22:34-debug: Query preload assets/scripts from cc.config.json: 60f7195c-ec2a-45eb-ba94-8955f60e81d0,1c02ae6f-4492-4915-b8f8-7492a3b1e4cd,810e96e4-e456-4468-9b59-f4e8f39732c0,efe8e2a3-eace-427b-b4f1-cb8a937ec77d,e9aa9a3e-5b2b-4ac7-a2c7-073de2b2b24f,8bbdbcdd-5cd4-4100-b6d5-b7c9625b6107,50f4348b-c883-4e2f-8f11-ce233b859fa1,fda095cb-831d-4601-ad94-846013963de8,f92806d7-1768-443f-afe8-12bcde84d0f0,dd3a144d-ab7f-41f0-82b8-2e43a090d496,f0416e68-0200-4b77-a926-4f9d16e494da,511d2633-09a7-4bdd-ac42-f778032124b3,5d45aa00-e064-4938-b314-4265f0c2258c,9361fd90-ba52-4f84-aa93-6e878fd576ca,970b0598-bcb0-4714-91fb-2e81440dccd8,bcd64cc6-2dd9-43f6-abbe-66318d332032,d930590d-bb92-4cc8-8bd1-23cd027f9edf,a3cd009f-0ab0-420d-9278-b9fdab939bbc,6a2d0734-bd9e-4ddf-946e-caa52498cb75,d1346436-ac96-4271-b863-1f4fdead95b0,971bdb23-3ff6-43eb-b422-1c30165a3663,17debcc3-0a6b-4b8a-b00b-dc58b885581e,711ebe11-f673-4cd9-9a83-63c60ba54c5b,c0143906-9aed-447e-9436-2ae8512d1b6e,14da1725-c4c2-42b4-ab08-ee0aeb6898b3,081cab31-dccd-428e-8652-f2404cc81c47,78e0584a-4343-4727-8f37-e14e65c2a2db,ba21476f-2866-4f81-9c4d-6e359316e448,871c3b6c-7379-419d-bda3-794b239ab90d,ff9b0199-ce04-4cfe-86cc-6c719f08d6e4,de1c2107-70c8-4021-8459-6399f24d01c6,cbf30902-517f-40dc-af90-a550bac27cf1,5c601d96-e4c7-4698-991b-7ee674b11079
2026-7-2 18:22:34-debug: Init bundle root assets success..., progress: 0%
2026-7-2 18:22:34-debug:   Number of all scripts: 109
2026-7-2 18:22:34-debug:   Number of other assets: 1152
2026-7-2 18:22:34-debug: // ---- build task 查询 Asset Bundle ---- (13ms)
2026-7-2 18:22:34-log: run build task 查询 Asset Bundle success in 13 ms√, progress: 5%
2026-7-2 18:22:34-debug: [Build Memory track]: 查询 Asset Bundle start:292.64MB, end 293.28MB, increase: 664.28KB
2026-7-2 18:22:34-debug: 查询 Asset Bundle start, progress: 5%
2026-7-2 18:22:34-debug: // ---- build task 查询 Asset Bundle ----
2026-7-2 18:22:34-debug: // ---- build task 查询 Asset Bundle ---- (4ms)
2026-7-2 18:22:34-debug: [Build Memory track]: 查询 Asset Bundle start:293.32MB, end 292.78MB, increase: -546.52KB
2026-7-2 18:22:34-debug: 整理部分构建选项内数据到 settings.json start, progress: 10%
2026-7-2 18:22:34-debug: // ---- build task 整理部分构建选项内数据到 settings.json ----
2026-7-2 18:22:34-log: run build task 查询 Asset Bundle success in 4 ms√, progress: 10%
2026-7-2 18:22:34-debug: // ---- build task 整理部分构建选项内数据到 settings.json ---- (2ms)
2026-7-2 18:22:34-log: run build task 整理部分构建选项内数据到 settings.json success in 2 ms√, progress: 12%
2026-7-2 18:22:34-debug: [Build Memory track]: 整理部分构建选项内数据到 settings.json start:292.82MB, end 292.85MB, increase: 32.86KB
2026-7-2 18:22:34-debug: 填充脚本数据到 settings.json start, progress: 12%
2026-7-2 18:22:34-debug: // ---- build task 填充脚本数据到 settings.json ----
2026-7-2 18:22:34-debug: // ---- build task 填充脚本数据到 settings.json ---- (2ms)
2026-7-2 18:22:34-log: run build task 填充脚本数据到 settings.json success in 2 ms√, progress: 13%
2026-7-2 18:22:34-debug: [Build Memory track]: 填充脚本数据到 settings.json start:292.89MB, end 292.91MB, increase: 29.43KB
2026-7-2 18:22:34-debug: // ---- build task 整理部分构建选项内数据到 settings.json ----
2026-7-2 18:22:34-debug: 整理部分构建选项内数据到 settings.json start, progress: 13%
2026-7-2 18:22:34-debug: // ---- build task 整理部分构建选项内数据到 settings.json ---- (5ms)
2026-7-2 18:22:34-log: run build task 整理部分构建选项内数据到 settings.json success in 5 ms√, progress: 15%
2026-7-2 18:22:34-debug: [Build Memory track]: 整理部分构建选项内数据到 settings.json start:292.95MB, end 293.01MB, increase: 65.64KB
2026-7-2 18:22:39-debug: refresh db internal success
2026-7-2 18:22:39-debug: refresh db assets success
2026-7-2 18:22:39-debug: refresh db super-packager success
2026-7-2 18:22:39-debug: Run asset db hook engine-extends:afterRefresh ...
2026-7-2 18:22:39-debug: Run asset db hook engine-extends:afterRefresh success!
2026-7-2 18:22:39-debug: asset-db:refresh-all-database (223ms)
2026-7-2 18:22:39-debug: asset-db:worker-effect-data-processing (1ms)
2026-7-2 18:22:39-debug: asset-db-hook-engine-extends-afterRefresh (2ms)
2026-7-2 18:23:25-debug: refresh db internal success
2026-7-2 18:23:26-debug: refresh db assets success
2026-7-2 18:23:26-debug: refresh db super-packager success
2026-7-2 18:23:26-debug: Run asset db hook engine-extends:afterRefresh success!
2026-7-2 18:23:26-debug: Run asset db hook engine-extends:afterRefresh ...
2026-7-2 18:23:26-debug: asset-db:refresh-all-database (167ms)
2026-7-2 18:23:26-debug: asset-db:worker-effect-data-processing (1ms)
2026-7-2 18:23:26-debug: asset-db-hook-engine-extends-afterRefresh (1ms)
2026-7-2 18:23:44-debug: refresh db internal success
2026-7-2 18:23:44-debug: refresh db assets success
2026-7-2 18:23:44-debug: refresh db super-packager success
2026-7-2 18:23:44-debug: Run asset db hook engine-extends:afterRefresh ...
2026-7-2 18:23:44-debug: Run asset db hook engine-extends:afterRefresh success!
2026-7-2 18:23:44-debug: asset-db:refresh-all-database (178ms)
2026-7-2 18:23:44-debug: asset-db:worker-effect-data-processing (2ms)
2026-7-2 18:23:44-debug: asset-db-hook-engine-extends-afterRefresh (3ms)
2026-7-2 18:23:49-debug: refresh db internal success
2026-7-2 18:23:50-debug: refresh db assets success
2026-7-2 18:23:50-debug: refresh db super-packager success
2026-7-2 18:23:50-debug: Run asset db hook engine-extends:afterRefresh ...
2026-7-2 18:23:50-debug: Run asset db hook engine-extends:afterRefresh success!
2026-7-2 18:23:50-debug: asset-db:refresh-all-database (179ms)
2026-7-2 18:23:50-debug: asset-db:worker-effect-data-processing (3ms)
2026-7-2 18:23:50-debug: asset-db-hook-engine-extends-afterRefresh (3ms)
2026-7-2 18:23:50-debug: %cImport%c: D:\工程项目\PlayableAD\Cocos\TheW\20260615_HYQ\HYQ_Project\assets\Scene\Game_3D-002.scenebackground: #aaff85; color: #000;color: #000;
2026-7-2 18:23:50-debug: asset-db:reimport-assetb5805d3a-3b80-4a12-adf5-588e63a7d886 (31ms)
2026-7-2 18:23:51-debug: Query all assets info in project
2026-7-2 18:23:51-debug: init custom config: keepNodeUuid: false, useCache: true
2026-7-2 18:23:51-debug: Skip compress image, progress: 0%
2026-7-2 18:23:51-debug: Init all bundles start..., progress: 0%
2026-7-2 18:23:51-debug: Num of bundles: 3..., progress: 0%
2026-7-2 18:23:51-debug: 查询 Asset Bundle start, progress: 0%
2026-7-2 18:23:51-debug: // ---- build task 查询 Asset Bundle ----
2026-7-2 18:23:51-debug: Init bundle root assets start..., progress: 0%
2026-7-2 18:23:51-debug: Query preload assets/scripts from cc.config.json: 60f7195c-ec2a-45eb-ba94-8955f60e81d0,1c02ae6f-4492-4915-b8f8-7492a3b1e4cd,810e96e4-e456-4468-9b59-f4e8f39732c0,efe8e2a3-eace-427b-b4f1-cb8a937ec77d,e9aa9a3e-5b2b-4ac7-a2c7-073de2b2b24f,8bbdbcdd-5cd4-4100-b6d5-b7c9625b6107,50f4348b-c883-4e2f-8f11-ce233b859fa1,fda095cb-831d-4601-ad94-846013963de8,f92806d7-1768-443f-afe8-12bcde84d0f0,dd3a144d-ab7f-41f0-82b8-2e43a090d496,f0416e68-0200-4b77-a926-4f9d16e494da,511d2633-09a7-4bdd-ac42-f778032124b3,5d45aa00-e064-4938-b314-4265f0c2258c,9361fd90-ba52-4f84-aa93-6e878fd576ca,970b0598-bcb0-4714-91fb-2e81440dccd8,bcd64cc6-2dd9-43f6-abbe-66318d332032,d930590d-bb92-4cc8-8bd1-23cd027f9edf,a3cd009f-0ab0-420d-9278-b9fdab939bbc,6a2d0734-bd9e-4ddf-946e-caa52498cb75,d1346436-ac96-4271-b863-1f4fdead95b0,971bdb23-3ff6-43eb-b422-1c30165a3663,17debcc3-0a6b-4b8a-b00b-dc58b885581e,711ebe11-f673-4cd9-9a83-63c60ba54c5b,c0143906-9aed-447e-9436-2ae8512d1b6e,14da1725-c4c2-42b4-ab08-ee0aeb6898b3,081cab31-dccd-428e-8652-f2404cc81c47,78e0584a-4343-4727-8f37-e14e65c2a2db,ba21476f-2866-4f81-9c4d-6e359316e448,871c3b6c-7379-419d-bda3-794b239ab90d,ff9b0199-ce04-4cfe-86cc-6c719f08d6e4,de1c2107-70c8-4021-8459-6399f24d01c6,cbf30902-517f-40dc-af90-a550bac27cf1,5c601d96-e4c7-4698-991b-7ee674b11079
2026-7-2 18:23:51-debug:   Number of other assets: 1152
2026-7-2 18:23:51-debug: Init bundle root assets success..., progress: 0%
2026-7-2 18:23:51-debug: // ---- build task 查询 Asset Bundle ---- (24ms)
2026-7-2 18:23:51-log: run build task 查询 Asset Bundle success in 24 ms√, progress: 5%
2026-7-2 18:23:51-debug: [Build Memory track]: 查询 Asset Bundle start:276.17MB, end 277.76MB, increase: 1.58MB
2026-7-2 18:23:51-debug:   Number of all scripts: 109
2026-7-2 18:23:51-debug: 查询 Asset Bundle start, progress: 5%
2026-7-2 18:23:51-debug:   Number of all scenes: 5
2026-7-2 18:23:51-debug: // ---- build task 查询 Asset Bundle ----
2026-7-2 18:23:51-debug: // ---- build task 查询 Asset Bundle ---- (6ms)
2026-7-2 18:23:51-log: run build task 查询 Asset Bundle success in 6 ms√, progress: 10%
2026-7-2 18:23:51-debug: // ---- build task 整理部分构建选项内数据到 settings.json ----
2026-7-2 18:23:51-debug: [Build Memory track]: 查询 Asset Bundle start:277.79MB, end 278.02MB, increase: 236.09KB
2026-7-2 18:23:51-debug: 整理部分构建选项内数据到 settings.json start, progress: 10%
2026-7-2 18:23:51-debug: // ---- build task 整理部分构建选项内数据到 settings.json ---- (2ms)
2026-7-2 18:23:51-log: run build task 整理部分构建选项内数据到 settings.json success in 2 ms√, progress: 12%
2026-7-2 18:23:51-debug: 填充脚本数据到 settings.json start, progress: 12%
2026-7-2 18:23:51-debug: [Build Memory track]: 整理部分构建选项内数据到 settings.json start:278.06MB, end 278.08MB, increase: 30.00KB
2026-7-2 18:23:51-debug: // ---- build task 填充脚本数据到 settings.json ----
2026-7-2 18:23:51-debug: // ---- build task 填充脚本数据到 settings.json ---- (1ms)
2026-7-2 18:23:51-log: run build task 填充脚本数据到 settings.json success in 1 ms√, progress: 13%
2026-7-2 18:23:51-debug: [Build Memory track]: 填充脚本数据到 settings.json start:278.12MB, end 278.15MB, increase: 29.37KB
2026-7-2 18:23:51-debug: 整理部分构建选项内数据到 settings.json start, progress: 13%
2026-7-2 18:23:51-debug: // ---- build task 整理部分构建选项内数据到 settings.json ----
2026-7-2 18:23:51-debug: // ---- build task 整理部分构建选项内数据到 settings.json ---- (6ms)
2026-7-2 18:23:51-log: run build task 整理部分构建选项内数据到 settings.json success in 6 ms√, progress: 15%
2026-7-2 18:23:51-debug: [Build Memory track]: 整理部分构建选项内数据到 settings.json start:278.18MB, end 278.25MB, increase: 71.07KB
2026-7-2 18:26:08-debug: refresh db internal success
2026-7-2 18:26:08-debug: refresh db assets success
2026-7-2 18:26:08-debug: refresh db super-packager success
2026-7-2 18:26:08-debug: Run asset db hook engine-extends:afterRefresh ...
2026-7-2 18:26:08-debug: Run asset db hook engine-extends:afterRefresh success!
2026-7-2 18:26:08-debug: asset-db:refresh-all-database (264ms)
2026-7-2 18:26:08-debug: asset-db-hook-engine-extends-afterRefresh (2ms)
2026-7-2 18:26:08-debug: asset-db:worker-effect-data-processing (2ms)
2026-7-2 18:29:33-debug: refresh db internal success
2026-7-2 18:29:33-debug: %cImport%c: D:\工程项目\PlayableAD\Cocos\TheW\20260615_HYQ\HYQ_Project\assets\Script\functionS\Monster\MonsterCreate.tsbackground: #aaff85; color: #000;color: #000;
2026-7-2 18:29:33-debug: refresh db assets success
2026-7-2 18:29:33-debug: refresh db super-packager success
2026-7-2 18:29:33-debug: Run asset db hook engine-extends:afterRefresh ...
2026-7-2 18:29:33-debug: Run asset db hook engine-extends:afterRefresh success!
2026-7-2 18:29:33-debug: asset-db:refresh-all-database (255ms)
2026-7-2 18:29:33-debug: asset-db:worker-effect-data-processing (1ms)
2026-7-2 18:29:33-debug: asset-db-hook-engine-extends-afterRefresh (2ms)
2026-7-2 18:29:36-debug: Query all assets info in project
2026-7-2 18:29:36-debug: init custom config: keepNodeUuid: false, useCache: true
2026-7-2 18:29:36-debug: Skip compress image, progress: 0%
2026-7-2 18:29:36-debug: Init all bundles start..., progress: 0%
2026-7-2 18:29:36-debug: Num of bundles: 3..., progress: 0%
2026-7-2 18:29:36-debug: 查询 Asset Bundle start, progress: 0%
2026-7-2 18:29:36-debug: // ---- build task 查询 Asset Bundle ----
2026-7-2 18:29:36-debug: Init bundle root assets start..., progress: 0%
2026-7-2 18:29:36-debug: Query preload assets/scripts from cc.config.json: 60f7195c-ec2a-45eb-ba94-8955f60e81d0,1c02ae6f-4492-4915-b8f8-7492a3b1e4cd,810e96e4-e456-4468-9b59-f4e8f39732c0,efe8e2a3-eace-427b-b4f1-cb8a937ec77d,e9aa9a3e-5b2b-4ac7-a2c7-073de2b2b24f,8bbdbcdd-5cd4-4100-b6d5-b7c9625b6107,50f4348b-c883-4e2f-8f11-ce233b859fa1,fda095cb-831d-4601-ad94-846013963de8,f92806d7-1768-443f-afe8-12bcde84d0f0,dd3a144d-ab7f-41f0-82b8-2e43a090d496,f0416e68-0200-4b77-a926-4f9d16e494da,511d2633-09a7-4bdd-ac42-f778032124b3,5d45aa00-e064-4938-b314-4265f0c2258c,9361fd90-ba52-4f84-aa93-6e878fd576ca,970b0598-bcb0-4714-91fb-2e81440dccd8,bcd64cc6-2dd9-43f6-abbe-66318d332032,d930590d-bb92-4cc8-8bd1-23cd027f9edf,a3cd009f-0ab0-420d-9278-b9fdab939bbc,6a2d0734-bd9e-4ddf-946e-caa52498cb75,d1346436-ac96-4271-b863-1f4fdead95b0,971bdb23-3ff6-43eb-b422-1c30165a3663,17debcc3-0a6b-4b8a-b00b-dc58b885581e,711ebe11-f673-4cd9-9a83-63c60ba54c5b,c0143906-9aed-447e-9436-2ae8512d1b6e,14da1725-c4c2-42b4-ab08-ee0aeb6898b3,081cab31-dccd-428e-8652-f2404cc81c47,78e0584a-4343-4727-8f37-e14e65c2a2db,ba21476f-2866-4f81-9c4d-6e359316e448,871c3b6c-7379-419d-bda3-794b239ab90d,ff9b0199-ce04-4cfe-86cc-6c719f08d6e4,de1c2107-70c8-4021-8459-6399f24d01c6,cbf30902-517f-40dc-af90-a550bac27cf1,5c601d96-e4c7-4698-991b-7ee674b11079
2026-7-2 18:29:36-debug:   Number of all scenes: 5
2026-7-2 18:29:36-debug:   Number of all scripts: 109
2026-7-2 18:29:36-debug:   Number of other assets: 1152
2026-7-2 18:29:36-debug: Init bundle root assets success..., progress: 0%
2026-7-2 18:29:36-debug: // ---- build task 查询 Asset Bundle ---- (16ms)
2026-7-2 18:29:36-log: run build task 查询 Asset Bundle success in 16 ms√, progress: 5%
2026-7-2 18:29:36-debug: [Build Memory track]: 查询 Asset Bundle start:280.56MB, end 282.11MB, increase: 1.54MB
2026-7-2 18:29:36-debug: // ---- build task 查询 Asset Bundle ----
2026-7-2 18:29:36-debug: 查询 Asset Bundle start, progress: 5%
2026-7-2 18:29:36-debug: // ---- build task 查询 Asset Bundle ---- (6ms)
2026-7-2 18:29:36-log: run build task 查询 Asset Bundle success in 6 ms√, progress: 10%
2026-7-2 18:29:36-debug: [Build Memory track]: 查询 Asset Bundle start:282.14MB, end 282.37MB, increase: 240.06KB
2026-7-2 18:29:36-debug: 整理部分构建选项内数据到 settings.json start, progress: 10%
2026-7-2 18:29:36-debug: // ---- build task 整理部分构建选项内数据到 settings.json ----
2026-7-2 18:29:36-debug: // ---- build task 整理部分构建选项内数据到 settings.json ---- (3ms)
2026-7-2 18:29:36-log: run build task 整理部分构建选项内数据到 settings.json success in 3 ms√, progress: 12%
2026-7-2 18:29:36-debug: [Build Memory track]: 整理部分构建选项内数据到 settings.json start:282.41MB, end 282.44MB, increase: 29.63KB
2026-7-2 18:29:36-debug: // ---- build task 填充脚本数据到 settings.json ----
2026-7-2 18:29:36-debug: 填充脚本数据到 settings.json start, progress: 12%
2026-7-2 18:29:36-debug: // ---- build task 填充脚本数据到 settings.json ---- (3ms)
2026-7-2 18:29:36-log: run build task 填充脚本数据到 settings.json success in 3 ms√, progress: 13%
2026-7-2 18:29:36-debug: // ---- build task 整理部分构建选项内数据到 settings.json ----
2026-7-2 18:29:36-debug: [Build Memory track]: 填充脚本数据到 settings.json start:282.47MB, end 282.50MB, increase: 28.44KB
2026-7-2 18:29:36-debug: 整理部分构建选项内数据到 settings.json start, progress: 13%
2026-7-2 18:29:36-debug: // ---- build task 整理部分构建选项内数据到 settings.json ---- (6ms)
2026-7-2 18:29:36-log: run build task 整理部分构建选项内数据到 settings.json success in 6 ms√, progress: 15%
2026-7-2 18:29:36-debug: [Build Memory track]: 整理部分构建选项内数据到 settings.json start:282.53MB, end 282.60MB, increase: 66.62KB
2026-7-3 09:14:07-debug: refresh db internal success
2026-7-3 09:14:07-debug: %cImport%c: D:\工程项目\PlayableAD\Cocos\TheW\20260615_HYQ\HYQ_Project\assets\Script\functionS\Monster\MonsterCreate.tsbackground: #aaff85; color: #000;color: #000;
2026-7-3 09:14:07-debug: refresh db assets success
2026-7-3 09:14:07-debug: refresh db super-packager success
2026-7-3 09:14:07-debug: Run asset db hook engine-extends:afterRefresh ...
2026-7-3 09:14:07-debug: Run asset db hook engine-extends:afterRefresh success!
2026-7-3 09:14:07-debug: asset-db:refresh-all-database (423ms)
2026-7-3 09:14:07-debug: asset-db:worker-effect-data-processing (13ms)
2026-7-3 09:14:07-debug: asset-db-hook-engine-extends-afterRefresh (13ms)
2026-7-3 09:14:10-debug: Query all assets info in project
2026-7-3 09:14:10-debug: init custom config: keepNodeUuid: false, useCache: true
2026-7-3 09:14:10-debug: Skip compress image, progress: 0%
2026-7-3 09:14:10-debug: Init all bundles start..., progress: 0%
2026-7-3 09:14:10-debug: Num of bundles: 3..., progress: 0%
2026-7-3 09:14:10-debug: // ---- build task 查询 Asset Bundle ----
2026-7-3 09:14:10-debug: 查询 Asset Bundle start, progress: 0%
2026-7-3 09:14:10-debug: Init bundle root assets start..., progress: 0%
2026-7-3 09:14:10-debug:   Number of all scenes: 5
2026-7-3 09:14:10-debug: Query preload assets/scripts from cc.config.json: 60f7195c-ec2a-45eb-ba94-8955f60e81d0,1c02ae6f-4492-4915-b8f8-7492a3b1e4cd,810e96e4-e456-4468-9b59-f4e8f39732c0,efe8e2a3-eace-427b-b4f1-cb8a937ec77d,e9aa9a3e-5b2b-4ac7-a2c7-073de2b2b24f,8bbdbcdd-5cd4-4100-b6d5-b7c9625b6107,50f4348b-c883-4e2f-8f11-ce233b859fa1,fda095cb-831d-4601-ad94-846013963de8,f92806d7-1768-443f-afe8-12bcde84d0f0,dd3a144d-ab7f-41f0-82b8-2e43a090d496,f0416e68-0200-4b77-a926-4f9d16e494da,511d2633-09a7-4bdd-ac42-f778032124b3,5d45aa00-e064-4938-b314-4265f0c2258c,9361fd90-ba52-4f84-aa93-6e878fd576ca,970b0598-bcb0-4714-91fb-2e81440dccd8,bcd64cc6-2dd9-43f6-abbe-66318d332032,d930590d-bb92-4cc8-8bd1-23cd027f9edf,a3cd009f-0ab0-420d-9278-b9fdab939bbc,6a2d0734-bd9e-4ddf-946e-caa52498cb75,d1346436-ac96-4271-b863-1f4fdead95b0,971bdb23-3ff6-43eb-b422-1c30165a3663,17debcc3-0a6b-4b8a-b00b-dc58b885581e,711ebe11-f673-4cd9-9a83-63c60ba54c5b,c0143906-9aed-447e-9436-2ae8512d1b6e,14da1725-c4c2-42b4-ab08-ee0aeb6898b3,081cab31-dccd-428e-8652-f2404cc81c47,78e0584a-4343-4727-8f37-e14e65c2a2db,ba21476f-2866-4f81-9c4d-6e359316e448,871c3b6c-7379-419d-bda3-794b239ab90d,ff9b0199-ce04-4cfe-86cc-6c719f08d6e4,de1c2107-70c8-4021-8459-6399f24d01c6,cbf30902-517f-40dc-af90-a550bac27cf1,5c601d96-e4c7-4698-991b-7ee674b11079
2026-7-3 09:14:10-debug:   Number of other assets: 1152
2026-7-3 09:14:10-debug: Init bundle root assets success..., progress: 0%
2026-7-3 09:14:10-debug:   Number of all scripts: 109
2026-7-3 09:14:10-debug: // ---- build task 查询 Asset Bundle ---- (28ms)
2026-7-3 09:14:10-log: run build task 查询 Asset Bundle success in 28 ms√, progress: 5%
2026-7-3 09:14:10-debug: [Build Memory track]: 查询 Asset Bundle start:285.05MB, end 286.60MB, increase: 1.55MB
2026-7-3 09:14:10-debug: 查询 Asset Bundle start, progress: 5%
2026-7-3 09:14:10-debug: // ---- build task 查询 Asset Bundle ----
2026-7-3 09:14:10-debug: // ---- build task 查询 Asset Bundle ---- (6ms)
2026-7-3 09:14:10-log: run build task 查询 Asset Bundle success in 6 ms√, progress: 10%
2026-7-3 09:14:10-debug: // ---- build task 整理部分构建选项内数据到 settings.json ----
2026-7-3 09:14:10-debug: [Build Memory track]: 查询 Asset Bundle start:286.64MB, end 286.86MB, increase: 229.74KB
2026-7-3 09:14:10-debug: 整理部分构建选项内数据到 settings.json start, progress: 10%
2026-7-3 09:14:10-debug: // ---- build task 整理部分构建选项内数据到 settings.json ---- (1ms)
2026-7-3 09:14:10-log: run build task 整理部分构建选项内数据到 settings.json success in 1 ms√, progress: 12%
2026-7-3 09:14:10-debug: // ---- build task 填充脚本数据到 settings.json ----
2026-7-3 09:14:10-debug: [Build Memory track]: 整理部分构建选项内数据到 settings.json start:286.89MB, end 286.92MB, increase: 29.86KB
2026-7-3 09:14:10-debug: 填充脚本数据到 settings.json start, progress: 12%
2026-7-3 09:14:10-debug: // ---- build task 填充脚本数据到 settings.json ---- (3ms)
2026-7-3 09:14:10-log: run build task 填充脚本数据到 settings.json success in 3 ms√, progress: 13%
2026-7-3 09:14:10-debug: // ---- build task 整理部分构建选项内数据到 settings.json ----
2026-7-3 09:14:10-debug: [Build Memory track]: 填充脚本数据到 settings.json start:286.96MB, end 282.87MB, increase: -4190.96KB
2026-7-3 09:14:10-debug: 整理部分构建选项内数据到 settings.json start, progress: 13%
2026-7-3 09:14:10-debug: // ---- build task 整理部分构建选项内数据到 settings.json ---- (5ms)
2026-7-3 09:14:10-log: run build task 整理部分构建选项内数据到 settings.json success in 5 ms√, progress: 15%
2026-7-3 09:14:10-debug: [Build Memory track]: 整理部分构建选项内数据到 settings.json start:282.90MB, end 282.96MB, increase: 65.57KB
2026-7-3 09:15:18-debug: refresh db internal success
2026-7-3 09:15:18-debug: refresh db assets success
2026-7-3 09:15:18-debug: refresh db super-packager success
2026-7-3 09:15:18-debug: Run asset db hook engine-extends:afterRefresh ...
2026-7-3 09:15:18-debug: Run asset db hook engine-extends:afterRefresh success!
2026-7-3 09:15:18-debug: asset-db:refresh-all-database (240ms)
2026-7-3 09:15:18-debug: asset-db:worker-effect-data-processing (3ms)
2026-7-3 09:15:18-debug: asset-db-hook-engine-extends-afterRefresh (3ms)
2026-7-3 09:15:34-debug: %cImport%c: D:\工程项目\PlayableAD\Cocos\TheW\20260615_HYQ\HYQ_Project\assets\Scene\Game_3D-002.scenebackground: #aaff85; color: #000;color: #000;
2026-7-3 09:15:34-debug: asset-db:reimport-assetb5805d3a-3b80-4a12-adf5-588e63a7d886 (36ms)
2026-7-3 09:15:35-debug: Query all assets info in project
2026-7-3 09:15:35-debug: init custom config: keepNodeUuid: false, useCache: true
2026-7-3 09:15:35-debug: Skip compress image, progress: 0%
2026-7-3 09:15:35-debug: Init all bundles start..., progress: 0%
2026-7-3 09:15:35-debug: // ---- build task 查询 Asset Bundle ----
2026-7-3 09:15:35-debug: Init bundle root assets start..., progress: 0%
2026-7-3 09:15:35-debug: 查询 Asset Bundle start, progress: 0%
2026-7-3 09:15:35-debug: Num of bundles: 3..., progress: 0%
2026-7-3 09:15:35-debug:   Number of all scenes: 5
2026-7-3 09:15:35-debug: Query preload assets/scripts from cc.config.json: 60f7195c-ec2a-45eb-ba94-8955f60e81d0,1c02ae6f-4492-4915-b8f8-7492a3b1e4cd,810e96e4-e456-4468-9b59-f4e8f39732c0,efe8e2a3-eace-427b-b4f1-cb8a937ec77d,e9aa9a3e-5b2b-4ac7-a2c7-073de2b2b24f,8bbdbcdd-5cd4-4100-b6d5-b7c9625b6107,50f4348b-c883-4e2f-8f11-ce233b859fa1,fda095cb-831d-4601-ad94-846013963de8,f92806d7-1768-443f-afe8-12bcde84d0f0,dd3a144d-ab7f-41f0-82b8-2e43a090d496,f0416e68-0200-4b77-a926-4f9d16e494da,511d2633-09a7-4bdd-ac42-f778032124b3,5d45aa00-e064-4938-b314-4265f0c2258c,9361fd90-ba52-4f84-aa93-6e878fd576ca,970b0598-bcb0-4714-91fb-2e81440dccd8,bcd64cc6-2dd9-43f6-abbe-66318d332032,d930590d-bb92-4cc8-8bd1-23cd027f9edf,a3cd009f-0ab0-420d-9278-b9fdab939bbc,6a2d0734-bd9e-4ddf-946e-caa52498cb75,d1346436-ac96-4271-b863-1f4fdead95b0,971bdb23-3ff6-43eb-b422-1c30165a3663,17debcc3-0a6b-4b8a-b00b-dc58b885581e,711ebe11-f673-4cd9-9a83-63c60ba54c5b,c0143906-9aed-447e-9436-2ae8512d1b6e,14da1725-c4c2-42b4-ab08-ee0aeb6898b3,081cab31-dccd-428e-8652-f2404cc81c47,78e0584a-4343-4727-8f37-e14e65c2a2db,ba21476f-2866-4f81-9c4d-6e359316e448,871c3b6c-7379-419d-bda3-794b239ab90d,ff9b0199-ce04-4cfe-86cc-6c719f08d6e4,de1c2107-70c8-4021-8459-6399f24d01c6,cbf30902-517f-40dc-af90-a550bac27cf1,5c601d96-e4c7-4698-991b-7ee674b11079
2026-7-3 09:15:35-debug: Init bundle root assets success..., progress: 0%
2026-7-3 09:15:35-debug:   Number of all scripts: 109
2026-7-3 09:15:35-debug:   Number of other assets: 1152
2026-7-3 09:15:35-debug: // ---- build task 查询 Asset Bundle ---- (15ms)
2026-7-3 09:15:35-log: run build task 查询 Asset Bundle success in 15 ms√, progress: 5%
2026-7-3 09:15:35-debug: [Build Memory track]: 查询 Asset Bundle start:287.44MB, end 287.20MB, increase: -250.58KB
2026-7-3 09:15:35-debug: 查询 Asset Bundle start, progress: 5%
2026-7-3 09:15:35-debug: // ---- build task 查询 Asset Bundle ----
2026-7-3 09:15:35-debug: // ---- build task 查询 Asset Bundle ---- (6ms)
2026-7-3 09:15:35-log: run build task 查询 Asset Bundle success in 6 ms√, progress: 10%
2026-7-3 09:15:35-debug: // ---- build task 整理部分构建选项内数据到 settings.json ----
2026-7-3 09:15:35-debug: [Build Memory track]: 查询 Asset Bundle start:287.23MB, end 287.46MB, increase: 232.05KB
2026-7-3 09:15:35-debug: 整理部分构建选项内数据到 settings.json start, progress: 10%
2026-7-3 09:15:35-debug: // ---- build task 整理部分构建选项内数据到 settings.json ---- (2ms)
2026-7-3 09:15:35-log: run build task 整理部分构建选项内数据到 settings.json success in 2 ms√, progress: 12%
2026-7-3 09:15:35-debug: // ---- build task 填充脚本数据到 settings.json ----
2026-7-3 09:15:35-debug: [Build Memory track]: 整理部分构建选项内数据到 settings.json start:287.49MB, end 287.53MB, increase: 38.80KB
2026-7-3 09:15:35-debug: 填充脚本数据到 settings.json start, progress: 12%
2026-7-3 09:15:35-debug: // ---- build task 填充脚本数据到 settings.json ---- (2ms)
2026-7-3 09:15:35-log: run build task 填充脚本数据到 settings.json success in 2 ms√, progress: 13%
2026-7-3 09:15:35-debug: // ---- build task 整理部分构建选项内数据到 settings.json ----
2026-7-3 09:15:35-debug: [Build Memory track]: 填充脚本数据到 settings.json start:287.57MB, end 287.59MB, increase: 29.29KB
2026-7-3 09:15:35-debug: 整理部分构建选项内数据到 settings.json start, progress: 13%
2026-7-3 09:15:35-debug: // ---- build task 整理部分构建选项内数据到 settings.json ---- (8ms)
2026-7-3 09:15:35-log: run build task 整理部分构建选项内数据到 settings.json success in 8 ms√, progress: 15%
2026-7-3 09:15:35-debug: [Build Memory track]: 整理部分构建选项内数据到 settings.json start:287.63MB, end 287.69MB, increase: 66.28KB
2026-7-3 09:26:10-debug: refresh db internal success
2026-7-3 09:26:11-debug: refresh db assets success
2026-7-3 09:26:11-debug: refresh db super-packager success
2026-7-3 09:26:11-debug: Run asset db hook engine-extends:afterRefresh success!
2026-7-3 09:26:11-debug: Run asset db hook engine-extends:afterRefresh ...
2026-7-3 09:26:11-debug: asset-db:refresh-all-database (331ms)
2026-7-3 09:26:11-debug: asset-db:worker-effect-data-processing (1ms)
2026-7-3 09:26:11-debug: asset-db-hook-engine-extends-afterRefresh (2ms)
2026-7-3 09:26:51-debug: refresh db internal success
2026-7-3 09:26:51-debug: refresh db assets success
2026-7-3 09:26:51-debug: refresh db super-packager success
2026-7-3 09:26:51-debug: Run asset db hook engine-extends:afterRefresh success!
2026-7-3 09:26:51-debug: Run asset db hook engine-extends:afterRefresh ...
2026-7-3 09:26:51-debug: asset-db:refresh-all-database (280ms)
2026-7-3 09:26:51-debug: asset-db:worker-effect-data-processing (1ms)
2026-7-3 09:26:51-debug: asset-db-hook-engine-extends-afterRefresh (2ms)
2026-7-3 09:27:30-debug: %cImport%c: D:\工程项目\PlayableAD\Cocos\TheW\20260615_HYQ\HYQ_Project\assets\Scene\Game_3D-002.scenebackground: #aaff85; color: #000;color: #000;
2026-7-3 09:27:30-debug: asset-db:reimport-assetb5805d3a-3b80-4a12-adf5-588e63a7d886 (31ms)
2026-7-3 09:27:31-debug: Query all assets info in project
2026-7-3 09:27:31-debug: init custom config: keepNodeUuid: false, useCache: true
2026-7-3 09:27:31-debug: Skip compress image, progress: 0%
2026-7-3 09:27:31-debug: Num of bundles: 3..., progress: 0%
2026-7-3 09:27:31-debug: 查询 Asset Bundle start, progress: 0%
2026-7-3 09:27:31-debug: // ---- build task 查询 Asset Bundle ----
2026-7-3 09:27:31-debug: Init all bundles start..., progress: 0%
2026-7-3 09:27:31-debug: Init bundle root assets start..., progress: 0%
2026-7-3 09:27:31-debug: Query preload assets/scripts from cc.config.json: 60f7195c-ec2a-45eb-ba94-8955f60e81d0,1c02ae6f-4492-4915-b8f8-7492a3b1e4cd,810e96e4-e456-4468-9b59-f4e8f39732c0,efe8e2a3-eace-427b-b4f1-cb8a937ec77d,e9aa9a3e-5b2b-4ac7-a2c7-073de2b2b24f,8bbdbcdd-5cd4-4100-b6d5-b7c9625b6107,50f4348b-c883-4e2f-8f11-ce233b859fa1,fda095cb-831d-4601-ad94-846013963de8,f92806d7-1768-443f-afe8-12bcde84d0f0,dd3a144d-ab7f-41f0-82b8-2e43a090d496,f0416e68-0200-4b77-a926-4f9d16e494da,511d2633-09a7-4bdd-ac42-f778032124b3,5d45aa00-e064-4938-b314-4265f0c2258c,9361fd90-ba52-4f84-aa93-6e878fd576ca,970b0598-bcb0-4714-91fb-2e81440dccd8,bcd64cc6-2dd9-43f6-abbe-66318d332032,d930590d-bb92-4cc8-8bd1-23cd027f9edf,a3cd009f-0ab0-420d-9278-b9fdab939bbc,6a2d0734-bd9e-4ddf-946e-caa52498cb75,d1346436-ac96-4271-b863-1f4fdead95b0,971bdb23-3ff6-43eb-b422-1c30165a3663,17debcc3-0a6b-4b8a-b00b-dc58b885581e,711ebe11-f673-4cd9-9a83-63c60ba54c5b,c0143906-9aed-447e-9436-2ae8512d1b6e,14da1725-c4c2-42b4-ab08-ee0aeb6898b3,081cab31-dccd-428e-8652-f2404cc81c47,78e0584a-4343-4727-8f37-e14e65c2a2db,ba21476f-2866-4f81-9c4d-6e359316e448,871c3b6c-7379-419d-bda3-794b239ab90d,ff9b0199-ce04-4cfe-86cc-6c719f08d6e4,de1c2107-70c8-4021-8459-6399f24d01c6,cbf30902-517f-40dc-af90-a550bac27cf1,5c601d96-e4c7-4698-991b-7ee674b11079
2026-7-3 09:27:31-debug:   Number of other assets: 1152
2026-7-3 09:27:31-debug:   Number of all scripts: 109
2026-7-3 09:27:31-debug:   Number of all scenes: 5
2026-7-3 09:27:31-debug: Init bundle root assets success..., progress: 0%
2026-7-3 09:27:31-log: run build task 查询 Asset Bundle success in 15 ms√, progress: 5%
2026-7-3 09:27:31-debug: [Build Memory track]: 查询 Asset Bundle start:293.65MB, end 294.29MB, increase: 662.42KB
2026-7-3 09:27:31-debug: // ---- build task 查询 Asset Bundle ---- (15ms)
2026-7-3 09:27:31-debug: // ---- build task 查询 Asset Bundle ----
2026-7-3 09:27:31-debug: 查询 Asset Bundle start, progress: 5%
2026-7-3 09:27:31-debug: // ---- build task 查询 Asset Bundle ---- (6ms)
2026-7-3 09:27:31-log: run build task 查询 Asset Bundle success in 6 ms√, progress: 10%
2026-7-3 09:27:31-debug: [Build Memory track]: 查询 Asset Bundle start:294.33MB, end 293.79MB, increase: -551.27KB
2026-7-3 09:27:31-debug: // ---- build task 整理部分构建选项内数据到 settings.json ----
2026-7-3 09:27:31-debug: 整理部分构建选项内数据到 settings.json start, progress: 10%
2026-7-3 09:27:31-debug: // ---- build task 整理部分构建选项内数据到 settings.json ---- (2ms)
2026-7-3 09:27:31-log: run build task 整理部分构建选项内数据到 settings.json success in 2 ms√, progress: 12%
2026-7-3 09:27:31-debug: // ---- build task 填充脚本数据到 settings.json ----
2026-7-3 09:27:31-debug: [Build Memory track]: 整理部分构建选项内数据到 settings.json start:293.83MB, end 293.85MB, increase: 30.02KB
2026-7-3 09:27:31-debug: 填充脚本数据到 settings.json start, progress: 12%
2026-7-3 09:27:31-debug: // ---- build task 填充脚本数据到 settings.json ---- (1ms)
2026-7-3 09:27:31-log: run build task 填充脚本数据到 settings.json success in 1 ms√, progress: 13%
2026-7-3 09:27:31-debug: [Build Memory track]: 填充脚本数据到 settings.json start:293.89MB, end 293.92MB, increase: 29.09KB
2026-7-3 09:27:31-debug: 整理部分构建选项内数据到 settings.json start, progress: 13%
2026-7-3 09:27:31-debug: // ---- build task 整理部分构建选项内数据到 settings.json ----
2026-7-3 09:27:31-debug: // ---- build task 整理部分构建选项内数据到 settings.json ---- (7ms)
2026-7-3 09:27:31-log: run build task 整理部分构建选项内数据到 settings.json success in 7 ms√, progress: 15%
2026-7-3 09:27:31-debug: [Build Memory track]: 整理部分构建选项内数据到 settings.json start:293.95MB, end 294.02MB, increase: 65.93KB
2026-7-3 09:28:43-debug: refresh db internal success
2026-7-3 09:28:43-debug: refresh db assets success
2026-7-3 09:28:43-debug: refresh db super-packager success
2026-7-3 09:28:43-debug: Run asset db hook engine-extends:afterRefresh ...
2026-7-3 09:28:43-debug: Run asset db hook engine-extends:afterRefresh success!
2026-7-3 09:28:43-debug: asset-db:refresh-all-database (286ms)
2026-7-3 09:28:43-debug: asset-db:worker-effect-data-processing (2ms)
2026-7-3 09:28:43-debug: asset-db-hook-engine-extends-afterRefresh (2ms)
2026-7-3 09:28:46-debug: %cImport%c: D:\工程项目\PlayableAD\Cocos\TheW\20260615_HYQ\HYQ_Project\assets\Scene\Game_3D-002.scenebackground: #aaff85; color: #000;color: #000;
2026-7-3 09:28:46-debug: asset-db:reimport-assetb5805d3a-3b80-4a12-adf5-588e63a7d886 (29ms)
2026-7-3 09:28:47-debug: Query all assets info in project
2026-7-3 09:28:47-debug: init custom config: keepNodeUuid: false, useCache: true
2026-7-3 09:28:47-debug: Skip compress image, progress: 0%
2026-7-3 09:28:47-debug: Init all bundles start..., progress: 0%
2026-7-3 09:28:47-debug: // ---- build task 查询 Asset Bundle ----
2026-7-3 09:28:47-debug: 查询 Asset Bundle start, progress: 0%
2026-7-3 09:28:47-debug: Init bundle root assets start..., progress: 0%
2026-7-3 09:28:47-debug: Num of bundles: 3..., progress: 0%
2026-7-3 09:28:47-debug:   Number of all scenes: 5
2026-7-3 09:28:47-debug:   Number of other assets: 1152
2026-7-3 09:28:47-debug: Query preload assets/scripts from cc.config.json: 60f7195c-ec2a-45eb-ba94-8955f60e81d0,1c02ae6f-4492-4915-b8f8-7492a3b1e4cd,810e96e4-e456-4468-9b59-f4e8f39732c0,efe8e2a3-eace-427b-b4f1-cb8a937ec77d,e9aa9a3e-5b2b-4ac7-a2c7-073de2b2b24f,8bbdbcdd-5cd4-4100-b6d5-b7c9625b6107,50f4348b-c883-4e2f-8f11-ce233b859fa1,fda095cb-831d-4601-ad94-846013963de8,f92806d7-1768-443f-afe8-12bcde84d0f0,dd3a144d-ab7f-41f0-82b8-2e43a090d496,f0416e68-0200-4b77-a926-4f9d16e494da,511d2633-09a7-4bdd-ac42-f778032124b3,5d45aa00-e064-4938-b314-4265f0c2258c,9361fd90-ba52-4f84-aa93-6e878fd576ca,970b0598-bcb0-4714-91fb-2e81440dccd8,bcd64cc6-2dd9-43f6-abbe-66318d332032,d930590d-bb92-4cc8-8bd1-23cd027f9edf,a3cd009f-0ab0-420d-9278-b9fdab939bbc,6a2d0734-bd9e-4ddf-946e-caa52498cb75,d1346436-ac96-4271-b863-1f4fdead95b0,971bdb23-3ff6-43eb-b422-1c30165a3663,17debcc3-0a6b-4b8a-b00b-dc58b885581e,711ebe11-f673-4cd9-9a83-63c60ba54c5b,c0143906-9aed-447e-9436-2ae8512d1b6e,14da1725-c4c2-42b4-ab08-ee0aeb6898b3,081cab31-dccd-428e-8652-f2404cc81c47,78e0584a-4343-4727-8f37-e14e65c2a2db,ba21476f-2866-4f81-9c4d-6e359316e448,871c3b6c-7379-419d-bda3-794b239ab90d,ff9b0199-ce04-4cfe-86cc-6c719f08d6e4,de1c2107-70c8-4021-8459-6399f24d01c6,cbf30902-517f-40dc-af90-a550bac27cf1,5c601d96-e4c7-4698-991b-7ee674b11079
2026-7-3 09:28:47-debug:   Number of all scripts: 109
2026-7-3 09:28:47-debug: Init bundle root assets success..., progress: 0%
2026-7-3 09:28:47-debug: // ---- build task 查询 Asset Bundle ---- (12ms)
2026-7-3 09:28:47-log: run build task 查询 Asset Bundle success in 12 ms√, progress: 5%
2026-7-3 09:28:47-debug: [Build Memory track]: 查询 Asset Bundle start:299.95MB, end 297.13MB, increase: -2884.94KB
2026-7-3 09:28:47-debug: 查询 Asset Bundle start, progress: 5%
2026-7-3 09:28:47-debug: // ---- build task 查询 Asset Bundle ----
2026-7-3 09:28:47-debug: // ---- build task 查询 Asset Bundle ---- (5ms)
2026-7-3 09:28:47-log: run build task 查询 Asset Bundle success in 5 ms√, progress: 10%
2026-7-3 09:28:47-debug: // ---- build task 整理部分构建选项内数据到 settings.json ----
2026-7-3 09:28:47-debug: [Build Memory track]: 查询 Asset Bundle start:297.16MB, end 297.39MB, increase: 231.72KB
2026-7-3 09:28:47-debug: 整理部分构建选项内数据到 settings.json start, progress: 10%
2026-7-3 09:28:47-debug: // ---- build task 整理部分构建选项内数据到 settings.json ---- (2ms)
2026-7-3 09:28:47-log: run build task 整理部分构建选项内数据到 settings.json success in 2 ms√, progress: 12%
2026-7-3 09:28:47-debug: // ---- build task 填充脚本数据到 settings.json ----
2026-7-3 09:28:47-debug: [Build Memory track]: 整理部分构建选项内数据到 settings.json start:297.42MB, end 297.45MB, increase: 29.96KB
2026-7-3 09:28:47-debug: 填充脚本数据到 settings.json start, progress: 12%
2026-7-3 09:28:47-debug: // ---- build task 填充脚本数据到 settings.json ---- (1ms)
2026-7-3 09:28:47-log: run build task 填充脚本数据到 settings.json success in 1 ms√, progress: 13%
2026-7-3 09:28:47-debug: // ---- build task 整理部分构建选项内数据到 settings.json ----
2026-7-3 09:28:47-debug: [Build Memory track]: 填充脚本数据到 settings.json start:297.49MB, end 297.52MB, increase: 29.32KB
2026-7-3 09:28:47-debug: 整理部分构建选项内数据到 settings.json start, progress: 13%
2026-7-3 09:28:47-debug: // ---- build task 整理部分构建选项内数据到 settings.json ---- (5ms)
2026-7-3 09:28:47-log: run build task 整理部分构建选项内数据到 settings.json success in 5 ms√, progress: 15%
2026-7-3 09:28:47-debug: [Build Memory track]: 整理部分构建选项内数据到 settings.json start:297.55MB, end 297.61MB, increase: 65.64KB
2026-7-3 09:29:59-debug: refresh db internal success
2026-7-3 09:29:59-debug: refresh db assets success
2026-7-3 09:29:59-debug: refresh db super-packager success
2026-7-3 09:29:59-debug: Run asset db hook engine-extends:afterRefresh ...
2026-7-3 09:29:59-debug: Run asset db hook engine-extends:afterRefresh success!
2026-7-3 09:29:59-debug: asset-db:refresh-all-database (228ms)
2026-7-3 09:29:59-debug: asset-db:worker-effect-data-processing (1ms)
2026-7-3 09:29:59-debug: asset-db-hook-engine-extends-afterRefresh (1ms)
2026-7-3 09:30:05-debug: %cImport%c: D:\工程项目\PlayableAD\Cocos\TheW\20260615_HYQ\HYQ_Project\assets\Scene\Game_3D-002.scenebackground: #aaff85; color: #000;color: #000;
2026-7-3 09:30:06-debug: asset-db:reimport-assetb5805d3a-3b80-4a12-adf5-588e63a7d886 (31ms)
2026-7-3 09:30:06-debug: Query all assets info in project
2026-7-3 09:30:06-debug: init custom config: keepNodeUuid: false, useCache: true
2026-7-3 09:30:06-debug: Skip compress image, progress: 0%
2026-7-3 09:30:06-debug: Init all bundles start..., progress: 0%
2026-7-3 09:30:06-debug: Num of bundles: 3..., progress: 0%
2026-7-3 09:30:06-debug: 查询 Asset Bundle start, progress: 0%
2026-7-3 09:30:06-debug: // ---- build task 查询 Asset Bundle ----
2026-7-3 09:30:06-debug: Init bundle root assets start..., progress: 0%
2026-7-3 09:30:06-debug: Query preload assets/scripts from cc.config.json: 60f7195c-ec2a-45eb-ba94-8955f60e81d0,1c02ae6f-4492-4915-b8f8-7492a3b1e4cd,810e96e4-e456-4468-9b59-f4e8f39732c0,efe8e2a3-eace-427b-b4f1-cb8a937ec77d,e9aa9a3e-5b2b-4ac7-a2c7-073de2b2b24f,8bbdbcdd-5cd4-4100-b6d5-b7c9625b6107,50f4348b-c883-4e2f-8f11-ce233b859fa1,fda095cb-831d-4601-ad94-846013963de8,f92806d7-1768-443f-afe8-12bcde84d0f0,dd3a144d-ab7f-41f0-82b8-2e43a090d496,f0416e68-0200-4b77-a926-4f9d16e494da,511d2633-09a7-4bdd-ac42-f778032124b3,5d45aa00-e064-4938-b314-4265f0c2258c,9361fd90-ba52-4f84-aa93-6e878fd576ca,970b0598-bcb0-4714-91fb-2e81440dccd8,bcd64cc6-2dd9-43f6-abbe-66318d332032,d930590d-bb92-4cc8-8bd1-23cd027f9edf,a3cd009f-0ab0-420d-9278-b9fdab939bbc,6a2d0734-bd9e-4ddf-946e-caa52498cb75,d1346436-ac96-4271-b863-1f4fdead95b0,971bdb23-3ff6-43eb-b422-1c30165a3663,17debcc3-0a6b-4b8a-b00b-dc58b885581e,711ebe11-f673-4cd9-9a83-63c60ba54c5b,c0143906-9aed-447e-9436-2ae8512d1b6e,14da1725-c4c2-42b4-ab08-ee0aeb6898b3,081cab31-dccd-428e-8652-f2404cc81c47,78e0584a-4343-4727-8f37-e14e65c2a2db,ba21476f-2866-4f81-9c4d-6e359316e448,871c3b6c-7379-419d-bda3-794b239ab90d,ff9b0199-ce04-4cfe-86cc-6c719f08d6e4,de1c2107-70c8-4021-8459-6399f24d01c6,cbf30902-517f-40dc-af90-a550bac27cf1,5c601d96-e4c7-4698-991b-7ee674b11079
2026-7-3 09:30:06-debug:   Number of all scenes: 5
2026-7-3 09:30:06-debug:   Number of all scripts: 109
2026-7-3 09:30:06-debug:   Number of other assets: 1152
2026-7-3 09:30:06-debug: Init bundle root assets success..., progress: 0%
2026-7-3 09:30:06-debug: // ---- build task 查询 Asset Bundle ---- (26ms)
2026-7-3 09:30:06-log: run build task 查询 Asset Bundle success in 26 ms√, progress: 5%
2026-7-3 09:30:06-debug: [Build Memory track]: 查询 Asset Bundle start:301.44MB, end 301.05MB, increase: -403.79KB
2026-7-3 09:30:06-debug: 查询 Asset Bundle start, progress: 5%
2026-7-3 09:30:06-debug: // ---- build task 查询 Asset Bundle ----
2026-7-3 09:30:06-debug: // ---- build task 查询 Asset Bundle ---- (22ms)
2026-7-3 09:30:06-log: run build task 查询 Asset Bundle success in 22 ms√, progress: 10%
2026-7-3 09:30:06-debug: [Build Memory track]: 查询 Asset Bundle start:301.08MB, end 300.47MB, increase: -626.80KB
2026-7-3 09:30:06-debug: 整理部分构建选项内数据到 settings.json start, progress: 10%
2026-7-3 09:30:06-debug: // ---- build task 整理部分构建选项内数据到 settings.json ----
2026-7-3 09:30:07-debug: // ---- build task 整理部分构建选项内数据到 settings.json ---- (6ms)
2026-7-3 09:30:07-log: run build task 整理部分构建选项内数据到 settings.json success in 6 ms√, progress: 12%
2026-7-3 09:30:07-debug: [Build Memory track]: 整理部分构建选项内数据到 settings.json start:300.50MB, end 300.53MB, increase: 29.94KB
2026-7-3 09:30:07-debug: 填充脚本数据到 settings.json start, progress: 12%
2026-7-3 09:30:07-debug: // ---- build task 填充脚本数据到 settings.json ----
2026-7-3 09:30:07-debug: // ---- build task 填充脚本数据到 settings.json ---- (1ms)
2026-7-3 09:30:07-log: run build task 填充脚本数据到 settings.json success in 1 ms√, progress: 13%
2026-7-3 09:30:07-debug: [Build Memory track]: 填充脚本数据到 settings.json start:300.57MB, end 300.59MB, increase: 25.58KB
2026-7-3 09:30:07-debug: 整理部分构建选项内数据到 settings.json start, progress: 13%
2026-7-3 09:30:07-debug: // ---- build task 整理部分构建选项内数据到 settings.json ----
2026-7-3 09:30:07-debug: // ---- build task 整理部分构建选项内数据到 settings.json ---- (4ms)
2026-7-3 09:30:07-log: run build task 整理部分构建选项内数据到 settings.json success in 4 ms√, progress: 15%
2026-7-3 09:30:07-debug: [Build Memory track]: 整理部分构建选项内数据到 settings.json start:300.63MB, end 300.70MB, increase: 75.75KB
2026-7-3 09:48:02-debug: refresh db internal success
2026-7-3 09:48:03-debug: %cImport%c: D:\工程项目\PlayableAD\Cocos\TheW\20260615_HYQ\HYQ_Project\assets\Script\functionS\Player\Player.tsbackground: #aaff85; color: #000;color: #000;
2026-7-3 09:48:03-debug: refresh db assets success
2026-7-3 09:48:03-debug: refresh db super-packager success
2026-7-3 09:48:03-debug: Run asset db hook engine-extends:afterRefresh ...
2026-7-3 09:48:03-debug: Run asset db hook engine-extends:afterRefresh success!
2026-7-3 09:48:03-debug: asset-db:refresh-all-database (384ms)
2026-7-3 09:48:03-debug: asset-db:worker-effect-data-processing (3ms)
2026-7-3 09:48:03-debug: asset-db-hook-engine-extends-afterRefresh (4ms)
2026-7-3 09:48:05-debug: Query all assets info in project
2026-7-3 09:48:05-debug: init custom config: keepNodeUuid: false, useCache: true
2026-7-3 09:48:05-debug: Skip compress image, progress: 0%
2026-7-3 09:48:05-debug: Init all bundles start..., progress: 0%
2026-7-3 09:48:05-debug: Num of bundles: 3..., progress: 0%
2026-7-3 09:48:05-debug: 查询 Asset Bundle start, progress: 0%
2026-7-3 09:48:05-debug: // ---- build task 查询 Asset Bundle ----
2026-7-3 09:48:05-debug: Init bundle root assets start..., progress: 0%
2026-7-3 09:48:05-debug: Query preload assets/scripts from cc.config.json: 60f7195c-ec2a-45eb-ba94-8955f60e81d0,1c02ae6f-4492-4915-b8f8-7492a3b1e4cd,810e96e4-e456-4468-9b59-f4e8f39732c0,efe8e2a3-eace-427b-b4f1-cb8a937ec77d,e9aa9a3e-5b2b-4ac7-a2c7-073de2b2b24f,8bbdbcdd-5cd4-4100-b6d5-b7c9625b6107,50f4348b-c883-4e2f-8f11-ce233b859fa1,fda095cb-831d-4601-ad94-846013963de8,f92806d7-1768-443f-afe8-12bcde84d0f0,dd3a144d-ab7f-41f0-82b8-2e43a090d496,f0416e68-0200-4b77-a926-4f9d16e494da,511d2633-09a7-4bdd-ac42-f778032124b3,5d45aa00-e064-4938-b314-4265f0c2258c,9361fd90-ba52-4f84-aa93-6e878fd576ca,970b0598-bcb0-4714-91fb-2e81440dccd8,bcd64cc6-2dd9-43f6-abbe-66318d332032,d930590d-bb92-4cc8-8bd1-23cd027f9edf,a3cd009f-0ab0-420d-9278-b9fdab939bbc,6a2d0734-bd9e-4ddf-946e-caa52498cb75,d1346436-ac96-4271-b863-1f4fdead95b0,971bdb23-3ff6-43eb-b422-1c30165a3663,17debcc3-0a6b-4b8a-b00b-dc58b885581e,711ebe11-f673-4cd9-9a83-63c60ba54c5b,c0143906-9aed-447e-9436-2ae8512d1b6e,14da1725-c4c2-42b4-ab08-ee0aeb6898b3,081cab31-dccd-428e-8652-f2404cc81c47,78e0584a-4343-4727-8f37-e14e65c2a2db,ba21476f-2866-4f81-9c4d-6e359316e448,871c3b6c-7379-419d-bda3-794b239ab90d,ff9b0199-ce04-4cfe-86cc-6c719f08d6e4,de1c2107-70c8-4021-8459-6399f24d01c6,cbf30902-517f-40dc-af90-a550bac27cf1,5c601d96-e4c7-4698-991b-7ee674b11079
2026-7-3 09:48:05-debug:   Number of all scenes: 5
2026-7-3 09:48:05-debug:   Number of all scripts: 109
2026-7-3 09:48:05-debug: Init bundle root assets success..., progress: 0%
2026-7-3 09:48:05-debug: // ---- build task 查询 Asset Bundle ---- (16ms)
2026-7-3 09:48:05-log: run build task 查询 Asset Bundle success in 16 ms√, progress: 5%
2026-7-3 09:48:05-debug: [Build Memory track]: 查询 Asset Bundle start:279.76MB, end 276.30MB, increase: -3544.54KB
2026-7-3 09:48:05-debug: // ---- build task 查询 Asset Bundle ----
2026-7-3 09:48:05-debug: 查询 Asset Bundle start, progress: 5%
2026-7-3 09:48:05-debug:   Number of other assets: 1152
2026-7-3 09:48:05-debug: // ---- build task 查询 Asset Bundle ---- (5ms)
2026-7-3 09:48:05-log: run build task 查询 Asset Bundle success in 5 ms√, progress: 10%
2026-7-3 09:48:05-debug: // ---- build task 整理部分构建选项内数据到 settings.json ----
2026-7-3 09:48:05-debug: [Build Memory track]: 查询 Asset Bundle start:276.34MB, end 276.56MB, increase: 234.70KB
2026-7-3 09:48:05-debug: 整理部分构建选项内数据到 settings.json start, progress: 10%
2026-7-3 09:48:05-debug: // ---- build task 整理部分构建选项内数据到 settings.json ---- (2ms)
2026-7-3 09:48:05-log: run build task 整理部分构建选项内数据到 settings.json success in 2 ms√, progress: 12%
2026-7-3 09:48:05-debug: [Build Memory track]: 整理部分构建选项内数据到 settings.json start:276.60MB, end 276.63MB, increase: 29.69KB
2026-7-3 09:48:05-debug: 填充脚本数据到 settings.json start, progress: 12%
2026-7-3 09:48:05-debug: // ---- build task 填充脚本数据到 settings.json ----
2026-7-3 09:48:05-debug: [Build Memory track]: 填充脚本数据到 settings.json start:276.66MB, end 276.69MB, increase: 29.61KB
2026-7-3 09:48:05-debug: 整理部分构建选项内数据到 settings.json start, progress: 13%
2026-7-3 09:48:05-log: run build task 填充脚本数据到 settings.json success in 5 ms√, progress: 13%
2026-7-3 09:48:05-debug: // ---- build task 整理部分构建选项内数据到 settings.json ----
2026-7-3 09:48:05-debug: // ---- build task 填充脚本数据到 settings.json ---- (5ms)
2026-7-3 09:48:05-debug: // ---- build task 整理部分构建选项内数据到 settings.json ---- (6ms)
2026-7-3 09:48:05-log: run build task 整理部分构建选项内数据到 settings.json success in 6 ms√, progress: 15%
2026-7-3 09:48:05-debug: [Build Memory track]: 整理部分构建选项内数据到 settings.json start:276.73MB, end 276.81MB, increase: 82.00KB
2026-7-3 09:49:00-debug: refresh db internal success
2026-7-3 09:49:00-debug: refresh db assets success
2026-7-3 09:49:00-debug: refresh db super-packager success
2026-7-3 09:49:00-debug: Run asset db hook engine-extends:afterRefresh ...
2026-7-3 09:49:00-debug: Run asset db hook engine-extends:afterRefresh success!
2026-7-3 09:49:00-debug: asset-db:refresh-all-database (264ms)
2026-7-3 09:49:00-debug: asset-db:worker-effect-data-processing (3ms)
2026-7-3 09:49:00-debug: asset-db-hook-engine-extends-afterRefresh (4ms)
2026-7-3 09:49:17-debug: refresh db internal success
2026-7-3 09:49:17-debug: refresh db assets success
2026-7-3 09:49:17-debug: refresh db super-packager success
2026-7-3 09:49:17-debug: Run asset db hook engine-extends:afterRefresh ...
2026-7-3 09:49:17-debug: Run asset db hook engine-extends:afterRefresh success!
2026-7-3 09:49:17-debug: asset-db:refresh-all-database (192ms)
2026-7-3 09:49:17-debug: asset-db:worker-effect-data-processing (1ms)
2026-7-3 09:49:17-debug: asset-db-hook-engine-extends-afterRefresh (2ms)
2026-7-3 09:49:18-debug: %cImport%c: D:\工程项目\PlayableAD\Cocos\TheW\20260615_HYQ\HYQ_Project\assets\Scene\Game_3D-002.scenebackground: #aaff85; color: #000;color: #000;
2026-7-3 09:49:18-debug: asset-db:reimport-assetb5805d3a-3b80-4a12-adf5-588e63a7d886 (37ms)
2026-7-3 09:49:19-debug: Query all assets info in project
2026-7-3 09:49:19-debug: init custom config: keepNodeUuid: false, useCache: true
2026-7-3 09:49:19-debug: Skip compress image, progress: 0%
2026-7-3 09:49:19-debug: Init all bundles start..., progress: 0%
2026-7-3 09:49:19-debug: Num of bundles: 3..., progress: 0%
2026-7-3 09:49:19-debug: 查询 Asset Bundle start, progress: 0%
2026-7-3 09:49:19-debug: // ---- build task 查询 Asset Bundle ----
2026-7-3 09:49:19-debug: Init bundle root assets start..., progress: 0%
2026-7-3 09:49:19-debug: Query preload assets/scripts from cc.config.json: 60f7195c-ec2a-45eb-ba94-8955f60e81d0,1c02ae6f-4492-4915-b8f8-7492a3b1e4cd,810e96e4-e456-4468-9b59-f4e8f39732c0,efe8e2a3-eace-427b-b4f1-cb8a937ec77d,e9aa9a3e-5b2b-4ac7-a2c7-073de2b2b24f,8bbdbcdd-5cd4-4100-b6d5-b7c9625b6107,50f4348b-c883-4e2f-8f11-ce233b859fa1,fda095cb-831d-4601-ad94-846013963de8,f92806d7-1768-443f-afe8-12bcde84d0f0,dd3a144d-ab7f-41f0-82b8-2e43a090d496,f0416e68-0200-4b77-a926-4f9d16e494da,511d2633-09a7-4bdd-ac42-f778032124b3,5d45aa00-e064-4938-b314-4265f0c2258c,9361fd90-ba52-4f84-aa93-6e878fd576ca,970b0598-bcb0-4714-91fb-2e81440dccd8,bcd64cc6-2dd9-43f6-abbe-66318d332032,d930590d-bb92-4cc8-8bd1-23cd027f9edf,a3cd009f-0ab0-420d-9278-b9fdab939bbc,6a2d0734-bd9e-4ddf-946e-caa52498cb75,d1346436-ac96-4271-b863-1f4fdead95b0,971bdb23-3ff6-43eb-b422-1c30165a3663,17debcc3-0a6b-4b8a-b00b-dc58b885581e,711ebe11-f673-4cd9-9a83-63c60ba54c5b,c0143906-9aed-447e-9436-2ae8512d1b6e,14da1725-c4c2-42b4-ab08-ee0aeb6898b3,081cab31-dccd-428e-8652-f2404cc81c47,78e0584a-4343-4727-8f37-e14e65c2a2db,ba21476f-2866-4f81-9c4d-6e359316e448,871c3b6c-7379-419d-bda3-794b239ab90d,ff9b0199-ce04-4cfe-86cc-6c719f08d6e4,de1c2107-70c8-4021-8459-6399f24d01c6,cbf30902-517f-40dc-af90-a550bac27cf1,5c601d96-e4c7-4698-991b-7ee674b11079
2026-7-3 09:49:19-debug:   Number of all scenes: 5
2026-7-3 09:49:19-debug:   Number of all scripts: 109
2026-7-3 09:49:19-debug:   Number of other assets: 1152
2026-7-3 09:49:19-debug: Init bundle root assets success..., progress: 0%
2026-7-3 09:49:19-debug: // ---- build task 查询 Asset Bundle ---- (37ms)
2026-7-3 09:49:19-log: run build task 查询 Asset Bundle success in 37 ms√, progress: 5%
2026-7-3 09:49:19-debug: [Build Memory track]: 查询 Asset Bundle start:283.62MB, end 285.16MB, increase: 1.54MB
2026-7-3 09:49:19-debug: 查询 Asset Bundle start, progress: 5%
2026-7-3 09:49:19-debug: // ---- build task 查询 Asset Bundle ----
2026-7-3 09:49:19-debug: // ---- build task 查询 Asset Bundle ---- (4ms)
2026-7-3 09:49:19-log: run build task 查询 Asset Bundle success in 4 ms√, progress: 10%
2026-7-3 09:49:19-debug: [Build Memory track]: 查询 Asset Bundle start:285.20MB, end 285.42MB, increase: 230.38KB
2026-7-3 09:49:19-debug: 整理部分构建选项内数据到 settings.json start, progress: 10%
2026-7-3 09:49:19-debug: // ---- build task 整理部分构建选项内数据到 settings.json ----
2026-7-3 09:49:19-debug: // ---- build task 整理部分构建选项内数据到 settings.json ---- (3ms)
2026-7-3 09:49:19-log: run build task 整理部分构建选项内数据到 settings.json success in 3 ms√, progress: 12%
2026-7-3 09:49:19-debug: [Build Memory track]: 整理部分构建选项内数据到 settings.json start:285.46MB, end 285.48MB, increase: 29.73KB
2026-7-3 09:49:19-debug: 填充脚本数据到 settings.json start, progress: 12%
2026-7-3 09:49:19-debug: // ---- build task 填充脚本数据到 settings.json ----
2026-7-3 09:49:19-debug: // ---- build task 填充脚本数据到 settings.json ---- (8ms)
2026-7-3 09:49:19-log: run build task 填充脚本数据到 settings.json success in 8 ms√, progress: 13%
2026-7-3 09:49:19-debug: [Build Memory track]: 填充脚本数据到 settings.json start:285.52MB, end 285.55MB, increase: 29.09KB
2026-7-3 09:49:19-debug: 整理部分构建选项内数据到 settings.json start, progress: 13%
2026-7-3 09:49:19-debug: // ---- build task 整理部分构建选项内数据到 settings.json ----
2026-7-3 09:49:19-debug: // ---- build task 整理部分构建选项内数据到 settings.json ---- (17ms)
2026-7-3 09:49:19-log: run build task 整理部分构建选项内数据到 settings.json success in 17 ms√, progress: 15%
2026-7-3 09:49:19-debug: [Build Memory track]: 整理部分构建选项内数据到 settings.json start:285.58MB, end 285.64MB, increase: 65.42KB
2026-7-3 09:49:39-debug: %cImport%c: D:\工程项目\PlayableAD\Cocos\TheW\20260615_HYQ\HYQ_Project\assets\Scene\Game_3D-002.scenebackground: #aaff85; color: #000;color: #000;
2026-7-3 09:49:39-debug: asset-db:reimport-assetb5805d3a-3b80-4a12-adf5-588e63a7d886 (36ms)
2026-7-3 09:49:40-debug: Query all assets info in project
2026-7-3 09:49:40-debug: init custom config: keepNodeUuid: false, useCache: true
2026-7-3 09:49:40-debug: Skip compress image, progress: 0%
2026-7-3 09:49:40-debug: Init all bundles start..., progress: 0%
2026-7-3 09:49:40-debug: Num of bundles: 3..., progress: 0%
2026-7-3 09:49:40-debug: 查询 Asset Bundle start, progress: 0%
2026-7-3 09:49:40-debug: Init bundle root assets start..., progress: 0%
2026-7-3 09:49:40-debug: // ---- build task 查询 Asset Bundle ----
2026-7-3 09:49:40-debug: Query preload assets/scripts from cc.config.json: 60f7195c-ec2a-45eb-ba94-8955f60e81d0,1c02ae6f-4492-4915-b8f8-7492a3b1e4cd,810e96e4-e456-4468-9b59-f4e8f39732c0,efe8e2a3-eace-427b-b4f1-cb8a937ec77d,e9aa9a3e-5b2b-4ac7-a2c7-073de2b2b24f,8bbdbcdd-5cd4-4100-b6d5-b7c9625b6107,50f4348b-c883-4e2f-8f11-ce233b859fa1,fda095cb-831d-4601-ad94-846013963de8,f92806d7-1768-443f-afe8-12bcde84d0f0,dd3a144d-ab7f-41f0-82b8-2e43a090d496,f0416e68-0200-4b77-a926-4f9d16e494da,511d2633-09a7-4bdd-ac42-f778032124b3,5d45aa00-e064-4938-b314-4265f0c2258c,9361fd90-ba52-4f84-aa93-6e878fd576ca,970b0598-bcb0-4714-91fb-2e81440dccd8,bcd64cc6-2dd9-43f6-abbe-66318d332032,d930590d-bb92-4cc8-8bd1-23cd027f9edf,a3cd009f-0ab0-420d-9278-b9fdab939bbc,6a2d0734-bd9e-4ddf-946e-caa52498cb75,d1346436-ac96-4271-b863-1f4fdead95b0,971bdb23-3ff6-43eb-b422-1c30165a3663,17debcc3-0a6b-4b8a-b00b-dc58b885581e,711ebe11-f673-4cd9-9a83-63c60ba54c5b,c0143906-9aed-447e-9436-2ae8512d1b6e,14da1725-c4c2-42b4-ab08-ee0aeb6898b3,081cab31-dccd-428e-8652-f2404cc81c47,78e0584a-4343-4727-8f37-e14e65c2a2db,ba21476f-2866-4f81-9c4d-6e359316e448,871c3b6c-7379-419d-bda3-794b239ab90d,ff9b0199-ce04-4cfe-86cc-6c719f08d6e4,de1c2107-70c8-4021-8459-6399f24d01c6,cbf30902-517f-40dc-af90-a550bac27cf1,5c601d96-e4c7-4698-991b-7ee674b11079
2026-7-3 09:49:40-debug:   Number of all scenes: 5
2026-7-3 09:49:40-debug:   Number of all scripts: 109
2026-7-3 09:49:40-debug:   Number of other assets: 1152
2026-7-3 09:49:40-debug: Init bundle root assets success..., progress: 0%
2026-7-3 09:49:40-debug: // ---- build task 查询 Asset Bundle ---- (14ms)
2026-7-3 09:49:40-log: run build task 查询 Asset Bundle success in 14 ms√, progress: 5%
2026-7-3 09:49:40-debug: [Build Memory track]: 查询 Asset Bundle start:283.02MB, end 282.88MB, increase: -145.97KB
2026-7-3 09:49:40-debug: 查询 Asset Bundle start, progress: 5%
2026-7-3 09:49:40-debug: // ---- build task 查询 Asset Bundle ----
2026-7-3 09:49:40-debug: // ---- build task 查询 Asset Bundle ---- (7ms)
2026-7-3 09:49:40-log: run build task 查询 Asset Bundle success in 7 ms√, progress: 10%
2026-7-3 09:49:40-debug: 整理部分构建选项内数据到 settings.json start, progress: 10%
2026-7-3 09:49:40-debug: // ---- build task 整理部分构建选项内数据到 settings.json ----
2026-7-3 09:49:40-debug: // ---- build task 整理部分构建选项内数据到 settings.json ---- (5ms)
2026-7-3 09:49:40-debug: [Build Memory track]: 查询 Asset Bundle start:282.91MB, end 283.14MB, increase: 233.05KB
2026-7-3 09:49:40-log: run build task 整理部分构建选项内数据到 settings.json success in 5 ms√, progress: 12%
2026-7-3 09:49:40-debug: [Build Memory track]: 整理部分构建选项内数据到 settings.json start:283.17MB, end 283.20MB, increase: 26.37KB
2026-7-3 09:49:40-debug: 填充脚本数据到 settings.json start, progress: 12%
2026-7-3 09:49:40-debug: // ---- build task 填充脚本数据到 settings.json ----
2026-7-3 09:49:40-debug: // ---- build task 填充脚本数据到 settings.json ---- (3ms)
2026-7-3 09:49:40-log: run build task 填充脚本数据到 settings.json success in 3 ms√, progress: 13%
2026-7-3 09:49:40-debug: [Build Memory track]: 填充脚本数据到 settings.json start:283.23MB, end 283.26MB, increase: 28.76KB
2026-7-3 09:49:40-debug: 整理部分构建选项内数据到 settings.json start, progress: 13%
2026-7-3 09:49:40-debug: // ---- build task 整理部分构建选项内数据到 settings.json ----
2026-7-3 09:49:40-debug: // ---- build task 整理部分构建选项内数据到 settings.json ---- (6ms)
2026-7-3 09:49:40-log: run build task 整理部分构建选项内数据到 settings.json success in 6 ms√, progress: 15%
2026-7-3 09:49:40-debug: [Build Memory track]: 整理部分构建选项内数据到 settings.json start:283.29MB, end 283.36MB, increase: 68.76KB
2026-7-3 09:52:26-debug: refresh db internal success
2026-7-3 09:52:26-debug: refresh db assets success
2026-7-3 09:52:26-debug: refresh db super-packager success
2026-7-3 09:52:26-debug: Run asset db hook engine-extends:afterRefresh ...
2026-7-3 09:52:26-debug: Run asset db hook engine-extends:afterRefresh success!
2026-7-3 09:52:26-debug: asset-db:refresh-all-database (290ms)
2026-7-3 09:52:26-debug: asset-db:worker-effect-data-processing (3ms)
2026-7-3 09:52:26-debug: asset-db-hook-engine-extends-afterRefresh (3ms)
2026-7-3 09:52:32-debug: refresh db internal success
2026-7-3 09:52:32-debug: refresh db assets success
2026-7-3 09:52:32-debug: refresh db super-packager success
2026-7-3 09:52:32-debug: Run asset db hook engine-extends:afterRefresh ...
2026-7-3 09:52:32-debug: Run asset db hook engine-extends:afterRefresh success!
2026-7-3 09:52:32-debug: asset-db:refresh-all-database (185ms)
2026-7-3 09:52:32-debug: asset-db:worker-effect-data-processing (2ms)
2026-7-3 09:52:32-debug: asset-db-hook-engine-extends-afterRefresh (2ms)
2026-7-3 09:52:37-debug: refresh db internal success
2026-7-3 09:52:37-debug: refresh db assets success
2026-7-3 09:52:37-debug: refresh db super-packager success
2026-7-3 09:52:37-debug: Run asset db hook engine-extends:afterRefresh ...
2026-7-3 09:52:37-debug: Run asset db hook engine-extends:afterRefresh success!
2026-7-3 09:52:37-debug: asset-db-hook-engine-extends-afterRefresh (4ms)
2026-7-3 09:52:37-debug: asset-db:refresh-all-database (234ms)
2026-7-3 09:52:37-debug: asset-db:worker-effect-data-processing (3ms)
2026-7-3 10:05:38-debug: refresh db internal success
2026-7-3 10:05:38-debug: %cImport%c: D:\工程项目\PlayableAD\Cocos\TheW\20260615_HYQ\HYQ_Project\assets\Script\functionS\Player\Player.tsbackground: #aaff85; color: #000;color: #000;
2026-7-3 10:05:38-debug: refresh db assets success
2026-7-3 10:05:38-debug: refresh db super-packager success
2026-7-3 10:05:38-debug: Run asset db hook engine-extends:afterRefresh ...
2026-7-3 10:05:38-debug: Run asset db hook engine-extends:afterRefresh success!
2026-7-3 10:05:38-debug: asset-db:refresh-all-database (263ms)
2026-7-3 10:05:38-debug: asset-db:worker-effect-data-processing (1ms)
2026-7-3 10:05:38-debug: asset-db-hook-engine-extends-afterRefresh (2ms)
2026-7-3 10:05:40-debug: Query all assets info in project
2026-7-3 10:05:40-debug: init custom config: keepNodeUuid: false, useCache: true
2026-7-3 10:05:40-debug: Skip compress image, progress: 0%
2026-7-3 10:05:40-debug: Init all bundles start..., progress: 0%
2026-7-3 10:05:40-debug: // ---- build task 查询 Asset Bundle ----
2026-7-3 10:05:40-debug: Num of bundles: 3..., progress: 0%
2026-7-3 10:05:40-debug: 查询 Asset Bundle start, progress: 0%
2026-7-3 10:05:40-debug: Init bundle root assets start..., progress: 0%
2026-7-3 10:05:40-debug: Query preload assets/scripts from cc.config.json: 60f7195c-ec2a-45eb-ba94-8955f60e81d0,1c02ae6f-4492-4915-b8f8-7492a3b1e4cd,810e96e4-e456-4468-9b59-f4e8f39732c0,efe8e2a3-eace-427b-b4f1-cb8a937ec77d,e9aa9a3e-5b2b-4ac7-a2c7-073de2b2b24f,8bbdbcdd-5cd4-4100-b6d5-b7c9625b6107,50f4348b-c883-4e2f-8f11-ce233b859fa1,fda095cb-831d-4601-ad94-846013963de8,f92806d7-1768-443f-afe8-12bcde84d0f0,dd3a144d-ab7f-41f0-82b8-2e43a090d496,f0416e68-0200-4b77-a926-4f9d16e494da,511d2633-09a7-4bdd-ac42-f778032124b3,5d45aa00-e064-4938-b314-4265f0c2258c,9361fd90-ba52-4f84-aa93-6e878fd576ca,970b0598-bcb0-4714-91fb-2e81440dccd8,bcd64cc6-2dd9-43f6-abbe-66318d332032,d930590d-bb92-4cc8-8bd1-23cd027f9edf,a3cd009f-0ab0-420d-9278-b9fdab939bbc,6a2d0734-bd9e-4ddf-946e-caa52498cb75,d1346436-ac96-4271-b863-1f4fdead95b0,971bdb23-3ff6-43eb-b422-1c30165a3663,17debcc3-0a6b-4b8a-b00b-dc58b885581e,711ebe11-f673-4cd9-9a83-63c60ba54c5b,c0143906-9aed-447e-9436-2ae8512d1b6e,14da1725-c4c2-42b4-ab08-ee0aeb6898b3,081cab31-dccd-428e-8652-f2404cc81c47,78e0584a-4343-4727-8f37-e14e65c2a2db,ba21476f-2866-4f81-9c4d-6e359316e448,871c3b6c-7379-419d-bda3-794b239ab90d,ff9b0199-ce04-4cfe-86cc-6c719f08d6e4,de1c2107-70c8-4021-8459-6399f24d01c6,cbf30902-517f-40dc-af90-a550bac27cf1,5c601d96-e4c7-4698-991b-7ee674b11079
2026-7-3 10:05:40-debug:   Number of all scenes: 5
2026-7-3 10:05:40-debug:   Number of all scripts: 109
2026-7-3 10:05:40-debug:   Number of other assets: 1152
2026-7-3 10:05:40-debug: Init bundle root assets success..., progress: 0%
2026-7-3 10:05:40-debug: // ---- build task 查询 Asset Bundle ---- (13ms)
2026-7-3 10:05:40-log: run build task 查询 Asset Bundle success in 13 ms√, progress: 5%
2026-7-3 10:05:40-debug: [Build Memory track]: 查询 Asset Bundle start:294.14MB, end 290.85MB, increase: -3372.25KB
2026-7-3 10:05:40-debug: 查询 Asset Bundle start, progress: 5%
2026-7-3 10:05:40-debug: // ---- build task 查询 Asset Bundle ----
2026-7-3 10:05:40-debug: // ---- build task 查询 Asset Bundle ---- (5ms)
2026-7-3 10:05:40-log: run build task 查询 Asset Bundle success in 5 ms√, progress: 10%
2026-7-3 10:05:40-debug: // ---- build task 整理部分构建选项内数据到 settings.json ----
2026-7-3 10:05:40-debug: [Build Memory track]: 查询 Asset Bundle start:290.88MB, end 291.11MB, increase: 231.42KB
2026-7-3 10:05:40-debug: 整理部分构建选项内数据到 settings.json start, progress: 10%
2026-7-3 10:05:40-debug: // ---- build task 整理部分构建选项内数据到 settings.json ---- (2ms)
2026-7-3 10:05:40-log: run build task 整理部分构建选项内数据到 settings.json success in 2 ms√, progress: 12%
2026-7-3 10:05:40-debug: [Build Memory track]: 整理部分构建选项内数据到 settings.json start:291.14MB, end 291.17MB, increase: 29.74KB
2026-7-3 10:05:40-debug: 填充脚本数据到 settings.json start, progress: 12%
2026-7-3 10:05:40-debug: // ---- build task 填充脚本数据到 settings.json ----
2026-7-3 10:05:40-debug: // ---- build task 填充脚本数据到 settings.json ---- (2ms)
2026-7-3 10:05:40-log: run build task 填充脚本数据到 settings.json success in 2 ms√, progress: 13%
2026-7-3 10:05:40-debug: [Build Memory track]: 填充脚本数据到 settings.json start:291.21MB, end 291.24MB, increase: 29.27KB
2026-7-3 10:05:40-debug: 整理部分构建选项内数据到 settings.json start, progress: 13%
2026-7-3 10:05:40-debug: // ---- build task 整理部分构建选项内数据到 settings.json ----
2026-7-3 10:05:40-debug: // ---- build task 整理部分构建选项内数据到 settings.json ---- (6ms)
2026-7-3 10:05:40-debug: [Build Memory track]: 整理部分构建选项内数据到 settings.json start:291.27MB, end 291.33MB, increase: 65.48KB
2026-7-3 10:05:40-log: run build task 整理部分构建选项内数据到 settings.json success in 6 ms√, progress: 15%
2026-7-3 10:06:54-debug: refresh db internal success
2026-7-3 10:06:54-debug: refresh db assets success
2026-7-3 10:06:54-debug: refresh db super-packager success
2026-7-3 10:06:54-debug: Run asset db hook engine-extends:afterRefresh ...
2026-7-3 10:06:54-debug: Run asset db hook engine-extends:afterRefresh success!
2026-7-3 10:06:54-debug: asset-db:refresh-all-database (244ms)
2026-7-3 10:06:54-debug: asset-db:worker-effect-data-processing (3ms)
2026-7-3 10:06:54-debug: asset-db-hook-engine-extends-afterRefresh (3ms)
2026-7-3 10:07:28-debug: %cImport%c: D:\工程项目\PlayableAD\Cocos\TheW\20260615_HYQ\HYQ_Project\assets\Scene\Game_3D-002.scenebackground: #aaff85; color: #000;color: #000;
2026-7-3 10:07:28-debug: asset-db:reimport-assetb5805d3a-3b80-4a12-adf5-588e63a7d886 (43ms)
2026-7-3 10:07:29-debug: Query all assets info in project
2026-7-3 10:07:29-debug: init custom config: keepNodeUuid: false, useCache: true
2026-7-3 10:07:29-debug: Skip compress image, progress: 0%
2026-7-3 10:07:29-debug: Init all bundles start..., progress: 0%
2026-7-3 10:07:29-debug: Num of bundles: 3..., progress: 0%
2026-7-3 10:07:29-debug: 查询 Asset Bundle start, progress: 0%
2026-7-3 10:07:29-debug: // ---- build task 查询 Asset Bundle ----
2026-7-3 10:07:29-debug: Init bundle root assets start..., progress: 0%
2026-7-3 10:07:29-debug: Query preload assets/scripts from cc.config.json: 60f7195c-ec2a-45eb-ba94-8955f60e81d0,1c02ae6f-4492-4915-b8f8-7492a3b1e4cd,810e96e4-e456-4468-9b59-f4e8f39732c0,efe8e2a3-eace-427b-b4f1-cb8a937ec77d,e9aa9a3e-5b2b-4ac7-a2c7-073de2b2b24f,8bbdbcdd-5cd4-4100-b6d5-b7c9625b6107,50f4348b-c883-4e2f-8f11-ce233b859fa1,fda095cb-831d-4601-ad94-846013963de8,f92806d7-1768-443f-afe8-12bcde84d0f0,dd3a144d-ab7f-41f0-82b8-2e43a090d496,f0416e68-0200-4b77-a926-4f9d16e494da,511d2633-09a7-4bdd-ac42-f778032124b3,5d45aa00-e064-4938-b314-4265f0c2258c,9361fd90-ba52-4f84-aa93-6e878fd576ca,970b0598-bcb0-4714-91fb-2e81440dccd8,bcd64cc6-2dd9-43f6-abbe-66318d332032,d930590d-bb92-4cc8-8bd1-23cd027f9edf,a3cd009f-0ab0-420d-9278-b9fdab939bbc,6a2d0734-bd9e-4ddf-946e-caa52498cb75,d1346436-ac96-4271-b863-1f4fdead95b0,971bdb23-3ff6-43eb-b422-1c30165a3663,17debcc3-0a6b-4b8a-b00b-dc58b885581e,711ebe11-f673-4cd9-9a83-63c60ba54c5b,c0143906-9aed-447e-9436-2ae8512d1b6e,14da1725-c4c2-42b4-ab08-ee0aeb6898b3,081cab31-dccd-428e-8652-f2404cc81c47,78e0584a-4343-4727-8f37-e14e65c2a2db,ba21476f-2866-4f81-9c4d-6e359316e448,871c3b6c-7379-419d-bda3-794b239ab90d,ff9b0199-ce04-4cfe-86cc-6c719f08d6e4,de1c2107-70c8-4021-8459-6399f24d01c6,cbf30902-517f-40dc-af90-a550bac27cf1,5c601d96-e4c7-4698-991b-7ee674b11079
2026-7-3 10:07:29-debug:   Number of all scenes: 5
2026-7-3 10:07:29-debug:   Number of all scripts: 109
2026-7-3 10:07:29-debug:   Number of other assets: 1152
2026-7-3 10:07:29-debug: Init bundle root assets success..., progress: 0%
2026-7-3 10:07:29-debug: // ---- build task 查询 Asset Bundle ---- (16ms)
2026-7-3 10:07:29-log: run build task 查询 Asset Bundle success in 16 ms√, progress: 5%
2026-7-3 10:07:29-debug: [Build Memory track]: 查询 Asset Bundle start:295.16MB, end 294.78MB, increase: -381.25KB
2026-7-3 10:07:29-debug: 查询 Asset Bundle start, progress: 5%
2026-7-3 10:07:29-debug: // ---- build task 查询 Asset Bundle ----
2026-7-3 10:07:29-debug: // ---- build task 查询 Asset Bundle ---- (8ms)
2026-7-3 10:07:29-log: run build task 查询 Asset Bundle success in 8 ms√, progress: 10%
2026-7-3 10:07:29-debug: [Build Memory track]: 查询 Asset Bundle start:294.82MB, end 294.20MB, increase: -631.32KB
2026-7-3 10:07:29-debug: // ---- build task 整理部分构建选项内数据到 settings.json ----
2026-7-3 10:07:29-debug: 整理部分构建选项内数据到 settings.json start, progress: 10%
2026-7-3 10:07:29-debug: // ---- build task 整理部分构建选项内数据到 settings.json ---- (3ms)
2026-7-3 10:07:29-log: run build task 整理部分构建选项内数据到 settings.json success in 3 ms√, progress: 12%
2026-7-3 10:07:29-debug: [Build Memory track]: 整理部分构建选项内数据到 settings.json start:294.24MB, end 294.27MB, increase: 29.78KB
2026-7-3 10:07:29-debug: 填充脚本数据到 settings.json start, progress: 12%
2026-7-3 10:07:29-debug: // ---- build task 填充脚本数据到 settings.json ----
2026-7-3 10:07:29-debug: // ---- build task 填充脚本数据到 settings.json ---- (1ms)
2026-7-3 10:07:29-log: run build task 填充脚本数据到 settings.json success in 1 ms√, progress: 13%
2026-7-3 10:07:29-debug: [Build Memory track]: 填充脚本数据到 settings.json start:294.30MB, end 294.33MB, increase: 29.17KB
2026-7-3 10:07:29-debug: // ---- build task 整理部分构建选项内数据到 settings.json ----
2026-7-3 10:07:29-debug: 整理部分构建选项内数据到 settings.json start, progress: 13%
2026-7-3 10:07:29-debug: // ---- build task 整理部分构建选项内数据到 settings.json ---- (8ms)
2026-7-3 10:07:29-log: run build task 整理部分构建选项内数据到 settings.json success in 8 ms√, progress: 15%
2026-7-3 10:07:29-debug: [Build Memory track]: 整理部分构建选项内数据到 settings.json start:294.36MB, end 294.44MB, increase: 79.79KB
2026-7-3 10:07:43-debug: refresh db internal success
2026-7-3 10:07:43-debug: refresh db assets success
2026-7-3 10:07:43-debug: Run asset db hook engine-extends:afterRefresh ...
2026-7-3 10:07:43-debug: Run asset db hook engine-extends:afterRefresh success!
2026-7-3 10:07:43-debug: refresh db super-packager success
2026-7-3 10:07:43-debug: asset-db:refresh-all-database (230ms)
2026-7-3 10:07:43-debug: asset-db:worker-effect-data-processing (2ms)
2026-7-3 10:07:43-debug: asset-db-hook-engine-extends-afterRefresh (3ms)
2026-7-3 10:07:47-debug: %cImport%c: D:\工程项目\PlayableAD\Cocos\TheW\20260615_HYQ\HYQ_Project\assets\Scene\Game_3D-002.scenebackground: #aaff85; color: #000;color: #000;
2026-7-3 10:07:47-debug: asset-db:reimport-assetb5805d3a-3b80-4a12-adf5-588e63a7d886 (30ms)
2026-7-3 10:07:48-debug: Query all assets info in project
2026-7-3 10:07:48-debug: init custom config: keepNodeUuid: false, useCache: true
2026-7-3 10:07:48-debug: Skip compress image, progress: 0%
2026-7-3 10:07:48-debug: Init all bundles start..., progress: 0%
2026-7-3 10:07:48-debug: // ---- build task 查询 Asset Bundle ----
2026-7-3 10:07:48-debug: Init bundle root assets start..., progress: 0%
2026-7-3 10:07:48-debug: Num of bundles: 3..., progress: 0%
2026-7-3 10:07:48-debug: 查询 Asset Bundle start, progress: 0%
2026-7-3 10:07:48-debug: Query preload assets/scripts from cc.config.json: 60f7195c-ec2a-45eb-ba94-8955f60e81d0,1c02ae6f-4492-4915-b8f8-7492a3b1e4cd,810e96e4-e456-4468-9b59-f4e8f39732c0,efe8e2a3-eace-427b-b4f1-cb8a937ec77d,e9aa9a3e-5b2b-4ac7-a2c7-073de2b2b24f,8bbdbcdd-5cd4-4100-b6d5-b7c9625b6107,50f4348b-c883-4e2f-8f11-ce233b859fa1,fda095cb-831d-4601-ad94-846013963de8,f92806d7-1768-443f-afe8-12bcde84d0f0,dd3a144d-ab7f-41f0-82b8-2e43a090d496,f0416e68-0200-4b77-a926-4f9d16e494da,511d2633-09a7-4bdd-ac42-f778032124b3,5d45aa00-e064-4938-b314-4265f0c2258c,9361fd90-ba52-4f84-aa93-6e878fd576ca,970b0598-bcb0-4714-91fb-2e81440dccd8,bcd64cc6-2dd9-43f6-abbe-66318d332032,d930590d-bb92-4cc8-8bd1-23cd027f9edf,a3cd009f-0ab0-420d-9278-b9fdab939bbc,6a2d0734-bd9e-4ddf-946e-caa52498cb75,d1346436-ac96-4271-b863-1f4fdead95b0,971bdb23-3ff6-43eb-b422-1c30165a3663,17debcc3-0a6b-4b8a-b00b-dc58b885581e,711ebe11-f673-4cd9-9a83-63c60ba54c5b,c0143906-9aed-447e-9436-2ae8512d1b6e,14da1725-c4c2-42b4-ab08-ee0aeb6898b3,081cab31-dccd-428e-8652-f2404cc81c47,78e0584a-4343-4727-8f37-e14e65c2a2db,ba21476f-2866-4f81-9c4d-6e359316e448,871c3b6c-7379-419d-bda3-794b239ab90d,ff9b0199-ce04-4cfe-86cc-6c719f08d6e4,de1c2107-70c8-4021-8459-6399f24d01c6,cbf30902-517f-40dc-af90-a550bac27cf1,5c601d96-e4c7-4698-991b-7ee674b11079
2026-7-3 10:07:48-debug:   Number of all scenes: 5
2026-7-3 10:07:48-debug:   Number of all scripts: 109
2026-7-3 10:07:48-debug:   Number of other assets: 1152
2026-7-3 10:07:48-debug: Init bundle root assets success..., progress: 0%
2026-7-3 10:07:48-debug: // ---- build task 查询 Asset Bundle ---- (15ms)
2026-7-3 10:07:48-log: run build task 查询 Asset Bundle success in 15 ms√, progress: 5%
2026-7-3 10:07:48-debug: [Build Memory track]: 查询 Asset Bundle start:298.15MB, end 299.69MB, increase: 1.54MB
2026-7-3 10:07:48-debug: 查询 Asset Bundle start, progress: 5%
2026-7-3 10:07:48-debug: // ---- build task 查询 Asset Bundle ----
2026-7-3 10:07:48-debug: // ---- build task 查询 Asset Bundle ---- (7ms)
2026-7-3 10:07:48-log: run build task 查询 Asset Bundle success in 7 ms√, progress: 10%
2026-7-3 10:07:48-debug: [Build Memory track]: 查询 Asset Bundle start:299.72MB, end 299.95MB, increase: 232.05KB
2026-7-3 10:07:48-debug: 整理部分构建选项内数据到 settings.json start, progress: 10%
2026-7-3 10:07:48-debug: // ---- build task 整理部分构建选项内数据到 settings.json ----
2026-7-3 10:07:48-debug: // ---- build task 整理部分构建选项内数据到 settings.json ---- (3ms)
2026-7-3 10:07:48-log: run build task 整理部分构建选项内数据到 settings.json success in 3 ms√, progress: 12%
2026-7-3 10:07:48-debug: [Build Memory track]: 整理部分构建选项内数据到 settings.json start:299.98MB, end 300.01MB, increase: 28.47KB
2026-7-3 10:07:48-debug: 填充脚本数据到 settings.json start, progress: 12%
2026-7-3 10:07:48-debug: // ---- build task 填充脚本数据到 settings.json ----
2026-7-3 10:07:48-debug: // ---- build task 填充脚本数据到 settings.json ---- (4ms)
2026-7-3 10:07:48-log: run build task 填充脚本数据到 settings.json success in 4 ms√, progress: 13%
2026-7-3 10:07:48-debug: [Build Memory track]: 填充脚本数据到 settings.json start:300.04MB, end 300.07MB, increase: 31.36KB
2026-7-3 10:07:48-debug: 整理部分构建选项内数据到 settings.json start, progress: 13%
2026-7-3 10:07:48-debug: // ---- build task 整理部分构建选项内数据到 settings.json ----
2026-7-3 10:07:48-debug: // ---- build task 整理部分构建选项内数据到 settings.json ---- (11ms)
2026-7-3 10:07:48-log: run build task 整理部分构建选项内数据到 settings.json success in 11 ms√, progress: 15%
2026-7-3 10:07:48-debug: [Build Memory track]: 整理部分构建选项内数据到 settings.json start:300.11MB, end 300.17MB, increase: 65.49KB
2026-7-3 10:08:00-debug: refresh db internal success
2026-7-3 10:08:00-debug: refresh db assets success
2026-7-3 10:08:00-debug: refresh db super-packager success
2026-7-3 10:08:00-debug: Run asset db hook engine-extends:afterRefresh ...
2026-7-3 10:08:00-debug: Run asset db hook engine-extends:afterRefresh success!
2026-7-3 10:08:00-debug: asset-db:refresh-all-database (201ms)
2026-7-3 10:08:00-debug: asset-db:worker-effect-data-processing (3ms)
2026-7-3 10:08:00-debug: asset-db-hook-engine-extends-afterRefresh (3ms)
2026-7-3 10:08:02-debug: %cImport%c: D:\工程项目\PlayableAD\Cocos\TheW\20260615_HYQ\HYQ_Project\assets\Scene\Game_3D-002.scenebackground: #aaff85; color: #000;color: #000;
2026-7-3 10:08:02-debug: asset-db:reimport-assetb5805d3a-3b80-4a12-adf5-588e63a7d886 (34ms)
2026-7-3 10:08:03-debug: Query all assets info in project
2026-7-3 10:08:03-debug: init custom config: keepNodeUuid: false, useCache: true
2026-7-3 10:08:03-debug: Skip compress image, progress: 0%
2026-7-3 10:08:03-debug: Init all bundles start..., progress: 0%
2026-7-3 10:08:03-debug: Num of bundles: 3..., progress: 0%
2026-7-3 10:08:03-debug: 查询 Asset Bundle start, progress: 0%
2026-7-3 10:08:03-debug: // ---- build task 查询 Asset Bundle ----
2026-7-3 10:08:03-debug: Init bundle root assets start..., progress: 0%
2026-7-3 10:08:03-debug: Query preload assets/scripts from cc.config.json: 60f7195c-ec2a-45eb-ba94-8955f60e81d0,1c02ae6f-4492-4915-b8f8-7492a3b1e4cd,810e96e4-e456-4468-9b59-f4e8f39732c0,efe8e2a3-eace-427b-b4f1-cb8a937ec77d,e9aa9a3e-5b2b-4ac7-a2c7-073de2b2b24f,8bbdbcdd-5cd4-4100-b6d5-b7c9625b6107,50f4348b-c883-4e2f-8f11-ce233b859fa1,fda095cb-831d-4601-ad94-846013963de8,f92806d7-1768-443f-afe8-12bcde84d0f0,dd3a144d-ab7f-41f0-82b8-2e43a090d496,f0416e68-0200-4b77-a926-4f9d16e494da,511d2633-09a7-4bdd-ac42-f778032124b3,5d45aa00-e064-4938-b314-4265f0c2258c,9361fd90-ba52-4f84-aa93-6e878fd576ca,970b0598-bcb0-4714-91fb-2e81440dccd8,bcd64cc6-2dd9-43f6-abbe-66318d332032,d930590d-bb92-4cc8-8bd1-23cd027f9edf,a3cd009f-0ab0-420d-9278-b9fdab939bbc,6a2d0734-bd9e-4ddf-946e-caa52498cb75,d1346436-ac96-4271-b863-1f4fdead95b0,971bdb23-3ff6-43eb-b422-1c30165a3663,17debcc3-0a6b-4b8a-b00b-dc58b885581e,711ebe11-f673-4cd9-9a83-63c60ba54c5b,c0143906-9aed-447e-9436-2ae8512d1b6e,14da1725-c4c2-42b4-ab08-ee0aeb6898b3,081cab31-dccd-428e-8652-f2404cc81c47,78e0584a-4343-4727-8f37-e14e65c2a2db,ba21476f-2866-4f81-9c4d-6e359316e448,871c3b6c-7379-419d-bda3-794b239ab90d,ff9b0199-ce04-4cfe-86cc-6c719f08d6e4,de1c2107-70c8-4021-8459-6399f24d01c6,cbf30902-517f-40dc-af90-a550bac27cf1,5c601d96-e4c7-4698-991b-7ee674b11079
2026-7-3 10:08:03-debug:   Number of all scenes: 5
2026-7-3 10:08:03-debug:   Number of all scripts: 109
2026-7-3 10:08:03-debug: Init bundle root assets success..., progress: 0%
2026-7-3 10:08:03-debug:   Number of other assets: 1152
2026-7-3 10:08:03-debug: [Build Memory track]: 查询 Asset Bundle start:276.25MB, end 277.83MB, increase: 1.58MB
2026-7-3 10:08:03-debug: 查询 Asset Bundle start, progress: 5%
2026-7-3 10:08:03-debug: // ---- build task 查询 Asset Bundle ---- (16ms)
2026-7-3 10:08:03-log: run build task 查询 Asset Bundle success in 16 ms√, progress: 5%
2026-7-3 10:08:03-debug: // ---- build task 查询 Asset Bundle ----
2026-7-3 10:08:03-debug: // ---- build task 查询 Asset Bundle ---- (6ms)
2026-7-3 10:08:03-log: run build task 查询 Asset Bundle success in 6 ms√, progress: 10%
2026-7-3 10:08:03-debug: [Build Memory track]: 查询 Asset Bundle start:277.87MB, end 278.09MB, increase: 232.43KB
2026-7-3 10:08:03-debug: 整理部分构建选项内数据到 settings.json start, progress: 10%
2026-7-3 10:08:03-debug: // ---- build task 整理部分构建选项内数据到 settings.json ----
2026-7-3 10:08:03-log: run build task 整理部分构建选项内数据到 settings.json success in 2 ms√, progress: 12%
2026-7-3 10:08:03-debug: [Build Memory track]: 整理部分构建选项内数据到 settings.json start:278.13MB, end 278.16MB, increase: 29.86KB
2026-7-3 10:08:03-debug: 填充脚本数据到 settings.json start, progress: 12%
2026-7-3 10:08:03-debug: // ---- build task 整理部分构建选项内数据到 settings.json ---- (2ms)
2026-7-3 10:08:03-debug: // ---- build task 填充脚本数据到 settings.json ----
2026-7-3 10:08:03-debug: // ---- build task 填充脚本数据到 settings.json ---- (2ms)
2026-7-3 10:08:03-log: run build task 填充脚本数据到 settings.json success in 2 ms√, progress: 13%
2026-7-3 10:08:03-debug: [Build Memory track]: 填充脚本数据到 settings.json start:278.19MB, end 278.22MB, increase: 29.23KB
2026-7-3 10:08:03-debug: 整理部分构建选项内数据到 settings.json start, progress: 13%
2026-7-3 10:08:03-debug: // ---- build task 整理部分构建选项内数据到 settings.json ----
2026-7-3 10:08:03-debug: // ---- build task 整理部分构建选项内数据到 settings.json ---- (17ms)
2026-7-3 10:08:03-log: run build task 整理部分构建选项内数据到 settings.json success in 17 ms√, progress: 15%
2026-7-3 10:08:03-debug: [Build Memory track]: 整理部分构建选项内数据到 settings.json start:278.25MB, end 278.32MB, increase: 71.79KB
2026-7-3 10:11:29-debug: refresh db internal success
2026-7-3 10:11:29-debug: refresh db assets success
2026-7-3 10:11:29-debug: refresh db super-packager success
2026-7-3 10:11:29-debug: Run asset db hook engine-extends:afterRefresh ...
2026-7-3 10:11:29-debug: Run asset db hook engine-extends:afterRefresh success!
2026-7-3 10:11:29-debug: asset-db:worker-effect-data-processing (1ms)
2026-7-3 10:11:29-debug: asset-db:refresh-all-database (268ms)
2026-7-3 10:11:29-debug: asset-db-hook-engine-extends-afterRefresh (1ms)
2026-7-3 10:11:32-debug: refresh db internal success
2026-7-3 10:11:32-debug: refresh db assets success
2026-7-3 10:11:32-debug: refresh db super-packager success
2026-7-3 10:11:32-debug: Run asset db hook engine-extends:afterRefresh ...
2026-7-3 10:11:32-debug: Run asset db hook engine-extends:afterRefresh success!
2026-7-3 10:11:32-debug: asset-db:refresh-all-database (197ms)
2026-7-3 10:11:32-debug: asset-db:worker-effect-data-processing (1ms)
2026-7-3 10:11:32-debug: asset-db-hook-engine-extends-afterRefresh (2ms)
2026-7-3 10:11:36-debug: refresh db internal success
2026-7-3 10:11:36-debug: refresh db assets success
2026-7-3 10:11:36-debug: refresh db super-packager success
2026-7-3 10:11:36-debug: Run asset db hook engine-extends:afterRefresh ...
2026-7-3 10:11:36-debug: Run asset db hook engine-extends:afterRefresh success!
2026-7-3 10:11:36-debug: asset-db:refresh-all-database (196ms)
2026-7-3 10:11:36-debug: asset-db:worker-effect-data-processing (2ms)
2026-7-3 10:11:36-debug: asset-db-hook-engine-extends-afterRefresh (2ms)
2026-7-3 10:11:48-debug: refresh db internal success
2026-7-3 10:11:48-debug: refresh db assets success
2026-7-3 10:11:48-debug: refresh db super-packager success
2026-7-3 10:11:48-debug: Run asset db hook engine-extends:afterRefresh ...
2026-7-3 10:11:48-debug: Run asset db hook engine-extends:afterRefresh success!
2026-7-3 10:11:48-debug: asset-db:refresh-all-database (174ms)
2026-7-3 10:11:48-debug: asset-db:worker-effect-data-processing (1ms)
2026-7-3 10:11:48-debug: asset-db-hook-engine-extends-afterRefresh (2ms)
2026-7-3 10:11:53-debug: refresh db internal success
2026-7-3 10:11:53-debug: refresh db assets success
2026-7-3 10:11:53-debug: refresh db super-packager success
2026-7-3 10:11:53-debug: Run asset db hook engine-extends:afterRefresh ...
2026-7-3 10:11:53-debug: Run asset db hook engine-extends:afterRefresh success!
2026-7-3 10:11:53-debug: asset-db:refresh-all-database (176ms)
2026-7-3 10:11:53-debug: asset-db:worker-effect-data-processing (2ms)
2026-7-3 10:11:53-debug: asset-db-hook-engine-extends-afterRefresh (2ms)
2026-7-3 10:12:03-debug: Query all assets info in project
2026-7-3 10:12:03-debug: init custom config: keepNodeUuid: false, useCache: true
2026-7-3 10:12:03-debug: Skip compress image, progress: 0%
2026-7-3 10:12:03-debug: 查询 Asset Bundle start, progress: 0%
2026-7-3 10:12:03-debug: // ---- build task 查询 Asset Bundle ----
2026-7-3 10:12:03-debug: Init all bundles start..., progress: 0%
2026-7-3 10:12:03-debug: Num of bundles: 3..., progress: 0%
2026-7-3 10:12:03-debug: Init bundle root assets start..., progress: 0%
2026-7-3 10:12:03-debug: Query preload assets/scripts from cc.config.json: 60f7195c-ec2a-45eb-ba94-8955f60e81d0,1c02ae6f-4492-4915-b8f8-7492a3b1e4cd,810e96e4-e456-4468-9b59-f4e8f39732c0,efe8e2a3-eace-427b-b4f1-cb8a937ec77d,e9aa9a3e-5b2b-4ac7-a2c7-073de2b2b24f,8bbdbcdd-5cd4-4100-b6d5-b7c9625b6107,50f4348b-c883-4e2f-8f11-ce233b859fa1,fda095cb-831d-4601-ad94-846013963de8,f92806d7-1768-443f-afe8-12bcde84d0f0,dd3a144d-ab7f-41f0-82b8-2e43a090d496,f0416e68-0200-4b77-a926-4f9d16e494da,511d2633-09a7-4bdd-ac42-f778032124b3,5d45aa00-e064-4938-b314-4265f0c2258c,9361fd90-ba52-4f84-aa93-6e878fd576ca,970b0598-bcb0-4714-91fb-2e81440dccd8,bcd64cc6-2dd9-43f6-abbe-66318d332032,d930590d-bb92-4cc8-8bd1-23cd027f9edf,a3cd009f-0ab0-420d-9278-b9fdab939bbc,6a2d0734-bd9e-4ddf-946e-caa52498cb75,d1346436-ac96-4271-b863-1f4fdead95b0,971bdb23-3ff6-43eb-b422-1c30165a3663,17debcc3-0a6b-4b8a-b00b-dc58b885581e,711ebe11-f673-4cd9-9a83-63c60ba54c5b,c0143906-9aed-447e-9436-2ae8512d1b6e,14da1725-c4c2-42b4-ab08-ee0aeb6898b3,081cab31-dccd-428e-8652-f2404cc81c47,78e0584a-4343-4727-8f37-e14e65c2a2db,ba21476f-2866-4f81-9c4d-6e359316e448,871c3b6c-7379-419d-bda3-794b239ab90d,ff9b0199-ce04-4cfe-86cc-6c719f08d6e4,de1c2107-70c8-4021-8459-6399f24d01c6,cbf30902-517f-40dc-af90-a550bac27cf1,5c601d96-e4c7-4698-991b-7ee674b11079
2026-7-3 10:12:03-debug:   Number of all scenes: 5
2026-7-3 10:12:03-debug:   Number of other assets: 1152
2026-7-3 10:12:03-debug: Init bundle root assets success..., progress: 0%
2026-7-3 10:12:03-debug:   Number of all scripts: 109
2026-7-3 10:12:03-debug: // ---- build task 查询 Asset Bundle ---- (11ms)
2026-7-3 10:12:03-log: run build task 查询 Asset Bundle success in 11 ms√, progress: 5%
2026-7-3 10:12:03-debug: // ---- build task 查询 Asset Bundle ----
2026-7-3 10:12:03-debug: [Build Memory track]: 查询 Asset Bundle start:283.17MB, end 280.69MB, increase: -2533.87KB
2026-7-3 10:12:03-debug: 查询 Asset Bundle start, progress: 5%
2026-7-3 10:12:03-debug: // ---- build task 查询 Asset Bundle ---- (5ms)
2026-7-3 10:12:03-log: run build task 查询 Asset Bundle success in 5 ms√, progress: 10%
2026-7-3 10:12:03-debug: // ---- build task 整理部分构建选项内数据到 settings.json ----
2026-7-3 10:12:03-debug: 整理部分构建选项内数据到 settings.json start, progress: 10%
2026-7-3 10:12:03-debug: [Build Memory track]: 查询 Asset Bundle start:280.73MB, end 280.07MB, increase: -679.25KB
2026-7-3 10:12:03-log: run build task 整理部分构建选项内数据到 settings.json success in √, progress: 12%
2026-7-3 10:12:03-debug: [Build Memory track]: 整理部分构建选项内数据到 settings.json start:280.10MB, end 280.12MB, increase: 18.48KB
2026-7-3 10:12:03-debug: // ---- build task 填充脚本数据到 settings.json ----
2026-7-3 10:12:03-debug: 填充脚本数据到 settings.json start, progress: 12%
2026-7-3 10:12:03-debug: // ---- build task 填充脚本数据到 settings.json ---- (2ms)
2026-7-3 10:12:03-log: run build task 填充脚本数据到 settings.json success in 2 ms√, progress: 13%
2026-7-3 10:12:03-debug: [Build Memory track]: 填充脚本数据到 settings.json start:280.16MB, end 280.18MB, increase: 28.49KB
2026-7-3 10:12:03-debug: 整理部分构建选项内数据到 settings.json start, progress: 13%
2026-7-3 10:12:03-debug: // ---- build task 整理部分构建选项内数据到 settings.json ----
2026-7-3 10:12:03-debug: // ---- build task 整理部分构建选项内数据到 settings.json ---- (6ms)
2026-7-3 10:12:03-log: run build task 整理部分构建选项内数据到 settings.json success in 6 ms√, progress: 15%
2026-7-3 10:12:03-debug: [Build Memory track]: 整理部分构建选项内数据到 settings.json start:280.22MB, end 280.29MB, increase: 75.00KB
2026-7-3 10:13:04-debug: refresh db internal success
2026-7-3 10:13:05-debug: refresh db assets success
2026-7-3 10:13:05-debug: refresh db super-packager success
2026-7-3 10:13:05-debug: Run asset db hook engine-extends:afterRefresh ...
2026-7-3 10:13:05-debug: Run asset db hook engine-extends:afterRefresh success!
2026-7-3 10:13:05-debug: asset-db:refresh-all-database (267ms)
2026-7-3 10:13:05-debug: asset-db:worker-effect-data-processing (3ms)
2026-7-3 10:13:05-debug: asset-db-hook-engine-extends-afterRefresh (4ms)
2026-7-3 10:13:13-debug: %cImport%c: D:\工程项目\PlayableAD\Cocos\TheW\20260615_HYQ\HYQ_Project\assets\Scene\Game_3D-002.scenebackground: #aaff85; color: #000;color: #000;
2026-7-3 10:13:13-debug: asset-db:reimport-assetb5805d3a-3b80-4a12-adf5-588e63a7d886 (31ms)
2026-7-3 10:13:13-debug: Query all assets info in project
2026-7-3 10:13:13-debug: init custom config: keepNodeUuid: false, useCache: true
2026-7-3 10:13:13-debug: Skip compress image, progress: 0%
2026-7-3 10:13:13-debug: Init all bundles start..., progress: 0%
2026-7-3 10:13:13-debug: // ---- build task 查询 Asset Bundle ----
2026-7-3 10:13:13-debug: Init bundle root assets start..., progress: 0%
2026-7-3 10:13:13-debug: 查询 Asset Bundle start, progress: 0%
2026-7-3 10:13:13-debug: Num of bundles: 3..., progress: 0%
2026-7-3 10:13:13-debug: Query preload assets/scripts from cc.config.json: 60f7195c-ec2a-45eb-ba94-8955f60e81d0,1c02ae6f-4492-4915-b8f8-7492a3b1e4cd,810e96e4-e456-4468-9b59-f4e8f39732c0,efe8e2a3-eace-427b-b4f1-cb8a937ec77d,e9aa9a3e-5b2b-4ac7-a2c7-073de2b2b24f,8bbdbcdd-5cd4-4100-b6d5-b7c9625b6107,50f4348b-c883-4e2f-8f11-ce233b859fa1,fda095cb-831d-4601-ad94-846013963de8,f92806d7-1768-443f-afe8-12bcde84d0f0,dd3a144d-ab7f-41f0-82b8-2e43a090d496,f0416e68-0200-4b77-a926-4f9d16e494da,511d2633-09a7-4bdd-ac42-f778032124b3,5d45aa00-e064-4938-b314-4265f0c2258c,9361fd90-ba52-4f84-aa93-6e878fd576ca,970b0598-bcb0-4714-91fb-2e81440dccd8,bcd64cc6-2dd9-43f6-abbe-66318d332032,d930590d-bb92-4cc8-8bd1-23cd027f9edf,a3cd009f-0ab0-420d-9278-b9fdab939bbc,6a2d0734-bd9e-4ddf-946e-caa52498cb75,d1346436-ac96-4271-b863-1f4fdead95b0,971bdb23-3ff6-43eb-b422-1c30165a3663,17debcc3-0a6b-4b8a-b00b-dc58b885581e,711ebe11-f673-4cd9-9a83-63c60ba54c5b,c0143906-9aed-447e-9436-2ae8512d1b6e,14da1725-c4c2-42b4-ab08-ee0aeb6898b3,081cab31-dccd-428e-8652-f2404cc81c47,78e0584a-4343-4727-8f37-e14e65c2a2db,ba21476f-2866-4f81-9c4d-6e359316e448,871c3b6c-7379-419d-bda3-794b239ab90d,ff9b0199-ce04-4cfe-86cc-6c719f08d6e4,de1c2107-70c8-4021-8459-6399f24d01c6,cbf30902-517f-40dc-af90-a550bac27cf1,5c601d96-e4c7-4698-991b-7ee674b11079
2026-7-3 10:13:13-debug:   Number of all scripts: 109
2026-7-3 10:13:13-debug:   Number of other assets: 1152
2026-7-3 10:13:13-debug: Init bundle root assets success..., progress: 0%
2026-7-3 10:13:13-debug:   Number of all scenes: 5
2026-7-3 10:13:13-debug: // ---- build task 查询 Asset Bundle ---- (13ms)
2026-7-3 10:13:13-log: run build task 查询 Asset Bundle success in 13 ms√, progress: 5%
2026-7-3 10:13:13-debug: // ---- build task 查询 Asset Bundle ----
2026-7-3 10:13:13-debug: [Build Memory track]: 查询 Asset Bundle start:283.56MB, end 284.22MB, increase: 675.17KB
2026-7-3 10:13:13-debug: 查询 Asset Bundle start, progress: 5%
2026-7-3 10:13:13-debug: // ---- build task 查询 Asset Bundle ---- (5ms)
2026-7-3 10:13:13-log: run build task 查询 Asset Bundle success in 5 ms√, progress: 10%
2026-7-3 10:13:13-debug: // ---- build task 整理部分构建选项内数据到 settings.json ----
2026-7-3 10:13:13-debug: [Build Memory track]: 查询 Asset Bundle start:284.25MB, end 283.74MB, increase: -519.59KB
2026-7-3 10:13:13-debug: 整理部分构建选项内数据到 settings.json start, progress: 10%
2026-7-3 10:13:13-debug: // ---- build task 整理部分构建选项内数据到 settings.json ---- (1ms)
2026-7-3 10:13:13-log: run build task 整理部分构建选项内数据到 settings.json success in 1 ms√, progress: 12%
2026-7-3 10:13:13-debug: // ---- build task 填充脚本数据到 settings.json ----
2026-7-3 10:13:13-debug: [Build Memory track]: 整理部分构建选项内数据到 settings.json start:283.78MB, end 283.81MB, increase: 29.78KB
2026-7-3 10:13:13-debug: 填充脚本数据到 settings.json start, progress: 12%
2026-7-3 10:13:13-debug: // ---- build task 填充脚本数据到 settings.json ---- (3ms)
2026-7-3 10:13:13-log: run build task 填充脚本数据到 settings.json success in 3 ms√, progress: 13%
2026-7-3 10:13:13-debug: [Build Memory track]: 填充脚本数据到 settings.json start:283.84MB, end 283.87MB, increase: 29.20KB
2026-7-3 10:13:13-debug: 整理部分构建选项内数据到 settings.json start, progress: 13%
2026-7-3 10:13:13-debug: // ---- build task 整理部分构建选项内数据到 settings.json ----
2026-7-3 10:13:13-debug: // ---- build task 整理部分构建选项内数据到 settings.json ---- (8ms)
2026-7-3 10:13:13-log: run build task 整理部分构建选项内数据到 settings.json success in 8 ms√, progress: 15%
2026-7-3 10:13:13-debug: [Build Memory track]: 整理部分构建选项内数据到 settings.json start:283.90MB, end 283.97MB, increase: 65.54KB
2026-7-3 10:13:59-debug: refresh db internal success
2026-7-3 10:13:59-debug: refresh db assets success
2026-7-3 10:13:59-debug: refresh db super-packager success
2026-7-3 10:13:59-debug: Run asset db hook engine-extends:afterRefresh ...
2026-7-3 10:13:59-debug: Run asset db hook engine-extends:afterRefresh success!
2026-7-3 10:13:59-debug: asset-db:refresh-all-database (251ms)
2026-7-3 10:13:59-debug: asset-db:worker-effect-data-processing (2ms)
2026-7-3 10:13:59-debug: asset-db-hook-engine-extends-afterRefresh (2ms)
2026-7-3 10:14:03-debug: %cImport%c: D:\工程项目\PlayableAD\Cocos\TheW\20260615_HYQ\HYQ_Project\assets\Scene\Game_3D-002.scenebackground: #aaff85; color: #000;color: #000;
2026-7-3 10:14:03-debug: asset-db:reimport-assetb5805d3a-3b80-4a12-adf5-588e63a7d886 (33ms)
2026-7-3 10:14:04-debug: Query all assets info in project
2026-7-3 10:14:04-debug: Skip compress image, progress: 0%
2026-7-3 10:14:04-debug: init custom config: keepNodeUuid: false, useCache: true
2026-7-3 10:14:04-debug: Init all bundles start..., progress: 0%
2026-7-3 10:14:04-debug: // ---- build task 查询 Asset Bundle ----
2026-7-3 10:14:04-debug: Init bundle root assets start..., progress: 0%
2026-7-3 10:14:04-debug: 查询 Asset Bundle start, progress: 0%
2026-7-3 10:14:04-debug: Num of bundles: 3..., progress: 0%
2026-7-3 10:14:04-debug: Query preload assets/scripts from cc.config.json: 60f7195c-ec2a-45eb-ba94-8955f60e81d0,1c02ae6f-4492-4915-b8f8-7492a3b1e4cd,810e96e4-e456-4468-9b59-f4e8f39732c0,efe8e2a3-eace-427b-b4f1-cb8a937ec77d,e9aa9a3e-5b2b-4ac7-a2c7-073de2b2b24f,8bbdbcdd-5cd4-4100-b6d5-b7c9625b6107,50f4348b-c883-4e2f-8f11-ce233b859fa1,fda095cb-831d-4601-ad94-846013963de8,f92806d7-1768-443f-afe8-12bcde84d0f0,dd3a144d-ab7f-41f0-82b8-2e43a090d496,f0416e68-0200-4b77-a926-4f9d16e494da,511d2633-09a7-4bdd-ac42-f778032124b3,5d45aa00-e064-4938-b314-4265f0c2258c,9361fd90-ba52-4f84-aa93-6e878fd576ca,970b0598-bcb0-4714-91fb-2e81440dccd8,bcd64cc6-2dd9-43f6-abbe-66318d332032,d930590d-bb92-4cc8-8bd1-23cd027f9edf,a3cd009f-0ab0-420d-9278-b9fdab939bbc,6a2d0734-bd9e-4ddf-946e-caa52498cb75,d1346436-ac96-4271-b863-1f4fdead95b0,971bdb23-3ff6-43eb-b422-1c30165a3663,17debcc3-0a6b-4b8a-b00b-dc58b885581e,711ebe11-f673-4cd9-9a83-63c60ba54c5b,c0143906-9aed-447e-9436-2ae8512d1b6e,14da1725-c4c2-42b4-ab08-ee0aeb6898b3,081cab31-dccd-428e-8652-f2404cc81c47,78e0584a-4343-4727-8f37-e14e65c2a2db,ba21476f-2866-4f81-9c4d-6e359316e448,871c3b6c-7379-419d-bda3-794b239ab90d,ff9b0199-ce04-4cfe-86cc-6c719f08d6e4,de1c2107-70c8-4021-8459-6399f24d01c6,cbf30902-517f-40dc-af90-a550bac27cf1,5c601d96-e4c7-4698-991b-7ee674b11079
2026-7-3 10:14:04-debug:   Number of all scenes: 5
2026-7-3 10:14:04-debug:   Number of other assets: 1152
2026-7-3 10:14:04-debug: Init bundle root assets success..., progress: 0%
2026-7-3 10:14:04-debug:   Number of all scripts: 109
2026-7-3 10:14:04-debug: // ---- build task 查询 Asset Bundle ---- (14ms)
2026-7-3 10:14:04-log: run build task 查询 Asset Bundle success in 14 ms√, progress: 5%
2026-7-3 10:14:04-debug: 查询 Asset Bundle start, progress: 5%
2026-7-3 10:14:04-debug: // ---- build task 查询 Asset Bundle ----
2026-7-3 10:14:04-debug: [Build Memory track]: 查询 Asset Bundle start:289.78MB, end 287.03MB, increase: -2818.82KB
2026-7-3 10:14:04-debug: // ---- build task 查询 Asset Bundle ---- (6ms)
2026-7-3 10:14:04-log: run build task 查询 Asset Bundle success in 6 ms√, progress: 10%
2026-7-3 10:14:04-debug: // ---- build task 整理部分构建选项内数据到 settings.json ----
2026-7-3 10:14:04-debug: [Build Memory track]: 查询 Asset Bundle start:287.06MB, end 287.29MB, increase: 230.70KB
2026-7-3 10:14:04-debug: 整理部分构建选项内数据到 settings.json start, progress: 10%
2026-7-3 10:14:04-debug: // ---- build task 整理部分构建选项内数据到 settings.json ---- (1ms)
2026-7-3 10:14:04-log: run build task 整理部分构建选项内数据到 settings.json success in 1 ms√, progress: 12%
2026-7-3 10:14:04-debug: 填充脚本数据到 settings.json start, progress: 12%
2026-7-3 10:14:04-debug: [Build Memory track]: 整理部分构建选项内数据到 settings.json start:287.32MB, end 287.35MB, increase: 29.81KB
2026-7-3 10:14:04-debug: // ---- build task 填充脚本数据到 settings.json ----
2026-7-3 10:14:04-debug: // ---- build task 填充脚本数据到 settings.json ---- (1ms)
2026-7-3 10:14:04-log: run build task 填充脚本数据到 settings.json success in 1 ms√, progress: 13%
2026-7-3 10:14:04-debug: // ---- build task 整理部分构建选项内数据到 settings.json ----
2026-7-3 10:14:04-debug: 整理部分构建选项内数据到 settings.json start, progress: 13%
2026-7-3 10:14:04-debug: [Build Memory track]: 填充脚本数据到 settings.json start:287.39MB, end 287.42MB, increase: 29.17KB
2026-7-3 10:14:04-debug: // ---- build task 整理部分构建选项内数据到 settings.json ---- (8ms)
2026-7-3 10:14:04-log: run build task 整理部分构建选项内数据到 settings.json success in 8 ms√, progress: 15%
2026-7-3 10:14:04-debug: [Build Memory track]: 整理部分构建选项内数据到 settings.json start:287.45MB, end 287.51MB, increase: 65.53KB
2026-7-3 10:15:21-debug: %cImport%c: D:\工程项目\PlayableAD\Cocos\TheW\20260615_HYQ\HYQ_Project\assets\Scene\Game_3D-002.scenebackground: #aaff85; color: #000;color: #000;
2026-7-3 10:15:21-debug: asset-db:reimport-assetb5805d3a-3b80-4a12-adf5-588e63a7d886 (35ms)
2026-7-3 10:15:22-debug: Query all assets info in project
2026-7-3 10:15:22-debug: init custom config: keepNodeUuid: false, useCache: true
2026-7-3 10:15:22-debug: Skip compress image, progress: 0%
2026-7-3 10:15:22-debug: Init all bundles start..., progress: 0%
2026-7-3 10:15:22-debug: Num of bundles: 3..., progress: 0%
2026-7-3 10:15:22-debug: 查询 Asset Bundle start, progress: 0%
2026-7-3 10:15:22-debug: // ---- build task 查询 Asset Bundle ----
2026-7-3 10:15:22-debug: Init bundle root assets start..., progress: 0%
2026-7-3 10:15:22-debug: Query preload assets/scripts from cc.config.json: 60f7195c-ec2a-45eb-ba94-8955f60e81d0,1c02ae6f-4492-4915-b8f8-7492a3b1e4cd,810e96e4-e456-4468-9b59-f4e8f39732c0,efe8e2a3-eace-427b-b4f1-cb8a937ec77d,e9aa9a3e-5b2b-4ac7-a2c7-073de2b2b24f,8bbdbcdd-5cd4-4100-b6d5-b7c9625b6107,50f4348b-c883-4e2f-8f11-ce233b859fa1,fda095cb-831d-4601-ad94-846013963de8,f92806d7-1768-443f-afe8-12bcde84d0f0,dd3a144d-ab7f-41f0-82b8-2e43a090d496,f0416e68-0200-4b77-a926-4f9d16e494da,511d2633-09a7-4bdd-ac42-f778032124b3,5d45aa00-e064-4938-b314-4265f0c2258c,9361fd90-ba52-4f84-aa93-6e878fd576ca,970b0598-bcb0-4714-91fb-2e81440dccd8,bcd64cc6-2dd9-43f6-abbe-66318d332032,d930590d-bb92-4cc8-8bd1-23cd027f9edf,a3cd009f-0ab0-420d-9278-b9fdab939bbc,6a2d0734-bd9e-4ddf-946e-caa52498cb75,d1346436-ac96-4271-b863-1f4fdead95b0,971bdb23-3ff6-43eb-b422-1c30165a3663,17debcc3-0a6b-4b8a-b00b-dc58b885581e,711ebe11-f673-4cd9-9a83-63c60ba54c5b,c0143906-9aed-447e-9436-2ae8512d1b6e,14da1725-c4c2-42b4-ab08-ee0aeb6898b3,081cab31-dccd-428e-8652-f2404cc81c47,78e0584a-4343-4727-8f37-e14e65c2a2db,ba21476f-2866-4f81-9c4d-6e359316e448,871c3b6c-7379-419d-bda3-794b239ab90d,ff9b0199-ce04-4cfe-86cc-6c719f08d6e4,de1c2107-70c8-4021-8459-6399f24d01c6,cbf30902-517f-40dc-af90-a550bac27cf1,5c601d96-e4c7-4698-991b-7ee674b11079
2026-7-3 10:15:22-debug:   Number of all scenes: 5
2026-7-3 10:15:22-debug:   Number of all scripts: 109
2026-7-3 10:15:22-debug:   Number of other assets: 1152
2026-7-3 10:15:22-debug: Init bundle root assets success..., progress: 0%
2026-7-3 10:15:22-debug: // ---- build task 查询 Asset Bundle ---- (15ms)
2026-7-3 10:15:22-log: run build task 查询 Asset Bundle success in 15 ms√, progress: 5%
2026-7-3 10:15:22-debug: [Build Memory track]: 查询 Asset Bundle start:287.78MB, end 287.71MB, increase: -71.06KB
2026-7-3 10:15:22-debug: 查询 Asset Bundle start, progress: 5%
2026-7-3 10:15:22-debug: // ---- build task 查询 Asset Bundle ----
2026-7-3 10:15:22-debug: // ---- build task 查询 Asset Bundle ---- (6ms)
2026-7-3 10:15:22-debug: [Build Memory track]: 查询 Asset Bundle start:287.75MB, end 287.97MB, increase: 230.62KB
2026-7-3 10:15:22-debug: 整理部分构建选项内数据到 settings.json start, progress: 10%
2026-7-3 10:15:22-debug: // ---- build task 整理部分构建选项内数据到 settings.json ----
2026-7-3 10:15:22-log: run build task 查询 Asset Bundle success in 6 ms√, progress: 10%
2026-7-3 10:15:22-debug: // ---- build task 整理部分构建选项内数据到 settings.json ---- (2ms)
2026-7-3 10:15:22-debug: [Build Memory track]: 整理部分构建选项内数据到 settings.json start:288.01MB, end 288.03MB, increase: 29.74KB
2026-7-3 10:15:22-log: run build task 整理部分构建选项内数据到 settings.json success in 2 ms√, progress: 12%
2026-7-3 10:15:22-debug: 填充脚本数据到 settings.json start, progress: 12%
2026-7-3 10:15:22-debug: // ---- build task 填充脚本数据到 settings.json ----
2026-7-3 10:15:22-debug: // ---- build task 填充脚本数据到 settings.json ---- (2ms)
2026-7-3 10:15:22-log: run build task 填充脚本数据到 settings.json success in 2 ms√, progress: 13%
2026-7-3 10:15:22-debug: [Build Memory track]: 填充脚本数据到 settings.json start:288.07MB, end 288.10MB, increase: 29.29KB
2026-7-3 10:15:22-debug: 整理部分构建选项内数据到 settings.json start, progress: 13%
2026-7-3 10:15:22-debug: // ---- build task 整理部分构建选项内数据到 settings.json ----
2026-7-3 10:15:22-debug: // ---- build task 整理部分构建选项内数据到 settings.json ---- (6ms)
2026-7-3 10:15:22-log: run build task 整理部分构建选项内数据到 settings.json success in 6 ms√, progress: 15%
2026-7-3 10:15:22-debug: [Build Memory track]: 整理部分构建选项内数据到 settings.json start:288.13MB, end 288.20MB, increase: 65.50KB
2026-7-3 10:16:29-debug: refresh db internal success
2026-7-3 10:16:29-debug: refresh db assets success
2026-7-3 10:16:29-debug: refresh db super-packager success
2026-7-3 10:16:29-debug: Run asset db hook engine-extends:afterRefresh ...
2026-7-3 10:16:29-debug: Run asset db hook engine-extends:afterRefresh success!
2026-7-3 10:16:29-debug: asset-db:refresh-all-database (272ms)
2026-7-3 10:16:29-debug: asset-db:worker-effect-data-processing (3ms)
2026-7-3 10:16:29-debug: asset-db-hook-engine-extends-afterRefresh (4ms)
2026-7-3 10:17:02-debug: %cImport%c: D:\工程项目\PlayableAD\Cocos\TheW\20260615_HYQ\HYQ_Project\assets\Scene\Game_3D-002.scenebackground: #aaff85; color: #000;color: #000;
2026-7-3 10:17:02-debug: asset-db:reimport-assetb5805d3a-3b80-4a12-adf5-588e63a7d886 (43ms)
2026-7-3 10:17:03-debug: Query all assets info in project
2026-7-3 10:17:03-debug: init custom config: keepNodeUuid: false, useCache: true
2026-7-3 10:17:03-debug: Skip compress image, progress: 0%
2026-7-3 10:17:03-debug: Init all bundles start..., progress: 0%
2026-7-3 10:17:03-debug: // ---- build task 查询 Asset Bundle ----
2026-7-3 10:17:03-debug: Init bundle root assets start..., progress: 0%
2026-7-3 10:17:03-debug: Num of bundles: 3..., progress: 0%
2026-7-3 10:17:03-debug: 查询 Asset Bundle start, progress: 0%
2026-7-3 10:17:03-debug: Query preload assets/scripts from cc.config.json: 60f7195c-ec2a-45eb-ba94-8955f60e81d0,1c02ae6f-4492-4915-b8f8-7492a3b1e4cd,810e96e4-e456-4468-9b59-f4e8f39732c0,efe8e2a3-eace-427b-b4f1-cb8a937ec77d,e9aa9a3e-5b2b-4ac7-a2c7-073de2b2b24f,8bbdbcdd-5cd4-4100-b6d5-b7c9625b6107,50f4348b-c883-4e2f-8f11-ce233b859fa1,fda095cb-831d-4601-ad94-846013963de8,f92806d7-1768-443f-afe8-12bcde84d0f0,dd3a144d-ab7f-41f0-82b8-2e43a090d496,f0416e68-0200-4b77-a926-4f9d16e494da,511d2633-09a7-4bdd-ac42-f778032124b3,5d45aa00-e064-4938-b314-4265f0c2258c,9361fd90-ba52-4f84-aa93-6e878fd576ca,970b0598-bcb0-4714-91fb-2e81440dccd8,bcd64cc6-2dd9-43f6-abbe-66318d332032,d930590d-bb92-4cc8-8bd1-23cd027f9edf,a3cd009f-0ab0-420d-9278-b9fdab939bbc,6a2d0734-bd9e-4ddf-946e-caa52498cb75,d1346436-ac96-4271-b863-1f4fdead95b0,971bdb23-3ff6-43eb-b422-1c30165a3663,17debcc3-0a6b-4b8a-b00b-dc58b885581e,711ebe11-f673-4cd9-9a83-63c60ba54c5b,c0143906-9aed-447e-9436-2ae8512d1b6e,14da1725-c4c2-42b4-ab08-ee0aeb6898b3,081cab31-dccd-428e-8652-f2404cc81c47,78e0584a-4343-4727-8f37-e14e65c2a2db,ba21476f-2866-4f81-9c4d-6e359316e448,871c3b6c-7379-419d-bda3-794b239ab90d,ff9b0199-ce04-4cfe-86cc-6c719f08d6e4,de1c2107-70c8-4021-8459-6399f24d01c6,cbf30902-517f-40dc-af90-a550bac27cf1,5c601d96-e4c7-4698-991b-7ee674b11079
2026-7-3 10:17:03-debug:   Number of all scenes: 5
2026-7-3 10:17:03-debug:   Number of other assets: 1152
2026-7-3 10:17:03-debug:   Number of all scripts: 109
2026-7-3 10:17:03-debug: Init bundle root assets success..., progress: 0%
2026-7-3 10:17:03-debug: // ---- build task 查询 Asset Bundle ---- (15ms)
2026-7-3 10:17:03-log: run build task 查询 Asset Bundle success in 15 ms√, progress: 5%
2026-7-3 10:17:03-debug: // ---- build task 查询 Asset Bundle ----
2026-7-3 10:17:03-debug: [Build Memory track]: 查询 Asset Bundle start:292.45MB, end 292.06MB, increase: -397.05KB
2026-7-3 10:17:03-debug: 查询 Asset Bundle start, progress: 5%
2026-7-3 10:17:03-debug: // ---- build task 查询 Asset Bundle ---- (6ms)
2026-7-3 10:17:03-log: run build task 查询 Asset Bundle success in 6 ms√, progress: 10%
2026-7-3 10:17:03-debug: // ---- build task 整理部分构建选项内数据到 settings.json ----
2026-7-3 10:17:03-debug: [Build Memory track]: 查询 Asset Bundle start:292.10MB, end 291.51MB, increase: -606.55KB
2026-7-3 10:17:03-debug: 整理部分构建选项内数据到 settings.json start, progress: 10%
2026-7-3 10:17:03-debug: // ---- build task 整理部分构建选项内数据到 settings.json ---- (2ms)
2026-7-3 10:17:03-log: run build task 整理部分构建选项内数据到 settings.json success in 2 ms√, progress: 12%
2026-7-3 10:17:03-debug: 填充脚本数据到 settings.json start, progress: 12%
2026-7-3 10:17:03-debug: // ---- build task 填充脚本数据到 settings.json ----
2026-7-3 10:17:03-debug: [Build Memory track]: 整理部分构建选项内数据到 settings.json start:291.54MB, end 291.57MB, increase: 29.74KB
2026-7-3 10:17:03-debug: // ---- build task 填充脚本数据到 settings.json ---- (3ms)
2026-7-3 10:17:03-log: run build task 填充脚本数据到 settings.json success in 3 ms√, progress: 13%
2026-7-3 10:17:03-debug: // ---- build task 整理部分构建选项内数据到 settings.json ----
2026-7-3 10:17:03-debug: [Build Memory track]: 填充脚本数据到 settings.json start:291.61MB, end 291.63MB, increase: 29.13KB
2026-7-3 10:17:03-debug: 整理部分构建选项内数据到 settings.json start, progress: 13%
2026-7-3 10:17:03-debug: // ---- build task 整理部分构建选项内数据到 settings.json ---- (6ms)
2026-7-3 10:17:03-log: run build task 整理部分构建选项内数据到 settings.json success in 6 ms√, progress: 15%
2026-7-3 10:17:03-debug: [Build Memory track]: 整理部分构建选项内数据到 settings.json start:291.67MB, end 291.74MB, increase: 74.22KB
2026-7-3 10:17:55-debug: refresh db internal success
2026-7-3 10:17:55-debug: refresh db assets success
2026-7-3 10:17:55-debug: refresh db super-packager success
2026-7-3 10:17:55-debug: Run asset db hook engine-extends:afterRefresh ...
2026-7-3 10:17:55-debug: Run asset db hook engine-extends:afterRefresh success!
2026-7-3 10:17:55-debug: asset-db:refresh-all-database (250ms)
2026-7-3 10:17:55-debug: asset-db:worker-effect-data-processing (1ms)
2026-7-3 10:17:55-debug: asset-db-hook-engine-extends-afterRefresh (3ms)
2026-7-3 10:24:44-debug: refresh db internal success
2026-7-3 10:24:44-debug: refresh db assets success
2026-7-3 10:24:44-debug: refresh db super-packager success
2026-7-3 10:24:44-debug: Run asset db hook engine-extends:afterRefresh ...
2026-7-3 10:24:44-debug: Run asset db hook engine-extends:afterRefresh success!
2026-7-3 10:24:44-debug: asset-db:refresh-all-database (301ms)
2026-7-3 10:24:44-debug: asset-db:worker-effect-data-processing (3ms)
2026-7-3 10:24:44-debug: asset-db-hook-engine-extends-afterRefresh (3ms)
2026-7-3 10:24:47-debug: refresh db internal success
2026-7-3 10:24:47-debug: refresh db assets success
2026-7-3 10:24:47-debug: Run asset db hook engine-extends:afterRefresh ...
2026-7-3 10:24:47-debug: Run asset db hook engine-extends:afterRefresh success!
2026-7-3 10:24:47-debug: refresh db super-packager success
2026-7-3 10:24:47-debug: asset-db:worker-effect-data-processing (2ms)
2026-7-3 10:24:47-debug: asset-db-hook-engine-extends-afterRefresh (2ms)
2026-7-3 10:24:47-debug: asset-db:refresh-all-database (185ms)
2026-7-3 10:25:41-debug: refresh db internal success
2026-7-3 10:25:41-debug: refresh db assets success
2026-7-3 10:25:41-debug: refresh db super-packager success
2026-7-3 10:25:41-debug: Run asset db hook engine-extends:afterRefresh ...
2026-7-3 10:25:41-debug: Run asset db hook engine-extends:afterRefresh success!
2026-7-3 10:25:41-debug: asset-db:refresh-all-database (317ms)
2026-7-3 10:25:41-debug: asset-db:worker-effect-data-processing (3ms)
2026-7-3 10:25:41-debug: asset-db-hook-engine-extends-afterRefresh (3ms)
2026-7-3 10:25:57-debug: %cImport%c: D:\工程项目\PlayableAD\Cocos\TheW\20260615_HYQ\HYQ_Project\assets\Scene\Game_3D-002.scenebackground: #aaff85; color: #000;color: #000;
2026-7-3 10:25:57-debug: asset-db:reimport-assetb5805d3a-3b80-4a12-adf5-588e63a7d886 (28ms)
2026-7-3 10:25:58-debug: Query all assets info in project
2026-7-3 10:25:58-debug: init custom config: keepNodeUuid: false, useCache: true
2026-7-3 10:25:58-debug: Skip compress image, progress: 0%
2026-7-3 10:25:58-debug: Init all bundles start..., progress: 0%
2026-7-3 10:25:58-debug: // ---- build task 查询 Asset Bundle ----
2026-7-3 10:25:58-debug: Init bundle root assets start..., progress: 0%
2026-7-3 10:25:58-debug: 查询 Asset Bundle start, progress: 0%
2026-7-3 10:25:58-debug: Num of bundles: 3..., progress: 0%
2026-7-3 10:25:58-debug: Query preload assets/scripts from cc.config.json: 60f7195c-ec2a-45eb-ba94-8955f60e81d0,1c02ae6f-4492-4915-b8f8-7492a3b1e4cd,810e96e4-e456-4468-9b59-f4e8f39732c0,efe8e2a3-eace-427b-b4f1-cb8a937ec77d,e9aa9a3e-5b2b-4ac7-a2c7-073de2b2b24f,8bbdbcdd-5cd4-4100-b6d5-b7c9625b6107,50f4348b-c883-4e2f-8f11-ce233b859fa1,fda095cb-831d-4601-ad94-846013963de8,f92806d7-1768-443f-afe8-12bcde84d0f0,dd3a144d-ab7f-41f0-82b8-2e43a090d496,f0416e68-0200-4b77-a926-4f9d16e494da,511d2633-09a7-4bdd-ac42-f778032124b3,5d45aa00-e064-4938-b314-4265f0c2258c,9361fd90-ba52-4f84-aa93-6e878fd576ca,970b0598-bcb0-4714-91fb-2e81440dccd8,bcd64cc6-2dd9-43f6-abbe-66318d332032,d930590d-bb92-4cc8-8bd1-23cd027f9edf,a3cd009f-0ab0-420d-9278-b9fdab939bbc,6a2d0734-bd9e-4ddf-946e-caa52498cb75,d1346436-ac96-4271-b863-1f4fdead95b0,971bdb23-3ff6-43eb-b422-1c30165a3663,17debcc3-0a6b-4b8a-b00b-dc58b885581e,711ebe11-f673-4cd9-9a83-63c60ba54c5b,c0143906-9aed-447e-9436-2ae8512d1b6e,14da1725-c4c2-42b4-ab08-ee0aeb6898b3,081cab31-dccd-428e-8652-f2404cc81c47,78e0584a-4343-4727-8f37-e14e65c2a2db,ba21476f-2866-4f81-9c4d-6e359316e448,871c3b6c-7379-419d-bda3-794b239ab90d,ff9b0199-ce04-4cfe-86cc-6c719f08d6e4,de1c2107-70c8-4021-8459-6399f24d01c6,cbf30902-517f-40dc-af90-a550bac27cf1,5c601d96-e4c7-4698-991b-7ee674b11079
2026-7-3 10:25:58-debug:   Number of all scenes: 5
2026-7-3 10:25:58-debug:   Number of other assets: 1152
2026-7-3 10:25:58-debug:   Number of all scripts: 109
2026-7-3 10:25:58-debug: Init bundle root assets success..., progress: 0%
2026-7-3 10:25:58-debug: // ---- build task 查询 Asset Bundle ---- (12ms)
2026-7-3 10:25:58-log: run build task 查询 Asset Bundle success in 12 ms√, progress: 5%
2026-7-3 10:25:58-debug: [Build Memory track]: 查询 Asset Bundle start:276.60MB, end 277.29MB, increase: 713.85KB
2026-7-3 10:25:58-debug: 查询 Asset Bundle start, progress: 5%
2026-7-3 10:25:58-debug: // ---- build task 查询 Asset Bundle ----
2026-7-3 10:25:58-debug: // ---- build task 查询 Asset Bundle ---- (5ms)
2026-7-3 10:25:58-log: run build task 查询 Asset Bundle success in 5 ms√, progress: 10%
2026-7-3 10:25:58-debug: [Build Memory track]: 查询 Asset Bundle start:277.33MB, end 276.81MB, increase: -530.36KB
2026-7-3 10:25:58-debug: 整理部分构建选项内数据到 settings.json start, progress: 10%
2026-7-3 10:25:58-debug: // ---- build task 整理部分构建选项内数据到 settings.json ----
2026-7-3 10:25:58-debug: // ---- build task 整理部分构建选项内数据到 settings.json ---- (3ms)
2026-7-3 10:25:58-log: run build task 整理部分构建选项内数据到 settings.json success in 3 ms√, progress: 12%
2026-7-3 10:25:58-debug: // ---- build task 填充脚本数据到 settings.json ----
2026-7-3 10:25:58-debug: [Build Memory track]: 整理部分构建选项内数据到 settings.json start:276.84MB, end 276.87MB, increase: 29.77KB
2026-7-3 10:25:58-debug: 填充脚本数据到 settings.json start, progress: 12%
2026-7-3 10:25:58-debug: // ---- build task 填充脚本数据到 settings.json ---- (2ms)
2026-7-3 10:25:58-log: run build task 填充脚本数据到 settings.json success in 2 ms√, progress: 13%
2026-7-3 10:25:58-debug: // ---- build task 整理部分构建选项内数据到 settings.json ----
2026-7-3 10:25:58-debug: [Build Memory track]: 填充脚本数据到 settings.json start:276.91MB, end 276.94MB, increase: 29.17KB
2026-7-3 10:25:58-debug: 整理部分构建选项内数据到 settings.json start, progress: 13%
2026-7-3 10:25:58-debug: // ---- build task 整理部分构建选项内数据到 settings.json ---- (4ms)
2026-7-3 10:25:58-log: run build task 整理部分构建选项内数据到 settings.json success in 4 ms√, progress: 15%
2026-7-3 10:25:58-debug: [Build Memory track]: 整理部分构建选项内数据到 settings.json start:276.97MB, end 277.04MB, increase: 70.84KB
2026-7-3 10:30:28-debug: refresh db internal success
2026-7-3 10:30:28-debug: refresh db assets success
2026-7-3 10:30:28-debug: refresh db super-packager success
2026-7-3 10:30:28-debug: Run asset db hook engine-extends:afterRefresh ...
2026-7-3 10:30:28-debug: Run asset db hook engine-extends:afterRefresh success!
2026-7-3 10:30:28-debug: asset-db:refresh-all-database (249ms)
2026-7-3 10:30:28-debug: asset-db:worker-effect-data-processing (2ms)
2026-7-3 10:30:28-debug: asset-db-hook-engine-extends-afterRefresh (3ms)
2026-7-3 10:31:20-debug: refresh db internal success
2026-7-3 10:31:20-debug: refresh db assets success
2026-7-3 10:31:20-debug: refresh db super-packager success
2026-7-3 10:31:20-debug: Run asset db hook engine-extends:afterRefresh ...
2026-7-3 10:31:20-debug: Run asset db hook engine-extends:afterRefresh success!
2026-7-3 10:31:20-debug: asset-db:refresh-all-database (270ms)
2026-7-3 10:31:20-debug: asset-db:worker-effect-data-processing (3ms)
2026-7-3 10:31:20-debug: asset-db-hook-engine-extends-afterRefresh (3ms)
2026-7-3 10:31:29-debug: refresh db internal success
2026-7-3 10:31:29-debug: refresh db assets success
2026-7-3 10:31:29-debug: refresh db super-packager success
2026-7-3 10:31:29-debug: Run asset db hook engine-extends:afterRefresh ...
2026-7-3 10:31:29-debug: Run asset db hook engine-extends:afterRefresh success!
2026-7-3 10:31:29-debug: asset-db:refresh-all-database (173ms)
2026-7-3 10:31:29-debug: asset-db:worker-effect-data-processing (2ms)
2026-7-3 10:31:29-debug: asset-db-hook-engine-extends-afterRefresh (2ms)
2026-7-3 10:33:20-debug: %cImport%c: D:\工程项目\PlayableAD\Cocos\TheW\20260615_HYQ\HYQ_Project\assets\Scene\Game_3D-002.scenebackground: #aaff85; color: #000;color: #000;
2026-7-3 10:33:20-debug: asset-db:reimport-assetb5805d3a-3b80-4a12-adf5-588e63a7d886 (42ms)
2026-7-3 10:34:18-debug: %cImport%c: D:\工程项目\PlayableAD\Cocos\TheW\20260615_HYQ\HYQ_Project\assets\Scene\Game_3D-002.scenebackground: #aaff85; color: #000;color: #000;
2026-7-3 10:34:18-debug: asset-db:reimport-assetb5805d3a-3b80-4a12-adf5-588e63a7d886 (38ms)
2026-7-3 10:34:26-debug: refresh db internal success
2026-7-3 10:34:26-debug: refresh db assets success
2026-7-3 10:34:26-debug: refresh db super-packager success
2026-7-3 10:34:26-debug: Run asset db hook engine-extends:afterRefresh ...
2026-7-3 10:34:26-debug: Run asset db hook engine-extends:afterRefresh success!
2026-7-3 10:34:26-debug: asset-db:refresh-all-database (160ms)
2026-7-3 10:34:26-debug: asset-db:worker-effect-data-processing (1ms)
2026-7-3 10:34:26-debug: asset-db-hook-engine-extends-afterRefresh (1ms)
2026-7-3 10:40:54-debug: refresh db internal success
2026-7-3 10:40:55-debug: refresh db assets success
2026-7-3 10:40:55-debug: refresh db super-packager success
2026-7-3 10:40:55-debug: Run asset db hook engine-extends:afterRefresh ...
2026-7-3 10:40:55-debug: Run asset db hook engine-extends:afterRefresh success!
2026-7-3 10:40:55-debug: asset-db:refresh-all-database (181ms)
2026-7-3 10:40:55-debug: asset-db:worker-effect-data-processing (2ms)
2026-7-3 10:40:55-debug: asset-db-hook-engine-extends-afterRefresh (2ms)
2026-7-3 10:41:07-debug: refresh db internal success
2026-7-3 10:41:07-debug: %cImport%c: D:\工程项目\PlayableAD\Cocos\TheW\20260615_HYQ\HYQ_Project\assets\GameRes\SLLYT_map\wuqi\大壮带金边.pngbackground: #aaff85; color: #000;color: #000;
2026-7-3 10:41:07-debug: %cImport%c: D:\工程项目\PlayableAD\Cocos\TheW\20260615_HYQ\HYQ_Project\assets\GameRes\SLLYT_map\wuqi\大壮金光闪闪.pngbackground: #aaff85; color: #000;color: #000;
2026-7-3 10:41:07-debug: %cImport%c: D:\工程项目\PlayableAD\Cocos\TheW\20260615_HYQ\HYQ_Project\assets\GameRes\SLLYT_map\wuqibackground: #aaff85; color: #000;color: #000;
2026-7-3 10:41:07-debug: %cImport%c: D:\工程项目\PlayableAD\Cocos\TheW\20260615_HYQ\HYQ_Project\assets\GameRes\SLLYT_map\wuqi\大壮金光闪闪.png@6c48abackground: #aaff85; color: #000;color: #000;
2026-7-3 10:41:07-debug: %cImport%c: D:\工程项目\PlayableAD\Cocos\TheW\20260615_HYQ\HYQ_Project\assets\GameRes\SLLYT_map\wuqi\大壮带金边.png@6c48abackground: #aaff85; color: #000;color: #000;
2026-7-3 10:41:07-debug: %cImport%c: D:\工程项目\PlayableAD\Cocos\TheW\20260615_HYQ\HYQ_Project\assets\GameRes\SLLYT_map\wuqi\大壮金光闪闪.png@f9941background: #aaff85; color: #000;color: #000;
2026-7-3 10:41:07-debug: %cImport%c: D:\工程项目\PlayableAD\Cocos\TheW\20260615_HYQ\HYQ_Project\assets\GameRes\SLLYT_map\wuqi\大壮带金边.png@f9941background: #aaff85; color: #000;color: #000;
2026-7-3 10:41:07-debug: refresh db assets success
2026-7-3 10:41:07-debug: refresh db super-packager success
2026-7-3 10:41:07-debug: Run asset db hook engine-extends:afterRefresh ...
2026-7-3 10:41:07-debug: Run asset db hook engine-extends:afterRefresh success!
2026-7-3 10:41:07-debug: asset-db:refresh-all-database (261ms)
2026-7-3 10:41:07-debug: asset-db:worker-effect-data-processing (2ms)
2026-7-3 10:41:07-debug: asset-db-hook-engine-extends-afterRefresh (3ms)
2026-7-3 10:41:43-debug: %cImport%c: D:\工程项目\PlayableAD\Cocos\TheW\20260615_HYQ\HYQ_Project\assets\Scene\Game_3D-002.scenebackground: #aaff85; color: #000;color: #000;
2026-7-3 10:41:43-debug: asset-db:reimport-assetb5805d3a-3b80-4a12-adf5-588e63a7d886 (34ms)
2026-7-3 10:41:58-debug: refresh db internal success
2026-7-3 10:41:59-debug: refresh db assets success
2026-7-3 10:41:59-debug: refresh db super-packager success
2026-7-3 10:41:59-debug: Run asset db hook engine-extends:afterRefresh ...
2026-7-3 10:41:59-debug: Run asset db hook engine-extends:afterRefresh success!
2026-7-3 10:41:59-debug: asset-db:refresh-all-database (281ms)
2026-7-3 10:41:59-debug: asset-db-hook-engine-extends-afterRefresh (5ms)
2026-7-3 10:41:59-debug: asset-db:worker-effect-data-processing (4ms)
2026-7-3 10:42:54-debug: refresh db internal success
2026-7-3 10:42:54-debug: refresh db assets success
2026-7-3 10:42:54-debug: refresh db super-packager success
2026-7-3 10:42:54-debug: Run asset db hook engine-extends:afterRefresh success!
2026-7-3 10:42:54-debug: Run asset db hook engine-extends:afterRefresh ...
2026-7-3 10:42:54-debug: asset-db:refresh-all-database (233ms)
2026-7-3 10:42:54-debug: asset-db:worker-effect-data-processing (2ms)
2026-7-3 10:42:54-debug: asset-db-hook-engine-extends-afterRefresh (3ms)
2026-7-3 10:43:07-debug: %cImport%c: D:\工程项目\PlayableAD\Cocos\TheW\20260615_HYQ\HYQ_Project\assets\Scene\Game_3D-002.scenebackground: #aaff85; color: #000;color: #000;
2026-7-3 10:43:07-debug: asset-db:reimport-assetb5805d3a-3b80-4a12-adf5-588e63a7d886 (31ms)
2026-7-3 10:58:56-debug: refresh db internal success
2026-7-3 10:58:56-debug: %cImport%c: D:\工程项目\PlayableAD\Cocos\TheW\20260615_HYQ\HYQ_Project\assets\Script\functionS\Other\ArmsUp.tsbackground: #aaff85; color: #000;color: #000;
2026-7-3 10:58:56-debug: %cImport%c: D:\工程项目\PlayableAD\Cocos\TheW\20260615_HYQ\HYQ_Project\assets\Script\functionS\Other\PropArms.tsbackground: #aaff85; color: #000;color: #000;
2026-7-3 10:58:56-debug: refresh db assets success
2026-7-3 10:58:56-debug: refresh db super-packager success
2026-7-3 10:58:56-debug: Run asset db hook engine-extends:afterRefresh ...
2026-7-3 10:58:56-debug: Run asset db hook engine-extends:afterRefresh success!
2026-7-3 10:58:56-debug: asset-db:worker-effect-data-processing (1ms)
2026-7-3 10:58:56-debug: asset-db-hook-engine-extends-afterRefresh (2ms)
2026-7-3 10:58:56-debug: asset-db:refresh-all-database (223ms)
2026-7-3 11:00:16-debug: refresh db internal success
2026-7-3 11:00:16-debug: refresh db assets success
2026-7-3 11:00:16-debug: refresh db super-packager success
2026-7-3 11:00:16-debug: Run asset db hook engine-extends:afterRefresh success!
2026-7-3 11:00:16-debug: Run asset db hook engine-extends:afterRefresh ...
2026-7-3 11:00:16-debug: asset-db:refresh-all-database (200ms)
2026-7-3 11:00:16-debug: asset-db:worker-effect-data-processing (2ms)
2026-7-3 11:00:16-debug: asset-db-hook-engine-extends-afterRefresh (2ms)
2026-7-3 11:00:20-debug: %cImport%c: D:\工程项目\PlayableAD\Cocos\TheW\20260615_HYQ\HYQ_Project\assets\Scene\Game_3D-002.scenebackground: #aaff85; color: #000;color: #000;
2026-7-3 11:00:20-debug: asset-db:reimport-assetb5805d3a-3b80-4a12-adf5-588e63a7d886 (36ms)
2026-7-3 11:00:27-debug: Query all assets info in project
2026-7-3 11:00:27-debug: init custom config: keepNodeUuid: false, useCache: true
2026-7-3 11:00:27-debug: Skip compress image, progress: 0%
2026-7-3 11:00:27-debug: Num of bundles: 3..., progress: 0%
2026-7-3 11:00:27-debug: 查询 Asset Bundle start, progress: 0%
2026-7-3 11:00:27-debug: Init bundle root assets start..., progress: 0%
2026-7-3 11:00:27-debug: Init all bundles start..., progress: 0%
2026-7-3 11:00:27-debug: // ---- build task 查询 Asset Bundle ----
2026-7-3 11:00:27-debug: Query preload assets/scripts from cc.config.json: 60f7195c-ec2a-45eb-ba94-8955f60e81d0,1c02ae6f-4492-4915-b8f8-7492a3b1e4cd,810e96e4-e456-4468-9b59-f4e8f39732c0,efe8e2a3-eace-427b-b4f1-cb8a937ec77d,e9aa9a3e-5b2b-4ac7-a2c7-073de2b2b24f,8bbdbcdd-5cd4-4100-b6d5-b7c9625b6107,50f4348b-c883-4e2f-8f11-ce233b859fa1,fda095cb-831d-4601-ad94-846013963de8,f92806d7-1768-443f-afe8-12bcde84d0f0,dd3a144d-ab7f-41f0-82b8-2e43a090d496,f0416e68-0200-4b77-a926-4f9d16e494da,511d2633-09a7-4bdd-ac42-f778032124b3,5d45aa00-e064-4938-b314-4265f0c2258c,9361fd90-ba52-4f84-aa93-6e878fd576ca,970b0598-bcb0-4714-91fb-2e81440dccd8,bcd64cc6-2dd9-43f6-abbe-66318d332032,d930590d-bb92-4cc8-8bd1-23cd027f9edf,a3cd009f-0ab0-420d-9278-b9fdab939bbc,6a2d0734-bd9e-4ddf-946e-caa52498cb75,d1346436-ac96-4271-b863-1f4fdead95b0,971bdb23-3ff6-43eb-b422-1c30165a3663,17debcc3-0a6b-4b8a-b00b-dc58b885581e,711ebe11-f673-4cd9-9a83-63c60ba54c5b,c0143906-9aed-447e-9436-2ae8512d1b6e,14da1725-c4c2-42b4-ab08-ee0aeb6898b3,081cab31-dccd-428e-8652-f2404cc81c47,78e0584a-4343-4727-8f37-e14e65c2a2db,ba21476f-2866-4f81-9c4d-6e359316e448,871c3b6c-7379-419d-bda3-794b239ab90d,ff9b0199-ce04-4cfe-86cc-6c719f08d6e4,de1c2107-70c8-4021-8459-6399f24d01c6,cbf30902-517f-40dc-af90-a550bac27cf1,5c601d96-e4c7-4698-991b-7ee674b11079
2026-7-3 11:00:27-debug:   Number of all scripts: 109
2026-7-3 11:00:27-debug:   Number of other assets: 1158
2026-7-3 11:00:27-debug: // ---- build task 查询 Asset Bundle ---- (16ms)
2026-7-3 11:00:27-log: run build task 查询 Asset Bundle success in 16 ms√, progress: 5%
2026-7-3 11:00:27-debug: [Build Memory track]: 查询 Asset Bundle start:289.67MB, end 286.82MB, increase: -2918.85KB
2026-7-3 11:00:27-debug: // ---- build task 查询 Asset Bundle ----
2026-7-3 11:00:27-debug:   Number of all scenes: 5
2026-7-3 11:00:27-debug: 查询 Asset Bundle start, progress: 5%
2026-7-3 11:00:27-debug: Init bundle root assets success..., progress: 0%
2026-7-3 11:00:27-debug: // ---- build task 查询 Asset Bundle ---- (7ms)
2026-7-3 11:00:27-log: run build task 查询 Asset Bundle success in 7 ms√, progress: 10%
2026-7-3 11:00:27-debug: [Build Memory track]: 查询 Asset Bundle start:286.85MB, end 287.09MB, increase: 238.51KB
2026-7-3 11:00:27-debug: 整理部分构建选项内数据到 settings.json start, progress: 10%
2026-7-3 11:00:27-debug: // ---- build task 整理部分构建选项内数据到 settings.json ----
2026-7-3 11:00:27-debug: // ---- build task 整理部分构建选项内数据到 settings.json ---- (2ms)
2026-7-3 11:00:27-log: run build task 整理部分构建选项内数据到 settings.json success in 2 ms√, progress: 12%
2026-7-3 11:00:27-debug: // ---- build task 填充脚本数据到 settings.json ----
2026-7-3 11:00:27-debug: [Build Memory track]: 整理部分构建选项内数据到 settings.json start:287.12MB, end 287.15MB, increase: 29.34KB
2026-7-3 11:00:27-debug: 填充脚本数据到 settings.json start, progress: 12%
2026-7-3 11:00:27-debug: // ---- build task 填充脚本数据到 settings.json ---- (2ms)
2026-7-3 11:00:27-log: run build task 填充脚本数据到 settings.json success in 2 ms√, progress: 13%
2026-7-3 11:00:27-debug: [Build Memory track]: 填充脚本数据到 settings.json start:287.18MB, end 287.21MB, increase: 29.55KB
2026-7-3 11:00:27-debug: 整理部分构建选项内数据到 settings.json start, progress: 13%
2026-7-3 11:00:27-debug: // ---- build task 整理部分构建选项内数据到 settings.json ----
2026-7-3 11:00:27-debug: // ---- build task 整理部分构建选项内数据到 settings.json ---- (6ms)
2026-7-3 11:00:27-log: run build task 整理部分构建选项内数据到 settings.json success in 6 ms√, progress: 15%
2026-7-3 11:00:27-debug: [Build Memory track]: 整理部分构建选项内数据到 settings.json start:287.25MB, end 287.32MB, increase: 70.81KB
2026-7-3 11:00:39-debug: refresh db internal success
2026-7-3 11:00:39-debug: refresh db assets success
2026-7-3 11:00:39-debug: refresh db super-packager success
2026-7-3 11:00:39-debug: Run asset db hook engine-extends:afterRefresh ...
2026-7-3 11:00:39-debug: Run asset db hook engine-extends:afterRefresh success!
2026-7-3 11:00:39-debug: asset-db:refresh-all-database (194ms)
2026-7-3 11:00:39-debug: asset-db-hook-engine-extends-afterRefresh (2ms)
2026-7-3 11:00:39-debug: asset-db:worker-effect-data-processing (1ms)
2026-7-3 11:00:41-debug: %cImport%c: D:\工程项目\PlayableAD\Cocos\TheW\20260615_HYQ\HYQ_Project\assets\Scene\Game_3D-002.scenebackground: #aaff85; color: #000;color: #000;
2026-7-3 11:00:41-debug: asset-db:reimport-assetb5805d3a-3b80-4a12-adf5-588e63a7d886 (25ms)
2026-7-3 11:00:42-debug: Query all assets info in project
2026-7-3 11:00:42-debug: Skip compress image, progress: 0%
2026-7-3 11:00:42-debug: init custom config: keepNodeUuid: false, useCache: true
2026-7-3 11:00:42-debug: Init all bundles start..., progress: 0%
2026-7-3 11:00:42-debug: Num of bundles: 3..., progress: 0%
2026-7-3 11:00:42-debug: 查询 Asset Bundle start, progress: 0%
2026-7-3 11:00:42-debug: // ---- build task 查询 Asset Bundle ----
2026-7-3 11:00:42-debug: Init bundle root assets start..., progress: 0%
2026-7-3 11:00:42-debug: Query preload assets/scripts from cc.config.json: 60f7195c-ec2a-45eb-ba94-8955f60e81d0,1c02ae6f-4492-4915-b8f8-7492a3b1e4cd,810e96e4-e456-4468-9b59-f4e8f39732c0,efe8e2a3-eace-427b-b4f1-cb8a937ec77d,e9aa9a3e-5b2b-4ac7-a2c7-073de2b2b24f,8bbdbcdd-5cd4-4100-b6d5-b7c9625b6107,50f4348b-c883-4e2f-8f11-ce233b859fa1,fda095cb-831d-4601-ad94-846013963de8,f92806d7-1768-443f-afe8-12bcde84d0f0,dd3a144d-ab7f-41f0-82b8-2e43a090d496,f0416e68-0200-4b77-a926-4f9d16e494da,511d2633-09a7-4bdd-ac42-f778032124b3,5d45aa00-e064-4938-b314-4265f0c2258c,9361fd90-ba52-4f84-aa93-6e878fd576ca,970b0598-bcb0-4714-91fb-2e81440dccd8,bcd64cc6-2dd9-43f6-abbe-66318d332032,d930590d-bb92-4cc8-8bd1-23cd027f9edf,a3cd009f-0ab0-420d-9278-b9fdab939bbc,6a2d0734-bd9e-4ddf-946e-caa52498cb75,d1346436-ac96-4271-b863-1f4fdead95b0,971bdb23-3ff6-43eb-b422-1c30165a3663,17debcc3-0a6b-4b8a-b00b-dc58b885581e,711ebe11-f673-4cd9-9a83-63c60ba54c5b,c0143906-9aed-447e-9436-2ae8512d1b6e,14da1725-c4c2-42b4-ab08-ee0aeb6898b3,081cab31-dccd-428e-8652-f2404cc81c47,78e0584a-4343-4727-8f37-e14e65c2a2db,ba21476f-2866-4f81-9c4d-6e359316e448,871c3b6c-7379-419d-bda3-794b239ab90d,ff9b0199-ce04-4cfe-86cc-6c719f08d6e4,de1c2107-70c8-4021-8459-6399f24d01c6,cbf30902-517f-40dc-af90-a550bac27cf1,5c601d96-e4c7-4698-991b-7ee674b11079
2026-7-3 11:00:42-debug:   Number of all scenes: 5
2026-7-3 11:00:42-debug:   Number of all scripts: 109
2026-7-3 11:00:42-debug:   Number of other assets: 1158
2026-7-3 11:00:42-debug: Init bundle root assets success..., progress: 0%
2026-7-3 11:00:42-debug: // ---- build task 查询 Asset Bundle ---- (18ms)
2026-7-3 11:00:42-log: run build task 查询 Asset Bundle success in 18 ms√, progress: 5%
2026-7-3 11:00:42-debug: [Build Memory track]: 查询 Asset Bundle start:293.54MB, end 290.97MB, increase: -2639.63KB
2026-7-3 11:00:42-debug: 查询 Asset Bundle start, progress: 5%
2026-7-3 11:00:42-debug: // ---- build task 查询 Asset Bundle ----
2026-7-3 11:00:42-debug: // ---- build task 查询 Asset Bundle ---- (8ms)
2026-7-3 11:00:42-log: run build task 查询 Asset Bundle success in 8 ms√, progress: 10%
2026-7-3 11:00:42-debug: [Build Memory track]: 查询 Asset Bundle start:291.00MB, end 291.23MB, increase: 234.17KB
2026-7-3 11:00:42-debug: 整理部分构建选项内数据到 settings.json start, progress: 10%
2026-7-3 11:00:42-debug: // ---- build task 整理部分构建选项内数据到 settings.json ----
2026-7-3 11:00:42-debug: // ---- build task 整理部分构建选项内数据到 settings.json ---- (2ms)
2026-7-3 11:00:42-log: run build task 整理部分构建选项内数据到 settings.json success in 2 ms√, progress: 12%
2026-7-3 11:00:42-debug: 填充脚本数据到 settings.json start, progress: 12%
2026-7-3 11:00:42-debug: [Build Memory track]: 整理部分构建选项内数据到 settings.json start:291.26MB, end 291.30MB, increase: 33.93KB
2026-7-3 11:00:42-debug: // ---- build task 填充脚本数据到 settings.json ----
2026-7-3 11:00:42-debug: // ---- build task 填充脚本数据到 settings.json ---- (3ms)
2026-7-3 11:00:42-debug: [Build Memory track]: 填充脚本数据到 settings.json start:291.33MB, end 291.36MB, increase: 29.16KB
2026-7-3 11:00:42-debug: 整理部分构建选项内数据到 settings.json start, progress: 13%
2026-7-3 11:00:42-debug: // ---- build task 整理部分构建选项内数据到 settings.json ----
2026-7-3 11:00:42-log: run build task 填充脚本数据到 settings.json success in 3 ms√, progress: 13%
2026-7-3 11:00:42-debug: // ---- build task 整理部分构建选项内数据到 settings.json ---- (6ms)
2026-7-3 11:00:42-log: run build task 整理部分构建选项内数据到 settings.json success in 6 ms√, progress: 15%
2026-7-3 11:00:42-debug: [Build Memory track]: 整理部分构建选项内数据到 settings.json start:291.39MB, end 291.46MB, increase: 65.48KB
2026-7-3 11:01:14-debug: refresh db internal success
2026-7-3 11:01:14-debug: refresh db assets success
2026-7-3 11:01:14-debug: refresh db super-packager success
2026-7-3 11:01:14-debug: Run asset db hook engine-extends:afterRefresh ...
2026-7-3 11:01:14-debug: Run asset db hook engine-extends:afterRefresh success!
2026-7-3 11:01:14-debug: asset-db:refresh-all-database (166ms)
2026-7-3 11:01:14-debug: asset-db:worker-effect-data-processing (2ms)
2026-7-3 11:01:14-debug: asset-db-hook-engine-extends-afterRefresh (2ms)
2026-7-3 11:09:21-debug: refresh db internal success
2026-7-3 11:09:21-debug: %cImport%c: D:\工程项目\PlayableAD\Cocos\TheW\20260615_HYQ\HYQ_Project\assets\Script\functionS\Other\PropArms.tsbackground: #aaff85; color: #000;color: #000;
2026-7-3 11:09:21-debug: refresh db assets success
2026-7-3 11:09:21-debug: refresh db super-packager success
2026-7-3 11:09:21-debug: Run asset db hook engine-extends:afterRefresh ...
2026-7-3 11:09:21-debug: Run asset db hook engine-extends:afterRefresh success!
2026-7-3 11:09:21-debug: asset-db:refresh-all-database (275ms)
2026-7-3 11:09:21-debug: asset-db:worker-effect-data-processing (1ms)
2026-7-3 11:09:21-debug: asset-db-hook-engine-extends-afterRefresh (1ms)
2026-7-3 11:09:25-debug: Query all assets info in project
2026-7-3 11:09:25-debug: init custom config: keepNodeUuid: false, useCache: true
2026-7-3 11:09:25-debug: Skip compress image, progress: 0%
2026-7-3 11:09:25-debug: Init all bundles start..., progress: 0%
2026-7-3 11:09:25-debug: // ---- build task 查询 Asset Bundle ----
2026-7-3 11:09:25-debug: Init bundle root assets start..., progress: 0%
2026-7-3 11:09:25-debug: Num of bundles: 3..., progress: 0%
2026-7-3 11:09:25-debug: 查询 Asset Bundle start, progress: 0%
2026-7-3 11:09:25-debug: Query preload assets/scripts from cc.config.json: 60f7195c-ec2a-45eb-ba94-8955f60e81d0,1c02ae6f-4492-4915-b8f8-7492a3b1e4cd,810e96e4-e456-4468-9b59-f4e8f39732c0,efe8e2a3-eace-427b-b4f1-cb8a937ec77d,e9aa9a3e-5b2b-4ac7-a2c7-073de2b2b24f,8bbdbcdd-5cd4-4100-b6d5-b7c9625b6107,50f4348b-c883-4e2f-8f11-ce233b859fa1,fda095cb-831d-4601-ad94-846013963de8,f92806d7-1768-443f-afe8-12bcde84d0f0,dd3a144d-ab7f-41f0-82b8-2e43a090d496,f0416e68-0200-4b77-a926-4f9d16e494da,511d2633-09a7-4bdd-ac42-f778032124b3,5d45aa00-e064-4938-b314-4265f0c2258c,9361fd90-ba52-4f84-aa93-6e878fd576ca,970b0598-bcb0-4714-91fb-2e81440dccd8,bcd64cc6-2dd9-43f6-abbe-66318d332032,d930590d-bb92-4cc8-8bd1-23cd027f9edf,a3cd009f-0ab0-420d-9278-b9fdab939bbc,6a2d0734-bd9e-4ddf-946e-caa52498cb75,d1346436-ac96-4271-b863-1f4fdead95b0,971bdb23-3ff6-43eb-b422-1c30165a3663,17debcc3-0a6b-4b8a-b00b-dc58b885581e,711ebe11-f673-4cd9-9a83-63c60ba54c5b,c0143906-9aed-447e-9436-2ae8512d1b6e,14da1725-c4c2-42b4-ab08-ee0aeb6898b3,081cab31-dccd-428e-8652-f2404cc81c47,78e0584a-4343-4727-8f37-e14e65c2a2db,ba21476f-2866-4f81-9c4d-6e359316e448,871c3b6c-7379-419d-bda3-794b239ab90d,ff9b0199-ce04-4cfe-86cc-6c719f08d6e4,de1c2107-70c8-4021-8459-6399f24d01c6,cbf30902-517f-40dc-af90-a550bac27cf1,5c601d96-e4c7-4698-991b-7ee674b11079
2026-7-3 11:09:25-debug:   Number of all scenes: 5
2026-7-3 11:09:25-debug:   Number of other assets: 1158
2026-7-3 11:09:25-debug: Init bundle root assets success..., progress: 0%
2026-7-3 11:09:25-debug:   Number of all scripts: 109
2026-7-3 11:09:25-debug: // ---- build task 查询 Asset Bundle ---- (30ms)
2026-7-3 11:09:25-log: run build task 查询 Asset Bundle success in 30 ms√, progress: 5%
2026-7-3 11:09:25-debug: [Build Memory track]: 查询 Asset Bundle start:299.67MB, end 296.31MB, increase: -3438.41KB
2026-7-3 11:09:25-debug: 查询 Asset Bundle start, progress: 5%
2026-7-3 11:09:25-debug: // ---- build task 查询 Asset Bundle ----
2026-7-3 11:09:25-debug: // ---- build task 查询 Asset Bundle ---- (4ms)
2026-7-3 11:09:25-log: run build task 查询 Asset Bundle success in 4 ms√, progress: 10%
2026-7-3 11:09:25-debug: [Build Memory track]: 查询 Asset Bundle start:296.35MB, end 296.58MB, increase: 235.08KB
2026-7-3 11:09:25-debug: 整理部分构建选项内数据到 settings.json start, progress: 10%
2026-7-3 11:09:25-debug: // ---- build task 整理部分构建选项内数据到 settings.json ----
2026-7-3 11:09:25-debug: // ---- build task 整理部分构建选项内数据到 settings.json ---- (2ms)
2026-7-3 11:09:25-log: run build task 整理部分构建选项内数据到 settings.json success in 2 ms√, progress: 12%
2026-7-3 11:09:25-debug: [Build Memory track]: 整理部分构建选项内数据到 settings.json start:296.61MB, end 296.64MB, increase: 27.75KB
2026-7-3 11:09:25-debug: 填充脚本数据到 settings.json start, progress: 12%
2026-7-3 11:09:25-debug: // ---- build task 填充脚本数据到 settings.json ----
2026-7-3 11:09:25-debug: // ---- build task 填充脚本数据到 settings.json ---- (1ms)
2026-7-3 11:09:25-log: run build task 填充脚本数据到 settings.json success in 1 ms√, progress: 13%
2026-7-3 11:09:25-debug: [Build Memory track]: 填充脚本数据到 settings.json start:296.67MB, end 296.70MB, increase: 25.46KB
2026-7-3 11:09:25-debug: 整理部分构建选项内数据到 settings.json start, progress: 13%
2026-7-3 11:09:25-debug: // ---- build task 整理部分构建选项内数据到 settings.json ----
2026-7-3 11:09:25-debug: // ---- build task 整理部分构建选项内数据到 settings.json ---- (12ms)
2026-7-3 11:09:25-debug: [Build Memory track]: 整理部分构建选项内数据到 settings.json start:296.73MB, end 296.80MB, increase: 70.76KB
2026-7-3 11:09:25-log: run build task 整理部分构建选项内数据到 settings.json success in 12 ms√, progress: 15%
2026-7-3 11:33:33-debug: refresh db internal success
2026-7-3 11:33:33-debug: %cImport%c: D:\工程项目\PlayableAD\Cocos\TheW\20260615_HYQ\HYQ_Project\assets\Script\functionS\Other\ArmsUp.tsbackground: #aaff85; color: #000;color: #000;
2026-7-3 11:33:33-debug: %cImport%c: D:\工程项目\PlayableAD\Cocos\TheW\20260615_HYQ\HYQ_Project\assets\Script\functionS\Other\PropArms.tsbackground: #aaff85; color: #000;color: #000;
2026-7-3 11:33:33-debug: refresh db assets success
2026-7-3 11:33:33-debug: refresh db super-packager success
2026-7-3 11:33:33-debug: Run asset db hook engine-extends:afterRefresh ...
2026-7-3 11:33:33-debug: Run asset db hook engine-extends:afterRefresh success!
2026-7-3 11:33:33-debug: asset-db:refresh-all-database (236ms)
2026-7-3 11:33:33-debug: asset-db:worker-effect-data-processing (2ms)
2026-7-3 11:33:33-debug: asset-db-hook-engine-extends-afterRefresh (2ms)
2026-7-3 11:33:36-debug: Query all assets info in project
2026-7-3 11:33:36-debug: init custom config: keepNodeUuid: false, useCache: true
2026-7-3 11:33:36-debug: Skip compress image, progress: 0%
2026-7-3 11:33:36-debug: Num of bundles: 3..., progress: 0%
2026-7-3 11:33:36-debug: 查询 Asset Bundle start, progress: 0%
2026-7-3 11:33:36-debug: // ---- build task 查询 Asset Bundle ----
2026-7-3 11:33:36-debug: Init bundle root assets start..., progress: 0%
2026-7-3 11:33:36-debug: Init all bundles start..., progress: 0%
2026-7-3 11:33:36-debug: Query preload assets/scripts from cc.config.json: 60f7195c-ec2a-45eb-ba94-8955f60e81d0,1c02ae6f-4492-4915-b8f8-7492a3b1e4cd,810e96e4-e456-4468-9b59-f4e8f39732c0,efe8e2a3-eace-427b-b4f1-cb8a937ec77d,e9aa9a3e-5b2b-4ac7-a2c7-073de2b2b24f,8bbdbcdd-5cd4-4100-b6d5-b7c9625b6107,50f4348b-c883-4e2f-8f11-ce233b859fa1,fda095cb-831d-4601-ad94-846013963de8,f92806d7-1768-443f-afe8-12bcde84d0f0,dd3a144d-ab7f-41f0-82b8-2e43a090d496,f0416e68-0200-4b77-a926-4f9d16e494da,511d2633-09a7-4bdd-ac42-f778032124b3,5d45aa00-e064-4938-b314-4265f0c2258c,9361fd90-ba52-4f84-aa93-6e878fd576ca,970b0598-bcb0-4714-91fb-2e81440dccd8,bcd64cc6-2dd9-43f6-abbe-66318d332032,d930590d-bb92-4cc8-8bd1-23cd027f9edf,a3cd009f-0ab0-420d-9278-b9fdab939bbc,6a2d0734-bd9e-4ddf-946e-caa52498cb75,d1346436-ac96-4271-b863-1f4fdead95b0,971bdb23-3ff6-43eb-b422-1c30165a3663,17debcc3-0a6b-4b8a-b00b-dc58b885581e,711ebe11-f673-4cd9-9a83-63c60ba54c5b,c0143906-9aed-447e-9436-2ae8512d1b6e,14da1725-c4c2-42b4-ab08-ee0aeb6898b3,081cab31-dccd-428e-8652-f2404cc81c47,78e0584a-4343-4727-8f37-e14e65c2a2db,ba21476f-2866-4f81-9c4d-6e359316e448,871c3b6c-7379-419d-bda3-794b239ab90d,ff9b0199-ce04-4cfe-86cc-6c719f08d6e4,de1c2107-70c8-4021-8459-6399f24d01c6,cbf30902-517f-40dc-af90-a550bac27cf1,5c601d96-e4c7-4698-991b-7ee674b11079
2026-7-3 11:33:36-debug:   Number of all scenes: 5
2026-7-3 11:33:36-debug:   Number of other assets: 1158
2026-7-3 11:33:36-debug: Init bundle root assets success..., progress: 0%
2026-7-3 11:33:36-debug:   Number of all scripts: 109
2026-7-3 11:33:36-debug: // ---- build task 查询 Asset Bundle ---- (15ms)
2026-7-3 11:33:36-log: run build task 查询 Asset Bundle success in 15 ms√, progress: 5%
2026-7-3 11:33:36-debug: [Build Memory track]: 查询 Asset Bundle start:302.50MB, end 299.23MB, increase: -3346.70KB
2026-7-3 11:33:36-debug: 查询 Asset Bundle start, progress: 5%
2026-7-3 11:33:36-debug: // ---- build task 查询 Asset Bundle ----
2026-7-3 11:33:36-debug: // ---- build task 查询 Asset Bundle ---- (4ms)
2026-7-3 11:33:36-log: run build task 查询 Asset Bundle success in 4 ms√, progress: 10%
2026-7-3 11:33:36-debug: 整理部分构建选项内数据到 settings.json start, progress: 10%
2026-7-3 11:33:36-debug: [Build Memory track]: 查询 Asset Bundle start:299.27MB, end 299.49MB, increase: 232.93KB
2026-7-3 11:33:36-debug: // ---- build task 整理部分构建选项内数据到 settings.json ----
2026-7-3 11:33:36-debug: // ---- build task 整理部分构建选项内数据到 settings.json ---- (2ms)
2026-7-3 11:33:36-log: run build task 整理部分构建选项内数据到 settings.json success in 2 ms√, progress: 12%
2026-7-3 11:33:36-debug: [Build Memory track]: 整理部分构建选项内数据到 settings.json start:299.53MB, end 299.56MB, increase: 29.67KB
2026-7-3 11:33:36-debug: // ---- build task 填充脚本数据到 settings.json ----
2026-7-3 11:33:36-debug: 填充脚本数据到 settings.json start, progress: 12%
2026-7-3 11:33:36-debug: // ---- build task 填充脚本数据到 settings.json ---- (3ms)
2026-7-3 11:33:36-log: run build task 填充脚本数据到 settings.json success in 3 ms√, progress: 13%
2026-7-3 11:33:36-debug: // ---- build task 整理部分构建选项内数据到 settings.json ----
2026-7-3 11:33:36-debug: 整理部分构建选项内数据到 settings.json start, progress: 13%
2026-7-3 11:33:36-debug: [Build Memory track]: 填充脚本数据到 settings.json start:299.59MB, end 299.62MB, increase: 29.17KB
2026-7-3 11:33:36-debug: // ---- build task 整理部分构建选项内数据到 settings.json ---- (6ms)
2026-7-3 11:33:36-log: run build task 整理部分构建选项内数据到 settings.json success in 6 ms√, progress: 15%
2026-7-3 11:33:36-debug: [Build Memory track]: 整理部分构建选项内数据到 settings.json start:299.65MB, end 299.72MB, increase: 67.28KB
2026-7-3 11:33:37-debug: refresh db internal success
2026-7-3 11:33:37-debug: refresh db assets success
2026-7-3 11:33:37-debug: refresh db super-packager success
2026-7-3 11:33:37-debug: Run asset db hook engine-extends:afterRefresh success!
2026-7-3 11:33:37-debug: Run asset db hook engine-extends:afterRefresh ...
2026-7-3 11:33:37-debug: asset-db:refresh-all-database (273ms)
2026-7-3 11:33:37-debug: asset-db:worker-effect-data-processing (1ms)
2026-7-3 11:33:37-debug: asset-db-hook-engine-extends-afterRefresh (1ms)
2026-7-3 11:33:57-debug: refresh db internal success
2026-7-3 11:33:57-debug: refresh db assets success
2026-7-3 11:33:57-debug: refresh db super-packager success
2026-7-3 11:33:57-debug: Run asset db hook engine-extends:afterRefresh ...
2026-7-3 11:33:57-debug: Run asset db hook engine-extends:afterRefresh success!
2026-7-3 11:33:57-debug: asset-db:refresh-all-database (209ms)
2026-7-3 11:33:57-debug: asset-db-hook-engine-extends-afterRefresh (2ms)
2026-7-3 11:33:57-debug: asset-db:worker-effect-data-processing (2ms)
2026-7-3 11:33:58-debug: refresh db internal success
2026-7-3 11:33:58-debug: refresh db assets success
2026-7-3 11:33:58-debug: refresh db super-packager success
2026-7-3 11:33:58-debug: Run asset db hook engine-extends:afterRefresh ...
2026-7-3 11:33:58-debug: Run asset db hook engine-extends:afterRefresh success!
2026-7-3 11:33:58-debug: asset-db:refresh-all-database (243ms)
2026-7-3 11:33:58-debug: asset-db:worker-effect-data-processing (2ms)
2026-7-3 11:33:58-debug: asset-db-hook-engine-extends-afterRefresh (2ms)
2026-7-3 11:34:00-debug: refresh db internal success
2026-7-3 11:34:00-debug: refresh db assets success
2026-7-3 11:34:00-debug: refresh db super-packager success
2026-7-3 11:34:00-debug: Run asset db hook engine-extends:afterRefresh ...
2026-7-3 11:34:00-debug: Run asset db hook engine-extends:afterRefresh success!
2026-7-3 11:34:00-debug: asset-db:refresh-all-database (228ms)
2026-7-3 11:34:00-debug: asset-db:worker-effect-data-processing (3ms)
2026-7-3 11:34:00-debug: asset-db-hook-engine-extends-afterRefresh (3ms)
2026-7-3 11:34:43-debug: refresh db internal success
2026-7-3 11:34:43-debug: refresh db assets success
2026-7-3 11:34:43-debug: refresh db super-packager success
2026-7-3 11:34:43-debug: Run asset db hook engine-extends:afterRefresh ...
2026-7-3 11:34:43-debug: Run asset db hook engine-extends:afterRefresh success!
2026-7-3 11:34:43-debug: asset-db:refresh-all-database (209ms)
2026-7-3 11:34:43-debug: asset-db:worker-effect-data-processing (3ms)
2026-7-3 11:34:43-debug: asset-db-hook-engine-extends-afterRefresh (3ms)
2026-7-3 11:41:40-debug: refresh db internal success
2026-7-3 11:41:40-debug: %cImport%c: D:\工程项目\PlayableAD\Cocos\TheW\20260615_HYQ\HYQ_Project\assets\Script\functionS\Other\ArmsUp.tsbackground: #aaff85; color: #000;color: #000;
2026-7-3 11:41:40-debug: %cImport%c: D:\工程项目\PlayableAD\Cocos\TheW\20260615_HYQ\HYQ_Project\assets\Script\functionS\Other\PropArms.tsbackground: #aaff85; color: #000;color: #000;
2026-7-3 11:41:40-debug: refresh db assets success
2026-7-3 11:41:40-debug: refresh db super-packager success
2026-7-3 11:41:40-debug: Run asset db hook engine-extends:afterRefresh ...
2026-7-3 11:41:40-debug: Run asset db hook engine-extends:afterRefresh success!
2026-7-3 11:41:40-debug: asset-db:refresh-all-database (215ms)
2026-7-3 11:41:40-debug: asset-db:worker-effect-data-processing (1ms)
2026-7-3 11:41:40-debug: asset-db-hook-engine-extends-afterRefresh (2ms)
2026-7-3 11:41:44-debug: Query all assets info in project
2026-7-3 11:41:44-debug: init custom config: keepNodeUuid: false, useCache: true
2026-7-3 11:41:44-debug: Skip compress image, progress: 0%
2026-7-3 11:41:44-debug: Init all bundles start..., progress: 0%
2026-7-3 11:41:44-debug: // ---- build task 查询 Asset Bundle ----
2026-7-3 11:41:44-debug: Init bundle root assets start..., progress: 0%
2026-7-3 11:41:44-debug: 查询 Asset Bundle start, progress: 0%
2026-7-3 11:41:44-debug: Num of bundles: 3..., progress: 0%
2026-7-3 11:41:44-debug: Query preload assets/scripts from cc.config.json: 60f7195c-ec2a-45eb-ba94-8955f60e81d0,1c02ae6f-4492-4915-b8f8-7492a3b1e4cd,810e96e4-e456-4468-9b59-f4e8f39732c0,efe8e2a3-eace-427b-b4f1-cb8a937ec77d,e9aa9a3e-5b2b-4ac7-a2c7-073de2b2b24f,8bbdbcdd-5cd4-4100-b6d5-b7c9625b6107,50f4348b-c883-4e2f-8f11-ce233b859fa1,fda095cb-831d-4601-ad94-846013963de8,f92806d7-1768-443f-afe8-12bcde84d0f0,dd3a144d-ab7f-41f0-82b8-2e43a090d496,f0416e68-0200-4b77-a926-4f9d16e494da,511d2633-09a7-4bdd-ac42-f778032124b3,5d45aa00-e064-4938-b314-4265f0c2258c,9361fd90-ba52-4f84-aa93-6e878fd576ca,970b0598-bcb0-4714-91fb-2e81440dccd8,bcd64cc6-2dd9-43f6-abbe-66318d332032,d930590d-bb92-4cc8-8bd1-23cd027f9edf,a3cd009f-0ab0-420d-9278-b9fdab939bbc,6a2d0734-bd9e-4ddf-946e-caa52498cb75,d1346436-ac96-4271-b863-1f4fdead95b0,971bdb23-3ff6-43eb-b422-1c30165a3663,17debcc3-0a6b-4b8a-b00b-dc58b885581e,711ebe11-f673-4cd9-9a83-63c60ba54c5b,c0143906-9aed-447e-9436-2ae8512d1b6e,14da1725-c4c2-42b4-ab08-ee0aeb6898b3,081cab31-dccd-428e-8652-f2404cc81c47,78e0584a-4343-4727-8f37-e14e65c2a2db,ba21476f-2866-4f81-9c4d-6e359316e448,871c3b6c-7379-419d-bda3-794b239ab90d,ff9b0199-ce04-4cfe-86cc-6c719f08d6e4,de1c2107-70c8-4021-8459-6399f24d01c6,cbf30902-517f-40dc-af90-a550bac27cf1,5c601d96-e4c7-4698-991b-7ee674b11079
2026-7-3 11:41:44-debug: Init bundle root assets success..., progress: 0%
2026-7-3 11:41:44-debug:   Number of all scripts: 109
2026-7-3 11:41:44-debug:   Number of other assets: 1158
2026-7-3 11:41:44-debug:   Number of all scenes: 5
2026-7-3 11:41:44-debug: // ---- build task 查询 Asset Bundle ---- (16ms)
2026-7-3 11:41:44-log: run build task 查询 Asset Bundle success in 16 ms√, progress: 5%
2026-7-3 11:41:44-debug: 查询 Asset Bundle start, progress: 5%
2026-7-3 11:41:44-debug: // ---- build task 查询 Asset Bundle ----
2026-7-3 11:41:44-debug: [Build Memory track]: 查询 Asset Bundle start:281.60MB, end 283.39MB, increase: 1.79MB
2026-7-3 11:41:44-debug: // ---- build task 查询 Asset Bundle ---- (8ms)
2026-7-3 11:41:44-log: run build task 查询 Asset Bundle success in 8 ms√, progress: 10%
2026-7-3 11:41:44-debug: [Build Memory track]: 查询 Asset Bundle start:283.42MB, end 283.95MB, increase: 538.69KB
2026-7-3 11:41:44-debug: 整理部分构建选项内数据到 settings.json start, progress: 10%
2026-7-3 11:41:44-debug: // ---- build task 整理部分构建选项内数据到 settings.json ----
2026-7-3 11:41:44-debug: // ---- build task 整理部分构建选项内数据到 settings.json ---- (3ms)
2026-7-3 11:41:44-log: run build task 整理部分构建选项内数据到 settings.json success in 3 ms√, progress: 12%
2026-7-3 11:41:44-debug: [Build Memory track]: 整理部分构建选项内数据到 settings.json start:283.98MB, end 284.11MB, increase: 129.75KB
2026-7-3 11:41:44-debug: 填充脚本数据到 settings.json start, progress: 12%
2026-7-3 11:41:44-debug: // ---- build task 填充脚本数据到 settings.json ----
2026-7-3 11:41:44-debug: // ---- build task 填充脚本数据到 settings.json ---- (3ms)
2026-7-3 11:41:44-log: run build task 填充脚本数据到 settings.json success in 3 ms√, progress: 13%
2026-7-3 11:41:44-debug: [Build Memory track]: 填充脚本数据到 settings.json start:284.14MB, end 284.27MB, increase: 128.17KB
2026-7-3 11:41:44-debug: 整理部分构建选项内数据到 settings.json start, progress: 13%
2026-7-3 11:41:44-debug: // ---- build task 整理部分构建选项内数据到 settings.json ----
2026-7-3 11:41:44-debug: // ---- build task 整理部分构建选项内数据到 settings.json ---- (11ms)
2026-7-3 11:41:44-log: run build task 整理部分构建选项内数据到 settings.json success in 11 ms√, progress: 15%
2026-7-3 11:41:44-debug: [Build Memory track]: 整理部分构建选项内数据到 settings.json start:284.30MB, end 281.69MB, increase: -2678.88KB
2026-7-3 11:41:44-debug: refresh db internal success
2026-7-3 11:41:44-debug: refresh db assets success
2026-7-3 11:41:44-debug: refresh db super-packager success
2026-7-3 11:41:44-debug: Run asset db hook engine-extends:afterRefresh ...
2026-7-3 11:41:44-debug: Run asset db hook engine-extends:afterRefresh success!
2026-7-3 11:41:44-debug: asset-db:refresh-all-database (365ms)
2026-7-3 11:41:44-debug: asset-db:worker-effect-data-processing (2ms)
2026-7-3 11:41:44-debug: asset-db-hook-engine-extends-afterRefresh (3ms)
2026-7-3 11:47:21-debug: refresh db internal success
2026-7-3 11:47:21-debug: %cImport%c: D:\工程项目\PlayableAD\Cocos\TheW\20260615_HYQ\HYQ_Project\assets\Script\functionS\Other\PropArms.tsbackground: #aaff85; color: #000;color: #000;
2026-7-3 11:47:21-debug: refresh db assets success
2026-7-3 11:47:21-debug: refresh db super-packager success
2026-7-3 11:47:21-debug: Run asset db hook engine-extends:afterRefresh ...
2026-7-3 11:47:21-debug: Run asset db hook engine-extends:afterRefresh success!
2026-7-3 11:47:21-debug: asset-db:worker-effect-data-processing (1ms)
2026-7-3 11:47:21-debug: asset-db-hook-engine-extends-afterRefresh (2ms)
2026-7-3 11:47:21-debug: asset-db:refresh-all-database (201ms)
2026-7-3 11:47:24-debug: Query all assets info in project
2026-7-3 11:47:24-debug: init custom config: keepNodeUuid: false, useCache: true
2026-7-3 11:47:24-debug: Skip compress image, progress: 0%
2026-7-3 11:47:24-debug: Init all bundles start..., progress: 0%
2026-7-3 11:47:24-debug: // ---- build task 查询 Asset Bundle ----
2026-7-3 11:47:24-debug: Init bundle root assets start..., progress: 0%
2026-7-3 11:47:24-debug: 查询 Asset Bundle start, progress: 0%
2026-7-3 11:47:24-debug: Num of bundles: 3..., progress: 0%
2026-7-3 11:47:24-debug: Query preload assets/scripts from cc.config.json: 60f7195c-ec2a-45eb-ba94-8955f60e81d0,1c02ae6f-4492-4915-b8f8-7492a3b1e4cd,810e96e4-e456-4468-9b59-f4e8f39732c0,efe8e2a3-eace-427b-b4f1-cb8a937ec77d,e9aa9a3e-5b2b-4ac7-a2c7-073de2b2b24f,8bbdbcdd-5cd4-4100-b6d5-b7c9625b6107,50f4348b-c883-4e2f-8f11-ce233b859fa1,fda095cb-831d-4601-ad94-846013963de8,f92806d7-1768-443f-afe8-12bcde84d0f0,dd3a144d-ab7f-41f0-82b8-2e43a090d496,f0416e68-0200-4b77-a926-4f9d16e494da,511d2633-09a7-4bdd-ac42-f778032124b3,5d45aa00-e064-4938-b314-4265f0c2258c,9361fd90-ba52-4f84-aa93-6e878fd576ca,970b0598-bcb0-4714-91fb-2e81440dccd8,bcd64cc6-2dd9-43f6-abbe-66318d332032,d930590d-bb92-4cc8-8bd1-23cd027f9edf,a3cd009f-0ab0-420d-9278-b9fdab939bbc,6a2d0734-bd9e-4ddf-946e-caa52498cb75,d1346436-ac96-4271-b863-1f4fdead95b0,971bdb23-3ff6-43eb-b422-1c30165a3663,17debcc3-0a6b-4b8a-b00b-dc58b885581e,711ebe11-f673-4cd9-9a83-63c60ba54c5b,c0143906-9aed-447e-9436-2ae8512d1b6e,14da1725-c4c2-42b4-ab08-ee0aeb6898b3,081cab31-dccd-428e-8652-f2404cc81c47,78e0584a-4343-4727-8f37-e14e65c2a2db,ba21476f-2866-4f81-9c4d-6e359316e448,871c3b6c-7379-419d-bda3-794b239ab90d,ff9b0199-ce04-4cfe-86cc-6c719f08d6e4,de1c2107-70c8-4021-8459-6399f24d01c6,cbf30902-517f-40dc-af90-a550bac27cf1,5c601d96-e4c7-4698-991b-7ee674b11079
2026-7-3 11:47:24-debug:   Number of all scenes: 5
2026-7-3 11:47:24-debug: Init bundle root assets success..., progress: 0%
2026-7-3 11:47:24-debug:   Number of all scripts: 109
2026-7-3 11:47:24-debug:   Number of other assets: 1158
2026-7-3 11:47:24-debug: // ---- build task 查询 Asset Bundle ---- (14ms)
2026-7-3 11:47:24-log: run build task 查询 Asset Bundle success in 14 ms√, progress: 5%
2026-7-3 11:47:24-debug: // ---- build task 查询 Asset Bundle ----
2026-7-3 11:47:24-debug: [Build Memory track]: 查询 Asset Bundle start:288.46MB, end 285.15MB, increase: -3382.15KB
2026-7-3 11:47:24-debug: 查询 Asset Bundle start, progress: 5%
2026-7-3 11:47:24-debug: // ---- build task 查询 Asset Bundle ---- (6ms)
2026-7-3 11:47:24-log: run build task 查询 Asset Bundle success in 6 ms√, progress: 10%
2026-7-3 11:47:24-debug: // ---- build task 整理部分构建选项内数据到 settings.json ----
2026-7-3 11:47:24-debug: 整理部分构建选项内数据到 settings.json start, progress: 10%
2026-7-3 11:47:24-debug: [Build Memory track]: 查询 Asset Bundle start:285.19MB, end 285.42MB, increase: 233.96KB
2026-7-3 11:47:24-debug: // ---- build task 整理部分构建选项内数据到 settings.json ---- (3ms)
2026-7-3 11:47:24-log: run build task 整理部分构建选项内数据到 settings.json success in 3 ms√, progress: 12%
2026-7-3 11:47:24-debug: [Build Memory track]: 整理部分构建选项内数据到 settings.json start:285.45MB, end 285.48MB, increase: 29.66KB
2026-7-3 11:47:24-debug: // ---- build task 填充脚本数据到 settings.json ----
2026-7-3 11:47:24-debug: 填充脚本数据到 settings.json start, progress: 12%
2026-7-3 11:47:24-debug: // ---- build task 填充脚本数据到 settings.json ---- (2ms)
2026-7-3 11:47:24-log: run build task 填充脚本数据到 settings.json success in 2 ms√, progress: 13%
2026-7-3 11:47:24-debug: [Build Memory track]: 填充脚本数据到 settings.json start:285.51MB, end 285.54MB, increase: 29.19KB
2026-7-3 11:47:24-debug: 整理部分构建选项内数据到 settings.json start, progress: 13%
2026-7-3 11:47:24-debug: // ---- build task 整理部分构建选项内数据到 settings.json ----
2026-7-3 11:47:24-debug: // ---- build task 整理部分构建选项内数据到 settings.json ---- (10ms)
2026-7-3 11:47:24-log: run build task 整理部分构建选项内数据到 settings.json success in 10 ms√, progress: 15%
2026-7-3 11:47:25-debug: [Build Memory track]: 整理部分构建选项内数据到 settings.json start:285.58MB, end 285.64MB, increase: 65.52KB
2026-7-3 11:54:14-debug: refresh db internal success
2026-7-3 11:54:14-debug: %cImport%c: D:\工程项目\PlayableAD\Cocos\TheW\20260615_HYQ\HYQ_Project\assets\Script\functionS\Other\PropArms.tsbackground: #aaff85; color: #000;color: #000;
2026-7-3 11:54:14-debug: refresh db assets success
2026-7-3 11:54:14-debug: refresh db super-packager success
2026-7-3 11:54:14-debug: Run asset db hook engine-extends:afterRefresh ...
2026-7-3 11:54:14-debug: Run asset db hook engine-extends:afterRefresh success!
2026-7-3 11:54:14-debug: asset-db:refresh-all-database (201ms)
2026-7-3 11:54:14-debug: asset-db-hook-engine-extends-afterRefresh (4ms)
2026-7-3 11:54:14-debug: asset-db:worker-effect-data-processing (3ms)
2026-7-3 11:54:17-debug: Query all assets info in project
2026-7-3 11:54:17-debug: init custom config: keepNodeUuid: false, useCache: true
2026-7-3 11:54:17-debug: Skip compress image, progress: 0%
2026-7-3 11:54:17-debug: Init all bundles start..., progress: 0%
2026-7-3 11:54:17-debug: Num of bundles: 3..., progress: 0%
2026-7-3 11:54:17-debug: 查询 Asset Bundle start, progress: 0%
2026-7-3 11:54:17-debug: // ---- build task 查询 Asset Bundle ----
2026-7-3 11:54:17-debug: Init bundle root assets start..., progress: 0%
2026-7-3 11:54:17-debug: Query preload assets/scripts from cc.config.json: 60f7195c-ec2a-45eb-ba94-8955f60e81d0,1c02ae6f-4492-4915-b8f8-7492a3b1e4cd,810e96e4-e456-4468-9b59-f4e8f39732c0,efe8e2a3-eace-427b-b4f1-cb8a937ec77d,e9aa9a3e-5b2b-4ac7-a2c7-073de2b2b24f,8bbdbcdd-5cd4-4100-b6d5-b7c9625b6107,50f4348b-c883-4e2f-8f11-ce233b859fa1,fda095cb-831d-4601-ad94-846013963de8,f92806d7-1768-443f-afe8-12bcde84d0f0,dd3a144d-ab7f-41f0-82b8-2e43a090d496,f0416e68-0200-4b77-a926-4f9d16e494da,511d2633-09a7-4bdd-ac42-f778032124b3,5d45aa00-e064-4938-b314-4265f0c2258c,9361fd90-ba52-4f84-aa93-6e878fd576ca,970b0598-bcb0-4714-91fb-2e81440dccd8,bcd64cc6-2dd9-43f6-abbe-66318d332032,d930590d-bb92-4cc8-8bd1-23cd027f9edf,a3cd009f-0ab0-420d-9278-b9fdab939bbc,6a2d0734-bd9e-4ddf-946e-caa52498cb75,d1346436-ac96-4271-b863-1f4fdead95b0,971bdb23-3ff6-43eb-b422-1c30165a3663,17debcc3-0a6b-4b8a-b00b-dc58b885581e,711ebe11-f673-4cd9-9a83-63c60ba54c5b,c0143906-9aed-447e-9436-2ae8512d1b6e,14da1725-c4c2-42b4-ab08-ee0aeb6898b3,081cab31-dccd-428e-8652-f2404cc81c47,78e0584a-4343-4727-8f37-e14e65c2a2db,ba21476f-2866-4f81-9c4d-6e359316e448,871c3b6c-7379-419d-bda3-794b239ab90d,ff9b0199-ce04-4cfe-86cc-6c719f08d6e4,de1c2107-70c8-4021-8459-6399f24d01c6,cbf30902-517f-40dc-af90-a550bac27cf1,5c601d96-e4c7-4698-991b-7ee674b11079
2026-7-3 11:54:17-debug:   Number of all scenes: 5
2026-7-3 11:54:17-debug:   Number of all scripts: 109
2026-7-3 11:54:17-debug:   Number of other assets: 1158
2026-7-3 11:54:17-debug: Init bundle root assets success..., progress: 0%
2026-7-3 11:54:17-debug: // ---- build task 查询 Asset Bundle ---- (16ms)
2026-7-3 11:54:17-debug: [Build Memory track]: 查询 Asset Bundle start:291.47MB, end 288.12MB, increase: -3432.21KB
2026-7-3 11:54:17-debug: 查询 Asset Bundle start, progress: 5%
2026-7-3 11:54:17-debug: // ---- build task 查询 Asset Bundle ----
2026-7-3 11:54:17-log: run build task 查询 Asset Bundle success in 16 ms√, progress: 5%
2026-7-3 11:54:17-debug: // ---- build task 查询 Asset Bundle ---- (6ms)
2026-7-3 11:54:17-log: run build task 查询 Asset Bundle success in 6 ms√, progress: 10%
2026-7-3 11:54:17-debug: // ---- build task 整理部分构建选项内数据到 settings.json ----
2026-7-3 11:54:17-debug: [Build Memory track]: 查询 Asset Bundle start:288.15MB, end 288.38MB, increase: 234.16KB
2026-7-3 11:54:17-debug: 整理部分构建选项内数据到 settings.json start, progress: 10%
2026-7-3 11:54:17-debug: // ---- build task 整理部分构建选项内数据到 settings.json ---- (1ms)
2026-7-3 11:54:17-log: run build task 整理部分构建选项内数据到 settings.json success in 1 ms√, progress: 12%
2026-7-3 11:54:17-debug: 填充脚本数据到 settings.json start, progress: 12%
2026-7-3 11:54:17-debug: [Build Memory track]: 整理部分构建选项内数据到 settings.json start:288.42MB, end 288.45MB, increase: 29.05KB
2026-7-3 11:54:17-debug: // ---- build task 填充脚本数据到 settings.json ----
2026-7-3 11:54:17-debug: // ---- build task 填充脚本数据到 settings.json ---- (2ms)
2026-7-3 11:54:17-log: run build task 填充脚本数据到 settings.json success in 2 ms√, progress: 13%
2026-7-3 11:54:17-debug: // ---- build task 整理部分构建选项内数据到 settings.json ----
2026-7-3 11:54:17-debug: [Build Memory track]: 填充脚本数据到 settings.json start:288.48MB, end 288.51MB, increase: 29.75KB
2026-7-3 11:54:17-debug: 整理部分构建选项内数据到 settings.json start, progress: 13%
2026-7-3 11:54:17-debug: // ---- build task 整理部分构建选项内数据到 settings.json ---- (8ms)
2026-7-3 11:54:17-log: run build task 整理部分构建选项内数据到 settings.json success in 8 ms√, progress: 15%
2026-7-3 11:54:17-debug: [Build Memory track]: 整理部分构建选项内数据到 settings.json start:288.54MB, end 288.61MB, increase: 65.29KB
2026-7-3 11:58:30-debug: refresh db internal success
2026-7-3 11:58:30-debug: refresh db assets success
2026-7-3 11:58:30-debug: refresh db super-packager success
2026-7-3 11:58:30-debug: Run asset db hook engine-extends:afterRefresh ...
2026-7-3 11:58:30-debug: Run asset db hook engine-extends:afterRefresh success!
2026-7-3 11:58:30-debug: asset-db:refresh-all-database (239ms)
2026-7-3 11:58:30-debug: asset-db:worker-effect-data-processing (2ms)
2026-7-3 11:58:30-debug: asset-db-hook-engine-extends-afterRefresh (2ms)
2026-7-3 13:36:01-debug: refresh db internal success
2026-7-3 13:36:01-debug: %cImport%c: D:\工程项目\PlayableAD\Cocos\TheW\20260615_HYQ\HYQ_Project\assets\Script\functionS\Other\PropArms.tsbackground: #aaff85; color: #000;color: #000;
2026-7-3 13:36:01-debug: refresh db assets success
2026-7-3 13:36:01-debug: refresh db super-packager success
2026-7-3 13:36:01-debug: Run asset db hook engine-extends:afterRefresh ...
2026-7-3 13:36:01-debug: Run asset db hook engine-extends:afterRefresh success!
2026-7-3 13:36:01-debug: asset-db:refresh-all-database (451ms)
2026-7-3 13:36:01-debug: asset-db:worker-effect-data-processing (2ms)
2026-7-3 13:36:01-debug: asset-db-hook-engine-extends-afterRefresh (3ms)
2026-7-3 13:36:06-debug: Query all assets info in project
2026-7-3 13:36:06-debug: init custom config: keepNodeUuid: false, useCache: true
2026-7-3 13:36:06-debug: Skip compress image, progress: 0%
2026-7-3 13:36:06-debug: Init all bundles start..., progress: 0%
2026-7-3 13:36:06-debug: // ---- build task 查询 Asset Bundle ----
2026-7-3 13:36:06-debug: Num of bundles: 3..., progress: 0%
2026-7-3 13:36:06-debug: 查询 Asset Bundle start, progress: 0%
2026-7-3 13:36:06-debug: Init bundle root assets start..., progress: 0%
2026-7-3 13:36:06-debug: Query preload assets/scripts from cc.config.json: 60f7195c-ec2a-45eb-ba94-8955f60e81d0,1c02ae6f-4492-4915-b8f8-7492a3b1e4cd,810e96e4-e456-4468-9b59-f4e8f39732c0,efe8e2a3-eace-427b-b4f1-cb8a937ec77d,e9aa9a3e-5b2b-4ac7-a2c7-073de2b2b24f,8bbdbcdd-5cd4-4100-b6d5-b7c9625b6107,50f4348b-c883-4e2f-8f11-ce233b859fa1,fda095cb-831d-4601-ad94-846013963de8,f92806d7-1768-443f-afe8-12bcde84d0f0,dd3a144d-ab7f-41f0-82b8-2e43a090d496,f0416e68-0200-4b77-a926-4f9d16e494da,511d2633-09a7-4bdd-ac42-f778032124b3,5d45aa00-e064-4938-b314-4265f0c2258c,9361fd90-ba52-4f84-aa93-6e878fd576ca,970b0598-bcb0-4714-91fb-2e81440dccd8,bcd64cc6-2dd9-43f6-abbe-66318d332032,d930590d-bb92-4cc8-8bd1-23cd027f9edf,a3cd009f-0ab0-420d-9278-b9fdab939bbc,6a2d0734-bd9e-4ddf-946e-caa52498cb75,d1346436-ac96-4271-b863-1f4fdead95b0,971bdb23-3ff6-43eb-b422-1c30165a3663,17debcc3-0a6b-4b8a-b00b-dc58b885581e,711ebe11-f673-4cd9-9a83-63c60ba54c5b,c0143906-9aed-447e-9436-2ae8512d1b6e,14da1725-c4c2-42b4-ab08-ee0aeb6898b3,081cab31-dccd-428e-8652-f2404cc81c47,78e0584a-4343-4727-8f37-e14e65c2a2db,ba21476f-2866-4f81-9c4d-6e359316e448,871c3b6c-7379-419d-bda3-794b239ab90d,ff9b0199-ce04-4cfe-86cc-6c719f08d6e4,de1c2107-70c8-4021-8459-6399f24d01c6,cbf30902-517f-40dc-af90-a550bac27cf1,5c601d96-e4c7-4698-991b-7ee674b11079
2026-7-3 13:36:06-debug:   Number of all scripts: 109
2026-7-3 13:36:06-debug: Init bundle root assets success..., progress: 0%
2026-7-3 13:36:06-debug:   Number of all scenes: 5
2026-7-3 13:36:06-debug:   Number of other assets: 1158
2026-7-3 13:36:06-debug: // ---- build task 查询 Asset Bundle ---- (30ms)
2026-7-3 13:36:06-log: run build task 查询 Asset Bundle success in 30 ms√, progress: 5%
2026-7-3 13:36:06-debug: 查询 Asset Bundle start, progress: 5%
2026-7-3 13:36:06-debug: [Build Memory track]: 查询 Asset Bundle start:294.41MB, end 295.95MB, increase: 1.55MB
2026-7-3 13:36:06-debug: // ---- build task 查询 Asset Bundle ----
2026-7-3 13:36:06-debug: // ---- build task 查询 Asset Bundle ---- (5ms)
2026-7-3 13:36:06-log: run build task 查询 Asset Bundle success in 5 ms√, progress: 10%
2026-7-3 13:36:06-debug: [Build Memory track]: 查询 Asset Bundle start:295.99MB, end 296.21MB, increase: 231.34KB
2026-7-3 13:36:06-debug: 整理部分构建选项内数据到 settings.json start, progress: 10%
2026-7-3 13:36:06-debug: // ---- build task 整理部分构建选项内数据到 settings.json ----
2026-7-3 13:36:06-debug: // ---- build task 整理部分构建选项内数据到 settings.json ---- (2ms)
2026-7-3 13:36:06-log: run build task 整理部分构建选项内数据到 settings.json success in 2 ms√, progress: 12%
2026-7-3 13:36:06-debug: [Build Memory track]: 整理部分构建选项内数据到 settings.json start:296.25MB, end 296.28MB, increase: 29.66KB
2026-7-3 13:36:06-debug: 填充脚本数据到 settings.json start, progress: 12%
2026-7-3 13:36:06-debug: // ---- build task 填充脚本数据到 settings.json ----
2026-7-3 13:36:06-debug: // ---- build task 填充脚本数据到 settings.json ---- (2ms)
2026-7-3 13:36:06-log: run build task 填充脚本数据到 settings.json success in 2 ms√, progress: 13%
2026-7-3 13:36:06-debug: [Build Memory track]: 填充脚本数据到 settings.json start:296.31MB, end 296.34MB, increase: 29.16KB
2026-7-3 13:36:06-debug: // ---- build task 整理部分构建选项内数据到 settings.json ----
2026-7-3 13:36:06-debug: 整理部分构建选项内数据到 settings.json start, progress: 13%
2026-7-3 13:36:06-debug: // ---- build task 整理部分构建选项内数据到 settings.json ---- (14ms)
2026-7-3 13:36:06-debug: [Build Memory track]: 整理部分构建选项内数据到 settings.json start:296.37MB, end 296.44MB, increase: 66.43KB
2026-7-3 13:36:06-log: run build task 整理部分构建选项内数据到 settings.json success in 14 ms√, progress: 15%
2026-7-3 13:42:29-debug: refresh db internal success
2026-7-3 13:42:29-debug: %cImport%c: D:\工程项目\PlayableAD\Cocos\TheW\20260615_HYQ\HYQ_Project\assets\Script\functionS\Other\PropArms.tsbackground: #aaff85; color: #000;color: #000;
2026-7-3 13:42:29-debug: refresh db assets success
2026-7-3 13:42:29-debug: refresh db super-packager success
2026-7-3 13:42:29-debug: Run asset db hook engine-extends:afterRefresh ...
2026-7-3 13:42:29-debug: Run asset db hook engine-extends:afterRefresh success!
2026-7-3 13:42:29-debug: asset-db:refresh-all-database (248ms)
2026-7-3 13:42:29-debug: asset-db:worker-effect-data-processing (4ms)
2026-7-3 13:42:29-debug: asset-db-hook-engine-extends-afterRefresh (4ms)
2026-7-3 13:42:33-debug: Query all assets info in project
2026-7-3 13:42:33-debug: Skip compress image, progress: 0%
2026-7-3 13:42:33-debug: init custom config: keepNodeUuid: false, useCache: true
2026-7-3 13:42:33-debug: Init all bundles start..., progress: 0%
2026-7-3 13:42:33-debug: Num of bundles: 3..., progress: 0%
2026-7-3 13:42:33-debug: 查询 Asset Bundle start, progress: 0%
2026-7-3 13:42:33-debug: Init bundle root assets start..., progress: 0%
2026-7-3 13:42:33-debug: // ---- build task 查询 Asset Bundle ----
2026-7-3 13:42:33-debug: Query preload assets/scripts from cc.config.json: 60f7195c-ec2a-45eb-ba94-8955f60e81d0,1c02ae6f-4492-4915-b8f8-7492a3b1e4cd,810e96e4-e456-4468-9b59-f4e8f39732c0,efe8e2a3-eace-427b-b4f1-cb8a937ec77d,e9aa9a3e-5b2b-4ac7-a2c7-073de2b2b24f,8bbdbcdd-5cd4-4100-b6d5-b7c9625b6107,50f4348b-c883-4e2f-8f11-ce233b859fa1,fda095cb-831d-4601-ad94-846013963de8,f92806d7-1768-443f-afe8-12bcde84d0f0,dd3a144d-ab7f-41f0-82b8-2e43a090d496,f0416e68-0200-4b77-a926-4f9d16e494da,511d2633-09a7-4bdd-ac42-f778032124b3,5d45aa00-e064-4938-b314-4265f0c2258c,9361fd90-ba52-4f84-aa93-6e878fd576ca,970b0598-bcb0-4714-91fb-2e81440dccd8,bcd64cc6-2dd9-43f6-abbe-66318d332032,d930590d-bb92-4cc8-8bd1-23cd027f9edf,a3cd009f-0ab0-420d-9278-b9fdab939bbc,6a2d0734-bd9e-4ddf-946e-caa52498cb75,d1346436-ac96-4271-b863-1f4fdead95b0,971bdb23-3ff6-43eb-b422-1c30165a3663,17debcc3-0a6b-4b8a-b00b-dc58b885581e,711ebe11-f673-4cd9-9a83-63c60ba54c5b,c0143906-9aed-447e-9436-2ae8512d1b6e,14da1725-c4c2-42b4-ab08-ee0aeb6898b3,081cab31-dccd-428e-8652-f2404cc81c47,78e0584a-4343-4727-8f37-e14e65c2a2db,ba21476f-2866-4f81-9c4d-6e359316e448,871c3b6c-7379-419d-bda3-794b239ab90d,ff9b0199-ce04-4cfe-86cc-6c719f08d6e4,de1c2107-70c8-4021-8459-6399f24d01c6,cbf30902-517f-40dc-af90-a550bac27cf1,5c601d96-e4c7-4698-991b-7ee674b11079
2026-7-3 13:42:33-debug:   Number of all scenes: 5
2026-7-3 13:42:33-debug:   Number of all scripts: 109
2026-7-3 13:42:33-debug:   Number of other assets: 1158
2026-7-3 13:42:33-debug: Init bundle root assets success..., progress: 0%
2026-7-3 13:42:33-debug: // ---- build task 查询 Asset Bundle ---- (24ms)
2026-7-3 13:42:33-log: run build task 查询 Asset Bundle success in 24 ms√, progress: 5%
2026-7-3 13:42:33-debug: [Build Memory track]: 查询 Asset Bundle start:300.46MB, end 297.12MB, increase: -3423.94KB
2026-7-3 13:42:33-debug: 查询 Asset Bundle start, progress: 5%
2026-7-3 13:42:33-debug: // ---- build task 查询 Asset Bundle ----
2026-7-3 13:42:33-log: run build task 查询 Asset Bundle success in 6 ms√, progress: 10%
2026-7-3 13:42:33-debug: // ---- build task 查询 Asset Bundle ---- (6ms)
2026-7-3 13:42:33-debug: [Build Memory track]: 查询 Asset Bundle start:297.15MB, end 297.38MB, increase: 230.39KB
2026-7-3 13:42:33-debug: 整理部分构建选项内数据到 settings.json start, progress: 10%
2026-7-3 13:42:33-debug: // ---- build task 整理部分构建选项内数据到 settings.json ----
2026-7-3 13:42:33-debug: // ---- build task 整理部分构建选项内数据到 settings.json ---- (2ms)
2026-7-3 13:42:33-log: run build task 整理部分构建选项内数据到 settings.json success in 2 ms√, progress: 12%
2026-7-3 13:42:33-debug: [Build Memory track]: 整理部分构建选项内数据到 settings.json start:297.41MB, end 297.44MB, increase: 28.54KB
2026-7-3 13:42:33-debug: 填充脚本数据到 settings.json start, progress: 12%
2026-7-3 13:42:33-debug: // ---- build task 填充脚本数据到 settings.json ----
2026-7-3 13:42:33-debug: // ---- build task 填充脚本数据到 settings.json ---- (2ms)
2026-7-3 13:42:33-log: run build task 填充脚本数据到 settings.json success in 2 ms√, progress: 13%
2026-7-3 13:42:33-debug: [Build Memory track]: 填充脚本数据到 settings.json start:297.47MB, end 297.50MB, increase: 29.72KB
2026-7-3 13:42:33-debug: 整理部分构建选项内数据到 settings.json start, progress: 13%
2026-7-3 13:42:33-debug: // ---- build task 整理部分构建选项内数据到 settings.json ----
2026-7-3 13:42:33-debug: // ---- build task 整理部分构建选项内数据到 settings.json ---- (7ms)
2026-7-3 13:42:33-log: run build task 整理部分构建选项内数据到 settings.json success in 7 ms√, progress: 15%
2026-7-3 13:42:33-debug: [Build Memory track]: 整理部分构建选项内数据到 settings.json start:297.54MB, end 297.60MB, increase: 65.78KB
2026-7-3 13:43:43-debug: Query all assets info in project
2026-7-3 13:43:43-debug: init custom config: keepNodeUuid: false, useCache: true
2026-7-3 13:43:43-debug: Skip compress image, progress: 0%
2026-7-3 13:43:43-debug: Init all bundles start..., progress: 0%
2026-7-3 13:43:43-debug: // ---- build task 查询 Asset Bundle ----
2026-7-3 13:43:43-debug: Num of bundles: 3..., progress: 0%
2026-7-3 13:43:43-debug: Init bundle root assets start..., progress: 0%
2026-7-3 13:43:43-debug: 查询 Asset Bundle start, progress: 0%
2026-7-3 13:43:43-debug: Query preload assets/scripts from cc.config.json: 60f7195c-ec2a-45eb-ba94-8955f60e81d0,1c02ae6f-4492-4915-b8f8-7492a3b1e4cd,810e96e4-e456-4468-9b59-f4e8f39732c0,efe8e2a3-eace-427b-b4f1-cb8a937ec77d,e9aa9a3e-5b2b-4ac7-a2c7-073de2b2b24f,8bbdbcdd-5cd4-4100-b6d5-b7c9625b6107,50f4348b-c883-4e2f-8f11-ce233b859fa1,fda095cb-831d-4601-ad94-846013963de8,f92806d7-1768-443f-afe8-12bcde84d0f0,dd3a144d-ab7f-41f0-82b8-2e43a090d496,f0416e68-0200-4b77-a926-4f9d16e494da,511d2633-09a7-4bdd-ac42-f778032124b3,5d45aa00-e064-4938-b314-4265f0c2258c,9361fd90-ba52-4f84-aa93-6e878fd576ca,970b0598-bcb0-4714-91fb-2e81440dccd8,bcd64cc6-2dd9-43f6-abbe-66318d332032,d930590d-bb92-4cc8-8bd1-23cd027f9edf,a3cd009f-0ab0-420d-9278-b9fdab939bbc,6a2d0734-bd9e-4ddf-946e-caa52498cb75,d1346436-ac96-4271-b863-1f4fdead95b0,971bdb23-3ff6-43eb-b422-1c30165a3663,17debcc3-0a6b-4b8a-b00b-dc58b885581e,711ebe11-f673-4cd9-9a83-63c60ba54c5b,c0143906-9aed-447e-9436-2ae8512d1b6e,14da1725-c4c2-42b4-ab08-ee0aeb6898b3,081cab31-dccd-428e-8652-f2404cc81c47,78e0584a-4343-4727-8f37-e14e65c2a2db,ba21476f-2866-4f81-9c4d-6e359316e448,871c3b6c-7379-419d-bda3-794b239ab90d,ff9b0199-ce04-4cfe-86cc-6c719f08d6e4,de1c2107-70c8-4021-8459-6399f24d01c6,cbf30902-517f-40dc-af90-a550bac27cf1,5c601d96-e4c7-4698-991b-7ee674b11079
2026-7-3 13:43:43-debug:   Number of other assets: 1158
2026-7-3 13:43:43-debug:   Number of all scenes: 5
2026-7-3 13:43:43-debug: Init bundle root assets success..., progress: 0%
2026-7-3 13:43:43-debug:   Number of all scripts: 109
2026-7-3 13:43:43-debug: // ---- build task 查询 Asset Bundle ---- (13ms)
2026-7-3 13:43:43-log: run build task 查询 Asset Bundle success in 13 ms√, progress: 5%
2026-7-3 13:43:43-debug: // ---- build task 查询 Asset Bundle ----
2026-7-3 13:43:43-debug: [Build Memory track]: 查询 Asset Bundle start:297.84MB, end 297.83MB, increase: -7.94KB
2026-7-3 13:43:43-debug: 查询 Asset Bundle start, progress: 5%
2026-7-3 13:43:43-debug: // ---- build task 查询 Asset Bundle ---- (8ms)
2026-7-3 13:43:43-log: run build task 查询 Asset Bundle success in 8 ms√, progress: 10%
2026-7-3 13:43:43-debug: [Build Memory track]: 查询 Asset Bundle start:297.86MB, end 297.24MB, increase: -639.08KB
2026-7-3 13:43:43-debug: 整理部分构建选项内数据到 settings.json start, progress: 10%
2026-7-3 13:43:43-debug: // ---- build task 整理部分构建选项内数据到 settings.json ----
2026-7-3 13:43:43-debug: // ---- build task 整理部分构建选项内数据到 settings.json ---- (2ms)
2026-7-3 13:43:43-log: run build task 整理部分构建选项内数据到 settings.json success in 2 ms√, progress: 12%
2026-7-3 13:43:43-debug: // ---- build task 填充脚本数据到 settings.json ----
2026-7-3 13:43:43-debug: [Build Memory track]: 整理部分构建选项内数据到 settings.json start:297.27MB, end 297.30MB, increase: 29.61KB
2026-7-3 13:43:43-debug: 填充脚本数据到 settings.json start, progress: 12%
2026-7-3 13:43:43-debug: // ---- build task 填充脚本数据到 settings.json ---- (2ms)
2026-7-3 13:43:43-log: run build task 填充脚本数据到 settings.json success in 2 ms√, progress: 13%
2026-7-3 13:43:43-debug: // ---- build task 整理部分构建选项内数据到 settings.json ----
2026-7-3 13:43:43-debug: [Build Memory track]: 填充脚本数据到 settings.json start:297.34MB, end 297.36MB, increase: 29.16KB
2026-7-3 13:43:43-debug: 整理部分构建选项内数据到 settings.json start, progress: 13%
2026-7-3 13:43:43-debug: // ---- build task 整理部分构建选项内数据到 settings.json ---- (6ms)
2026-7-3 13:43:43-log: run build task 整理部分构建选项内数据到 settings.json success in 6 ms√, progress: 15%
2026-7-3 13:43:43-debug: [Build Memory track]: 整理部分构建选项内数据到 settings.json start:297.40MB, end 297.46MB, increase: 65.41KB
2026-7-3 14:02:05-debug: refresh db internal success
2026-7-3 14:02:06-debug: %cImport%c: D:\工程项目\PlayableAD\Cocos\TheW\20260615_HYQ\HYQ_Project\assets\Script\functionS\Monster\MonsterCreate.tsbackground: #aaff85; color: #000;color: #000;
2026-7-3 14:02:06-debug: refresh db assets success
2026-7-3 14:02:06-debug: refresh db super-packager success
2026-7-3 14:02:06-debug: Run asset db hook engine-extends:afterRefresh success!
2026-7-3 14:02:06-debug: Run asset db hook engine-extends:afterRefresh ...
2026-7-3 14:02:06-debug: asset-db:refresh-all-database (323ms)
2026-7-3 14:02:06-debug: asset-db:worker-effect-data-processing (3ms)
2026-7-3 14:02:06-debug: asset-db-hook-engine-extends-afterRefresh (4ms)
2026-7-3 14:02:09-debug: Query all assets info in project
2026-7-3 14:02:09-debug: init custom config: keepNodeUuid: false, useCache: true
2026-7-3 14:02:09-debug: Skip compress image, progress: 0%
2026-7-3 14:02:09-debug: Init all bundles start..., progress: 0%
2026-7-3 14:02:09-debug: Num of bundles: 3..., progress: 0%
2026-7-3 14:02:09-debug: 查询 Asset Bundle start, progress: 0%
2026-7-3 14:02:09-debug: // ---- build task 查询 Asset Bundle ----
2026-7-3 14:02:09-debug: Init bundle root assets start..., progress: 0%
2026-7-3 14:02:09-debug: Query preload assets/scripts from cc.config.json: 60f7195c-ec2a-45eb-ba94-8955f60e81d0,1c02ae6f-4492-4915-b8f8-7492a3b1e4cd,810e96e4-e456-4468-9b59-f4e8f39732c0,efe8e2a3-eace-427b-b4f1-cb8a937ec77d,e9aa9a3e-5b2b-4ac7-a2c7-073de2b2b24f,8bbdbcdd-5cd4-4100-b6d5-b7c9625b6107,50f4348b-c883-4e2f-8f11-ce233b859fa1,fda095cb-831d-4601-ad94-846013963de8,f92806d7-1768-443f-afe8-12bcde84d0f0,dd3a144d-ab7f-41f0-82b8-2e43a090d496,f0416e68-0200-4b77-a926-4f9d16e494da,511d2633-09a7-4bdd-ac42-f778032124b3,5d45aa00-e064-4938-b314-4265f0c2258c,9361fd90-ba52-4f84-aa93-6e878fd576ca,970b0598-bcb0-4714-91fb-2e81440dccd8,bcd64cc6-2dd9-43f6-abbe-66318d332032,d930590d-bb92-4cc8-8bd1-23cd027f9edf,a3cd009f-0ab0-420d-9278-b9fdab939bbc,6a2d0734-bd9e-4ddf-946e-caa52498cb75,d1346436-ac96-4271-b863-1f4fdead95b0,971bdb23-3ff6-43eb-b422-1c30165a3663,17debcc3-0a6b-4b8a-b00b-dc58b885581e,711ebe11-f673-4cd9-9a83-63c60ba54c5b,c0143906-9aed-447e-9436-2ae8512d1b6e,14da1725-c4c2-42b4-ab08-ee0aeb6898b3,081cab31-dccd-428e-8652-f2404cc81c47,78e0584a-4343-4727-8f37-e14e65c2a2db,ba21476f-2866-4f81-9c4d-6e359316e448,871c3b6c-7379-419d-bda3-794b239ab90d,ff9b0199-ce04-4cfe-86cc-6c719f08d6e4,de1c2107-70c8-4021-8459-6399f24d01c6,cbf30902-517f-40dc-af90-a550bac27cf1,5c601d96-e4c7-4698-991b-7ee674b11079
2026-7-3 14:02:09-debug:   Number of all scenes: 5
2026-7-3 14:02:09-debug:   Number of all scripts: 109
2026-7-3 14:02:09-debug:   Number of other assets: 1158
2026-7-3 14:02:09-debug: Init bundle root assets success..., progress: 0%
2026-7-3 14:02:09-debug: // ---- build task 查询 Asset Bundle ---- (17ms)
2026-7-3 14:02:09-log: run build task 查询 Asset Bundle success in 17 ms√, progress: 5%
2026-7-3 14:02:09-debug: [Build Memory track]: 查询 Asset Bundle start:303.77MB, end 300.05MB, increase: -3815.05KB
2026-7-3 14:02:09-debug: 查询 Asset Bundle start, progress: 5%
2026-7-3 14:02:09-debug: // ---- build task 查询 Asset Bundle ----
2026-7-3 14:02:09-debug: // ---- build task 查询 Asset Bundle ---- (5ms)
2026-7-3 14:02:09-log: run build task 查询 Asset Bundle success in 5 ms√, progress: 10%
2026-7-3 14:02:09-debug: [Build Memory track]: 查询 Asset Bundle start:300.08MB, end 300.31MB, increase: 232.54KB
2026-7-3 14:02:09-debug: 整理部分构建选项内数据到 settings.json start, progress: 10%
2026-7-3 14:02:09-debug: // ---- build task 整理部分构建选项内数据到 settings.json ----
2026-7-3 14:02:09-debug: // ---- build task 整理部分构建选项内数据到 settings.json ---- (1ms)
2026-7-3 14:02:09-log: run build task 整理部分构建选项内数据到 settings.json success in 1 ms√, progress: 12%
2026-7-3 14:02:09-debug: // ---- build task 填充脚本数据到 settings.json ----
2026-7-3 14:02:09-debug: [Build Memory track]: 整理部分构建选项内数据到 settings.json start:300.34MB, end 300.37MB, increase: 29.72KB
2026-7-3 14:02:09-debug: 填充脚本数据到 settings.json start, progress: 12%
2026-7-3 14:02:09-debug: // ---- build task 填充脚本数据到 settings.json ---- (1ms)
2026-7-3 14:02:09-log: run build task 填充脚本数据到 settings.json success in 1 ms√, progress: 13%
2026-7-3 14:02:09-debug: 整理部分构建选项内数据到 settings.json start, progress: 13%
2026-7-3 14:02:09-debug: [Build Memory track]: 填充脚本数据到 settings.json start:300.41MB, end 300.44MB, increase: 29.14KB
2026-7-3 14:02:09-debug: // ---- build task 整理部分构建选项内数据到 settings.json ----
2026-7-3 14:02:09-debug: // ---- build task 整理部分构建选项内数据到 settings.json ---- (8ms)
2026-7-3 14:02:09-log: run build task 整理部分构建选项内数据到 settings.json success in 8 ms√, progress: 15%
2026-7-3 14:02:09-debug: [Build Memory track]: 整理部分构建选项内数据到 settings.json start:300.47MB, end 300.53MB, increase: 65.48KB
2026-7-3 14:23:56-debug: refresh db internal success
2026-7-3 14:23:56-debug: %cImport%c: D:\工程项目\PlayableAD\Cocos\TheW\20260615_HYQ\HYQ_Project\assets\Script\functionS\Monster\MonsterCreate.tsbackground: #aaff85; color: #000;color: #000;
2026-7-3 14:23:56-debug: refresh db assets success
2026-7-3 14:23:56-debug: refresh db super-packager success
2026-7-3 14:23:56-debug: Run asset db hook engine-extends:afterRefresh ...
2026-7-3 14:23:56-debug: Run asset db hook engine-extends:afterRefresh success!
2026-7-3 14:23:56-debug: asset-db:refresh-all-database (442ms)
2026-7-3 14:23:56-debug: asset-db:worker-effect-data-processing (2ms)
2026-7-3 14:23:56-debug: asset-db-hook-engine-extends-afterRefresh (3ms)
2026-7-3 14:23:59-debug: Query all assets info in project
2026-7-3 14:23:59-debug: init custom config: keepNodeUuid: false, useCache: true
2026-7-3 14:23:59-debug: Skip compress image, progress: 0%
2026-7-3 14:23:59-debug: Init all bundles start..., progress: 0%
2026-7-3 14:23:59-debug: Num of bundles: 3..., progress: 0%
2026-7-3 14:23:59-debug: 查询 Asset Bundle start, progress: 0%
2026-7-3 14:23:59-debug: // ---- build task 查询 Asset Bundle ----
2026-7-3 14:23:59-debug: Init bundle root assets start..., progress: 0%
2026-7-3 14:23:59-debug: Query preload assets/scripts from cc.config.json: 60f7195c-ec2a-45eb-ba94-8955f60e81d0,1c02ae6f-4492-4915-b8f8-7492a3b1e4cd,810e96e4-e456-4468-9b59-f4e8f39732c0,efe8e2a3-eace-427b-b4f1-cb8a937ec77d,e9aa9a3e-5b2b-4ac7-a2c7-073de2b2b24f,8bbdbcdd-5cd4-4100-b6d5-b7c9625b6107,50f4348b-c883-4e2f-8f11-ce233b859fa1,fda095cb-831d-4601-ad94-846013963de8,f92806d7-1768-443f-afe8-12bcde84d0f0,dd3a144d-ab7f-41f0-82b8-2e43a090d496,f0416e68-0200-4b77-a926-4f9d16e494da,511d2633-09a7-4bdd-ac42-f778032124b3,5d45aa00-e064-4938-b314-4265f0c2258c,9361fd90-ba52-4f84-aa93-6e878fd576ca,970b0598-bcb0-4714-91fb-2e81440dccd8,bcd64cc6-2dd9-43f6-abbe-66318d332032,d930590d-bb92-4cc8-8bd1-23cd027f9edf,a3cd009f-0ab0-420d-9278-b9fdab939bbc,6a2d0734-bd9e-4ddf-946e-caa52498cb75,d1346436-ac96-4271-b863-1f4fdead95b0,971bdb23-3ff6-43eb-b422-1c30165a3663,17debcc3-0a6b-4b8a-b00b-dc58b885581e,711ebe11-f673-4cd9-9a83-63c60ba54c5b,c0143906-9aed-447e-9436-2ae8512d1b6e,14da1725-c4c2-42b4-ab08-ee0aeb6898b3,081cab31-dccd-428e-8652-f2404cc81c47,78e0584a-4343-4727-8f37-e14e65c2a2db,ba21476f-2866-4f81-9c4d-6e359316e448,871c3b6c-7379-419d-bda3-794b239ab90d,ff9b0199-ce04-4cfe-86cc-6c719f08d6e4,de1c2107-70c8-4021-8459-6399f24d01c6,cbf30902-517f-40dc-af90-a550bac27cf1,5c601d96-e4c7-4698-991b-7ee674b11079
2026-7-3 14:23:59-debug:   Number of all scenes: 5
2026-7-3 14:23:59-debug:   Number of all scripts: 109
2026-7-3 14:23:59-debug:   Number of other assets: 1158
2026-7-3 14:23:59-debug: Init bundle root assets success..., progress: 0%
2026-7-3 14:23:59-debug: // ---- build task 查询 Asset Bundle ---- (26ms)
2026-7-3 14:23:59-log: run build task 查询 Asset Bundle success in 26 ms√, progress: 5%
2026-7-3 14:23:59-debug: [Build Memory track]: 查询 Asset Bundle start:277.71MB, end 279.29MB, increase: 1.58MB
2026-7-3 14:23:59-debug: 查询 Asset Bundle start, progress: 5%
2026-7-3 14:23:59-debug: // ---- build task 查询 Asset Bundle ----
2026-7-3 14:23:59-debug: // ---- build task 查询 Asset Bundle ---- (6ms)
2026-7-3 14:23:59-log: run build task 查询 Asset Bundle success in 6 ms√, progress: 10%
2026-7-3 14:23:59-debug: 整理部分构建选项内数据到 settings.json start, progress: 10%
2026-7-3 14:23:59-debug: [Build Memory track]: 查询 Asset Bundle start:279.32MB, end 279.55MB, increase: 232.38KB
2026-7-3 14:23:59-debug: // ---- build task 整理部分构建选项内数据到 settings.json ----
2026-7-3 14:23:59-debug: // ---- build task 整理部分构建选项内数据到 settings.json ---- (2ms)
2026-7-3 14:23:59-log: run build task 整理部分构建选项内数据到 settings.json success in 2 ms√, progress: 12%
2026-7-3 14:23:59-debug: 填充脚本数据到 settings.json start, progress: 12%
2026-7-3 14:23:59-debug: // ---- build task 填充脚本数据到 settings.json ----
2026-7-3 14:23:59-debug: [Build Memory track]: 整理部分构建选项内数据到 settings.json start:279.58MB, end 279.61MB, increase: 29.63KB
2026-7-3 14:23:59-debug: // ---- build task 填充脚本数据到 settings.json ---- (1ms)
2026-7-3 14:23:59-log: run build task 填充脚本数据到 settings.json success in 1 ms√, progress: 13%
2026-7-3 14:23:59-debug: [Build Memory track]: 填充脚本数据到 settings.json start:279.65MB, end 279.68MB, increase: 28.74KB
2026-7-3 14:23:59-debug: 整理部分构建选项内数据到 settings.json start, progress: 13%
2026-7-3 14:23:59-debug: // ---- build task 整理部分构建选项内数据到 settings.json ----
2026-7-3 14:23:59-debug: // ---- build task 整理部分构建选项内数据到 settings.json ---- (9ms)
2026-7-3 14:23:59-log: run build task 整理部分构建选项内数据到 settings.json success in 9 ms√, progress: 15%
2026-7-3 14:23:59-debug: [Build Memory track]: 整理部分构建选项内数据到 settings.json start:279.71MB, end 275.56MB, increase: -4250.15KB
2026-7-3 14:24:48-debug: %cImport%c: D:\工程项目\PlayableAD\Cocos\TheW\20260615_HYQ\HYQ_Project\assets\Scene\Game_3D-002.scenebackground: #aaff85; color: #000;color: #000;
2026-7-3 14:24:48-debug: asset-db:reimport-assetb5805d3a-3b80-4a12-adf5-588e63a7d886 (39ms)
2026-7-3 14:24:49-debug: Query all assets info in project
2026-7-3 14:24:49-debug: init custom config: keepNodeUuid: false, useCache: true
2026-7-3 14:24:49-debug: Skip compress image, progress: 0%
2026-7-3 14:24:49-debug: Init all bundles start..., progress: 0%
2026-7-3 14:24:49-debug: // ---- build task 查询 Asset Bundle ----
2026-7-3 14:24:49-debug: Num of bundles: 3..., progress: 0%
2026-7-3 14:24:49-debug: Init bundle root assets start..., progress: 0%
2026-7-3 14:24:49-debug: 查询 Asset Bundle start, progress: 0%
2026-7-3 14:24:49-debug:   Number of all scenes: 5
2026-7-3 14:24:49-debug: Query preload assets/scripts from cc.config.json: 60f7195c-ec2a-45eb-ba94-8955f60e81d0,1c02ae6f-4492-4915-b8f8-7492a3b1e4cd,810e96e4-e456-4468-9b59-f4e8f39732c0,efe8e2a3-eace-427b-b4f1-cb8a937ec77d,e9aa9a3e-5b2b-4ac7-a2c7-073de2b2b24f,8bbdbcdd-5cd4-4100-b6d5-b7c9625b6107,50f4348b-c883-4e2f-8f11-ce233b859fa1,fda095cb-831d-4601-ad94-846013963de8,f92806d7-1768-443f-afe8-12bcde84d0f0,dd3a144d-ab7f-41f0-82b8-2e43a090d496,f0416e68-0200-4b77-a926-4f9d16e494da,511d2633-09a7-4bdd-ac42-f778032124b3,5d45aa00-e064-4938-b314-4265f0c2258c,9361fd90-ba52-4f84-aa93-6e878fd576ca,970b0598-bcb0-4714-91fb-2e81440dccd8,bcd64cc6-2dd9-43f6-abbe-66318d332032,d930590d-bb92-4cc8-8bd1-23cd027f9edf,a3cd009f-0ab0-420d-9278-b9fdab939bbc,6a2d0734-bd9e-4ddf-946e-caa52498cb75,d1346436-ac96-4271-b863-1f4fdead95b0,971bdb23-3ff6-43eb-b422-1c30165a3663,17debcc3-0a6b-4b8a-b00b-dc58b885581e,711ebe11-f673-4cd9-9a83-63c60ba54c5b,c0143906-9aed-447e-9436-2ae8512d1b6e,14da1725-c4c2-42b4-ab08-ee0aeb6898b3,081cab31-dccd-428e-8652-f2404cc81c47,78e0584a-4343-4727-8f37-e14e65c2a2db,ba21476f-2866-4f81-9c4d-6e359316e448,871c3b6c-7379-419d-bda3-794b239ab90d,ff9b0199-ce04-4cfe-86cc-6c719f08d6e4,de1c2107-70c8-4021-8459-6399f24d01c6,cbf30902-517f-40dc-af90-a550bac27cf1,5c601d96-e4c7-4698-991b-7ee674b11079
2026-7-3 14:24:49-debug:   Number of other assets: 1158
2026-7-3 14:24:49-debug: Init bundle root assets success..., progress: 0%
2026-7-3 14:24:49-debug:   Number of all scripts: 109
2026-7-3 14:24:49-debug: // ---- build task 查询 Asset Bundle ---- (17ms)
2026-7-3 14:24:49-log: run build task 查询 Asset Bundle success in 17 ms√, progress: 5%
2026-7-3 14:24:49-debug: [Build Memory track]: 查询 Asset Bundle start:278.00MB, end 278.67MB, increase: 683.98KB
2026-7-3 14:24:49-debug: 查询 Asset Bundle start, progress: 5%
2026-7-3 14:24:49-debug: // ---- build task 查询 Asset Bundle ----
2026-7-3 14:24:49-log: run build task 查询 Asset Bundle success in 12 ms√, progress: 10%
2026-7-3 14:24:49-debug: [Build Memory track]: 查询 Asset Bundle start:278.70MB, end 278.16MB, increase: -551.30KB
2026-7-3 14:24:49-debug: 整理部分构建选项内数据到 settings.json start, progress: 10%
2026-7-3 14:24:49-debug: // ---- build task 整理部分构建选项内数据到 settings.json ----
2026-7-3 14:24:49-debug: // ---- build task 查询 Asset Bundle ---- (12ms)
2026-7-3 14:24:49-debug: // ---- build task 整理部分构建选项内数据到 settings.json ---- (4ms)
2026-7-3 14:24:49-log: run build task 整理部分构建选项内数据到 settings.json success in 4 ms√, progress: 12%
2026-7-3 14:24:49-debug: 填充脚本数据到 settings.json start, progress: 12%
2026-7-3 14:24:49-debug: // ---- build task 填充脚本数据到 settings.json ----
2026-7-3 14:24:49-debug: [Build Memory track]: 整理部分构建选项内数据到 settings.json start:278.20MB, end 278.23MB, increase: 29.82KB
2026-7-3 14:24:49-debug: // ---- build task 填充脚本数据到 settings.json ---- (3ms)
2026-7-3 14:24:49-log: run build task 填充脚本数据到 settings.json success in 3 ms√, progress: 13%
2026-7-3 14:24:49-debug: [Build Memory track]: 填充脚本数据到 settings.json start:278.26MB, end 278.29MB, increase: 29.12KB
2026-7-3 14:24:49-debug: // ---- build task 整理部分构建选项内数据到 settings.json ----
2026-7-3 14:24:49-debug: 整理部分构建选项内数据到 settings.json start, progress: 13%
2026-7-3 14:24:49-debug: // ---- build task 整理部分构建选项内数据到 settings.json ---- (6ms)
2026-7-3 14:24:49-log: run build task 整理部分构建选项内数据到 settings.json success in 6 ms√, progress: 15%
2026-7-3 14:24:49-debug: [Build Memory track]: 整理部分构建选项内数据到 settings.json start:278.32MB, end 278.39MB, increase: 65.42KB
2026-7-3 14:25:21-debug: refresh db internal success
2026-7-3 14:25:21-debug: refresh db assets success
2026-7-3 14:25:21-debug: refresh db super-packager success
2026-7-3 14:25:21-debug: Run asset db hook engine-extends:afterRefresh ...
2026-7-3 14:25:21-debug: Run asset db hook engine-extends:afterRefresh success!
2026-7-3 14:25:21-debug: asset-db:refresh-all-database (231ms)
2026-7-3 14:25:21-debug: asset-db:worker-effect-data-processing (2ms)
2026-7-3 14:25:21-debug: asset-db-hook-engine-extends-afterRefresh (13ms)
2026-7-3 14:25:26-debug: %cImport%c: D:\工程项目\PlayableAD\Cocos\TheW\20260615_HYQ\HYQ_Project\assets\Scene\Game_3D-002.scenebackground: #aaff85; color: #000;color: #000;
2026-7-3 14:25:26-debug: asset-db:reimport-assetb5805d3a-3b80-4a12-adf5-588e63a7d886 (28ms)
2026-7-3 14:25:27-debug: Query all assets info in project
2026-7-3 14:25:27-debug: init custom config: keepNodeUuid: false, useCache: true
2026-7-3 14:25:27-debug: Skip compress image, progress: 0%
2026-7-3 14:25:27-debug: Init all bundles start..., progress: 0%
2026-7-3 14:25:27-debug: // ---- build task 查询 Asset Bundle ----
2026-7-3 14:25:27-debug: Init bundle root assets start..., progress: 0%
2026-7-3 14:25:27-debug: Num of bundles: 3..., progress: 0%
2026-7-3 14:25:27-debug: 查询 Asset Bundle start, progress: 0%
2026-7-3 14:25:27-debug: Query preload assets/scripts from cc.config.json: 60f7195c-ec2a-45eb-ba94-8955f60e81d0,1c02ae6f-4492-4915-b8f8-7492a3b1e4cd,810e96e4-e456-4468-9b59-f4e8f39732c0,efe8e2a3-eace-427b-b4f1-cb8a937ec77d,e9aa9a3e-5b2b-4ac7-a2c7-073de2b2b24f,8bbdbcdd-5cd4-4100-b6d5-b7c9625b6107,50f4348b-c883-4e2f-8f11-ce233b859fa1,fda095cb-831d-4601-ad94-846013963de8,f92806d7-1768-443f-afe8-12bcde84d0f0,dd3a144d-ab7f-41f0-82b8-2e43a090d496,f0416e68-0200-4b77-a926-4f9d16e494da,511d2633-09a7-4bdd-ac42-f778032124b3,5d45aa00-e064-4938-b314-4265f0c2258c,9361fd90-ba52-4f84-aa93-6e878fd576ca,970b0598-bcb0-4714-91fb-2e81440dccd8,bcd64cc6-2dd9-43f6-abbe-66318d332032,d930590d-bb92-4cc8-8bd1-23cd027f9edf,a3cd009f-0ab0-420d-9278-b9fdab939bbc,6a2d0734-bd9e-4ddf-946e-caa52498cb75,d1346436-ac96-4271-b863-1f4fdead95b0,971bdb23-3ff6-43eb-b422-1c30165a3663,17debcc3-0a6b-4b8a-b00b-dc58b885581e,711ebe11-f673-4cd9-9a83-63c60ba54c5b,c0143906-9aed-447e-9436-2ae8512d1b6e,14da1725-c4c2-42b4-ab08-ee0aeb6898b3,081cab31-dccd-428e-8652-f2404cc81c47,78e0584a-4343-4727-8f37-e14e65c2a2db,ba21476f-2866-4f81-9c4d-6e359316e448,871c3b6c-7379-419d-bda3-794b239ab90d,ff9b0199-ce04-4cfe-86cc-6c719f08d6e4,de1c2107-70c8-4021-8459-6399f24d01c6,cbf30902-517f-40dc-af90-a550bac27cf1,5c601d96-e4c7-4698-991b-7ee674b11079
2026-7-3 14:25:27-debug:   Number of all scripts: 109
2026-7-3 14:25:27-debug:   Number of other assets: 1158
2026-7-3 14:25:27-debug: Init bundle root assets success..., progress: 0%
2026-7-3 14:25:27-debug:   Number of all scenes: 5
2026-7-3 14:25:27-debug: // ---- build task 查询 Asset Bundle ---- (10ms)
2026-7-3 14:25:27-log: run build task 查询 Asset Bundle success in 10 ms√, progress: 5%
2026-7-3 14:25:27-debug: [Build Memory track]: 查询 Asset Bundle start:284.06MB, end 283.10MB, increase: -984.64KB
2026-7-3 14:25:27-debug: 查询 Asset Bundle start, progress: 5%
2026-7-3 14:25:27-debug: // ---- build task 查询 Asset Bundle ----
2026-7-3 14:25:27-debug: // ---- build task 查询 Asset Bundle ---- (5ms)
2026-7-3 14:25:27-log: run build task 查询 Asset Bundle success in 5 ms√, progress: 10%
2026-7-3 14:25:27-debug: // ---- build task 整理部分构建选项内数据到 settings.json ----
2026-7-3 14:25:27-debug: [Build Memory track]: 查询 Asset Bundle start:283.13MB, end 283.36MB, increase: 230.41KB
2026-7-3 14:25:27-debug: 整理部分构建选项内数据到 settings.json start, progress: 10%
2026-7-3 14:25:27-debug: // ---- build task 整理部分构建选项内数据到 settings.json ---- (2ms)
2026-7-3 14:25:27-log: run build task 整理部分构建选项内数据到 settings.json success in 2 ms√, progress: 12%
2026-7-3 14:25:27-debug: [Build Memory track]: 整理部分构建选项内数据到 settings.json start:283.39MB, end 283.42MB, increase: 29.76KB
2026-7-3 14:25:27-debug: 填充脚本数据到 settings.json start, progress: 12%
2026-7-3 14:25:27-debug: // ---- build task 填充脚本数据到 settings.json ----
2026-7-3 14:25:27-debug: // ---- build task 填充脚本数据到 settings.json ---- (3ms)
2026-7-3 14:25:27-log: run build task 填充脚本数据到 settings.json success in 3 ms√, progress: 13%
2026-7-3 14:25:27-debug: [Build Memory track]: 填充脚本数据到 settings.json start:283.45MB, end 283.48MB, increase: 29.07KB
2026-7-3 14:25:27-debug: 整理部分构建选项内数据到 settings.json start, progress: 13%
2026-7-3 14:25:27-debug: // ---- build task 整理部分构建选项内数据到 settings.json ----
2026-7-3 14:25:27-debug: // ---- build task 整理部分构建选项内数据到 settings.json ---- (5ms)
2026-7-3 14:25:27-log: run build task 整理部分构建选项内数据到 settings.json success in 5 ms√, progress: 15%
2026-7-3 14:25:27-debug: [Build Memory track]: 整理部分构建选项内数据到 settings.json start:283.52MB, end 283.58MB, increase: 65.53KB
2026-7-3 14:36:14-debug: refresh db internal success
2026-7-3 14:36:14-debug: %cImport%c: D:\工程项目\PlayableAD\Cocos\TheW\20260615_HYQ\HYQ_Project\assets\Script\functionS\Other\PropArms.tsbackground: #aaff85; color: #000;color: #000;
2026-7-3 14:36:14-debug: refresh db assets success
2026-7-3 14:36:14-debug: refresh db super-packager success
2026-7-3 14:36:14-debug: Run asset db hook engine-extends:afterRefresh ...
2026-7-3 14:36:14-debug: Run asset db hook engine-extends:afterRefresh success!
2026-7-3 14:36:14-debug: asset-db:worker-effect-data-processing (1ms)
2026-7-3 14:36:14-debug: asset-db:refresh-all-database (236ms)
2026-7-3 14:36:14-debug: asset-db-hook-engine-extends-afterRefresh (2ms)
2026-7-3 14:36:18-debug: Query all assets info in project
2026-7-3 14:36:18-debug: init custom config: keepNodeUuid: false, useCache: true
2026-7-3 14:36:18-debug: Skip compress image, progress: 0%
2026-7-3 14:36:18-debug: Num of bundles: 3..., progress: 0%
2026-7-3 14:36:18-debug: Init all bundles start..., progress: 0%
2026-7-3 14:36:18-debug: 查询 Asset Bundle start, progress: 0%
2026-7-3 14:36:18-debug: // ---- build task 查询 Asset Bundle ----
2026-7-3 14:36:18-debug: Init bundle root assets start..., progress: 0%
2026-7-3 14:36:18-debug: Query preload assets/scripts from cc.config.json: 60f7195c-ec2a-45eb-ba94-8955f60e81d0,1c02ae6f-4492-4915-b8f8-7492a3b1e4cd,810e96e4-e456-4468-9b59-f4e8f39732c0,efe8e2a3-eace-427b-b4f1-cb8a937ec77d,e9aa9a3e-5b2b-4ac7-a2c7-073de2b2b24f,8bbdbcdd-5cd4-4100-b6d5-b7c9625b6107,50f4348b-c883-4e2f-8f11-ce233b859fa1,fda095cb-831d-4601-ad94-846013963de8,f92806d7-1768-443f-afe8-12bcde84d0f0,dd3a144d-ab7f-41f0-82b8-2e43a090d496,f0416e68-0200-4b77-a926-4f9d16e494da,511d2633-09a7-4bdd-ac42-f778032124b3,5d45aa00-e064-4938-b314-4265f0c2258c,9361fd90-ba52-4f84-aa93-6e878fd576ca,970b0598-bcb0-4714-91fb-2e81440dccd8,bcd64cc6-2dd9-43f6-abbe-66318d332032,d930590d-bb92-4cc8-8bd1-23cd027f9edf,a3cd009f-0ab0-420d-9278-b9fdab939bbc,6a2d0734-bd9e-4ddf-946e-caa52498cb75,d1346436-ac96-4271-b863-1f4fdead95b0,971bdb23-3ff6-43eb-b422-1c30165a3663,17debcc3-0a6b-4b8a-b00b-dc58b885581e,711ebe11-f673-4cd9-9a83-63c60ba54c5b,c0143906-9aed-447e-9436-2ae8512d1b6e,14da1725-c4c2-42b4-ab08-ee0aeb6898b3,081cab31-dccd-428e-8652-f2404cc81c47,78e0584a-4343-4727-8f37-e14e65c2a2db,ba21476f-2866-4f81-9c4d-6e359316e448,871c3b6c-7379-419d-bda3-794b239ab90d,ff9b0199-ce04-4cfe-86cc-6c719f08d6e4,de1c2107-70c8-4021-8459-6399f24d01c6,cbf30902-517f-40dc-af90-a550bac27cf1,5c601d96-e4c7-4698-991b-7ee674b11079
2026-7-3 14:36:18-debug:   Number of all scenes: 5
2026-7-3 14:36:18-debug:   Number of other assets: 1158
2026-7-3 14:36:18-debug: Init bundle root assets success..., progress: 0%
2026-7-3 14:36:18-debug:   Number of all scripts: 109
2026-7-3 14:36:18-debug: // ---- build task 查询 Asset Bundle ---- (16ms)
2026-7-3 14:36:18-log: run build task 查询 Asset Bundle success in 16 ms√, progress: 5%
2026-7-3 14:36:18-debug: [Build Memory track]: 查询 Asset Bundle start:288.37MB, end 289.91MB, increase: 1.55MB
2026-7-3 14:36:18-debug: // ---- build task 查询 Asset Bundle ----
2026-7-3 14:36:18-debug: 查询 Asset Bundle start, progress: 5%
2026-7-3 14:36:18-debug: // ---- build task 查询 Asset Bundle ---- (9ms)
2026-7-3 14:36:18-log: run build task 查询 Asset Bundle success in 9 ms√, progress: 10%
2026-7-3 14:36:18-debug: [Build Memory track]: 查询 Asset Bundle start:289.95MB, end 285.69MB, increase: -4354.93KB
2026-7-3 14:36:18-debug: 整理部分构建选项内数据到 settings.json start, progress: 10%
2026-7-3 14:36:18-debug: // ---- build task 整理部分构建选项内数据到 settings.json ----
2026-7-3 14:36:18-debug: // ---- build task 整理部分构建选项内数据到 settings.json ---- (3ms)
2026-7-3 14:36:18-log: run build task 整理部分构建选项内数据到 settings.json success in 3 ms√, progress: 12%
2026-7-3 14:36:18-debug: [Build Memory track]: 整理部分构建选项内数据到 settings.json start:285.73MB, end 285.76MB, increase: 29.69KB
2026-7-3 14:36:18-debug: 填充脚本数据到 settings.json start, progress: 12%
2026-7-3 14:36:18-debug: // ---- build task 填充脚本数据到 settings.json ----
2026-7-3 14:36:18-debug: // ---- build task 填充脚本数据到 settings.json ---- (4ms)
2026-7-3 14:36:18-log: run build task 填充脚本数据到 settings.json success in 4 ms√, progress: 13%
2026-7-3 14:36:18-debug: 整理部分构建选项内数据到 settings.json start, progress: 13%
2026-7-3 14:36:18-debug: // ---- build task 整理部分构建选项内数据到 settings.json ----
2026-7-3 14:36:18-debug: [Build Memory track]: 填充脚本数据到 settings.json start:285.79MB, end 285.82MB, increase: 29.14KB
2026-7-3 14:36:18-debug: // ---- build task 整理部分构建选项内数据到 settings.json ---- (7ms)
2026-7-3 14:36:18-log: run build task 整理部分构建选项内数据到 settings.json success in 7 ms√, progress: 15%
2026-7-3 14:36:18-debug: [Build Memory track]: 整理部分构建选项内数据到 settings.json start:285.85MB, end 285.92MB, increase: 65.27KB
2026-7-3 14:37:25-debug: refresh db internal success
2026-7-3 14:37:26-debug: refresh db assets success
2026-7-3 14:37:26-debug: refresh db super-packager success
2026-7-3 14:37:26-debug: Run asset db hook engine-extends:afterRefresh ...
2026-7-3 14:37:26-debug: Run asset db hook engine-extends:afterRefresh success!
2026-7-3 14:37:26-debug: asset-db:refresh-all-database (200ms)
2026-7-3 14:37:26-debug: asset-db:worker-effect-data-processing (6ms)
2026-7-3 14:37:26-debug: asset-db-hook-engine-extends-afterRefresh (7ms)
2026-7-3 14:37:28-debug: %cImport%c: D:\工程项目\PlayableAD\Cocos\TheW\20260615_HYQ\HYQ_Project\assets\Scene\Game_3D-002.scenebackground: #aaff85; color: #000;color: #000;
2026-7-3 14:37:28-debug: asset-db:reimport-assetb5805d3a-3b80-4a12-adf5-588e63a7d886 (30ms)
2026-7-3 14:37:29-debug: Query all assets info in project
2026-7-3 14:37:29-debug: Skip compress image, progress: 0%
2026-7-3 14:37:29-debug: init custom config: keepNodeUuid: false, useCache: true
2026-7-3 14:37:29-debug: Init all bundles start..., progress: 0%
2026-7-3 14:37:29-debug: 查询 Asset Bundle start, progress: 0%
2026-7-3 14:37:29-debug: Num of bundles: 3..., progress: 0%
2026-7-3 14:37:29-debug: Init bundle root assets start..., progress: 0%
2026-7-3 14:37:29-debug: // ---- build task 查询 Asset Bundle ----
2026-7-3 14:37:29-debug: Query preload assets/scripts from cc.config.json: 60f7195c-ec2a-45eb-ba94-8955f60e81d0,1c02ae6f-4492-4915-b8f8-7492a3b1e4cd,810e96e4-e456-4468-9b59-f4e8f39732c0,efe8e2a3-eace-427b-b4f1-cb8a937ec77d,e9aa9a3e-5b2b-4ac7-a2c7-073de2b2b24f,8bbdbcdd-5cd4-4100-b6d5-b7c9625b6107,50f4348b-c883-4e2f-8f11-ce233b859fa1,fda095cb-831d-4601-ad94-846013963de8,f92806d7-1768-443f-afe8-12bcde84d0f0,dd3a144d-ab7f-41f0-82b8-2e43a090d496,f0416e68-0200-4b77-a926-4f9d16e494da,511d2633-09a7-4bdd-ac42-f778032124b3,5d45aa00-e064-4938-b314-4265f0c2258c,9361fd90-ba52-4f84-aa93-6e878fd576ca,970b0598-bcb0-4714-91fb-2e81440dccd8,bcd64cc6-2dd9-43f6-abbe-66318d332032,d930590d-bb92-4cc8-8bd1-23cd027f9edf,a3cd009f-0ab0-420d-9278-b9fdab939bbc,6a2d0734-bd9e-4ddf-946e-caa52498cb75,d1346436-ac96-4271-b863-1f4fdead95b0,971bdb23-3ff6-43eb-b422-1c30165a3663,17debcc3-0a6b-4b8a-b00b-dc58b885581e,711ebe11-f673-4cd9-9a83-63c60ba54c5b,c0143906-9aed-447e-9436-2ae8512d1b6e,14da1725-c4c2-42b4-ab08-ee0aeb6898b3,081cab31-dccd-428e-8652-f2404cc81c47,78e0584a-4343-4727-8f37-e14e65c2a2db,ba21476f-2866-4f81-9c4d-6e359316e448,871c3b6c-7379-419d-bda3-794b239ab90d,ff9b0199-ce04-4cfe-86cc-6c719f08d6e4,de1c2107-70c8-4021-8459-6399f24d01c6,cbf30902-517f-40dc-af90-a550bac27cf1,5c601d96-e4c7-4698-991b-7ee674b11079
2026-7-3 14:37:29-debug:   Number of all scenes: 5
2026-7-3 14:37:29-debug:   Number of all scripts: 109
2026-7-3 14:37:29-debug:   Number of other assets: 1158
2026-7-3 14:37:29-debug: Init bundle root assets success..., progress: 0%
2026-7-3 14:37:29-debug: // ---- build task 查询 Asset Bundle ---- (16ms)
2026-7-3 14:37:29-log: run build task 查询 Asset Bundle success in 16 ms√, progress: 5%
2026-7-3 14:37:29-debug: [Build Memory track]: 查询 Asset Bundle start:292.58MB, end 289.70MB, increase: -2946.12KB
2026-7-3 14:37:29-debug: 查询 Asset Bundle start, progress: 5%
2026-7-3 14:37:29-debug: // ---- build task 查询 Asset Bundle ----
2026-7-3 14:37:29-debug: // ---- build task 查询 Asset Bundle ---- (5ms)
2026-7-3 14:37:29-log: run build task 查询 Asset Bundle success in 5 ms√, progress: 10%
2026-7-3 14:37:29-debug: [Build Memory track]: 查询 Asset Bundle start:289.73MB, end 289.96MB, increase: 232.75KB
2026-7-3 14:37:29-debug: 整理部分构建选项内数据到 settings.json start, progress: 10%
2026-7-3 14:37:29-debug: // ---- build task 整理部分构建选项内数据到 settings.json ----
2026-7-3 14:37:29-debug: // ---- build task 整理部分构建选项内数据到 settings.json ---- (4ms)
2026-7-3 14:37:29-debug: [Build Memory track]: 整理部分构建选项内数据到 settings.json start:290.00MB, end 290.02MB, increase: 29.59KB
2026-7-3 14:37:29-log: run build task 整理部分构建选项内数据到 settings.json success in 4 ms√, progress: 12%
2026-7-3 14:37:29-debug: 填充脚本数据到 settings.json start, progress: 12%
2026-7-3 14:37:29-debug: // ---- build task 填充脚本数据到 settings.json ----
2026-7-3 14:37:29-debug: // ---- build task 填充脚本数据到 settings.json ---- (4ms)
2026-7-3 14:37:29-log: run build task 填充脚本数据到 settings.json success in 4 ms√, progress: 13%
2026-7-3 14:37:29-debug: [Build Memory track]: 填充脚本数据到 settings.json start:290.06MB, end 290.09MB, increase: 29.24KB
2026-7-3 14:37:29-debug: 整理部分构建选项内数据到 settings.json start, progress: 13%
2026-7-3 14:37:29-debug: // ---- build task 整理部分构建选项内数据到 settings.json ----
2026-7-3 14:37:29-debug: // ---- build task 整理部分构建选项内数据到 settings.json ---- (8ms)
2026-7-3 14:37:29-log: run build task 整理部分构建选项内数据到 settings.json success in 8 ms√, progress: 15%
2026-7-3 14:37:29-debug: [Build Memory track]: 整理部分构建选项内数据到 settings.json start:290.12MB, end 290.18MB, increase: 65.45KB
2026-7-3 14:48:21-debug: refresh db internal success
2026-7-3 14:48:21-debug: %cImport%c: D:\工程项目\PlayableAD\Cocos\TheW\20260615_HYQ\HYQ_Project\assets\Script\functionS\Other\ArmsUp.tsbackground: #aaff85; color: #000;color: #000;
2026-7-3 14:48:21-debug: %cImport%c: D:\工程项目\PlayableAD\Cocos\TheW\20260615_HYQ\HYQ_Project\assets\Script\functionS\Other\PropArms.tsbackground: #aaff85; color: #000;color: #000;
2026-7-3 14:48:21-debug: refresh db assets success
2026-7-3 14:48:21-debug: refresh db super-packager success
2026-7-3 14:48:21-debug: Run asset db hook engine-extends:afterRefresh ...
2026-7-3 14:48:21-debug: Run asset db hook engine-extends:afterRefresh success!
2026-7-3 14:48:21-debug: asset-db:refresh-all-database (267ms)
2026-7-3 14:48:21-debug: asset-db:worker-effect-data-processing (4ms)
2026-7-3 14:48:21-debug: asset-db-hook-engine-extends-afterRefresh (4ms)
2026-7-3 14:48:26-debug: Query all assets info in project
2026-7-3 14:48:26-debug: init custom config: keepNodeUuid: false, useCache: true
2026-7-3 14:48:26-debug: Skip compress image, progress: 0%
2026-7-3 14:48:26-debug: Init all bundles start..., progress: 0%
2026-7-3 14:48:26-debug: // ---- build task 查询 Asset Bundle ----
2026-7-3 14:48:26-debug: Init bundle root assets start..., progress: 0%
2026-7-3 14:48:26-debug: Num of bundles: 3..., progress: 0%
2026-7-3 14:48:26-debug: 查询 Asset Bundle start, progress: 0%
2026-7-3 14:48:26-debug: Query preload assets/scripts from cc.config.json: 60f7195c-ec2a-45eb-ba94-8955f60e81d0,1c02ae6f-4492-4915-b8f8-7492a3b1e4cd,810e96e4-e456-4468-9b59-f4e8f39732c0,efe8e2a3-eace-427b-b4f1-cb8a937ec77d,e9aa9a3e-5b2b-4ac7-a2c7-073de2b2b24f,8bbdbcdd-5cd4-4100-b6d5-b7c9625b6107,50f4348b-c883-4e2f-8f11-ce233b859fa1,fda095cb-831d-4601-ad94-846013963de8,f92806d7-1768-443f-afe8-12bcde84d0f0,dd3a144d-ab7f-41f0-82b8-2e43a090d496,f0416e68-0200-4b77-a926-4f9d16e494da,511d2633-09a7-4bdd-ac42-f778032124b3,5d45aa00-e064-4938-b314-4265f0c2258c,9361fd90-ba52-4f84-aa93-6e878fd576ca,970b0598-bcb0-4714-91fb-2e81440dccd8,bcd64cc6-2dd9-43f6-abbe-66318d332032,d930590d-bb92-4cc8-8bd1-23cd027f9edf,a3cd009f-0ab0-420d-9278-b9fdab939bbc,6a2d0734-bd9e-4ddf-946e-caa52498cb75,d1346436-ac96-4271-b863-1f4fdead95b0,971bdb23-3ff6-43eb-b422-1c30165a3663,17debcc3-0a6b-4b8a-b00b-dc58b885581e,711ebe11-f673-4cd9-9a83-63c60ba54c5b,c0143906-9aed-447e-9436-2ae8512d1b6e,14da1725-c4c2-42b4-ab08-ee0aeb6898b3,081cab31-dccd-428e-8652-f2404cc81c47,78e0584a-4343-4727-8f37-e14e65c2a2db,ba21476f-2866-4f81-9c4d-6e359316e448,871c3b6c-7379-419d-bda3-794b239ab90d,ff9b0199-ce04-4cfe-86cc-6c719f08d6e4,de1c2107-70c8-4021-8459-6399f24d01c6,cbf30902-517f-40dc-af90-a550bac27cf1,5c601d96-e4c7-4698-991b-7ee674b11079
2026-7-3 14:48:26-debug:   Number of all scenes: 5
2026-7-3 14:48:26-debug:   Number of all scripts: 109
2026-7-3 14:48:26-debug:   Number of other assets: 1158
2026-7-3 14:48:26-debug: Init bundle root assets success..., progress: 0%
2026-7-3 14:48:26-debug: // ---- build task 查询 Asset Bundle ---- (17ms)
2026-7-3 14:48:26-log: run build task 查询 Asset Bundle success in 17 ms√, progress: 5%
2026-7-3 14:48:26-debug: 查询 Asset Bundle start, progress: 5%
2026-7-3 14:48:26-debug: // ---- build task 查询 Asset Bundle ----
2026-7-3 14:48:26-debug: [Build Memory track]: 查询 Asset Bundle start:296.23MB, end 292.37MB, increase: -3955.31KB
2026-7-3 14:48:26-log: run build task 查询 Asset Bundle success in 5 ms√, progress: 10%
2026-7-3 14:48:26-debug: [Build Memory track]: 查询 Asset Bundle start:292.41MB, end 292.63MB, increase: 232.54KB
2026-7-3 14:48:26-debug: // ---- build task 整理部分构建选项内数据到 settings.json ----
2026-7-3 14:48:26-debug: // ---- build task 查询 Asset Bundle ---- (5ms)
2026-7-3 14:48:26-debug: 整理部分构建选项内数据到 settings.json start, progress: 10%
2026-7-3 14:48:26-debug: // ---- build task 整理部分构建选项内数据到 settings.json ---- (2ms)
2026-7-3 14:48:26-log: run build task 整理部分构建选项内数据到 settings.json success in 2 ms√, progress: 12%
2026-7-3 14:48:26-debug: [Build Memory track]: 整理部分构建选项内数据到 settings.json start:292.67MB, end 292.70MB, increase: 29.66KB
2026-7-3 14:48:26-debug: 填充脚本数据到 settings.json start, progress: 12%
2026-7-3 14:48:26-debug: // ---- build task 填充脚本数据到 settings.json ----
2026-7-3 14:48:26-debug: // ---- build task 填充脚本数据到 settings.json ---- (4ms)
2026-7-3 14:48:26-log: run build task 填充脚本数据到 settings.json success in 4 ms√, progress: 13%
2026-7-3 14:48:26-debug: [Build Memory track]: 填充脚本数据到 settings.json start:292.73MB, end 292.76MB, increase: 29.19KB
2026-7-3 14:48:26-debug: // ---- build task 整理部分构建选项内数据到 settings.json ----
2026-7-3 14:48:26-debug: 整理部分构建选项内数据到 settings.json start, progress: 13%
2026-7-3 14:48:26-debug: // ---- build task 整理部分构建选项内数据到 settings.json ---- (8ms)
2026-7-3 14:48:26-log: run build task 整理部分构建选项内数据到 settings.json success in 8 ms√, progress: 15%
2026-7-3 14:48:26-debug: [Build Memory track]: 整理部分构建选项内数据到 settings.json start:292.79MB, end 292.86MB, increase: 67.77KB
2026-7-3 14:53:04-debug: refresh db internal success
2026-7-3 14:53:05-debug: refresh db assets success
2026-7-3 14:53:05-debug: refresh db super-packager success
2026-7-3 14:53:05-debug: Run asset db hook engine-extends:afterRefresh success!
2026-7-3 14:53:05-debug: Run asset db hook engine-extends:afterRefresh ...
2026-7-3 14:53:05-debug: asset-db:refresh-all-database (297ms)
2026-7-3 14:53:05-debug: asset-db:worker-effect-data-processing (13ms)
2026-7-3 14:53:05-debug: asset-db-hook-engine-extends-afterRefresh (15ms)
2026-7-3 14:53:29-debug: refresh db internal success
2026-7-3 14:53:29-debug: refresh db assets success
2026-7-3 14:53:29-debug: refresh db super-packager success
2026-7-3 14:53:29-debug: Run asset db hook engine-extends:afterRefresh ...
2026-7-3 14:53:29-debug: Run asset db hook engine-extends:afterRefresh success!
2026-7-3 14:53:29-debug: asset-db:refresh-all-database (286ms)
2026-7-3 14:53:29-debug: asset-db:worker-effect-data-processing (3ms)
2026-7-3 14:53:29-debug: asset-db-hook-engine-extends-afterRefresh (4ms)
2026-7-3 14:53:40-debug: refresh db internal success
2026-7-3 14:53:40-debug: refresh db assets success
2026-7-3 14:53:40-debug: refresh db super-packager success
2026-7-3 14:53:40-debug: Run asset db hook engine-extends:afterRefresh ...
2026-7-3 14:53:40-debug: Run asset db hook engine-extends:afterRefresh success!
2026-7-3 14:53:40-debug: asset-db:refresh-all-database (291ms)
2026-7-3 14:53:40-debug: asset-db:worker-effect-data-processing (5ms)
2026-7-3 14:53:40-debug: asset-db-hook-engine-extends-afterRefresh (6ms)
2026-7-3 14:57:04-debug: refresh db internal success
2026-7-3 14:57:04-debug: refresh db assets success
2026-7-3 14:57:04-debug: refresh db super-packager success
2026-7-3 14:57:04-debug: Run asset db hook engine-extends:afterRefresh ...
2026-7-3 14:57:04-debug: Run asset db hook engine-extends:afterRefresh success!
2026-7-3 14:57:04-debug: asset-db:refresh-all-database (290ms)
2026-7-3 14:57:04-debug: asset-db:worker-effect-data-processing (2ms)
2026-7-3 14:57:04-debug: asset-db-hook-engine-extends-afterRefresh (3ms)
2026-7-3 14:58:00-debug: refresh db internal success
2026-7-3 14:58:00-debug: refresh db assets success
2026-7-3 14:58:00-debug: refresh db super-packager success
2026-7-3 14:58:00-debug: Run asset db hook engine-extends:afterRefresh ...
2026-7-3 14:58:00-debug: Run asset db hook engine-extends:afterRefresh success!
2026-7-3 14:58:00-debug: asset-db:refresh-all-database (314ms)
2026-7-3 14:58:00-debug: asset-db:worker-effect-data-processing (1ms)
2026-7-3 14:58:00-debug: asset-db-hook-engine-extends-afterRefresh (1ms)
2026-7-3 14:58:01-debug: refresh db internal success
2026-7-3 14:58:01-debug: refresh db assets success
2026-7-3 14:58:01-debug: refresh db super-packager success
2026-7-3 14:58:01-debug: Run asset db hook engine-extends:afterRefresh ...
2026-7-3 14:58:01-debug: Run asset db hook engine-extends:afterRefresh success!
2026-7-3 14:58:01-debug: asset-db:refresh-all-database (308ms)
2026-7-3 14:58:01-debug: asset-db:worker-effect-data-processing (3ms)
2026-7-3 14:58:01-debug: asset-db-hook-engine-extends-afterRefresh (3ms)
2026-7-3 15:05:20-debug: refresh db internal success
2026-7-3 15:05:20-debug: %cImport%c: D:\工程项目\PlayableAD\Cocos\TheW\20260615_HYQ\HYQ_Project\assets\Script\functionS\Other\CreatePropBrand.tsbackground: #aaff85; color: #000;color: #000;
2026-7-3 15:05:20-debug: %cImport%c: D:\工程项目\PlayableAD\Cocos\TheW\20260615_HYQ\HYQ_Project\assets\Script\functionS\Other\PropBrand.tsbackground: #aaff85; color: #000;color: #000;
2026-7-3 15:05:20-debug: refresh db assets success
2026-7-3 15:05:20-debug: refresh db super-packager success
2026-7-3 15:05:20-debug: Run asset db hook engine-extends:afterRefresh ...
2026-7-3 15:05:20-debug: Run asset db hook engine-extends:afterRefresh success!
2026-7-3 15:05:20-debug: asset-db:worker-effect-data-processing (1ms)
2026-7-3 15:05:20-debug: asset-db-hook-engine-extends-afterRefresh (2ms)
2026-7-3 15:05:20-debug: asset-db:refresh-all-database (260ms)
2026-7-3 15:05:23-debug: Query all assets info in project
2026-7-3 15:05:23-debug: init custom config: keepNodeUuid: false, useCache: true
2026-7-3 15:05:23-debug: Skip compress image, progress: 0%
2026-7-3 15:05:23-debug: Init all bundles start..., progress: 0%
2026-7-3 15:05:23-debug: // ---- build task 查询 Asset Bundle ----
2026-7-3 15:05:23-debug: Init bundle root assets start..., progress: 0%
2026-7-3 15:05:23-debug: Num of bundles: 3..., progress: 0%
2026-7-3 15:05:23-debug: 查询 Asset Bundle start, progress: 0%
2026-7-3 15:05:23-debug: Query preload assets/scripts from cc.config.json: 60f7195c-ec2a-45eb-ba94-8955f60e81d0,1c02ae6f-4492-4915-b8f8-7492a3b1e4cd,810e96e4-e456-4468-9b59-f4e8f39732c0,efe8e2a3-eace-427b-b4f1-cb8a937ec77d,e9aa9a3e-5b2b-4ac7-a2c7-073de2b2b24f,8bbdbcdd-5cd4-4100-b6d5-b7c9625b6107,50f4348b-c883-4e2f-8f11-ce233b859fa1,fda095cb-831d-4601-ad94-846013963de8,f92806d7-1768-443f-afe8-12bcde84d0f0,dd3a144d-ab7f-41f0-82b8-2e43a090d496,f0416e68-0200-4b77-a926-4f9d16e494da,511d2633-09a7-4bdd-ac42-f778032124b3,5d45aa00-e064-4938-b314-4265f0c2258c,9361fd90-ba52-4f84-aa93-6e878fd576ca,970b0598-bcb0-4714-91fb-2e81440dccd8,bcd64cc6-2dd9-43f6-abbe-66318d332032,d930590d-bb92-4cc8-8bd1-23cd027f9edf,a3cd009f-0ab0-420d-9278-b9fdab939bbc,6a2d0734-bd9e-4ddf-946e-caa52498cb75,d1346436-ac96-4271-b863-1f4fdead95b0,971bdb23-3ff6-43eb-b422-1c30165a3663,17debcc3-0a6b-4b8a-b00b-dc58b885581e,711ebe11-f673-4cd9-9a83-63c60ba54c5b,c0143906-9aed-447e-9436-2ae8512d1b6e,14da1725-c4c2-42b4-ab08-ee0aeb6898b3,081cab31-dccd-428e-8652-f2404cc81c47,78e0584a-4343-4727-8f37-e14e65c2a2db,ba21476f-2866-4f81-9c4d-6e359316e448,871c3b6c-7379-419d-bda3-794b239ab90d,ff9b0199-ce04-4cfe-86cc-6c719f08d6e4,de1c2107-70c8-4021-8459-6399f24d01c6,cbf30902-517f-40dc-af90-a550bac27cf1,5c601d96-e4c7-4698-991b-7ee674b11079
2026-7-3 15:05:23-debug:   Number of all scripts: 109
2026-7-3 15:05:23-debug: Init bundle root assets success..., progress: 0%
2026-7-3 15:05:23-debug:   Number of other assets: 1158
2026-7-3 15:05:23-debug: // ---- build task 查询 Asset Bundle ---- (29ms)
2026-7-3 15:05:23-log: run build task 查询 Asset Bundle success in 29 ms√, progress: 5%
2026-7-3 15:05:23-debug:   Number of all scenes: 5
2026-7-3 15:05:23-debug: [Build Memory track]: 查询 Asset Bundle start:287.60MB, end 284.24MB, increase: -3430.68KB
2026-7-3 15:05:23-debug: 查询 Asset Bundle start, progress: 5%
2026-7-3 15:05:23-debug: // ---- build task 查询 Asset Bundle ----
2026-7-3 15:05:23-debug: // ---- build task 查询 Asset Bundle ---- (5ms)
2026-7-3 15:05:23-log: run build task 查询 Asset Bundle success in 5 ms√, progress: 10%
2026-7-3 15:05:23-debug: [Build Memory track]: 查询 Asset Bundle start:284.28MB, end 284.51MB, increase: 238.60KB
2026-7-3 15:05:23-debug: 整理部分构建选项内数据到 settings.json start, progress: 10%
2026-7-3 15:05:23-debug: // ---- build task 整理部分构建选项内数据到 settings.json ----
2026-7-3 15:05:23-debug: // ---- build task 整理部分构建选项内数据到 settings.json ---- (2ms)
2026-7-3 15:05:23-log: run build task 整理部分构建选项内数据到 settings.json success in 2 ms√, progress: 12%
2026-7-3 15:05:23-debug: // ---- build task 填充脚本数据到 settings.json ----
2026-7-3 15:05:23-debug: 填充脚本数据到 settings.json start, progress: 12%
2026-7-3 15:05:23-debug: [Build Memory track]: 整理部分构建选项内数据到 settings.json start:284.55MB, end 284.58MB, increase: 29.70KB
2026-7-3 15:05:23-debug: // ---- build task 填充脚本数据到 settings.json ---- (2ms)
2026-7-3 15:05:23-log: run build task 填充脚本数据到 settings.json success in 2 ms√, progress: 13%
2026-7-3 15:05:23-debug: [Build Memory track]: 填充脚本数据到 settings.json start:284.61MB, end 284.64MB, increase: 29.18KB
2026-7-3 15:05:23-debug: 整理部分构建选项内数据到 settings.json start, progress: 13%
2026-7-3 15:05:23-debug: // ---- build task 整理部分构建选项内数据到 settings.json ----
2026-7-3 15:05:23-debug: // ---- build task 整理部分构建选项内数据到 settings.json ---- (8ms)
2026-7-3 15:05:23-log: run build task 整理部分构建选项内数据到 settings.json success in 8 ms√, progress: 15%
2026-7-3 15:05:23-debug: [Build Memory track]: 整理部分构建选项内数据到 settings.json start:284.67MB, end 284.74MB, increase: 72.28KB
2026-7-3 15:07:07-debug: refresh db internal success
2026-7-3 15:07:07-debug: refresh db assets success
2026-7-3 15:07:07-debug: refresh db super-packager success
2026-7-3 15:07:07-debug: Run asset db hook engine-extends:afterRefresh ...
2026-7-3 15:07:07-debug: Run asset db hook engine-extends:afterRefresh success!
2026-7-3 15:07:07-debug: asset-db:refresh-all-database (259ms)
2026-7-3 15:07:07-debug: asset-db:worker-effect-data-processing (2ms)
2026-7-3 15:07:07-debug: asset-db-hook-engine-extends-afterRefresh (2ms)
2026-7-3 15:10:04-debug: refresh db internal success
2026-7-3 15:10:04-debug: %cImport%c: D:\工程项目\PlayableAD\Cocos\TheW\20260615_HYQ\HYQ_Project\assets\Script\functionS\Other\CreatePropBrand.tsbackground: #aaff85; color: #000;color: #000;
2026-7-3 15:10:04-debug: %cImport%c: D:\工程项目\PlayableAD\Cocos\TheW\20260615_HYQ\HYQ_Project\assets\Script\functionS\Other\PropBrand.tsbackground: #aaff85; color: #000;color: #000;
2026-7-3 15:10:04-debug: refresh db assets success
2026-7-3 15:10:04-debug: refresh db super-packager success
2026-7-3 15:10:04-debug: Run asset db hook engine-extends:afterRefresh ...
2026-7-3 15:10:04-debug: Run asset db hook engine-extends:afterRefresh success!
2026-7-3 15:10:04-debug: asset-db:refresh-all-database (266ms)
2026-7-3 15:10:04-debug: asset-db:worker-effect-data-processing (2ms)
2026-7-3 15:10:04-debug: asset-db-hook-engine-extends-afterRefresh (3ms)
2026-7-3 15:10:07-debug: Query all assets info in project
2026-7-3 15:10:07-debug: init custom config: keepNodeUuid: false, useCache: true
2026-7-3 15:10:07-debug: Skip compress image, progress: 0%
2026-7-3 15:10:07-debug: Init all bundles start..., progress: 0%
2026-7-3 15:10:07-debug: Num of bundles: 3..., progress: 0%
2026-7-3 15:10:07-debug: 查询 Asset Bundle start, progress: 0%
2026-7-3 15:10:07-debug: // ---- build task 查询 Asset Bundle ----
2026-7-3 15:10:07-debug: Init bundle root assets start..., progress: 0%
2026-7-3 15:10:07-debug: Query preload assets/scripts from cc.config.json: 60f7195c-ec2a-45eb-ba94-8955f60e81d0,1c02ae6f-4492-4915-b8f8-7492a3b1e4cd,810e96e4-e456-4468-9b59-f4e8f39732c0,efe8e2a3-eace-427b-b4f1-cb8a937ec77d,e9aa9a3e-5b2b-4ac7-a2c7-073de2b2b24f,8bbdbcdd-5cd4-4100-b6d5-b7c9625b6107,50f4348b-c883-4e2f-8f11-ce233b859fa1,fda095cb-831d-4601-ad94-846013963de8,f92806d7-1768-443f-afe8-12bcde84d0f0,dd3a144d-ab7f-41f0-82b8-2e43a090d496,f0416e68-0200-4b77-a926-4f9d16e494da,511d2633-09a7-4bdd-ac42-f778032124b3,5d45aa00-e064-4938-b314-4265f0c2258c,9361fd90-ba52-4f84-aa93-6e878fd576ca,970b0598-bcb0-4714-91fb-2e81440dccd8,bcd64cc6-2dd9-43f6-abbe-66318d332032,d930590d-bb92-4cc8-8bd1-23cd027f9edf,a3cd009f-0ab0-420d-9278-b9fdab939bbc,6a2d0734-bd9e-4ddf-946e-caa52498cb75,d1346436-ac96-4271-b863-1f4fdead95b0,971bdb23-3ff6-43eb-b422-1c30165a3663,17debcc3-0a6b-4b8a-b00b-dc58b885581e,711ebe11-f673-4cd9-9a83-63c60ba54c5b,c0143906-9aed-447e-9436-2ae8512d1b6e,14da1725-c4c2-42b4-ab08-ee0aeb6898b3,081cab31-dccd-428e-8652-f2404cc81c47,78e0584a-4343-4727-8f37-e14e65c2a2db,ba21476f-2866-4f81-9c4d-6e359316e448,871c3b6c-7379-419d-bda3-794b239ab90d,ff9b0199-ce04-4cfe-86cc-6c719f08d6e4,de1c2107-70c8-4021-8459-6399f24d01c6,cbf30902-517f-40dc-af90-a550bac27cf1,5c601d96-e4c7-4698-991b-7ee674b11079
2026-7-3 15:10:07-debug:   Number of all scripts: 109
2026-7-3 15:10:07-debug:   Number of other assets: 1158
2026-7-3 15:10:07-debug: Init bundle root assets success..., progress: 0%
2026-7-3 15:10:07-debug: // ---- build task 查询 Asset Bundle ---- (19ms)
2026-7-3 15:10:07-log: run build task 查询 Asset Bundle success in 19 ms√, progress: 5%
2026-7-3 15:10:07-debug: [Build Memory track]: 查询 Asset Bundle start:293.36MB, end 290.00MB, increase: -3442.23KB
2026-7-3 15:10:07-debug: 查询 Asset Bundle start, progress: 5%
2026-7-3 15:10:07-debug: // ---- build task 查询 Asset Bundle ----
2026-7-3 15:10:07-debug:   Number of all scenes: 5
2026-7-3 15:10:07-debug: // ---- build task 查询 Asset Bundle ---- (7ms)
2026-7-3 15:10:07-log: run build task 查询 Asset Bundle success in 7 ms√, progress: 10%
2026-7-3 15:10:07-debug: 整理部分构建选项内数据到 settings.json start, progress: 10%
2026-7-3 15:10:07-debug: [Build Memory track]: 查询 Asset Bundle start:290.04MB, end 290.27MB, increase: 238.36KB
2026-7-3 15:10:07-debug: // ---- build task 整理部分构建选项内数据到 settings.json ----
2026-7-3 15:10:07-debug: // ---- build task 整理部分构建选项内数据到 settings.json ---- (2ms)
2026-7-3 15:10:07-log: run build task 整理部分构建选项内数据到 settings.json success in 2 ms√, progress: 12%
2026-7-3 15:10:07-debug: 填充脚本数据到 settings.json start, progress: 12%
2026-7-3 15:10:07-debug: [Build Memory track]: 整理部分构建选项内数据到 settings.json start:290.30MB, end 290.33MB, increase: 29.02KB
2026-7-3 15:10:07-debug: // ---- build task 填充脚本数据到 settings.json ----
2026-7-3 15:10:07-debug: // ---- build task 填充脚本数据到 settings.json ---- (2ms)
2026-7-3 15:10:07-log: run build task 填充脚本数据到 settings.json success in 2 ms√, progress: 13%
2026-7-3 15:10:07-debug: [Build Memory track]: 填充脚本数据到 settings.json start:290.37MB, end 290.39MB, increase: 26.41KB
2026-7-3 15:10:07-debug: 整理部分构建选项内数据到 settings.json start, progress: 13%
2026-7-3 15:10:07-debug: // ---- build task 整理部分构建选项内数据到 settings.json ----
2026-7-3 15:10:07-debug: // ---- build task 整理部分构建选项内数据到 settings.json ---- (9ms)
2026-7-3 15:10:07-log: run build task 整理部分构建选项内数据到 settings.json success in 9 ms√, progress: 15%
2026-7-3 15:10:07-debug: [Build Memory track]: 整理部分构建选项内数据到 settings.json start:290.43MB, end 290.49MB, increase: 68.62KB
2026-7-3 15:10:13-debug: refresh db internal success
2026-7-3 15:10:13-debug: refresh db assets success
2026-7-3 15:10:13-debug: refresh db super-packager success
2026-7-3 15:10:13-debug: Run asset db hook engine-extends:afterRefresh ...
2026-7-3 15:10:13-debug: Run asset db hook engine-extends:afterRefresh success!
2026-7-3 15:10:13-debug: asset-db:refresh-all-database (435ms)
2026-7-3 15:10:13-debug: asset-db:worker-effect-data-processing (2ms)
2026-7-3 15:10:13-debug: asset-db-hook-engine-extends-afterRefresh (2ms)
2026-7-3 15:10:14-debug: refresh db internal success
2026-7-3 15:10:14-debug: refresh db assets success
2026-7-3 15:10:14-debug: refresh db super-packager success
2026-7-3 15:10:14-debug: Run asset db hook engine-extends:afterRefresh ...
2026-7-3 15:10:14-debug: Run asset db hook engine-extends:afterRefresh success!
2026-7-3 15:10:14-debug: asset-db:refresh-all-database (470ms)
2026-7-3 15:10:14-debug: asset-db:worker-effect-data-processing (4ms)
2026-7-3 15:10:14-debug: asset-db-hook-engine-extends-afterRefresh (4ms)
2026-7-3 15:10:17-debug: refresh db internal success
2026-7-3 15:10:17-debug: refresh db assets success
2026-7-3 15:10:17-debug: refresh db super-packager success
2026-7-3 15:10:17-debug: Run asset db hook engine-extends:afterRefresh ...
2026-7-3 15:10:17-debug: Run asset db hook engine-extends:afterRefresh success!
2026-7-3 15:10:17-debug: asset-db:refresh-all-database (357ms)
2026-7-3 15:10:17-debug: asset-db:worker-effect-data-processing (3ms)
2026-7-3 15:10:17-debug: asset-db-hook-engine-extends-afterRefresh (3ms)
2026-7-3 15:14:07-debug: refresh db internal success
2026-7-3 15:14:07-debug: %cImport%c: D:\工程项目\PlayableAD\Cocos\TheW\20260615_HYQ\HYQ_Project\assets\Script\functionS\Other\PropBrand.tsbackground: #aaff85; color: #000;color: #000;
2026-7-3 15:14:08-debug: %cImport%c: D:\工程项目\PlayableAD\Cocos\TheW\20260615_HYQ\HYQ_Project\assets\Script\functionS\Battle\Battle3D\Bullet\BulletBattle3D.tsbackground: #aaff85; color: #000;color: #000;
2026-7-3 15:14:08-debug: refresh db assets success
2026-7-3 15:14:08-debug: refresh db super-packager success
2026-7-3 15:14:08-debug: Run asset db hook engine-extends:afterRefresh ...
2026-7-3 15:14:08-debug: Run asset db hook engine-extends:afterRefresh success!
2026-7-3 15:14:08-debug: asset-db:refresh-all-database (235ms)
2026-7-3 15:14:08-debug: asset-db:worker-effect-data-processing (3ms)
2026-7-3 15:14:08-debug: asset-db-hook-engine-extends-afterRefresh (4ms)
2026-7-3 15:14:10-debug: Query all assets info in project
2026-7-3 15:14:10-debug: init custom config: keepNodeUuid: false, useCache: true
2026-7-3 15:14:10-debug: Skip compress image, progress: 0%
2026-7-3 15:14:10-debug: Init all bundles start..., progress: 0%
2026-7-3 15:14:10-debug: Num of bundles: 3..., progress: 0%
2026-7-3 15:14:10-debug: // ---- build task 查询 Asset Bundle ----
2026-7-3 15:14:10-debug: Init bundle root assets start..., progress: 0%
2026-7-3 15:14:10-debug: 查询 Asset Bundle start, progress: 0%
2026-7-3 15:14:10-debug: Query preload assets/scripts from cc.config.json: 60f7195c-ec2a-45eb-ba94-8955f60e81d0,1c02ae6f-4492-4915-b8f8-7492a3b1e4cd,810e96e4-e456-4468-9b59-f4e8f39732c0,efe8e2a3-eace-427b-b4f1-cb8a937ec77d,e9aa9a3e-5b2b-4ac7-a2c7-073de2b2b24f,8bbdbcdd-5cd4-4100-b6d5-b7c9625b6107,50f4348b-c883-4e2f-8f11-ce233b859fa1,fda095cb-831d-4601-ad94-846013963de8,f92806d7-1768-443f-afe8-12bcde84d0f0,dd3a144d-ab7f-41f0-82b8-2e43a090d496,f0416e68-0200-4b77-a926-4f9d16e494da,511d2633-09a7-4bdd-ac42-f778032124b3,5d45aa00-e064-4938-b314-4265f0c2258c,9361fd90-ba52-4f84-aa93-6e878fd576ca,970b0598-bcb0-4714-91fb-2e81440dccd8,bcd64cc6-2dd9-43f6-abbe-66318d332032,d930590d-bb92-4cc8-8bd1-23cd027f9edf,a3cd009f-0ab0-420d-9278-b9fdab939bbc,6a2d0734-bd9e-4ddf-946e-caa52498cb75,d1346436-ac96-4271-b863-1f4fdead95b0,971bdb23-3ff6-43eb-b422-1c30165a3663,17debcc3-0a6b-4b8a-b00b-dc58b885581e,711ebe11-f673-4cd9-9a83-63c60ba54c5b,c0143906-9aed-447e-9436-2ae8512d1b6e,14da1725-c4c2-42b4-ab08-ee0aeb6898b3,081cab31-dccd-428e-8652-f2404cc81c47,78e0584a-4343-4727-8f37-e14e65c2a2db,ba21476f-2866-4f81-9c4d-6e359316e448,871c3b6c-7379-419d-bda3-794b239ab90d,ff9b0199-ce04-4cfe-86cc-6c719f08d6e4,de1c2107-70c8-4021-8459-6399f24d01c6,cbf30902-517f-40dc-af90-a550bac27cf1,5c601d96-e4c7-4698-991b-7ee674b11079
2026-7-3 15:14:10-debug:   Number of all scenes: 5
2026-7-3 15:14:10-debug: Init bundle root assets success..., progress: 0%
2026-7-3 15:14:10-debug: // ---- build task 查询 Asset Bundle ---- (16ms)
2026-7-3 15:14:10-debug:   Number of all scripts: 109
2026-7-3 15:14:10-debug:   Number of other assets: 1158
2026-7-3 15:14:10-debug: [Build Memory track]: 查询 Asset Bundle start:300.52MB, end 296.92MB, increase: -3687.24KB
2026-7-3 15:14:10-debug: // ---- build task 查询 Asset Bundle ----
2026-7-3 15:14:10-debug: 查询 Asset Bundle start, progress: 5%
2026-7-3 15:14:10-log: run build task 查询 Asset Bundle success in 16 ms√, progress: 5%
2026-7-3 15:14:10-debug: // ---- build task 查询 Asset Bundle ---- (6ms)
2026-7-3 15:14:10-log: run build task 查询 Asset Bundle success in 6 ms√, progress: 10%
2026-7-3 15:14:10-debug: 整理部分构建选项内数据到 settings.json start, progress: 10%
2026-7-3 15:14:10-debug: [Build Memory track]: 查询 Asset Bundle start:296.96MB, end 297.19MB, increase: 235.70KB
2026-7-3 15:14:10-debug: // ---- build task 整理部分构建选项内数据到 settings.json ----
2026-7-3 15:14:10-debug: // ---- build task 整理部分构建选项内数据到 settings.json ---- (2ms)
2026-7-3 15:14:10-log: run build task 整理部分构建选项内数据到 settings.json success in 2 ms√, progress: 12%
2026-7-3 15:14:10-debug: 填充脚本数据到 settings.json start, progress: 12%
2026-7-3 15:14:10-debug: [Build Memory track]: 整理部分构建选项内数据到 settings.json start:297.22MB, end 297.25MB, increase: 29.57KB
2026-7-3 15:14:10-debug: // ---- build task 填充脚本数据到 settings.json ----
2026-7-3 15:14:10-debug: // ---- build task 填充脚本数据到 settings.json ---- (2ms)
2026-7-3 15:14:10-log: run build task 填充脚本数据到 settings.json success in 2 ms√, progress: 13%
2026-7-3 15:14:10-debug: [Build Memory track]: 填充脚本数据到 settings.json start:297.29MB, end 297.31MB, increase: 29.16KB
2026-7-3 15:14:10-debug: 整理部分构建选项内数据到 settings.json start, progress: 13%
2026-7-3 15:14:10-debug: // ---- build task 整理部分构建选项内数据到 settings.json ----
2026-7-3 15:14:10-debug: // ---- build task 整理部分构建选项内数据到 settings.json ---- (6ms)
2026-7-3 15:14:10-log: run build task 整理部分构建选项内数据到 settings.json success in 6 ms√, progress: 15%
2026-7-3 15:14:10-debug: [Build Memory track]: 整理部分构建选项内数据到 settings.json start:297.35MB, end 297.41MB, increase: 65.37KB
2026-7-3 15:16:44-debug: refresh db internal success
2026-7-3 15:16:44-debug: refresh db assets success
2026-7-3 15:16:44-debug: refresh db super-packager success
2026-7-3 15:16:44-debug: Run asset db hook engine-extends:afterRefresh ...
2026-7-3 15:16:44-debug: Run asset db hook engine-extends:afterRefresh success!
2026-7-3 15:16:44-debug: asset-db:refresh-all-database (171ms)
2026-7-3 15:16:44-debug: asset-db:worker-effect-data-processing (1ms)
2026-7-3 15:16:44-debug: asset-db-hook-engine-extends-afterRefresh (2ms)
