2026-6-24 17:05:58-log: Cannot access game frame or container.
2026-6-24 17:06:00-debug: asset-db:require-engine-code (2099ms)
2026-6-24 17:06:00-log: meshopt wasm decoder initialized
2026-6-24 17:06:00-log: [bullet]:bullet wasm lib loaded.
2026-6-24 17:06:00-log: [box2d]:box2d wasm lib loaded.
2026-6-24 17:06:00-log: Cocos Creator v3.8.7
2026-6-24 17:06:00-log: Using legacy pipeline
2026-6-24 17:06:00-log: Forward render pipeline initialized.
2026-6-24 17:06:00-debug: [Assets Memory track]: asset-db:worker-init: initEngine start:33.85MB, end 80.13MB, increase: 46.28MB
2026-6-24 17:06:02-debug: [Assets Memory track]: asset-db:worker-init: initPlugin start:80.17MB, end 221.89MB, increase: 141.72MB
2026-6-24 17:06:02-debug: asset-db:worker-init: initPlugin (2581ms)
2026-6-24 17:06:02-debug: Run asset db hook programming:beforePreStart ...
2026-6-24 17:06:02-debug: [Assets Memory track]: asset-db:worker-init start:33.84MB, end 222.02MB, increase: 188.18MB
2026-6-24 17:06:02-debug: Run asset db hook engine-extends:beforePreStart success!
2026-6-24 17:06:02-debug: Run asset db hook programming:beforePreStart success!
2026-6-24 17:06:02-debug: Preimport db  success
2026-6-24 17:06:03-debug: Preimport db  success
2026-6-24 17:06:03-debug: Preimport db  success
2026-6-24 17:06:03-debug: Run asset db hook programming:afterPreStart ...
2026-6-24 17:06:02-debug: Run asset db hook engine-extends:beforePreStart ...
2026-6-24 17:06:03-debug: starting packer-driver...
2026-6-24 17:06:03-debug: asset-db:worker-init (5008ms)
2026-6-24 17:06:03-debug: asset-db-hook-programming-beforePreStart (75ms)
2026-6-24 17:06:03-debug: asset-db-hook-engine-extends-beforePreStart (74ms)
2026-6-24 17:06:03-debug: initialize scripting environment...
2026-6-24 17:06:03-debug: [[Executor]] prepare before lock
2026-6-24 17:06:03-debug: Set detail map pack:///resolution-detail-map.json: {}
2026-6-24 17:06:03-debug: Run asset db hook programming:afterPreStart success!
2026-6-24 17:06:03-debug: Run asset db hook engine-extends:afterPreStart success!
2026-6-24 17:06:03-debug: Run asset db hook engine-extends:afterPreStart ...
2026-6-24 17:06:03-debug: [[Executor]] prepare after unlock
2026-6-24 17:06:03-debug: Start up the 'internal' database...
2026-6-24 17:06:03-debug: asset-db-hook-programming-afterPreStart (583ms)
2026-6-24 17:06:03-debug: asset-db:worker-effect-data-processing (159ms)
2026-6-24 17:06:03-debug: asset-db-hook-engine-extends-afterPreStart (160ms)
2026-6-24 17:06:04-debug: Run asset db hook engine-extends:afterStartDB ...
2026-6-24 17:06:04-debug: recompile effect.bin success
2026-6-24 17:06:04-debug: Run asset db hook engine-extends:afterStartDB success!
2026-6-24 17:06:04-debug: Start up the 'assets' database...
2026-6-24 17:06:04-debug: asset-db:worker-effect-data-processing (753ms)
2026-6-24 17:06:04-debug: asset-db-hook-engine-extends-afterStartDB (753ms)
2026-6-24 17:06:05-debug: Run asset db hook engine-extends:afterStartDB ...
2026-6-24 17:06:05-debug: recompile effect.bin success
2026-6-24 17:06:05-debug: Start up the 'super-packager' database...
2026-6-24 17:06:05-debug: Run asset db hook engine-extends:afterStartDB success!
2026-6-24 17:06:05-debug: asset-db:worker-effect-data-processing (689ms)
2026-6-24 17:06:05-debug: asset-db-hook-engine-extends-afterStartDB (689ms)
2026-6-24 17:06:05-debug: Run asset db hook engine-extends:afterStartDB ...
2026-6-24 17:06:06-debug: Run asset db hook engine-extends:afterStartDB success!
2026-6-24 17:06:06-debug: [Assets Memory track]: asset-db:worker-init: startup start:222.60MB, end 259.28MB, increase: 36.69MB
2026-6-24 17:06:06-debug: lazy register asset handler text
2026-6-24 17:06:06-debug: lazy register asset handler json
2026-6-24 17:06:06-debug: lazy register asset handler spine-data
2026-6-24 17:06:06-debug: lazy register asset handler dragonbones
2026-6-24 17:06:06-debug: lazy register asset handler dragonbones-atlas
2026-6-24 17:06:06-debug: lazy register asset handler *
2026-6-24 17:06:06-debug: lazy register asset handler directory
2026-6-24 17:06:06-debug: lazy register asset handler javascript
2026-6-24 17:06:06-debug: recompile effect.bin success
2026-6-24 17:06:06-debug: lazy register asset handler typescript
2026-6-24 17:06:06-debug: lazy register asset handler scene
2026-6-24 17:06:06-debug: lazy register asset handler prefab
2026-6-24 17:06:06-debug: lazy register asset handler sprite-frame
2026-6-24 17:06:06-debug: lazy register asset handler terrain
2026-6-24 17:06:06-debug: lazy register asset handler tiled-map
2026-6-24 17:06:06-debug: lazy register asset handler sign-image
2026-6-24 17:06:06-debug: lazy register asset handler buffer
2026-6-24 17:06:06-debug: lazy register asset handler alpha-image
2026-6-24 17:06:06-debug: lazy register asset handler image
2026-6-24 17:06:06-debug: lazy register asset handler texture
2026-6-24 17:06:06-debug: lazy register asset handler render-texture
2026-6-24 17:06:06-debug: lazy register asset handler texture-cube-face
2026-6-24 17:06:06-debug: lazy register asset handler rt-sprite-frame
2026-6-24 17:06:06-debug: lazy register asset handler gltf-mesh
2026-6-24 17:06:06-debug: lazy register asset handler gltf-animation
2026-6-24 17:06:06-debug: lazy register asset handler gltf-skeleton
2026-6-24 17:06:06-debug: lazy register asset handler gltf-material
2026-6-24 17:06:06-debug: lazy register asset handler gltf-embeded-image
2026-6-24 17:06:06-debug: lazy register asset handler fbx
2026-6-24 17:06:06-debug: lazy register asset handler material
2026-6-24 17:06:06-debug: lazy register asset handler physics-material
2026-6-24 17:06:06-debug: lazy register asset handler effect
2026-6-24 17:06:06-debug: lazy register asset handler gltf-scene
2026-6-24 17:06:06-debug: lazy register asset handler effect-header
2026-6-24 17:06:06-debug: lazy register asset handler audio-clip
2026-6-24 17:06:06-debug: lazy register asset handler animation-clip
2026-6-24 17:06:06-debug: lazy register asset handler animation-graph
2026-6-24 17:06:06-debug: lazy register asset handler animation-graph-variant
2026-6-24 17:06:06-debug: lazy register asset handler ttf-font
2026-6-24 17:06:06-debug: lazy register asset handler animation-mask
2026-6-24 17:06:06-debug: lazy register asset handler bitmap-font
2026-6-24 17:06:06-debug: lazy register asset handler gltf
2026-6-24 17:06:06-debug: lazy register asset handler particle
2026-6-24 17:06:06-debug: lazy register asset handler erp-texture-cube
2026-6-24 17:06:06-debug: lazy register asset handler label-atlas
2026-6-24 17:06:06-debug: lazy register asset handler render-pipeline
2026-6-24 17:06:06-debug: lazy register asset handler render-stage
2026-6-24 17:06:06-debug: lazy register asset handler render-flow
2026-6-24 17:06:06-debug: lazy register asset handler instantiation-material
2026-6-24 17:06:06-debug: lazy register asset handler instantiation-mesh
2026-6-24 17:06:06-debug: lazy register asset handler instantiation-skeleton
2026-6-24 17:06:06-debug: lazy register asset handler instantiation-animation
2026-6-24 17:06:06-debug: lazy register asset handler video-clip
2026-6-24 17:06:06-debug: lazy register asset handler texture-cube
2026-6-24 17:06:06-debug: lazy register asset handler auto-atlas
2026-6-24 17:06:06-debug: lazy register asset handler sprite-atlas
2026-6-24 17:06:06-debug: asset-db:worker-effect-data-processing (583ms)
2026-6-24 17:06:06-debug: asset-db-hook-engine-extends-afterStartDB (584ms)
2026-6-24 17:06:06-debug: asset-db:start-database (3381ms)
2026-6-24 17:06:06-debug: asset-db:ready (13398ms)
2026-6-24 17:06:06-debug: init worker message success
2026-6-24 17:06:06-debug: programming:execute-script (16ms)
2026-6-24 17:06:08-log: [SUPER_PACKAGE]async function() {
  console.log(PACKAGE_NAME, load);
}
2026-6-24 17:06:08-debug: [Build Memory track]: builder:worker-init start:247.63MB, end 280.45MB, increase: 32.83MB
2026-6-24 17:06:08-debug: builder:worker-init (1899ms)
2026-6-24 17:06:21-debug: %cImport%c: D:\工程项目\PlayableAD\Cocos\TheW\20260615_HYQ\HYQ_Project\assets\Scene\Game_3D-002.scenebackground: #aaff85; color: #000;color: #000;
2026-6-24 17:06:21-debug: asset-db:reimport-assetb5805d3a-3b80-4a12-adf5-588e63a7d886 (29ms)
2026-6-24 17:06:27-debug: Query all assets info in project
2026-6-24 17:06:27-debug: init custom config: keepNodeUuid: false, useCache: true
2026-6-24 17:06:27-debug: Skip compress image, progress: 0%
2026-6-24 17:06:27-debug: Init all bundles start..., progress: 0%
2026-6-24 17:06:27-debug: Num of bundles: 3..., progress: 0%
2026-6-24 17:06:27-debug: 查询 Asset Bundle start, progress: 0%
2026-6-24 17:06:27-debug: Init bundle root assets start..., progress: 0%
2026-6-24 17:06:27-debug: // ---- build task 查询 Asset Bundle ----
2026-6-24 17:06:27-debug: Query preload assets/scripts from cc.config.json: 60f7195c-ec2a-45eb-ba94-8955f60e81d0,1c02ae6f-4492-4915-b8f8-7492a3b1e4cd,810e96e4-e456-4468-9b59-f4e8f39732c0,efe8e2a3-eace-427b-b4f1-cb8a937ec77d,e9aa9a3e-5b2b-4ac7-a2c7-073de2b2b24f,8bbdbcdd-5cd4-4100-b6d5-b7c9625b6107,50f4348b-c883-4e2f-8f11-ce233b859fa1,fda095cb-831d-4601-ad94-846013963de8,f92806d7-1768-443f-afe8-12bcde84d0f0,dd3a144d-ab7f-41f0-82b8-2e43a090d496,f0416e68-0200-4b77-a926-4f9d16e494da,511d2633-09a7-4bdd-ac42-f778032124b3,5d45aa00-e064-4938-b314-4265f0c2258c,9361fd90-ba52-4f84-aa93-6e878fd576ca,970b0598-bcb0-4714-91fb-2e81440dccd8,bcd64cc6-2dd9-43f6-abbe-66318d332032,d930590d-bb92-4cc8-8bd1-23cd027f9edf,a3cd009f-0ab0-420d-9278-b9fdab939bbc,6a2d0734-bd9e-4ddf-946e-caa52498cb75,d1346436-ac96-4271-b863-1f4fdead95b0,971bdb23-3ff6-43eb-b422-1c30165a3663,17debcc3-0a6b-4b8a-b00b-dc58b885581e,711ebe11-f673-4cd9-9a83-63c60ba54c5b,c0143906-9aed-447e-9436-2ae8512d1b6e,14da1725-c4c2-42b4-ab08-ee0aeb6898b3,081cab31-dccd-428e-8652-f2404cc81c47,78e0584a-4343-4727-8f37-e14e65c2a2db,ba21476f-2866-4f81-9c4d-6e359316e448,871c3b6c-7379-419d-bda3-794b239ab90d,ff9b0199-ce04-4cfe-86cc-6c719f08d6e4,de1c2107-70c8-4021-8459-6399f24d01c6,cbf30902-517f-40dc-af90-a550bac27cf1,5c601d96-e4c7-4698-991b-7ee674b11079
2026-6-24 17:06:27-debug:   Number of all scenes: 5
2026-6-24 17:06:27-debug:   Number of all scripts: 109
2026-6-24 17:06:27-debug:   Number of other assets: 1153
2026-6-24 17:06:27-debug: Init bundle root assets success..., progress: 0%
2026-6-24 17:06:27-debug: // ---- build task 查询 Asset Bundle ---- (26ms)
2026-6-24 17:06:27-log: run build task 查询 Asset Bundle success in 26 ms√, progress: 5%
2026-6-24 17:06:27-debug: [Build Memory track]: 查询 Asset Bundle start:241.46MB, end 241.43MB, increase: -21.58KB
2026-6-24 17:06:27-debug: // ---- build task 查询 Asset Bundle ----
2026-6-24 17:06:27-debug: 查询 Asset Bundle start, progress: 5%
2026-6-24 17:06:27-debug: // ---- build task 查询 Asset Bundle ---- (7ms)
2026-6-24 17:06:27-log: run build task 查询 Asset Bundle success in 7 ms√, progress: 10%
2026-6-24 17:06:27-debug: [Build Memory track]: 查询 Asset Bundle start:241.48MB, end 241.74MB, increase: 266.63KB
2026-6-24 17:06:27-debug: 整理部分构建选项内数据到 settings.json start, progress: 10%
2026-6-24 17:06:27-debug: // ---- build task 整理部分构建选项内数据到 settings.json ----
2026-6-24 17:06:27-debug: // ---- build task 整理部分构建选项内数据到 settings.json ---- (2ms)
2026-6-24 17:06:27-log: run build task 整理部分构建选项内数据到 settings.json success in 2 ms√, progress: 12%
2026-6-24 17:06:27-debug: 填充脚本数据到 settings.json start, progress: 12%
2026-6-24 17:06:27-debug: // ---- build task 填充脚本数据到 settings.json ----
2026-6-24 17:06:27-debug: [Build Memory track]: 整理部分构建选项内数据到 settings.json start:241.79MB, end 241.82MB, increase: 38.88KB
2026-6-24 17:06:27-log: run build task 填充脚本数据到 settings.json success in 2 ms√, progress: 13%
2026-6-24 17:06:27-debug: [Build Memory track]: 填充脚本数据到 settings.json start:241.87MB, end 241.91MB, increase: 36.30KB
2026-6-24 17:06:27-debug: 整理部分构建选项内数据到 settings.json start, progress: 13%
2026-6-24 17:06:27-debug: // ---- build task 整理部分构建选项内数据到 settings.json ----
2026-6-24 17:06:27-debug: // ---- build task 填充脚本数据到 settings.json ---- (2ms)
2026-6-24 17:06:27-debug: // ---- build task 整理部分构建选项内数据到 settings.json ---- (10ms)
2026-6-24 17:06:27-debug: [Build Memory track]: 整理部分构建选项内数据到 settings.json start:241.96MB, end 242.03MB, increase: 79.54KB
2026-6-24 17:06:27-log: run build task 整理部分构建选项内数据到 settings.json success in 10 ms√, progress: 15%
2026-6-24 17:06:45-debug: Query all assets info in project
2026-6-24 17:06:45-debug: Skip compress image, progress: 0%
2026-6-24 17:06:45-debug: init custom config: keepNodeUuid: false, useCache: true
2026-6-24 17:06:45-debug: Init all bundles start..., progress: 0%
2026-6-24 17:06:45-debug: // ---- build task 查询 Asset Bundle ----
2026-6-24 17:06:45-debug: Num of bundles: 3..., progress: 0%
2026-6-24 17:06:45-debug: Init bundle root assets start..., progress: 0%
2026-6-24 17:06:45-debug: 查询 Asset Bundle start, progress: 0%
2026-6-24 17:06:45-debug: Query preload assets/scripts from cc.config.json: 60f7195c-ec2a-45eb-ba94-8955f60e81d0,1c02ae6f-4492-4915-b8f8-7492a3b1e4cd,810e96e4-e456-4468-9b59-f4e8f39732c0,efe8e2a3-eace-427b-b4f1-cb8a937ec77d,e9aa9a3e-5b2b-4ac7-a2c7-073de2b2b24f,8bbdbcdd-5cd4-4100-b6d5-b7c9625b6107,50f4348b-c883-4e2f-8f11-ce233b859fa1,fda095cb-831d-4601-ad94-846013963de8,f92806d7-1768-443f-afe8-12bcde84d0f0,dd3a144d-ab7f-41f0-82b8-2e43a090d496,f0416e68-0200-4b77-a926-4f9d16e494da,511d2633-09a7-4bdd-ac42-f778032124b3,5d45aa00-e064-4938-b314-4265f0c2258c,9361fd90-ba52-4f84-aa93-6e878fd576ca,970b0598-bcb0-4714-91fb-2e81440dccd8,bcd64cc6-2dd9-43f6-abbe-66318d332032,d930590d-bb92-4cc8-8bd1-23cd027f9edf,a3cd009f-0ab0-420d-9278-b9fdab939bbc,6a2d0734-bd9e-4ddf-946e-caa52498cb75,d1346436-ac96-4271-b863-1f4fdead95b0,971bdb23-3ff6-43eb-b422-1c30165a3663,17debcc3-0a6b-4b8a-b00b-dc58b885581e,711ebe11-f673-4cd9-9a83-63c60ba54c5b,c0143906-9aed-447e-9436-2ae8512d1b6e,14da1725-c4c2-42b4-ab08-ee0aeb6898b3,081cab31-dccd-428e-8652-f2404cc81c47,78e0584a-4343-4727-8f37-e14e65c2a2db,ba21476f-2866-4f81-9c4d-6e359316e448,871c3b6c-7379-419d-bda3-794b239ab90d,ff9b0199-ce04-4cfe-86cc-6c719f08d6e4,de1c2107-70c8-4021-8459-6399f24d01c6,cbf30902-517f-40dc-af90-a550bac27cf1,5c601d96-e4c7-4698-991b-7ee674b11079
2026-6-24 17:06:45-debug:   Number of all scripts: 109
2026-6-24 17:06:45-debug:   Number of other assets: 1153
2026-6-24 17:06:45-debug: Init bundle root assets success..., progress: 0%
2026-6-24 17:06:45-debug:   Number of all scenes: 5
2026-6-24 17:06:45-debug: // ---- build task 查询 Asset Bundle ---- (23ms)
2026-6-24 17:06:45-log: run build task 查询 Asset Bundle success in 23 ms√, progress: 5%
2026-6-24 17:06:45-debug: [Build Memory track]: 查询 Asset Bundle start:242.27MB, end 242.18MB, increase: -96.55KB
2026-6-24 17:06:45-debug: 查询 Asset Bundle start, progress: 5%
2026-6-24 17:06:45-debug: // ---- build task 查询 Asset Bundle ----
2026-6-24 17:06:45-debug: // ---- build task 查询 Asset Bundle ---- (12ms)
2026-6-24 17:06:45-log: run build task 查询 Asset Bundle success in 12 ms√, progress: 10%
2026-6-24 17:06:45-debug: [Build Memory track]: 查询 Asset Bundle start:242.22MB, end 242.46MB, increase: 243.07KB
2026-6-24 17:06:45-debug: // ---- build task 整理部分构建选项内数据到 settings.json ----
2026-6-24 17:06:45-debug: 整理部分构建选项内数据到 settings.json start, progress: 10%
2026-6-24 17:06:45-debug: // ---- build task 整理部分构建选项内数据到 settings.json ---- (1ms)
2026-6-24 17:06:45-log: run build task 整理部分构建选项内数据到 settings.json success in 1 ms√, progress: 12%
2026-6-24 17:06:45-debug: [Build Memory track]: 整理部分构建选项内数据到 settings.json start:242.51MB, end 242.54MB, increase: 35.95KB
2026-6-24 17:06:45-debug: 填充脚本数据到 settings.json start, progress: 12%
2026-6-24 17:06:45-debug: // ---- build task 填充脚本数据到 settings.json ----
2026-6-24 17:06:45-log: run build task 填充脚本数据到 settings.json success in 1 ms√, progress: 13%
2026-6-24 17:06:45-debug: [Build Memory track]: 填充脚本数据到 settings.json start:242.59MB, end 241.89MB, increase: -712.22KB
2026-6-24 17:06:45-debug: 整理部分构建选项内数据到 settings.json start, progress: 13%
2026-6-24 17:06:45-debug: // ---- build task 填充脚本数据到 settings.json ---- (1ms)
2026-6-24 17:06:45-debug: // ---- build task 整理部分构建选项内数据到 settings.json ----
2026-6-24 17:06:45-debug: // ---- build task 整理部分构建选项内数据到 settings.json ---- (4ms)
2026-6-24 17:06:45-log: run build task 整理部分构建选项内数据到 settings.json success in 4 ms√, progress: 15%
2026-6-24 17:06:45-debug: [Build Memory track]: 整理部分构建选项内数据到 settings.json start:241.94MB, end 242.01MB, increase: 74.50KB
2026-6-24 17:07:06-debug: Query all assets info in project
2026-6-24 17:07:06-debug: init custom config: keepNodeUuid: false, useCache: true
2026-6-24 17:07:06-debug: Skip compress image, progress: 0%
2026-6-24 17:07:06-debug: Init all bundles start..., progress: 0%
2026-6-24 17:07:06-debug: Num of bundles: 3..., progress: 0%
2026-6-24 17:07:06-debug: 查询 Asset Bundle start, progress: 0%
2026-6-24 17:07:06-debug: // ---- build task 查询 Asset Bundle ----
2026-6-24 17:07:06-debug: Init bundle root assets start..., progress: 0%
2026-6-24 17:07:06-debug: Query preload assets/scripts from cc.config.json: 60f7195c-ec2a-45eb-ba94-8955f60e81d0,1c02ae6f-4492-4915-b8f8-7492a3b1e4cd,810e96e4-e456-4468-9b59-f4e8f39732c0,efe8e2a3-eace-427b-b4f1-cb8a937ec77d,e9aa9a3e-5b2b-4ac7-a2c7-073de2b2b24f,8bbdbcdd-5cd4-4100-b6d5-b7c9625b6107,50f4348b-c883-4e2f-8f11-ce233b859fa1,fda095cb-831d-4601-ad94-846013963de8,f92806d7-1768-443f-afe8-12bcde84d0f0,dd3a144d-ab7f-41f0-82b8-2e43a090d496,f0416e68-0200-4b77-a926-4f9d16e494da,511d2633-09a7-4bdd-ac42-f778032124b3,5d45aa00-e064-4938-b314-4265f0c2258c,9361fd90-ba52-4f84-aa93-6e878fd576ca,970b0598-bcb0-4714-91fb-2e81440dccd8,bcd64cc6-2dd9-43f6-abbe-66318d332032,d930590d-bb92-4cc8-8bd1-23cd027f9edf,a3cd009f-0ab0-420d-9278-b9fdab939bbc,6a2d0734-bd9e-4ddf-946e-caa52498cb75,d1346436-ac96-4271-b863-1f4fdead95b0,971bdb23-3ff6-43eb-b422-1c30165a3663,17debcc3-0a6b-4b8a-b00b-dc58b885581e,711ebe11-f673-4cd9-9a83-63c60ba54c5b,c0143906-9aed-447e-9436-2ae8512d1b6e,14da1725-c4c2-42b4-ab08-ee0aeb6898b3,081cab31-dccd-428e-8652-f2404cc81c47,78e0584a-4343-4727-8f37-e14e65c2a2db,ba21476f-2866-4f81-9c4d-6e359316e448,871c3b6c-7379-419d-bda3-794b239ab90d,ff9b0199-ce04-4cfe-86cc-6c719f08d6e4,de1c2107-70c8-4021-8459-6399f24d01c6,cbf30902-517f-40dc-af90-a550bac27cf1,5c601d96-e4c7-4698-991b-7ee674b11079
2026-6-24 17:07:06-debug:   Number of all scenes: 5
2026-6-24 17:07:06-debug: Init bundle root assets success..., progress: 0%
2026-6-24 17:07:06-debug:   Number of all scripts: 109
2026-6-24 17:07:06-debug:   Number of other assets: 1153
2026-6-24 17:07:06-debug: // ---- build task 查询 Asset Bundle ---- (17ms)
2026-6-24 17:07:06-log: run build task 查询 Asset Bundle success in 17 ms√, progress: 5%
2026-6-24 17:07:06-debug: [Build Memory track]: 查询 Asset Bundle start:242.91MB, end 242.87MB, increase: -49.21KB
2026-6-24 17:07:06-debug: 查询 Asset Bundle start, progress: 5%
2026-6-24 17:07:06-debug: // ---- build task 查询 Asset Bundle ----
2026-6-24 17:07:06-debug: // ---- build task 查询 Asset Bundle ---- (5ms)
2026-6-24 17:07:06-log: run build task 查询 Asset Bundle success in 5 ms√, progress: 10%
2026-6-24 17:07:06-debug: [Build Memory track]: 查询 Asset Bundle start:242.91MB, end 242.26MB, increase: -661.41KB
2026-6-24 17:07:06-debug: 整理部分构建选项内数据到 settings.json start, progress: 10%
2026-6-24 17:07:06-debug: // ---- build task 整理部分构建选项内数据到 settings.json ----
2026-6-24 17:07:06-log: run build task 整理部分构建选项内数据到 settings.json success in 1 ms√, progress: 12%
2026-6-24 17:07:06-debug: [Build Memory track]: 整理部分构建选项内数据到 settings.json start:242.31MB, end 242.34MB, increase: 36.72KB
2026-6-24 17:07:06-debug: // ---- build task 整理部分构建选项内数据到 settings.json ---- (1ms)
2026-6-24 17:07:06-debug: 填充脚本数据到 settings.json start, progress: 12%
2026-6-24 17:07:06-debug: // ---- build task 填充脚本数据到 settings.json ----
2026-6-24 17:07:06-debug: // ---- build task 填充脚本数据到 settings.json ---- (3ms)
2026-6-24 17:07:06-log: run build task 填充脚本数据到 settings.json success in 3 ms√, progress: 13%
2026-6-24 17:07:06-debug: 整理部分构建选项内数据到 settings.json start, progress: 13%
2026-6-24 17:07:06-debug: [Build Memory track]: 填充脚本数据到 settings.json start:242.39MB, end 242.42MB, increase: 36.10KB
2026-6-24 17:07:06-debug: // ---- build task 整理部分构建选项内数据到 settings.json ----
2026-6-24 17:07:06-debug: // ---- build task 整理部分构建选项内数据到 settings.json ---- (7ms)
2026-6-24 17:07:06-log: run build task 整理部分构建选项内数据到 settings.json success in 7 ms√, progress: 15%
2026-6-24 17:07:06-debug: [Build Memory track]: 整理部分构建选项内数据到 settings.json start:242.47MB, end 242.54MB, increase: 73.04KB
2026-6-24 17:21:18-debug: refresh db internal success
2026-6-24 17:21:19-debug: %cImport%c: D:\工程项目\PlayableAD\Cocos\TheW\20260615_HYQ\HYQ_Project\assets\resources\Shaders\OilBarrelHitFlash.effectbackground: #aaff85; color: #000;color: #000;
2026-6-24 17:21:19-debug: %cImport%c: D:\工程项目\PlayableAD\Cocos\TheW\20260615_HYQ\HYQ_Project\assets\resources\Materials\OilBarrelHitFlash.mtlbackground: #aaff85; color: #000;color: #000;
2026-6-24 17:21:19-debug: %cImport%c: D:\工程项目\PlayableAD\Cocos\TheW\20260615_HYQ\HYQ_Project\assets\Script\functionS\Other\PropArms.tsbackground: #aaff85; color: #000;color: #000;
2026-6-24 17:21:19-debug: refresh db assets success
2026-6-24 17:21:19-debug: %cImport%c: D:\工程项目\PlayableAD\Cocos\TheW\20260615_HYQ\HYQ_Project\assets\resources\Materials\OilBarrelHitFlash.mtlbackground: #aaff85; color: #000;color: #000;
2026-6-24 17:21:19-debug: refresh db super-packager success
2026-6-24 17:21:19-debug: Run asset db hook engine-extends:afterRefresh ...
2026-6-24 17:21:19-debug: asset-db:refresh-all-database (300ms)
2026-6-24 17:21:19-debug: recompile effect.bin success
2026-6-24 17:21:19-debug: Run asset db hook engine-extends:afterRefresh success!
2026-6-24 17:21:19-debug: asset-db:worker-effect-data-processing (755ms)
2026-6-24 17:21:19-debug: asset-db-hook-engine-extends-afterRefresh (756ms)
2026-6-24 17:21:22-debug: Query all assets info in project
2026-6-24 17:21:22-debug: init custom config: keepNodeUuid: false, useCache: true
2026-6-24 17:21:22-debug: Skip compress image, progress: 0%
2026-6-24 17:21:22-debug: Init all bundles start..., progress: 0%
2026-6-24 17:21:22-debug: Num of bundles: 3..., progress: 0%
2026-6-24 17:21:22-debug: 查询 Asset Bundle start, progress: 0%
2026-6-24 17:21:22-debug: // ---- build task 查询 Asset Bundle ----
2026-6-24 17:21:22-debug: Init bundle root assets start..., progress: 0%
2026-6-24 17:21:22-debug: Query preload assets/scripts from cc.config.json: 60f7195c-ec2a-45eb-ba94-8955f60e81d0,1c02ae6f-4492-4915-b8f8-7492a3b1e4cd,810e96e4-e456-4468-9b59-f4e8f39732c0,efe8e2a3-eace-427b-b4f1-cb8a937ec77d,e9aa9a3e-5b2b-4ac7-a2c7-073de2b2b24f,8bbdbcdd-5cd4-4100-b6d5-b7c9625b6107,50f4348b-c883-4e2f-8f11-ce233b859fa1,fda095cb-831d-4601-ad94-846013963de8,f92806d7-1768-443f-afe8-12bcde84d0f0,dd3a144d-ab7f-41f0-82b8-2e43a090d496,f0416e68-0200-4b77-a926-4f9d16e494da,511d2633-09a7-4bdd-ac42-f778032124b3,5d45aa00-e064-4938-b314-4265f0c2258c,9361fd90-ba52-4f84-aa93-6e878fd576ca,970b0598-bcb0-4714-91fb-2e81440dccd8,bcd64cc6-2dd9-43f6-abbe-66318d332032,d930590d-bb92-4cc8-8bd1-23cd027f9edf,a3cd009f-0ab0-420d-9278-b9fdab939bbc,6a2d0734-bd9e-4ddf-946e-caa52498cb75,d1346436-ac96-4271-b863-1f4fdead95b0,971bdb23-3ff6-43eb-b422-1c30165a3663,17debcc3-0a6b-4b8a-b00b-dc58b885581e,711ebe11-f673-4cd9-9a83-63c60ba54c5b,c0143906-9aed-447e-9436-2ae8512d1b6e,14da1725-c4c2-42b4-ab08-ee0aeb6898b3,081cab31-dccd-428e-8652-f2404cc81c47,78e0584a-4343-4727-8f37-e14e65c2a2db,ba21476f-2866-4f81-9c4d-6e359316e448,871c3b6c-7379-419d-bda3-794b239ab90d,ff9b0199-ce04-4cfe-86cc-6c719f08d6e4,de1c2107-70c8-4021-8459-6399f24d01c6,cbf30902-517f-40dc-af90-a550bac27cf1,5c601d96-e4c7-4698-991b-7ee674b11079
2026-6-24 17:21:22-debug:   Number of all scenes: 5
2026-6-24 17:21:22-debug:   Number of all scripts: 109
2026-6-24 17:21:22-debug:   Number of other assets: 1153
2026-6-24 17:21:22-debug: Init bundle root assets success..., progress: 0%
2026-6-24 17:21:22-debug: // ---- build task 查询 Asset Bundle ---- (23ms)
2026-6-24 17:21:22-log: run build task 查询 Asset Bundle success in 23 ms√, progress: 5%
2026-6-24 17:21:22-debug: [Build Memory track]: 查询 Asset Bundle start:257.52MB, end 259.15MB, increase: 1.64MB
2026-6-24 17:21:22-debug: 查询 Asset Bundle start, progress: 5%
2026-6-24 17:21:22-debug: // ---- build task 查询 Asset Bundle ----
2026-6-24 17:21:22-debug: // ---- build task 查询 Asset Bundle ---- (6ms)
2026-6-24 17:21:22-log: run build task 查询 Asset Bundle success in 6 ms√, progress: 10%
2026-6-24 17:21:22-debug: 整理部分构建选项内数据到 settings.json start, progress: 10%
2026-6-24 17:21:22-debug: // ---- build task 整理部分构建选项内数据到 settings.json ----
2026-6-24 17:21:22-debug: [Build Memory track]: 查询 Asset Bundle start:259.20MB, end 259.44MB, increase: 244.12KB
2026-6-24 17:21:22-log: run build task 整理部分构建选项内数据到 settings.json success in 3 ms√, progress: 12%
2026-6-24 17:21:22-debug: [Build Memory track]: 整理部分构建选项内数据到 settings.json start:259.48MB, end 252.69MB, increase: -6957.03KB
2026-6-24 17:21:22-debug: 填充脚本数据到 settings.json start, progress: 12%
2026-6-24 17:21:22-debug: // ---- build task 填充脚本数据到 settings.json ----
2026-6-24 17:21:22-debug: // ---- build task 整理部分构建选项内数据到 settings.json ---- (3ms)
2026-6-24 17:21:22-debug: 整理部分构建选项内数据到 settings.json start, progress: 13%
2026-6-24 17:21:22-debug: [Build Memory track]: 填充脚本数据到 settings.json start:252.73MB, end 252.77MB, increase: 35.76KB
2026-6-24 17:21:22-debug: // ---- build task 整理部分构建选项内数据到 settings.json ----
2026-6-24 17:21:22-debug: // ---- build task 填充脚本数据到 settings.json ---- (3ms)
2026-6-24 17:21:22-log: run build task 填充脚本数据到 settings.json success in 3 ms√, progress: 13%
2026-6-24 17:21:22-debug: // ---- build task 整理部分构建选项内数据到 settings.json ---- (9ms)
2026-6-24 17:21:22-log: run build task 整理部分构建选项内数据到 settings.json success in 9 ms√, progress: 15%
2026-6-24 17:21:22-debug: [Build Memory track]: 整理部分构建选项内数据到 settings.json start:252.81MB, end 252.89MB, increase: 78.04KB
2026-6-24 17:22:46-debug: Query all assets info in project
2026-6-24 17:22:46-debug: init custom config: keepNodeUuid: false, useCache: true
2026-6-24 17:22:46-debug: Skip compress image, progress: 0%
2026-6-24 17:22:46-debug: Init all bundles start..., progress: 0%
2026-6-24 17:22:46-debug: 查询 Asset Bundle start, progress: 0%
2026-6-24 17:22:46-debug: // ---- build task 查询 Asset Bundle ----
2026-6-24 17:22:46-debug: Num of bundles: 3..., progress: 0%
2026-6-24 17:22:46-debug: Init bundle root assets start..., progress: 0%
2026-6-24 17:22:46-debug: Query preload assets/scripts from cc.config.json: 60f7195c-ec2a-45eb-ba94-8955f60e81d0,1c02ae6f-4492-4915-b8f8-7492a3b1e4cd,810e96e4-e456-4468-9b59-f4e8f39732c0,efe8e2a3-eace-427b-b4f1-cb8a937ec77d,e9aa9a3e-5b2b-4ac7-a2c7-073de2b2b24f,8bbdbcdd-5cd4-4100-b6d5-b7c9625b6107,50f4348b-c883-4e2f-8f11-ce233b859fa1,fda095cb-831d-4601-ad94-846013963de8,f92806d7-1768-443f-afe8-12bcde84d0f0,dd3a144d-ab7f-41f0-82b8-2e43a090d496,f0416e68-0200-4b77-a926-4f9d16e494da,511d2633-09a7-4bdd-ac42-f778032124b3,5d45aa00-e064-4938-b314-4265f0c2258c,9361fd90-ba52-4f84-aa93-6e878fd576ca,970b0598-bcb0-4714-91fb-2e81440dccd8,bcd64cc6-2dd9-43f6-abbe-66318d332032,d930590d-bb92-4cc8-8bd1-23cd027f9edf,a3cd009f-0ab0-420d-9278-b9fdab939bbc,6a2d0734-bd9e-4ddf-946e-caa52498cb75,d1346436-ac96-4271-b863-1f4fdead95b0,971bdb23-3ff6-43eb-b422-1c30165a3663,17debcc3-0a6b-4b8a-b00b-dc58b885581e,711ebe11-f673-4cd9-9a83-63c60ba54c5b,c0143906-9aed-447e-9436-2ae8512d1b6e,14da1725-c4c2-42b4-ab08-ee0aeb6898b3,081cab31-dccd-428e-8652-f2404cc81c47,78e0584a-4343-4727-8f37-e14e65c2a2db,ba21476f-2866-4f81-9c4d-6e359316e448,871c3b6c-7379-419d-bda3-794b239ab90d,ff9b0199-ce04-4cfe-86cc-6c719f08d6e4,de1c2107-70c8-4021-8459-6399f24d01c6,cbf30902-517f-40dc-af90-a550bac27cf1,5c601d96-e4c7-4698-991b-7ee674b11079
2026-6-24 17:22:46-debug:   Number of all scenes: 5
2026-6-24 17:22:46-debug:   Number of all scripts: 109
2026-6-24 17:22:46-debug: // ---- build task 查询 Asset Bundle ---- (16ms)
2026-6-24 17:22:46-debug: Init bundle root assets success..., progress: 0%
2026-6-24 17:22:46-log: run build task 查询 Asset Bundle success in 16 ms√, progress: 5%
2026-6-24 17:22:46-debug: [Build Memory track]: 查询 Asset Bundle start:257.61MB, end 253.02MB, increase: -4696.64KB
2026-6-24 17:22:46-debug:   Number of other assets: 1153
2026-6-24 17:22:46-debug: 查询 Asset Bundle start, progress: 5%
2026-6-24 17:22:46-debug: // ---- build task 查询 Asset Bundle ----
2026-6-24 17:22:46-debug: // ---- build task 查询 Asset Bundle ---- (5ms)
2026-6-24 17:22:46-log: run build task 查询 Asset Bundle success in 5 ms√, progress: 10%
2026-6-24 17:22:46-debug: [Build Memory track]: 查询 Asset Bundle start:253.06MB, end 253.31MB, increase: 246.49KB
2026-6-24 17:22:46-debug: 整理部分构建选项内数据到 settings.json start, progress: 10%
2026-6-24 17:22:46-debug: // ---- build task 整理部分构建选项内数据到 settings.json ----
2026-6-24 17:22:46-debug: // ---- build task 整理部分构建选项内数据到 settings.json ---- (1ms)
2026-6-24 17:22:46-log: run build task 整理部分构建选项内数据到 settings.json success in 1 ms√, progress: 12%
2026-6-24 17:22:46-debug: [Build Memory track]: 整理部分构建选项内数据到 settings.json start:253.35MB, end 253.39MB, increase: 36.79KB
2026-6-24 17:22:46-debug: 填充脚本数据到 settings.json start, progress: 12%
2026-6-24 17:22:46-debug: // ---- build task 填充脚本数据到 settings.json ----
2026-6-24 17:22:46-debug: // ---- build task 填充脚本数据到 settings.json ---- (1ms)
2026-6-24 17:22:46-log: run build task 填充脚本数据到 settings.json success in 1 ms√, progress: 13%
2026-6-24 17:22:46-debug: [Build Memory track]: 填充脚本数据到 settings.json start:253.43MB, end 253.47MB, increase: 35.99KB
2026-6-24 17:22:46-debug: 整理部分构建选项内数据到 settings.json start, progress: 13%
2026-6-24 17:22:46-debug: // ---- build task 整理部分构建选项内数据到 settings.json ----
2026-6-24 17:22:46-log: run build task 整理部分构建选项内数据到 settings.json success in 7 ms√, progress: 15%
2026-6-24 17:22:46-debug: [Build Memory track]: 整理部分构建选项内数据到 settings.json start:253.51MB, end 253.59MB, increase: 85.14KB
2026-6-24 17:22:46-debug: // ---- build task 整理部分构建选项内数据到 settings.json ---- (7ms)
2026-6-24 17:31:46-debug: refresh db internal success
2026-6-24 17:31:46-debug: %cImport%c: D:\工程项目\PlayableAD\Cocos\TheW\20260615_HYQ\HYQ_Project\assets\resources\Shaders\OilBarrelHitFlash.effectbackground: #aaff85; color: #000;color: #000;
2026-6-24 17:31:46-debug: %cImport%c: D:\工程项目\PlayableAD\Cocos\TheW\20260615_HYQ\HYQ_Project\assets\resources\Materials\OilBarrelHitFlash.mtlbackground: #aaff85; color: #000;color: #000;
2026-6-24 17:31:46-debug: %cImport%c: D:\工程项目\PlayableAD\Cocos\TheW\20260615_HYQ\HYQ_Project\assets\Script\functionS\Other\PropArms.tsbackground: #aaff85; color: #000;color: #000;
2026-6-24 17:31:46-debug: refresh db assets success
2026-6-24 17:31:46-debug: %cImport%c: D:\工程项目\PlayableAD\Cocos\TheW\20260615_HYQ\HYQ_Project\assets\resources\Materials\OilBarrelHitFlash.mtlbackground: #aaff85; color: #000;color: #000;
2026-6-24 17:31:46-debug: refresh db super-packager success
2026-6-24 17:31:46-debug: Run asset db hook engine-extends:afterRefresh ...
2026-6-24 17:31:46-debug: asset-db:refresh-all-database (249ms)
2026-6-24 17:31:47-debug: recompile effect.bin success
2026-6-24 17:31:47-debug: Run asset db hook engine-extends:afterRefresh success!
2026-6-24 17:31:47-debug: asset-db:worker-effect-data-processing (539ms)
2026-6-24 17:31:47-debug: asset-db-hook-engine-extends-afterRefresh (539ms)
2026-6-24 17:31:49-debug: Query all assets info in project
2026-6-24 17:31:49-debug: init custom config: keepNodeUuid: false, useCache: true
2026-6-24 17:31:49-debug: Skip compress image, progress: 0%
2026-6-24 17:31:49-debug: Init all bundles start..., progress: 0%
2026-6-24 17:31:49-debug: // ---- build task 查询 Asset Bundle ----
2026-6-24 17:31:49-debug: Num of bundles: 3..., progress: 0%
2026-6-24 17:31:49-debug: 查询 Asset Bundle start, progress: 0%
2026-6-24 17:31:49-debug: Init bundle root assets start..., progress: 0%
2026-6-24 17:31:49-debug: Query preload assets/scripts from cc.config.json: 60f7195c-ec2a-45eb-ba94-8955f60e81d0,1c02ae6f-4492-4915-b8f8-7492a3b1e4cd,810e96e4-e456-4468-9b59-f4e8f39732c0,efe8e2a3-eace-427b-b4f1-cb8a937ec77d,e9aa9a3e-5b2b-4ac7-a2c7-073de2b2b24f,8bbdbcdd-5cd4-4100-b6d5-b7c9625b6107,50f4348b-c883-4e2f-8f11-ce233b859fa1,fda095cb-831d-4601-ad94-846013963de8,f92806d7-1768-443f-afe8-12bcde84d0f0,dd3a144d-ab7f-41f0-82b8-2e43a090d496,f0416e68-0200-4b77-a926-4f9d16e494da,511d2633-09a7-4bdd-ac42-f778032124b3,5d45aa00-e064-4938-b314-4265f0c2258c,9361fd90-ba52-4f84-aa93-6e878fd576ca,970b0598-bcb0-4714-91fb-2e81440dccd8,bcd64cc6-2dd9-43f6-abbe-66318d332032,d930590d-bb92-4cc8-8bd1-23cd027f9edf,a3cd009f-0ab0-420d-9278-b9fdab939bbc,6a2d0734-bd9e-4ddf-946e-caa52498cb75,d1346436-ac96-4271-b863-1f4fdead95b0,971bdb23-3ff6-43eb-b422-1c30165a3663,17debcc3-0a6b-4b8a-b00b-dc58b885581e,711ebe11-f673-4cd9-9a83-63c60ba54c5b,c0143906-9aed-447e-9436-2ae8512d1b6e,14da1725-c4c2-42b4-ab08-ee0aeb6898b3,081cab31-dccd-428e-8652-f2404cc81c47,78e0584a-4343-4727-8f37-e14e65c2a2db,ba21476f-2866-4f81-9c4d-6e359316e448,871c3b6c-7379-419d-bda3-794b239ab90d,ff9b0199-ce04-4cfe-86cc-6c719f08d6e4,de1c2107-70c8-4021-8459-6399f24d01c6,cbf30902-517f-40dc-af90-a550bac27cf1,5c601d96-e4c7-4698-991b-7ee674b11079
2026-6-24 17:31:49-debug:   Number of all scenes: 5
2026-6-24 17:31:49-debug:   Number of all scripts: 109
2026-6-24 17:31:49-debug: Init bundle root assets success..., progress: 0%
2026-6-24 17:31:49-debug:   Number of other assets: 1153
2026-6-24 17:31:49-debug: // ---- build task 查询 Asset Bundle ---- (12ms)
2026-6-24 17:31:49-log: run build task 查询 Asset Bundle success in 12 ms√, progress: 5%
2026-6-24 17:31:49-debug: [Build Memory track]: 查询 Asset Bundle start:273.42MB, end 262.06MB, increase: -11633.83KB
2026-6-24 17:31:49-debug: 查询 Asset Bundle start, progress: 5%
2026-6-24 17:31:49-debug: // ---- build task 查询 Asset Bundle ----
2026-6-24 17:31:49-debug: // ---- build task 查询 Asset Bundle ---- (5ms)
2026-6-24 17:31:49-log: run build task 查询 Asset Bundle success in 5 ms√, progress: 10%
2026-6-24 17:31:49-debug: [Build Memory track]: 查询 Asset Bundle start:262.10MB, end 262.34MB, increase: 244.19KB
2026-6-24 17:31:49-debug: 整理部分构建选项内数据到 settings.json start, progress: 10%
2026-6-24 17:31:49-debug: // ---- build task 整理部分构建选项内数据到 settings.json ----
2026-6-24 17:31:49-debug: // ---- build task 整理部分构建选项内数据到 settings.json ---- (1ms)
2026-6-24 17:31:49-debug: [Build Memory track]: 整理部分构建选项内数据到 settings.json start:262.39MB, end 262.42MB, increase: 35.51KB
2026-6-24 17:31:49-log: run build task 整理部分构建选项内数据到 settings.json success in 1 ms√, progress: 12%
2026-6-24 17:31:49-debug: 填充脚本数据到 settings.json start, progress: 12%
2026-6-24 17:31:49-debug: // ---- build task 填充脚本数据到 settings.json ----
2026-6-24 17:31:49-debug: // ---- build task 填充脚本数据到 settings.json ---- (1ms)
2026-6-24 17:31:49-log: run build task 填充脚本数据到 settings.json success in 1 ms√, progress: 13%
2026-6-24 17:31:49-debug: [Build Memory track]: 填充脚本数据到 settings.json start:262.47MB, end 262.50MB, increase: 37.14KB
2026-6-24 17:31:49-debug: 整理部分构建选项内数据到 settings.json start, progress: 13%
2026-6-24 17:31:49-debug: // ---- build task 整理部分构建选项内数据到 settings.json ----
2026-6-24 17:31:49-debug: // ---- build task 整理部分构建选项内数据到 settings.json ---- (7ms)
2026-6-24 17:31:49-log: run build task 整理部分构建选项内数据到 settings.json success in 7 ms√, progress: 15%
2026-6-24 17:31:49-debug: [Build Memory track]: 整理部分构建选项内数据到 settings.json start:262.55MB, end 262.62MB, increase: 73.00KB
2026-6-24 17:32:11-debug: refresh db internal success
2026-6-24 17:32:11-debug: refresh db assets success
2026-6-24 17:32:11-debug: refresh db super-packager success
2026-6-24 17:32:11-debug: Run asset db hook engine-extends:afterRefresh ...
2026-6-24 17:32:11-debug: Run asset db hook engine-extends:afterRefresh success!
2026-6-24 17:32:11-debug: asset-db:refresh-all-database (284ms)
2026-6-24 17:32:11-debug: asset-db:worker-effect-data-processing (3ms)
2026-6-24 17:32:11-debug: asset-db-hook-engine-extends-afterRefresh (3ms)
2026-6-24 17:37:54-debug: refresh db internal success
2026-6-24 17:37:54-debug: refresh db assets success
2026-6-24 17:37:54-debug: refresh db super-packager success
2026-6-24 17:37:54-debug: Run asset db hook engine-extends:afterRefresh ...
2026-6-24 17:37:54-debug: Run asset db hook engine-extends:afterRefresh success!
2026-6-24 17:37:54-debug: asset-db:refresh-all-database (195ms)
2026-6-24 17:37:54-debug: asset-db:worker-effect-data-processing (1ms)
2026-6-24 17:37:54-debug: asset-db-hook-engine-extends-afterRefresh (3ms)
2026-6-24 17:38:07-debug: refresh db internal success
2026-6-24 17:38:07-debug: refresh db assets success
2026-6-24 17:38:07-debug: refresh db super-packager success
2026-6-24 17:38:07-debug: Run asset db hook engine-extends:afterRefresh ...
2026-6-24 17:38:07-debug: Run asset db hook engine-extends:afterRefresh success!
2026-6-24 17:38:07-debug: asset-db:refresh-all-database (219ms)
2026-6-24 17:38:07-debug: asset-db:worker-effect-data-processing (4ms)
2026-6-24 17:38:07-debug: asset-db-hook-engine-extends-afterRefresh (4ms)
2026-6-24 17:38:09-debug: Query all assets info in project
2026-6-24 17:38:09-debug: init custom config: keepNodeUuid: false, useCache: true
2026-6-24 17:38:09-debug: Skip compress image, progress: 0%
2026-6-24 17:38:09-debug: Init all bundles start..., progress: 0%
2026-6-24 17:38:09-debug: Num of bundles: 3..., progress: 0%
2026-6-24 17:38:09-debug: 查询 Asset Bundle start, progress: 0%
2026-6-24 17:38:09-debug: // ---- build task 查询 Asset Bundle ----
2026-6-24 17:38:09-debug: Init bundle root assets start..., progress: 0%
2026-6-24 17:38:09-debug:   Number of all scripts: 109
2026-6-24 17:38:09-debug: Query preload assets/scripts from cc.config.json: 60f7195c-ec2a-45eb-ba94-8955f60e81d0,1c02ae6f-4492-4915-b8f8-7492a3b1e4cd,810e96e4-e456-4468-9b59-f4e8f39732c0,efe8e2a3-eace-427b-b4f1-cb8a937ec77d,e9aa9a3e-5b2b-4ac7-a2c7-073de2b2b24f,8bbdbcdd-5cd4-4100-b6d5-b7c9625b6107,50f4348b-c883-4e2f-8f11-ce233b859fa1,fda095cb-831d-4601-ad94-846013963de8,f92806d7-1768-443f-afe8-12bcde84d0f0,dd3a144d-ab7f-41f0-82b8-2e43a090d496,f0416e68-0200-4b77-a926-4f9d16e494da,511d2633-09a7-4bdd-ac42-f778032124b3,5d45aa00-e064-4938-b314-4265f0c2258c,9361fd90-ba52-4f84-aa93-6e878fd576ca,970b0598-bcb0-4714-91fb-2e81440dccd8,bcd64cc6-2dd9-43f6-abbe-66318d332032,d930590d-bb92-4cc8-8bd1-23cd027f9edf,a3cd009f-0ab0-420d-9278-b9fdab939bbc,6a2d0734-bd9e-4ddf-946e-caa52498cb75,d1346436-ac96-4271-b863-1f4fdead95b0,971bdb23-3ff6-43eb-b422-1c30165a3663,17debcc3-0a6b-4b8a-b00b-dc58b885581e,711ebe11-f673-4cd9-9a83-63c60ba54c5b,c0143906-9aed-447e-9436-2ae8512d1b6e,14da1725-c4c2-42b4-ab08-ee0aeb6898b3,081cab31-dccd-428e-8652-f2404cc81c47,78e0584a-4343-4727-8f37-e14e65c2a2db,ba21476f-2866-4f81-9c4d-6e359316e448,871c3b6c-7379-419d-bda3-794b239ab90d,ff9b0199-ce04-4cfe-86cc-6c719f08d6e4,de1c2107-70c8-4021-8459-6399f24d01c6,cbf30902-517f-40dc-af90-a550bac27cf1,5c601d96-e4c7-4698-991b-7ee674b11079
2026-6-24 17:38:09-debug:   Number of other assets: 1153
2026-6-24 17:38:09-debug: Init bundle root assets success..., progress: 0%
2026-6-24 17:38:09-debug:   Number of all scenes: 5
2026-6-24 17:38:09-debug: // ---- build task 查询 Asset Bundle ---- (20ms)
2026-6-24 17:38:09-log: run build task 查询 Asset Bundle success in 20 ms√, progress: 5%
2026-6-24 17:38:09-debug: 查询 Asset Bundle start, progress: 5%
2026-6-24 17:38:09-debug: [Build Memory track]: 查询 Asset Bundle start:272.73MB, end 270.54MB, increase: -2243.37KB
2026-6-24 17:38:09-debug: // ---- build task 查询 Asset Bundle ----
2026-6-24 17:38:09-debug: // ---- build task 查询 Asset Bundle ---- (6ms)
2026-6-24 17:38:09-log: run build task 查询 Asset Bundle success in 6 ms√, progress: 10%
2026-6-24 17:38:09-debug: [Build Memory track]: 查询 Asset Bundle start:270.58MB, end 270.82MB, increase: 250.43KB
2026-6-24 17:38:09-debug: 整理部分构建选项内数据到 settings.json start, progress: 10%
2026-6-24 17:38:09-debug: // ---- build task 整理部分构建选项内数据到 settings.json ----
2026-6-24 17:38:09-debug: // ---- build task 整理部分构建选项内数据到 settings.json ---- (2ms)
2026-6-24 17:38:09-log: run build task 整理部分构建选项内数据到 settings.json success in 2 ms√, progress: 12%
2026-6-24 17:38:09-debug: [Build Memory track]: 整理部分构建选项内数据到 settings.json start:270.86MB, end 270.89MB, increase: 33.89KB
2026-6-24 17:38:09-debug: 填充脚本数据到 settings.json start, progress: 12%
2026-6-24 17:38:09-debug: // ---- build task 填充脚本数据到 settings.json ----
2026-6-24 17:38:09-debug: // ---- build task 填充脚本数据到 settings.json ---- (4ms)
2026-6-24 17:38:09-debug: [Build Memory track]: 填充脚本数据到 settings.json start:270.92MB, end 270.96MB, increase: 32.65KB
2026-6-24 17:38:09-debug: // ---- build task 整理部分构建选项内数据到 settings.json ----
2026-6-24 17:38:09-debug: 整理部分构建选项内数据到 settings.json start, progress: 13%
2026-6-24 17:38:09-log: run build task 填充脚本数据到 settings.json success in 4 ms√, progress: 13%
2026-6-24 17:38:09-debug: // ---- build task 整理部分构建选项内数据到 settings.json ---- (8ms)
2026-6-24 17:38:09-log: run build task 整理部分构建选项内数据到 settings.json success in 8 ms√, progress: 15%
2026-6-24 17:38:09-debug: [Build Memory track]: 整理部分构建选项内数据到 settings.json start:270.99MB, end 271.06MB, increase: 68.98KB
2026-6-24 17:41:51-debug: Query all assets info in project
2026-6-24 17:41:51-debug: init custom config: keepNodeUuid: false, useCache: true
2026-6-24 17:41:51-debug: Skip compress image, progress: 0%
2026-6-24 17:41:51-debug: Init all bundles start..., progress: 0%
2026-6-24 17:41:51-debug: // ---- build task 查询 Asset Bundle ----
2026-6-24 17:41:51-debug: 查询 Asset Bundle start, progress: 0%
2026-6-24 17:41:51-debug: Num of bundles: 3..., progress: 0%
2026-6-24 17:41:51-debug: Init bundle root assets start..., progress: 0%
2026-6-24 17:41:52-debug:   Number of all scenes: 5
2026-6-24 17:41:52-debug: Query preload assets/scripts from cc.config.json: 60f7195c-ec2a-45eb-ba94-8955f60e81d0,1c02ae6f-4492-4915-b8f8-7492a3b1e4cd,810e96e4-e456-4468-9b59-f4e8f39732c0,efe8e2a3-eace-427b-b4f1-cb8a937ec77d,e9aa9a3e-5b2b-4ac7-a2c7-073de2b2b24f,8bbdbcdd-5cd4-4100-b6d5-b7c9625b6107,50f4348b-c883-4e2f-8f11-ce233b859fa1,fda095cb-831d-4601-ad94-846013963de8,f92806d7-1768-443f-afe8-12bcde84d0f0,dd3a144d-ab7f-41f0-82b8-2e43a090d496,f0416e68-0200-4b77-a926-4f9d16e494da,511d2633-09a7-4bdd-ac42-f778032124b3,5d45aa00-e064-4938-b314-4265f0c2258c,9361fd90-ba52-4f84-aa93-6e878fd576ca,970b0598-bcb0-4714-91fb-2e81440dccd8,bcd64cc6-2dd9-43f6-abbe-66318d332032,d930590d-bb92-4cc8-8bd1-23cd027f9edf,a3cd009f-0ab0-420d-9278-b9fdab939bbc,6a2d0734-bd9e-4ddf-946e-caa52498cb75,d1346436-ac96-4271-b863-1f4fdead95b0,971bdb23-3ff6-43eb-b422-1c30165a3663,17debcc3-0a6b-4b8a-b00b-dc58b885581e,711ebe11-f673-4cd9-9a83-63c60ba54c5b,c0143906-9aed-447e-9436-2ae8512d1b6e,14da1725-c4c2-42b4-ab08-ee0aeb6898b3,081cab31-dccd-428e-8652-f2404cc81c47,78e0584a-4343-4727-8f37-e14e65c2a2db,ba21476f-2866-4f81-9c4d-6e359316e448,871c3b6c-7379-419d-bda3-794b239ab90d,ff9b0199-ce04-4cfe-86cc-6c719f08d6e4,de1c2107-70c8-4021-8459-6399f24d01c6,cbf30902-517f-40dc-af90-a550bac27cf1,5c601d96-e4c7-4698-991b-7ee674b11079
2026-6-24 17:41:52-debug:   Number of all scripts: 109
2026-6-24 17:41:52-debug: Init bundle root assets success..., progress: 0%
2026-6-24 17:41:52-debug:   Number of other assets: 1153
2026-6-24 17:41:52-debug: // ---- build task 查询 Asset Bundle ---- (14ms)
2026-6-24 17:41:52-log: run build task 查询 Asset Bundle success in 14 ms√, progress: 5%
2026-6-24 17:41:52-debug: 查询 Asset Bundle start, progress: 5%
2026-6-24 17:41:52-debug: [Build Memory track]: 查询 Asset Bundle start:272.60MB, end 270.46MB, increase: -2192.53KB
2026-6-24 17:41:52-debug: // ---- build task 查询 Asset Bundle ----
2026-6-24 17:41:52-debug: // ---- build task 查询 Asset Bundle ---- (10ms)
2026-6-24 17:41:52-log: run build task 查询 Asset Bundle success in 10 ms√, progress: 10%
2026-6-24 17:41:52-debug: 整理部分构建选项内数据到 settings.json start, progress: 10%
2026-6-24 17:41:52-debug: [Build Memory track]: 查询 Asset Bundle start:270.49MB, end 270.72MB, increase: 236.07KB
2026-6-24 17:41:52-debug: // ---- build task 整理部分构建选项内数据到 settings.json ----
2026-6-24 17:41:52-debug: // ---- build task 整理部分构建选项内数据到 settings.json ---- (3ms)
2026-6-24 17:41:52-log: run build task 整理部分构建选项内数据到 settings.json success in 3 ms√, progress: 12%
2026-6-24 17:41:52-debug: [Build Memory track]: 整理部分构建选项内数据到 settings.json start:270.75MB, end 270.79MB, increase: 37.48KB
2026-6-24 17:41:52-debug: 填充脚本数据到 settings.json start, progress: 12%
2026-6-24 17:41:52-debug: // ---- build task 填充脚本数据到 settings.json ----
2026-6-24 17:41:52-debug: // ---- build task 填充脚本数据到 settings.json ---- (3ms)
2026-6-24 17:41:52-log: run build task 填充脚本数据到 settings.json success in 3 ms√, progress: 13%
2026-6-24 17:41:52-debug: [Build Memory track]: 填充脚本数据到 settings.json start:270.83MB, end 270.85MB, increase: 29.10KB
2026-6-24 17:41:52-debug: 整理部分构建选项内数据到 settings.json start, progress: 13%
2026-6-24 17:41:52-debug: // ---- build task 整理部分构建选项内数据到 settings.json ----
2026-6-24 17:41:52-debug: // ---- build task 整理部分构建选项内数据到 settings.json ---- (9ms)
2026-6-24 17:41:52-log: run build task 整理部分构建选项内数据到 settings.json success in 9 ms√, progress: 15%
2026-6-24 17:41:52-debug: [Build Memory track]: 整理部分构建选项内数据到 settings.json start:270.89MB, end 270.16MB, increase: -748.04KB
2026-6-24 17:42:08-debug: refresh db internal success
2026-6-24 17:42:08-debug: %cImport%c: D:\工程项目\PlayableAD\Cocos\TheW\20260615_HYQ\HYQ_Project\assets\resources\Materials\OilBarrelHitFlash.mtlbackground: #aaff85; color: #000;color: #000;
2026-6-24 17:42:08-debug: %cImport%c: D:\工程项目\PlayableAD\Cocos\TheW\20260615_HYQ\HYQ_Project\assets\resources\Shaders\OilBarrelHitFlash.effectbackground: #aaff85; color: #000;color: #000;
2026-6-24 17:42:08-debug: %cImport%c: D:\工程项目\PlayableAD\Cocos\TheW\20260615_HYQ\HYQ_Project\assets\Script\functionS\Other\PropArms.tsbackground: #aaff85; color: #000;color: #000;
2026-6-24 17:42:08-debug: refresh db assets success
2026-6-24 17:42:08-debug: %cImport%c: D:\工程项目\PlayableAD\Cocos\TheW\20260615_HYQ\HYQ_Project\assets\resources\Materials\OilBarrelHitFlash.mtlbackground: #aaff85; color: #000;color: #000;
2026-6-24 17:42:08-debug: refresh db super-packager success
2026-6-24 17:42:08-debug: Run asset db hook engine-extends:afterRefresh ...
2026-6-24 17:42:08-debug: asset-db:refresh-all-database (455ms)
2026-6-24 17:42:09-debug: recompile effect.bin success
2026-6-24 17:42:09-debug: Run asset db hook engine-extends:afterRefresh success!
2026-6-24 17:42:09-debug: asset-db:worker-effect-data-processing (1166ms)
2026-6-24 17:42:09-debug: asset-db-hook-engine-extends-afterRefresh (1167ms)
2026-6-24 17:42:13-debug: Query all assets info in project
2026-6-24 17:42:13-debug: init custom config: keepNodeUuid: false, useCache: true
2026-6-24 17:42:13-debug: Skip compress image, progress: 0%
2026-6-24 17:42:13-debug: Init all bundles start..., progress: 0%
2026-6-24 17:42:13-debug: Num of bundles: 3..., progress: 0%
2026-6-24 17:42:13-debug: 查询 Asset Bundle start, progress: 0%
2026-6-24 17:42:13-debug: Init bundle root assets start..., progress: 0%
2026-6-24 17:42:13-debug: // ---- build task 查询 Asset Bundle ----
2026-6-24 17:42:13-debug: Query preload assets/scripts from cc.config.json: 60f7195c-ec2a-45eb-ba94-8955f60e81d0,1c02ae6f-4492-4915-b8f8-7492a3b1e4cd,810e96e4-e456-4468-9b59-f4e8f39732c0,efe8e2a3-eace-427b-b4f1-cb8a937ec77d,e9aa9a3e-5b2b-4ac7-a2c7-073de2b2b24f,8bbdbcdd-5cd4-4100-b6d5-b7c9625b6107,50f4348b-c883-4e2f-8f11-ce233b859fa1,fda095cb-831d-4601-ad94-846013963de8,f92806d7-1768-443f-afe8-12bcde84d0f0,dd3a144d-ab7f-41f0-82b8-2e43a090d496,f0416e68-0200-4b77-a926-4f9d16e494da,511d2633-09a7-4bdd-ac42-f778032124b3,5d45aa00-e064-4938-b314-4265f0c2258c,9361fd90-ba52-4f84-aa93-6e878fd576ca,970b0598-bcb0-4714-91fb-2e81440dccd8,bcd64cc6-2dd9-43f6-abbe-66318d332032,d930590d-bb92-4cc8-8bd1-23cd027f9edf,a3cd009f-0ab0-420d-9278-b9fdab939bbc,6a2d0734-bd9e-4ddf-946e-caa52498cb75,d1346436-ac96-4271-b863-1f4fdead95b0,971bdb23-3ff6-43eb-b422-1c30165a3663,17debcc3-0a6b-4b8a-b00b-dc58b885581e,711ebe11-f673-4cd9-9a83-63c60ba54c5b,c0143906-9aed-447e-9436-2ae8512d1b6e,14da1725-c4c2-42b4-ab08-ee0aeb6898b3,081cab31-dccd-428e-8652-f2404cc81c47,78e0584a-4343-4727-8f37-e14e65c2a2db,ba21476f-2866-4f81-9c4d-6e359316e448,871c3b6c-7379-419d-bda3-794b239ab90d,ff9b0199-ce04-4cfe-86cc-6c719f08d6e4,de1c2107-70c8-4021-8459-6399f24d01c6,cbf30902-517f-40dc-af90-a550bac27cf1,5c601d96-e4c7-4698-991b-7ee674b11079
2026-6-24 17:42:14-debug:   Number of all scenes: 5
2026-6-24 17:42:14-debug:   Number of all scripts: 109
2026-6-24 17:42:14-debug:   Number of other assets: 1153
2026-6-24 17:42:14-debug: Init bundle root assets success..., progress: 0%
2026-6-24 17:42:14-debug: // ---- build task 查询 Asset Bundle ---- (18ms)
2026-6-24 17:42:14-debug: [Build Memory track]: 查询 Asset Bundle start:264.89MB, end 266.48MB, increase: 1.59MB
2026-6-24 17:42:14-debug: 查询 Asset Bundle start, progress: 5%
2026-6-24 17:42:14-debug: // ---- build task 查询 Asset Bundle ----
2026-6-24 17:42:14-log: run build task 查询 Asset Bundle success in 18 ms√, progress: 5%
2026-6-24 17:42:14-debug: // ---- build task 查询 Asset Bundle ---- (5ms)
2026-6-24 17:42:14-log: run build task 查询 Asset Bundle success in 5 ms√, progress: 10%
2026-6-24 17:42:14-debug: [Build Memory track]: 查询 Asset Bundle start:266.51MB, end 266.75MB, increase: 248.13KB
2026-6-24 17:42:14-debug: 整理部分构建选项内数据到 settings.json start, progress: 10%
2026-6-24 17:42:14-debug: // ---- build task 整理部分构建选项内数据到 settings.json ----
2026-6-24 17:42:14-debug: // ---- build task 整理部分构建选项内数据到 settings.json ---- (3ms)
2026-6-24 17:42:14-log: run build task 整理部分构建选项内数据到 settings.json success in 3 ms√, progress: 12%
2026-6-24 17:42:14-debug: [Build Memory track]: 整理部分构建选项内数据到 settings.json start:266.79MB, end 266.82MB, increase: 29.17KB
2026-6-24 17:42:14-debug: // ---- build task 填充脚本数据到 settings.json ----
2026-6-24 17:42:14-debug: 填充脚本数据到 settings.json start, progress: 12%
2026-6-24 17:42:14-debug: // ---- build task 填充脚本数据到 settings.json ---- (3ms)
2026-6-24 17:42:14-log: run build task 填充脚本数据到 settings.json success in 3 ms√, progress: 13%
2026-6-24 17:42:14-debug: 整理部分构建选项内数据到 settings.json start, progress: 13%
2026-6-24 17:42:14-debug: [Build Memory track]: 填充脚本数据到 settings.json start:266.85MB, end 266.88MB, increase: 29.55KB
2026-6-24 17:42:14-debug: // ---- build task 整理部分构建选项内数据到 settings.json ----
2026-6-24 17:42:14-debug: // ---- build task 整理部分构建选项内数据到 settings.json ---- (8ms)
2026-6-24 17:42:14-log: run build task 整理部分构建选项内数据到 settings.json success in 8 ms√, progress: 15%
2026-6-24 17:42:14-debug: [Build Memory track]: 整理部分构建选项内数据到 settings.json start:266.92MB, end 258.28MB, increase: -8842.75KB
2026-6-24 17:42:28-debug: Query all assets info in project
2026-6-24 17:42:28-debug: init custom config: keepNodeUuid: false, useCache: true
2026-6-24 17:42:28-debug: Skip compress image, progress: 0%
2026-6-24 17:42:28-debug: Init all bundles start..., progress: 0%
2026-6-24 17:42:28-debug: Num of bundles: 3..., progress: 0%
2026-6-24 17:42:28-debug: // ---- build task 查询 Asset Bundle ----
2026-6-24 17:42:28-debug: 查询 Asset Bundle start, progress: 0%
2026-6-24 17:42:28-debug: Init bundle root assets start..., progress: 0%
2026-6-24 17:42:28-debug: Query preload assets/scripts from cc.config.json: 60f7195c-ec2a-45eb-ba94-8955f60e81d0,1c02ae6f-4492-4915-b8f8-7492a3b1e4cd,810e96e4-e456-4468-9b59-f4e8f39732c0,efe8e2a3-eace-427b-b4f1-cb8a937ec77d,e9aa9a3e-5b2b-4ac7-a2c7-073de2b2b24f,8bbdbcdd-5cd4-4100-b6d5-b7c9625b6107,50f4348b-c883-4e2f-8f11-ce233b859fa1,fda095cb-831d-4601-ad94-846013963de8,f92806d7-1768-443f-afe8-12bcde84d0f0,dd3a144d-ab7f-41f0-82b8-2e43a090d496,f0416e68-0200-4b77-a926-4f9d16e494da,511d2633-09a7-4bdd-ac42-f778032124b3,5d45aa00-e064-4938-b314-4265f0c2258c,9361fd90-ba52-4f84-aa93-6e878fd576ca,970b0598-bcb0-4714-91fb-2e81440dccd8,bcd64cc6-2dd9-43f6-abbe-66318d332032,d930590d-bb92-4cc8-8bd1-23cd027f9edf,a3cd009f-0ab0-420d-9278-b9fdab939bbc,6a2d0734-bd9e-4ddf-946e-caa52498cb75,d1346436-ac96-4271-b863-1f4fdead95b0,971bdb23-3ff6-43eb-b422-1c30165a3663,17debcc3-0a6b-4b8a-b00b-dc58b885581e,711ebe11-f673-4cd9-9a83-63c60ba54c5b,c0143906-9aed-447e-9436-2ae8512d1b6e,14da1725-c4c2-42b4-ab08-ee0aeb6898b3,081cab31-dccd-428e-8652-f2404cc81c47,78e0584a-4343-4727-8f37-e14e65c2a2db,ba21476f-2866-4f81-9c4d-6e359316e448,871c3b6c-7379-419d-bda3-794b239ab90d,ff9b0199-ce04-4cfe-86cc-6c719f08d6e4,de1c2107-70c8-4021-8459-6399f24d01c6,cbf30902-517f-40dc-af90-a550bac27cf1,5c601d96-e4c7-4698-991b-7ee674b11079
2026-6-24 17:42:28-debug:   Number of all scenes: 5
2026-6-24 17:42:28-debug: Init bundle root assets success..., progress: 0%
2026-6-24 17:42:28-debug:   Number of other assets: 1153
2026-6-24 17:42:28-debug: // ---- build task 查询 Asset Bundle ---- (19ms)
2026-6-24 17:42:28-log: run build task 查询 Asset Bundle success in 19 ms√, progress: 5%
2026-6-24 17:42:28-debug: 查询 Asset Bundle start, progress: 5%
2026-6-24 17:42:28-debug: [Build Memory track]: 查询 Asset Bundle start:262.86MB, end 258.60MB, increase: -4364.35KB
2026-6-24 17:42:28-debug:   Number of all scripts: 109
2026-6-24 17:42:28-debug: // ---- build task 查询 Asset Bundle ----
2026-6-24 17:42:28-debug: // ---- build task 查询 Asset Bundle ---- (7ms)
2026-6-24 17:42:28-log: run build task 查询 Asset Bundle success in 7 ms√, progress: 10%
2026-6-24 17:42:28-debug: [Build Memory track]: 查询 Asset Bundle start:258.63MB, end 258.87MB, increase: 240.31KB
2026-6-24 17:42:28-debug: 整理部分构建选项内数据到 settings.json start, progress: 10%
2026-6-24 17:42:28-debug: // ---- build task 整理部分构建选项内数据到 settings.json ----
2026-6-24 17:42:28-debug: // ---- build task 整理部分构建选项内数据到 settings.json ---- (3ms)
2026-6-24 17:42:28-log: run build task 整理部分构建选项内数据到 settings.json success in 3 ms√, progress: 12%
2026-6-24 17:42:28-debug: [Build Memory track]: 整理部分构建选项内数据到 settings.json start:258.90MB, end 258.93MB, increase: 29.68KB
2026-6-24 17:42:28-debug: 填充脚本数据到 settings.json start, progress: 12%
2026-6-24 17:42:28-debug: // ---- build task 填充脚本数据到 settings.json ----
2026-6-24 17:42:28-debug: // ---- build task 填充脚本数据到 settings.json ---- (2ms)
2026-6-24 17:42:28-log: run build task 填充脚本数据到 settings.json success in 2 ms√, progress: 13%
2026-6-24 17:42:28-debug: [Build Memory track]: 填充脚本数据到 settings.json start:258.96MB, end 259.00MB, increase: 33.64KB
2026-6-24 17:42:28-debug: // ---- build task 整理部分构建选项内数据到 settings.json ----
2026-6-24 17:42:28-debug: 整理部分构建选项内数据到 settings.json start, progress: 13%
2026-6-24 17:42:28-debug: // ---- build task 整理部分构建选项内数据到 settings.json ---- (9ms)
2026-6-24 17:42:28-log: run build task 整理部分构建选项内数据到 settings.json success in 9 ms√, progress: 15%
2026-6-24 17:42:28-debug: [Build Memory track]: 整理部分构建选项内数据到 settings.json start:259.03MB, end 259.10MB, increase: 66.40KB
2026-6-24 17:42:46-debug: Query all assets info in project
2026-6-24 17:42:47-debug: init custom config: keepNodeUuid: false, useCache: true
2026-6-24 17:42:47-debug: Skip compress image, progress: 0%
2026-6-24 17:42:47-debug: Init all bundles start..., progress: 0%
2026-6-24 17:42:47-debug: // ---- build task 查询 Asset Bundle ----
2026-6-24 17:42:47-debug: 查询 Asset Bundle start, progress: 0%
2026-6-24 17:42:47-debug: Num of bundles: 3..., progress: 0%
2026-6-24 17:42:47-debug: Init bundle root assets start..., progress: 0%
2026-6-24 17:42:47-debug: Query preload assets/scripts from cc.config.json: 60f7195c-ec2a-45eb-ba94-8955f60e81d0,1c02ae6f-4492-4915-b8f8-7492a3b1e4cd,810e96e4-e456-4468-9b59-f4e8f39732c0,efe8e2a3-eace-427b-b4f1-cb8a937ec77d,e9aa9a3e-5b2b-4ac7-a2c7-073de2b2b24f,8bbdbcdd-5cd4-4100-b6d5-b7c9625b6107,50f4348b-c883-4e2f-8f11-ce233b859fa1,fda095cb-831d-4601-ad94-846013963de8,f92806d7-1768-443f-afe8-12bcde84d0f0,dd3a144d-ab7f-41f0-82b8-2e43a090d496,f0416e68-0200-4b77-a926-4f9d16e494da,511d2633-09a7-4bdd-ac42-f778032124b3,5d45aa00-e064-4938-b314-4265f0c2258c,9361fd90-ba52-4f84-aa93-6e878fd576ca,970b0598-bcb0-4714-91fb-2e81440dccd8,bcd64cc6-2dd9-43f6-abbe-66318d332032,d930590d-bb92-4cc8-8bd1-23cd027f9edf,a3cd009f-0ab0-420d-9278-b9fdab939bbc,6a2d0734-bd9e-4ddf-946e-caa52498cb75,d1346436-ac96-4271-b863-1f4fdead95b0,971bdb23-3ff6-43eb-b422-1c30165a3663,17debcc3-0a6b-4b8a-b00b-dc58b885581e,711ebe11-f673-4cd9-9a83-63c60ba54c5b,c0143906-9aed-447e-9436-2ae8512d1b6e,14da1725-c4c2-42b4-ab08-ee0aeb6898b3,081cab31-dccd-428e-8652-f2404cc81c47,78e0584a-4343-4727-8f37-e14e65c2a2db,ba21476f-2866-4f81-9c4d-6e359316e448,871c3b6c-7379-419d-bda3-794b239ab90d,ff9b0199-ce04-4cfe-86cc-6c719f08d6e4,de1c2107-70c8-4021-8459-6399f24d01c6,cbf30902-517f-40dc-af90-a550bac27cf1,5c601d96-e4c7-4698-991b-7ee674b11079
2026-6-24 17:42:47-debug:   Number of all scenes: 5
2026-6-24 17:42:47-debug:   Number of other assets: 1153
2026-6-24 17:42:47-debug: Init bundle root assets success..., progress: 0%
2026-6-24 17:42:47-debug:   Number of all scripts: 109
2026-6-24 17:42:47-debug: // ---- build task 查询 Asset Bundle ---- (93ms)
2026-6-24 17:42:47-log: run build task 查询 Asset Bundle success in 93 ms√, progress: 5%
2026-6-24 17:42:47-debug: // ---- build task 查询 Asset Bundle ----
2026-6-24 17:42:47-debug: [Build Memory track]: 查询 Asset Bundle start:258.92MB, end 258.79MB, increase: -130.61KB
2026-6-24 17:42:47-debug: 查询 Asset Bundle start, progress: 5%
2026-6-24 17:42:47-debug: // ---- build task 查询 Asset Bundle ---- (5ms)
2026-6-24 17:42:47-log: run build task 查询 Asset Bundle success in 5 ms√, progress: 10%
2026-6-24 17:42:47-debug: [Build Memory track]: 查询 Asset Bundle start:258.84MB, end 259.08MB, increase: 246.57KB
2026-6-24 17:42:47-debug: 整理部分构建选项内数据到 settings.json start, progress: 10%
2026-6-24 17:42:47-debug: // ---- build task 整理部分构建选项内数据到 settings.json ----
2026-6-24 17:42:47-debug: // ---- build task 整理部分构建选项内数据到 settings.json ---- (2ms)
2026-6-24 17:42:47-log: run build task 整理部分构建选项内数据到 settings.json success in 2 ms√, progress: 12%
2026-6-24 17:42:47-debug: [Build Memory track]: 整理部分构建选项内数据到 settings.json start:259.11MB, end 259.14MB, increase: 29.66KB
2026-6-24 17:42:47-debug: 填充脚本数据到 settings.json start, progress: 12%
2026-6-24 17:42:47-debug: // ---- build task 填充脚本数据到 settings.json ----
2026-6-24 17:42:47-debug: // ---- build task 填充脚本数据到 settings.json ---- (3ms)
2026-6-24 17:42:47-log: run build task 填充脚本数据到 settings.json success in 3 ms√, progress: 13%
2026-6-24 17:42:47-debug: [Build Memory track]: 填充脚本数据到 settings.json start:259.18MB, end 259.20MB, increase: 29.16KB
2026-6-24 17:42:47-debug: 整理部分构建选项内数据到 settings.json start, progress: 13%
2026-6-24 17:42:47-debug: // ---- build task 整理部分构建选项内数据到 settings.json ----
2026-6-24 17:42:47-debug: // ---- build task 整理部分构建选项内数据到 settings.json ---- (38ms)
2026-6-24 17:42:47-debug: [Build Memory track]: 整理部分构建选项内数据到 settings.json start:259.24MB, end 259.36MB, increase: 126.10KB
2026-6-24 17:42:47-log: run build task 整理部分构建选项内数据到 settings.json success in 38 ms√, progress: 15%
2026-6-24 17:51:23-debug: refresh db internal success
2026-6-24 17:51:23-debug: %cImport%c: D:\工程项目\PlayableAD\Cocos\TheW\20260615_HYQ\HYQ_Project\assets\Script\functionS\Other\PropArms.tsbackground: #aaff85; color: #000;color: #000;
2026-6-24 17:51:23-debug: refresh db assets success
2026-6-24 17:51:23-debug: refresh db super-packager success
2026-6-24 17:51:23-debug: Run asset db hook engine-extends:afterRefresh ...
2026-6-24 17:51:23-debug: Run asset db hook engine-extends:afterRefresh success!
2026-6-24 17:51:23-debug: asset-db:refresh-all-database (398ms)
2026-6-24 17:51:23-debug: asset-db:worker-effect-data-processing (3ms)
2026-6-24 17:51:23-debug: asset-db-hook-engine-extends-afterRefresh (8ms)
2026-6-24 17:51:27-debug: Query all assets info in project
2026-6-24 17:51:27-debug: init custom config: keepNodeUuid: false, useCache: true
2026-6-24 17:51:27-debug: Skip compress image, progress: 0%
2026-6-24 17:51:27-debug: Init all bundles start..., progress: 0%
2026-6-24 17:51:27-debug: // ---- build task 查询 Asset Bundle ----
2026-6-24 17:51:27-debug: Num of bundles: 3..., progress: 0%
2026-6-24 17:51:27-debug: 查询 Asset Bundle start, progress: 0%
2026-6-24 17:51:27-debug: Init bundle root assets start..., progress: 0%
2026-6-24 17:51:27-debug: Query preload assets/scripts from cc.config.json: 60f7195c-ec2a-45eb-ba94-8955f60e81d0,1c02ae6f-4492-4915-b8f8-7492a3b1e4cd,810e96e4-e456-4468-9b59-f4e8f39732c0,efe8e2a3-eace-427b-b4f1-cb8a937ec77d,e9aa9a3e-5b2b-4ac7-a2c7-073de2b2b24f,8bbdbcdd-5cd4-4100-b6d5-b7c9625b6107,50f4348b-c883-4e2f-8f11-ce233b859fa1,fda095cb-831d-4601-ad94-846013963de8,f92806d7-1768-443f-afe8-12bcde84d0f0,dd3a144d-ab7f-41f0-82b8-2e43a090d496,f0416e68-0200-4b77-a926-4f9d16e494da,511d2633-09a7-4bdd-ac42-f778032124b3,5d45aa00-e064-4938-b314-4265f0c2258c,9361fd90-ba52-4f84-aa93-6e878fd576ca,970b0598-bcb0-4714-91fb-2e81440dccd8,bcd64cc6-2dd9-43f6-abbe-66318d332032,d930590d-bb92-4cc8-8bd1-23cd027f9edf,a3cd009f-0ab0-420d-9278-b9fdab939bbc,6a2d0734-bd9e-4ddf-946e-caa52498cb75,d1346436-ac96-4271-b863-1f4fdead95b0,971bdb23-3ff6-43eb-b422-1c30165a3663,17debcc3-0a6b-4b8a-b00b-dc58b885581e,711ebe11-f673-4cd9-9a83-63c60ba54c5b,c0143906-9aed-447e-9436-2ae8512d1b6e,14da1725-c4c2-42b4-ab08-ee0aeb6898b3,081cab31-dccd-428e-8652-f2404cc81c47,78e0584a-4343-4727-8f37-e14e65c2a2db,ba21476f-2866-4f81-9c4d-6e359316e448,871c3b6c-7379-419d-bda3-794b239ab90d,ff9b0199-ce04-4cfe-86cc-6c719f08d6e4,de1c2107-70c8-4021-8459-6399f24d01c6,cbf30902-517f-40dc-af90-a550bac27cf1,5c601d96-e4c7-4698-991b-7ee674b11079
2026-6-24 17:51:27-debug:   Number of all scenes: 5
2026-6-24 17:51:27-debug:   Number of other assets: 1153
2026-6-24 17:51:27-debug: Init bundle root assets success..., progress: 0%
2026-6-24 17:51:27-debug:   Number of all scripts: 109
2026-6-24 17:51:27-debug: // ---- build task 查询 Asset Bundle ---- (18ms)
2026-6-24 17:51:27-debug: // ---- build task 查询 Asset Bundle ----
2026-6-24 17:51:27-debug: 查询 Asset Bundle start, progress: 5%
2026-6-24 17:51:27-log: run build task 查询 Asset Bundle success in 18 ms√, progress: 5%
2026-6-24 17:51:27-debug: [Build Memory track]: 查询 Asset Bundle start:265.68MB, end 261.69MB, increase: -4086.54KB
2026-6-24 17:51:27-debug: // ---- build task 查询 Asset Bundle ---- (4ms)
2026-6-24 17:51:27-log: run build task 查询 Asset Bundle success in 4 ms√, progress: 10%
2026-6-24 17:51:27-debug: [Build Memory track]: 查询 Asset Bundle start:261.73MB, end 261.96MB, increase: 235.82KB
2026-6-24 17:51:27-debug: 整理部分构建选项内数据到 settings.json start, progress: 10%
2026-6-24 17:51:27-debug: // ---- build task 整理部分构建选项内数据到 settings.json ----
2026-6-24 17:51:27-debug: // ---- build task 整理部分构建选项内数据到 settings.json ---- (3ms)
2026-6-24 17:51:27-log: run build task 整理部分构建选项内数据到 settings.json success in 3 ms√, progress: 12%
2026-6-24 17:51:27-debug: [Build Memory track]: 整理部分构建选项内数据到 settings.json start:262.00MB, end 262.02MB, increase: 29.66KB
2026-6-24 17:51:27-debug: 填充脚本数据到 settings.json start, progress: 12%
2026-6-24 17:51:27-debug: // ---- build task 填充脚本数据到 settings.json ----
2026-6-24 17:51:27-debug: [Build Memory track]: 填充脚本数据到 settings.json start:262.07MB, end 262.10MB, increase: 37.15KB
2026-6-24 17:51:27-debug: // ---- build task 整理部分构建选项内数据到 settings.json ----
2026-6-24 17:51:27-log: run build task 填充脚本数据到 settings.json success in √, progress: 13%
2026-6-24 17:51:27-debug: 整理部分构建选项内数据到 settings.json start, progress: 13%
2026-6-24 17:51:27-log: run build task 整理部分构建选项内数据到 settings.json success in 6 ms√, progress: 15%
2026-6-24 17:51:27-debug: [Build Memory track]: 整理部分构建选项内数据到 settings.json start:262.14MB, end 262.19MB, increase: 47.92KB
2026-6-24 17:51:27-debug: // ---- build task 整理部分构建选项内数据到 settings.json ---- (6ms)
2026-6-24 17:57:06-debug: refresh db internal success
2026-6-24 17:57:06-debug: refresh db assets success
2026-6-24 17:57:06-debug: refresh db super-packager success
2026-6-24 17:57:06-debug: Run asset db hook engine-extends:afterRefresh ...
2026-6-24 17:57:06-debug: Run asset db hook engine-extends:afterRefresh success!
2026-6-24 17:57:06-debug: asset-db:refresh-all-database (227ms)
2026-6-24 17:57:06-debug: asset-db:worker-effect-data-processing (2ms)
2026-6-24 17:57:06-debug: asset-db-hook-engine-extends-afterRefresh (3ms)
2026-6-24 18:10:41-debug: refresh db internal success
2026-6-24 18:10:41-debug: %cImport%c: D:\工程项目\PlayableAD\Cocos\TheW\20260615_HYQ\HYQ_Project\assets\Script\functionS\Other\PropArms.tsbackground: #aaff85; color: #000;color: #000;
2026-6-24 18:10:41-debug: refresh db assets success
2026-6-24 18:10:41-debug: refresh db super-packager success
2026-6-24 18:10:41-debug: Run asset db hook engine-extends:afterRefresh ...
2026-6-24 18:10:41-debug: Run asset db hook engine-extends:afterRefresh success!
2026-6-24 18:10:41-debug: asset-db:worker-effect-data-processing (4ms)
2026-6-24 18:10:41-debug: asset-db-hook-engine-extends-afterRefresh (4ms)
2026-6-24 18:10:41-debug: asset-db:refresh-all-database (240ms)
2026-6-24 18:10:45-debug: Query all assets info in project
2026-6-24 18:10:45-debug: init custom config: keepNodeUuid: false, useCache: true
2026-6-24 18:10:45-debug: Skip compress image, progress: 0%
2026-6-24 18:10:45-debug: Init all bundles start..., progress: 0%
2026-6-24 18:10:45-debug: Num of bundles: 3..., progress: 0%
2026-6-24 18:10:45-debug: 查询 Asset Bundle start, progress: 0%
2026-6-24 18:10:45-debug: // ---- build task 查询 Asset Bundle ----
2026-6-24 18:10:45-debug: Init bundle root assets start..., progress: 0%
2026-6-24 18:10:45-debug: Query preload assets/scripts from cc.config.json: 60f7195c-ec2a-45eb-ba94-8955f60e81d0,1c02ae6f-4492-4915-b8f8-7492a3b1e4cd,810e96e4-e456-4468-9b59-f4e8f39732c0,efe8e2a3-eace-427b-b4f1-cb8a937ec77d,e9aa9a3e-5b2b-4ac7-a2c7-073de2b2b24f,8bbdbcdd-5cd4-4100-b6d5-b7c9625b6107,50f4348b-c883-4e2f-8f11-ce233b859fa1,fda095cb-831d-4601-ad94-846013963de8,f92806d7-1768-443f-afe8-12bcde84d0f0,dd3a144d-ab7f-41f0-82b8-2e43a090d496,f0416e68-0200-4b77-a926-4f9d16e494da,511d2633-09a7-4bdd-ac42-f778032124b3,5d45aa00-e064-4938-b314-4265f0c2258c,9361fd90-ba52-4f84-aa93-6e878fd576ca,970b0598-bcb0-4714-91fb-2e81440dccd8,bcd64cc6-2dd9-43f6-abbe-66318d332032,d930590d-bb92-4cc8-8bd1-23cd027f9edf,a3cd009f-0ab0-420d-9278-b9fdab939bbc,6a2d0734-bd9e-4ddf-946e-caa52498cb75,d1346436-ac96-4271-b863-1f4fdead95b0,971bdb23-3ff6-43eb-b422-1c30165a3663,17debcc3-0a6b-4b8a-b00b-dc58b885581e,711ebe11-f673-4cd9-9a83-63c60ba54c5b,c0143906-9aed-447e-9436-2ae8512d1b6e,14da1725-c4c2-42b4-ab08-ee0aeb6898b3,081cab31-dccd-428e-8652-f2404cc81c47,78e0584a-4343-4727-8f37-e14e65c2a2db,ba21476f-2866-4f81-9c4d-6e359316e448,871c3b6c-7379-419d-bda3-794b239ab90d,ff9b0199-ce04-4cfe-86cc-6c719f08d6e4,de1c2107-70c8-4021-8459-6399f24d01c6,cbf30902-517f-40dc-af90-a550bac27cf1,5c601d96-e4c7-4698-991b-7ee674b11079
2026-6-24 18:10:45-debug:   Number of all scripts: 109
2026-6-24 18:10:45-debug:   Number of all scenes: 5
2026-6-24 18:10:45-debug:   Number of other assets: 1153
2026-6-24 18:10:45-debug: Init bundle root assets success..., progress: 0%
2026-6-24 18:10:45-debug: // ---- build task 查询 Asset Bundle ---- (28ms)
2026-6-24 18:10:45-log: run build task 查询 Asset Bundle success in 28 ms√, progress: 5%
2026-6-24 18:10:45-debug: // ---- build task 查询 Asset Bundle ----
2026-6-24 18:10:45-debug: 查询 Asset Bundle start, progress: 5%
2026-6-24 18:10:45-debug: [Build Memory track]: 查询 Asset Bundle start:270.31MB, end 266.37MB, increase: -4031.05KB
2026-6-24 18:10:45-debug: [Build Memory track]: 查询 Asset Bundle start:266.41MB, end 266.63MB, increase: 233.08KB
2026-6-24 18:10:45-log: run build task 查询 Asset Bundle success in 6 ms√, progress: 10%
2026-6-24 18:10:45-debug: // ---- build task 整理部分构建选项内数据到 settings.json ----
2026-6-24 18:10:45-debug: 整理部分构建选项内数据到 settings.json start, progress: 10%
2026-6-24 18:10:45-debug: // ---- build task 整理部分构建选项内数据到 settings.json ---- (3ms)
2026-6-24 18:10:45-debug: [Build Memory track]: 整理部分构建选项内数据到 settings.json start:266.67MB, end 266.70MB, increase: 28.86KB
2026-6-24 18:10:45-debug: 填充脚本数据到 settings.json start, progress: 12%
2026-6-24 18:10:45-debug: // ---- build task 填充脚本数据到 settings.json ----
2026-6-24 18:10:45-log: run build task 整理部分构建选项内数据到 settings.json success in 3 ms√, progress: 12%
2026-6-24 18:10:45-debug: // ---- build task 查询 Asset Bundle ---- (6ms)
2026-6-24 18:10:45-debug: // ---- build task 填充脚本数据到 settings.json ---- (1ms)
2026-6-24 18:10:45-log: run build task 填充脚本数据到 settings.json success in 1 ms√, progress: 13%
2026-6-24 18:10:45-debug: [Build Memory track]: 填充脚本数据到 settings.json start:266.73MB, end 266.76MB, increase: 27.79KB
2026-6-24 18:10:45-debug: 整理部分构建选项内数据到 settings.json start, progress: 13%
2026-6-24 18:10:45-debug: // ---- build task 整理部分构建选项内数据到 settings.json ----
2026-6-24 18:10:45-log: run build task 整理部分构建选项内数据到 settings.json success in 9 ms√, progress: 15%
2026-6-24 18:10:45-debug: [Build Memory track]: 整理部分构建选项内数据到 settings.json start:266.79MB, end 266.86MB, increase: 67.74KB
2026-6-24 18:10:45-debug: // ---- build task 整理部分构建选项内数据到 settings.json ---- (9ms)
2026-6-24 18:24:45-debug: refresh db internal success
2026-6-24 18:24:46-debug: %cImport%c: D:\工程项目\PlayableAD\Cocos\TheW\20260615_HYQ\HYQ_Project\assets\resources\Materials\OilBarrelBurst.mtlbackground: #aaff85; color: #000;color: #000;
2026-6-24 18:24:46-debug: %cImport%c: D:\工程项目\PlayableAD\Cocos\TheW\20260615_HYQ\HYQ_Project\assets\resources\Shaders\OilBarrelBurst.effectbackground: #aaff85; color: #000;color: #000;
2026-6-24 18:24:46-debug: %cImport%c: D:\工程项目\PlayableAD\Cocos\TheW\20260615_HYQ\HYQ_Project\assets\Script\functionS\Other\PropArms.tsbackground: #aaff85; color: #000;color: #000;
2026-6-24 18:24:46-debug: refresh db assets success
2026-6-24 18:24:46-debug: %cImport%c: D:\工程项目\PlayableAD\Cocos\TheW\20260615_HYQ\HYQ_Project\assets\resources\Materials\OilBarrelBurst.mtlbackground: #aaff85; color: #000;color: #000;
2026-6-24 18:24:46-debug: Run asset db hook engine-extends:afterRefresh ...
2026-6-24 18:24:46-debug: refresh db super-packager success
2026-6-24 18:24:46-debug: asset-db:refresh-all-database (572ms)
2026-6-24 18:24:47-debug: recompile effect.bin success
2026-6-24 18:24:47-debug: Run asset db hook engine-extends:afterRefresh success!
2026-6-24 18:24:47-debug: asset-db:worker-effect-data-processing (1597ms)
2026-6-24 18:24:47-debug: asset-db-hook-engine-extends-afterRefresh (1603ms)
2026-6-24 18:24:50-debug: Query all assets info in project
2026-6-24 18:24:50-debug: init custom config: keepNodeUuid: false, useCache: true
2026-6-24 18:24:50-debug: Skip compress image, progress: 0%
2026-6-24 18:24:50-debug: Init all bundles start..., progress: 0%
2026-6-24 18:24:50-debug: // ---- build task 查询 Asset Bundle ----
2026-6-24 18:24:50-debug: Num of bundles: 3..., progress: 0%
2026-6-24 18:24:50-debug: 查询 Asset Bundle start, progress: 0%
2026-6-24 18:24:50-debug: Init bundle root assets start..., progress: 0%
2026-6-24 18:24:50-debug:   Number of all scenes: 5
2026-6-24 18:24:50-debug:   Number of all scripts: 109
2026-6-24 18:24:50-debug: Query preload assets/scripts from cc.config.json: 60f7195c-ec2a-45eb-ba94-8955f60e81d0,1c02ae6f-4492-4915-b8f8-7492a3b1e4cd,810e96e4-e456-4468-9b59-f4e8f39732c0,efe8e2a3-eace-427b-b4f1-cb8a937ec77d,e9aa9a3e-5b2b-4ac7-a2c7-073de2b2b24f,8bbdbcdd-5cd4-4100-b6d5-b7c9625b6107,50f4348b-c883-4e2f-8f11-ce233b859fa1,fda095cb-831d-4601-ad94-846013963de8,f92806d7-1768-443f-afe8-12bcde84d0f0,dd3a144d-ab7f-41f0-82b8-2e43a090d496,f0416e68-0200-4b77-a926-4f9d16e494da,511d2633-09a7-4bdd-ac42-f778032124b3,5d45aa00-e064-4938-b314-4265f0c2258c,9361fd90-ba52-4f84-aa93-6e878fd576ca,970b0598-bcb0-4714-91fb-2e81440dccd8,bcd64cc6-2dd9-43f6-abbe-66318d332032,d930590d-bb92-4cc8-8bd1-23cd027f9edf,a3cd009f-0ab0-420d-9278-b9fdab939bbc,6a2d0734-bd9e-4ddf-946e-caa52498cb75,d1346436-ac96-4271-b863-1f4fdead95b0,971bdb23-3ff6-43eb-b422-1c30165a3663,17debcc3-0a6b-4b8a-b00b-dc58b885581e,711ebe11-f673-4cd9-9a83-63c60ba54c5b,c0143906-9aed-447e-9436-2ae8512d1b6e,14da1725-c4c2-42b4-ab08-ee0aeb6898b3,081cab31-dccd-428e-8652-f2404cc81c47,78e0584a-4343-4727-8f37-e14e65c2a2db,ba21476f-2866-4f81-9c4d-6e359316e448,871c3b6c-7379-419d-bda3-794b239ab90d,ff9b0199-ce04-4cfe-86cc-6c719f08d6e4,de1c2107-70c8-4021-8459-6399f24d01c6,cbf30902-517f-40dc-af90-a550bac27cf1,5c601d96-e4c7-4698-991b-7ee674b11079
2026-6-24 18:24:50-debug: Init bundle root assets success..., progress: 0%
2026-6-24 18:24:50-debug:   Number of other assets: 1153
2026-6-24 18:24:50-debug: // ---- build task 查询 Asset Bundle ---- (14ms)
2026-6-24 18:24:50-log: run build task 查询 Asset Bundle success in 14 ms√, progress: 5%
2026-6-24 18:24:50-debug: 查询 Asset Bundle start, progress: 5%
2026-6-24 18:24:50-debug: // ---- build task 查询 Asset Bundle ----
2026-6-24 18:24:50-debug: [Build Memory track]: 查询 Asset Bundle start:254.23MB, end 255.81MB, increase: 1.58MB
2026-6-24 18:24:50-debug: // ---- build task 查询 Asset Bundle ---- (8ms)
2026-6-24 18:24:50-log: run build task 查询 Asset Bundle success in 8 ms√, progress: 10%
2026-6-24 18:24:50-debug: 整理部分构建选项内数据到 settings.json start, progress: 10%
2026-6-24 18:24:50-debug: [Build Memory track]: 查询 Asset Bundle start:255.84MB, end 256.08MB, increase: 240.91KB
2026-6-24 18:24:50-debug: // ---- build task 整理部分构建选项内数据到 settings.json ----
2026-6-24 18:24:50-debug: // ---- build task 整理部分构建选项内数据到 settings.json ---- (3ms)
2026-6-24 18:24:50-log: run build task 整理部分构建选项内数据到 settings.json success in 3 ms√, progress: 12%
2026-6-24 18:24:50-debug: [Build Memory track]: 整理部分构建选项内数据到 settings.json start:256.11MB, end 256.14MB, increase: 29.68KB
2026-6-24 18:24:50-debug: 填充脚本数据到 settings.json start, progress: 12%
2026-6-24 18:24:50-debug: // ---- build task 填充脚本数据到 settings.json ----
2026-6-24 18:24:50-debug: // ---- build task 填充脚本数据到 settings.json ---- (2ms)
2026-6-24 18:24:50-log: run build task 填充脚本数据到 settings.json success in 2 ms√, progress: 13%
2026-6-24 18:24:50-debug: 整理部分构建选项内数据到 settings.json start, progress: 13%
2026-6-24 18:24:50-debug: [Build Memory track]: 填充脚本数据到 settings.json start:256.18MB, end 256.20MB, increase: 29.24KB
2026-6-24 18:24:50-debug: // ---- build task 整理部分构建选项内数据到 settings.json ----
2026-6-24 18:24:50-log: run build task 整理部分构建选项内数据到 settings.json success in 8 ms√, progress: 15%
2026-6-24 18:24:50-debug: [Build Memory track]: 整理部分构建选项内数据到 settings.json start:256.24MB, end 247.57MB, increase: -8872.73KB
2026-6-24 18:24:50-debug: // ---- build task 整理部分构建选项内数据到 settings.json ---- (8ms)
2026-6-24 18:24:53-debug: refresh db internal success
2026-6-24 18:24:53-debug: refresh db assets success
2026-6-24 18:24:54-debug: refresh db super-packager success
2026-6-24 18:24:54-debug: Run asset db hook engine-extends:afterRefresh ...
2026-6-24 18:24:54-debug: Run asset db hook engine-extends:afterRefresh success!
2026-6-24 18:24:54-debug: asset-db:refresh-all-database (329ms)
2026-6-24 18:24:54-debug: asset-db-hook-engine-extends-afterRefresh (3ms)
2026-6-24 18:24:54-debug: asset-db:worker-effect-data-processing (2ms)
2026-6-24 18:25:19-debug: refresh db internal success
2026-6-24 18:25:20-debug: refresh db assets success
2026-6-24 18:25:20-debug: Run asset db hook engine-extends:afterRefresh ...
2026-6-24 18:25:20-debug: Run asset db hook engine-extends:afterRefresh success!
2026-6-24 18:25:20-debug: refresh db super-packager success
2026-6-24 18:25:20-debug: asset-db:refresh-all-database (252ms)
2026-6-24 18:25:20-debug: asset-db:worker-effect-data-processing (3ms)
2026-6-24 18:25:20-debug: asset-db-hook-engine-extends-afterRefresh (4ms)
2026-6-24 18:32:11-debug: refresh db internal success
2026-6-24 18:32:11-debug: refresh db assets success
2026-6-24 18:32:11-debug: refresh db super-packager success
2026-6-24 18:32:11-debug: Run asset db hook engine-extends:afterRefresh ...
2026-6-24 18:32:11-debug: Run asset db hook engine-extends:afterRefresh success!
2026-6-24 18:32:11-debug: asset-db:refresh-all-database (222ms)
2026-6-24 18:32:11-debug: asset-db:worker-effect-data-processing (3ms)
2026-6-24 18:32:11-debug: asset-db-hook-engine-extends-afterRefresh (3ms)
2026-6-25 11:19:13-debug: refresh db internal success
2026-6-25 11:19:13-debug: %cImport%c: D:\工程项目\PlayableAD\Cocos\TheW\20260615_HYQ\HYQ_Project\assets\resources\Shaders\OilBarrelBurst.effectbackground: #aaff85; color: #000;color: #000;
2026-6-25 11:19:13-debug: %cImport%c: D:\工程项目\PlayableAD\Cocos\TheW\20260615_HYQ\HYQ_Project\assets\resources\Materials\OilBarrelBurst.mtlbackground: #aaff85; color: #000;color: #000;
2026-6-25 11:19:13-debug: %cImport%c: D:\工程项目\PlayableAD\Cocos\TheW\20260615_HYQ\HYQ_Project\assets\Script\functionS\Other\PropArms.tsbackground: #aaff85; color: #000;color: #000;
2026-6-25 11:19:13-debug: %cImport%c: D:\工程项目\PlayableAD\Cocos\TheW\20260615_HYQ\HYQ_Project\assets\resources\Materials\OilBarrelBurst.mtlbackground: #aaff85; color: #000;color: #000;
2026-6-25 11:19:13-debug: refresh db assets success
2026-6-25 11:19:13-debug: refresh db super-packager success
2026-6-25 11:19:13-debug: Run asset db hook engine-extends:afterRefresh ...
2026-6-25 11:19:13-debug: asset-db:refresh-all-database (348ms)
2026-6-25 11:19:16-debug: recompile effect.bin success
2026-6-25 11:19:16-debug: Run asset db hook engine-extends:afterRefresh success!
2026-6-25 11:19:16-debug: asset-db:worker-effect-data-processing (2552ms)
2026-6-25 11:19:16-debug: asset-db-hook-engine-extends-afterRefresh (2552ms)
2026-6-25 11:19:19-debug: Query all assets info in project
2026-6-25 11:19:19-debug: init custom config: keepNodeUuid: false, useCache: true
2026-6-25 11:19:19-debug: Skip compress image, progress: 0%
2026-6-25 11:19:19-debug: Init all bundles start..., progress: 0%
2026-6-25 11:19:19-debug: Num of bundles: 3..., progress: 0%
2026-6-25 11:19:19-debug: 查询 Asset Bundle start, progress: 0%
2026-6-25 11:19:19-debug: // ---- build task 查询 Asset Bundle ----
2026-6-25 11:19:19-debug: Init bundle root assets start..., progress: 0%
2026-6-25 11:19:19-debug: Query preload assets/scripts from cc.config.json: 60f7195c-ec2a-45eb-ba94-8955f60e81d0,1c02ae6f-4492-4915-b8f8-7492a3b1e4cd,810e96e4-e456-4468-9b59-f4e8f39732c0,efe8e2a3-eace-427b-b4f1-cb8a937ec77d,e9aa9a3e-5b2b-4ac7-a2c7-073de2b2b24f,8bbdbcdd-5cd4-4100-b6d5-b7c9625b6107,50f4348b-c883-4e2f-8f11-ce233b859fa1,fda095cb-831d-4601-ad94-846013963de8,f92806d7-1768-443f-afe8-12bcde84d0f0,dd3a144d-ab7f-41f0-82b8-2e43a090d496,f0416e68-0200-4b77-a926-4f9d16e494da,511d2633-09a7-4bdd-ac42-f778032124b3,5d45aa00-e064-4938-b314-4265f0c2258c,9361fd90-ba52-4f84-aa93-6e878fd576ca,970b0598-bcb0-4714-91fb-2e81440dccd8,bcd64cc6-2dd9-43f6-abbe-66318d332032,d930590d-bb92-4cc8-8bd1-23cd027f9edf,a3cd009f-0ab0-420d-9278-b9fdab939bbc,6a2d0734-bd9e-4ddf-946e-caa52498cb75,d1346436-ac96-4271-b863-1f4fdead95b0,971bdb23-3ff6-43eb-b422-1c30165a3663,17debcc3-0a6b-4b8a-b00b-dc58b885581e,711ebe11-f673-4cd9-9a83-63c60ba54c5b,c0143906-9aed-447e-9436-2ae8512d1b6e,14da1725-c4c2-42b4-ab08-ee0aeb6898b3,081cab31-dccd-428e-8652-f2404cc81c47,78e0584a-4343-4727-8f37-e14e65c2a2db,ba21476f-2866-4f81-9c4d-6e359316e448,871c3b6c-7379-419d-bda3-794b239ab90d,ff9b0199-ce04-4cfe-86cc-6c719f08d6e4,de1c2107-70c8-4021-8459-6399f24d01c6,cbf30902-517f-40dc-af90-a550bac27cf1,5c601d96-e4c7-4698-991b-7ee674b11079
2026-6-25 11:19:19-debug:   Number of all scenes: 5
2026-6-25 11:19:19-debug:   Number of all scripts: 109
2026-6-25 11:19:19-debug: Init bundle root assets success..., progress: 0%
2026-6-25 11:19:19-debug:   Number of other assets: 1153
2026-6-25 11:19:19-debug: // ---- build task 查询 Asset Bundle ---- (71ms)
2026-6-25 11:19:19-log: run build task 查询 Asset Bundle success in 71 ms√, progress: 5%
2026-6-25 11:19:19-debug: [Build Memory track]: 查询 Asset Bundle start:258.68MB, end 247.61MB, increase: -11337.53KB
2026-6-25 11:19:19-debug: 查询 Asset Bundle start, progress: 5%
2026-6-25 11:19:19-debug: // ---- build task 查询 Asset Bundle ----
2026-6-25 11:19:19-debug: // ---- build task 查询 Asset Bundle ---- (157ms)
2026-6-25 11:19:19-log: run build task 查询 Asset Bundle success in 157 ms√, progress: 10%
2026-6-25 11:19:19-debug: [Build Memory track]: 查询 Asset Bundle start:247.64MB, end 247.88MB, increase: 244.40KB
2026-6-25 11:19:19-debug: 整理部分构建选项内数据到 settings.json start, progress: 10%
2026-6-25 11:19:19-debug: // ---- build task 整理部分构建选项内数据到 settings.json ----
2026-6-25 11:19:19-debug: // ---- build task 整理部分构建选项内数据到 settings.json ---- (79ms)
2026-6-25 11:19:19-log: run build task 整理部分构建选项内数据到 settings.json success in 79 ms√, progress: 12%
2026-6-25 11:19:19-debug: [Build Memory track]: 整理部分构建选项内数据到 settings.json start:247.92MB, end 247.95MB, increase: 29.53KB
2026-6-25 11:19:19-debug: 填充脚本数据到 settings.json start, progress: 12%
2026-6-25 11:19:19-debug: // ---- build task 填充脚本数据到 settings.json ----
2026-6-25 11:19:19-debug: // ---- build task 填充脚本数据到 settings.json ---- (12ms)
2026-6-25 11:19:19-log: run build task 填充脚本数据到 settings.json success in 12 ms√, progress: 13%
2026-6-25 11:19:19-debug: [Build Memory track]: 填充脚本数据到 settings.json start:247.98MB, end 248.01MB, increase: 32.11KB
2026-6-25 11:19:19-debug: 整理部分构建选项内数据到 settings.json start, progress: 13%
2026-6-25 11:19:19-debug: // ---- build task 整理部分构建选项内数据到 settings.json ----
2026-6-25 11:19:20-debug: // ---- build task 整理部分构建选项内数据到 settings.json ---- (142ms)
2026-6-25 11:19:20-log: run build task 整理部分构建选项内数据到 settings.json success in 142 ms√, progress: 15%
2026-6-25 11:19:20-debug: [Build Memory track]: 整理部分构建选项内数据到 settings.json start:248.05MB, end 248.11MB, increase: 69.85KB
2026-6-25 11:20:21-debug: refresh db internal success
2026-6-25 11:20:21-debug: refresh db assets success
2026-6-25 11:20:21-debug: refresh db super-packager success
2026-6-25 11:20:21-debug: Run asset db hook engine-extends:afterRefresh ...
2026-6-25 11:20:21-debug: Run asset db hook engine-extends:afterRefresh success!
2026-6-25 11:20:21-debug: asset-db:refresh-all-database (206ms)
2026-6-25 11:20:21-debug: asset-db:worker-effect-data-processing (2ms)
2026-6-25 11:20:21-debug: asset-db-hook-engine-extends-afterRefresh (3ms)
2026-6-26 09:16:11-debug: refresh db internal success
2026-6-26 09:16:11-debug: refresh db assets success
2026-6-26 09:16:11-debug: refresh db super-packager success
2026-6-26 09:16:11-debug: Run asset db hook engine-extends:afterRefresh ...
2026-6-26 09:16:11-debug: Run asset db hook engine-extends:afterRefresh success!
2026-6-26 09:16:11-debug: asset-db:refresh-all-database (804ms)
2026-6-26 09:16:11-debug: asset-db:worker-effect-data-processing (14ms)
2026-6-26 09:16:11-debug: asset-db-hook-engine-extends-afterRefresh (14ms)
2026-6-26 09:24:32-debug: refresh db internal success
2026-6-26 09:24:33-debug: refresh db assets success
2026-6-26 09:24:33-debug: refresh db super-packager success
2026-6-26 09:24:33-debug: Run asset db hook engine-extends:afterRefresh ...
2026-6-26 09:24:33-debug: Run asset db hook engine-extends:afterRefresh success!
2026-6-26 09:24:33-debug: asset-db:refresh-all-database (511ms)
2026-6-26 09:24:33-debug: asset-db:worker-effect-data-processing (4ms)
2026-6-26 09:24:33-debug: asset-db-hook-engine-extends-afterRefresh (4ms)
2026-6-26 09:24:40-debug: %cImport%c: D:\工程项目\PlayableAD\Cocos\TheW\20260615_HYQ\HYQ_Project\assets\Scene\Game_3D-002.scenebackground: #aaff85; color: #000;color: #000;
2026-6-26 09:24:40-debug: asset-db:reimport-assetb5805d3a-3b80-4a12-adf5-588e63a7d886 (57ms)
2026-6-26 09:24:42-debug: Query all assets info in project
2026-6-26 09:24:42-debug: init custom config: keepNodeUuid: false, useCache: true
2026-6-26 09:24:42-debug: Skip compress image, progress: 0%
2026-6-26 09:24:42-debug: Init all bundles start..., progress: 0%
2026-6-26 09:24:42-debug: Num of bundles: 3..., progress: 0%
2026-6-26 09:24:42-debug: 查询 Asset Bundle start, progress: 0%
2026-6-26 09:24:42-debug: // ---- build task 查询 Asset Bundle ----
2026-6-26 09:24:42-debug: Init bundle root assets start..., progress: 0%
2026-6-26 09:24:42-debug: Query preload assets/scripts from cc.config.json: 60f7195c-ec2a-45eb-ba94-8955f60e81d0,1c02ae6f-4492-4915-b8f8-7492a3b1e4cd,810e96e4-e456-4468-9b59-f4e8f39732c0,efe8e2a3-eace-427b-b4f1-cb8a937ec77d,e9aa9a3e-5b2b-4ac7-a2c7-073de2b2b24f,8bbdbcdd-5cd4-4100-b6d5-b7c9625b6107,50f4348b-c883-4e2f-8f11-ce233b859fa1,fda095cb-831d-4601-ad94-846013963de8,f92806d7-1768-443f-afe8-12bcde84d0f0,dd3a144d-ab7f-41f0-82b8-2e43a090d496,f0416e68-0200-4b77-a926-4f9d16e494da,511d2633-09a7-4bdd-ac42-f778032124b3,5d45aa00-e064-4938-b314-4265f0c2258c,9361fd90-ba52-4f84-aa93-6e878fd576ca,970b0598-bcb0-4714-91fb-2e81440dccd8,bcd64cc6-2dd9-43f6-abbe-66318d332032,d930590d-bb92-4cc8-8bd1-23cd027f9edf,a3cd009f-0ab0-420d-9278-b9fdab939bbc,6a2d0734-bd9e-4ddf-946e-caa52498cb75,d1346436-ac96-4271-b863-1f4fdead95b0,971bdb23-3ff6-43eb-b422-1c30165a3663,17debcc3-0a6b-4b8a-b00b-dc58b885581e,711ebe11-f673-4cd9-9a83-63c60ba54c5b,c0143906-9aed-447e-9436-2ae8512d1b6e,14da1725-c4c2-42b4-ab08-ee0aeb6898b3,081cab31-dccd-428e-8652-f2404cc81c47,78e0584a-4343-4727-8f37-e14e65c2a2db,ba21476f-2866-4f81-9c4d-6e359316e448,871c3b6c-7379-419d-bda3-794b239ab90d,ff9b0199-ce04-4cfe-86cc-6c719f08d6e4,de1c2107-70c8-4021-8459-6399f24d01c6,cbf30902-517f-40dc-af90-a550bac27cf1,5c601d96-e4c7-4698-991b-7ee674b11079
2026-6-26 09:24:42-debug:   Number of all scenes: 5
2026-6-26 09:24:42-debug:   Number of all scripts: 109
2026-6-26 09:24:42-debug:   Number of other assets: 1153
2026-6-26 09:24:42-debug: Init bundle root assets success..., progress: 0%
2026-6-26 09:24:42-debug: // ---- build task 查询 Asset Bundle ---- (26ms)
2026-6-26 09:24:42-log: run build task 查询 Asset Bundle success in 26 ms√, progress: 5%
2026-6-26 09:24:42-debug: // ---- build task 查询 Asset Bundle ----
2026-6-26 09:24:42-debug: 查询 Asset Bundle start, progress: 5%
2026-6-26 09:24:42-debug: [Build Memory track]: 查询 Asset Bundle start:256.60MB, end 256.58MB, increase: -24.35KB
2026-6-26 09:24:42-debug: // ---- build task 查询 Asset Bundle ---- (5ms)
2026-6-26 09:24:42-log: run build task 查询 Asset Bundle success in 5 ms√, progress: 10%
2026-6-26 09:24:42-debug: [Build Memory track]: 查询 Asset Bundle start:256.61MB, end 256.84MB, increase: 234.52KB
2026-6-26 09:24:42-debug: 整理部分构建选项内数据到 settings.json start, progress: 10%
2026-6-26 09:24:42-debug: // ---- build task 整理部分构建选项内数据到 settings.json ----
2026-6-26 09:24:42-debug: // ---- build task 整理部分构建选项内数据到 settings.json ---- (6ms)
2026-6-26 09:24:42-log: run build task 整理部分构建选项内数据到 settings.json success in 6 ms√, progress: 12%
2026-6-26 09:24:42-debug: 填充脚本数据到 settings.json start, progress: 12%
2026-6-26 09:24:42-debug: [Build Memory track]: 整理部分构建选项内数据到 settings.json start:256.88MB, end 256.91MB, increase: 29.54KB
2026-6-26 09:24:42-debug: // ---- build task 填充脚本数据到 settings.json ----
2026-6-26 09:24:42-debug: // ---- build task 填充脚本数据到 settings.json ---- (2ms)
2026-6-26 09:24:42-log: run build task 填充脚本数据到 settings.json success in 2 ms√, progress: 13%
2026-6-26 09:24:42-debug: [Build Memory track]: 填充脚本数据到 settings.json start:256.94MB, end 256.97MB, increase: 28.88KB
2026-6-26 09:24:42-debug: // ---- build task 整理部分构建选项内数据到 settings.json ----
2026-6-26 09:24:42-debug: 整理部分构建选项内数据到 settings.json start, progress: 13%
2026-6-26 09:24:42-log: run build task 整理部分构建选项内数据到 settings.json success in 6 ms√, progress: 15%
2026-6-26 09:24:42-debug: [Build Memory track]: 整理部分构建选项内数据到 settings.json start:257.00MB, end 257.07MB, increase: 65.22KB
2026-6-26 09:24:42-debug: // ---- build task 整理部分构建选项内数据到 settings.json ---- (6ms)
2026-6-26 09:25:19-debug: Query all assets info in project
2026-6-26 09:25:19-debug: init custom config: keepNodeUuid: false, useCache: true
2026-6-26 09:25:19-debug: Skip compress image, progress: 0%
2026-6-26 09:25:19-debug: Init all bundles start..., progress: 0%
2026-6-26 09:25:19-debug: Num of bundles: 3..., progress: 0%
2026-6-26 09:25:19-debug: 查询 Asset Bundle start, progress: 0%
2026-6-26 09:25:19-debug: // ---- build task 查询 Asset Bundle ----
2026-6-26 09:25:19-debug: Init bundle root assets start..., progress: 0%
2026-6-26 09:25:19-debug:   Number of all scenes: 5
2026-6-26 09:25:19-debug: Query preload assets/scripts from cc.config.json: 60f7195c-ec2a-45eb-ba94-8955f60e81d0,1c02ae6f-4492-4915-b8f8-7492a3b1e4cd,810e96e4-e456-4468-9b59-f4e8f39732c0,efe8e2a3-eace-427b-b4f1-cb8a937ec77d,e9aa9a3e-5b2b-4ac7-a2c7-073de2b2b24f,8bbdbcdd-5cd4-4100-b6d5-b7c9625b6107,50f4348b-c883-4e2f-8f11-ce233b859fa1,fda095cb-831d-4601-ad94-846013963de8,f92806d7-1768-443f-afe8-12bcde84d0f0,dd3a144d-ab7f-41f0-82b8-2e43a090d496,f0416e68-0200-4b77-a926-4f9d16e494da,511d2633-09a7-4bdd-ac42-f778032124b3,5d45aa00-e064-4938-b314-4265f0c2258c,9361fd90-ba52-4f84-aa93-6e878fd576ca,970b0598-bcb0-4714-91fb-2e81440dccd8,bcd64cc6-2dd9-43f6-abbe-66318d332032,d930590d-bb92-4cc8-8bd1-23cd027f9edf,a3cd009f-0ab0-420d-9278-b9fdab939bbc,6a2d0734-bd9e-4ddf-946e-caa52498cb75,d1346436-ac96-4271-b863-1f4fdead95b0,971bdb23-3ff6-43eb-b422-1c30165a3663,17debcc3-0a6b-4b8a-b00b-dc58b885581e,711ebe11-f673-4cd9-9a83-63c60ba54c5b,c0143906-9aed-447e-9436-2ae8512d1b6e,14da1725-c4c2-42b4-ab08-ee0aeb6898b3,081cab31-dccd-428e-8652-f2404cc81c47,78e0584a-4343-4727-8f37-e14e65c2a2db,ba21476f-2866-4f81-9c4d-6e359316e448,871c3b6c-7379-419d-bda3-794b239ab90d,ff9b0199-ce04-4cfe-86cc-6c719f08d6e4,de1c2107-70c8-4021-8459-6399f24d01c6,cbf30902-517f-40dc-af90-a550bac27cf1,5c601d96-e4c7-4698-991b-7ee674b11079
2026-6-26 09:25:19-debug:   Number of all scripts: 109
2026-6-26 09:25:19-debug:   Number of other assets: 1153
2026-6-26 09:25:19-debug: Init bundle root assets success..., progress: 0%
2026-6-26 09:25:19-debug: // ---- build task 查询 Asset Bundle ---- (17ms)
2026-6-26 09:25:19-log: run build task 查询 Asset Bundle success in 17 ms√, progress: 5%
2026-6-26 09:25:19-debug: [Build Memory track]: 查询 Asset Bundle start:256.91MB, end 256.86MB, increase: -43.86KB
2026-6-26 09:25:19-debug: 查询 Asset Bundle start, progress: 5%
2026-6-26 09:25:19-debug: // ---- build task 查询 Asset Bundle ----
2026-6-26 09:25:19-debug: // ---- build task 查询 Asset Bundle ---- (4ms)
2026-6-26 09:25:19-log: run build task 查询 Asset Bundle success in 4 ms√, progress: 10%
2026-6-26 09:25:19-debug: 整理部分构建选项内数据到 settings.json start, progress: 10%
2026-6-26 09:25:19-debug: [Build Memory track]: 查询 Asset Bundle start:256.90MB, end 257.12MB, increase: 231.40KB
2026-6-26 09:25:19-debug: // ---- build task 整理部分构建选项内数据到 settings.json ----
2026-6-26 09:25:19-debug: // ---- build task 整理部分构建选项内数据到 settings.json ---- (2ms)
2026-6-26 09:25:19-log: run build task 整理部分构建选项内数据到 settings.json success in 2 ms√, progress: 12%
2026-6-26 09:25:19-debug: 填充脚本数据到 settings.json start, progress: 12%
2026-6-26 09:25:19-debug: [Build Memory track]: 整理部分构建选项内数据到 settings.json start:257.16MB, end 257.19MB, increase: 29.54KB
2026-6-26 09:25:19-debug: // ---- build task 填充脚本数据到 settings.json ----
2026-6-26 09:25:19-debug: // ---- build task 填充脚本数据到 settings.json ---- (2ms)
2026-6-26 09:25:19-debug: [Build Memory track]: 填充脚本数据到 settings.json start:257.22MB, end 257.25MB, increase: 28.88KB
2026-6-26 09:25:19-log: run build task 填充脚本数据到 settings.json success in 2 ms√, progress: 13%
2026-6-26 09:25:19-debug: 整理部分构建选项内数据到 settings.json start, progress: 13%
2026-6-26 09:25:19-debug: // ---- build task 整理部分构建选项内数据到 settings.json ----
2026-6-26 09:25:19-debug: // ---- build task 整理部分构建选项内数据到 settings.json ---- (4ms)
2026-6-26 09:25:19-log: run build task 整理部分构建选项内数据到 settings.json success in 4 ms√, progress: 15%
2026-6-26 09:25:19-debug: [Build Memory track]: 整理部分构建选项内数据到 settings.json start:257.28MB, end 257.35MB, increase: 71.07KB
2026-6-26 09:25:34-debug: Query all assets info in project
2026-6-26 09:25:34-debug: init custom config: keepNodeUuid: false, useCache: true
2026-6-26 09:25:34-debug: Skip compress image, progress: 0%
2026-6-26 09:25:34-debug: Num of bundles: 3..., progress: 0%
2026-6-26 09:25:34-debug: Init all bundles start..., progress: 0%
2026-6-26 09:25:34-debug: // ---- build task 查询 Asset Bundle ----
2026-6-26 09:25:34-debug: Init bundle root assets start..., progress: 0%
2026-6-26 09:25:34-debug: 查询 Asset Bundle start, progress: 0%
2026-6-26 09:25:34-debug: Query preload assets/scripts from cc.config.json: 60f7195c-ec2a-45eb-ba94-8955f60e81d0,1c02ae6f-4492-4915-b8f8-7492a3b1e4cd,810e96e4-e456-4468-9b59-f4e8f39732c0,efe8e2a3-eace-427b-b4f1-cb8a937ec77d,e9aa9a3e-5b2b-4ac7-a2c7-073de2b2b24f,8bbdbcdd-5cd4-4100-b6d5-b7c9625b6107,50f4348b-c883-4e2f-8f11-ce233b859fa1,fda095cb-831d-4601-ad94-846013963de8,f92806d7-1768-443f-afe8-12bcde84d0f0,dd3a144d-ab7f-41f0-82b8-2e43a090d496,f0416e68-0200-4b77-a926-4f9d16e494da,511d2633-09a7-4bdd-ac42-f778032124b3,5d45aa00-e064-4938-b314-4265f0c2258c,9361fd90-ba52-4f84-aa93-6e878fd576ca,970b0598-bcb0-4714-91fb-2e81440dccd8,bcd64cc6-2dd9-43f6-abbe-66318d332032,d930590d-bb92-4cc8-8bd1-23cd027f9edf,a3cd009f-0ab0-420d-9278-b9fdab939bbc,6a2d0734-bd9e-4ddf-946e-caa52498cb75,d1346436-ac96-4271-b863-1f4fdead95b0,971bdb23-3ff6-43eb-b422-1c30165a3663,17debcc3-0a6b-4b8a-b00b-dc58b885581e,711ebe11-f673-4cd9-9a83-63c60ba54c5b,c0143906-9aed-447e-9436-2ae8512d1b6e,14da1725-c4c2-42b4-ab08-ee0aeb6898b3,081cab31-dccd-428e-8652-f2404cc81c47,78e0584a-4343-4727-8f37-e14e65c2a2db,ba21476f-2866-4f81-9c4d-6e359316e448,871c3b6c-7379-419d-bda3-794b239ab90d,ff9b0199-ce04-4cfe-86cc-6c719f08d6e4,de1c2107-70c8-4021-8459-6399f24d01c6,cbf30902-517f-40dc-af90-a550bac27cf1,5c601d96-e4c7-4698-991b-7ee674b11079
2026-6-26 09:25:34-debug:   Number of all scripts: 109
2026-6-26 09:25:34-debug:   Number of other assets: 1153
2026-6-26 09:25:34-debug: Init bundle root assets success..., progress: 0%
2026-6-26 09:25:34-debug:   Number of all scenes: 5
2026-6-26 09:25:34-debug: // ---- build task 查询 Asset Bundle ---- (16ms)
2026-6-26 09:25:34-log: run build task 查询 Asset Bundle success in 16 ms√, progress: 5%
2026-6-26 09:25:34-debug: 查询 Asset Bundle start, progress: 5%
2026-6-26 09:25:34-debug: [Build Memory track]: 查询 Asset Bundle start:257.20MB, end 257.87MB, increase: 690.36KB
2026-6-26 09:25:34-debug: // ---- build task 查询 Asset Bundle ----
2026-6-26 09:25:34-debug: // ---- build task 查询 Asset Bundle ---- (4ms)
2026-6-26 09:25:34-log: run build task 查询 Asset Bundle success in 4 ms√, progress: 10%
2026-6-26 09:25:34-debug: [Build Memory track]: 查询 Asset Bundle start:257.90MB, end 257.39MB, increase: -523.15KB
2026-6-26 09:25:34-debug: 整理部分构建选项内数据到 settings.json start, progress: 10%
2026-6-26 09:25:34-debug: // ---- build task 整理部分构建选项内数据到 settings.json ----
2026-6-26 09:25:34-debug: // ---- build task 整理部分构建选项内数据到 settings.json ---- (2ms)
2026-6-26 09:25:34-debug: [Build Memory track]: 整理部分构建选项内数据到 settings.json start:257.43MB, end 257.46MB, increase: 30.19KB
2026-6-26 09:25:34-log: run build task 整理部分构建选项内数据到 settings.json success in 2 ms√, progress: 12%
2026-6-26 09:25:34-debug: 填充脚本数据到 settings.json start, progress: 12%
2026-6-26 09:25:34-debug: // ---- build task 填充脚本数据到 settings.json ----
2026-6-26 09:25:34-debug: // ---- build task 填充脚本数据到 settings.json ---- (3ms)
2026-6-26 09:25:34-log: run build task 填充脚本数据到 settings.json success in 3 ms√, progress: 13%
2026-6-26 09:25:34-debug: 整理部分构建选项内数据到 settings.json start, progress: 13%
2026-6-26 09:25:34-debug: [Build Memory track]: 填充脚本数据到 settings.json start:257.49MB, end 257.52MB, increase: 29.52KB
2026-6-26 09:25:34-debug: // ---- build task 整理部分构建选项内数据到 settings.json ----
2026-6-26 09:25:34-debug: // ---- build task 整理部分构建选项内数据到 settings.json ---- (7ms)
2026-6-26 09:25:34-log: run build task 整理部分构建选项内数据到 settings.json success in 7 ms√, progress: 15%
2026-6-26 09:25:34-debug: [Build Memory track]: 整理部分构建选项内数据到 settings.json start:257.56MB, end 257.63MB, increase: 65.88KB
2026-6-26 09:25:56-debug: refresh db internal success
2026-6-26 09:25:56-debug: refresh db assets success
2026-6-26 09:25:56-debug: refresh db super-packager success
2026-6-26 09:25:56-debug: Run asset db hook engine-extends:afterRefresh ...
2026-6-26 09:25:56-debug: Run asset db hook engine-extends:afterRefresh success!
2026-6-26 09:25:56-debug: asset-db:refresh-all-database (220ms)
2026-6-26 09:25:56-debug: asset-db:worker-effect-data-processing (2ms)
2026-6-26 09:25:56-debug: asset-db-hook-engine-extends-afterRefresh (4ms)
2026-6-26 09:37:53-debug: refresh db internal success
2026-6-26 09:37:53-debug: %cImport%c: D:\工程项目\PlayableAD\Cocos\TheW\20260615_HYQ\HYQ_Project\assets\resources\Shaders\OilBarrelBurst.effectbackground: #aaff85; color: #000;color: #000;
2026-6-26 09:37:53-debug: %cImport%c: D:\工程项目\PlayableAD\Cocos\TheW\20260615_HYQ\HYQ_Project\assets\resources\Materials\OilBarrelBurst.mtlbackground: #aaff85; color: #000;color: #000;
2026-6-26 09:37:53-debug: %cImport%c: D:\工程项目\PlayableAD\Cocos\TheW\20260615_HYQ\HYQ_Project\assets\Script\functionS\Other\PropArms.tsbackground: #aaff85; color: #000;color: #000;
2026-6-26 09:37:53-debug: %cImport%c: D:\工程项目\PlayableAD\Cocos\TheW\20260615_HYQ\HYQ_Project\assets\resources\Materials\OilBarrelBurst.mtlbackground: #aaff85; color: #000;color: #000;
2026-6-26 09:37:53-debug: refresh db assets success
2026-6-26 09:37:53-debug: refresh db super-packager success
2026-6-26 09:37:53-debug: Run asset db hook engine-extends:afterRefresh ...
2026-6-26 09:37:53-debug: asset-db:refresh-all-database (409ms)
2026-6-26 09:37:56-debug: recompile effect.bin success
2026-6-26 09:37:56-debug: Run asset db hook engine-extends:afterRefresh success!
2026-6-26 09:37:56-debug: asset-db:worker-effect-data-processing (2754ms)
2026-6-26 09:37:56-debug: asset-db-hook-engine-extends-afterRefresh (2756ms)
2026-6-26 09:37:58-debug: Query all assets info in project
2026-6-26 09:37:58-debug: init custom config: keepNodeUuid: false, useCache: true
2026-6-26 09:37:58-debug: Skip compress image, progress: 0%
2026-6-26 09:37:58-debug: Init all bundles start..., progress: 0%
2026-6-26 09:37:58-debug: Num of bundles: 3..., progress: 0%
2026-6-26 09:37:58-debug: 查询 Asset Bundle start, progress: 0%
2026-6-26 09:37:58-debug: // ---- build task 查询 Asset Bundle ----
2026-6-26 09:37:58-debug: Init bundle root assets start..., progress: 0%
2026-6-26 09:37:58-debug: Query preload assets/scripts from cc.config.json: 60f7195c-ec2a-45eb-ba94-8955f60e81d0,1c02ae6f-4492-4915-b8f8-7492a3b1e4cd,810e96e4-e456-4468-9b59-f4e8f39732c0,efe8e2a3-eace-427b-b4f1-cb8a937ec77d,e9aa9a3e-5b2b-4ac7-a2c7-073de2b2b24f,8bbdbcdd-5cd4-4100-b6d5-b7c9625b6107,50f4348b-c883-4e2f-8f11-ce233b859fa1,fda095cb-831d-4601-ad94-846013963de8,f92806d7-1768-443f-afe8-12bcde84d0f0,dd3a144d-ab7f-41f0-82b8-2e43a090d496,f0416e68-0200-4b77-a926-4f9d16e494da,511d2633-09a7-4bdd-ac42-f778032124b3,5d45aa00-e064-4938-b314-4265f0c2258c,9361fd90-ba52-4f84-aa93-6e878fd576ca,970b0598-bcb0-4714-91fb-2e81440dccd8,bcd64cc6-2dd9-43f6-abbe-66318d332032,d930590d-bb92-4cc8-8bd1-23cd027f9edf,a3cd009f-0ab0-420d-9278-b9fdab939bbc,6a2d0734-bd9e-4ddf-946e-caa52498cb75,d1346436-ac96-4271-b863-1f4fdead95b0,971bdb23-3ff6-43eb-b422-1c30165a3663,17debcc3-0a6b-4b8a-b00b-dc58b885581e,711ebe11-f673-4cd9-9a83-63c60ba54c5b,c0143906-9aed-447e-9436-2ae8512d1b6e,14da1725-c4c2-42b4-ab08-ee0aeb6898b3,081cab31-dccd-428e-8652-f2404cc81c47,78e0584a-4343-4727-8f37-e14e65c2a2db,ba21476f-2866-4f81-9c4d-6e359316e448,871c3b6c-7379-419d-bda3-794b239ab90d,ff9b0199-ce04-4cfe-86cc-6c719f08d6e4,de1c2107-70c8-4021-8459-6399f24d01c6,cbf30902-517f-40dc-af90-a550bac27cf1,5c601d96-e4c7-4698-991b-7ee674b11079
2026-6-26 09:37:58-debug:   Number of all scripts: 109
2026-6-26 09:37:58-debug:   Number of other assets: 1153
2026-6-26 09:37:58-debug: Init bundle root assets success..., progress: 0%
2026-6-26 09:37:58-debug:   Number of all scenes: 5
2026-6-26 09:37:58-debug: // ---- build task 查询 Asset Bundle ---- (17ms)
2026-6-26 09:37:58-log: run build task 查询 Asset Bundle success in 17 ms√, progress: 5%
2026-6-26 09:37:58-debug: [Build Memory track]: 查询 Asset Bundle start:260.65MB, end 262.23MB, increase: 1.58MB
2026-6-26 09:37:58-debug: 查询 Asset Bundle start, progress: 5%
2026-6-26 09:37:58-debug: // ---- build task 查询 Asset Bundle ----
2026-6-26 09:37:58-debug: // ---- build task 查询 Asset Bundle ---- (7ms)
2026-6-26 09:37:58-log: run build task 查询 Asset Bundle success in 7 ms√, progress: 10%
2026-6-26 09:37:58-debug: 整理部分构建选项内数据到 settings.json start, progress: 10%
2026-6-26 09:37:58-debug: // ---- build task 整理部分构建选项内数据到 settings.json ----
2026-6-26 09:37:58-debug: [Build Memory track]: 查询 Asset Bundle start:262.26MB, end 262.50MB, increase: 243.09KB
2026-6-26 09:37:58-debug: // ---- build task 整理部分构建选项内数据到 settings.json ---- (2ms)
2026-6-26 09:37:58-log: run build task 整理部分构建选项内数据到 settings.json success in 2 ms√, progress: 12%
2026-6-26 09:37:58-debug: // ---- build task 填充脚本数据到 settings.json ----
2026-6-26 09:37:58-debug: [Build Memory track]: 整理部分构建选项内数据到 settings.json start:262.54MB, end 262.56MB, increase: 29.02KB
2026-6-26 09:37:58-debug: 填充脚本数据到 settings.json start, progress: 12%
2026-6-26 09:37:58-debug: // ---- build task 填充脚本数据到 settings.json ---- (2ms)
2026-6-26 09:37:58-log: run build task 填充脚本数据到 settings.json success in 2 ms√, progress: 13%
2026-6-26 09:37:58-debug: [Build Memory track]: 填充脚本数据到 settings.json start:262.60MB, end 262.63MB, increase: 30.64KB
2026-6-26 09:37:58-debug: // ---- build task 整理部分构建选项内数据到 settings.json ----
2026-6-26 09:37:58-debug: 整理部分构建选项内数据到 settings.json start, progress: 13%
2026-6-26 09:37:58-log: run build task 整理部分构建选项内数据到 settings.json success in 4 ms√, progress: 15%
2026-6-26 09:37:58-debug: [Build Memory track]: 整理部分构建选项内数据到 settings.json start:262.66MB, end 262.73MB, increase: 70.57KB
2026-6-26 09:37:58-debug: // ---- build task 整理部分构建选项内数据到 settings.json ---- (4ms)
2026-6-26 09:38:14-debug: Query all assets info in project
2026-6-26 09:38:14-debug: init custom config: keepNodeUuid: false, useCache: true
2026-6-26 09:38:14-debug: Skip compress image, progress: 0%
2026-6-26 09:38:14-debug: Init all bundles start..., progress: 0%
2026-6-26 09:38:14-debug: Num of bundles: 3..., progress: 0%
2026-6-26 09:38:14-debug: 查询 Asset Bundle start, progress: 0%
2026-6-26 09:38:14-debug: Query preload assets/scripts from cc.config.json: 60f7195c-ec2a-45eb-ba94-8955f60e81d0,1c02ae6f-4492-4915-b8f8-7492a3b1e4cd,810e96e4-e456-4468-9b59-f4e8f39732c0,efe8e2a3-eace-427b-b4f1-cb8a937ec77d,e9aa9a3e-5b2b-4ac7-a2c7-073de2b2b24f,8bbdbcdd-5cd4-4100-b6d5-b7c9625b6107,50f4348b-c883-4e2f-8f11-ce233b859fa1,fda095cb-831d-4601-ad94-846013963de8,f92806d7-1768-443f-afe8-12bcde84d0f0,dd3a144d-ab7f-41f0-82b8-2e43a090d496,f0416e68-0200-4b77-a926-4f9d16e494da,511d2633-09a7-4bdd-ac42-f778032124b3,5d45aa00-e064-4938-b314-4265f0c2258c,9361fd90-ba52-4f84-aa93-6e878fd576ca,970b0598-bcb0-4714-91fb-2e81440dccd8,bcd64cc6-2dd9-43f6-abbe-66318d332032,d930590d-bb92-4cc8-8bd1-23cd027f9edf,a3cd009f-0ab0-420d-9278-b9fdab939bbc,6a2d0734-bd9e-4ddf-946e-caa52498cb75,d1346436-ac96-4271-b863-1f4fdead95b0,971bdb23-3ff6-43eb-b422-1c30165a3663,17debcc3-0a6b-4b8a-b00b-dc58b885581e,711ebe11-f673-4cd9-9a83-63c60ba54c5b,c0143906-9aed-447e-9436-2ae8512d1b6e,14da1725-c4c2-42b4-ab08-ee0aeb6898b3,081cab31-dccd-428e-8652-f2404cc81c47,78e0584a-4343-4727-8f37-e14e65c2a2db,ba21476f-2866-4f81-9c4d-6e359316e448,871c3b6c-7379-419d-bda3-794b239ab90d,ff9b0199-ce04-4cfe-86cc-6c719f08d6e4,de1c2107-70c8-4021-8459-6399f24d01c6,cbf30902-517f-40dc-af90-a550bac27cf1,5c601d96-e4c7-4698-991b-7ee674b11079
2026-6-26 09:38:14-debug:   Number of all scenes: 5
2026-6-26 09:38:14-debug: Init bundle root assets start..., progress: 0%
2026-6-26 09:38:14-debug:   Number of all scripts: 109
2026-6-26 09:38:14-debug:   Number of other assets: 1153
2026-6-26 09:38:14-debug: Init bundle root assets success..., progress: 0%
2026-6-26 09:38:14-log: run build task 查询 Asset Bundle success in 21 ms√, progress: 5%
2026-6-26 09:38:14-debug: [Build Memory track]: 查询 Asset Bundle start:258.46MB, end 260.00MB, increase: 1.54MB
2026-6-26 09:38:14-debug: 查询 Asset Bundle start, progress: 5%
2026-6-26 09:38:14-debug: // ---- build task 查询 Asset Bundle ---- (21ms)
2026-6-26 09:38:14-debug: // ---- build task 查询 Asset Bundle ----
2026-6-26 09:38:14-debug: // ---- build task 查询 Asset Bundle ----
2026-6-26 09:38:14-debug: // ---- build task 查询 Asset Bundle ---- (10ms)
2026-6-26 09:38:14-log: run build task 查询 Asset Bundle success in 10 ms√, progress: 10%
2026-6-26 09:38:14-debug: [Build Memory track]: 查询 Asset Bundle start:260.04MB, end 254.40MB, increase: -5770.12KB
2026-6-26 09:38:14-debug: 整理部分构建选项内数据到 settings.json start, progress: 10%
2026-6-26 09:38:14-debug: // ---- build task 整理部分构建选项内数据到 settings.json ----
2026-6-26 09:38:14-debug: // ---- build task 整理部分构建选项内数据到 settings.json ---- (2ms)
2026-6-26 09:38:14-log: run build task 整理部分构建选项内数据到 settings.json success in 2 ms√, progress: 12%
2026-6-26 09:38:14-debug: [Build Memory track]: 整理部分构建选项内数据到 settings.json start:254.44MB, end 254.47MB, increase: 30.14KB
2026-6-26 09:38:14-debug: // ---- build task 填充脚本数据到 settings.json ----
2026-6-26 09:38:14-debug: 填充脚本数据到 settings.json start, progress: 12%
2026-6-26 09:38:14-debug: // ---- build task 填充脚本数据到 settings.json ---- (2ms)
2026-6-26 09:38:14-log: run build task 填充脚本数据到 settings.json success in 2 ms√, progress: 13%
2026-6-26 09:38:14-debug: [Build Memory track]: 填充脚本数据到 settings.json start:254.50MB, end 254.53MB, increase: 29.67KB
2026-6-26 09:38:14-debug: 整理部分构建选项内数据到 settings.json start, progress: 13%
2026-6-26 09:38:14-debug: // ---- build task 整理部分构建选项内数据到 settings.json ----
2026-6-26 09:38:14-log: run build task 整理部分构建选项内数据到 settings.json success in 5 ms√, progress: 15%
2026-6-26 09:38:14-debug: [Build Memory track]: 整理部分构建选项内数据到 settings.json start:254.56MB, end 254.63MB, increase: 65.74KB
2026-6-26 09:38:14-debug: // ---- build task 整理部分构建选项内数据到 settings.json ---- (5ms)
2026-6-26 09:45:43-debug: refresh db internal success
2026-6-26 09:45:43-debug: %cImport%c: D:\工程项目\PlayableAD\Cocos\TheW\20260615_HYQ\HYQ_Project\assets\resources\Shaders\OilBarrelBurst.effectbackground: #aaff85; color: #000;color: #000;
2026-6-26 09:45:44-debug: %cImport%c: D:\工程项目\PlayableAD\Cocos\TheW\20260615_HYQ\HYQ_Project\assets\resources\Materials\OilBarrelBurst.mtlbackground: #aaff85; color: #000;color: #000;
2026-6-26 09:45:44-debug: %cImport%c: D:\工程项目\PlayableAD\Cocos\TheW\20260615_HYQ\HYQ_Project\assets\Script\functionS\Other\PropArms.tsbackground: #aaff85; color: #000;color: #000;
2026-6-26 09:45:44-debug: refresh db assets success
2026-6-26 09:45:44-debug: %cImport%c: D:\工程项目\PlayableAD\Cocos\TheW\20260615_HYQ\HYQ_Project\assets\resources\Materials\OilBarrelBurst.mtlbackground: #aaff85; color: #000;color: #000;
2026-6-26 09:45:44-debug: refresh db super-packager success
2026-6-26 09:45:44-debug: Run asset db hook engine-extends:afterRefresh ...
2026-6-26 09:45:44-debug: asset-db:refresh-all-database (300ms)
2026-6-26 09:45:44-debug: recompile effect.bin success
2026-6-26 09:45:44-debug: Run asset db hook engine-extends:afterRefresh success!
2026-6-26 09:45:44-debug: asset-db:worker-effect-data-processing (754ms)
2026-6-26 09:45:44-debug: asset-db-hook-engine-extends-afterRefresh (755ms)
2026-6-26 09:45:47-debug: Query all assets info in project
2026-6-26 09:45:47-debug: Skip compress image, progress: 0%
2026-6-26 09:45:47-debug: init custom config: keepNodeUuid: false, useCache: true
2026-6-26 09:45:47-debug: Init all bundles start..., progress: 0%
2026-6-26 09:45:47-debug: // ---- build task 查询 Asset Bundle ----
2026-6-26 09:45:47-debug: Num of bundles: 3..., progress: 0%
2026-6-26 09:45:47-debug: 查询 Asset Bundle start, progress: 0%
2026-6-26 09:45:47-debug: Init bundle root assets start..., progress: 0%
2026-6-26 09:45:47-debug: Query preload assets/scripts from cc.config.json: 60f7195c-ec2a-45eb-ba94-8955f60e81d0,1c02ae6f-4492-4915-b8f8-7492a3b1e4cd,810e96e4-e456-4468-9b59-f4e8f39732c0,efe8e2a3-eace-427b-b4f1-cb8a937ec77d,e9aa9a3e-5b2b-4ac7-a2c7-073de2b2b24f,8bbdbcdd-5cd4-4100-b6d5-b7c9625b6107,50f4348b-c883-4e2f-8f11-ce233b859fa1,fda095cb-831d-4601-ad94-846013963de8,f92806d7-1768-443f-afe8-12bcde84d0f0,dd3a144d-ab7f-41f0-82b8-2e43a090d496,f0416e68-0200-4b77-a926-4f9d16e494da,511d2633-09a7-4bdd-ac42-f778032124b3,5d45aa00-e064-4938-b314-4265f0c2258c,9361fd90-ba52-4f84-aa93-6e878fd576ca,970b0598-bcb0-4714-91fb-2e81440dccd8,bcd64cc6-2dd9-43f6-abbe-66318d332032,d930590d-bb92-4cc8-8bd1-23cd027f9edf,a3cd009f-0ab0-420d-9278-b9fdab939bbc,6a2d0734-bd9e-4ddf-946e-caa52498cb75,d1346436-ac96-4271-b863-1f4fdead95b0,971bdb23-3ff6-43eb-b422-1c30165a3663,17debcc3-0a6b-4b8a-b00b-dc58b885581e,711ebe11-f673-4cd9-9a83-63c60ba54c5b,c0143906-9aed-447e-9436-2ae8512d1b6e,14da1725-c4c2-42b4-ab08-ee0aeb6898b3,081cab31-dccd-428e-8652-f2404cc81c47,78e0584a-4343-4727-8f37-e14e65c2a2db,ba21476f-2866-4f81-9c4d-6e359316e448,871c3b6c-7379-419d-bda3-794b239ab90d,ff9b0199-ce04-4cfe-86cc-6c719f08d6e4,de1c2107-70c8-4021-8459-6399f24d01c6,cbf30902-517f-40dc-af90-a550bac27cf1,5c601d96-e4c7-4698-991b-7ee674b11079
2026-6-26 09:45:47-debug:   Number of all scenes: 5
2026-6-26 09:45:47-debug:   Number of other assets: 1153
2026-6-26 09:45:47-debug: Init bundle root assets success..., progress: 0%
2026-6-26 09:45:47-debug: // ---- build task 查询 Asset Bundle ---- (19ms)
2026-6-26 09:45:47-log: run build task 查询 Asset Bundle success in 19 ms√, progress: 5%
2026-6-26 09:45:47-debug: [Build Memory track]: 查询 Asset Bundle start:275.42MB, end 267.36MB, increase: -8255.09KB
2026-6-26 09:45:47-debug: 查询 Asset Bundle start, progress: 5%
2026-6-26 09:45:47-debug:   Number of all scripts: 109
2026-6-26 09:45:47-debug: // ---- build task 查询 Asset Bundle ----
2026-6-26 09:45:47-debug: // ---- build task 查询 Asset Bundle ---- (5ms)
2026-6-26 09:45:47-log: run build task 查询 Asset Bundle success in 5 ms√, progress: 10%
2026-6-26 09:45:47-debug: 整理部分构建选项内数据到 settings.json start, progress: 10%
2026-6-26 09:45:47-debug: // ---- build task 整理部分构建选项内数据到 settings.json ----
2026-6-26 09:45:47-debug: [Build Memory track]: 查询 Asset Bundle start:267.40MB, end 267.63MB, increase: 235.68KB
2026-6-26 09:45:47-debug: // ---- build task 整理部分构建选项内数据到 settings.json ---- (3ms)
2026-6-26 09:45:47-log: run build task 整理部分构建选项内数据到 settings.json success in 3 ms√, progress: 12%
2026-6-26 09:45:47-debug: 填充脚本数据到 settings.json start, progress: 12%
2026-6-26 09:45:47-debug: [Build Memory track]: 整理部分构建选项内数据到 settings.json start:267.66MB, end 267.70MB, increase: 38.55KB
2026-6-26 09:45:47-debug: // ---- build task 填充脚本数据到 settings.json ----
2026-6-26 09:45:47-debug: // ---- build task 填充脚本数据到 settings.json ---- (1ms)
2026-6-26 09:45:47-log: run build task 填充脚本数据到 settings.json success in 1 ms√, progress: 13%
2026-6-26 09:45:47-debug: 整理部分构建选项内数据到 settings.json start, progress: 13%
2026-6-26 09:45:47-debug: [Build Memory track]: 填充脚本数据到 settings.json start:267.73MB, end 267.76MB, increase: 29.62KB
2026-6-26 09:45:47-debug: // ---- build task 整理部分构建选项内数据到 settings.json ----
2026-6-26 09:45:47-debug: // ---- build task 整理部分构建选项内数据到 settings.json ---- (7ms)
2026-6-26 09:45:47-log: run build task 整理部分构建选项内数据到 settings.json success in 7 ms√, progress: 15%
2026-6-26 09:45:47-debug: [Build Memory track]: 整理部分构建选项内数据到 settings.json start:267.80MB, end 267.86MB, increase: 65.82KB
2026-6-26 09:47:59-debug: refresh db internal success
2026-6-26 09:47:59-debug: %cImport%c: D:\工程项目\PlayableAD\Cocos\TheW\20260615_HYQ\HYQ_Project\assets\Script\functionS\Other\PropArms.tsbackground: #aaff85; color: #000;color: #000;
2026-6-26 09:47:59-debug: refresh db assets success
2026-6-26 09:47:59-debug: refresh db super-packager success
2026-6-26 09:47:59-debug: Run asset db hook engine-extends:afterRefresh success!
2026-6-26 09:47:59-debug: Run asset db hook engine-extends:afterRefresh ...
2026-6-26 09:47:59-debug: asset-db:refresh-all-database (217ms)
2026-6-26 09:47:59-debug: asset-db:worker-effect-data-processing (2ms)
2026-6-26 09:47:59-debug: asset-db-hook-engine-extends-afterRefresh (2ms)
2026-6-26 09:48:03-debug: Query all assets info in project
2026-6-26 09:48:03-debug: init custom config: keepNodeUuid: false, useCache: true
2026-6-26 09:48:03-debug: Skip compress image, progress: 0%
2026-6-26 09:48:03-debug: Num of bundles: 3..., progress: 0%
2026-6-26 09:48:03-debug: Init all bundles start..., progress: 0%
2026-6-26 09:48:03-debug: 查询 Asset Bundle start, progress: 0%
2026-6-26 09:48:03-debug: // ---- build task 查询 Asset Bundle ----
2026-6-26 09:48:03-debug: Init bundle root assets start..., progress: 0%
2026-6-26 09:48:03-debug: Query preload assets/scripts from cc.config.json: 60f7195c-ec2a-45eb-ba94-8955f60e81d0,1c02ae6f-4492-4915-b8f8-7492a3b1e4cd,810e96e4-e456-4468-9b59-f4e8f39732c0,efe8e2a3-eace-427b-b4f1-cb8a937ec77d,e9aa9a3e-5b2b-4ac7-a2c7-073de2b2b24f,8bbdbcdd-5cd4-4100-b6d5-b7c9625b6107,50f4348b-c883-4e2f-8f11-ce233b859fa1,fda095cb-831d-4601-ad94-846013963de8,f92806d7-1768-443f-afe8-12bcde84d0f0,dd3a144d-ab7f-41f0-82b8-2e43a090d496,f0416e68-0200-4b77-a926-4f9d16e494da,511d2633-09a7-4bdd-ac42-f778032124b3,5d45aa00-e064-4938-b314-4265f0c2258c,9361fd90-ba52-4f84-aa93-6e878fd576ca,970b0598-bcb0-4714-91fb-2e81440dccd8,bcd64cc6-2dd9-43f6-abbe-66318d332032,d930590d-bb92-4cc8-8bd1-23cd027f9edf,a3cd009f-0ab0-420d-9278-b9fdab939bbc,6a2d0734-bd9e-4ddf-946e-caa52498cb75,d1346436-ac96-4271-b863-1f4fdead95b0,971bdb23-3ff6-43eb-b422-1c30165a3663,17debcc3-0a6b-4b8a-b00b-dc58b885581e,711ebe11-f673-4cd9-9a83-63c60ba54c5b,c0143906-9aed-447e-9436-2ae8512d1b6e,14da1725-c4c2-42b4-ab08-ee0aeb6898b3,081cab31-dccd-428e-8652-f2404cc81c47,78e0584a-4343-4727-8f37-e14e65c2a2db,ba21476f-2866-4f81-9c4d-6e359316e448,871c3b6c-7379-419d-bda3-794b239ab90d,ff9b0199-ce04-4cfe-86cc-6c719f08d6e4,de1c2107-70c8-4021-8459-6399f24d01c6,cbf30902-517f-40dc-af90-a550bac27cf1,5c601d96-e4c7-4698-991b-7ee674b11079
2026-6-26 09:48:03-debug:   Number of all scenes: 5
2026-6-26 09:48:03-debug:   Number of all scripts: 109
2026-6-26 09:48:03-debug: Init bundle root assets success..., progress: 0%
2026-6-26 09:48:03-debug:   Number of other assets: 1153
2026-6-26 09:48:03-debug: // ---- build task 查询 Asset Bundle ---- (11ms)
2026-6-26 09:48:03-debug: [Build Memory track]: 查询 Asset Bundle start:273.23MB, end 269.53MB, increase: -3787.54KB
2026-6-26 09:48:03-debug: 查询 Asset Bundle start, progress: 5%
2026-6-26 09:48:03-debug: // ---- build task 查询 Asset Bundle ----
2026-6-26 09:48:03-log: run build task 查询 Asset Bundle success in 11 ms√, progress: 5%
2026-6-26 09:48:03-debug: // ---- build task 查询 Asset Bundle ---- (6ms)
2026-6-26 09:48:03-log: run build task 查询 Asset Bundle success in 6 ms√, progress: 10%
2026-6-26 09:48:03-debug: // ---- build task 整理部分构建选项内数据到 settings.json ----
2026-6-26 09:48:03-debug: [Build Memory track]: 查询 Asset Bundle start:269.56MB, end 269.79MB, increase: 233.75KB
2026-6-26 09:48:03-debug: 整理部分构建选项内数据到 settings.json start, progress: 10%
2026-6-26 09:48:03-log: run build task 整理部分构建选项内数据到 settings.json success in √, progress: 12%
2026-6-26 09:48:03-debug: [Build Memory track]: 整理部分构建选项内数据到 settings.json start:269.82MB, end 269.84MB, increase: 18.16KB
2026-6-26 09:48:03-debug: 填充脚本数据到 settings.json start, progress: 12%
2026-6-26 09:48:03-debug: // ---- build task 填充脚本数据到 settings.json ----
2026-6-26 09:48:03-debug: // ---- build task 填充脚本数据到 settings.json ---- (1ms)
2026-6-26 09:48:03-log: run build task 填充脚本数据到 settings.json success in 1 ms√, progress: 13%
2026-6-26 09:48:03-debug: [Build Memory track]: 填充脚本数据到 settings.json start:269.88MB, end 269.91MB, increase: 29.39KB
2026-6-26 09:48:03-debug: 整理部分构建选项内数据到 settings.json start, progress: 13%
2026-6-26 09:48:03-debug: // ---- build task 整理部分构建选项内数据到 settings.json ----
2026-6-26 09:48:03-debug: // ---- build task 整理部分构建选项内数据到 settings.json ---- (9ms)
2026-6-26 09:48:03-log: run build task 整理部分构建选项内数据到 settings.json success in 9 ms√, progress: 15%
2026-6-26 09:48:03-debug: [Build Memory track]: 整理部分构建选项内数据到 settings.json start:269.94MB, end 270.00MB, increase: 65.71KB
2026-6-26 09:49:10-debug: refresh db internal success
2026-6-26 09:49:11-debug: refresh db assets success
2026-6-26 09:49:11-debug: refresh db super-packager success
2026-6-26 09:49:11-debug: Run asset db hook engine-extends:afterRefresh ...
2026-6-26 09:49:11-debug: Run asset db hook engine-extends:afterRefresh success!
2026-6-26 09:49:11-debug: asset-db:refresh-all-database (229ms)
2026-6-26 09:49:11-debug: asset-db:worker-effect-data-processing (2ms)
2026-6-26 09:49:11-debug: asset-db-hook-engine-extends-afterRefresh (15ms)
2026-6-26 09:51:05-debug: refresh db internal success
2026-6-26 09:51:05-debug: %cImport%c: D:\工程项目\PlayableAD\Cocos\TheW\20260615_HYQ\HYQ_Project\assets\Script\functionS\Other\PropArms.tsbackground: #aaff85; color: #000;color: #000;
2026-6-26 09:51:05-debug: refresh db assets success
2026-6-26 09:51:05-debug: refresh db super-packager success
2026-6-26 09:51:05-debug: Run asset db hook engine-extends:afterRefresh success!
2026-6-26 09:51:05-debug: Run asset db hook engine-extends:afterRefresh ...
2026-6-26 09:51:05-debug: asset-db:refresh-all-database (270ms)
2026-6-26 09:51:05-debug: asset-db:worker-effect-data-processing (2ms)
2026-6-26 09:51:05-debug: asset-db-hook-engine-extends-afterRefresh (3ms)
2026-6-26 09:51:08-debug: Query all assets info in project
2026-6-26 09:51:08-debug: init custom config: keepNodeUuid: false, useCache: true
2026-6-26 09:51:08-debug: Skip compress image, progress: 0%
2026-6-26 09:51:08-debug: Init all bundles start..., progress: 0%
2026-6-26 09:51:08-debug: // ---- build task 查询 Asset Bundle ----
2026-6-26 09:51:08-debug: Num of bundles: 3..., progress: 0%
2026-6-26 09:51:08-debug: 查询 Asset Bundle start, progress: 0%
2026-6-26 09:51:08-debug: Init bundle root assets start..., progress: 0%
2026-6-26 09:51:08-debug: Query preload assets/scripts from cc.config.json: 60f7195c-ec2a-45eb-ba94-8955f60e81d0,1c02ae6f-4492-4915-b8f8-7492a3b1e4cd,810e96e4-e456-4468-9b59-f4e8f39732c0,efe8e2a3-eace-427b-b4f1-cb8a937ec77d,e9aa9a3e-5b2b-4ac7-a2c7-073de2b2b24f,8bbdbcdd-5cd4-4100-b6d5-b7c9625b6107,50f4348b-c883-4e2f-8f11-ce233b859fa1,fda095cb-831d-4601-ad94-846013963de8,f92806d7-1768-443f-afe8-12bcde84d0f0,dd3a144d-ab7f-41f0-82b8-2e43a090d496,f0416e68-0200-4b77-a926-4f9d16e494da,511d2633-09a7-4bdd-ac42-f778032124b3,5d45aa00-e064-4938-b314-4265f0c2258c,9361fd90-ba52-4f84-aa93-6e878fd576ca,970b0598-bcb0-4714-91fb-2e81440dccd8,bcd64cc6-2dd9-43f6-abbe-66318d332032,d930590d-bb92-4cc8-8bd1-23cd027f9edf,a3cd009f-0ab0-420d-9278-b9fdab939bbc,6a2d0734-bd9e-4ddf-946e-caa52498cb75,d1346436-ac96-4271-b863-1f4fdead95b0,971bdb23-3ff6-43eb-b422-1c30165a3663,17debcc3-0a6b-4b8a-b00b-dc58b885581e,711ebe11-f673-4cd9-9a83-63c60ba54c5b,c0143906-9aed-447e-9436-2ae8512d1b6e,14da1725-c4c2-42b4-ab08-ee0aeb6898b3,081cab31-dccd-428e-8652-f2404cc81c47,78e0584a-4343-4727-8f37-e14e65c2a2db,ba21476f-2866-4f81-9c4d-6e359316e448,871c3b6c-7379-419d-bda3-794b239ab90d,ff9b0199-ce04-4cfe-86cc-6c719f08d6e4,de1c2107-70c8-4021-8459-6399f24d01c6,cbf30902-517f-40dc-af90-a550bac27cf1,5c601d96-e4c7-4698-991b-7ee674b11079
2026-6-26 09:51:08-debug:   Number of all scenes: 5
2026-6-26 09:51:08-debug:   Number of other assets: 1153
2026-6-26 09:51:08-debug: Init bundle root assets success..., progress: 0%
2026-6-26 09:51:08-debug:   Number of all scripts: 109
2026-6-26 09:51:08-debug: // ---- build task 查询 Asset Bundle ---- (12ms)
2026-6-26 09:51:08-debug: [Build Memory track]: 查询 Asset Bundle start:278.03MB, end 274.13MB, increase: -3996.76KB
2026-6-26 09:51:08-debug: 查询 Asset Bundle start, progress: 5%
2026-6-26 09:51:08-debug: // ---- build task 查询 Asset Bundle ----
2026-6-26 09:51:08-log: run build task 查询 Asset Bundle success in 12 ms√, progress: 5%
2026-6-26 09:51:08-debug: // ---- build task 查询 Asset Bundle ---- (4ms)
2026-6-26 09:51:08-log: run build task 查询 Asset Bundle success in 4 ms√, progress: 10%
2026-6-26 09:51:08-debug: [Build Memory track]: 查询 Asset Bundle start:274.16MB, end 274.39MB, increase: 232.09KB
2026-6-26 09:51:08-debug: 整理部分构建选项内数据到 settings.json start, progress: 10%
2026-6-26 09:51:08-debug: // ---- build task 整理部分构建选项内数据到 settings.json ----
2026-6-26 09:51:08-debug: // ---- build task 整理部分构建选项内数据到 settings.json ---- (2ms)
2026-6-26 09:51:08-debug: [Build Memory track]: 整理部分构建选项内数据到 settings.json start:274.42MB, end 274.45MB, increase: 29.60KB
2026-6-26 09:51:08-debug: 填充脚本数据到 settings.json start, progress: 12%
2026-6-26 09:51:08-log: run build task 整理部分构建选项内数据到 settings.json success in 2 ms√, progress: 12%
2026-6-26 09:51:08-debug: // ---- build task 填充脚本数据到 settings.json ----
2026-6-26 09:51:09-debug: // ---- build task 填充脚本数据到 settings.json ---- (3ms)
2026-6-26 09:51:09-log: run build task 填充脚本数据到 settings.json success in 3 ms√, progress: 13%
2026-6-26 09:51:09-debug: [Build Memory track]: 填充脚本数据到 settings.json start:274.49MB, end 274.52MB, increase: 29.84KB
2026-6-26 09:51:09-debug: 整理部分构建选项内数据到 settings.json start, progress: 13%
2026-6-26 09:51:09-debug: // ---- build task 整理部分构建选项内数据到 settings.json ----
2026-6-26 09:51:09-debug: // ---- build task 整理部分构建选项内数据到 settings.json ---- (7ms)
2026-6-26 09:51:09-log: run build task 整理部分构建选项内数据到 settings.json success in 7 ms√, progress: 15%
2026-6-26 09:51:09-debug: [Build Memory track]: 整理部分构建选项内数据到 settings.json start:274.55MB, end 274.63MB, increase: 82.01KB
2026-6-26 09:51:26-debug: refresh db internal success
2026-6-26 09:51:26-debug: refresh db assets success
2026-6-26 09:51:26-debug: refresh db super-packager success
2026-6-26 09:51:26-debug: Run asset db hook engine-extends:afterRefresh ...
2026-6-26 09:51:26-debug: Run asset db hook engine-extends:afterRefresh success!
2026-6-26 09:51:26-debug: asset-db:refresh-all-database (306ms)
2026-6-26 09:51:26-debug: asset-db-hook-engine-extends-afterRefresh (6ms)
2026-6-26 09:51:26-debug: asset-db:worker-effect-data-processing (5ms)
2026-6-26 09:57:17-debug: refresh db internal success
2026-6-26 09:57:18-debug: %cImport%c: D:\工程项目\PlayableAD\Cocos\TheW\20260615_HYQ\HYQ_Project\assets\resources\Shaders\OilBarrelBurst.effectbackground: #aaff85; color: #000;color: #000;
2026-6-26 09:57:18-debug: %cImport%c: D:\工程项目\PlayableAD\Cocos\TheW\20260615_HYQ\HYQ_Project\assets\resources\Materials\OilBarrelBurst.mtlbackground: #aaff85; color: #000;color: #000;
2026-6-26 09:57:18-debug: %cImport%c: D:\工程项目\PlayableAD\Cocos\TheW\20260615_HYQ\HYQ_Project\assets\Script\functionS\Other\PropArms.tsbackground: #aaff85; color: #000;color: #000;
2026-6-26 09:57:18-debug: refresh db assets success
2026-6-26 09:57:18-debug: %cImport%c: D:\工程项目\PlayableAD\Cocos\TheW\20260615_HYQ\HYQ_Project\assets\resources\Materials\OilBarrelBurst.mtlbackground: #aaff85; color: #000;color: #000;
2026-6-26 09:57:18-debug: refresh db super-packager success
2026-6-26 09:57:18-debug: Run asset db hook engine-extends:afterRefresh ...
2026-6-26 09:57:18-debug: asset-db:refresh-all-database (516ms)
2026-6-26 09:57:19-debug: recompile effect.bin success
2026-6-26 09:57:19-debug: Run asset db hook engine-extends:afterRefresh success!
2026-6-26 09:57:19-debug: asset-db:worker-effect-data-processing (772ms)
2026-6-26 09:57:19-debug: asset-db-hook-engine-extends-afterRefresh (772ms)
2026-6-26 09:57:21-debug: Query all assets info in project
2026-6-26 09:57:21-debug: init custom config: keepNodeUuid: false, useCache: true
2026-6-26 09:57:21-debug: Skip compress image, progress: 0%
2026-6-26 09:57:21-debug: Init all bundles start..., progress: 0%
2026-6-26 09:57:21-debug: Num of bundles: 3..., progress: 0%
2026-6-26 09:57:21-debug: 查询 Asset Bundle start, progress: 0%
2026-6-26 09:57:21-debug: // ---- build task 查询 Asset Bundle ----
2026-6-26 09:57:21-debug: Init bundle root assets start..., progress: 0%
2026-6-26 09:57:21-debug: Query preload assets/scripts from cc.config.json: 60f7195c-ec2a-45eb-ba94-8955f60e81d0,1c02ae6f-4492-4915-b8f8-7492a3b1e4cd,810e96e4-e456-4468-9b59-f4e8f39732c0,efe8e2a3-eace-427b-b4f1-cb8a937ec77d,e9aa9a3e-5b2b-4ac7-a2c7-073de2b2b24f,8bbdbcdd-5cd4-4100-b6d5-b7c9625b6107,50f4348b-c883-4e2f-8f11-ce233b859fa1,fda095cb-831d-4601-ad94-846013963de8,f92806d7-1768-443f-afe8-12bcde84d0f0,dd3a144d-ab7f-41f0-82b8-2e43a090d496,f0416e68-0200-4b77-a926-4f9d16e494da,511d2633-09a7-4bdd-ac42-f778032124b3,5d45aa00-e064-4938-b314-4265f0c2258c,9361fd90-ba52-4f84-aa93-6e878fd576ca,970b0598-bcb0-4714-91fb-2e81440dccd8,bcd64cc6-2dd9-43f6-abbe-66318d332032,d930590d-bb92-4cc8-8bd1-23cd027f9edf,a3cd009f-0ab0-420d-9278-b9fdab939bbc,6a2d0734-bd9e-4ddf-946e-caa52498cb75,d1346436-ac96-4271-b863-1f4fdead95b0,971bdb23-3ff6-43eb-b422-1c30165a3663,17debcc3-0a6b-4b8a-b00b-dc58b885581e,711ebe11-f673-4cd9-9a83-63c60ba54c5b,c0143906-9aed-447e-9436-2ae8512d1b6e,14da1725-c4c2-42b4-ab08-ee0aeb6898b3,081cab31-dccd-428e-8652-f2404cc81c47,78e0584a-4343-4727-8f37-e14e65c2a2db,ba21476f-2866-4f81-9c4d-6e359316e448,871c3b6c-7379-419d-bda3-794b239ab90d,ff9b0199-ce04-4cfe-86cc-6c719f08d6e4,de1c2107-70c8-4021-8459-6399f24d01c6,cbf30902-517f-40dc-af90-a550bac27cf1,5c601d96-e4c7-4698-991b-7ee674b11079
2026-6-26 09:57:21-debug:   Number of other assets: 1153
2026-6-26 09:57:21-debug: Init bundle root assets success..., progress: 0%
2026-6-26 09:57:21-debug:   Number of all scripts: 109
2026-6-26 09:57:21-debug:   Number of all scenes: 5
2026-6-26 09:57:21-debug: // ---- build task 查询 Asset Bundle ---- (17ms)
2026-6-26 09:57:21-log: run build task 查询 Asset Bundle success in 17 ms√, progress: 5%
2026-6-26 09:57:21-debug: [Build Memory track]: 查询 Asset Bundle start:265.60MB, end 254.49MB, increase: -11378.70KB
2026-6-26 09:57:21-debug: 查询 Asset Bundle start, progress: 5%
2026-6-26 09:57:21-debug: // ---- build task 查询 Asset Bundle ----
2026-6-26 09:57:21-debug: // ---- build task 查询 Asset Bundle ---- (6ms)
2026-6-26 09:57:21-log: run build task 查询 Asset Bundle success in 6 ms√, progress: 10%
2026-6-26 09:57:21-debug: [Build Memory track]: 查询 Asset Bundle start:254.52MB, end 254.75MB, increase: 233.04KB
2026-6-26 09:57:21-debug: 整理部分构建选项内数据到 settings.json start, progress: 10%
2026-6-26 09:57:21-debug: // ---- build task 整理部分构建选项内数据到 settings.json ----
2026-6-26 09:57:21-log: run build task 整理部分构建选项内数据到 settings.json success in 3 ms√, progress: 12%
2026-6-26 09:57:21-debug: [Build Memory track]: 整理部分构建选项内数据到 settings.json start:254.78MB, end 254.81MB, increase: 28.79KB
2026-6-26 09:57:21-debug: 填充脚本数据到 settings.json start, progress: 12%
2026-6-26 09:57:21-debug: // ---- build task 整理部分构建选项内数据到 settings.json ---- (3ms)
2026-6-26 09:57:21-debug: // ---- build task 填充脚本数据到 settings.json ----
2026-6-26 09:57:21-debug: // ---- build task 填充脚本数据到 settings.json ---- (2ms)
2026-6-26 09:57:21-debug: 整理部分构建选项内数据到 settings.json start, progress: 13%
2026-6-26 09:57:21-debug: [Build Memory track]: 填充脚本数据到 settings.json start:254.85MB, end 254.88MB, increase: 30.90KB
2026-6-26 09:57:21-log: run build task 填充脚本数据到 settings.json success in 2 ms√, progress: 13%
2026-6-26 09:57:21-debug: // ---- build task 整理部分构建选项内数据到 settings.json ----
2026-6-26 09:57:21-debug: // ---- build task 整理部分构建选项内数据到 settings.json ---- (9ms)
2026-6-26 09:57:21-log: run build task 整理部分构建选项内数据到 settings.json success in 9 ms√, progress: 15%
2026-6-26 09:57:21-debug: [Build Memory track]: 整理部分构建选项内数据到 settings.json start:254.92MB, end 254.98MB, increase: 70.41KB
2026-6-26 10:03:19-debug: refresh db internal success
2026-6-26 10:03:19-debug: %cImport%c: D:\工程项目\PlayableAD\Cocos\TheW\20260615_HYQ\HYQ_Project\assets\Script\functionS\Other\PropArms.tsbackground: #aaff85; color: #000;color: #000;
2026-6-26 10:03:19-debug: refresh db assets success
2026-6-26 10:03:19-debug: refresh db super-packager success
2026-6-26 10:03:19-debug: Run asset db hook engine-extends:afterRefresh ...
2026-6-26 10:03:19-debug: Run asset db hook engine-extends:afterRefresh success!
2026-6-26 10:03:19-debug: asset-db:refresh-all-database (241ms)
2026-6-26 10:03:19-debug: asset-db:worker-effect-data-processing (2ms)
2026-6-26 10:03:19-debug: asset-db-hook-engine-extends-afterRefresh (3ms)
2026-6-26 10:03:22-debug: Query all assets info in project
2026-6-26 10:03:22-debug: init custom config: keepNodeUuid: false, useCache: true
2026-6-26 10:03:22-debug: Skip compress image, progress: 0%
2026-6-26 10:03:22-debug: Init all bundles start..., progress: 0%
2026-6-26 10:03:22-debug: Num of bundles: 3..., progress: 0%
2026-6-26 10:03:22-debug: 查询 Asset Bundle start, progress: 0%
2026-6-26 10:03:22-debug: // ---- build task 查询 Asset Bundle ----
2026-6-26 10:03:22-debug: Init bundle root assets start..., progress: 0%
2026-6-26 10:03:22-debug: Query preload assets/scripts from cc.config.json: 60f7195c-ec2a-45eb-ba94-8955f60e81d0,1c02ae6f-4492-4915-b8f8-7492a3b1e4cd,810e96e4-e456-4468-9b59-f4e8f39732c0,efe8e2a3-eace-427b-b4f1-cb8a937ec77d,e9aa9a3e-5b2b-4ac7-a2c7-073de2b2b24f,8bbdbcdd-5cd4-4100-b6d5-b7c9625b6107,50f4348b-c883-4e2f-8f11-ce233b859fa1,fda095cb-831d-4601-ad94-846013963de8,f92806d7-1768-443f-afe8-12bcde84d0f0,dd3a144d-ab7f-41f0-82b8-2e43a090d496,f0416e68-0200-4b77-a926-4f9d16e494da,511d2633-09a7-4bdd-ac42-f778032124b3,5d45aa00-e064-4938-b314-4265f0c2258c,9361fd90-ba52-4f84-aa93-6e878fd576ca,970b0598-bcb0-4714-91fb-2e81440dccd8,bcd64cc6-2dd9-43f6-abbe-66318d332032,d930590d-bb92-4cc8-8bd1-23cd027f9edf,a3cd009f-0ab0-420d-9278-b9fdab939bbc,6a2d0734-bd9e-4ddf-946e-caa52498cb75,d1346436-ac96-4271-b863-1f4fdead95b0,971bdb23-3ff6-43eb-b422-1c30165a3663,17debcc3-0a6b-4b8a-b00b-dc58b885581e,711ebe11-f673-4cd9-9a83-63c60ba54c5b,c0143906-9aed-447e-9436-2ae8512d1b6e,14da1725-c4c2-42b4-ab08-ee0aeb6898b3,081cab31-dccd-428e-8652-f2404cc81c47,78e0584a-4343-4727-8f37-e14e65c2a2db,ba21476f-2866-4f81-9c4d-6e359316e448,871c3b6c-7379-419d-bda3-794b239ab90d,ff9b0199-ce04-4cfe-86cc-6c719f08d6e4,de1c2107-70c8-4021-8459-6399f24d01c6,cbf30902-517f-40dc-af90-a550bac27cf1,5c601d96-e4c7-4698-991b-7ee674b11079
2026-6-26 10:03:22-debug:   Number of all scenes: 5
2026-6-26 10:03:22-debug: Init bundle root assets success..., progress: 0%
2026-6-26 10:03:22-debug:   Number of all scripts: 109
2026-6-26 10:03:22-debug:   Number of other assets: 1153
2026-6-26 10:03:22-debug: // ---- build task 查询 Asset Bundle ---- (17ms)
2026-6-26 10:03:22-debug: [Build Memory track]: 查询 Asset Bundle start:260.53MB, end 256.80MB, increase: -3819.57KB
2026-6-26 10:03:22-log: run build task 查询 Asset Bundle success in 17 ms√, progress: 5%
2026-6-26 10:03:22-debug: 查询 Asset Bundle start, progress: 5%
2026-6-26 10:03:22-debug: // ---- build task 查询 Asset Bundle ----
2026-6-26 10:03:22-debug: // ---- build task 查询 Asset Bundle ---- (5ms)
2026-6-26 10:03:22-log: run build task 查询 Asset Bundle success in 5 ms√, progress: 10%
2026-6-26 10:03:22-debug: [Build Memory track]: 查询 Asset Bundle start:256.83MB, end 257.06MB, increase: 234.80KB
2026-6-26 10:03:22-debug: 整理部分构建选项内数据到 settings.json start, progress: 10%
2026-6-26 10:03:22-debug: // ---- build task 整理部分构建选项内数据到 settings.json ----
2026-6-26 10:03:22-debug: [Build Memory track]: 整理部分构建选项内数据到 settings.json start:257.10MB, end 257.13MB, increase: 29.26KB
2026-6-26 10:03:22-log: run build task 整理部分构建选项内数据到 settings.json success in 1 ms√, progress: 12%
2026-6-26 10:03:22-debug: 填充脚本数据到 settings.json start, progress: 12%
2026-6-26 10:03:22-debug: // ---- build task 填充脚本数据到 settings.json ----
2026-6-26 10:03:22-debug: // ---- build task 整理部分构建选项内数据到 settings.json ---- (1ms)
2026-6-26 10:03:22-debug: // ---- build task 填充脚本数据到 settings.json ---- (2ms)
2026-6-26 10:03:22-log: run build task 填充脚本数据到 settings.json success in 2 ms√, progress: 13%
2026-6-26 10:03:22-debug: [Build Memory track]: 填充脚本数据到 settings.json start:257.16MB, end 257.19MB, increase: 29.82KB
2026-6-26 10:03:22-debug: 整理部分构建选项内数据到 settings.json start, progress: 13%
2026-6-26 10:03:22-debug: // ---- build task 整理部分构建选项内数据到 settings.json ----
2026-6-26 10:03:22-log: run build task 整理部分构建选项内数据到 settings.json success in 5 ms√, progress: 15%
2026-6-26 10:03:22-debug: [Build Memory track]: 整理部分构建选项内数据到 settings.json start:257.22MB, end 257.29MB, increase: 66.73KB
2026-6-26 10:03:22-debug: // ---- build task 整理部分构建选项内数据到 settings.json ---- (5ms)
2026-6-26 10:06:34-debug: refresh db internal success
2026-6-26 10:06:34-debug: %cImport%c: D:\工程项目\PlayableAD\Cocos\TheW\20260615_HYQ\HYQ_Project\assets\Script\functionS\Other\PropArms.tsbackground: #aaff85; color: #000;color: #000;
2026-6-26 10:06:34-debug: refresh db assets success
2026-6-26 10:06:34-debug: refresh db super-packager success
2026-6-26 10:06:34-debug: Run asset db hook engine-extends:afterRefresh ...
2026-6-26 10:06:34-debug: Run asset db hook engine-extends:afterRefresh success!
2026-6-26 10:06:34-debug: asset-db:refresh-all-database (244ms)
2026-6-26 10:06:34-debug: asset-db:worker-effect-data-processing (3ms)
2026-6-26 10:06:34-debug: asset-db-hook-engine-extends-afterRefresh (3ms)
2026-6-26 10:06:38-debug: Query all assets info in project
2026-6-26 10:06:38-debug: init custom config: keepNodeUuid: false, useCache: true
2026-6-26 10:06:38-debug: Skip compress image, progress: 0%
2026-6-26 10:06:38-debug: Num of bundles: 3..., progress: 0%
2026-6-26 10:06:38-debug: 查询 Asset Bundle start, progress: 0%
2026-6-26 10:06:38-debug: // ---- build task 查询 Asset Bundle ----
2026-6-26 10:06:38-debug: Init all bundles start..., progress: 0%
2026-6-26 10:06:38-debug: Init bundle root assets start..., progress: 0%
2026-6-26 10:06:38-debug: Query preload assets/scripts from cc.config.json: 60f7195c-ec2a-45eb-ba94-8955f60e81d0,1c02ae6f-4492-4915-b8f8-7492a3b1e4cd,810e96e4-e456-4468-9b59-f4e8f39732c0,efe8e2a3-eace-427b-b4f1-cb8a937ec77d,e9aa9a3e-5b2b-4ac7-a2c7-073de2b2b24f,8bbdbcdd-5cd4-4100-b6d5-b7c9625b6107,50f4348b-c883-4e2f-8f11-ce233b859fa1,fda095cb-831d-4601-ad94-846013963de8,f92806d7-1768-443f-afe8-12bcde84d0f0,dd3a144d-ab7f-41f0-82b8-2e43a090d496,f0416e68-0200-4b77-a926-4f9d16e494da,511d2633-09a7-4bdd-ac42-f778032124b3,5d45aa00-e064-4938-b314-4265f0c2258c,9361fd90-ba52-4f84-aa93-6e878fd576ca,970b0598-bcb0-4714-91fb-2e81440dccd8,bcd64cc6-2dd9-43f6-abbe-66318d332032,d930590d-bb92-4cc8-8bd1-23cd027f9edf,a3cd009f-0ab0-420d-9278-b9fdab939bbc,6a2d0734-bd9e-4ddf-946e-caa52498cb75,d1346436-ac96-4271-b863-1f4fdead95b0,971bdb23-3ff6-43eb-b422-1c30165a3663,17debcc3-0a6b-4b8a-b00b-dc58b885581e,711ebe11-f673-4cd9-9a83-63c60ba54c5b,c0143906-9aed-447e-9436-2ae8512d1b6e,14da1725-c4c2-42b4-ab08-ee0aeb6898b3,081cab31-dccd-428e-8652-f2404cc81c47,78e0584a-4343-4727-8f37-e14e65c2a2db,ba21476f-2866-4f81-9c4d-6e359316e448,871c3b6c-7379-419d-bda3-794b239ab90d,ff9b0199-ce04-4cfe-86cc-6c719f08d6e4,de1c2107-70c8-4021-8459-6399f24d01c6,cbf30902-517f-40dc-af90-a550bac27cf1,5c601d96-e4c7-4698-991b-7ee674b11079
2026-6-26 10:06:38-debug:   Number of all scripts: 109
2026-6-26 10:06:38-debug:   Number of other assets: 1153
2026-6-26 10:06:38-debug: Init bundle root assets success..., progress: 0%
2026-6-26 10:06:38-debug:   Number of all scenes: 5
2026-6-26 10:06:38-debug: // ---- build task 查询 Asset Bundle ---- (14ms)
2026-6-26 10:06:38-log: run build task 查询 Asset Bundle success in 14 ms√, progress: 5%
2026-6-26 10:06:38-debug: [Build Memory track]: 查询 Asset Bundle start:263.04MB, end 259.36MB, increase: -3772.22KB
2026-6-26 10:06:38-debug: 查询 Asset Bundle start, progress: 5%
2026-6-26 10:06:38-debug: // ---- build task 查询 Asset Bundle ----
2026-6-26 10:06:38-debug: // ---- build task 查询 Asset Bundle ---- (4ms)
2026-6-26 10:06:38-log: run build task 查询 Asset Bundle success in 4 ms√, progress: 10%
2026-6-26 10:06:38-debug: [Build Memory track]: 查询 Asset Bundle start:259.39MB, end 259.62MB, increase: 235.74KB
2026-6-26 10:06:38-debug: // ---- build task 整理部分构建选项内数据到 settings.json ----
2026-6-26 10:06:38-debug: 整理部分构建选项内数据到 settings.json start, progress: 10%
2026-6-26 10:06:38-debug: // ---- build task 整理部分构建选项内数据到 settings.json ---- (1ms)
2026-6-26 10:06:38-log: run build task 整理部分构建选项内数据到 settings.json success in 1 ms√, progress: 12%
2026-6-26 10:06:38-debug: 填充脚本数据到 settings.json start, progress: 12%
2026-6-26 10:06:38-debug: [Build Memory track]: 整理部分构建选项内数据到 settings.json start:259.65MB, end 259.68MB, increase: 30.09KB
2026-6-26 10:06:38-debug: // ---- build task 填充脚本数据到 settings.json ----
2026-6-26 10:06:38-log: run build task 填充脚本数据到 settings.json success in 2 ms√, progress: 13%
2026-6-26 10:06:38-debug: [Build Memory track]: 填充脚本数据到 settings.json start:259.72MB, end 259.75MB, increase: 29.62KB
2026-6-26 10:06:38-debug: 整理部分构建选项内数据到 settings.json start, progress: 13%
2026-6-26 10:06:38-debug: // ---- build task 整理部分构建选项内数据到 settings.json ----
2026-6-26 10:06:38-debug: // ---- build task 填充脚本数据到 settings.json ---- (2ms)
2026-6-26 10:06:38-debug: // ---- build task 整理部分构建选项内数据到 settings.json ---- (6ms)
2026-6-26 10:06:38-log: run build task 整理部分构建选项内数据到 settings.json success in 6 ms√, progress: 15%
2026-6-26 10:06:38-debug: [Build Memory track]: 整理部分构建选项内数据到 settings.json start:259.78MB, end 259.85MB, increase: 65.80KB
2026-6-26 10:10:15-debug: refresh db internal success
2026-6-26 10:10:15-debug: %cImport%c: D:\工程项目\PlayableAD\Cocos\TheW\20260615_HYQ\HYQ_Project\assets\Script\functionS\Other\PropArms.tsbackground: #aaff85; color: #000;color: #000;
2026-6-26 10:10:15-debug: refresh db assets success
2026-6-26 10:10:15-debug: refresh db super-packager success
2026-6-26 10:10:15-debug: Run asset db hook engine-extends:afterRefresh ...
2026-6-26 10:10:15-debug: Run asset db hook engine-extends:afterRefresh success!
2026-6-26 10:10:15-debug: asset-db:refresh-all-database (346ms)
2026-6-26 10:10:15-debug: asset-db-hook-engine-extends-afterRefresh (6ms)
2026-6-26 10:10:15-debug: asset-db:worker-effect-data-processing (4ms)
2026-6-26 10:10:20-debug: Query all assets info in project
2026-6-26 10:10:20-debug: init custom config: keepNodeUuid: false, useCache: true
2026-6-26 10:10:20-debug: Skip compress image, progress: 0%
2026-6-26 10:10:20-debug: Init all bundles start..., progress: 0%
2026-6-26 10:10:20-debug: Num of bundles: 3..., progress: 0%
2026-6-26 10:10:20-debug: 查询 Asset Bundle start, progress: 0%
2026-6-26 10:10:20-debug: // ---- build task 查询 Asset Bundle ----
2026-6-26 10:10:20-debug: Init bundle root assets start..., progress: 0%
2026-6-26 10:10:20-debug:   Number of all scripts: 109
2026-6-26 10:10:20-debug:   Number of other assets: 1153
2026-6-26 10:10:20-debug: Query preload assets/scripts from cc.config.json: 60f7195c-ec2a-45eb-ba94-8955f60e81d0,1c02ae6f-4492-4915-b8f8-7492a3b1e4cd,810e96e4-e456-4468-9b59-f4e8f39732c0,efe8e2a3-eace-427b-b4f1-cb8a937ec77d,e9aa9a3e-5b2b-4ac7-a2c7-073de2b2b24f,8bbdbcdd-5cd4-4100-b6d5-b7c9625b6107,50f4348b-c883-4e2f-8f11-ce233b859fa1,fda095cb-831d-4601-ad94-846013963de8,f92806d7-1768-443f-afe8-12bcde84d0f0,dd3a144d-ab7f-41f0-82b8-2e43a090d496,f0416e68-0200-4b77-a926-4f9d16e494da,511d2633-09a7-4bdd-ac42-f778032124b3,5d45aa00-e064-4938-b314-4265f0c2258c,9361fd90-ba52-4f84-aa93-6e878fd576ca,970b0598-bcb0-4714-91fb-2e81440dccd8,bcd64cc6-2dd9-43f6-abbe-66318d332032,d930590d-bb92-4cc8-8bd1-23cd027f9edf,a3cd009f-0ab0-420d-9278-b9fdab939bbc,6a2d0734-bd9e-4ddf-946e-caa52498cb75,d1346436-ac96-4271-b863-1f4fdead95b0,971bdb23-3ff6-43eb-b422-1c30165a3663,17debcc3-0a6b-4b8a-b00b-dc58b885581e,711ebe11-f673-4cd9-9a83-63c60ba54c5b,c0143906-9aed-447e-9436-2ae8512d1b6e,14da1725-c4c2-42b4-ab08-ee0aeb6898b3,081cab31-dccd-428e-8652-f2404cc81c47,78e0584a-4343-4727-8f37-e14e65c2a2db,ba21476f-2866-4f81-9c4d-6e359316e448,871c3b6c-7379-419d-bda3-794b239ab90d,ff9b0199-ce04-4cfe-86cc-6c719f08d6e4,de1c2107-70c8-4021-8459-6399f24d01c6,cbf30902-517f-40dc-af90-a550bac27cf1,5c601d96-e4c7-4698-991b-7ee674b11079
2026-6-26 10:10:20-debug: Init bundle root assets success..., progress: 0%
2026-6-26 10:10:20-debug:   Number of all scenes: 5
2026-6-26 10:10:20-debug: // ---- build task 查询 Asset Bundle ---- (19ms)
2026-6-26 10:10:20-log: run build task 查询 Asset Bundle success in 19 ms√, progress: 5%
2026-6-26 10:10:20-debug: 查询 Asset Bundle start, progress: 5%
2026-6-26 10:10:20-debug: [Build Memory track]: 查询 Asset Bundle start:265.59MB, end 261.92MB, increase: -3766.72KB
2026-6-26 10:10:20-debug: // ---- build task 查询 Asset Bundle ----
2026-6-26 10:10:20-debug: // ---- build task 查询 Asset Bundle ---- (7ms)
2026-6-26 10:10:20-log: run build task 查询 Asset Bundle success in 7 ms√, progress: 10%
2026-6-26 10:10:20-debug: // ---- build task 整理部分构建选项内数据到 settings.json ----
2026-6-26 10:10:20-debug: [Build Memory track]: 查询 Asset Bundle start:261.95MB, end 262.18MB, increase: 232.79KB
2026-6-26 10:10:20-debug: 整理部分构建选项内数据到 settings.json start, progress: 10%
2026-6-26 10:10:20-log: run build task 整理部分构建选项内数据到 settings.json success in 4 ms√, progress: 12%
2026-6-26 10:10:20-debug: [Build Memory track]: 整理部分构建选项内数据到 settings.json start:262.21MB, end 262.24MB, increase: 30.09KB
2026-6-26 10:10:20-debug: 填充脚本数据到 settings.json start, progress: 12%
2026-6-26 10:10:20-debug: // ---- build task 整理部分构建选项内数据到 settings.json ---- (4ms)
2026-6-26 10:10:20-debug: // ---- build task 填充脚本数据到 settings.json ----
2026-6-26 10:10:20-debug: // ---- build task 填充脚本数据到 settings.json ---- (2ms)
2026-6-26 10:10:20-log: run build task 填充脚本数据到 settings.json success in 2 ms√, progress: 13%
2026-6-26 10:10:20-debug: 整理部分构建选项内数据到 settings.json start, progress: 13%
2026-6-26 10:10:20-debug: // ---- build task 整理部分构建选项内数据到 settings.json ----
2026-6-26 10:10:20-debug: [Build Memory track]: 填充脚本数据到 settings.json start:262.28MB, end 262.31MB, increase: 28.72KB
2026-6-26 10:10:20-debug: // ---- build task 整理部分构建选项内数据到 settings.json ---- (4ms)
2026-6-26 10:10:20-log: run build task 整理部分构建选项内数据到 settings.json success in 4 ms√, progress: 15%
2026-6-26 10:10:20-debug: [Build Memory track]: 整理部分构建选项内数据到 settings.json start:262.34MB, end 262.41MB, increase: 66.66KB
2026-6-26 10:12:39-debug: refresh db internal success
2026-6-26 10:12:39-debug: %cImport%c: D:\工程项目\PlayableAD\Cocos\TheW\20260615_HYQ\HYQ_Project\assets\Script\functionS\Other\PropArms.tsbackground: #aaff85; color: #000;color: #000;
2026-6-26 10:12:39-debug: refresh db assets success
2026-6-26 10:12:39-debug: refresh db super-packager success
2026-6-26 10:12:39-debug: Run asset db hook engine-extends:afterRefresh ...
2026-6-26 10:12:39-debug: Run asset db hook engine-extends:afterRefresh success!
2026-6-26 10:12:39-debug: asset-db:refresh-all-database (245ms)
2026-6-26 10:12:39-debug: asset-db:worker-effect-data-processing (6ms)
2026-6-26 10:12:39-debug: asset-db-hook-engine-extends-afterRefresh (7ms)
2026-6-26 10:12:42-debug: Query all assets info in project
2026-6-26 10:12:42-debug: init custom config: keepNodeUuid: false, useCache: true
2026-6-26 10:12:42-debug: Skip compress image, progress: 0%
2026-6-26 10:12:42-debug: Num of bundles: 3..., progress: 0%
2026-6-26 10:12:42-debug: Init all bundles start..., progress: 0%
2026-6-26 10:12:42-debug: // ---- build task 查询 Asset Bundle ----
2026-6-26 10:12:42-debug: 查询 Asset Bundle start, progress: 0%
2026-6-26 10:12:42-debug: Init bundle root assets start..., progress: 0%
2026-6-26 10:12:42-debug: Query preload assets/scripts from cc.config.json: 60f7195c-ec2a-45eb-ba94-8955f60e81d0,1c02ae6f-4492-4915-b8f8-7492a3b1e4cd,810e96e4-e456-4468-9b59-f4e8f39732c0,efe8e2a3-eace-427b-b4f1-cb8a937ec77d,e9aa9a3e-5b2b-4ac7-a2c7-073de2b2b24f,8bbdbcdd-5cd4-4100-b6d5-b7c9625b6107,50f4348b-c883-4e2f-8f11-ce233b859fa1,fda095cb-831d-4601-ad94-846013963de8,f92806d7-1768-443f-afe8-12bcde84d0f0,dd3a144d-ab7f-41f0-82b8-2e43a090d496,f0416e68-0200-4b77-a926-4f9d16e494da,511d2633-09a7-4bdd-ac42-f778032124b3,5d45aa00-e064-4938-b314-4265f0c2258c,9361fd90-ba52-4f84-aa93-6e878fd576ca,970b0598-bcb0-4714-91fb-2e81440dccd8,bcd64cc6-2dd9-43f6-abbe-66318d332032,d930590d-bb92-4cc8-8bd1-23cd027f9edf,a3cd009f-0ab0-420d-9278-b9fdab939bbc,6a2d0734-bd9e-4ddf-946e-caa52498cb75,d1346436-ac96-4271-b863-1f4fdead95b0,971bdb23-3ff6-43eb-b422-1c30165a3663,17debcc3-0a6b-4b8a-b00b-dc58b885581e,711ebe11-f673-4cd9-9a83-63c60ba54c5b,c0143906-9aed-447e-9436-2ae8512d1b6e,14da1725-c4c2-42b4-ab08-ee0aeb6898b3,081cab31-dccd-428e-8652-f2404cc81c47,78e0584a-4343-4727-8f37-e14e65c2a2db,ba21476f-2866-4f81-9c4d-6e359316e448,871c3b6c-7379-419d-bda3-794b239ab90d,ff9b0199-ce04-4cfe-86cc-6c719f08d6e4,de1c2107-70c8-4021-8459-6399f24d01c6,cbf30902-517f-40dc-af90-a550bac27cf1,5c601d96-e4c7-4698-991b-7ee674b11079
2026-6-26 10:12:42-debug:   Number of all scenes: 5
2026-6-26 10:12:42-debug:   Number of all scripts: 109
2026-6-26 10:12:42-debug:   Number of other assets: 1153
2026-6-26 10:12:42-debug: Init bundle root assets success..., progress: 0%
2026-6-26 10:12:42-debug: // ---- build task 查询 Asset Bundle ---- (10ms)
2026-6-26 10:12:42-log: run build task 查询 Asset Bundle success in 10 ms√, progress: 5%
2026-6-26 10:12:42-debug: 查询 Asset Bundle start, progress: 5%
2026-6-26 10:12:42-debug: // ---- build task 查询 Asset Bundle ----
2026-6-26 10:12:42-debug: [Build Memory track]: 查询 Asset Bundle start:268.24MB, end 264.43MB, increase: -3897.63KB
2026-6-26 10:12:42-debug: // ---- build task 查询 Asset Bundle ---- (3ms)
2026-6-26 10:12:42-log: run build task 查询 Asset Bundle success in 3 ms√, progress: 10%
2026-6-26 10:12:42-debug: 整理部分构建选项内数据到 settings.json start, progress: 10%
2026-6-26 10:12:42-debug: [Build Memory track]: 查询 Asset Bundle start:264.46MB, end 264.69MB, increase: 233.84KB
2026-6-26 10:12:42-debug: // ---- build task 整理部分构建选项内数据到 settings.json ----
2026-6-26 10:12:42-debug: // ---- build task 整理部分构建选项内数据到 settings.json ---- (1ms)
2026-6-26 10:12:42-log: run build task 整理部分构建选项内数据到 settings.json success in 1 ms√, progress: 12%
2026-6-26 10:12:42-debug: [Build Memory track]: 整理部分构建选项内数据到 settings.json start:264.73MB, end 264.76MB, increase: 31.64KB
2026-6-26 10:12:42-debug: 填充脚本数据到 settings.json start, progress: 12%
2026-6-26 10:12:42-debug: // ---- build task 填充脚本数据到 settings.json ----
2026-6-26 10:12:42-debug: // ---- build task 填充脚本数据到 settings.json ---- (1ms)
2026-6-26 10:12:42-log: run build task 填充脚本数据到 settings.json success in 1 ms√, progress: 13%
2026-6-26 10:12:42-debug: [Build Memory track]: 填充脚本数据到 settings.json start:264.79MB, end 264.82MB, increase: 29.16KB
2026-6-26 10:12:42-debug: 整理部分构建选项内数据到 settings.json start, progress: 13%
2026-6-26 10:12:42-debug: // ---- build task 整理部分构建选项内数据到 settings.json ----
2026-6-26 10:12:42-debug: // ---- build task 整理部分构建选项内数据到 settings.json ---- (7ms)
2026-6-26 10:12:42-log: run build task 整理部分构建选项内数据到 settings.json success in 7 ms√, progress: 15%
2026-6-26 10:12:42-debug: [Build Memory track]: 整理部分构建选项内数据到 settings.json start:264.85MB, end 264.92MB, increase: 66.18KB
2026-6-26 10:16:35-debug: refresh db internal success
2026-6-26 10:16:36-debug: %cImport%c: D:\工程项目\PlayableAD\Cocos\TheW\20260615_HYQ\HYQ_Project\assets\Script\functionS\Other\PropArms.tsbackground: #aaff85; color: #000;color: #000;
2026-6-26 10:16:36-debug: refresh db assets success
2026-6-26 10:16:36-debug: Run asset db hook engine-extends:afterRefresh ...
2026-6-26 10:16:36-debug: Run asset db hook engine-extends:afterRefresh success!
2026-6-26 10:16:36-debug: refresh db super-packager success
2026-6-26 10:16:36-debug: asset-db:refresh-all-database (400ms)
2026-6-26 10:16:36-debug: asset-db:worker-effect-data-processing (6ms)
2026-6-26 10:16:36-debug: asset-db-hook-engine-extends-afterRefresh (8ms)
2026-6-26 10:16:39-debug: Query all assets info in project
2026-6-26 10:16:39-debug: init custom config: keepNodeUuid: false, useCache: true
2026-6-26 10:16:39-debug: Skip compress image, progress: 0%
2026-6-26 10:16:39-debug: Init all bundles start..., progress: 0%
2026-6-26 10:16:39-debug: Num of bundles: 3..., progress: 0%
2026-6-26 10:16:39-debug: 查询 Asset Bundle start, progress: 0%
2026-6-26 10:16:39-debug: // ---- build task 查询 Asset Bundle ----
2026-6-26 10:16:39-debug: Init bundle root assets start..., progress: 0%
2026-6-26 10:16:39-debug:   Number of all scenes: 5
2026-6-26 10:16:39-debug: Query preload assets/scripts from cc.config.json: 60f7195c-ec2a-45eb-ba94-8955f60e81d0,1c02ae6f-4492-4915-b8f8-7492a3b1e4cd,810e96e4-e456-4468-9b59-f4e8f39732c0,efe8e2a3-eace-427b-b4f1-cb8a937ec77d,e9aa9a3e-5b2b-4ac7-a2c7-073de2b2b24f,8bbdbcdd-5cd4-4100-b6d5-b7c9625b6107,50f4348b-c883-4e2f-8f11-ce233b859fa1,fda095cb-831d-4601-ad94-846013963de8,f92806d7-1768-443f-afe8-12bcde84d0f0,dd3a144d-ab7f-41f0-82b8-2e43a090d496,f0416e68-0200-4b77-a926-4f9d16e494da,511d2633-09a7-4bdd-ac42-f778032124b3,5d45aa00-e064-4938-b314-4265f0c2258c,9361fd90-ba52-4f84-aa93-6e878fd576ca,970b0598-bcb0-4714-91fb-2e81440dccd8,bcd64cc6-2dd9-43f6-abbe-66318d332032,d930590d-bb92-4cc8-8bd1-23cd027f9edf,a3cd009f-0ab0-420d-9278-b9fdab939bbc,6a2d0734-bd9e-4ddf-946e-caa52498cb75,d1346436-ac96-4271-b863-1f4fdead95b0,971bdb23-3ff6-43eb-b422-1c30165a3663,17debcc3-0a6b-4b8a-b00b-dc58b885581e,711ebe11-f673-4cd9-9a83-63c60ba54c5b,c0143906-9aed-447e-9436-2ae8512d1b6e,14da1725-c4c2-42b4-ab08-ee0aeb6898b3,081cab31-dccd-428e-8652-f2404cc81c47,78e0584a-4343-4727-8f37-e14e65c2a2db,ba21476f-2866-4f81-9c4d-6e359316e448,871c3b6c-7379-419d-bda3-794b239ab90d,ff9b0199-ce04-4cfe-86cc-6c719f08d6e4,de1c2107-70c8-4021-8459-6399f24d01c6,cbf30902-517f-40dc-af90-a550bac27cf1,5c601d96-e4c7-4698-991b-7ee674b11079
2026-6-26 10:16:39-debug:   Number of all scripts: 109
2026-6-26 10:16:39-debug: Init bundle root assets success..., progress: 0%
2026-6-26 10:16:39-debug:   Number of other assets: 1153
2026-6-26 10:16:39-debug: // ---- build task 查询 Asset Bundle ---- (19ms)
2026-6-26 10:16:39-log: run build task 查询 Asset Bundle success in 19 ms√, progress: 5%
2026-6-26 10:16:39-debug: [Build Memory track]: 查询 Asset Bundle start:270.79MB, end 266.99MB, increase: -3887.53KB
2026-6-26 10:16:39-debug: 查询 Asset Bundle start, progress: 5%
2026-6-26 10:16:39-debug: // ---- build task 查询 Asset Bundle ----
2026-6-26 10:16:39-debug: // ---- build task 查询 Asset Bundle ---- (7ms)
2026-6-26 10:16:39-log: run build task 查询 Asset Bundle success in 7 ms√, progress: 10%
2026-6-26 10:16:39-debug: // ---- build task 整理部分构建选项内数据到 settings.json ----
2026-6-26 10:16:39-debug: [Build Memory track]: 查询 Asset Bundle start:267.02MB, end 267.25MB, increase: 231.74KB
2026-6-26 10:16:39-debug: 整理部分构建选项内数据到 settings.json start, progress: 10%
2026-6-26 10:16:39-debug: // ---- build task 整理部分构建选项内数据到 settings.json ---- (3ms)
2026-6-26 10:16:39-log: run build task 整理部分构建选项内数据到 settings.json success in 3 ms√, progress: 12%
2026-6-26 10:16:39-debug: [Build Memory track]: 整理部分构建选项内数据到 settings.json start:267.28MB, end 267.31MB, increase: 30.06KB
2026-6-26 10:16:39-debug: 填充脚本数据到 settings.json start, progress: 12%
2026-6-26 10:16:39-debug: // ---- build task 填充脚本数据到 settings.json ----
2026-6-26 10:16:39-debug: // ---- build task 填充脚本数据到 settings.json ---- (3ms)
2026-6-26 10:16:39-log: run build task 填充脚本数据到 settings.json success in 3 ms√, progress: 13%
2026-6-26 10:16:39-debug: [Build Memory track]: 填充脚本数据到 settings.json start:267.35MB, end 267.38MB, increase: 29.54KB
2026-6-26 10:16:39-debug: 整理部分构建选项内数据到 settings.json start, progress: 13%
2026-6-26 10:16:39-debug: // ---- build task 整理部分构建选项内数据到 settings.json ----
2026-6-26 10:16:39-debug: // ---- build task 整理部分构建选项内数据到 settings.json ---- (8ms)
2026-6-26 10:16:39-log: run build task 整理部分构建选项内数据到 settings.json success in 8 ms√, progress: 15%
2026-6-26 10:16:39-debug: [Build Memory track]: 整理部分构建选项内数据到 settings.json start:267.41MB, end 267.48MB, increase: 65.85KB
2026-6-26 10:19:14-debug: refresh db internal success
2026-6-26 10:19:14-debug: %cImport%c: D:\工程项目\PlayableAD\Cocos\TheW\20260615_HYQ\HYQ_Project\assets\Script\functionS\Other\PropArms.tsbackground: #aaff85; color: #000;color: #000;
2026-6-26 10:19:14-debug: refresh db assets success
2026-6-26 10:19:14-debug: refresh db super-packager success
2026-6-26 10:19:14-debug: Run asset db hook engine-extends:afterRefresh success!
2026-6-26 10:19:14-debug: Run asset db hook engine-extends:afterRefresh ...
2026-6-26 10:19:14-debug: asset-db:refresh-all-database (236ms)
2026-6-26 10:19:14-debug: asset-db:worker-effect-data-processing (3ms)
2026-6-26 10:19:14-debug: asset-db-hook-engine-extends-afterRefresh (4ms)
2026-6-26 10:19:17-debug: Query all assets info in project
2026-6-26 10:19:17-debug: init custom config: keepNodeUuid: false, useCache: true
2026-6-26 10:19:17-debug: Skip compress image, progress: 0%
2026-6-26 10:19:17-debug: Init all bundles start..., progress: 0%
2026-6-26 10:19:17-debug: Num of bundles: 3..., progress: 0%
2026-6-26 10:19:17-debug: // ---- build task 查询 Asset Bundle ----
2026-6-26 10:19:17-debug: 查询 Asset Bundle start, progress: 0%
2026-6-26 10:19:17-debug: Init bundle root assets start..., progress: 0%
2026-6-26 10:19:17-debug: Query preload assets/scripts from cc.config.json: 60f7195c-ec2a-45eb-ba94-8955f60e81d0,1c02ae6f-4492-4915-b8f8-7492a3b1e4cd,810e96e4-e456-4468-9b59-f4e8f39732c0,efe8e2a3-eace-427b-b4f1-cb8a937ec77d,e9aa9a3e-5b2b-4ac7-a2c7-073de2b2b24f,8bbdbcdd-5cd4-4100-b6d5-b7c9625b6107,50f4348b-c883-4e2f-8f11-ce233b859fa1,fda095cb-831d-4601-ad94-846013963de8,f92806d7-1768-443f-afe8-12bcde84d0f0,dd3a144d-ab7f-41f0-82b8-2e43a090d496,f0416e68-0200-4b77-a926-4f9d16e494da,511d2633-09a7-4bdd-ac42-f778032124b3,5d45aa00-e064-4938-b314-4265f0c2258c,9361fd90-ba52-4f84-aa93-6e878fd576ca,970b0598-bcb0-4714-91fb-2e81440dccd8,bcd64cc6-2dd9-43f6-abbe-66318d332032,d930590d-bb92-4cc8-8bd1-23cd027f9edf,a3cd009f-0ab0-420d-9278-b9fdab939bbc,6a2d0734-bd9e-4ddf-946e-caa52498cb75,d1346436-ac96-4271-b863-1f4fdead95b0,971bdb23-3ff6-43eb-b422-1c30165a3663,17debcc3-0a6b-4b8a-b00b-dc58b885581e,711ebe11-f673-4cd9-9a83-63c60ba54c5b,c0143906-9aed-447e-9436-2ae8512d1b6e,14da1725-c4c2-42b4-ab08-ee0aeb6898b3,081cab31-dccd-428e-8652-f2404cc81c47,78e0584a-4343-4727-8f37-e14e65c2a2db,ba21476f-2866-4f81-9c4d-6e359316e448,871c3b6c-7379-419d-bda3-794b239ab90d,ff9b0199-ce04-4cfe-86cc-6c719f08d6e4,de1c2107-70c8-4021-8459-6399f24d01c6,cbf30902-517f-40dc-af90-a550bac27cf1,5c601d96-e4c7-4698-991b-7ee674b11079
2026-6-26 10:19:17-debug:   Number of all scripts: 109
2026-6-26 10:19:17-debug:   Number of all scenes: 5
2026-6-26 10:19:17-debug: Init bundle root assets success..., progress: 0%
2026-6-26 10:19:17-debug:   Number of other assets: 1153
2026-6-26 10:19:17-debug: // ---- build task 查询 Asset Bundle ---- (13ms)
2026-6-26 10:19:17-log: run build task 查询 Asset Bundle success in 13 ms√, progress: 5%
2026-6-26 10:19:17-debug: [Build Memory track]: 查询 Asset Bundle start:270.47MB, end 272.01MB, increase: 1.54MB
2026-6-26 10:19:17-debug: 查询 Asset Bundle start, progress: 5%
2026-6-26 10:19:17-debug: // ---- build task 查询 Asset Bundle ----
2026-6-26 10:19:17-debug: // ---- build task 查询 Asset Bundle ---- (5ms)
2026-6-26 10:19:17-log: run build task 查询 Asset Bundle success in 5 ms√, progress: 10%
2026-6-26 10:19:17-debug: [Build Memory track]: 查询 Asset Bundle start:272.05MB, end 272.27MB, increase: 232.58KB
2026-6-26 10:19:17-debug: 整理部分构建选项内数据到 settings.json start, progress: 10%
2026-6-26 10:19:17-debug: // ---- build task 整理部分构建选项内数据到 settings.json ----
2026-6-26 10:19:17-debug: // ---- build task 整理部分构建选项内数据到 settings.json ---- (4ms)
2026-6-26 10:19:17-log: run build task 整理部分构建选项内数据到 settings.json success in 4 ms√, progress: 12%
2026-6-26 10:19:17-debug: 填充脚本数据到 settings.json start, progress: 12%
2026-6-26 10:19:17-debug: [Build Memory track]: 整理部分构建选项内数据到 settings.json start:272.31MB, end 272.34MB, increase: 30.05KB
2026-6-26 10:19:17-debug: // ---- build task 填充脚本数据到 settings.json ----
2026-6-26 10:19:17-debug: // ---- build task 填充脚本数据到 settings.json ---- (1ms)
2026-6-26 10:19:17-log: run build task 填充脚本数据到 settings.json success in 1 ms√, progress: 13%
2026-6-26 10:19:17-debug: 整理部分构建选项内数据到 settings.json start, progress: 13%
2026-6-26 10:19:17-debug: // ---- build task 整理部分构建选项内数据到 settings.json ----
2026-6-26 10:19:17-debug: [Build Memory track]: 填充脚本数据到 settings.json start:272.37MB, end 272.40MB, increase: 29.61KB
2026-6-26 10:19:17-log: run build task 整理部分构建选项内数据到 settings.json success in 6 ms√, progress: 15%
2026-6-26 10:19:17-debug: [Build Memory track]: 整理部分构建选项内数据到 settings.json start:272.44MB, end 272.50MB, increase: 65.87KB
2026-6-26 10:19:17-debug: // ---- build task 整理部分构建选项内数据到 settings.json ---- (6ms)
2026-6-26 10:26:52-debug: refresh db internal success
2026-6-26 10:26:52-debug: %cImport%c: D:\工程项目\PlayableAD\Cocos\TheW\20260615_HYQ\HYQ_Project\assets\Script\functionS\Other\PropArms.tsbackground: #aaff85; color: #000;color: #000;
2026-6-26 10:26:52-debug: refresh db assets success
2026-6-26 10:26:52-debug: refresh db super-packager success
2026-6-26 10:26:52-debug: Run asset db hook engine-extends:afterRefresh ...
2026-6-26 10:26:52-debug: Run asset db hook engine-extends:afterRefresh success!
2026-6-26 10:26:52-debug: asset-db:refresh-all-database (442ms)
2026-6-26 10:26:52-debug: asset-db:worker-effect-data-processing (7ms)
2026-6-26 10:26:52-debug: asset-db-hook-engine-extends-afterRefresh (11ms)
2026-6-26 10:26:57-debug: Query all assets info in project
2026-6-26 10:26:57-debug: init custom config: keepNodeUuid: false, useCache: true
2026-6-26 10:26:57-debug: Skip compress image, progress: 0%
2026-6-26 10:26:57-debug: Init all bundles start..., progress: 0%
2026-6-26 10:26:57-debug: Num of bundles: 3..., progress: 0%
2026-6-26 10:26:57-debug: 查询 Asset Bundle start, progress: 0%
2026-6-26 10:26:57-debug: // ---- build task 查询 Asset Bundle ----
2026-6-26 10:26:57-debug: Init bundle root assets start..., progress: 0%
2026-6-26 10:26:57-debug: Query preload assets/scripts from cc.config.json: 60f7195c-ec2a-45eb-ba94-8955f60e81d0,1c02ae6f-4492-4915-b8f8-7492a3b1e4cd,810e96e4-e456-4468-9b59-f4e8f39732c0,efe8e2a3-eace-427b-b4f1-cb8a937ec77d,e9aa9a3e-5b2b-4ac7-a2c7-073de2b2b24f,8bbdbcdd-5cd4-4100-b6d5-b7c9625b6107,50f4348b-c883-4e2f-8f11-ce233b859fa1,fda095cb-831d-4601-ad94-846013963de8,f92806d7-1768-443f-afe8-12bcde84d0f0,dd3a144d-ab7f-41f0-82b8-2e43a090d496,f0416e68-0200-4b77-a926-4f9d16e494da,511d2633-09a7-4bdd-ac42-f778032124b3,5d45aa00-e064-4938-b314-4265f0c2258c,9361fd90-ba52-4f84-aa93-6e878fd576ca,970b0598-bcb0-4714-91fb-2e81440dccd8,bcd64cc6-2dd9-43f6-abbe-66318d332032,d930590d-bb92-4cc8-8bd1-23cd027f9edf,a3cd009f-0ab0-420d-9278-b9fdab939bbc,6a2d0734-bd9e-4ddf-946e-caa52498cb75,d1346436-ac96-4271-b863-1f4fdead95b0,971bdb23-3ff6-43eb-b422-1c30165a3663,17debcc3-0a6b-4b8a-b00b-dc58b885581e,711ebe11-f673-4cd9-9a83-63c60ba54c5b,c0143906-9aed-447e-9436-2ae8512d1b6e,14da1725-c4c2-42b4-ab08-ee0aeb6898b3,081cab31-dccd-428e-8652-f2404cc81c47,78e0584a-4343-4727-8f37-e14e65c2a2db,ba21476f-2866-4f81-9c4d-6e359316e448,871c3b6c-7379-419d-bda3-794b239ab90d,ff9b0199-ce04-4cfe-86cc-6c719f08d6e4,de1c2107-70c8-4021-8459-6399f24d01c6,cbf30902-517f-40dc-af90-a550bac27cf1,5c601d96-e4c7-4698-991b-7ee674b11079
2026-6-26 10:26:57-debug:   Number of other assets: 1153
2026-6-26 10:26:57-debug: Init bundle root assets success..., progress: 0%
2026-6-26 10:26:57-debug:   Number of all scenes: 5
2026-6-26 10:26:57-debug:   Number of all scripts: 109
2026-6-26 10:26:57-debug: // ---- build task 查询 Asset Bundle ---- (32ms)
2026-6-26 10:26:57-log: run build task 查询 Asset Bundle success in 32 ms√, progress: 5%
2026-6-26 10:26:57-debug: // ---- build task 查询 Asset Bundle ----
2026-6-26 10:26:57-debug: [Build Memory track]: 查询 Asset Bundle start:272.25MB, end 273.81MB, increase: 1.56MB
2026-6-26 10:26:57-debug: 查询 Asset Bundle start, progress: 5%
2026-6-26 10:26:57-debug: // ---- build task 查询 Asset Bundle ---- (10ms)
2026-6-26 10:26:57-log: run build task 查询 Asset Bundle success in 10 ms√, progress: 10%
2026-6-26 10:26:57-debug: [Build Memory track]: 查询 Asset Bundle start:273.85MB, end 274.07MB, increase: 232.05KB
2026-6-26 10:26:57-debug: 整理部分构建选项内数据到 settings.json start, progress: 10%
2026-6-26 10:26:57-debug: // ---- build task 整理部分构建选项内数据到 settings.json ----
2026-6-26 10:26:57-log: run build task 整理部分构建选项内数据到 settings.json success in 4 ms√, progress: 12%
2026-6-26 10:26:57-debug: [Build Memory track]: 整理部分构建选项内数据到 settings.json start:274.11MB, end 274.14MB, increase: 29.94KB
2026-6-26 10:26:57-debug: 填充脚本数据到 settings.json start, progress: 12%
2026-6-26 10:26:57-debug: // ---- build task 整理部分构建选项内数据到 settings.json ---- (4ms)
2026-6-26 10:26:57-debug: // ---- build task 填充脚本数据到 settings.json ----
2026-6-26 10:26:57-debug: // ---- build task 填充脚本数据到 settings.json ---- (1ms)
2026-6-26 10:26:57-log: run build task 填充脚本数据到 settings.json success in 1 ms√, progress: 13%
2026-6-26 10:26:57-debug: [Build Memory track]: 填充脚本数据到 settings.json start:274.17MB, end 274.20MB, increase: 29.88KB
2026-6-26 10:26:57-debug: 整理部分构建选项内数据到 settings.json start, progress: 13%
2026-6-26 10:26:57-debug: // ---- build task 整理部分构建选项内数据到 settings.json ----
2026-6-26 10:26:57-debug: // ---- build task 整理部分构建选项内数据到 settings.json ---- (27ms)
2026-6-26 10:26:57-log: run build task 整理部分构建选项内数据到 settings.json success in 27 ms√, progress: 15%
2026-6-26 10:26:58-debug: [Build Memory track]: 整理部分构建选项内数据到 settings.json start:274.24MB, end 274.30MB, increase: 66.36KB
2026-6-26 10:29:50-debug: refresh db internal success
2026-6-26 10:29:51-debug: %cImport%c: D:\工程项目\PlayableAD\Cocos\TheW\20260615_HYQ\HYQ_Project\assets\Script\functionS\Other\PropArms.tsbackground: #aaff85; color: #000;color: #000;
2026-6-26 10:29:51-debug: refresh db assets success
2026-6-26 10:29:51-debug: refresh db super-packager success
2026-6-26 10:29:51-debug: Run asset db hook engine-extends:afterRefresh success!
2026-6-26 10:29:51-debug: Run asset db hook engine-extends:afterRefresh ...
2026-6-26 10:29:51-debug: asset-db:refresh-all-database (572ms)
2026-6-26 10:29:51-debug: asset-db:worker-effect-data-processing (4ms)
2026-6-26 10:29:51-debug: asset-db-hook-engine-extends-afterRefresh (6ms)
2026-6-26 10:29:55-debug: Query all assets info in project
2026-6-26 10:29:55-debug: init custom config: keepNodeUuid: false, useCache: true
2026-6-26 10:29:55-debug: Skip compress image, progress: 0%
2026-6-26 10:29:55-debug: Init all bundles start..., progress: 0%
2026-6-26 10:29:55-debug: Num of bundles: 3..., progress: 0%
2026-6-26 10:29:55-debug: 查询 Asset Bundle start, progress: 0%
2026-6-26 10:29:55-debug: // ---- build task 查询 Asset Bundle ----
2026-6-26 10:29:55-debug: Init bundle root assets start..., progress: 0%
2026-6-26 10:29:55-debug: Query preload assets/scripts from cc.config.json: 60f7195c-ec2a-45eb-ba94-8955f60e81d0,1c02ae6f-4492-4915-b8f8-7492a3b1e4cd,810e96e4-e456-4468-9b59-f4e8f39732c0,efe8e2a3-eace-427b-b4f1-cb8a937ec77d,e9aa9a3e-5b2b-4ac7-a2c7-073de2b2b24f,8bbdbcdd-5cd4-4100-b6d5-b7c9625b6107,50f4348b-c883-4e2f-8f11-ce233b859fa1,fda095cb-831d-4601-ad94-846013963de8,f92806d7-1768-443f-afe8-12bcde84d0f0,dd3a144d-ab7f-41f0-82b8-2e43a090d496,f0416e68-0200-4b77-a926-4f9d16e494da,511d2633-09a7-4bdd-ac42-f778032124b3,5d45aa00-e064-4938-b314-4265f0c2258c,9361fd90-ba52-4f84-aa93-6e878fd576ca,970b0598-bcb0-4714-91fb-2e81440dccd8,bcd64cc6-2dd9-43f6-abbe-66318d332032,d930590d-bb92-4cc8-8bd1-23cd027f9edf,a3cd009f-0ab0-420d-9278-b9fdab939bbc,6a2d0734-bd9e-4ddf-946e-caa52498cb75,d1346436-ac96-4271-b863-1f4fdead95b0,971bdb23-3ff6-43eb-b422-1c30165a3663,17debcc3-0a6b-4b8a-b00b-dc58b885581e,711ebe11-f673-4cd9-9a83-63c60ba54c5b,c0143906-9aed-447e-9436-2ae8512d1b6e,14da1725-c4c2-42b4-ab08-ee0aeb6898b3,081cab31-dccd-428e-8652-f2404cc81c47,78e0584a-4343-4727-8f37-e14e65c2a2db,ba21476f-2866-4f81-9c4d-6e359316e448,871c3b6c-7379-419d-bda3-794b239ab90d,ff9b0199-ce04-4cfe-86cc-6c719f08d6e4,de1c2107-70c8-4021-8459-6399f24d01c6,cbf30902-517f-40dc-af90-a550bac27cf1,5c601d96-e4c7-4698-991b-7ee674b11079
2026-6-26 10:29:55-debug:   Number of all scenes: 5
2026-6-26 10:29:55-debug:   Number of all scripts: 109
2026-6-26 10:29:55-debug:   Number of other assets: 1153
2026-6-26 10:29:55-debug: Init bundle root assets success..., progress: 0%
2026-6-26 10:29:55-debug: // ---- build task 查询 Asset Bundle ---- (62ms)
2026-6-26 10:29:55-log: run build task 查询 Asset Bundle success in 62 ms√, progress: 5%
2026-6-26 10:29:55-debug: [Build Memory track]: 查询 Asset Bundle start:277.17MB, end 278.71MB, increase: 1.54MB
2026-6-26 10:29:55-debug: 查询 Asset Bundle start, progress: 5%
2026-6-26 10:29:55-debug: // ---- build task 查询 Asset Bundle ----
2026-6-26 10:29:55-debug: // ---- build task 查询 Asset Bundle ---- (26ms)
2026-6-26 10:29:55-log: run build task 查询 Asset Bundle success in 26 ms√, progress: 10%
2026-6-26 10:29:55-debug: [Build Memory track]: 查询 Asset Bundle start:278.74MB, end 274.74MB, increase: -4095.62KB
2026-6-26 10:29:55-debug: 整理部分构建选项内数据到 settings.json start, progress: 10%
2026-6-26 10:29:55-debug: // ---- build task 整理部分构建选项内数据到 settings.json ----
2026-6-26 10:29:55-log: run build task 整理部分构建选项内数据到 settings.json success in 6 ms√, progress: 12%
2026-6-26 10:29:55-debug: [Build Memory track]: 整理部分构建选项内数据到 settings.json start:274.77MB, end 274.80MB, increase: 28.45KB
2026-6-26 10:29:55-debug: 填充脚本数据到 settings.json start, progress: 12%
2026-6-26 10:29:55-debug: // ---- build task 整理部分构建选项内数据到 settings.json ---- (6ms)
2026-6-26 10:29:55-debug: // ---- build task 填充脚本数据到 settings.json ----
2026-6-26 10:29:55-debug: // ---- build task 填充脚本数据到 settings.json ---- (4ms)
2026-6-26 10:29:55-debug: [Build Memory track]: 填充脚本数据到 settings.json start:274.84MB, end 274.87MB, increase: 30.53KB
2026-6-26 10:29:55-debug: 整理部分构建选项内数据到 settings.json start, progress: 13%
2026-6-26 10:29:55-log: run build task 填充脚本数据到 settings.json success in 4 ms√, progress: 13%
2026-6-26 10:29:55-debug: // ---- build task 整理部分构建选项内数据到 settings.json ----
2026-6-26 10:29:55-debug: // ---- build task 整理部分构建选项内数据到 settings.json ---- (28ms)
2026-6-26 10:29:55-log: run build task 整理部分构建选项内数据到 settings.json success in 28 ms√, progress: 15%
2026-6-26 10:29:55-debug: [Build Memory track]: 整理部分构建选项内数据到 settings.json start:274.90MB, end 274.97MB, increase: 66.56KB
2026-6-26 10:37:07-debug: refresh db internal success
2026-6-26 10:37:08-debug: %cImport%c: D:\工程项目\PlayableAD\Cocos\TheW\20260615_HYQ\HYQ_Project\assets\Script\functionS\Other\PropArms.tsbackground: #aaff85; color: #000;color: #000;
2026-6-26 10:37:08-debug: refresh db assets success
2026-6-26 10:37:08-debug: refresh db super-packager success
2026-6-26 10:37:08-debug: Run asset db hook engine-extends:afterRefresh ...
2026-6-26 10:37:08-debug: Run asset db hook engine-extends:afterRefresh success!
2026-6-26 10:37:08-debug: asset-db:refresh-all-database (943ms)
2026-6-26 10:37:08-debug: asset-db:worker-effect-data-processing (3ms)
2026-6-26 10:37:08-debug: asset-db-hook-engine-extends-afterRefresh (5ms)
2026-6-26 10:37:12-debug: refresh db internal success
2026-6-26 10:37:12-debug: refresh db assets success
2026-6-26 10:37:12-debug: refresh db super-packager success
2026-6-26 10:37:12-debug: Run asset db hook engine-extends:afterRefresh ...
2026-6-26 10:37:12-debug: Run asset db hook engine-extends:afterRefresh success!
2026-6-26 10:37:12-debug: asset-db:refresh-all-database (432ms)
2026-6-26 10:37:12-debug: asset-db:worker-effect-data-processing (6ms)
2026-6-26 10:37:12-debug: asset-db-hook-engine-extends-afterRefresh (9ms)
2026-6-26 10:37:15-debug: Query all assets info in project
2026-6-26 10:37:15-debug: init custom config: keepNodeUuid: false, useCache: true
2026-6-26 10:37:15-debug: Skip compress image, progress: 0%
2026-6-26 10:37:15-debug: Init all bundles start..., progress: 0%
2026-6-26 10:37:15-debug: Num of bundles: 3..., progress: 0%
2026-6-26 10:37:15-debug: 查询 Asset Bundle start, progress: 0%
2026-6-26 10:37:15-debug: // ---- build task 查询 Asset Bundle ----
2026-6-26 10:37:15-debug: Init bundle root assets start..., progress: 0%
2026-6-26 10:37:15-debug: Query preload assets/scripts from cc.config.json: 60f7195c-ec2a-45eb-ba94-8955f60e81d0,1c02ae6f-4492-4915-b8f8-7492a3b1e4cd,810e96e4-e456-4468-9b59-f4e8f39732c0,efe8e2a3-eace-427b-b4f1-cb8a937ec77d,e9aa9a3e-5b2b-4ac7-a2c7-073de2b2b24f,8bbdbcdd-5cd4-4100-b6d5-b7c9625b6107,50f4348b-c883-4e2f-8f11-ce233b859fa1,fda095cb-831d-4601-ad94-846013963de8,f92806d7-1768-443f-afe8-12bcde84d0f0,dd3a144d-ab7f-41f0-82b8-2e43a090d496,f0416e68-0200-4b77-a926-4f9d16e494da,511d2633-09a7-4bdd-ac42-f778032124b3,5d45aa00-e064-4938-b314-4265f0c2258c,9361fd90-ba52-4f84-aa93-6e878fd576ca,970b0598-bcb0-4714-91fb-2e81440dccd8,bcd64cc6-2dd9-43f6-abbe-66318d332032,d930590d-bb92-4cc8-8bd1-23cd027f9edf,a3cd009f-0ab0-420d-9278-b9fdab939bbc,6a2d0734-bd9e-4ddf-946e-caa52498cb75,d1346436-ac96-4271-b863-1f4fdead95b0,971bdb23-3ff6-43eb-b422-1c30165a3663,17debcc3-0a6b-4b8a-b00b-dc58b885581e,711ebe11-f673-4cd9-9a83-63c60ba54c5b,c0143906-9aed-447e-9436-2ae8512d1b6e,14da1725-c4c2-42b4-ab08-ee0aeb6898b3,081cab31-dccd-428e-8652-f2404cc81c47,78e0584a-4343-4727-8f37-e14e65c2a2db,ba21476f-2866-4f81-9c4d-6e359316e448,871c3b6c-7379-419d-bda3-794b239ab90d,ff9b0199-ce04-4cfe-86cc-6c719f08d6e4,de1c2107-70c8-4021-8459-6399f24d01c6,cbf30902-517f-40dc-af90-a550bac27cf1,5c601d96-e4c7-4698-991b-7ee674b11079
2026-6-26 10:37:15-debug:   Number of all scenes: 5
2026-6-26 10:37:15-debug:   Number of other assets: 1153
2026-6-26 10:37:15-debug: Init bundle root assets success..., progress: 0%
2026-6-26 10:37:15-debug:   Number of all scripts: 109
2026-6-26 10:37:15-debug: // ---- build task 查询 Asset Bundle ---- (17ms)
2026-6-26 10:37:15-log: run build task 查询 Asset Bundle success in 17 ms√, progress: 5%
2026-6-26 10:37:15-debug: 查询 Asset Bundle start, progress: 5%
2026-6-26 10:37:15-debug: [Build Memory track]: 查询 Asset Bundle start:246.53MB, end 245.16MB, increase: -1400.96KB
2026-6-26 10:37:15-debug: // ---- build task 查询 Asset Bundle ----
2026-6-26 10:37:15-debug: // ---- build task 查询 Asset Bundle ---- (10ms)
2026-6-26 10:37:15-log: run build task 查询 Asset Bundle success in 10 ms√, progress: 10%
2026-6-26 10:37:15-debug: [Build Memory track]: 查询 Asset Bundle start:245.20MB, end 245.43MB, increase: 232.20KB
2026-6-26 10:37:15-debug: 整理部分构建选项内数据到 settings.json start, progress: 10%
2026-6-26 10:37:15-debug: // ---- build task 整理部分构建选项内数据到 settings.json ----
2026-6-26 10:37:15-debug: // ---- build task 整理部分构建选项内数据到 settings.json ---- (2ms)
2026-6-26 10:37:15-log: run build task 整理部分构建选项内数据到 settings.json success in 2 ms√, progress: 12%
2026-6-26 10:37:15-debug: 填充脚本数据到 settings.json start, progress: 12%
2026-6-26 10:37:15-debug: // ---- build task 填充脚本数据到 settings.json ----
2026-6-26 10:37:15-debug: [Build Memory track]: 整理部分构建选项内数据到 settings.json start:245.46MB, end 245.49MB, increase: 31.19KB
2026-6-26 10:37:15-debug: // ---- build task 填充脚本数据到 settings.json ---- (2ms)
2026-6-26 10:37:15-log: run build task 填充脚本数据到 settings.json success in 2 ms√, progress: 13%
2026-6-26 10:37:15-debug: [Build Memory track]: 填充脚本数据到 settings.json start:245.53MB, end 245.55MB, increase: 29.36KB
2026-6-26 10:37:15-debug: 整理部分构建选项内数据到 settings.json start, progress: 13%
2026-6-26 10:37:15-debug: // ---- build task 整理部分构建选项内数据到 settings.json ----
2026-6-26 10:37:15-debug: // ---- build task 整理部分构建选项内数据到 settings.json ---- (11ms)
2026-6-26 10:37:15-log: run build task 整理部分构建选项内数据到 settings.json success in 11 ms√, progress: 15%
2026-6-26 10:37:15-debug: [Build Memory track]: 整理部分构建选项内数据到 settings.json start:245.59MB, end 245.66MB, increase: 70.59KB
2026-6-26 10:38:20-debug: refresh db internal success
2026-6-26 10:38:20-debug: refresh db assets success
2026-6-26 10:38:20-debug: refresh db super-packager success
2026-6-26 10:38:20-debug: Run asset db hook engine-extends:afterRefresh ...
2026-6-26 10:38:20-debug: Run asset db hook engine-extends:afterRefresh success!
2026-6-26 10:38:20-debug: asset-db:refresh-all-database (537ms)
2026-6-26 10:38:20-debug: asset-db:worker-effect-data-processing (4ms)
2026-6-26 10:38:20-debug: asset-db-hook-engine-extends-afterRefresh (7ms)
2026-6-26 10:39:31-debug: refresh db internal success
2026-6-26 10:39:31-debug: refresh db assets success
2026-6-26 10:39:31-debug: refresh db super-packager success
2026-6-26 10:39:31-debug: Run asset db hook engine-extends:afterRefresh success!
2026-6-26 10:39:31-debug: Run asset db hook engine-extends:afterRefresh ...
2026-6-26 10:39:31-debug: asset-db:refresh-all-database (219ms)
2026-6-26 10:39:31-debug: asset-db:worker-effect-data-processing (1ms)
2026-6-26 10:39:31-debug: asset-db-hook-engine-extends-afterRefresh (2ms)
2026-6-26 10:44:57-debug: refresh db internal success
2026-6-26 10:44:57-debug: refresh db assets success
2026-6-26 10:44:57-debug: refresh db super-packager success
2026-6-26 10:44:57-debug: Run asset db hook engine-extends:afterRefresh ...
2026-6-26 10:44:57-debug: Run asset db hook engine-extends:afterRefresh success!
2026-6-26 10:44:57-debug: asset-db:refresh-all-database (239ms)
2026-6-26 10:44:57-debug: asset-db:worker-effect-data-processing (2ms)
2026-6-26 10:44:57-debug: asset-db-hook-engine-extends-afterRefresh (2ms)
2026-6-26 11:01:30-debug: refresh db internal success
2026-6-26 11:01:30-debug: %cImport%c: D:\工程项目\PlayableAD\Cocos\TheW\20260615_HYQ\HYQ_Project\assets\Script\functionS\Guide\GuideManager.tsbackground: #aaff85; color: #000;color: #000;
2026-6-26 11:01:30-debug: %cImport%c: D:\工程项目\PlayableAD\Cocos\TheW\20260615_HYQ\HYQ_Project\assets\Script\functionS\Battle\Base\FlashRedManager.tsbackground: #aaff85; color: #000;color: #000;
2026-6-26 11:01:30-debug: refresh db assets success
2026-6-26 11:01:30-debug: refresh db super-packager success
2026-6-26 11:01:30-debug: Run asset db hook engine-extends:afterRefresh ...
2026-6-26 11:01:30-debug: Run asset db hook engine-extends:afterRefresh success!
2026-6-26 11:01:30-debug: asset-db:refresh-all-database (301ms)
2026-6-26 11:01:30-debug: asset-db:worker-effect-data-processing (6ms)
2026-6-26 11:01:30-debug: asset-db-hook-engine-extends-afterRefresh (7ms)
2026-6-26 11:01:34-debug: Query all assets info in project
2026-6-26 11:01:34-debug: init custom config: keepNodeUuid: false, useCache: true
2026-6-26 11:01:34-debug: Skip compress image, progress: 0%
2026-6-26 11:01:34-debug: Init all bundles start..., progress: 0%
2026-6-26 11:01:34-debug: 查询 Asset Bundle start, progress: 0%
2026-6-26 11:01:34-debug: // ---- build task 查询 Asset Bundle ----
2026-6-26 11:01:34-debug: Num of bundles: 3..., progress: 0%
2026-6-26 11:01:34-debug: Init bundle root assets start..., progress: 0%
2026-6-26 11:01:34-debug: Query preload assets/scripts from cc.config.json: 60f7195c-ec2a-45eb-ba94-8955f60e81d0,1c02ae6f-4492-4915-b8f8-7492a3b1e4cd,810e96e4-e456-4468-9b59-f4e8f39732c0,efe8e2a3-eace-427b-b4f1-cb8a937ec77d,e9aa9a3e-5b2b-4ac7-a2c7-073de2b2b24f,8bbdbcdd-5cd4-4100-b6d5-b7c9625b6107,50f4348b-c883-4e2f-8f11-ce233b859fa1,fda095cb-831d-4601-ad94-846013963de8,f92806d7-1768-443f-afe8-12bcde84d0f0,dd3a144d-ab7f-41f0-82b8-2e43a090d496,f0416e68-0200-4b77-a926-4f9d16e494da,511d2633-09a7-4bdd-ac42-f778032124b3,5d45aa00-e064-4938-b314-4265f0c2258c,9361fd90-ba52-4f84-aa93-6e878fd576ca,970b0598-bcb0-4714-91fb-2e81440dccd8,bcd64cc6-2dd9-43f6-abbe-66318d332032,d930590d-bb92-4cc8-8bd1-23cd027f9edf,a3cd009f-0ab0-420d-9278-b9fdab939bbc,6a2d0734-bd9e-4ddf-946e-caa52498cb75,d1346436-ac96-4271-b863-1f4fdead95b0,971bdb23-3ff6-43eb-b422-1c30165a3663,17debcc3-0a6b-4b8a-b00b-dc58b885581e,711ebe11-f673-4cd9-9a83-63c60ba54c5b,c0143906-9aed-447e-9436-2ae8512d1b6e,14da1725-c4c2-42b4-ab08-ee0aeb6898b3,081cab31-dccd-428e-8652-f2404cc81c47,78e0584a-4343-4727-8f37-e14e65c2a2db,ba21476f-2866-4f81-9c4d-6e359316e448,871c3b6c-7379-419d-bda3-794b239ab90d,ff9b0199-ce04-4cfe-86cc-6c719f08d6e4,de1c2107-70c8-4021-8459-6399f24d01c6,cbf30902-517f-40dc-af90-a550bac27cf1,5c601d96-e4c7-4698-991b-7ee674b11079
2026-6-26 11:01:34-debug:   Number of all scripts: 109
2026-6-26 11:01:34-debug:   Number of other assets: 1153
2026-6-26 11:01:34-debug: Init bundle root assets success..., progress: 0%
2026-6-26 11:01:34-debug:   Number of all scenes: 5
2026-6-26 11:01:34-debug: // ---- build task 查询 Asset Bundle ---- (26ms)
2026-6-26 11:01:34-log: run build task 查询 Asset Bundle success in 26 ms√, progress: 5%
2026-6-26 11:01:34-debug: [Build Memory track]: 查询 Asset Bundle start:258.43MB, end 254.41MB, increase: -4111.93KB
2026-6-26 11:01:34-debug: 查询 Asset Bundle start, progress: 5%
2026-6-26 11:01:34-debug: // ---- build task 查询 Asset Bundle ----
2026-6-26 11:01:34-debug: // ---- build task 查询 Asset Bundle ---- (6ms)
2026-6-26 11:01:34-log: run build task 查询 Asset Bundle success in 6 ms√, progress: 10%
2026-6-26 11:01:34-debug: [Build Memory track]: 查询 Asset Bundle start:254.45MB, end 254.67MB, increase: 231.65KB
2026-6-26 11:01:34-debug: // ---- build task 整理部分构建选项内数据到 settings.json ----
2026-6-26 11:01:34-debug: 整理部分构建选项内数据到 settings.json start, progress: 10%
2026-6-26 11:01:34-debug: // ---- build task 整理部分构建选项内数据到 settings.json ---- (2ms)
2026-6-26 11:01:34-log: run build task 整理部分构建选项内数据到 settings.json success in 2 ms√, progress: 12%
2026-6-26 11:01:34-debug: 填充脚本数据到 settings.json start, progress: 12%
2026-6-26 11:01:34-debug: [Build Memory track]: 整理部分构建选项内数据到 settings.json start:254.71MB, end 254.74MB, increase: 29.90KB
2026-6-26 11:01:34-debug: // ---- build task 填充脚本数据到 settings.json ----
2026-6-26 11:01:34-debug: // ---- build task 填充脚本数据到 settings.json ---- (3ms)
2026-6-26 11:01:34-log: run build task 填充脚本数据到 settings.json success in 3 ms√, progress: 13%
2026-6-26 11:01:34-debug: [Build Memory track]: 填充脚本数据到 settings.json start:254.77MB, end 254.80MB, increase: 29.40KB
2026-6-26 11:01:34-debug: // ---- build task 整理部分构建选项内数据到 settings.json ----
2026-6-26 11:01:34-debug: 整理部分构建选项内数据到 settings.json start, progress: 13%
2026-6-26 11:01:34-debug: // ---- build task 整理部分构建选项内数据到 settings.json ---- (13ms)
2026-6-26 11:01:34-debug: [Build Memory track]: 整理部分构建选项内数据到 settings.json start:254.84MB, end 254.90MB, increase: 65.59KB
2026-6-26 11:01:34-log: run build task 整理部分构建选项内数据到 settings.json success in 13 ms√, progress: 15%
2026-6-26 11:07:52-debug: refresh db internal success
2026-6-26 11:07:53-debug: refresh db assets success
2026-6-26 11:07:53-debug: refresh db super-packager success
2026-6-26 11:07:53-debug: Run asset db hook engine-extends:afterRefresh success!
2026-6-26 11:07:53-debug: Run asset db hook engine-extends:afterRefresh ...
2026-6-26 11:07:53-debug: asset-db:refresh-all-database (585ms)
2026-6-26 11:07:53-debug: asset-db:worker-effect-data-processing (4ms)
2026-6-26 11:07:53-debug: asset-db-hook-engine-extends-afterRefresh (6ms)
2026-6-26 11:16:31-debug: refresh db internal success
2026-6-26 11:16:31-debug: refresh db assets success
2026-6-26 11:16:31-debug: refresh db super-packager success
2026-6-26 11:16:31-debug: Run asset db hook engine-extends:afterRefresh ...
2026-6-26 11:16:31-debug: Run asset db hook engine-extends:afterRefresh success!
2026-6-26 11:16:31-debug: asset-db:refresh-all-database (240ms)
2026-6-26 11:16:31-debug: asset-db:worker-effect-data-processing (2ms)
2026-6-26 11:16:31-debug: asset-db-hook-engine-extends-afterRefresh (2ms)
2026-6-26 11:16:53-debug: refresh db internal success
2026-6-26 11:16:53-debug: refresh db assets success
2026-6-26 11:16:53-debug: refresh db super-packager success
2026-6-26 11:16:53-debug: Run asset db hook engine-extends:afterRefresh ...
2026-6-26 11:16:53-debug: Run asset db hook engine-extends:afterRefresh success!
2026-6-26 11:16:53-debug: asset-db:refresh-all-database (219ms)
2026-6-26 11:16:53-debug: asset-db:worker-effect-data-processing (1ms)
2026-6-26 11:16:53-debug: asset-db-hook-engine-extends-afterRefresh (2ms)
2026-6-26 11:24:04-debug: refresh db internal success
2026-6-26 11:24:04-debug: refresh db assets success
2026-6-26 11:24:04-debug: refresh db super-packager success
2026-6-26 11:24:04-debug: Run asset db hook engine-extends:afterRefresh ...
2026-6-26 11:24:04-debug: Run asset db hook engine-extends:afterRefresh success!
2026-6-26 11:24:04-debug: asset-db:refresh-all-database (193ms)
2026-6-26 11:24:04-debug: asset-db:worker-effect-data-processing (2ms)
2026-6-26 11:24:04-debug: asset-db-hook-engine-extends-afterRefresh (3ms)
2026-6-26 11:29:02-debug: refresh db internal success
2026-6-26 11:29:02-debug: refresh db assets success
2026-6-26 11:29:02-debug: refresh db super-packager success
2026-6-26 11:29:02-debug: Run asset db hook engine-extends:afterRefresh ...
2026-6-26 11:29:02-debug: Run asset db hook engine-extends:afterRefresh success!
2026-6-26 11:29:02-debug: asset-db:worker-effect-data-processing (1ms)
2026-6-26 11:29:02-debug: asset-db:refresh-all-database (208ms)
2026-6-26 11:29:02-debug: asset-db-hook-engine-extends-afterRefresh (1ms)
2026-6-26 11:29:05-debug: Query all assets info in project
2026-6-26 11:29:05-debug: init custom config: keepNodeUuid: false, useCache: true
2026-6-26 11:29:05-debug: Skip compress image, progress: 0%
2026-6-26 11:29:05-debug: Init all bundles start..., progress: 0%
2026-6-26 11:29:05-debug: // ---- build task 查询 Asset Bundle ----
2026-6-26 11:29:05-debug: Num of bundles: 3..., progress: 0%
2026-6-26 11:29:05-debug: 查询 Asset Bundle start, progress: 0%
2026-6-26 11:29:05-debug: Init bundle root assets start..., progress: 0%
2026-6-26 11:29:05-debug: Query preload assets/scripts from cc.config.json: 60f7195c-ec2a-45eb-ba94-8955f60e81d0,1c02ae6f-4492-4915-b8f8-7492a3b1e4cd,810e96e4-e456-4468-9b59-f4e8f39732c0,efe8e2a3-eace-427b-b4f1-cb8a937ec77d,e9aa9a3e-5b2b-4ac7-a2c7-073de2b2b24f,8bbdbcdd-5cd4-4100-b6d5-b7c9625b6107,50f4348b-c883-4e2f-8f11-ce233b859fa1,fda095cb-831d-4601-ad94-846013963de8,f92806d7-1768-443f-afe8-12bcde84d0f0,dd3a144d-ab7f-41f0-82b8-2e43a090d496,f0416e68-0200-4b77-a926-4f9d16e494da,511d2633-09a7-4bdd-ac42-f778032124b3,5d45aa00-e064-4938-b314-4265f0c2258c,9361fd90-ba52-4f84-aa93-6e878fd576ca,970b0598-bcb0-4714-91fb-2e81440dccd8,bcd64cc6-2dd9-43f6-abbe-66318d332032,d930590d-bb92-4cc8-8bd1-23cd027f9edf,a3cd009f-0ab0-420d-9278-b9fdab939bbc,6a2d0734-bd9e-4ddf-946e-caa52498cb75,d1346436-ac96-4271-b863-1f4fdead95b0,971bdb23-3ff6-43eb-b422-1c30165a3663,17debcc3-0a6b-4b8a-b00b-dc58b885581e,711ebe11-f673-4cd9-9a83-63c60ba54c5b,c0143906-9aed-447e-9436-2ae8512d1b6e,14da1725-c4c2-42b4-ab08-ee0aeb6898b3,081cab31-dccd-428e-8652-f2404cc81c47,78e0584a-4343-4727-8f37-e14e65c2a2db,ba21476f-2866-4f81-9c4d-6e359316e448,871c3b6c-7379-419d-bda3-794b239ab90d,ff9b0199-ce04-4cfe-86cc-6c719f08d6e4,de1c2107-70c8-4021-8459-6399f24d01c6,cbf30902-517f-40dc-af90-a550bac27cf1,5c601d96-e4c7-4698-991b-7ee674b11079
2026-6-26 11:29:05-debug:   Number of all scenes: 5
2026-6-26 11:29:05-debug:   Number of all scripts: 109
2026-6-26 11:29:05-debug: Init bundle root assets success..., progress: 0%
2026-6-26 11:29:05-debug: // ---- build task 查询 Asset Bundle ---- (37ms)
2026-6-26 11:29:05-debug:   Number of other assets: 1153
2026-6-26 11:29:05-log: run build task 查询 Asset Bundle success in 37 ms√, progress: 5%
2026-6-26 11:29:05-debug: [Build Memory track]: 查询 Asset Bundle start:267.57MB, end 265.72MB, increase: -1901.42KB
2026-6-26 11:29:05-debug: 查询 Asset Bundle start, progress: 5%
2026-6-26 11:29:05-debug: // ---- build task 查询 Asset Bundle ----
2026-6-26 11:29:05-debug: // ---- build task 查询 Asset Bundle ---- (7ms)
2026-6-26 11:29:05-log: run build task 查询 Asset Bundle success in 7 ms√, progress: 10%
2026-6-26 11:29:05-debug: 整理部分构建选项内数据到 settings.json start, progress: 10%
2026-6-26 11:29:05-debug: [Build Memory track]: 查询 Asset Bundle start:265.75MB, end 265.98MB, increase: 235.21KB
2026-6-26 11:29:05-debug: // ---- build task 整理部分构建选项内数据到 settings.json ----
2026-6-26 11:29:05-debug: // ---- build task 整理部分构建选项内数据到 settings.json ---- (3ms)
2026-6-26 11:29:05-log: run build task 整理部分构建选项内数据到 settings.json success in 3 ms√, progress: 12%
2026-6-26 11:29:05-debug: [Build Memory track]: 整理部分构建选项内数据到 settings.json start:266.02MB, end 266.04MB, increase: 29.88KB
2026-6-26 11:29:05-debug: 填充脚本数据到 settings.json start, progress: 12%
2026-6-26 11:29:05-debug: // ---- build task 填充脚本数据到 settings.json ----
2026-6-26 11:29:05-debug: // ---- build task 填充脚本数据到 settings.json ---- (2ms)
2026-6-26 11:29:05-log: run build task 填充脚本数据到 settings.json success in 2 ms√, progress: 13%
2026-6-26 11:29:05-debug: [Build Memory track]: 填充脚本数据到 settings.json start:266.08MB, end 266.11MB, increase: 29.43KB
2026-6-26 11:29:05-debug: // ---- build task 整理部分构建选项内数据到 settings.json ----
2026-6-26 11:29:05-debug: 整理部分构建选项内数据到 settings.json start, progress: 13%
2026-6-26 11:29:05-debug: // ---- build task 整理部分构建选项内数据到 settings.json ---- (10ms)
2026-6-26 11:29:05-log: run build task 整理部分构建选项内数据到 settings.json success in 10 ms√, progress: 15%
2026-6-26 11:29:05-debug: [Build Memory track]: 整理部分构建选项内数据到 settings.json start:266.14MB, end 266.21MB, increase: 65.57KB
2026-6-26 11:29:30-debug: refresh db internal success
2026-6-26 11:29:31-debug: refresh db assets success
2026-6-26 11:29:31-debug: refresh db super-packager success
2026-6-26 11:29:31-debug: Run asset db hook engine-extends:afterRefresh ...
2026-6-26 11:29:31-debug: Run asset db hook engine-extends:afterRefresh success!
2026-6-26 11:29:31-debug: asset-db:refresh-all-database (1947ms)
2026-6-26 11:29:31-debug: asset-db:worker-effect-data-processing (4ms)
2026-6-26 11:29:31-debug: asset-db-hook-engine-extends-afterRefresh (5ms)
2026-6-26 11:29:41-debug: %cImport%c: D:\工程项目\PlayableAD\Cocos\TheW\20260615_HYQ\HYQ_Project\assets\Scene\Game_3D-002.scenebackground: #aaff85; color: #000;color: #000;
2026-6-26 11:29:41-debug: asset-db:reimport-assetb5805d3a-3b80-4a12-adf5-588e63a7d886 (47ms)
2026-6-26 11:29:42-debug: Query all assets info in project
2026-6-26 11:29:42-debug: Skip compress image, progress: 0%
2026-6-26 11:29:42-debug: init custom config: keepNodeUuid: false, useCache: true
2026-6-26 11:29:42-debug: Init all bundles start..., progress: 0%
2026-6-26 11:29:42-debug: 查询 Asset Bundle start, progress: 0%
2026-6-26 11:29:42-debug: // ---- build task 查询 Asset Bundle ----
2026-6-26 11:29:42-debug: Init bundle root assets start..., progress: 0%
2026-6-26 11:29:42-debug: Num of bundles: 3..., progress: 0%
2026-6-26 11:29:42-debug:   Number of all scripts: 109
2026-6-26 11:29:42-debug:   Number of all scenes: 5
2026-6-26 11:29:42-debug:   Number of other assets: 1153
2026-6-26 11:29:42-debug: Init bundle root assets success..., progress: 0%
2026-6-26 11:29:42-debug: Query preload assets/scripts from cc.config.json: 60f7195c-ec2a-45eb-ba94-8955f60e81d0,1c02ae6f-4492-4915-b8f8-7492a3b1e4cd,810e96e4-e456-4468-9b59-f4e8f39732c0,efe8e2a3-eace-427b-b4f1-cb8a937ec77d,e9aa9a3e-5b2b-4ac7-a2c7-073de2b2b24f,8bbdbcdd-5cd4-4100-b6d5-b7c9625b6107,50f4348b-c883-4e2f-8f11-ce233b859fa1,fda095cb-831d-4601-ad94-846013963de8,f92806d7-1768-443f-afe8-12bcde84d0f0,dd3a144d-ab7f-41f0-82b8-2e43a090d496,f0416e68-0200-4b77-a926-4f9d16e494da,511d2633-09a7-4bdd-ac42-f778032124b3,5d45aa00-e064-4938-b314-4265f0c2258c,9361fd90-ba52-4f84-aa93-6e878fd576ca,970b0598-bcb0-4714-91fb-2e81440dccd8,bcd64cc6-2dd9-43f6-abbe-66318d332032,d930590d-bb92-4cc8-8bd1-23cd027f9edf,a3cd009f-0ab0-420d-9278-b9fdab939bbc,6a2d0734-bd9e-4ddf-946e-caa52498cb75,d1346436-ac96-4271-b863-1f4fdead95b0,971bdb23-3ff6-43eb-b422-1c30165a3663,17debcc3-0a6b-4b8a-b00b-dc58b885581e,711ebe11-f673-4cd9-9a83-63c60ba54c5b,c0143906-9aed-447e-9436-2ae8512d1b6e,14da1725-c4c2-42b4-ab08-ee0aeb6898b3,081cab31-dccd-428e-8652-f2404cc81c47,78e0584a-4343-4727-8f37-e14e65c2a2db,ba21476f-2866-4f81-9c4d-6e359316e448,871c3b6c-7379-419d-bda3-794b239ab90d,ff9b0199-ce04-4cfe-86cc-6c719f08d6e4,de1c2107-70c8-4021-8459-6399f24d01c6,cbf30902-517f-40dc-af90-a550bac27cf1,5c601d96-e4c7-4698-991b-7ee674b11079
2026-6-26 11:29:42-debug: // ---- build task 查询 Asset Bundle ---- (22ms)
2026-6-26 11:29:42-debug: [Build Memory track]: 查询 Asset Bundle start:245.92MB, end 245.79MB, increase: -138.00KB
2026-6-26 11:29:42-debug: 查询 Asset Bundle start, progress: 5%
2026-6-26 11:29:42-debug: // ---- build task 查询 Asset Bundle ----
2026-6-26 11:29:42-log: run build task 查询 Asset Bundle success in 22 ms√, progress: 5%
2026-6-26 11:29:42-debug: // ---- build task 查询 Asset Bundle ---- (9ms)
2026-6-26 11:29:42-log: run build task 查询 Asset Bundle success in 9 ms√, progress: 10%
2026-6-26 11:29:42-debug: [Build Memory track]: 查询 Asset Bundle start:245.82MB, end 246.05MB, increase: 233.84KB
2026-6-26 11:29:42-debug: 整理部分构建选项内数据到 settings.json start, progress: 10%
2026-6-26 11:29:42-debug: // ---- build task 整理部分构建选项内数据到 settings.json ----
2026-6-26 11:29:42-debug: // ---- build task 整理部分构建选项内数据到 settings.json ---- (1ms)
2026-6-26 11:29:42-log: run build task 整理部分构建选项内数据到 settings.json success in 1 ms√, progress: 12%
2026-6-26 11:29:42-debug: [Build Memory track]: 整理部分构建选项内数据到 settings.json start:246.09MB, end 246.12MB, increase: 28.84KB
2026-6-26 11:29:42-debug: 填充脚本数据到 settings.json start, progress: 12%
2026-6-26 11:29:42-debug: // ---- build task 填充脚本数据到 settings.json ----
2026-6-26 11:29:42-debug: // ---- build task 填充脚本数据到 settings.json ---- (1ms)
2026-6-26 11:29:43-log: run build task 填充脚本数据到 settings.json success in 1 ms√, progress: 13%
2026-6-26 11:29:43-debug: [Build Memory track]: 填充脚本数据到 settings.json start:246.15MB, end 246.18MB, increase: 30.43KB
2026-6-26 11:29:43-debug: 整理部分构建选项内数据到 settings.json start, progress: 13%
2026-6-26 11:29:43-debug: // ---- build task 整理部分构建选项内数据到 settings.json ----
2026-6-26 11:29:43-debug: // ---- build task 整理部分构建选项内数据到 settings.json ---- (10ms)
2026-6-26 11:29:43-log: run build task 整理部分构建选项内数据到 settings.json success in 10 ms√, progress: 15%
2026-6-26 11:29:43-debug: [Build Memory track]: 整理部分构建选项内数据到 settings.json start:246.21MB, end 246.28MB, increase: 70.63KB
2026-6-26 11:29:48-debug: %cImport%c: D:\工程项目\PlayableAD\Cocos\TheW\20260615_HYQ\HYQ_Project\assets\Scene\Game_3D-002.scenebackground: #aaff85; color: #000;color: #000;
2026-6-26 11:29:48-debug: asset-db:reimport-assetb5805d3a-3b80-4a12-adf5-588e63a7d886 (61ms)
2026-6-26 11:29:51-debug: Query all assets info in project
2026-6-26 11:29:51-debug: init custom config: keepNodeUuid: false, useCache: true
2026-6-26 11:29:51-debug: Skip compress image, progress: 0%
2026-6-26 11:29:51-debug: Init all bundles start..., progress: 0%
2026-6-26 11:29:51-debug: Num of bundles: 3..., progress: 0%
2026-6-26 11:29:51-debug: 查询 Asset Bundle start, progress: 0%
2026-6-26 11:29:51-debug: // ---- build task 查询 Asset Bundle ----
2026-6-26 11:29:51-debug: Init bundle root assets start..., progress: 0%
2026-6-26 11:29:51-debug: Query preload assets/scripts from cc.config.json: 60f7195c-ec2a-45eb-ba94-8955f60e81d0,1c02ae6f-4492-4915-b8f8-7492a3b1e4cd,810e96e4-e456-4468-9b59-f4e8f39732c0,efe8e2a3-eace-427b-b4f1-cb8a937ec77d,e9aa9a3e-5b2b-4ac7-a2c7-073de2b2b24f,8bbdbcdd-5cd4-4100-b6d5-b7c9625b6107,50f4348b-c883-4e2f-8f11-ce233b859fa1,fda095cb-831d-4601-ad94-846013963de8,f92806d7-1768-443f-afe8-12bcde84d0f0,dd3a144d-ab7f-41f0-82b8-2e43a090d496,f0416e68-0200-4b77-a926-4f9d16e494da,511d2633-09a7-4bdd-ac42-f778032124b3,5d45aa00-e064-4938-b314-4265f0c2258c,9361fd90-ba52-4f84-aa93-6e878fd576ca,970b0598-bcb0-4714-91fb-2e81440dccd8,bcd64cc6-2dd9-43f6-abbe-66318d332032,d930590d-bb92-4cc8-8bd1-23cd027f9edf,a3cd009f-0ab0-420d-9278-b9fdab939bbc,6a2d0734-bd9e-4ddf-946e-caa52498cb75,d1346436-ac96-4271-b863-1f4fdead95b0,971bdb23-3ff6-43eb-b422-1c30165a3663,17debcc3-0a6b-4b8a-b00b-dc58b885581e,711ebe11-f673-4cd9-9a83-63c60ba54c5b,c0143906-9aed-447e-9436-2ae8512d1b6e,14da1725-c4c2-42b4-ab08-ee0aeb6898b3,081cab31-dccd-428e-8652-f2404cc81c47,78e0584a-4343-4727-8f37-e14e65c2a2db,ba21476f-2866-4f81-9c4d-6e359316e448,871c3b6c-7379-419d-bda3-794b239ab90d,ff9b0199-ce04-4cfe-86cc-6c719f08d6e4,de1c2107-70c8-4021-8459-6399f24d01c6,cbf30902-517f-40dc-af90-a550bac27cf1,5c601d96-e4c7-4698-991b-7ee674b11079
2026-6-26 11:29:51-debug:   Number of all scenes: 5
2026-6-26 11:29:51-debug:   Number of other assets: 1153
2026-6-26 11:29:51-debug: // ---- build task 查询 Asset Bundle ---- (38ms)
2026-6-26 11:29:51-debug: Init bundle root assets success..., progress: 0%
2026-6-26 11:29:51-log: run build task 查询 Asset Bundle success in 38 ms√, progress: 5%
2026-6-26 11:29:51-debug: 查询 Asset Bundle start, progress: 5%
2026-6-26 11:29:51-debug: // ---- build task 查询 Asset Bundle ----
2026-6-26 11:29:51-debug:   Number of all scripts: 109
2026-6-26 11:29:51-debug: [Build Memory track]: 查询 Asset Bundle start:247.53MB, end 247.44MB, increase: -95.18KB
2026-6-26 11:29:51-debug: // ---- build task 查询 Asset Bundle ---- (5ms)
2026-6-26 11:29:51-log: run build task 查询 Asset Bundle success in 5 ms√, progress: 10%
2026-6-26 11:29:51-debug: [Build Memory track]: 查询 Asset Bundle start:247.47MB, end 247.70MB, increase: 235.24KB
2026-6-26 11:29:51-debug: 整理部分构建选项内数据到 settings.json start, progress: 10%
2026-6-26 11:29:51-debug: // ---- build task 整理部分构建选项内数据到 settings.json ----
2026-6-26 11:29:51-log: run build task 整理部分构建选项内数据到 settings.json success in 3 ms√, progress: 12%
2026-6-26 11:29:51-debug: // ---- build task 整理部分构建选项内数据到 settings.json ---- (3ms)
2026-6-26 11:29:51-debug: [Build Memory track]: 整理部分构建选项内数据到 settings.json start:247.73MB, end 247.76MB, increase: 28.08KB
2026-6-26 11:29:51-debug: 填充脚本数据到 settings.json start, progress: 12%
2026-6-26 11:29:51-debug: // ---- build task 填充脚本数据到 settings.json ----
2026-6-26 11:29:51-debug: // ---- build task 填充脚本数据到 settings.json ---- (1ms)
2026-6-26 11:29:51-log: run build task 填充脚本数据到 settings.json success in 1 ms√, progress: 13%
2026-6-26 11:29:51-debug: [Build Memory track]: 填充脚本数据到 settings.json start:247.80MB, end 247.82MB, increase: 28.17KB
2026-6-26 11:29:51-debug: 整理部分构建选项内数据到 settings.json start, progress: 13%
2026-6-26 11:29:51-debug: // ---- build task 整理部分构建选项内数据到 settings.json ----
2026-6-26 11:29:51-debug: // ---- build task 整理部分构建选项内数据到 settings.json ---- (13ms)
2026-6-26 11:29:51-log: run build task 整理部分构建选项内数据到 settings.json success in 13 ms√, progress: 15%
2026-6-26 11:29:51-debug: [Build Memory track]: 整理部分构建选项内数据到 settings.json start:247.86MB, end 247.92MB, increase: 68.34KB
2026-6-26 11:30:18-debug: refresh db internal success
2026-6-26 11:30:18-debug: refresh db assets success
2026-6-26 11:30:18-debug: Run asset db hook engine-extends:afterRefresh ...
2026-6-26 11:30:18-debug: Run asset db hook engine-extends:afterRefresh success!
2026-6-26 11:30:18-debug: refresh db super-packager success
2026-6-26 11:30:18-debug: asset-db:worker-effect-data-processing (25ms)
2026-6-26 11:30:18-debug: asset-db-hook-engine-extends-afterRefresh (30ms)
2026-6-26 11:30:18-debug: asset-db:refresh-all-database (627ms)
2026-6-26 11:30:28-debug: %cImport%c: D:\工程项目\PlayableAD\Cocos\TheW\20260615_HYQ\HYQ_Project\assets\Scene\Game_3D-002.scenebackground: #aaff85; color: #000;color: #000;
2026-6-26 11:30:28-debug: asset-db:reimport-assetb5805d3a-3b80-4a12-adf5-588e63a7d886 (165ms)
2026-6-26 11:30:30-debug: Query all assets info in project
2026-6-26 11:30:30-debug: init custom config: keepNodeUuid: false, useCache: true
2026-6-26 11:30:30-debug: Skip compress image, progress: 0%
2026-6-26 11:30:30-debug: Init all bundles start..., progress: 0%
2026-6-26 11:30:30-debug: Num of bundles: 3..., progress: 0%
2026-6-26 11:30:30-debug: 查询 Asset Bundle start, progress: 0%
2026-6-26 11:30:30-debug: Init bundle root assets start..., progress: 0%
2026-6-26 11:30:30-debug: // ---- build task 查询 Asset Bundle ----
2026-6-26 11:30:30-debug: Query preload assets/scripts from cc.config.json: 60f7195c-ec2a-45eb-ba94-8955f60e81d0,1c02ae6f-4492-4915-b8f8-7492a3b1e4cd,810e96e4-e456-4468-9b59-f4e8f39732c0,efe8e2a3-eace-427b-b4f1-cb8a937ec77d,e9aa9a3e-5b2b-4ac7-a2c7-073de2b2b24f,8bbdbcdd-5cd4-4100-b6d5-b7c9625b6107,50f4348b-c883-4e2f-8f11-ce233b859fa1,fda095cb-831d-4601-ad94-846013963de8,f92806d7-1768-443f-afe8-12bcde84d0f0,dd3a144d-ab7f-41f0-82b8-2e43a090d496,f0416e68-0200-4b77-a926-4f9d16e494da,511d2633-09a7-4bdd-ac42-f778032124b3,5d45aa00-e064-4938-b314-4265f0c2258c,9361fd90-ba52-4f84-aa93-6e878fd576ca,970b0598-bcb0-4714-91fb-2e81440dccd8,bcd64cc6-2dd9-43f6-abbe-66318d332032,d930590d-bb92-4cc8-8bd1-23cd027f9edf,a3cd009f-0ab0-420d-9278-b9fdab939bbc,6a2d0734-bd9e-4ddf-946e-caa52498cb75,d1346436-ac96-4271-b863-1f4fdead95b0,971bdb23-3ff6-43eb-b422-1c30165a3663,17debcc3-0a6b-4b8a-b00b-dc58b885581e,711ebe11-f673-4cd9-9a83-63c60ba54c5b,c0143906-9aed-447e-9436-2ae8512d1b6e,14da1725-c4c2-42b4-ab08-ee0aeb6898b3,081cab31-dccd-428e-8652-f2404cc81c47,78e0584a-4343-4727-8f37-e14e65c2a2db,ba21476f-2866-4f81-9c4d-6e359316e448,871c3b6c-7379-419d-bda3-794b239ab90d,ff9b0199-ce04-4cfe-86cc-6c719f08d6e4,de1c2107-70c8-4021-8459-6399f24d01c6,cbf30902-517f-40dc-af90-a550bac27cf1,5c601d96-e4c7-4698-991b-7ee674b11079
2026-6-26 11:30:31-debug:   Number of all scenes: 5
2026-6-26 11:30:31-debug:   Number of all scripts: 109
2026-6-26 11:30:31-debug:   Number of other assets: 1153
2026-6-26 11:30:31-debug: Init bundle root assets success..., progress: 0%
2026-6-26 11:30:31-log: run build task 查询 Asset Bundle success in 56 ms√, progress: 5%
2026-6-26 11:30:31-debug: 查询 Asset Bundle start, progress: 5%
2026-6-26 11:30:31-debug: // ---- build task 查询 Asset Bundle ----
2026-6-26 11:30:31-debug: [Build Memory track]: 查询 Asset Bundle start:251.95MB, end 251.57MB, increase: -382.68KB
2026-6-26 11:30:31-debug: // ---- build task 查询 Asset Bundle ---- (56ms)
2026-6-26 11:30:31-debug: // ---- build task 查询 Asset Bundle ---- (9ms)
2026-6-26 11:30:31-debug: [Build Memory track]: 查询 Asset Bundle start:251.61MB, end 251.02MB, increase: -597.57KB
2026-6-26 11:30:31-log: run build task 查询 Asset Bundle success in 9 ms√, progress: 10%
2026-6-26 11:30:31-debug: // ---- build task 整理部分构建选项内数据到 settings.json ----
2026-6-26 11:30:31-debug: // ---- build task 整理部分构建选项内数据到 settings.json ---- (4ms)
2026-6-26 11:30:31-log: run build task 整理部分构建选项内数据到 settings.json success in 4 ms√, progress: 12%
2026-6-26 11:30:31-debug: 整理部分构建选项内数据到 settings.json start, progress: 10%
2026-6-26 11:30:31-debug: [Build Memory track]: 整理部分构建选项内数据到 settings.json start:251.06MB, end 251.09MB, increase: 27.20KB
2026-6-26 11:30:31-debug: 填充脚本数据到 settings.json start, progress: 12%
2026-6-26 11:30:31-debug: // ---- build task 填充脚本数据到 settings.json ----
2026-6-26 11:30:31-debug: // ---- build task 填充脚本数据到 settings.json ---- (3ms)
2026-6-26 11:30:31-log: run build task 填充脚本数据到 settings.json success in 3 ms√, progress: 13%
2026-6-26 11:30:31-debug: [Build Memory track]: 填充脚本数据到 settings.json start:251.12MB, end 251.15MB, increase: 27.82KB
2026-6-26 11:30:31-debug: // ---- build task 整理部分构建选项内数据到 settings.json ----
2026-6-26 11:30:31-debug: 整理部分构建选项内数据到 settings.json start, progress: 13%
2026-6-26 11:30:31-debug: // ---- build task 整理部分构建选项内数据到 settings.json ---- (22ms)
2026-6-26 11:30:31-log: run build task 整理部分构建选项内数据到 settings.json success in 22 ms√, progress: 15%
2026-6-26 11:30:31-debug: [Build Memory track]: 整理部分构建选项内数据到 settings.json start:251.18MB, end 251.25MB, increase: 70.51KB
2026-6-26 11:31:10-debug: refresh db internal success
2026-6-26 11:31:11-debug: refresh db assets success
2026-6-26 11:31:11-debug: refresh db super-packager success
2026-6-26 11:31:11-debug: Run asset db hook engine-extends:afterRefresh ...
2026-6-26 11:31:11-debug: Run asset db hook engine-extends:afterRefresh success!
2026-6-26 11:31:11-debug: asset-db:refresh-all-database (864ms)
2026-6-26 11:31:11-debug: asset-db:worker-effect-data-processing (6ms)
2026-6-26 11:31:11-debug: asset-db-hook-engine-extends-afterRefresh (14ms)
2026-6-26 11:34:34-debug: refresh db internal success
2026-6-26 11:34:34-debug: refresh db assets success
2026-6-26 11:34:34-debug: Run asset db hook engine-extends:afterRefresh ...
2026-6-26 11:34:34-debug: Run asset db hook engine-extends:afterRefresh success!
2026-6-26 11:34:34-debug: refresh db super-packager success
2026-6-26 11:34:34-debug: asset-db:refresh-all-database (1013ms)
2026-6-26 11:34:34-debug: asset-db:worker-effect-data-processing (18ms)
2026-6-26 11:34:34-debug: asset-db-hook-engine-extends-afterRefresh (31ms)
2026-6-26 11:34:39-debug: %cImport%c: D:\工程项目\PlayableAD\Cocos\TheW\20260615_HYQ\HYQ_Project\assets\Scene\Game_3D-002.scenebackground: #aaff85; color: #000;color: #000;
2026-6-26 11:34:39-debug: asset-db:reimport-assetb5805d3a-3b80-4a12-adf5-588e63a7d886 (96ms)
2026-6-26 11:34:41-debug: Query all assets info in project
2026-6-26 11:34:41-debug: init custom config: keepNodeUuid: false, useCache: true
2026-6-26 11:34:41-debug: Skip compress image, progress: 0%
2026-6-26 11:34:41-debug: Init all bundles start..., progress: 0%
2026-6-26 11:34:41-debug: Num of bundles: 3..., progress: 0%
2026-6-26 11:34:41-debug: 查询 Asset Bundle start, progress: 0%
2026-6-26 11:34:41-debug: // ---- build task 查询 Asset Bundle ----
2026-6-26 11:34:41-debug: Init bundle root assets start..., progress: 0%
2026-6-26 11:34:41-debug: Query preload assets/scripts from cc.config.json: 60f7195c-ec2a-45eb-ba94-8955f60e81d0,1c02ae6f-4492-4915-b8f8-7492a3b1e4cd,810e96e4-e456-4468-9b59-f4e8f39732c0,efe8e2a3-eace-427b-b4f1-cb8a937ec77d,e9aa9a3e-5b2b-4ac7-a2c7-073de2b2b24f,8bbdbcdd-5cd4-4100-b6d5-b7c9625b6107,50f4348b-c883-4e2f-8f11-ce233b859fa1,fda095cb-831d-4601-ad94-846013963de8,f92806d7-1768-443f-afe8-12bcde84d0f0,dd3a144d-ab7f-41f0-82b8-2e43a090d496,f0416e68-0200-4b77-a926-4f9d16e494da,511d2633-09a7-4bdd-ac42-f778032124b3,5d45aa00-e064-4938-b314-4265f0c2258c,9361fd90-ba52-4f84-aa93-6e878fd576ca,970b0598-bcb0-4714-91fb-2e81440dccd8,bcd64cc6-2dd9-43f6-abbe-66318d332032,d930590d-bb92-4cc8-8bd1-23cd027f9edf,a3cd009f-0ab0-420d-9278-b9fdab939bbc,6a2d0734-bd9e-4ddf-946e-caa52498cb75,d1346436-ac96-4271-b863-1f4fdead95b0,971bdb23-3ff6-43eb-b422-1c30165a3663,17debcc3-0a6b-4b8a-b00b-dc58b885581e,711ebe11-f673-4cd9-9a83-63c60ba54c5b,c0143906-9aed-447e-9436-2ae8512d1b6e,14da1725-c4c2-42b4-ab08-ee0aeb6898b3,081cab31-dccd-428e-8652-f2404cc81c47,78e0584a-4343-4727-8f37-e14e65c2a2db,ba21476f-2866-4f81-9c4d-6e359316e448,871c3b6c-7379-419d-bda3-794b239ab90d,ff9b0199-ce04-4cfe-86cc-6c719f08d6e4,de1c2107-70c8-4021-8459-6399f24d01c6,cbf30902-517f-40dc-af90-a550bac27cf1,5c601d96-e4c7-4698-991b-7ee674b11079
2026-6-26 11:34:41-debug:   Number of all scenes: 5
2026-6-26 11:34:41-debug: Init bundle root assets success..., progress: 0%
2026-6-26 11:34:41-debug: // ---- build task 查询 Asset Bundle ---- (31ms)
2026-6-26 11:34:41-debug:   Number of other assets: 1153
2026-6-26 11:34:41-debug:   Number of all scripts: 109
2026-6-26 11:34:41-log: run build task 查询 Asset Bundle success in 31 ms√, progress: 5%
2026-6-26 11:34:41-debug: [Build Memory track]: 查询 Asset Bundle start:258.23MB, end 256.07MB, increase: -2203.92KB
2026-6-26 11:34:41-debug: 查询 Asset Bundle start, progress: 5%
2026-6-26 11:34:41-debug: // ---- build task 查询 Asset Bundle ----
2026-6-26 11:34:41-debug: // ---- build task 查询 Asset Bundle ---- (6ms)
2026-6-26 11:34:41-log: run build task 查询 Asset Bundle success in 6 ms√, progress: 10%
2026-6-26 11:34:41-debug: [Build Memory track]: 查询 Asset Bundle start:256.11MB, end 256.34MB, increase: 235.23KB
2026-6-26 11:34:41-debug: 整理部分构建选项内数据到 settings.json start, progress: 10%
2026-6-26 11:34:41-debug: // ---- build task 整理部分构建选项内数据到 settings.json ----
2026-6-26 11:34:41-log: run build task 整理部分构建选项内数据到 settings.json success in 2 ms√, progress: 12%
2026-6-26 11:34:41-debug: [Build Memory track]: 整理部分构建选项内数据到 settings.json start:256.37MB, end 256.40MB, increase: 29.30KB
2026-6-26 11:34:41-debug: // ---- build task 整理部分构建选项内数据到 settings.json ---- (2ms)
2026-6-26 11:34:41-debug: 填充脚本数据到 settings.json start, progress: 12%
2026-6-26 11:34:41-debug: // ---- build task 填充脚本数据到 settings.json ----
2026-6-26 11:34:41-debug: // ---- build task 填充脚本数据到 settings.json ---- (3ms)
2026-6-26 11:34:41-log: run build task 填充脚本数据到 settings.json success in 3 ms√, progress: 13%
2026-6-26 11:34:41-debug: 整理部分构建选项内数据到 settings.json start, progress: 13%
2026-6-26 11:34:41-debug: // ---- build task 整理部分构建选项内数据到 settings.json ----
2026-6-26 11:34:41-debug: [Build Memory track]: 填充脚本数据到 settings.json start:256.44MB, end 256.46MB, increase: 29.90KB
2026-6-26 11:34:41-debug: // ---- build task 整理部分构建选项内数据到 settings.json ---- (13ms)
2026-6-26 11:34:41-debug: [Build Memory track]: 整理部分构建选项内数据到 settings.json start:256.50MB, end 256.56MB, increase: 65.63KB
2026-6-26 11:34:41-log: run build task 整理部分构建选项内数据到 settings.json success in 13 ms√, progress: 15%
2026-6-26 11:35:03-debug: %cImport%c: D:\工程项目\PlayableAD\Cocos\TheW\20260615_HYQ\HYQ_Project\assets\Scene\Game_3D-002.scenebackground: #aaff85; color: #000;color: #000;
2026-6-26 11:35:03-debug: asset-db:reimport-assetb5805d3a-3b80-4a12-adf5-588e63a7d886 (44ms)
2026-6-26 11:35:05-debug: Query all assets info in project
2026-6-26 11:35:05-debug: init custom config: keepNodeUuid: false, useCache: true
2026-6-26 11:35:05-debug: Skip compress image, progress: 0%
2026-6-26 11:35:05-debug: Init all bundles start..., progress: 0%
2026-6-26 11:35:05-debug: Num of bundles: 3..., progress: 0%
2026-6-26 11:35:05-debug: 查询 Asset Bundle start, progress: 0%
2026-6-26 11:35:05-debug: // ---- build task 查询 Asset Bundle ----
2026-6-26 11:35:05-debug: Init bundle root assets start..., progress: 0%
2026-6-26 11:35:05-debug: Query preload assets/scripts from cc.config.json: 60f7195c-ec2a-45eb-ba94-8955f60e81d0,1c02ae6f-4492-4915-b8f8-7492a3b1e4cd,810e96e4-e456-4468-9b59-f4e8f39732c0,efe8e2a3-eace-427b-b4f1-cb8a937ec77d,e9aa9a3e-5b2b-4ac7-a2c7-073de2b2b24f,8bbdbcdd-5cd4-4100-b6d5-b7c9625b6107,50f4348b-c883-4e2f-8f11-ce233b859fa1,fda095cb-831d-4601-ad94-846013963de8,f92806d7-1768-443f-afe8-12bcde84d0f0,dd3a144d-ab7f-41f0-82b8-2e43a090d496,f0416e68-0200-4b77-a926-4f9d16e494da,511d2633-09a7-4bdd-ac42-f778032124b3,5d45aa00-e064-4938-b314-4265f0c2258c,9361fd90-ba52-4f84-aa93-6e878fd576ca,970b0598-bcb0-4714-91fb-2e81440dccd8,bcd64cc6-2dd9-43f6-abbe-66318d332032,d930590d-bb92-4cc8-8bd1-23cd027f9edf,a3cd009f-0ab0-420d-9278-b9fdab939bbc,6a2d0734-bd9e-4ddf-946e-caa52498cb75,d1346436-ac96-4271-b863-1f4fdead95b0,971bdb23-3ff6-43eb-b422-1c30165a3663,17debcc3-0a6b-4b8a-b00b-dc58b885581e,711ebe11-f673-4cd9-9a83-63c60ba54c5b,c0143906-9aed-447e-9436-2ae8512d1b6e,14da1725-c4c2-42b4-ab08-ee0aeb6898b3,081cab31-dccd-428e-8652-f2404cc81c47,78e0584a-4343-4727-8f37-e14e65c2a2db,ba21476f-2866-4f81-9c4d-6e359316e448,871c3b6c-7379-419d-bda3-794b239ab90d,ff9b0199-ce04-4cfe-86cc-6c719f08d6e4,de1c2107-70c8-4021-8459-6399f24d01c6,cbf30902-517f-40dc-af90-a550bac27cf1,5c601d96-e4c7-4698-991b-7ee674b11079
2026-6-26 11:35:05-debug:   Number of other assets: 1153
2026-6-26 11:35:05-debug:   Number of all scenes: 5
2026-6-26 11:35:05-debug: Init bundle root assets success..., progress: 0%
2026-6-26 11:35:05-debug:   Number of all scripts: 109
2026-6-26 11:35:05-debug: // ---- build task 查询 Asset Bundle ---- (26ms)
2026-6-26 11:35:05-log: run build task 查询 Asset Bundle success in 26 ms√, progress: 5%
2026-6-26 11:35:05-debug: [Build Memory track]: 查询 Asset Bundle start:257.12MB, end 256.90MB, increase: -235.11KB
2026-6-26 11:35:05-debug: 查询 Asset Bundle start, progress: 5%
2026-6-26 11:35:05-debug: // ---- build task 查询 Asset Bundle ----
2026-6-26 11:35:05-debug: // ---- build task 查询 Asset Bundle ---- (8ms)
2026-6-26 11:35:05-log: run build task 查询 Asset Bundle success in 8 ms√, progress: 10%
2026-6-26 11:35:05-debug: [Build Memory track]: 查询 Asset Bundle start:256.93MB, end 257.16MB, increase: 233.71KB
2026-6-26 11:35:05-debug: 整理部分构建选项内数据到 settings.json start, progress: 10%
2026-6-26 11:35:05-debug: // ---- build task 整理部分构建选项内数据到 settings.json ----
2026-6-26 11:35:05-debug: // ---- build task 整理部分构建选项内数据到 settings.json ---- (3ms)
2026-6-26 11:35:05-log: run build task 整理部分构建选项内数据到 settings.json success in 3 ms√, progress: 12%
2026-6-26 11:35:05-debug: [Build Memory track]: 整理部分构建选项内数据到 settings.json start:257.19MB, end 257.22MB, increase: 29.95KB
2026-6-26 11:35:05-debug: 填充脚本数据到 settings.json start, progress: 12%
2026-6-26 11:35:05-debug: // ---- build task 填充脚本数据到 settings.json ----
2026-6-26 11:35:05-debug: // ---- build task 填充脚本数据到 settings.json ---- (4ms)
2026-6-26 11:35:05-log: run build task 填充脚本数据到 settings.json success in 4 ms√, progress: 13%
2026-6-26 11:35:05-debug: [Build Memory track]: 填充脚本数据到 settings.json start:257.26MB, end 257.28MB, increase: 29.13KB
2026-6-26 11:35:05-debug: 整理部分构建选项内数据到 settings.json start, progress: 13%
2026-6-26 11:35:05-debug: // ---- build task 整理部分构建选项内数据到 settings.json ----
2026-6-26 11:35:05-debug: // ---- build task 整理部分构建选项内数据到 settings.json ---- (5ms)
2026-6-26 11:35:05-log: run build task 整理部分构建选项内数据到 settings.json success in 5 ms√, progress: 15%
2026-6-26 11:35:05-debug: [Build Memory track]: 整理部分构建选项内数据到 settings.json start:257.32MB, end 257.38MB, increase: 65.79KB
2026-6-26 11:35:27-debug: refresh db internal success
2026-6-26 11:35:28-debug: refresh db assets success
2026-6-26 11:35:28-debug: refresh db super-packager success
2026-6-26 11:35:28-debug: Run asset db hook engine-extends:afterRefresh ...
2026-6-26 11:35:28-debug: Run asset db hook engine-extends:afterRefresh success!
2026-6-26 11:35:28-debug: asset-db:refresh-all-database (769ms)
2026-6-26 11:35:28-debug: asset-db:worker-effect-data-processing (6ms)
2026-6-26 11:35:28-debug: asset-db-hook-engine-extends-afterRefresh (8ms)
2026-6-26 11:35:34-debug: %cImport%c: D:\工程项目\PlayableAD\Cocos\TheW\20260615_HYQ\HYQ_Project\assets\Scene\Game_3D-002.scenebackground: #aaff85; color: #000;color: #000;
2026-6-26 11:35:34-debug: asset-db:reimport-assetb5805d3a-3b80-4a12-adf5-588e63a7d886 (94ms)
2026-6-26 11:35:36-debug: Query all assets info in project
2026-6-26 11:35:36-debug: init custom config: keepNodeUuid: false, useCache: true
2026-6-26 11:35:36-debug: Skip compress image, progress: 0%
2026-6-26 11:35:36-debug: Init all bundles start..., progress: 0%
2026-6-26 11:35:36-debug: Num of bundles: 3..., progress: 0%
2026-6-26 11:35:36-debug: 查询 Asset Bundle start, progress: 0%
2026-6-26 11:35:36-debug: // ---- build task 查询 Asset Bundle ----
2026-6-26 11:35:36-debug: Init bundle root assets start..., progress: 0%
2026-6-26 11:35:36-debug: Query preload assets/scripts from cc.config.json: 60f7195c-ec2a-45eb-ba94-8955f60e81d0,1c02ae6f-4492-4915-b8f8-7492a3b1e4cd,810e96e4-e456-4468-9b59-f4e8f39732c0,efe8e2a3-eace-427b-b4f1-cb8a937ec77d,e9aa9a3e-5b2b-4ac7-a2c7-073de2b2b24f,8bbdbcdd-5cd4-4100-b6d5-b7c9625b6107,50f4348b-c883-4e2f-8f11-ce233b859fa1,fda095cb-831d-4601-ad94-846013963de8,f92806d7-1768-443f-afe8-12bcde84d0f0,dd3a144d-ab7f-41f0-82b8-2e43a090d496,f0416e68-0200-4b77-a926-4f9d16e494da,511d2633-09a7-4bdd-ac42-f778032124b3,5d45aa00-e064-4938-b314-4265f0c2258c,9361fd90-ba52-4f84-aa93-6e878fd576ca,970b0598-bcb0-4714-91fb-2e81440dccd8,bcd64cc6-2dd9-43f6-abbe-66318d332032,d930590d-bb92-4cc8-8bd1-23cd027f9edf,a3cd009f-0ab0-420d-9278-b9fdab939bbc,6a2d0734-bd9e-4ddf-946e-caa52498cb75,d1346436-ac96-4271-b863-1f4fdead95b0,971bdb23-3ff6-43eb-b422-1c30165a3663,17debcc3-0a6b-4b8a-b00b-dc58b885581e,711ebe11-f673-4cd9-9a83-63c60ba54c5b,c0143906-9aed-447e-9436-2ae8512d1b6e,14da1725-c4c2-42b4-ab08-ee0aeb6898b3,081cab31-dccd-428e-8652-f2404cc81c47,78e0584a-4343-4727-8f37-e14e65c2a2db,ba21476f-2866-4f81-9c4d-6e359316e448,871c3b6c-7379-419d-bda3-794b239ab90d,ff9b0199-ce04-4cfe-86cc-6c719f08d6e4,de1c2107-70c8-4021-8459-6399f24d01c6,cbf30902-517f-40dc-af90-a550bac27cf1,5c601d96-e4c7-4698-991b-7ee674b11079
2026-6-26 11:35:36-debug:   Number of all scenes: 5
2026-6-26 11:35:36-debug:   Number of other assets: 1153
2026-6-26 11:35:36-debug: Init bundle root assets success..., progress: 0%
2026-6-26 11:35:36-debug:   Number of all scripts: 109
2026-6-26 11:35:36-debug: // ---- build task 查询 Asset Bundle ---- (21ms)
2026-6-26 11:35:36-log: run build task 查询 Asset Bundle success in 21 ms√, progress: 5%
2026-6-26 11:35:36-debug: [Build Memory track]: 查询 Asset Bundle start:260.81MB, end 260.56MB, increase: -259.28KB
2026-6-26 11:35:36-debug: 查询 Asset Bundle start, progress: 5%
2026-6-26 11:35:36-debug: // ---- build task 查询 Asset Bundle ----
2026-6-26 11:35:36-debug: // ---- build task 查询 Asset Bundle ---- (5ms)
2026-6-26 11:35:36-log: run build task 查询 Asset Bundle success in 5 ms√, progress: 10%
2026-6-26 11:35:36-debug: 整理部分构建选项内数据到 settings.json start, progress: 10%
2026-6-26 11:35:36-debug: // ---- build task 整理部分构建选项内数据到 settings.json ----
2026-6-26 11:35:36-debug: [Build Memory track]: 查询 Asset Bundle start:260.59MB, end 260.82MB, increase: 232.65KB
2026-6-26 11:35:36-log: run build task 整理部分构建选项内数据到 settings.json success in 2 ms√, progress: 12%
2026-6-26 11:35:36-debug: [Build Memory track]: 整理部分构建选项内数据到 settings.json start:260.86MB, end 260.88MB, increase: 30.43KB
2026-6-26 11:35:36-debug: 填充脚本数据到 settings.json start, progress: 12%
2026-6-26 11:35:36-debug: // ---- build task 填充脚本数据到 settings.json ----
2026-6-26 11:35:36-debug: // ---- build task 整理部分构建选项内数据到 settings.json ---- (2ms)
2026-6-26 11:35:36-debug: // ---- build task 填充脚本数据到 settings.json ---- (4ms)
2026-6-26 11:35:36-debug: [Build Memory track]: 填充脚本数据到 settings.json start:260.92MB, end 260.95MB, increase: 29.07KB
2026-6-26 11:35:36-debug: 整理部分构建选项内数据到 settings.json start, progress: 13%
2026-6-26 11:35:36-log: run build task 填充脚本数据到 settings.json success in 4 ms√, progress: 13%
2026-6-26 11:35:36-debug: // ---- build task 整理部分构建选项内数据到 settings.json ----
2026-6-26 11:35:36-debug: // ---- build task 整理部分构建选项内数据到 settings.json ---- (9ms)
2026-6-26 11:35:36-log: run build task 整理部分构建选项内数据到 settings.json success in 9 ms√, progress: 15%
2026-6-26 11:35:36-debug: [Build Memory track]: 整理部分构建选项内数据到 settings.json start:260.98MB, end 261.05MB, increase: 66.79KB
2026-6-26 11:35:57-debug: %cImport%c: D:\工程项目\PlayableAD\Cocos\TheW\20260615_HYQ\HYQ_Project\assets\Scene\Game_3D-002.scenebackground: #aaff85; color: #000;color: #000;
2026-6-26 11:35:57-debug: asset-db:reimport-assetb5805d3a-3b80-4a12-adf5-588e63a7d886 (51ms)
2026-6-26 11:35:58-debug: Query all assets info in project
2026-6-26 11:35:58-debug: init custom config: keepNodeUuid: false, useCache: true
2026-6-26 11:35:58-debug: Skip compress image, progress: 0%
2026-6-26 11:35:58-debug: Num of bundles: 3..., progress: 0%
2026-6-26 11:35:58-debug: Init all bundles start..., progress: 0%
2026-6-26 11:35:58-debug: 查询 Asset Bundle start, progress: 0%
2026-6-26 11:35:58-debug: // ---- build task 查询 Asset Bundle ----
2026-6-26 11:35:58-debug: Init bundle root assets start..., progress: 0%
2026-6-26 11:35:58-debug: Query preload assets/scripts from cc.config.json: 60f7195c-ec2a-45eb-ba94-8955f60e81d0,1c02ae6f-4492-4915-b8f8-7492a3b1e4cd,810e96e4-e456-4468-9b59-f4e8f39732c0,efe8e2a3-eace-427b-b4f1-cb8a937ec77d,e9aa9a3e-5b2b-4ac7-a2c7-073de2b2b24f,8bbdbcdd-5cd4-4100-b6d5-b7c9625b6107,50f4348b-c883-4e2f-8f11-ce233b859fa1,fda095cb-831d-4601-ad94-846013963de8,f92806d7-1768-443f-afe8-12bcde84d0f0,dd3a144d-ab7f-41f0-82b8-2e43a090d496,f0416e68-0200-4b77-a926-4f9d16e494da,511d2633-09a7-4bdd-ac42-f778032124b3,5d45aa00-e064-4938-b314-4265f0c2258c,9361fd90-ba52-4f84-aa93-6e878fd576ca,970b0598-bcb0-4714-91fb-2e81440dccd8,bcd64cc6-2dd9-43f6-abbe-66318d332032,d930590d-bb92-4cc8-8bd1-23cd027f9edf,a3cd009f-0ab0-420d-9278-b9fdab939bbc,6a2d0734-bd9e-4ddf-946e-caa52498cb75,d1346436-ac96-4271-b863-1f4fdead95b0,971bdb23-3ff6-43eb-b422-1c30165a3663,17debcc3-0a6b-4b8a-b00b-dc58b885581e,711ebe11-f673-4cd9-9a83-63c60ba54c5b,c0143906-9aed-447e-9436-2ae8512d1b6e,14da1725-c4c2-42b4-ab08-ee0aeb6898b3,081cab31-dccd-428e-8652-f2404cc81c47,78e0584a-4343-4727-8f37-e14e65c2a2db,ba21476f-2866-4f81-9c4d-6e359316e448,871c3b6c-7379-419d-bda3-794b239ab90d,ff9b0199-ce04-4cfe-86cc-6c719f08d6e4,de1c2107-70c8-4021-8459-6399f24d01c6,cbf30902-517f-40dc-af90-a550bac27cf1,5c601d96-e4c7-4698-991b-7ee674b11079
2026-6-26 11:35:58-debug:   Number of all scenes: 5
2026-6-26 11:35:58-debug:   Number of all scripts: 109
2026-6-26 11:35:58-debug: Init bundle root assets success..., progress: 0%
2026-6-26 11:35:58-debug:   Number of other assets: 1153
2026-6-26 11:35:58-debug: // ---- build task 查询 Asset Bundle ---- (19ms)
2026-6-26 11:35:58-log: run build task 查询 Asset Bundle success in 19 ms√, progress: 5%
2026-6-26 11:35:58-debug: [Build Memory track]: 查询 Asset Bundle start:262.29MB, end 262.95MB, increase: 676.72KB
2026-6-26 11:35:58-debug: 查询 Asset Bundle start, progress: 5%
2026-6-26 11:35:58-debug: // ---- build task 查询 Asset Bundle ----
2026-6-26 11:35:58-debug: // ---- build task 查询 Asset Bundle ---- (16ms)
2026-6-26 11:35:58-log: run build task 查询 Asset Bundle success in 16 ms√, progress: 10%
2026-6-26 11:35:58-debug: // ---- build task 整理部分构建选项内数据到 settings.json ----
2026-6-26 11:35:58-debug: 整理部分构建选项内数据到 settings.json start, progress: 10%
2026-6-26 11:35:58-debug: [Build Memory track]: 查询 Asset Bundle start:262.99MB, end 262.45MB, increase: -548.34KB
2026-6-26 11:35:58-debug: // ---- build task 整理部分构建选项内数据到 settings.json ---- (4ms)
2026-6-26 11:35:58-log: run build task 整理部分构建选项内数据到 settings.json success in 4 ms√, progress: 12%
2026-6-26 11:35:58-debug: [Build Memory track]: 整理部分构建选项内数据到 settings.json start:262.49MB, end 262.52MB, increase: 29.86KB
2026-6-26 11:35:58-debug: 填充脚本数据到 settings.json start, progress: 12%
2026-6-26 11:35:58-debug: // ---- build task 填充脚本数据到 settings.json ----
2026-6-26 11:35:58-debug: 整理部分构建选项内数据到 settings.json start, progress: 13%
2026-6-26 11:35:58-debug: // ---- build task 整理部分构建选项内数据到 settings.json ----
2026-6-26 11:35:58-log: run build task 填充脚本数据到 settings.json success in 1 ms√, progress: 13%
2026-6-26 11:35:58-debug: // ---- build task 填充脚本数据到 settings.json ---- (1ms)
2026-6-26 11:35:58-debug: [Build Memory track]: 填充脚本数据到 settings.json start:262.55MB, end 262.58MB, increase: 29.39KB
2026-6-26 11:35:58-debug: // ---- build task 整理部分构建选项内数据到 settings.json ---- (8ms)
2026-6-26 11:35:58-log: run build task 整理部分构建选项内数据到 settings.json success in 8 ms√, progress: 15%
2026-6-26 11:35:58-debug: [Build Memory track]: 整理部分构建选项内数据到 settings.json start:262.61MB, end 262.68MB, increase: 65.70KB
2026-6-26 11:36:05-debug: %cImport%c: D:\工程项目\PlayableAD\Cocos\TheW\20260615_HYQ\HYQ_Project\assets\Scene\Game_3D-002.scenebackground: #aaff85; color: #000;color: #000;
2026-6-26 11:36:05-debug: asset-db:reimport-assetb5805d3a-3b80-4a12-adf5-588e63a7d886 (61ms)
2026-6-26 11:36:07-debug: Query all assets info in project
2026-6-26 11:36:07-debug: init custom config: keepNodeUuid: false, useCache: true
2026-6-26 11:36:07-debug: Skip compress image, progress: 0%
2026-6-26 11:36:07-debug: Init all bundles start..., progress: 0%
2026-6-26 11:36:07-debug: Num of bundles: 3..., progress: 0%
2026-6-26 11:36:07-debug: // ---- build task 查询 Asset Bundle ----
2026-6-26 11:36:07-debug: 查询 Asset Bundle start, progress: 0%
2026-6-26 11:36:07-debug: Init bundle root assets start..., progress: 0%
2026-6-26 11:36:07-debug: Query preload assets/scripts from cc.config.json: 60f7195c-ec2a-45eb-ba94-8955f60e81d0,1c02ae6f-4492-4915-b8f8-7492a3b1e4cd,810e96e4-e456-4468-9b59-f4e8f39732c0,efe8e2a3-eace-427b-b4f1-cb8a937ec77d,e9aa9a3e-5b2b-4ac7-a2c7-073de2b2b24f,8bbdbcdd-5cd4-4100-b6d5-b7c9625b6107,50f4348b-c883-4e2f-8f11-ce233b859fa1,fda095cb-831d-4601-ad94-846013963de8,f92806d7-1768-443f-afe8-12bcde84d0f0,dd3a144d-ab7f-41f0-82b8-2e43a090d496,f0416e68-0200-4b77-a926-4f9d16e494da,511d2633-09a7-4bdd-ac42-f778032124b3,5d45aa00-e064-4938-b314-4265f0c2258c,9361fd90-ba52-4f84-aa93-6e878fd576ca,970b0598-bcb0-4714-91fb-2e81440dccd8,bcd64cc6-2dd9-43f6-abbe-66318d332032,d930590d-bb92-4cc8-8bd1-23cd027f9edf,a3cd009f-0ab0-420d-9278-b9fdab939bbc,6a2d0734-bd9e-4ddf-946e-caa52498cb75,d1346436-ac96-4271-b863-1f4fdead95b0,971bdb23-3ff6-43eb-b422-1c30165a3663,17debcc3-0a6b-4b8a-b00b-dc58b885581e,711ebe11-f673-4cd9-9a83-63c60ba54c5b,c0143906-9aed-447e-9436-2ae8512d1b6e,14da1725-c4c2-42b4-ab08-ee0aeb6898b3,081cab31-dccd-428e-8652-f2404cc81c47,78e0584a-4343-4727-8f37-e14e65c2a2db,ba21476f-2866-4f81-9c4d-6e359316e448,871c3b6c-7379-419d-bda3-794b239ab90d,ff9b0199-ce04-4cfe-86cc-6c719f08d6e4,de1c2107-70c8-4021-8459-6399f24d01c6,cbf30902-517f-40dc-af90-a550bac27cf1,5c601d96-e4c7-4698-991b-7ee674b11079
2026-6-26 11:36:07-debug:   Number of all scenes: 5
2026-6-26 11:36:07-debug:   Number of other assets: 1153
2026-6-26 11:36:07-debug:   Number of all scripts: 109
2026-6-26 11:36:07-debug: Init bundle root assets success..., progress: 0%
2026-6-26 11:36:07-log: run build task 查询 Asset Bundle success in 148 ms√, progress: 5%
2026-6-26 11:36:07-debug: [Build Memory track]: 查询 Asset Bundle start:264.86MB, end 264.77MB, increase: -97.64KB
2026-6-26 11:36:07-debug: 查询 Asset Bundle start, progress: 5%
2026-6-26 11:36:07-debug: // ---- build task 查询 Asset Bundle ---- (148ms)
2026-6-26 11:36:07-debug: // ---- build task 查询 Asset Bundle ----
2026-6-26 11:36:07-debug: // ---- build task 查询 Asset Bundle ---- (7ms)
2026-6-26 11:36:07-log: run build task 查询 Asset Bundle success in 7 ms√, progress: 10%
2026-6-26 11:36:07-debug: [Build Memory track]: 查询 Asset Bundle start:264.80MB, end 265.03MB, increase: 233.41KB
2026-6-26 11:36:07-debug: // ---- build task 整理部分构建选项内数据到 settings.json ----
2026-6-26 11:36:07-debug: 整理部分构建选项内数据到 settings.json start, progress: 10%
2026-6-26 11:36:07-debug: // ---- build task 整理部分构建选项内数据到 settings.json ---- (3ms)
2026-6-26 11:36:07-log: run build task 整理部分构建选项内数据到 settings.json success in 3 ms√, progress: 12%
2026-6-26 11:36:07-debug: [Build Memory track]: 整理部分构建选项内数据到 settings.json start:265.07MB, end 265.09MB, increase: 29.73KB
2026-6-26 11:36:07-debug: 填充脚本数据到 settings.json start, progress: 12%
2026-6-26 11:36:07-debug: // ---- build task 填充脚本数据到 settings.json ----
2026-6-26 11:36:07-debug: // ---- build task 填充脚本数据到 settings.json ---- (3ms)
2026-6-26 11:36:07-log: run build task 填充脚本数据到 settings.json success in 3 ms√, progress: 13%
2026-6-26 11:36:07-debug: [Build Memory track]: 填充脚本数据到 settings.json start:265.13MB, end 265.16MB, increase: 28.23KB
2026-6-26 11:36:07-debug: 整理部分构建选项内数据到 settings.json start, progress: 13%
2026-6-26 11:36:07-debug: // ---- build task 整理部分构建选项内数据到 settings.json ----
2026-6-26 11:36:07-debug: // ---- build task 整理部分构建选项内数据到 settings.json ---- (21ms)
2026-6-26 11:36:07-log: run build task 整理部分构建选项内数据到 settings.json success in 21 ms√, progress: 15%
2026-6-26 11:36:07-debug: [Build Memory track]: 整理部分构建选项内数据到 settings.json start:265.19MB, end 265.26MB, increase: 71.61KB
2026-6-26 11:36:30-debug: %cImport%c: D:\工程项目\PlayableAD\Cocos\TheW\20260615_HYQ\HYQ_Project\assets\Scene\Game_3D-002.scenebackground: #aaff85; color: #000;color: #000;
2026-6-26 11:36:30-debug: asset-db:reimport-assetb5805d3a-3b80-4a12-adf5-588e63a7d886 (75ms)
2026-6-26 11:36:31-debug: Query all assets info in project
2026-6-26 11:36:31-debug: init custom config: keepNodeUuid: false, useCache: true
2026-6-26 11:36:31-debug: Skip compress image, progress: 0%
2026-6-26 11:36:31-debug: Init all bundles start..., progress: 0%
2026-6-26 11:36:31-debug: Num of bundles: 3..., progress: 0%
2026-6-26 11:36:31-debug: 查询 Asset Bundle start, progress: 0%
2026-6-26 11:36:31-debug: // ---- build task 查询 Asset Bundle ----
2026-6-26 11:36:31-debug: Init bundle root assets start..., progress: 0%
2026-6-26 11:36:31-debug: Query preload assets/scripts from cc.config.json: 60f7195c-ec2a-45eb-ba94-8955f60e81d0,1c02ae6f-4492-4915-b8f8-7492a3b1e4cd,810e96e4-e456-4468-9b59-f4e8f39732c0,efe8e2a3-eace-427b-b4f1-cb8a937ec77d,e9aa9a3e-5b2b-4ac7-a2c7-073de2b2b24f,8bbdbcdd-5cd4-4100-b6d5-b7c9625b6107,50f4348b-c883-4e2f-8f11-ce233b859fa1,fda095cb-831d-4601-ad94-846013963de8,f92806d7-1768-443f-afe8-12bcde84d0f0,dd3a144d-ab7f-41f0-82b8-2e43a090d496,f0416e68-0200-4b77-a926-4f9d16e494da,511d2633-09a7-4bdd-ac42-f778032124b3,5d45aa00-e064-4938-b314-4265f0c2258c,9361fd90-ba52-4f84-aa93-6e878fd576ca,970b0598-bcb0-4714-91fb-2e81440dccd8,bcd64cc6-2dd9-43f6-abbe-66318d332032,d930590d-bb92-4cc8-8bd1-23cd027f9edf,a3cd009f-0ab0-420d-9278-b9fdab939bbc,6a2d0734-bd9e-4ddf-946e-caa52498cb75,d1346436-ac96-4271-b863-1f4fdead95b0,971bdb23-3ff6-43eb-b422-1c30165a3663,17debcc3-0a6b-4b8a-b00b-dc58b885581e,711ebe11-f673-4cd9-9a83-63c60ba54c5b,c0143906-9aed-447e-9436-2ae8512d1b6e,14da1725-c4c2-42b4-ab08-ee0aeb6898b3,081cab31-dccd-428e-8652-f2404cc81c47,78e0584a-4343-4727-8f37-e14e65c2a2db,ba21476f-2866-4f81-9c4d-6e359316e448,871c3b6c-7379-419d-bda3-794b239ab90d,ff9b0199-ce04-4cfe-86cc-6c719f08d6e4,de1c2107-70c8-4021-8459-6399f24d01c6,cbf30902-517f-40dc-af90-a550bac27cf1,5c601d96-e4c7-4698-991b-7ee674b11079
2026-6-26 11:36:31-debug:   Number of all scenes: 5
2026-6-26 11:36:31-debug:   Number of all scripts: 109
2026-6-26 11:36:31-debug:   Number of other assets: 1153
2026-6-26 11:36:31-debug: Init bundle root assets success..., progress: 0%
2026-6-26 11:36:31-debug: // ---- build task 查询 Asset Bundle ---- (27ms)
2026-6-26 11:36:31-debug: [Build Memory track]: 查询 Asset Bundle start:267.85MB, end 267.13MB, increase: -739.71KB
2026-6-26 11:36:31-debug: // ---- build task 查询 Asset Bundle ----
2026-6-26 11:36:31-debug: // ---- build task 查询 Asset Bundle ---- (7ms)
2026-6-26 11:36:31-log: run build task 查询 Asset Bundle success in 7 ms√, progress: 10%
2026-6-26 11:36:31-debug: [Build Memory track]: 查询 Asset Bundle start:267.16MB, end 266.55MB, increase: -629.38KB
2026-6-26 11:36:31-debug: 整理部分构建选项内数据到 settings.json start, progress: 10%
2026-6-26 11:36:31-debug: // ---- build task 整理部分构建选项内数据到 settings.json ----
2026-6-26 11:36:31-debug: // ---- build task 整理部分构建选项内数据到 settings.json ---- (2ms)
2026-6-26 11:36:31-log: run build task 整理部分构建选项内数据到 settings.json success in 2 ms√, progress: 12%
2026-6-26 11:36:31-debug: [Build Memory track]: 整理部分构建选项内数据到 settings.json start:266.58MB, end 266.61MB, increase: 29.90KB
2026-6-26 11:36:31-debug: 填充脚本数据到 settings.json start, progress: 12%
2026-6-26 11:36:31-debug: // ---- build task 填充脚本数据到 settings.json ----
2026-6-26 11:36:31-log: run build task 填充脚本数据到 settings.json success in 1 ms√, progress: 13%
2026-6-26 11:36:31-debug: [Build Memory track]: 填充脚本数据到 settings.json start:266.65MB, end 266.67MB, increase: 29.38KB
2026-6-26 11:36:31-debug: 整理部分构建选项内数据到 settings.json start, progress: 13%
2026-6-26 11:36:31-debug: // ---- build task 填充脚本数据到 settings.json ---- (1ms)
2026-6-26 11:36:31-debug: // ---- build task 整理部分构建选项内数据到 settings.json ----
2026-6-26 11:36:31-log: run build task 查询 Asset Bundle success in 27 ms√, progress: 5%
2026-6-26 11:36:31-debug: 查询 Asset Bundle start, progress: 5%
2026-6-26 11:36:31-debug: // ---- build task 整理部分构建选项内数据到 settings.json ---- (28ms)
2026-6-26 11:36:31-log: run build task 整理部分构建选项内数据到 settings.json success in 28 ms√, progress: 15%
2026-6-26 11:36:31-debug: [Build Memory track]: 整理部分构建选项内数据到 settings.json start:266.74MB, end 266.78MB, increase: 42.75KB
2026-6-26 11:37:10-debug: refresh db internal success
2026-6-26 11:37:11-debug: refresh db assets success
2026-6-26 11:37:11-debug: refresh db super-packager success
2026-6-26 11:37:11-debug: Run asset db hook engine-extends:afterRefresh ...
2026-6-26 11:37:11-debug: Run asset db hook engine-extends:afterRefresh success!
2026-6-26 11:37:11-debug: asset-db:refresh-all-database (898ms)
2026-6-26 11:37:11-debug: asset-db:worker-effect-data-processing (6ms)
2026-6-26 11:37:11-debug: asset-db-hook-engine-extends-afterRefresh (7ms)
2026-6-26 11:38:19-debug: refresh db internal success
2026-6-26 11:38:19-debug: refresh db assets success
2026-6-26 11:38:19-debug: refresh db super-packager success
2026-6-26 11:38:19-debug: Run asset db hook engine-extends:afterRefresh ...
2026-6-26 11:38:19-debug: Run asset db hook engine-extends:afterRefresh success!
2026-6-26 11:38:19-debug: asset-db:refresh-all-database (193ms)
2026-6-26 11:38:19-debug: asset-db:worker-effect-data-processing (2ms)
2026-6-26 11:38:19-debug: asset-db-hook-engine-extends-afterRefresh (2ms)
2026-6-26 11:38:20-debug: refresh db internal success
2026-6-26 11:38:21-debug: refresh db assets success
2026-6-26 11:38:21-debug: refresh db super-packager success
2026-6-26 11:38:21-debug: Run asset db hook engine-extends:afterRefresh ...
2026-6-26 11:38:21-debug: Run asset db hook engine-extends:afterRefresh success!
2026-6-26 11:38:21-debug: asset-db:refresh-all-database (249ms)
2026-6-26 11:38:21-debug: asset-db:worker-effect-data-processing (3ms)
2026-6-26 11:38:21-debug: asset-db-hook-engine-extends-afterRefresh (4ms)
2026-6-26 11:50:10-debug: Query all assets info in project
2026-6-26 11:50:10-debug: init custom config: keepNodeUuid: false, useCache: true
2026-6-26 11:50:10-debug: Skip compress image, progress: 0%
2026-6-26 11:50:10-debug: Init all bundles start..., progress: 0%
2026-6-26 11:50:10-debug: 查询 Asset Bundle start, progress: 0%
2026-6-26 11:50:10-debug: // ---- build task 查询 Asset Bundle ----
2026-6-26 11:50:10-debug: Init bundle root assets start..., progress: 0%
2026-6-26 11:50:10-debug: Num of bundles: 3..., progress: 0%
2026-6-26 11:50:10-debug:   Number of all scenes: 5
2026-6-26 11:50:10-debug:   Number of other assets: 1153
2026-6-26 11:50:10-debug: Query preload assets/scripts from cc.config.json: 60f7195c-ec2a-45eb-ba94-8955f60e81d0,1c02ae6f-4492-4915-b8f8-7492a3b1e4cd,810e96e4-e456-4468-9b59-f4e8f39732c0,efe8e2a3-eace-427b-b4f1-cb8a937ec77d,e9aa9a3e-5b2b-4ac7-a2c7-073de2b2b24f,8bbdbcdd-5cd4-4100-b6d5-b7c9625b6107,50f4348b-c883-4e2f-8f11-ce233b859fa1,fda095cb-831d-4601-ad94-846013963de8,f92806d7-1768-443f-afe8-12bcde84d0f0,dd3a144d-ab7f-41f0-82b8-2e43a090d496,f0416e68-0200-4b77-a926-4f9d16e494da,511d2633-09a7-4bdd-ac42-f778032124b3,5d45aa00-e064-4938-b314-4265f0c2258c,9361fd90-ba52-4f84-aa93-6e878fd576ca,970b0598-bcb0-4714-91fb-2e81440dccd8,bcd64cc6-2dd9-43f6-abbe-66318d332032,d930590d-bb92-4cc8-8bd1-23cd027f9edf,a3cd009f-0ab0-420d-9278-b9fdab939bbc,6a2d0734-bd9e-4ddf-946e-caa52498cb75,d1346436-ac96-4271-b863-1f4fdead95b0,971bdb23-3ff6-43eb-b422-1c30165a3663,17debcc3-0a6b-4b8a-b00b-dc58b885581e,711ebe11-f673-4cd9-9a83-63c60ba54c5b,c0143906-9aed-447e-9436-2ae8512d1b6e,14da1725-c4c2-42b4-ab08-ee0aeb6898b3,081cab31-dccd-428e-8652-f2404cc81c47,78e0584a-4343-4727-8f37-e14e65c2a2db,ba21476f-2866-4f81-9c4d-6e359316e448,871c3b6c-7379-419d-bda3-794b239ab90d,ff9b0199-ce04-4cfe-86cc-6c719f08d6e4,de1c2107-70c8-4021-8459-6399f24d01c6,cbf30902-517f-40dc-af90-a550bac27cf1,5c601d96-e4c7-4698-991b-7ee674b11079
2026-6-26 11:50:10-debug: Init bundle root assets success..., progress: 0%
2026-6-26 11:50:10-debug:   Number of all scripts: 109
2026-6-26 11:50:10-debug: // ---- build task 查询 Asset Bundle ---- (14ms)
2026-6-26 11:50:10-debug: [Build Memory track]: 查询 Asset Bundle start:248.93MB, end 246.70MB, increase: -2290.24KB
2026-6-26 11:50:10-log: run build task 查询 Asset Bundle success in 14 ms√, progress: 5%
2026-6-26 11:50:10-debug: 查询 Asset Bundle start, progress: 5%
2026-6-26 11:50:10-debug: // ---- build task 查询 Asset Bundle ----
2026-6-26 11:50:10-debug: // ---- build task 查询 Asset Bundle ---- (5ms)
2026-6-26 11:50:10-log: run build task 查询 Asset Bundle success in 5 ms√, progress: 10%
2026-6-26 11:50:10-debug: // ---- build task 整理部分构建选项内数据到 settings.json ----
2026-6-26 11:50:10-debug: [Build Memory track]: 查询 Asset Bundle start:246.73MB, end 246.96MB, increase: 232.98KB
2026-6-26 11:50:10-debug: 整理部分构建选项内数据到 settings.json start, progress: 10%
2026-6-26 11:50:10-debug: // ---- build task 整理部分构建选项内数据到 settings.json ---- (3ms)
2026-6-26 11:50:10-debug: [Build Memory track]: 整理部分构建选项内数据到 settings.json start:246.99MB, end 247.02MB, increase: 29.93KB
2026-6-26 11:50:10-log: run build task 整理部分构建选项内数据到 settings.json success in 3 ms√, progress: 12%
2026-6-26 11:50:10-debug: // ---- build task 填充脚本数据到 settings.json ----
2026-6-26 11:50:10-debug: 填充脚本数据到 settings.json start, progress: 12%
2026-6-26 11:50:10-debug: // ---- build task 填充脚本数据到 settings.json ---- (1ms)
2026-6-26 11:50:10-log: run build task 填充脚本数据到 settings.json success in 1 ms√, progress: 13%
2026-6-26 11:50:10-debug: [Build Memory track]: 填充脚本数据到 settings.json start:247.06MB, end 247.09MB, increase: 29.47KB
2026-6-26 11:50:10-debug: 整理部分构建选项内数据到 settings.json start, progress: 13%
2026-6-26 11:50:10-debug: // ---- build task 整理部分构建选项内数据到 settings.json ----
2026-6-26 11:50:10-debug: // ---- build task 整理部分构建选项内数据到 settings.json ---- (7ms)
2026-6-26 11:50:10-log: run build task 整理部分构建选项内数据到 settings.json success in 7 ms√, progress: 15%
2026-6-26 11:50:10-debug: [Build Memory track]: 整理部分构建选项内数据到 settings.json start:247.12MB, end 247.19MB, increase: 70.59KB
2026-6-26 11:51:12-debug: refresh db internal success
2026-6-26 11:51:12-debug: refresh db assets success
2026-6-26 11:51:12-debug: refresh db super-packager success
2026-6-26 11:51:12-debug: Run asset db hook engine-extends:afterRefresh success!
2026-6-26 11:51:12-debug: Run asset db hook engine-extends:afterRefresh ...
2026-6-26 11:51:12-debug: asset-db:refresh-all-database (182ms)
2026-6-26 11:51:12-debug: asset-db:worker-effect-data-processing (1ms)
2026-6-26 11:51:12-debug: asset-db-hook-engine-extends-afterRefresh (1ms)
2026-6-26 11:56:42-debug: refresh db internal success
2026-6-26 11:56:42-debug: refresh db assets success
2026-6-26 11:56:42-debug: Run asset db hook engine-extends:afterRefresh ...
2026-6-26 11:56:42-debug: refresh db super-packager success
2026-6-26 11:56:42-debug: Run asset db hook engine-extends:afterRefresh success!
2026-6-26 11:56:42-debug: asset-db:refresh-all-database (185ms)
2026-6-26 11:56:42-debug: asset-db:worker-effect-data-processing (1ms)
2026-6-26 11:56:42-debug: asset-db-hook-engine-extends-afterRefresh (2ms)
2026-6-26 11:56:46-debug: refresh db internal success
2026-6-26 11:56:46-debug: refresh db assets success
2026-6-26 11:56:46-debug: refresh db super-packager success
2026-6-26 11:56:46-debug: Run asset db hook engine-extends:afterRefresh ...
2026-6-26 11:56:46-debug: Run asset db hook engine-extends:afterRefresh success!
2026-6-26 11:56:46-debug: asset-db:refresh-all-database (218ms)
2026-6-26 11:57:15-debug: refresh db internal success
2026-6-26 11:57:15-debug: refresh db assets success
2026-6-26 11:57:15-debug: refresh db super-packager success
2026-6-26 11:57:15-debug: Run asset db hook engine-extends:afterRefresh ...
2026-6-26 11:57:15-debug: Run asset db hook engine-extends:afterRefresh success!
2026-6-26 11:57:15-debug: asset-db:refresh-all-database (182ms)
2026-6-26 11:57:15-debug: asset-db:worker-effect-data-processing (2ms)
2026-6-26 11:57:15-debug: asset-db-hook-engine-extends-afterRefresh (2ms)
2026-6-26 11:57:17-debug: Query all assets info in project
2026-6-26 11:57:17-debug: init custom config: keepNodeUuid: false, useCache: true
2026-6-26 11:57:17-debug: Skip compress image, progress: 0%
2026-6-26 11:57:17-debug: Init all bundles start..., progress: 0%
2026-6-26 11:57:17-debug: // ---- build task 查询 Asset Bundle ----
2026-6-26 11:57:17-debug: Num of bundles: 3..., progress: 0%
2026-6-26 11:57:17-debug: 查询 Asset Bundle start, progress: 0%
2026-6-26 11:57:17-debug: Init bundle root assets start..., progress: 0%
2026-6-26 11:57:17-debug: Query preload assets/scripts from cc.config.json: 60f7195c-ec2a-45eb-ba94-8955f60e81d0,1c02ae6f-4492-4915-b8f8-7492a3b1e4cd,810e96e4-e456-4468-9b59-f4e8f39732c0,efe8e2a3-eace-427b-b4f1-cb8a937ec77d,e9aa9a3e-5b2b-4ac7-a2c7-073de2b2b24f,8bbdbcdd-5cd4-4100-b6d5-b7c9625b6107,50f4348b-c883-4e2f-8f11-ce233b859fa1,fda095cb-831d-4601-ad94-846013963de8,f92806d7-1768-443f-afe8-12bcde84d0f0,dd3a144d-ab7f-41f0-82b8-2e43a090d496,f0416e68-0200-4b77-a926-4f9d16e494da,511d2633-09a7-4bdd-ac42-f778032124b3,5d45aa00-e064-4938-b314-4265f0c2258c,9361fd90-ba52-4f84-aa93-6e878fd576ca,970b0598-bcb0-4714-91fb-2e81440dccd8,bcd64cc6-2dd9-43f6-abbe-66318d332032,d930590d-bb92-4cc8-8bd1-23cd027f9edf,a3cd009f-0ab0-420d-9278-b9fdab939bbc,6a2d0734-bd9e-4ddf-946e-caa52498cb75,d1346436-ac96-4271-b863-1f4fdead95b0,971bdb23-3ff6-43eb-b422-1c30165a3663,17debcc3-0a6b-4b8a-b00b-dc58b885581e,711ebe11-f673-4cd9-9a83-63c60ba54c5b,c0143906-9aed-447e-9436-2ae8512d1b6e,14da1725-c4c2-42b4-ab08-ee0aeb6898b3,081cab31-dccd-428e-8652-f2404cc81c47,78e0584a-4343-4727-8f37-e14e65c2a2db,ba21476f-2866-4f81-9c4d-6e359316e448,871c3b6c-7379-419d-bda3-794b239ab90d,ff9b0199-ce04-4cfe-86cc-6c719f08d6e4,de1c2107-70c8-4021-8459-6399f24d01c6,cbf30902-517f-40dc-af90-a550bac27cf1,5c601d96-e4c7-4698-991b-7ee674b11079
2026-6-26 11:57:17-debug:   Number of all scripts: 109
2026-6-26 11:57:17-debug:   Number of all scenes: 5
2026-6-26 11:57:17-debug: Init bundle root assets success..., progress: 0%
2026-6-26 11:57:17-debug:   Number of other assets: 1153
2026-6-26 11:57:17-debug: // ---- build task 查询 Asset Bundle ---- (13ms)
2026-6-26 11:57:17-log: run build task 查询 Asset Bundle success in 13 ms√, progress: 5%
2026-6-26 11:57:17-debug: 查询 Asset Bundle start, progress: 5%
2026-6-26 11:57:17-debug: [Build Memory track]: 查询 Asset Bundle start:255.02MB, end 256.56MB, increase: 1.54MB
2026-6-26 11:57:17-debug: // ---- build task 查询 Asset Bundle ----
2026-6-26 11:57:17-debug: // ---- build task 查询 Asset Bundle ---- (4ms)
2026-6-26 11:57:17-log: run build task 查询 Asset Bundle success in 4 ms√, progress: 10%
2026-6-26 11:57:17-debug: [Build Memory track]: 查询 Asset Bundle start:256.60MB, end 256.82MB, increase: 231.56KB
2026-6-26 11:57:17-debug: 整理部分构建选项内数据到 settings.json start, progress: 10%
2026-6-26 11:57:17-debug: // ---- build task 整理部分构建选项内数据到 settings.json ----
2026-6-26 11:57:17-debug: // ---- build task 整理部分构建选项内数据到 settings.json ---- (2ms)
2026-6-26 11:57:17-log: run build task 整理部分构建选项内数据到 settings.json success in 2 ms√, progress: 12%
2026-6-26 11:57:17-debug: [Build Memory track]: 整理部分构建选项内数据到 settings.json start:256.86MB, end 256.89MB, increase: 30.04KB
2026-6-26 11:57:17-debug: 填充脚本数据到 settings.json start, progress: 12%
2026-6-26 11:57:17-debug: // ---- build task 填充脚本数据到 settings.json ----
2026-6-26 11:57:17-debug: // ---- build task 填充脚本数据到 settings.json ---- (2ms)
2026-6-26 11:57:17-log: run build task 填充脚本数据到 settings.json success in 2 ms√, progress: 13%
2026-6-26 11:57:17-debug: [Build Memory track]: 填充脚本数据到 settings.json start:256.92MB, end 256.95MB, increase: 29.40KB
2026-6-26 11:57:17-debug: 整理部分构建选项内数据到 settings.json start, progress: 13%
2026-6-26 11:57:17-debug: // ---- build task 整理部分构建选项内数据到 settings.json ----
2026-6-26 11:57:17-debug: // ---- build task 整理部分构建选项内数据到 settings.json ---- (5ms)
2026-6-26 11:57:17-log: run build task 整理部分构建选项内数据到 settings.json success in 5 ms√, progress: 15%
2026-6-26 11:57:17-debug: [Build Memory track]: 整理部分构建选项内数据到 settings.json start:256.98MB, end 257.05MB, increase: 65.55KB
2026-6-26 11:57:22-debug: refresh db internal success
2026-6-26 11:57:22-debug: refresh db assets success
2026-6-26 11:57:22-debug: refresh db super-packager success
2026-6-26 11:57:22-debug: Run asset db hook engine-extends:afterRefresh ...
2026-6-26 11:57:22-debug: Run asset db hook engine-extends:afterRefresh success!
2026-6-26 11:57:22-debug: asset-db:refresh-all-database (192ms)
2026-6-26 11:57:22-debug: asset-db:worker-effect-data-processing (1ms)
2026-6-26 11:57:22-debug: asset-db-hook-engine-extends-afterRefresh (1ms)
2026-6-26 11:57:40-debug: refresh db internal success
2026-6-26 11:57:40-debug: refresh db assets success
2026-6-26 11:57:40-debug: refresh db super-packager success
2026-6-26 11:57:40-debug: Run asset db hook engine-extends:afterRefresh ...
2026-6-26 11:57:40-debug: Run asset db hook engine-extends:afterRefresh success!
2026-6-26 11:57:40-debug: asset-db:refresh-all-database (222ms)
2026-6-26 11:57:40-debug: asset-db:worker-effect-data-processing (1ms)
2026-6-26 11:57:40-debug: asset-db-hook-engine-extends-afterRefresh (2ms)
2026-6-26 11:58:21-debug: refresh db internal success
2026-6-26 11:58:21-debug: %cDestroy%c: D:\工程项目\PlayableAD\Cocos\TheW\20260615_HYQ\HYQ_Project\assets\GameRes\SLLYT_map\tex\T_lunchuan.png@6c48abackground: #ffb8b8; color: #000;color: #000;
2026-6-26 11:58:21-debug: %cDestroy%c: D:\工程项目\PlayableAD\Cocos\TheW\20260615_HYQ\HYQ_Project\assets\GameRes\SLLYT_map\tex\T_lunchuan_02.webp@6c48abackground: #ffb8b8; color: #000;color: #000;
2026-6-26 11:58:21-debug: %cDestroy%c: D:\工程项目\PlayableAD\Cocos\TheW\20260615_HYQ\HYQ_Project\assets\GameRes\SLLYT_map\tex\T_lunchuan_02.webp@f9941background: #ffb8b8; color: #000;color: #000;
2026-6-26 11:58:21-debug: %cDestroy%c: D:\工程项目\PlayableAD\Cocos\TheW\20260615_HYQ\HYQ_Project\assets\GameRes\SLLYT_map\tex\T_lunchuan.png@f9941background: #ffb8b8; color: #000;color: #000;
2026-6-26 11:58:21-debug: %cDestroy%c: D:\工程项目\PlayableAD\Cocos\TheW\20260615_HYQ\HYQ_Project\assets\GameRes\SLLYT_map\tex\T_lunchuan.pngbackground: #ffb8b8; color: #000;color: #000;
2026-6-26 11:58:21-debug: %cDestroy%c: D:\工程项目\PlayableAD\Cocos\TheW\20260615_HYQ\HYQ_Project\assets\GameRes\SLLYT_map\tex\T_lunchuan_02.webpbackground: #ffb8b8; color: #000;color: #000;
2026-6-26 11:58:21-debug: %cImport%c: D:\工程项目\PlayableAD\Cocos\TheW\20260615_HYQ\HYQ_Project\assets\GameRes\SLLYT_map\pre\SM_shizhu_02.prefabbackground: #aaff85; color: #000;color: #000;
2026-6-26 11:58:21-debug: %cImport%c: D:\工程项目\PlayableAD\Cocos\TheW\20260615_HYQ\HYQ_Project\assets\GameRes\SLLYT_map\mat\M_shizhu_02.mtlbackground: #aaff85; color: #000;color: #000;
2026-6-26 11:58:21-debug: %cImport%c: D:\工程项目\PlayableAD\Cocos\TheW\20260615_HYQ\HYQ_Project\assets\GameRes\SLLYT_map\pre\sz_02.prefabbackground: #aaff85; color: #000;color: #000;
2026-6-26 11:58:21-debug: %cImport%c: D:\工程项目\PlayableAD\Cocos\TheW\20260615_HYQ\HYQ_Project\assets\GameRes\SLLYT_map\tex\T_langan_01_d.jpgbackground: #aaff85; color: #000;color: #000;
2026-6-26 11:58:21-debug: %cImport%c: D:\工程项目\PlayableAD\Cocos\TheW\20260615_HYQ\HYQ_Project\assets\GameRes\SLLYT_map\fbx\SM_shizhu_02.fbxbackground: #aaff85; color: #000;color: #000;
2026-6-26 11:58:21-debug: Status file D:\工程项目\PlayableAD\Cocos\TheW\20260615_HYQ\HYQ_Project\temp\asset-db\assets\fbx.FBX-glTF-conv\98fbc20f-086f-4fb4-96b4-9ab4a6f2673f\status.json: Error: ENOENT: no such file or directory, open 'D:\工程项目\PlayableAD\Cocos\TheW\20260615_HYQ\HYQ_Project\temp\asset-db\assets\fbx.FBX-glTF-conv\98fbc20f-086f-4fb4-96b4-9ab4a6f2673f\status.json'
2026-6-26 11:58:21-debug: %cImport%c: D:\工程项目\PlayableAD\Cocos\TheW\20260615_HYQ\HYQ_Project\assets\Scenebackground: #aaff85; color: #000;color: #000;
2026-6-26 11:58:21-debug: %cImport%c: D:\工程项目\PlayableAD\Cocos\TheW\20260615_HYQ\HYQ_Project\assets\GameRes\SLLYT_mapbackground: #aaff85; color: #000;color: #000;
2026-6-26 11:58:21-debug: %cImport%c: D:\工程项目\PlayableAD\Cocos\TheW\20260615_HYQ\HYQ_Project\assets\Scene\Game_3D-005.scenebackground: #aaff85; color: #000;color: #000;
2026-6-26 11:58:21-debug: %cImport%c: D:\工程项目\PlayableAD\Cocos\TheW\20260615_HYQ\HYQ_Project\assets\GameRes\SLLYT_map\tex\T_langan_01_d.jpg@6c48abackground: #aaff85; color: #000;color: #000;
2026-6-26 11:58:21-debug: %cImport%c: D:\工程项目\PlayableAD\Cocos\TheW\20260615_HYQ\HYQ_Project\assets\GameRes\SLLYT_map\fbxbackground: #aaff85; color: #000;color: #000;
2026-6-26 11:58:21-debug: %cImport%c: D:\工程项目\PlayableAD\Cocos\TheW\20260615_HYQ\HYQ_Project\assets\GameRes\SLLYT_map\matbackground: #aaff85; color: #000;color: #000;
2026-6-26 11:58:21-debug: %cImport%c: D:\工程项目\PlayableAD\Cocos\TheW\20260615_HYQ\HYQ_Project\assets\GameRes\SLLYT_map\texbackground: #aaff85; color: #000;color: #000;
2026-6-26 11:58:21-debug: %cImport%c: D:\工程项目\PlayableAD\Cocos\TheW\20260615_HYQ\HYQ_Project\assets\GameRes\SLLYT_map\prebackground: #aaff85; color: #000;color: #000;
2026-6-26 11:58:21-debug: %cImport%c: D:\工程项目\PlayableAD\Cocos\TheW\20260615_HYQ\HYQ_Project\assets\GameRes\SLLYT_map\SLLYT_map.prefabbackground: #aaff85; color: #000;color: #000;
2026-6-26 11:58:21-debug: %cImport%c: D:\工程项目\PlayableAD\Cocos\TheW\20260615_HYQ\HYQ_Project\assets\GameRes\SLLYT_map\mat\M_tengman.mtlbackground: #aaff85; color: #000;color: #000;
2026-6-26 11:58:21-debug: %cImport%c: D:\工程项目\PlayableAD\Cocos\TheW\20260615_HYQ\HYQ_Project\assets\GameRes\SLLYT_map\fbx\SM_qiao_01.fbxbackground: #aaff85; color: #000;color: #000;
2026-6-26 11:58:21-debug: %cImport%c: D:\工程项目\PlayableAD\Cocos\TheW\20260615_HYQ\HYQ_Project\assets\GameRes\SLLYT_map\pre\gld.prefabbackground: #aaff85; color: #000;color: #000;
2026-6-26 11:58:21-debug: %cImport%c: D:\工程项目\PlayableAD\Cocos\TheW\20260615_HYQ\HYQ_Project\assets\GameRes\SLLYT_map\pre\huanjing.prefabbackground: #aaff85; color: #000;color: #000;
2026-6-26 11:58:21-debug: %cImport%c: D:\工程项目\PlayableAD\Cocos\TheW\20260615_HYQ\HYQ_Project\assets\GameRes\SLLYT_map\pre\lalian_01.prefabbackground: #aaff85; color: #000;color: #000;
2026-6-26 11:58:21-debug: %cImport%c: D:\工程项目\PlayableAD\Cocos\TheW\20260615_HYQ\HYQ_Project\assets\GameRes\SLLYT_map\pre\lalian_02.prefabbackground: #aaff85; color: #000;color: #000;
2026-6-26 11:58:21-debug: %cImport%c: D:\工程项目\PlayableAD\Cocos\TheW\20260615_HYQ\HYQ_Project\assets\GameRes\SLLYT_map\pre\qiao.prefabbackground: #aaff85; color: #000;color: #000;
2026-6-26 11:58:22-debug: %cImport%c: D:\工程项目\PlayableAD\Cocos\TheW\20260615_HYQ\HYQ_Project\assets\GameRes\SLLYT_map\pre\tengman.prefabbackground: #aaff85; color: #000;color: #000;
2026-6-26 11:58:22-debug: Frame rate: 30 [{asset(98fbc20f-086f-4fb4-96b4-9ab4a6f2673f)}]
2026-6-26 11:58:22-debug: Frame rate: 30 [{asset(1b582930-d871-4c23-a84a-b4a557c68ea5)}]
2026-6-26 11:58:22-debug: %cImport%c: D:\工程项目\PlayableAD\Cocos\TheW\20260615_HYQ\HYQ_Project\assets\GameRes\SLLYT_map\fbx\SM_shizhu_02.fbx@704febackground: #aaff85; color: #000;color: #000;
2026-6-26 11:58:22-debug: %cReImport%c: D:\工程项目\PlayableAD\Cocos\TheW\20260615_HYQ\HYQ_Project\assets\GameRes\SLLYT_map\fbx\SM_qiao_01.fbx@17065background: #aaff85; color: #000;color: #000;
2026-6-26 11:58:22-debug: %cImport%c: D:\工程项目\PlayableAD\Cocos\TheW\20260615_HYQ\HYQ_Project\assets\GameRes\SLLYT_map\fbx\SM_shizhu_02.fbx@cbca0background: #aaff85; color: #000;color: #000;
2026-6-26 11:58:22-debug: %cReImport%c: D:\工程项目\PlayableAD\Cocos\TheW\20260615_HYQ\HYQ_Project\assets\GameRes\SLLYT_map\fbx\SM_qiao_01.fbx@7a922background: #aaff85; color: #000;color: #000;
2026-6-26 11:58:22-debug: refresh db assets success
2026-6-26 11:58:22-debug: refresh db super-packager success
2026-6-26 11:58:22-debug: Run asset db hook engine-extends:afterRefresh ...
2026-6-26 11:58:22-debug: Run asset db hook engine-extends:afterRefresh success!
2026-6-26 11:58:22-debug: asset-db:refresh-all-database (693ms)
2026-6-26 11:58:22-debug: asset-db:worker-effect-data-processing (2ms)
2026-6-26 11:58:22-debug: asset-db-hook-engine-extends-afterRefresh (2ms)
2026-6-26 11:58:46-debug: refresh db internal success
2026-6-26 11:58:46-debug: refresh db assets success
2026-6-26 11:58:46-debug: refresh db super-packager success
2026-6-26 11:58:46-debug: Run asset db hook engine-extends:afterRefresh ...
2026-6-26 11:58:46-debug: Run asset db hook engine-extends:afterRefresh success!
2026-6-26 11:58:46-debug: asset-db:refresh-all-database (281ms)
2026-6-26 11:58:46-debug: asset-db:worker-effect-data-processing (4ms)
2026-6-26 11:58:46-debug: asset-db-hook-engine-extends-afterRefresh (4ms)
2026-6-26 11:58:47-debug: %cImport%c: D:\工程项目\PlayableAD\Cocos\TheW\20260615_HYQ\HYQ_Project\assets\Scene\Game_3D-002.scenebackground: #aaff85; color: #000;color: #000;
2026-6-26 11:58:47-debug: asset-db:reimport-assetb5805d3a-3b80-4a12-adf5-588e63a7d886 (37ms)
2026-6-26 11:58:47-debug: Query all assets info in project
2026-6-26 11:58:47-debug: init custom config: keepNodeUuid: false, useCache: true
2026-6-26 11:58:47-debug: Skip compress image, progress: 0%
2026-6-26 11:58:47-debug: Init all bundles start..., progress: 0%
2026-6-26 11:58:47-debug: Num of bundles: 3..., progress: 0%
2026-6-26 11:58:47-debug: 查询 Asset Bundle start, progress: 0%
2026-6-26 11:58:47-debug: // ---- build task 查询 Asset Bundle ----
2026-6-26 11:58:47-debug: Init bundle root assets start..., progress: 0%
2026-6-26 11:58:47-debug:   Number of other assets: 1154
2026-6-26 11:58:47-debug: Query preload assets/scripts from cc.config.json: 60f7195c-ec2a-45eb-ba94-8955f60e81d0,1c02ae6f-4492-4915-b8f8-7492a3b1e4cd,810e96e4-e456-4468-9b59-f4e8f39732c0,efe8e2a3-eace-427b-b4f1-cb8a937ec77d,e9aa9a3e-5b2b-4ac7-a2c7-073de2b2b24f,8bbdbcdd-5cd4-4100-b6d5-b7c9625b6107,50f4348b-c883-4e2f-8f11-ce233b859fa1,fda095cb-831d-4601-ad94-846013963de8,f92806d7-1768-443f-afe8-12bcde84d0f0,dd3a144d-ab7f-41f0-82b8-2e43a090d496,f0416e68-0200-4b77-a926-4f9d16e494da,511d2633-09a7-4bdd-ac42-f778032124b3,5d45aa00-e064-4938-b314-4265f0c2258c,9361fd90-ba52-4f84-aa93-6e878fd576ca,970b0598-bcb0-4714-91fb-2e81440dccd8,bcd64cc6-2dd9-43f6-abbe-66318d332032,d930590d-bb92-4cc8-8bd1-23cd027f9edf,a3cd009f-0ab0-420d-9278-b9fdab939bbc,6a2d0734-bd9e-4ddf-946e-caa52498cb75,d1346436-ac96-4271-b863-1f4fdead95b0,971bdb23-3ff6-43eb-b422-1c30165a3663,17debcc3-0a6b-4b8a-b00b-dc58b885581e,711ebe11-f673-4cd9-9a83-63c60ba54c5b,c0143906-9aed-447e-9436-2ae8512d1b6e,14da1725-c4c2-42b4-ab08-ee0aeb6898b3,081cab31-dccd-428e-8652-f2404cc81c47,78e0584a-4343-4727-8f37-e14e65c2a2db,ba21476f-2866-4f81-9c4d-6e359316e448,871c3b6c-7379-419d-bda3-794b239ab90d,ff9b0199-ce04-4cfe-86cc-6c719f08d6e4,de1c2107-70c8-4021-8459-6399f24d01c6,cbf30902-517f-40dc-af90-a550bac27cf1,5c601d96-e4c7-4698-991b-7ee674b11079
2026-6-26 11:58:47-debug:   Number of all scripts: 109
2026-6-26 11:58:47-debug: Init bundle root assets success..., progress: 0%
2026-6-26 11:58:47-debug:   Number of all scenes: 5
2026-6-26 11:58:47-debug: // ---- build task 查询 Asset Bundle ---- (16ms)
2026-6-26 11:58:47-debug: [Build Memory track]: 查询 Asset Bundle start:249.13MB, end 246.87MB, increase: -2313.76KB
2026-6-26 11:58:47-log: run build task 查询 Asset Bundle success in 16 ms√, progress: 5%
2026-6-26 11:58:47-debug: 查询 Asset Bundle start, progress: 5%
2026-6-26 11:58:47-debug: // ---- build task 查询 Asset Bundle ----
2026-6-26 11:58:47-debug: // ---- build task 查询 Asset Bundle ---- (6ms)
2026-6-26 11:58:47-log: run build task 查询 Asset Bundle success in 6 ms√, progress: 10%
2026-6-26 11:58:47-debug: [Build Memory track]: 查询 Asset Bundle start:246.90MB, end 247.13MB, increase: 235.67KB
2026-6-26 11:58:47-debug: // ---- build task 整理部分构建选项内数据到 settings.json ----
2026-6-26 11:58:47-debug: 整理部分构建选项内数据到 settings.json start, progress: 10%
2026-6-26 11:58:47-debug: // ---- build task 整理部分构建选项内数据到 settings.json ---- (2ms)
2026-6-26 11:58:47-debug: [Build Memory track]: 整理部分构建选项内数据到 settings.json start:247.17MB, end 247.20MB, increase: 29.99KB
2026-6-26 11:58:47-log: run build task 整理部分构建选项内数据到 settings.json success in 2 ms√, progress: 12%
2026-6-26 11:58:47-debug: // ---- build task 填充脚本数据到 settings.json ----
2026-6-26 11:58:47-debug: 填充脚本数据到 settings.json start, progress: 12%
2026-6-26 11:58:47-debug: // ---- build task 填充脚本数据到 settings.json ---- (2ms)
2026-6-26 11:58:47-log: run build task 填充脚本数据到 settings.json success in 2 ms√, progress: 13%
2026-6-26 11:58:47-debug: [Build Memory track]: 填充脚本数据到 settings.json start:247.23MB, end 247.26MB, increase: 28.32KB
2026-6-26 11:58:47-debug: 整理部分构建选项内数据到 settings.json start, progress: 13%
2026-6-26 11:58:47-debug: // ---- build task 整理部分构建选项内数据到 settings.json ----
2026-6-26 11:58:47-log: run build task 整理部分构建选项内数据到 settings.json success in 6 ms√, progress: 15%
2026-6-26 11:58:47-debug: [Build Memory track]: 整理部分构建选项内数据到 settings.json start:247.30MB, end 247.37MB, increase: 71.70KB
2026-6-26 11:58:47-debug: // ---- build task 整理部分构建选项内数据到 settings.json ---- (6ms)
2026-6-26 11:59:11-debug: refresh db internal success
2026-6-26 11:59:11-debug: refresh db assets success
2026-6-26 11:59:11-debug: refresh db super-packager success
2026-6-26 11:59:11-debug: Run asset db hook engine-extends:afterRefresh ...
2026-6-26 11:59:11-debug: Run asset db hook engine-extends:afterRefresh success!
2026-6-26 11:59:11-debug: asset-db:refresh-all-database (426ms)
2026-6-26 11:59:11-debug: asset-db:worker-effect-data-processing (2ms)
2026-6-26 11:59:11-debug: asset-db-hook-engine-extends-afterRefresh (3ms)
2026-6-26 11:59:32-debug: refresh db internal success
2026-6-26 11:59:32-debug: refresh db assets success
2026-6-26 11:59:32-debug: refresh db super-packager success
2026-6-26 11:59:32-debug: Run asset db hook engine-extends:afterRefresh ...
2026-6-26 11:59:32-debug: Run asset db hook engine-extends:afterRefresh success!
2026-6-26 11:59:32-debug: asset-db:refresh-all-database (252ms)
2026-6-26 11:59:32-debug: asset-db:worker-effect-data-processing (2ms)
2026-6-26 11:59:32-debug: asset-db-hook-engine-extends-afterRefresh (2ms)
2026-6-26 12:01:19-debug: %cImport%c: D:\工程项目\PlayableAD\Cocos\TheW\20260615_HYQ\HYQ_Project\assets\Scene\Game_3D-002.scenebackground: #aaff85; color: #000;color: #000;
2026-6-26 12:01:19-debug: asset-db:reimport-assetb5805d3a-3b80-4a12-adf5-588e63a7d886 (29ms)
2026-6-26 12:01:20-debug: Query all assets info in project
2026-6-26 12:01:20-debug: init custom config: keepNodeUuid: false, useCache: true
2026-6-26 12:01:20-debug: Skip compress image, progress: 0%
2026-6-26 12:01:20-debug: Init all bundles start..., progress: 0%
2026-6-26 12:01:20-debug: 查询 Asset Bundle start, progress: 0%
2026-6-26 12:01:20-debug: Num of bundles: 3..., progress: 0%
2026-6-26 12:01:20-debug: // ---- build task 查询 Asset Bundle ----
2026-6-26 12:01:20-debug: Init bundle root assets start..., progress: 0%
2026-6-26 12:01:20-debug:   Number of all scenes: 5
2026-6-26 12:01:20-debug: Query preload assets/scripts from cc.config.json: 60f7195c-ec2a-45eb-ba94-8955f60e81d0,1c02ae6f-4492-4915-b8f8-7492a3b1e4cd,810e96e4-e456-4468-9b59-f4e8f39732c0,efe8e2a3-eace-427b-b4f1-cb8a937ec77d,e9aa9a3e-5b2b-4ac7-a2c7-073de2b2b24f,8bbdbcdd-5cd4-4100-b6d5-b7c9625b6107,50f4348b-c883-4e2f-8f11-ce233b859fa1,fda095cb-831d-4601-ad94-846013963de8,f92806d7-1768-443f-afe8-12bcde84d0f0,dd3a144d-ab7f-41f0-82b8-2e43a090d496,f0416e68-0200-4b77-a926-4f9d16e494da,511d2633-09a7-4bdd-ac42-f778032124b3,5d45aa00-e064-4938-b314-4265f0c2258c,9361fd90-ba52-4f84-aa93-6e878fd576ca,970b0598-bcb0-4714-91fb-2e81440dccd8,bcd64cc6-2dd9-43f6-abbe-66318d332032,d930590d-bb92-4cc8-8bd1-23cd027f9edf,a3cd009f-0ab0-420d-9278-b9fdab939bbc,6a2d0734-bd9e-4ddf-946e-caa52498cb75,d1346436-ac96-4271-b863-1f4fdead95b0,971bdb23-3ff6-43eb-b422-1c30165a3663,17debcc3-0a6b-4b8a-b00b-dc58b885581e,711ebe11-f673-4cd9-9a83-63c60ba54c5b,c0143906-9aed-447e-9436-2ae8512d1b6e,14da1725-c4c2-42b4-ab08-ee0aeb6898b3,081cab31-dccd-428e-8652-f2404cc81c47,78e0584a-4343-4727-8f37-e14e65c2a2db,ba21476f-2866-4f81-9c4d-6e359316e448,871c3b6c-7379-419d-bda3-794b239ab90d,ff9b0199-ce04-4cfe-86cc-6c719f08d6e4,de1c2107-70c8-4021-8459-6399f24d01c6,cbf30902-517f-40dc-af90-a550bac27cf1,5c601d96-e4c7-4698-991b-7ee674b11079
2026-6-26 12:01:20-debug:   Number of other assets: 1154
2026-6-26 12:01:20-debug:   Number of all scripts: 109
2026-6-26 12:01:20-debug: Init bundle root assets success..., progress: 0%
2026-6-26 12:01:20-debug: // ---- build task 查询 Asset Bundle ---- (15ms)
2026-6-26 12:01:20-log: run build task 查询 Asset Bundle success in 15 ms√, progress: 5%
2026-6-26 12:01:20-debug: [Build Memory track]: 查询 Asset Bundle start:253.03MB, end 252.80MB, increase: -228.86KB
2026-6-26 12:01:20-debug: 查询 Asset Bundle start, progress: 5%
2026-6-26 12:01:20-debug: // ---- build task 查询 Asset Bundle ----
2026-6-26 12:01:20-debug: // ---- build task 查询 Asset Bundle ---- (3ms)
2026-6-26 12:01:20-log: run build task 查询 Asset Bundle success in 3 ms√, progress: 10%
2026-6-26 12:01:20-debug: 整理部分构建选项内数据到 settings.json start, progress: 10%
2026-6-26 12:01:20-debug: [Build Memory track]: 查询 Asset Bundle start:252.86MB, end 253.09MB, increase: 232.74KB
2026-6-26 12:01:20-debug: // ---- build task 整理部分构建选项内数据到 settings.json ----
2026-6-26 12:01:20-debug: // ---- build task 整理部分构建选项内数据到 settings.json ---- (2ms)
2026-6-26 12:01:20-log: run build task 整理部分构建选项内数据到 settings.json success in 2 ms√, progress: 12%
2026-6-26 12:01:20-debug: [Build Memory track]: 整理部分构建选项内数据到 settings.json start:253.12MB, end 253.15MB, increase: 29.99KB
2026-6-26 12:01:20-debug: 填充脚本数据到 settings.json start, progress: 12%
2026-6-26 12:01:20-debug: // ---- build task 填充脚本数据到 settings.json ----
2026-6-26 12:01:20-debug: // ---- build task 填充脚本数据到 settings.json ---- (2ms)
2026-6-26 12:01:20-log: run build task 填充脚本数据到 settings.json success in 2 ms√, progress: 13%
2026-6-26 12:01:20-debug: [Build Memory track]: 填充脚本数据到 settings.json start:253.19MB, end 253.22MB, increase: 29.29KB
2026-6-26 12:01:20-debug: // ---- build task 整理部分构建选项内数据到 settings.json ----
2026-6-26 12:01:20-debug: 整理部分构建选项内数据到 settings.json start, progress: 13%
2026-6-26 12:01:20-debug: // ---- build task 整理部分构建选项内数据到 settings.json ---- (6ms)
2026-6-26 12:01:20-log: run build task 整理部分构建选项内数据到 settings.json success in 6 ms√, progress: 15%
2026-6-26 12:01:20-debug: [Build Memory track]: 整理部分构建选项内数据到 settings.json start:253.25MB, end 253.31MB, increase: 65.66KB
