2026-7-6 10:05:56-log: Cannot access game frame or container.
2026-7-6 10:05:57-debug: asset-db:require-engine-code (1607ms)
2026-7-6 10:05:57-log: meshopt wasm decoder initialized
2026-7-6 10:05:57-log: [bullet]:bullet wasm lib loaded.
2026-7-6 10:05:57-log: [box2d]:box2d wasm lib loaded.
2026-7-6 10:05:57-log: Cocos Creator v3.8.7
2026-7-6 10:05:57-log: Using legacy pipeline
2026-7-6 10:05:57-log: Forward render pipeline initialized.
2026-7-6 10:05:57-debug: [Assets Memory track]: asset-db:worker-init: initEngine start:33.06MB, end 79.80MB, increase: 46.74MB
2026-7-6 10:06:01-debug: [Assets Memory track]: asset-db:worker-init: initPlugin start:79.83MB, end 221.94MB, increase: 142.10MB
2026-7-6 10:06:01-debug: asset-db:worker-init: initPlugin (3781ms)
2026-7-6 10:06:01-debug: [Assets Memory track]: asset-db:worker-init start:33.05MB, end 222.05MB, increase: 189.00MB
2026-7-6 10:06:01-debug: Run asset db hook programming:beforePreStart ...
2026-7-6 10:06:01-debug: Run asset db hook programming:beforePreStart success!
2026-7-6 10:06:01-debug: Run asset db hook engine-extends:beforePreStart success!
2026-7-6 10:06:01-debug: Preimport db  success
2026-7-6 10:06:01-debug: Preimport db  success
2026-7-6 10:06:01-debug: Preimport db  success
2026-7-6 10:06:01-debug: Run asset db hook programming:afterPreStart ...
2026-7-6 10:06:01-debug: starting packer-driver...
2026-7-6 10:06:01-debug: Run asset db hook engine-extends:beforePreStart ...
2026-7-6 10:06:01-debug: asset-db-hook-programming-beforePreStart (196ms)
2026-7-6 10:06:01-debug: asset-db:worker-init (5971ms)
2026-7-6 10:06:01-debug: asset-db-hook-engine-extends-beforePreStart (196ms)
2026-7-6 10:06:02-debug: initialize scripting environment...
2026-7-6 10:06:02-debug: [[Executor]] prepare before lock
2026-7-6 10:06:02-debug: Set detail map pack:///resolution-detail-map.json: {}
2026-7-6 10:06:02-debug: [[Executor]] prepare after unlock
2026-7-6 10:06:02-debug: Run asset db hook programming:afterPreStart success!
2026-7-6 10:06:02-debug: [Assets Memory track]: asset-db:worker-init: preStart start:222.06MB, end 229.22MB, increase: 7.16MB
2026-7-6 10:06:02-debug: Start up the 'internal' database...
2026-7-6 10:06:02-debug: Run asset db hook engine-extends:afterPreStart ...
2026-7-6 10:06:02-debug: Run asset db hook engine-extends:afterPreStart success!
2026-7-6 10:06:07-debug: asset-db-hook-programming-afterPreStart (5459ms)
2026-7-6 10:06:07-debug: asset-db:worker-effect-data-processing (4817ms)
2026-7-6 10:06:07-debug: asset-db-hook-engine-extends-afterPreStart (4817ms)
2026-7-6 10:06:09-debug: Run asset db hook engine-extends:afterStartDB ...
2026-7-6 10:06:10-debug: recompile effect.bin success
2026-7-6 10:06:10-debug: Run asset db hook engine-extends:afterStartDB success!
2026-7-6 10:06:10-debug: Start up the 'assets' database...
2026-7-6 10:06:16-debug: asset-db:worker-effect-data-processing (6763ms)
2026-7-6 10:06:16-debug: asset-db-hook-engine-extends-afterStartDB (6764ms)
2026-7-6 10:06:16-debug: Run asset db hook engine-extends:afterStartDB ...
2026-7-6 10:06:17-debug: recompile effect.bin success
2026-7-6 10:06:17-debug: Run asset db hook engine-extends:afterStartDB success!
2026-7-6 10:06:17-debug: Start up the 'super-packager' database...
2026-7-6 10:06:17-debug: asset-db:worker-effect-data-processing (901ms)
2026-7-6 10:06:17-debug: asset-db-hook-engine-extends-afterStartDB (901ms)
2026-7-6 10:06:17-debug: Run asset db hook engine-extends:afterStartDB ...
2026-7-6 10:06:18-debug: recompile effect.bin success
2026-7-6 10:06:18-debug: Run asset db hook engine-extends:afterStartDB success!
2026-7-6 10:06:18-debug: lazy register asset handler directory
2026-7-6 10:06:18-debug: [Assets Memory track]: asset-db:worker-init: startup start:229.23MB, end 235.58MB, increase: 6.34MB
2026-7-6 10:06:18-debug: lazy register asset handler text
2026-7-6 10:06:18-debug: lazy register asset handler *
2026-7-6 10:06:18-debug: lazy register asset handler json
2026-7-6 10:06:18-debug: lazy register asset handler dragonbones
2026-7-6 10:06:18-debug: lazy register asset handler dragonbones-atlas
2026-7-6 10:06:18-debug: lazy register asset handler spine-data
2026-7-6 10:06:18-debug: lazy register asset handler javascript
2026-7-6 10:06:18-debug: lazy register asset handler typescript
2026-7-6 10:06:18-debug: lazy register asset handler scene
2026-7-6 10:06:18-debug: lazy register asset handler terrain
2026-7-6 10:06:18-debug: lazy register asset handler sprite-frame
2026-7-6 10:06:18-debug: lazy register asset handler tiled-map
2026-7-6 10:06:18-debug: lazy register asset handler prefab
2026-7-6 10:06:18-debug: lazy register asset handler buffer
2026-7-6 10:06:18-debug: lazy register asset handler sign-image
2026-7-6 10:06:18-debug: lazy register asset handler alpha-image
2026-7-6 10:06:18-debug: lazy register asset handler image
2026-7-6 10:06:18-debug: lazy register asset handler texture
2026-7-6 10:06:18-debug: lazy register asset handler erp-texture-cube
2026-7-6 10:06:18-debug: lazy register asset handler texture-cube
2026-7-6 10:06:18-debug: lazy register asset handler render-texture
2026-7-6 10:06:18-debug: lazy register asset handler texture-cube-face
2026-7-6 10:06:18-debug: lazy register asset handler rt-sprite-frame
2026-7-6 10:06:18-debug: lazy register asset handler gltf-mesh
2026-7-6 10:06:18-debug: lazy register asset handler gltf
2026-7-6 10:06:18-debug: lazy register asset handler gltf-skeleton
2026-7-6 10:06:18-debug: lazy register asset handler gltf-animation
2026-7-6 10:06:18-debug: lazy register asset handler gltf-material
2026-7-6 10:06:18-debug: lazy register asset handler gltf-embeded-image
2026-7-6 10:06:18-debug: lazy register asset handler fbx
2026-7-6 10:06:18-debug: lazy register asset handler gltf-scene
2026-7-6 10:06:18-debug: lazy register asset handler physics-material
2026-7-6 10:06:18-debug: lazy register asset handler effect
2026-7-6 10:06:18-debug: lazy register asset handler effect-header
2026-7-6 10:06:18-debug: lazy register asset handler material
2026-7-6 10:06:18-debug: lazy register asset handler audio-clip
2026-7-6 10:06:18-debug: lazy register asset handler animation-clip
2026-7-6 10:06:18-debug: lazy register asset handler animation-graph
2026-7-6 10:06:18-debug: lazy register asset handler animation-graph-variant
2026-7-6 10:06:18-debug: lazy register asset handler animation-mask
2026-7-6 10:06:18-debug: lazy register asset handler ttf-font
2026-7-6 10:06:18-debug: lazy register asset handler bitmap-font
2026-7-6 10:06:18-debug: lazy register asset handler sprite-atlas
2026-7-6 10:06:18-debug: lazy register asset handler auto-atlas
2026-7-6 10:06:18-debug: lazy register asset handler label-atlas
2026-7-6 10:06:18-debug: lazy register asset handler render-pipeline
2026-7-6 10:06:18-debug: lazy register asset handler particle
2026-7-6 10:06:18-debug: lazy register asset handler render-flow
2026-7-6 10:06:18-debug: lazy register asset handler instantiation-material
2026-7-6 10:06:18-debug: lazy register asset handler instantiation-mesh
2026-7-6 10:06:18-debug: lazy register asset handler instantiation-skeleton
2026-7-6 10:06:18-debug: lazy register asset handler instantiation-animation
2026-7-6 10:06:18-debug: lazy register asset handler render-stage
2026-7-6 10:06:18-debug: lazy register asset handler video-clip
2026-7-6 10:06:18-debug: asset-db:worker-effect-data-processing (560ms)
2026-7-6 10:06:18-debug: asset-db:start-database (16256ms)
2026-7-6 10:06:18-debug: asset-db:ready (27911ms)
2026-7-6 10:06:18-debug: asset-db-hook-engine-extends-afterStartDB (560ms)
2026-7-6 10:06:18-debug: init worker message success
2026-7-6 10:06:26-log: [SUPER_PACKAGE]async function() {
  console.log(PACKAGE_NAME, load);
}
2026-7-6 10:06:26-debug: [Build Memory track]: builder:worker-init start:225.03MB, end 257.05MB, increase: 32.02MB
2026-7-6 10:06:26-debug: programming:execute-script (8128ms)
2026-7-6 10:06:26-debug: builder:worker-init (8151ms)
2026-7-6 10:07:51-warn: 为更好地打开脚本，请在 {preferences} -> {program} -> {scriptEditor} 里配置打开脚本的应用程序
2026-7-6 10:08:08-debug: refresh db internal success
2026-7-6 10:08:08-debug: refresh db assets success
2026-7-6 10:08:08-debug: refresh db super-packager success
2026-7-6 10:08:08-debug: Run asset db hook engine-extends:afterRefresh ...
2026-7-6 10:08:08-debug: Run asset db hook engine-extends:afterRefresh success!
2026-7-6 10:08:08-debug: asset-db:refresh-all-database (250ms)
2026-7-6 10:08:08-debug: asset-db:worker-effect-data-processing (2ms)
2026-7-6 10:08:08-debug: asset-db-hook-engine-extends-afterRefresh (3ms)
2026-7-6 10:08:11-debug: refresh db internal success
2026-7-6 10:08:12-debug: refresh db assets success
2026-7-6 10:08:12-debug: refresh db super-packager success
2026-7-6 10:08:12-debug: Run asset db hook engine-extends:afterRefresh ...
2026-7-6 10:08:12-debug: Run asset db hook engine-extends:afterRefresh success!
2026-7-6 10:08:12-debug: asset-db:refresh-all-database (235ms)
2026-7-6 10:08:12-debug: asset-db:worker-effect-data-processing (3ms)
2026-7-6 10:08:12-debug: asset-db-hook-engine-extends-afterRefresh (3ms)
2026-7-6 10:08:19-debug: refresh db internal success
2026-7-6 10:08:20-debug: refresh db assets success
2026-7-6 10:08:20-debug: refresh db super-packager success
2026-7-6 10:08:20-debug: Run asset db hook engine-extends:afterRefresh success!
2026-7-6 10:08:20-debug: Run asset db hook engine-extends:afterRefresh ...
2026-7-6 10:08:20-debug: asset-db:refresh-all-database (277ms)
2026-7-6 10:08:20-debug: asset-db:worker-effect-data-processing (2ms)
2026-7-6 10:08:20-debug: asset-db-hook-engine-extends-afterRefresh (3ms)
2026-7-6 10:15:57-debug: refresh db internal success
2026-7-6 10:15:58-debug: %cImport%c: D:\工程项目\PlayableAD\Cocos\TheW\20260615_HYQ\HYQ_Project\assets\Script\functionS\Other\PropArms.tsbackground: #aaff85; color: #000;color: #000;
2026-7-6 10:15:58-debug: %cImport%c: D:\工程项目\PlayableAD\Cocos\TheW\20260615_HYQ\HYQ_Project\assets\Script\functionS\Other\PropLalianGate.tsbackground: #aaff85; color: #000;color: #000;
2026-7-6 10:15:58-debug: refresh db assets success
2026-7-6 10:15:58-debug: refresh db super-packager success
2026-7-6 10:15:58-debug: Run asset db hook engine-extends:afterRefresh ...
2026-7-6 10:15:58-debug: Run asset db hook engine-extends:afterRefresh success!
2026-7-6 10:15:58-debug: asset-db:refresh-all-database (195ms)
2026-7-6 10:15:58-debug: asset-db:worker-effect-data-processing (1ms)
2026-7-6 10:15:58-debug: asset-db-hook-engine-extends-afterRefresh (2ms)
2026-7-6 10:17:00-debug: refresh db internal success
2026-7-6 10:17:00-debug: refresh db assets success
2026-7-6 10:17:00-debug: refresh db super-packager success
2026-7-6 10:17:00-debug: Run asset db hook engine-extends:afterRefresh ...
2026-7-6 10:17:00-debug: Run asset db hook engine-extends:afterRefresh success!
2026-7-6 10:17:00-debug: asset-db:refresh-all-database (179ms)
2026-7-6 10:17:00-debug: asset-db:worker-effect-data-processing (1ms)
2026-7-6 10:17:00-debug: asset-db-hook-engine-extends-afterRefresh (2ms)
2026-7-6 10:17:01-debug: %cImport%c: D:\工程项目\PlayableAD\Cocos\TheW\20260615_HYQ\HYQ_Project\assets\Scene\Game_3D-002.scenebackground: #aaff85; color: #000;color: #000;
2026-7-6 10:17:01-debug: asset-db:reimport-assetb5805d3a-3b80-4a12-adf5-588e63a7d886 (55ms)
2026-7-6 10:17:05-debug: refresh db internal success
2026-7-6 10:17:05-debug: refresh db assets success
2026-7-6 10:17:05-debug: refresh db super-packager success
2026-7-6 10:17:05-debug: Run asset db hook engine-extends:afterRefresh ...
2026-7-6 10:17:05-debug: Run asset db hook engine-extends:afterRefresh success!
2026-7-6 10:17:05-debug: asset-db:refresh-all-database (214ms)
2026-7-6 10:17:05-debug: asset-db:worker-effect-data-processing (6ms)
2026-7-6 10:17:05-debug: asset-db-hook-engine-extends-afterRefresh (6ms)
2026-7-6 10:17:10-debug: Query all assets info in project
2026-7-6 10:17:10-debug: init custom config: keepNodeUuid: false, useCache: true
2026-7-6 10:17:10-debug: Skip compress image, progress: 0%
2026-7-6 10:17:10-debug: Init all bundles start..., progress: 0%
2026-7-6 10:17:10-debug: 查询 Asset Bundle start, progress: 0%
2026-7-6 10:17:10-debug: // ---- build task 查询 Asset Bundle ----
2026-7-6 10:17:10-debug: Init bundle root assets start..., progress: 0%
2026-7-6 10:17:10-debug: Num of bundles: 3..., progress: 0%
2026-7-6 10:17:10-debug: Query preload assets/scripts from cc.config.json: 60f7195c-ec2a-45eb-ba94-8955f60e81d0,1c02ae6f-4492-4915-b8f8-7492a3b1e4cd,810e96e4-e456-4468-9b59-f4e8f39732c0,efe8e2a3-eace-427b-b4f1-cb8a937ec77d,e9aa9a3e-5b2b-4ac7-a2c7-073de2b2b24f,8bbdbcdd-5cd4-4100-b6d5-b7c9625b6107,50f4348b-c883-4e2f-8f11-ce233b859fa1,fda095cb-831d-4601-ad94-846013963de8,f92806d7-1768-443f-afe8-12bcde84d0f0,dd3a144d-ab7f-41f0-82b8-2e43a090d496,f0416e68-0200-4b77-a926-4f9d16e494da,511d2633-09a7-4bdd-ac42-f778032124b3,5d45aa00-e064-4938-b314-4265f0c2258c,9361fd90-ba52-4f84-aa93-6e878fd576ca,970b0598-bcb0-4714-91fb-2e81440dccd8,bcd64cc6-2dd9-43f6-abbe-66318d332032,d930590d-bb92-4cc8-8bd1-23cd027f9edf,a3cd009f-0ab0-420d-9278-b9fdab939bbc,6a2d0734-bd9e-4ddf-946e-caa52498cb75,d1346436-ac96-4271-b863-1f4fdead95b0,971bdb23-3ff6-43eb-b422-1c30165a3663,17debcc3-0a6b-4b8a-b00b-dc58b885581e,711ebe11-f673-4cd9-9a83-63c60ba54c5b,c0143906-9aed-447e-9436-2ae8512d1b6e,14da1725-c4c2-42b4-ab08-ee0aeb6898b3,081cab31-dccd-428e-8652-f2404cc81c47,78e0584a-4343-4727-8f37-e14e65c2a2db,ba21476f-2866-4f81-9c4d-6e359316e448,871c3b6c-7379-419d-bda3-794b239ab90d,ff9b0199-ce04-4cfe-86cc-6c719f08d6e4,de1c2107-70c8-4021-8459-6399f24d01c6,cbf30902-517f-40dc-af90-a550bac27cf1,5c601d96-e4c7-4698-991b-7ee674b11079
2026-7-6 10:17:10-debug:   Number of all scenes: 5
2026-7-6 10:17:10-debug:   Number of all scripts: 109
2026-7-6 10:17:10-debug:   Number of other assets: 1158
2026-7-6 10:17:10-debug: Init bundle root assets success..., progress: 0%
2026-7-6 10:17:10-log: run build task 查询 Asset Bundle success in 17 ms√, progress: 5%
2026-7-6 10:17:10-debug: [Build Memory track]: 查询 Asset Bundle start:262.16MB, end 257.56MB, increase: -4709.00KB
2026-7-6 10:17:10-debug: 查询 Asset Bundle start, progress: 5%
2026-7-6 10:17:10-debug: // ---- build task 查询 Asset Bundle ---- (17ms)
2026-7-6 10:17:10-debug: // ---- build task 查询 Asset Bundle ----
2026-7-6 10:17:10-debug: // ---- build task 查询 Asset Bundle ---- (5ms)
2026-7-6 10:17:10-log: run build task 查询 Asset Bundle success in 5 ms√, progress: 10%
2026-7-6 10:17:10-debug: // ---- build task 整理部分构建选项内数据到 settings.json ----
2026-7-6 10:17:10-debug: [Build Memory track]: 查询 Asset Bundle start:257.61MB, end 257.86MB, increase: 257.54KB
2026-7-6 10:17:10-debug: 整理部分构建选项内数据到 settings.json start, progress: 10%
2026-7-6 10:17:10-debug: // ---- build task 整理部分构建选项内数据到 settings.json ---- (2ms)
2026-7-6 10:17:10-log: run build task 整理部分构建选项内数据到 settings.json success in 2 ms√, progress: 12%
2026-7-6 10:17:10-debug: // ---- build task 填充脚本数据到 settings.json ----
2026-7-6 10:17:10-debug: 填充脚本数据到 settings.json start, progress: 12%
2026-7-6 10:17:10-debug: [Build Memory track]: 整理部分构建选项内数据到 settings.json start:257.91MB, end 257.94MB, increase: 37.21KB
2026-7-6 10:17:10-debug: // ---- build task 填充脚本数据到 settings.json ---- (3ms)
2026-7-6 10:17:10-log: run build task 填充脚本数据到 settings.json success in 3 ms√, progress: 13%
2026-7-6 10:17:10-debug: [Build Memory track]: 填充脚本数据到 settings.json start:258.00MB, end 258.04MB, increase: 41.51KB
2026-7-6 10:17:10-debug: 整理部分构建选项内数据到 settings.json start, progress: 13%
2026-7-6 10:17:10-debug: // ---- build task 整理部分构建选项内数据到 settings.json ----
2026-7-6 10:17:10-debug: // ---- build task 整理部分构建选项内数据到 settings.json ---- (7ms)
2026-7-6 10:17:10-debug: [Build Memory track]: 整理部分构建选项内数据到 settings.json start:258.08MB, end 258.16MB, increase: 78.01KB
2026-7-6 10:17:10-log: run build task 整理部分构建选项内数据到 settings.json success in 7 ms√, progress: 15%
2026-7-6 10:36:44-debug: refresh db internal success
2026-7-6 10:36:45-debug: %cImport%c: D:\工程项目\PlayableAD\Cocos\TheW\20260615_HYQ\HYQ_Project\assets\Script\functionS\Other\PropArms.tsbackground: #aaff85; color: #000;color: #000;
2026-7-6 10:36:45-debug: %cImport%c: D:\工程项目\PlayableAD\Cocos\TheW\20260615_HYQ\HYQ_Project\assets\Script\functionS\Other\PropLalianGate.tsbackground: #aaff85; color: #000;color: #000;
2026-7-6 10:36:45-debug: refresh db assets success
2026-7-6 10:36:45-debug: refresh db super-packager success
2026-7-6 10:36:45-debug: Run asset db hook engine-extends:afterRefresh ...
2026-7-6 10:36:45-debug: Run asset db hook engine-extends:afterRefresh success!
2026-7-6 10:36:45-debug: asset-db:refresh-all-database (221ms)
2026-7-6 10:36:45-debug: asset-db:worker-effect-data-processing (1ms)
2026-7-6 10:36:45-debug: asset-db-hook-engine-extends-afterRefresh (4ms)
2026-7-6 10:36:49-debug: Query all assets info in project
2026-7-6 10:36:49-debug: init custom config: keepNodeUuid: false, useCache: true
2026-7-6 10:36:49-debug: Skip compress image, progress: 0%
2026-7-6 10:36:49-debug: Init all bundles start..., progress: 0%
2026-7-6 10:36:49-debug: // ---- build task 查询 Asset Bundle ----
2026-7-6 10:36:49-debug: Num of bundles: 3..., progress: 0%
2026-7-6 10:36:49-debug: 查询 Asset Bundle start, progress: 0%
2026-7-6 10:36:49-debug: Init bundle root assets start..., progress: 0%
2026-7-6 10:36:49-debug: Query preload assets/scripts from cc.config.json: 60f7195c-ec2a-45eb-ba94-8955f60e81d0,1c02ae6f-4492-4915-b8f8-7492a3b1e4cd,810e96e4-e456-4468-9b59-f4e8f39732c0,efe8e2a3-eace-427b-b4f1-cb8a937ec77d,e9aa9a3e-5b2b-4ac7-a2c7-073de2b2b24f,8bbdbcdd-5cd4-4100-b6d5-b7c9625b6107,50f4348b-c883-4e2f-8f11-ce233b859fa1,fda095cb-831d-4601-ad94-846013963de8,f92806d7-1768-443f-afe8-12bcde84d0f0,dd3a144d-ab7f-41f0-82b8-2e43a090d496,f0416e68-0200-4b77-a926-4f9d16e494da,511d2633-09a7-4bdd-ac42-f778032124b3,5d45aa00-e064-4938-b314-4265f0c2258c,9361fd90-ba52-4f84-aa93-6e878fd576ca,970b0598-bcb0-4714-91fb-2e81440dccd8,bcd64cc6-2dd9-43f6-abbe-66318d332032,d930590d-bb92-4cc8-8bd1-23cd027f9edf,a3cd009f-0ab0-420d-9278-b9fdab939bbc,6a2d0734-bd9e-4ddf-946e-caa52498cb75,d1346436-ac96-4271-b863-1f4fdead95b0,971bdb23-3ff6-43eb-b422-1c30165a3663,17debcc3-0a6b-4b8a-b00b-dc58b885581e,711ebe11-f673-4cd9-9a83-63c60ba54c5b,c0143906-9aed-447e-9436-2ae8512d1b6e,14da1725-c4c2-42b4-ab08-ee0aeb6898b3,081cab31-dccd-428e-8652-f2404cc81c47,78e0584a-4343-4727-8f37-e14e65c2a2db,ba21476f-2866-4f81-9c4d-6e359316e448,871c3b6c-7379-419d-bda3-794b239ab90d,ff9b0199-ce04-4cfe-86cc-6c719f08d6e4,de1c2107-70c8-4021-8459-6399f24d01c6,cbf30902-517f-40dc-af90-a550bac27cf1,5c601d96-e4c7-4698-991b-7ee674b11079
2026-7-6 10:36:49-debug:   Number of all scenes: 5
2026-7-6 10:36:49-debug:   Number of other assets: 1158
2026-7-6 10:36:49-debug: Init bundle root assets success..., progress: 0%
2026-7-6 10:36:49-debug:   Number of all scripts: 109
2026-7-6 10:36:49-debug: // ---- build task 查询 Asset Bundle ---- (16ms)
2026-7-6 10:36:49-log: run build task 查询 Asset Bundle success in 16 ms√, progress: 5%
2026-7-6 10:36:49-debug: // ---- build task 查询 Asset Bundle ----
2026-7-6 10:36:49-debug: [Build Memory track]: 查询 Asset Bundle start:246.99MB, end 246.33MB, increase: -680.08KB
2026-7-6 10:36:49-debug: 查询 Asset Bundle start, progress: 5%
2026-7-6 10:36:49-debug: // ---- build task 查询 Asset Bundle ---- (6ms)
2026-7-6 10:36:49-log: run build task 查询 Asset Bundle success in 6 ms√, progress: 10%
2026-7-6 10:36:49-debug: // ---- build task 整理部分构建选项内数据到 settings.json ----
2026-7-6 10:36:49-debug: [Build Memory track]: 查询 Asset Bundle start:246.37MB, end 246.60MB, increase: 237.96KB
2026-7-6 10:36:49-debug: 整理部分构建选项内数据到 settings.json start, progress: 10%
2026-7-6 10:36:49-debug: // ---- build task 整理部分构建选项内数据到 settings.json ---- (3ms)
2026-7-6 10:36:49-log: run build task 整理部分构建选项内数据到 settings.json success in 3 ms√, progress: 12%
2026-7-6 10:36:49-debug: 填充脚本数据到 settings.json start, progress: 12%
2026-7-6 10:36:49-debug: // ---- build task 填充脚本数据到 settings.json ----
2026-7-6 10:36:49-debug: [Build Memory track]: 整理部分构建选项内数据到 settings.json start:246.66MB, end 246.69MB, increase: 36.71KB
2026-7-6 10:36:49-debug: // ---- build task 填充脚本数据到 settings.json ---- (2ms)
2026-7-6 10:36:49-log: run build task 填充脚本数据到 settings.json success in 2 ms√, progress: 13%
2026-7-6 10:36:49-debug: // ---- build task 整理部分构建选项内数据到 settings.json ----
2026-7-6 10:36:49-debug: [Build Memory track]: 填充脚本数据到 settings.json start:246.75MB, end 246.78MB, increase: 40.46KB
2026-7-6 10:36:49-debug: 整理部分构建选项内数据到 settings.json start, progress: 13%
2026-7-6 10:36:49-debug: // ---- build task 整理部分构建选项内数据到 settings.json ---- (4ms)
2026-7-6 10:36:49-log: run build task 整理部分构建选项内数据到 settings.json success in 4 ms√, progress: 15%
2026-7-6 10:36:49-debug: [Build Memory track]: 整理部分构建选项内数据到 settings.json start:246.84MB, end 246.92MB, increase: 77.43KB
2026-7-6 10:37:25-debug: %cImport%c: D:\工程项目\PlayableAD\Cocos\TheW\20260615_HYQ\HYQ_Project\assets\Scene\Game_3D-002.scenebackground: #aaff85; color: #000;color: #000;
2026-7-6 10:37:25-debug: asset-db:reimport-assetb5805d3a-3b80-4a12-adf5-588e63a7d886 (43ms)
2026-7-6 10:37:26-debug: Query all assets info in project
2026-7-6 10:37:26-debug: init custom config: keepNodeUuid: false, useCache: true
2026-7-6 10:37:26-debug: Skip compress image, progress: 0%
2026-7-6 10:37:26-debug: Init all bundles start..., progress: 0%
2026-7-6 10:37:26-debug: Num of bundles: 3..., progress: 0%
2026-7-6 10:37:26-debug: 查询 Asset Bundle start, progress: 0%
2026-7-6 10:37:26-debug: // ---- build task 查询 Asset Bundle ----
2026-7-6 10:37:26-debug: Init bundle root assets start..., progress: 0%
2026-7-6 10:37:26-debug: Query preload assets/scripts from cc.config.json: 60f7195c-ec2a-45eb-ba94-8955f60e81d0,1c02ae6f-4492-4915-b8f8-7492a3b1e4cd,810e96e4-e456-4468-9b59-f4e8f39732c0,efe8e2a3-eace-427b-b4f1-cb8a937ec77d,e9aa9a3e-5b2b-4ac7-a2c7-073de2b2b24f,8bbdbcdd-5cd4-4100-b6d5-b7c9625b6107,50f4348b-c883-4e2f-8f11-ce233b859fa1,fda095cb-831d-4601-ad94-846013963de8,f92806d7-1768-443f-afe8-12bcde84d0f0,dd3a144d-ab7f-41f0-82b8-2e43a090d496,f0416e68-0200-4b77-a926-4f9d16e494da,511d2633-09a7-4bdd-ac42-f778032124b3,5d45aa00-e064-4938-b314-4265f0c2258c,9361fd90-ba52-4f84-aa93-6e878fd576ca,970b0598-bcb0-4714-91fb-2e81440dccd8,bcd64cc6-2dd9-43f6-abbe-66318d332032,d930590d-bb92-4cc8-8bd1-23cd027f9edf,a3cd009f-0ab0-420d-9278-b9fdab939bbc,6a2d0734-bd9e-4ddf-946e-caa52498cb75,d1346436-ac96-4271-b863-1f4fdead95b0,971bdb23-3ff6-43eb-b422-1c30165a3663,17debcc3-0a6b-4b8a-b00b-dc58b885581e,711ebe11-f673-4cd9-9a83-63c60ba54c5b,c0143906-9aed-447e-9436-2ae8512d1b6e,14da1725-c4c2-42b4-ab08-ee0aeb6898b3,081cab31-dccd-428e-8652-f2404cc81c47,78e0584a-4343-4727-8f37-e14e65c2a2db,ba21476f-2866-4f81-9c4d-6e359316e448,871c3b6c-7379-419d-bda3-794b239ab90d,ff9b0199-ce04-4cfe-86cc-6c719f08d6e4,de1c2107-70c8-4021-8459-6399f24d01c6,cbf30902-517f-40dc-af90-a550bac27cf1,5c601d96-e4c7-4698-991b-7ee674b11079
2026-7-6 10:37:26-debug:   Number of all scenes: 5
2026-7-6 10:37:26-debug:   Number of all scripts: 109
2026-7-6 10:37:26-debug: Init bundle root assets success..., progress: 0%
2026-7-6 10:37:26-debug: // ---- build task 查询 Asset Bundle ---- (15ms)
2026-7-6 10:37:26-log: run build task 查询 Asset Bundle success in 15 ms√, progress: 5%
2026-7-6 10:37:26-debug: [Build Memory track]: 查询 Asset Bundle start:247.83MB, end 247.80MB, increase: -28.48KB
2026-7-6 10:37:26-debug: 查询 Asset Bundle start, progress: 5%
2026-7-6 10:37:26-debug: // ---- build task 查询 Asset Bundle ----
2026-7-6 10:37:26-debug:   Number of other assets: 1158
2026-7-6 10:37:26-debug: // ---- build task 查询 Asset Bundle ---- (5ms)
2026-7-6 10:37:26-log: run build task 查询 Asset Bundle success in 5 ms√, progress: 10%
2026-7-6 10:37:26-debug: // ---- build task 整理部分构建选项内数据到 settings.json ----
2026-7-6 10:37:26-debug: 整理部分构建选项内数据到 settings.json start, progress: 10%
2026-7-6 10:37:26-debug: [Build Memory track]: 查询 Asset Bundle start:247.84MB, end 248.08MB, increase: 241.92KB
2026-7-6 10:37:26-debug: // ---- build task 整理部分构建选项内数据到 settings.json ---- (1ms)
2026-7-6 10:37:26-log: run build task 整理部分构建选项内数据到 settings.json success in 1 ms√, progress: 12%
2026-7-6 10:37:26-debug: // ---- build task 填充脚本数据到 settings.json ----
2026-7-6 10:37:26-debug: 填充脚本数据到 settings.json start, progress: 12%
2026-7-6 10:37:26-debug: [Build Memory track]: 整理部分构建选项内数据到 settings.json start:248.12MB, end 248.17MB, increase: 51.16KB
2026-7-6 10:37:26-debug: // ---- build task 填充脚本数据到 settings.json ---- (2ms)
2026-7-6 10:37:26-log: run build task 填充脚本数据到 settings.json success in 2 ms√, progress: 13%
2026-7-6 10:37:26-debug: // ---- build task 整理部分构建选项内数据到 settings.json ----
2026-7-6 10:37:26-debug: [Build Memory track]: 填充脚本数据到 settings.json start:248.22MB, end 248.25MB, increase: 37.30KB
2026-7-6 10:37:26-debug: 整理部分构建选项内数据到 settings.json start, progress: 13%
2026-7-6 10:37:26-debug: // ---- build task 整理部分构建选项内数据到 settings.json ---- (4ms)
2026-7-6 10:37:26-log: run build task 整理部分构建选项内数据到 settings.json success in 4 ms√, progress: 15%
2026-7-6 10:37:26-debug: [Build Memory track]: 整理部分构建选项内数据到 settings.json start:248.30MB, end 248.37MB, increase: 75.54KB
2026-7-6 10:38:33-debug: refresh db internal success
2026-7-6 10:38:34-debug: refresh db assets success
2026-7-6 10:38:34-debug: refresh db super-packager success
2026-7-6 10:38:34-debug: Run asset db hook engine-extends:afterRefresh ...
2026-7-6 10:38:34-debug: Run asset db hook engine-extends:afterRefresh success!
2026-7-6 10:38:34-debug: asset-db:refresh-all-database (209ms)
2026-7-6 10:38:34-debug: asset-db:worker-effect-data-processing (1ms)
2026-7-6 10:38:34-debug: asset-db-hook-engine-extends-afterRefresh (1ms)
2026-7-6 10:38:56-debug: %cImport%c: D:\工程项目\PlayableAD\Cocos\TheW\20260615_HYQ\HYQ_Project\assets\Scene\Game_3D-002.scenebackground: #aaff85; color: #000;color: #000;
2026-7-6 10:38:56-debug: asset-db:reimport-assetb5805d3a-3b80-4a12-adf5-588e63a7d886 (29ms)
2026-7-6 10:38:57-debug: Query all assets info in project
2026-7-6 10:38:57-debug: init custom config: keepNodeUuid: false, useCache: true
2026-7-6 10:38:57-debug: Skip compress image, progress: 0%
2026-7-6 10:38:57-debug: Init all bundles start..., progress: 0%
2026-7-6 10:38:57-debug: // ---- build task 查询 Asset Bundle ----
2026-7-6 10:38:57-debug: Init bundle root assets start..., progress: 0%
2026-7-6 10:38:57-debug: Num of bundles: 3..., progress: 0%
2026-7-6 10:38:57-debug: 查询 Asset Bundle start, progress: 0%
2026-7-6 10:38:57-debug: Query preload assets/scripts from cc.config.json: 60f7195c-ec2a-45eb-ba94-8955f60e81d0,1c02ae6f-4492-4915-b8f8-7492a3b1e4cd,810e96e4-e456-4468-9b59-f4e8f39732c0,efe8e2a3-eace-427b-b4f1-cb8a937ec77d,e9aa9a3e-5b2b-4ac7-a2c7-073de2b2b24f,8bbdbcdd-5cd4-4100-b6d5-b7c9625b6107,50f4348b-c883-4e2f-8f11-ce233b859fa1,fda095cb-831d-4601-ad94-846013963de8,f92806d7-1768-443f-afe8-12bcde84d0f0,dd3a144d-ab7f-41f0-82b8-2e43a090d496,f0416e68-0200-4b77-a926-4f9d16e494da,511d2633-09a7-4bdd-ac42-f778032124b3,5d45aa00-e064-4938-b314-4265f0c2258c,9361fd90-ba52-4f84-aa93-6e878fd576ca,970b0598-bcb0-4714-91fb-2e81440dccd8,bcd64cc6-2dd9-43f6-abbe-66318d332032,d930590d-bb92-4cc8-8bd1-23cd027f9edf,a3cd009f-0ab0-420d-9278-b9fdab939bbc,6a2d0734-bd9e-4ddf-946e-caa52498cb75,d1346436-ac96-4271-b863-1f4fdead95b0,971bdb23-3ff6-43eb-b422-1c30165a3663,17debcc3-0a6b-4b8a-b00b-dc58b885581e,711ebe11-f673-4cd9-9a83-63c60ba54c5b,c0143906-9aed-447e-9436-2ae8512d1b6e,14da1725-c4c2-42b4-ab08-ee0aeb6898b3,081cab31-dccd-428e-8652-f2404cc81c47,78e0584a-4343-4727-8f37-e14e65c2a2db,ba21476f-2866-4f81-9c4d-6e359316e448,871c3b6c-7379-419d-bda3-794b239ab90d,ff9b0199-ce04-4cfe-86cc-6c719f08d6e4,de1c2107-70c8-4021-8459-6399f24d01c6,cbf30902-517f-40dc-af90-a550bac27cf1,5c601d96-e4c7-4698-991b-7ee674b11079
2026-7-6 10:38:57-debug:   Number of all scenes: 5
2026-7-6 10:38:57-debug:   Number of all scripts: 109
2026-7-6 10:38:57-debug: Init bundle root assets success..., progress: 0%
2026-7-6 10:38:57-debug:   Number of other assets: 1158
2026-7-6 10:38:57-debug: // ---- build task 查询 Asset Bundle ---- (13ms)
2026-7-6 10:38:57-log: run build task 查询 Asset Bundle success in 13 ms√, progress: 5%
2026-7-6 10:38:57-debug: // ---- build task 查询 Asset Bundle ----
2026-7-6 10:38:57-debug: 查询 Asset Bundle start, progress: 5%
2026-7-6 10:38:57-debug: [Build Memory track]: 查询 Asset Bundle start:251.89MB, end 251.88MB, increase: -18.82KB
2026-7-6 10:38:57-log: run build task 查询 Asset Bundle success in 4 ms√, progress: 10%
2026-7-6 10:38:57-debug: [Build Memory track]: 查询 Asset Bundle start:251.92MB, end 252.15MB, increase: 237.45KB
2026-7-6 10:38:57-debug: 整理部分构建选项内数据到 settings.json start, progress: 10%
2026-7-6 10:38:57-debug: // ---- build task 查询 Asset Bundle ---- (4ms)
2026-7-6 10:38:57-debug: // ---- build task 整理部分构建选项内数据到 settings.json ----
2026-7-6 10:38:57-debug: // ---- build task 整理部分构建选项内数据到 settings.json ---- (2ms)
2026-7-6 10:38:57-log: run build task 整理部分构建选项内数据到 settings.json success in 2 ms√, progress: 12%
2026-7-6 10:38:57-debug: // ---- build task 填充脚本数据到 settings.json ----
2026-7-6 10:38:57-debug: [Build Memory track]: 整理部分构建选项内数据到 settings.json start:252.20MB, end 252.24MB, increase: 45.16KB
2026-7-6 10:38:57-debug: 填充脚本数据到 settings.json start, progress: 12%
2026-7-6 10:38:57-debug: // ---- build task 填充脚本数据到 settings.json ---- (2ms)
2026-7-6 10:38:57-debug: [Build Memory track]: 填充脚本数据到 settings.json start:252.29MB, end 252.32MB, increase: 35.85KB
2026-7-6 10:38:57-debug: 整理部分构建选项内数据到 settings.json start, progress: 13%
2026-7-6 10:38:57-log: run build task 填充脚本数据到 settings.json success in 2 ms√, progress: 13%
2026-7-6 10:38:57-debug: // ---- build task 整理部分构建选项内数据到 settings.json ----
2026-7-6 10:38:57-debug: // ---- build task 整理部分构建选项内数据到 settings.json ---- (5ms)
2026-7-6 10:38:57-log: run build task 整理部分构建选项内数据到 settings.json success in 5 ms√, progress: 15%
2026-7-6 10:38:57-debug: [Build Memory track]: 整理部分构建选项内数据到 settings.json start:252.37MB, end 252.44MB, increase: 72.22KB
2026-7-6 10:45:38-debug: refresh db internal success
2026-7-6 10:45:38-debug: %cImport%c: D:\工程项目\PlayableAD\Cocos\TheW\20260615_HYQ\HYQ_Project\assets\Script\functionS\Other\PropLalianGate.tsbackground: #aaff85; color: #000;color: #000;
2026-7-6 10:45:38-debug: refresh db assets success
2026-7-6 10:45:38-debug: refresh db super-packager success
2026-7-6 10:45:38-debug: Run asset db hook engine-extends:afterRefresh success!
2026-7-6 10:45:38-debug: Run asset db hook engine-extends:afterRefresh ...
2026-7-6 10:45:38-debug: asset-db:refresh-all-database (175ms)
2026-7-6 10:45:38-debug: asset-db:worker-effect-data-processing (2ms)
2026-7-6 10:45:38-debug: asset-db-hook-engine-extends-afterRefresh (2ms)
2026-7-6 10:45:40-debug: Query all assets info in project
2026-7-6 10:45:40-debug: init custom config: keepNodeUuid: false, useCache: true
2026-7-6 10:45:40-debug: Skip compress image, progress: 0%
2026-7-6 10:45:40-debug: Init all bundles start..., progress: 0%
2026-7-6 10:45:40-debug: // ---- build task 查询 Asset Bundle ----
2026-7-6 10:45:40-debug: Init bundle root assets start..., progress: 0%
2026-7-6 10:45:40-debug: Num of bundles: 3..., progress: 0%
2026-7-6 10:45:40-debug: 查询 Asset Bundle start, progress: 0%
2026-7-6 10:45:40-debug:   Number of all scenes: 5
2026-7-6 10:45:40-debug:   Number of all scripts: 109
2026-7-6 10:45:40-debug: Query preload assets/scripts from cc.config.json: 60f7195c-ec2a-45eb-ba94-8955f60e81d0,1c02ae6f-4492-4915-b8f8-7492a3b1e4cd,810e96e4-e456-4468-9b59-f4e8f39732c0,efe8e2a3-eace-427b-b4f1-cb8a937ec77d,e9aa9a3e-5b2b-4ac7-a2c7-073de2b2b24f,8bbdbcdd-5cd4-4100-b6d5-b7c9625b6107,50f4348b-c883-4e2f-8f11-ce233b859fa1,fda095cb-831d-4601-ad94-846013963de8,f92806d7-1768-443f-afe8-12bcde84d0f0,dd3a144d-ab7f-41f0-82b8-2e43a090d496,f0416e68-0200-4b77-a926-4f9d16e494da,511d2633-09a7-4bdd-ac42-f778032124b3,5d45aa00-e064-4938-b314-4265f0c2258c,9361fd90-ba52-4f84-aa93-6e878fd576ca,970b0598-bcb0-4714-91fb-2e81440dccd8,bcd64cc6-2dd9-43f6-abbe-66318d332032,d930590d-bb92-4cc8-8bd1-23cd027f9edf,a3cd009f-0ab0-420d-9278-b9fdab939bbc,6a2d0734-bd9e-4ddf-946e-caa52498cb75,d1346436-ac96-4271-b863-1f4fdead95b0,971bdb23-3ff6-43eb-b422-1c30165a3663,17debcc3-0a6b-4b8a-b00b-dc58b885581e,711ebe11-f673-4cd9-9a83-63c60ba54c5b,c0143906-9aed-447e-9436-2ae8512d1b6e,14da1725-c4c2-42b4-ab08-ee0aeb6898b3,081cab31-dccd-428e-8652-f2404cc81c47,78e0584a-4343-4727-8f37-e14e65c2a2db,ba21476f-2866-4f81-9c4d-6e359316e448,871c3b6c-7379-419d-bda3-794b239ab90d,ff9b0199-ce04-4cfe-86cc-6c719f08d6e4,de1c2107-70c8-4021-8459-6399f24d01c6,cbf30902-517f-40dc-af90-a550bac27cf1,5c601d96-e4c7-4698-991b-7ee674b11079
2026-7-6 10:45:40-debug: Init bundle root assets success..., progress: 0%
2026-7-6 10:45:40-debug:   Number of other assets: 1158
2026-7-6 10:45:40-debug: // ---- build task 查询 Asset Bundle ---- (9ms)
2026-7-6 10:45:40-log: run build task 查询 Asset Bundle success in 9 ms√, progress: 5%
2026-7-6 10:45:40-debug: // ---- build task 查询 Asset Bundle ----
2026-7-6 10:45:40-debug: [Build Memory track]: 查询 Asset Bundle start:255.80MB, end 257.43MB, increase: 1.63MB
2026-7-6 10:45:40-debug: 查询 Asset Bundle start, progress: 5%
2026-7-6 10:45:40-debug: // ---- build task 查询 Asset Bundle ---- (5ms)
2026-7-6 10:45:40-log: run build task 查询 Asset Bundle success in 5 ms√, progress: 10%
2026-7-6 10:45:40-debug: // ---- build task 整理部分构建选项内数据到 settings.json ----
2026-7-6 10:45:40-debug: [Build Memory track]: 查询 Asset Bundle start:257.48MB, end 257.73MB, increase: 255.39KB
2026-7-6 10:45:40-debug: 整理部分构建选项内数据到 settings.json start, progress: 10%
2026-7-6 10:45:40-debug: // ---- build task 整理部分构建选项内数据到 settings.json ---- (1ms)
2026-7-6 10:45:40-log: run build task 整理部分构建选项内数据到 settings.json success in 1 ms√, progress: 12%
2026-7-6 10:45:40-debug: 填充脚本数据到 settings.json start, progress: 12%
2026-7-6 10:45:40-debug: [Build Memory track]: 整理部分构建选项内数据到 settings.json start:257.77MB, end 257.81MB, increase: 37.13KB
2026-7-6 10:45:40-debug: // ---- build task 填充脚本数据到 settings.json ----
2026-7-6 10:45:40-debug: // ---- build task 填充脚本数据到 settings.json ---- (2ms)
2026-7-6 10:45:40-log: run build task 填充脚本数据到 settings.json success in 2 ms√, progress: 13%
2026-7-6 10:45:40-debug: // ---- build task 整理部分构建选项内数据到 settings.json ----
2026-7-6 10:45:40-debug: [Build Memory track]: 填充脚本数据到 settings.json start:257.86MB, end 257.91MB, increase: 51.47KB
2026-7-6 10:45:40-debug: 整理部分构建选项内数据到 settings.json start, progress: 13%
2026-7-6 10:45:40-debug: // ---- build task 整理部分构建选项内数据到 settings.json ---- (7ms)
2026-7-6 10:45:40-log: run build task 整理部分构建选项内数据到 settings.json success in 7 ms√, progress: 15%
2026-7-6 10:45:40-debug: [Build Memory track]: 整理部分构建选项内数据到 settings.json start:257.95MB, end 258.03MB, increase: 78.92KB
2026-7-6 10:46:31-debug: refresh db internal success
2026-7-6 10:46:31-debug: refresh db assets success
2026-7-6 10:46:31-debug: refresh db super-packager success
2026-7-6 10:46:31-debug: Run asset db hook engine-extends:afterRefresh ...
2026-7-6 10:46:31-debug: Run asset db hook engine-extends:afterRefresh success!
2026-7-6 10:46:31-debug: asset-db:refresh-all-database (211ms)
2026-7-6 10:46:31-debug: asset-db:worker-effect-data-processing (3ms)
2026-7-6 10:46:31-debug: asset-db-hook-engine-extends-afterRefresh (3ms)
2026-7-6 10:46:34-debug: %cImport%c: D:\工程项目\PlayableAD\Cocos\TheW\20260615_HYQ\HYQ_Project\assets\Scene\Game_3D-002.scenebackground: #aaff85; color: #000;color: #000;
2026-7-6 10:46:35-debug: asset-db:reimport-assetb5805d3a-3b80-4a12-adf5-588e63a7d886 (31ms)
2026-7-6 10:46:35-debug: Query all assets info in project
2026-7-6 10:46:35-debug: init custom config: keepNodeUuid: false, useCache: true
2026-7-6 10:46:35-debug: Skip compress image, progress: 0%
2026-7-6 10:46:35-debug: Init all bundles start..., progress: 0%
2026-7-6 10:46:35-debug: // ---- build task 查询 Asset Bundle ----
2026-7-6 10:46:35-debug: Init bundle root assets start..., progress: 0%
2026-7-6 10:46:35-debug: Num of bundles: 3..., progress: 0%
2026-7-6 10:46:35-debug: 查询 Asset Bundle start, progress: 0%
2026-7-6 10:46:35-debug: Query preload assets/scripts from cc.config.json: 60f7195c-ec2a-45eb-ba94-8955f60e81d0,1c02ae6f-4492-4915-b8f8-7492a3b1e4cd,810e96e4-e456-4468-9b59-f4e8f39732c0,efe8e2a3-eace-427b-b4f1-cb8a937ec77d,e9aa9a3e-5b2b-4ac7-a2c7-073de2b2b24f,8bbdbcdd-5cd4-4100-b6d5-b7c9625b6107,50f4348b-c883-4e2f-8f11-ce233b859fa1,fda095cb-831d-4601-ad94-846013963de8,f92806d7-1768-443f-afe8-12bcde84d0f0,dd3a144d-ab7f-41f0-82b8-2e43a090d496,f0416e68-0200-4b77-a926-4f9d16e494da,511d2633-09a7-4bdd-ac42-f778032124b3,5d45aa00-e064-4938-b314-4265f0c2258c,9361fd90-ba52-4f84-aa93-6e878fd576ca,970b0598-bcb0-4714-91fb-2e81440dccd8,bcd64cc6-2dd9-43f6-abbe-66318d332032,d930590d-bb92-4cc8-8bd1-23cd027f9edf,a3cd009f-0ab0-420d-9278-b9fdab939bbc,6a2d0734-bd9e-4ddf-946e-caa52498cb75,d1346436-ac96-4271-b863-1f4fdead95b0,971bdb23-3ff6-43eb-b422-1c30165a3663,17debcc3-0a6b-4b8a-b00b-dc58b885581e,711ebe11-f673-4cd9-9a83-63c60ba54c5b,c0143906-9aed-447e-9436-2ae8512d1b6e,14da1725-c4c2-42b4-ab08-ee0aeb6898b3,081cab31-dccd-428e-8652-f2404cc81c47,78e0584a-4343-4727-8f37-e14e65c2a2db,ba21476f-2866-4f81-9c4d-6e359316e448,871c3b6c-7379-419d-bda3-794b239ab90d,ff9b0199-ce04-4cfe-86cc-6c719f08d6e4,de1c2107-70c8-4021-8459-6399f24d01c6,cbf30902-517f-40dc-af90-a550bac27cf1,5c601d96-e4c7-4698-991b-7ee674b11079
2026-7-6 10:46:35-debug:   Number of all scenes: 5
2026-7-6 10:46:35-debug:   Number of other assets: 1158
2026-7-6 10:46:35-debug: Init bundle root assets success..., progress: 0%
2026-7-6 10:46:35-debug:   Number of all scripts: 109
2026-7-6 10:46:35-debug: // ---- build task 查询 Asset Bundle ---- (11ms)
2026-7-6 10:46:35-log: run build task 查询 Asset Bundle success in 11 ms√, progress: 5%
2026-7-6 10:46:35-debug: // ---- build task 查询 Asset Bundle ----
2026-7-6 10:46:35-debug: [Build Memory track]: 查询 Asset Bundle start:260.21MB, end 261.77MB, increase: 1.56MB
2026-7-6 10:46:35-debug: 查询 Asset Bundle start, progress: 5%
2026-7-6 10:46:35-debug: // ---- build task 查询 Asset Bundle ---- (3ms)
2026-7-6 10:46:35-log: run build task 查询 Asset Bundle success in 3 ms√, progress: 10%
2026-7-6 10:46:35-debug: // ---- build task 整理部分构建选项内数据到 settings.json ----
2026-7-6 10:46:35-debug: [Build Memory track]: 查询 Asset Bundle start:261.81MB, end 262.03MB, increase: 231.27KB
2026-7-6 10:46:35-debug: 整理部分构建选项内数据到 settings.json start, progress: 10%
2026-7-6 10:46:35-debug: // ---- build task 整理部分构建选项内数据到 settings.json ---- (3ms)
2026-7-6 10:46:35-log: run build task 整理部分构建选项内数据到 settings.json success in 3 ms√, progress: 12%
2026-7-6 10:46:35-debug: 填充脚本数据到 settings.json start, progress: 12%
2026-7-6 10:46:35-debug: // ---- build task 填充脚本数据到 settings.json ----
2026-7-6 10:46:35-debug: [Build Memory track]: 整理部分构建选项内数据到 settings.json start:262.07MB, end 262.10MB, increase: 29.62KB
2026-7-6 10:46:35-debug: // ---- build task 填充脚本数据到 settings.json ---- (2ms)
2026-7-6 10:46:35-log: run build task 填充脚本数据到 settings.json success in 2 ms√, progress: 13%
2026-7-6 10:46:35-debug: // ---- build task 整理部分构建选项内数据到 settings.json ----
2026-7-6 10:46:35-debug: [Build Memory track]: 填充脚本数据到 settings.json start:262.13MB, end 262.16MB, increase: 30.01KB
2026-7-6 10:46:35-debug: 整理部分构建选项内数据到 settings.json start, progress: 13%
2026-7-6 10:46:35-debug: // ---- build task 整理部分构建选项内数据到 settings.json ---- (4ms)
2026-7-6 10:46:35-log: run build task 整理部分构建选项内数据到 settings.json success in 4 ms√, progress: 15%
2026-7-6 10:46:35-debug: [Build Memory track]: 整理部分构建选项内数据到 settings.json start:262.20MB, end 262.27MB, increase: 71.02KB
2026-7-6 10:54:12-debug: refresh db internal success
2026-7-6 10:54:12-debug: %cImport%c: D:\工程项目\PlayableAD\Cocos\TheW\20260615_HYQ\HYQ_Project\assets\Script\functionS\Other\PropLalianGate.tsbackground: #aaff85; color: #000;color: #000;
2026-7-6 10:54:12-debug: refresh db assets success
2026-7-6 10:54:12-debug: refresh db super-packager success
2026-7-6 10:54:12-debug: Run asset db hook engine-extends:afterRefresh ...
2026-7-6 10:54:12-debug: Run asset db hook engine-extends:afterRefresh success!
2026-7-6 10:54:12-debug: asset-db:refresh-all-database (182ms)
2026-7-6 10:54:12-debug: asset-db:worker-effect-data-processing (7ms)
2026-7-6 10:54:12-debug: asset-db-hook-engine-extends-afterRefresh (7ms)
2026-7-6 10:54:14-debug: Query all assets info in project
2026-7-6 10:54:14-debug: Skip compress image, progress: 0%
2026-7-6 10:54:14-debug: init custom config: keepNodeUuid: false, useCache: true
2026-7-6 10:54:14-debug: Init all bundles start..., progress: 0%
2026-7-6 10:54:14-debug: 查询 Asset Bundle start, progress: 0%
2026-7-6 10:54:14-debug: // ---- build task 查询 Asset Bundle ----
2026-7-6 10:54:14-debug: Init bundle root assets start..., progress: 0%
2026-7-6 10:54:14-debug: Num of bundles: 3..., progress: 0%
2026-7-6 10:54:14-debug: Query preload assets/scripts from cc.config.json: 60f7195c-ec2a-45eb-ba94-8955f60e81d0,1c02ae6f-4492-4915-b8f8-7492a3b1e4cd,810e96e4-e456-4468-9b59-f4e8f39732c0,efe8e2a3-eace-427b-b4f1-cb8a937ec77d,e9aa9a3e-5b2b-4ac7-a2c7-073de2b2b24f,8bbdbcdd-5cd4-4100-b6d5-b7c9625b6107,50f4348b-c883-4e2f-8f11-ce233b859fa1,fda095cb-831d-4601-ad94-846013963de8,f92806d7-1768-443f-afe8-12bcde84d0f0,dd3a144d-ab7f-41f0-82b8-2e43a090d496,f0416e68-0200-4b77-a926-4f9d16e494da,511d2633-09a7-4bdd-ac42-f778032124b3,5d45aa00-e064-4938-b314-4265f0c2258c,9361fd90-ba52-4f84-aa93-6e878fd576ca,970b0598-bcb0-4714-91fb-2e81440dccd8,bcd64cc6-2dd9-43f6-abbe-66318d332032,d930590d-bb92-4cc8-8bd1-23cd027f9edf,a3cd009f-0ab0-420d-9278-b9fdab939bbc,6a2d0734-bd9e-4ddf-946e-caa52498cb75,d1346436-ac96-4271-b863-1f4fdead95b0,971bdb23-3ff6-43eb-b422-1c30165a3663,17debcc3-0a6b-4b8a-b00b-dc58b885581e,711ebe11-f673-4cd9-9a83-63c60ba54c5b,c0143906-9aed-447e-9436-2ae8512d1b6e,14da1725-c4c2-42b4-ab08-ee0aeb6898b3,081cab31-dccd-428e-8652-f2404cc81c47,78e0584a-4343-4727-8f37-e14e65c2a2db,ba21476f-2866-4f81-9c4d-6e359316e448,871c3b6c-7379-419d-bda3-794b239ab90d,ff9b0199-ce04-4cfe-86cc-6c719f08d6e4,de1c2107-70c8-4021-8459-6399f24d01c6,cbf30902-517f-40dc-af90-a550bac27cf1,5c601d96-e4c7-4698-991b-7ee674b11079
2026-7-6 10:54:14-debug:   Number of all scripts: 109
2026-7-6 10:54:14-debug:   Number of all scenes: 5
2026-7-6 10:54:14-debug: Init bundle root assets success..., progress: 0%
2026-7-6 10:54:14-debug:   Number of other assets: 1158
2026-7-6 10:54:14-debug: // ---- build task 查询 Asset Bundle ---- (11ms)
2026-7-6 10:54:14-debug: [Build Memory track]: 查询 Asset Bundle start:264.70MB, end 261.25MB, increase: -3531.43KB
2026-7-6 10:54:14-debug: 查询 Asset Bundle start, progress: 5%
2026-7-6 10:54:14-log: run build task 查询 Asset Bundle success in 11 ms√, progress: 5%
2026-7-6 10:54:14-debug: // ---- build task 查询 Asset Bundle ----
2026-7-6 10:54:14-debug: // ---- build task 查询 Asset Bundle ---- (11ms)
2026-7-6 10:54:14-log: run build task 查询 Asset Bundle success in 11 ms√, progress: 10%
2026-7-6 10:54:14-debug: 整理部分构建选项内数据到 settings.json start, progress: 10%
2026-7-6 10:54:14-debug: [Build Memory track]: 查询 Asset Bundle start:261.29MB, end 261.52MB, increase: 235.14KB
2026-7-6 10:54:14-debug: // ---- build task 整理部分构建选项内数据到 settings.json ----
2026-7-6 10:54:14-debug: // ---- build task 整理部分构建选项内数据到 settings.json ---- (1ms)
2026-7-6 10:54:14-log: run build task 整理部分构建选项内数据到 settings.json success in 1 ms√, progress: 12%
2026-7-6 10:54:14-debug: 填充脚本数据到 settings.json start, progress: 12%
2026-7-6 10:54:14-debug: [Build Memory track]: 整理部分构建选项内数据到 settings.json start:261.55MB, end 261.58MB, increase: 34.00KB
2026-7-6 10:54:14-debug: // ---- build task 填充脚本数据到 settings.json ----
2026-7-6 10:54:14-debug: // ---- build task 填充脚本数据到 settings.json ---- (2ms)
2026-7-6 10:54:14-log: run build task 填充脚本数据到 settings.json success in 2 ms√, progress: 13%
2026-7-6 10:54:14-debug: 整理部分构建选项内数据到 settings.json start, progress: 13%
2026-7-6 10:54:14-debug: [Build Memory track]: 填充脚本数据到 settings.json start:261.62MB, end 261.65MB, increase: 29.98KB
2026-7-6 10:54:14-debug: // ---- build task 整理部分构建选项内数据到 settings.json ----
2026-7-6 10:54:14-debug: // ---- build task 整理部分构建选项内数据到 settings.json ---- (9ms)
2026-7-6 10:54:14-log: run build task 整理部分构建选项内数据到 settings.json success in 9 ms√, progress: 15%
2026-7-6 10:54:14-debug: [Build Memory track]: 整理部分构建选项内数据到 settings.json start:261.68MB, end 261.75MB, increase: 65.41KB
2026-7-6 10:54:57-debug: refresh db internal success
2026-7-6 10:54:57-debug: refresh db assets success
2026-7-6 10:54:57-debug: refresh db super-packager success
2026-7-6 10:54:57-debug: Run asset db hook engine-extends:afterRefresh ...
2026-7-6 10:54:57-debug: Run asset db hook engine-extends:afterRefresh success!
2026-7-6 10:54:57-debug: asset-db:refresh-all-database (252ms)
2026-7-6 10:54:57-debug: asset-db:worker-effect-data-processing (3ms)
2026-7-6 10:54:57-debug: asset-db-hook-engine-extends-afterRefresh (4ms)
2026-7-6 10:54:59-debug: %cImport%c: D:\工程项目\PlayableAD\Cocos\TheW\20260615_HYQ\HYQ_Project\assets\Scene\Game_3D-002.scenebackground: #aaff85; color: #000;color: #000;
2026-7-6 10:54:59-debug: asset-db:reimport-assetb5805d3a-3b80-4a12-adf5-588e63a7d886 (29ms)
2026-7-6 10:55:00-debug: Query all assets info in project
2026-7-6 10:55:00-debug: init custom config: keepNodeUuid: false, useCache: true
2026-7-6 10:55:00-debug: Skip compress image, progress: 0%
2026-7-6 10:55:00-debug: Init all bundles start..., progress: 0%
2026-7-6 10:55:00-debug: // ---- build task 查询 Asset Bundle ----
2026-7-6 10:55:00-debug: Init bundle root assets start..., progress: 0%
2026-7-6 10:55:00-debug: Num of bundles: 3..., progress: 0%
2026-7-6 10:55:00-debug: 查询 Asset Bundle start, progress: 0%
2026-7-6 10:55:00-debug: Query preload assets/scripts from cc.config.json: 60f7195c-ec2a-45eb-ba94-8955f60e81d0,1c02ae6f-4492-4915-b8f8-7492a3b1e4cd,810e96e4-e456-4468-9b59-f4e8f39732c0,efe8e2a3-eace-427b-b4f1-cb8a937ec77d,e9aa9a3e-5b2b-4ac7-a2c7-073de2b2b24f,8bbdbcdd-5cd4-4100-b6d5-b7c9625b6107,50f4348b-c883-4e2f-8f11-ce233b859fa1,fda095cb-831d-4601-ad94-846013963de8,f92806d7-1768-443f-afe8-12bcde84d0f0,dd3a144d-ab7f-41f0-82b8-2e43a090d496,f0416e68-0200-4b77-a926-4f9d16e494da,511d2633-09a7-4bdd-ac42-f778032124b3,5d45aa00-e064-4938-b314-4265f0c2258c,9361fd90-ba52-4f84-aa93-6e878fd576ca,970b0598-bcb0-4714-91fb-2e81440dccd8,bcd64cc6-2dd9-43f6-abbe-66318d332032,d930590d-bb92-4cc8-8bd1-23cd027f9edf,a3cd009f-0ab0-420d-9278-b9fdab939bbc,6a2d0734-bd9e-4ddf-946e-caa52498cb75,d1346436-ac96-4271-b863-1f4fdead95b0,971bdb23-3ff6-43eb-b422-1c30165a3663,17debcc3-0a6b-4b8a-b00b-dc58b885581e,711ebe11-f673-4cd9-9a83-63c60ba54c5b,c0143906-9aed-447e-9436-2ae8512d1b6e,14da1725-c4c2-42b4-ab08-ee0aeb6898b3,081cab31-dccd-428e-8652-f2404cc81c47,78e0584a-4343-4727-8f37-e14e65c2a2db,ba21476f-2866-4f81-9c4d-6e359316e448,871c3b6c-7379-419d-bda3-794b239ab90d,ff9b0199-ce04-4cfe-86cc-6c719f08d6e4,de1c2107-70c8-4021-8459-6399f24d01c6,cbf30902-517f-40dc-af90-a550bac27cf1,5c601d96-e4c7-4698-991b-7ee674b11079
2026-7-6 10:55:00-debug:   Number of all scenes: 5
2026-7-6 10:55:00-debug:   Number of other assets: 1158
2026-7-6 10:55:00-debug: Init bundle root assets success..., progress: 0%
2026-7-6 10:55:00-debug:   Number of all scripts: 109
2026-7-6 10:55:00-debug: // ---- build task 查询 Asset Bundle ---- (11ms)
2026-7-6 10:55:00-debug: [Build Memory track]: 查询 Asset Bundle start:246.44MB, end 243.94MB, increase: -2557.96KB
2026-7-6 10:55:00-log: run build task 查询 Asset Bundle success in 11 ms√, progress: 5%
2026-7-6 10:55:00-debug: 查询 Asset Bundle start, progress: 5%
2026-7-6 10:55:00-debug: // ---- build task 查询 Asset Bundle ----
2026-7-6 10:55:00-debug: // ---- build task 查询 Asset Bundle ---- (5ms)
2026-7-6 10:55:00-log: run build task 查询 Asset Bundle success in 5 ms√, progress: 10%
2026-7-6 10:55:00-debug: // ---- build task 整理部分构建选项内数据到 settings.json ----
2026-7-6 10:55:00-debug: [Build Memory track]: 查询 Asset Bundle start:243.97MB, end 244.20MB, increase: 235.25KB
2026-7-6 10:55:00-debug: 整理部分构建选项内数据到 settings.json start, progress: 10%
2026-7-6 10:55:00-debug: // ---- build task 整理部分构建选项内数据到 settings.json ---- (2ms)
2026-7-6 10:55:00-log: run build task 整理部分构建选项内数据到 settings.json success in 2 ms√, progress: 12%
2026-7-6 10:55:00-debug: // ---- build task 填充脚本数据到 settings.json ----
2026-7-6 10:55:00-debug: [Build Memory track]: 整理部分构建选项内数据到 settings.json start:244.24MB, end 244.27MB, increase: 29.50KB
2026-7-6 10:55:00-debug: 填充脚本数据到 settings.json start, progress: 12%
2026-7-6 10:55:00-debug: // ---- build task 填充脚本数据到 settings.json ---- (3ms)
2026-7-6 10:55:00-debug: [Build Memory track]: 填充脚本数据到 settings.json start:244.31MB, end 244.34MB, increase: 28.82KB
2026-7-6 10:55:00-debug: // ---- build task 整理部分构建选项内数据到 settings.json ----
2026-7-6 10:55:00-debug: 整理部分构建选项内数据到 settings.json start, progress: 13%
2026-7-6 10:55:00-log: run build task 填充脚本数据到 settings.json success in 3 ms√, progress: 13%
2026-7-6 10:55:00-debug: // ---- build task 整理部分构建选项内数据到 settings.json ---- (5ms)
2026-7-6 10:55:00-log: run build task 整理部分构建选项内数据到 settings.json success in 5 ms√, progress: 15%
2026-7-6 10:55:00-debug: [Build Memory track]: 整理部分构建选项内数据到 settings.json start:244.38MB, end 244.45MB, increase: 70.18KB
2026-7-6 10:57:10-debug: refresh db internal success
2026-7-6 10:57:10-debug: refresh db assets success
2026-7-6 10:57:10-debug: refresh db super-packager success
2026-7-6 10:57:10-debug: Run asset db hook engine-extends:afterRefresh ...
2026-7-6 10:57:10-debug: Run asset db hook engine-extends:afterRefresh success!
2026-7-6 10:57:10-debug: asset-db:refresh-all-database (182ms)
2026-7-6 10:57:10-debug: asset-db:worker-effect-data-processing (2ms)
2026-7-6 10:57:10-debug: asset-db-hook-engine-extends-afterRefresh (3ms)
2026-7-6 11:03:13-debug: refresh db internal success
2026-7-6 11:03:13-debug: refresh db assets success
2026-7-6 11:03:13-debug: refresh db super-packager success
2026-7-6 11:03:13-debug: Run asset db hook engine-extends:afterRefresh ...
2026-7-6 11:03:13-debug: Run asset db hook engine-extends:afterRefresh success!
2026-7-6 11:03:13-debug: asset-db:refresh-all-database (241ms)
2026-7-6 11:03:13-debug: asset-db:worker-effect-data-processing (1ms)
2026-7-6 11:03:13-debug: asset-db-hook-engine-extends-afterRefresh (2ms)
2026-7-6 11:07:26-debug: refresh db internal success
2026-7-6 11:07:26-debug: %cImport%c: D:\工程项目\PlayableAD\Cocos\TheW\20260615_HYQ\HYQ_Project\assets\Script\functionS\Monster\MonsterBattleTaerget.tsbackground: #aaff85; color: #000;color: #000;
2026-7-6 11:07:27-debug: refresh db assets success
2026-7-6 11:07:27-debug: refresh db super-packager success
2026-7-6 11:07:27-debug: Run asset db hook engine-extends:afterRefresh ...
2026-7-6 11:07:27-debug: Run asset db hook engine-extends:afterRefresh success!
2026-7-6 11:07:27-debug: asset-db:refresh-all-database (224ms)
2026-7-6 11:07:27-debug: asset-db:worker-effect-data-processing (2ms)
2026-7-6 11:07:27-debug: asset-db-hook-engine-extends-afterRefresh (4ms)
2026-7-6 11:07:28-debug: Query all assets info in project
2026-7-6 11:07:28-debug: init custom config: keepNodeUuid: false, useCache: true
2026-7-6 11:07:28-debug: Skip compress image, progress: 0%
2026-7-6 11:07:28-debug: Init all bundles start..., progress: 0%
2026-7-6 11:07:28-debug: // ---- build task 查询 Asset Bundle ----
2026-7-6 11:07:28-debug: Init bundle root assets start..., progress: 0%
2026-7-6 11:07:28-debug: 查询 Asset Bundle start, progress: 0%
2026-7-6 11:07:28-debug: Num of bundles: 3..., progress: 0%
2026-7-6 11:07:28-debug:   Number of all scenes: 5
2026-7-6 11:07:28-debug:   Number of all scripts: 109
2026-7-6 11:07:28-debug: Query preload assets/scripts from cc.config.json: 60f7195c-ec2a-45eb-ba94-8955f60e81d0,1c02ae6f-4492-4915-b8f8-7492a3b1e4cd,810e96e4-e456-4468-9b59-f4e8f39732c0,efe8e2a3-eace-427b-b4f1-cb8a937ec77d,e9aa9a3e-5b2b-4ac7-a2c7-073de2b2b24f,8bbdbcdd-5cd4-4100-b6d5-b7c9625b6107,50f4348b-c883-4e2f-8f11-ce233b859fa1,fda095cb-831d-4601-ad94-846013963de8,f92806d7-1768-443f-afe8-12bcde84d0f0,dd3a144d-ab7f-41f0-82b8-2e43a090d496,f0416e68-0200-4b77-a926-4f9d16e494da,511d2633-09a7-4bdd-ac42-f778032124b3,5d45aa00-e064-4938-b314-4265f0c2258c,9361fd90-ba52-4f84-aa93-6e878fd576ca,970b0598-bcb0-4714-91fb-2e81440dccd8,bcd64cc6-2dd9-43f6-abbe-66318d332032,d930590d-bb92-4cc8-8bd1-23cd027f9edf,a3cd009f-0ab0-420d-9278-b9fdab939bbc,6a2d0734-bd9e-4ddf-946e-caa52498cb75,d1346436-ac96-4271-b863-1f4fdead95b0,971bdb23-3ff6-43eb-b422-1c30165a3663,17debcc3-0a6b-4b8a-b00b-dc58b885581e,711ebe11-f673-4cd9-9a83-63c60ba54c5b,c0143906-9aed-447e-9436-2ae8512d1b6e,14da1725-c4c2-42b4-ab08-ee0aeb6898b3,081cab31-dccd-428e-8652-f2404cc81c47,78e0584a-4343-4727-8f37-e14e65c2a2db,ba21476f-2866-4f81-9c4d-6e359316e448,871c3b6c-7379-419d-bda3-794b239ab90d,ff9b0199-ce04-4cfe-86cc-6c719f08d6e4,de1c2107-70c8-4021-8459-6399f24d01c6,cbf30902-517f-40dc-af90-a550bac27cf1,5c601d96-e4c7-4698-991b-7ee674b11079
2026-7-6 11:07:28-debug: Init bundle root assets success..., progress: 0%
2026-7-6 11:07:28-debug:   Number of other assets: 1158
2026-7-6 11:07:29-debug: // ---- build task 查询 Asset Bundle ---- (14ms)
2026-7-6 11:07:29-debug: [Build Memory track]: 查询 Asset Bundle start:252.14MB, end 253.71MB, increase: 1.57MB
2026-7-6 11:07:29-log: run build task 查询 Asset Bundle success in 14 ms√, progress: 5%
2026-7-6 11:07:29-debug: 查询 Asset Bundle start, progress: 5%
2026-7-6 11:07:29-debug: // ---- build task 查询 Asset Bundle ----
2026-7-6 11:07:29-debug: // ---- build task 查询 Asset Bundle ---- (6ms)
2026-7-6 11:07:29-log: run build task 查询 Asset Bundle success in 6 ms√, progress: 10%
2026-7-6 11:07:29-debug: 整理部分构建选项内数据到 settings.json start, progress: 10%
2026-7-6 11:07:29-debug: [Build Memory track]: 查询 Asset Bundle start:253.74MB, end 254.01MB, increase: 275.36KB
2026-7-6 11:07:29-debug: // ---- build task 整理部分构建选项内数据到 settings.json ----
2026-7-6 11:07:29-debug: // ---- build task 整理部分构建选项内数据到 settings.json ---- (1ms)
2026-7-6 11:07:29-log: run build task 整理部分构建选项内数据到 settings.json success in 1 ms√, progress: 12%
2026-7-6 11:07:29-debug: // ---- build task 填充脚本数据到 settings.json ----
2026-7-6 11:07:29-debug: [Build Memory track]: 整理部分构建选项内数据到 settings.json start:254.04MB, end 254.07MB, increase: 29.46KB
2026-7-6 11:07:29-debug: 填充脚本数据到 settings.json start, progress: 12%
2026-7-6 11:07:29-debug: [Build Memory track]: 填充脚本数据到 settings.json start:254.11MB, end 254.13MB, increase: 18.92KB
2026-7-6 11:07:29-debug: // ---- build task 整理部分构建选项内数据到 settings.json ----
2026-7-6 11:07:29-debug: 整理部分构建选项内数据到 settings.json start, progress: 13%
2026-7-6 11:07:29-log: run build task 填充脚本数据到 settings.json success in √, progress: 13%
2026-7-6 11:07:29-debug: // ---- build task 整理部分构建选项内数据到 settings.json ---- (7ms)
2026-7-6 11:07:29-log: run build task 整理部分构建选项内数据到 settings.json success in 7 ms√, progress: 15%
2026-7-6 11:07:29-debug: [Build Memory track]: 整理部分构建选项内数据到 settings.json start:254.16MB, end 254.23MB, increase: 75.66KB
2026-7-6 11:07:29-debug: refresh db internal success
2026-7-6 11:07:29-debug: refresh db assets success
2026-7-6 11:07:29-debug: refresh db super-packager success
2026-7-6 11:07:29-debug: Run asset db hook engine-extends:afterRefresh ...
2026-7-6 11:07:29-debug: Run asset db hook engine-extends:afterRefresh success!
2026-7-6 11:07:29-debug: asset-db:refresh-all-database (228ms)
2026-7-6 11:07:29-debug: asset-db:worker-effect-data-processing (2ms)
2026-7-6 11:07:29-debug: asset-db-hook-engine-extends-afterRefresh (3ms)
2026-7-6 11:19:16-debug: refresh db internal success
2026-7-6 11:19:16-debug: %cImport%c: D:\工程项目\PlayableAD\Cocos\TheW\20260615_HYQ\HYQ_Project\assets\Script\functionS\Monster\MonsterBattleTaerget.tsbackground: #aaff85; color: #000;color: #000;
2026-7-6 11:19:16-debug: refresh db assets success
2026-7-6 11:19:16-debug: refresh db super-packager success
2026-7-6 11:19:16-debug: Run asset db hook engine-extends:afterRefresh ...
2026-7-6 11:19:16-debug: Run asset db hook engine-extends:afterRefresh success!
2026-7-6 11:19:16-debug: asset-db:refresh-all-database (218ms)
2026-7-6 11:19:16-debug: asset-db:worker-effect-data-processing (3ms)
2026-7-6 11:19:16-debug: asset-db-hook-engine-extends-afterRefresh (4ms)
2026-7-6 11:19:18-debug: Query all assets info in project
2026-7-6 11:19:18-debug: init custom config: keepNodeUuid: false, useCache: true
2026-7-6 11:19:18-debug: Skip compress image, progress: 0%
2026-7-6 11:19:18-debug: Num of bundles: 3..., progress: 0%
2026-7-6 11:19:18-debug: Init all bundles start..., progress: 0%
2026-7-6 11:19:18-debug: // ---- build task 查询 Asset Bundle ----
2026-7-6 11:19:18-debug: 查询 Asset Bundle start, progress: 0%
2026-7-6 11:19:18-debug: Init bundle root assets start..., progress: 0%
2026-7-6 11:19:18-debug: Query preload assets/scripts from cc.config.json: 60f7195c-ec2a-45eb-ba94-8955f60e81d0,1c02ae6f-4492-4915-b8f8-7492a3b1e4cd,810e96e4-e456-4468-9b59-f4e8f39732c0,efe8e2a3-eace-427b-b4f1-cb8a937ec77d,e9aa9a3e-5b2b-4ac7-a2c7-073de2b2b24f,8bbdbcdd-5cd4-4100-b6d5-b7c9625b6107,50f4348b-c883-4e2f-8f11-ce233b859fa1,fda095cb-831d-4601-ad94-846013963de8,f92806d7-1768-443f-afe8-12bcde84d0f0,dd3a144d-ab7f-41f0-82b8-2e43a090d496,f0416e68-0200-4b77-a926-4f9d16e494da,511d2633-09a7-4bdd-ac42-f778032124b3,5d45aa00-e064-4938-b314-4265f0c2258c,9361fd90-ba52-4f84-aa93-6e878fd576ca,970b0598-bcb0-4714-91fb-2e81440dccd8,bcd64cc6-2dd9-43f6-abbe-66318d332032,d930590d-bb92-4cc8-8bd1-23cd027f9edf,a3cd009f-0ab0-420d-9278-b9fdab939bbc,6a2d0734-bd9e-4ddf-946e-caa52498cb75,d1346436-ac96-4271-b863-1f4fdead95b0,971bdb23-3ff6-43eb-b422-1c30165a3663,17debcc3-0a6b-4b8a-b00b-dc58b885581e,711ebe11-f673-4cd9-9a83-63c60ba54c5b,c0143906-9aed-447e-9436-2ae8512d1b6e,14da1725-c4c2-42b4-ab08-ee0aeb6898b3,081cab31-dccd-428e-8652-f2404cc81c47,78e0584a-4343-4727-8f37-e14e65c2a2db,ba21476f-2866-4f81-9c4d-6e359316e448,871c3b6c-7379-419d-bda3-794b239ab90d,ff9b0199-ce04-4cfe-86cc-6c719f08d6e4,de1c2107-70c8-4021-8459-6399f24d01c6,cbf30902-517f-40dc-af90-a550bac27cf1,5c601d96-e4c7-4698-991b-7ee674b11079
2026-7-6 11:19:18-debug:   Number of all scenes: 5
2026-7-6 11:19:18-debug: Init bundle root assets success..., progress: 0%
2026-7-6 11:19:18-debug: // ---- build task 查询 Asset Bundle ---- (14ms)
2026-7-6 11:19:18-log: run build task 查询 Asset Bundle success in 14 ms√, progress: 5%
2026-7-6 11:19:18-debug: [Build Memory track]: 查询 Asset Bundle start:258.38MB, end 254.93MB, increase: -3536.41KB
2026-7-6 11:19:18-debug: 查询 Asset Bundle start, progress: 5%
2026-7-6 11:19:18-debug: // ---- build task 查询 Asset Bundle ----
2026-7-6 11:19:18-debug:   Number of other assets: 1158
2026-7-6 11:19:18-debug:   Number of all scripts: 109
2026-7-6 11:19:18-debug: // ---- build task 查询 Asset Bundle ---- (4ms)
2026-7-6 11:19:18-log: run build task 查询 Asset Bundle success in 4 ms√, progress: 10%
2026-7-6 11:19:18-debug: [Build Memory track]: 查询 Asset Bundle start:254.96MB, end 255.20MB, increase: 242.20KB
2026-7-6 11:19:18-debug: 整理部分构建选项内数据到 settings.json start, progress: 10%
2026-7-6 11:19:18-debug: // ---- build task 整理部分构建选项内数据到 settings.json ----
2026-7-6 11:19:18-debug: // ---- build task 整理部分构建选项内数据到 settings.json ---- (3ms)
2026-7-6 11:19:18-log: run build task 整理部分构建选项内数据到 settings.json success in 3 ms√, progress: 12%
2026-7-6 11:19:18-debug: // ---- build task 填充脚本数据到 settings.json ----
2026-7-6 11:19:18-debug: [Build Memory track]: 整理部分构建选项内数据到 settings.json start:255.24MB, end 255.27MB, increase: 29.41KB
2026-7-6 11:19:18-debug: 填充脚本数据到 settings.json start, progress: 12%
2026-7-6 11:19:18-debug: // ---- build task 填充脚本数据到 settings.json ---- (2ms)
2026-7-6 11:19:18-log: run build task 填充脚本数据到 settings.json success in 2 ms√, progress: 13%
2026-7-6 11:19:18-debug: [Build Memory track]: 填充脚本数据到 settings.json start:255.31MB, end 255.34MB, increase: 33.94KB
2026-7-6 11:19:18-debug: 整理部分构建选项内数据到 settings.json start, progress: 13%
2026-7-6 11:19:18-debug: // ---- build task 整理部分构建选项内数据到 settings.json ----
2026-7-6 11:19:18-debug: // ---- build task 整理部分构建选项内数据到 settings.json ---- (5ms)
2026-7-6 11:19:18-log: run build task 整理部分构建选项内数据到 settings.json success in 5 ms√, progress: 15%
2026-7-6 11:19:18-debug: [Build Memory track]: 整理部分构建选项内数据到 settings.json start:255.38MB, end 255.44MB, increase: 65.53KB
2026-7-6 11:28:41-debug: refresh db internal success
2026-7-6 11:28:41-debug: %cImport%c: D:\工程项目\PlayableAD\Cocos\TheW\20260615_HYQ\HYQ_Project\assets\Script\functionS\Monster\MonsterBattleTaerget.tsbackground: #aaff85; color: #000;color: #000;
2026-7-6 11:28:41-debug: refresh db assets success
2026-7-6 11:28:41-debug: refresh db super-packager success
2026-7-6 11:28:41-debug: Run asset db hook engine-extends:afterRefresh ...
2026-7-6 11:28:41-debug: Run asset db hook engine-extends:afterRefresh success!
2026-7-6 11:28:41-debug: asset-db:refresh-all-database (199ms)
2026-7-6 11:28:41-debug: asset-db:worker-effect-data-processing (3ms)
2026-7-6 11:28:41-debug: asset-db-hook-engine-extends-afterRefresh (3ms)
2026-7-6 11:28:42-debug: Query all assets info in project
2026-7-6 11:28:42-debug: init custom config: keepNodeUuid: false, useCache: true
2026-7-6 11:28:42-debug: Skip compress image, progress: 0%
2026-7-6 11:28:42-debug: 查询 Asset Bundle start, progress: 0%
2026-7-6 11:28:42-debug: // ---- build task 查询 Asset Bundle ----
2026-7-6 11:28:42-debug: Init bundle root assets start..., progress: 0%
2026-7-6 11:28:42-debug: Num of bundles: 3..., progress: 0%
2026-7-6 11:28:42-debug: Init all bundles start..., progress: 0%
2026-7-6 11:28:42-debug: Query preload assets/scripts from cc.config.json: 60f7195c-ec2a-45eb-ba94-8955f60e81d0,1c02ae6f-4492-4915-b8f8-7492a3b1e4cd,810e96e4-e456-4468-9b59-f4e8f39732c0,efe8e2a3-eace-427b-b4f1-cb8a937ec77d,e9aa9a3e-5b2b-4ac7-a2c7-073de2b2b24f,8bbdbcdd-5cd4-4100-b6d5-b7c9625b6107,50f4348b-c883-4e2f-8f11-ce233b859fa1,fda095cb-831d-4601-ad94-846013963de8,f92806d7-1768-443f-afe8-12bcde84d0f0,dd3a144d-ab7f-41f0-82b8-2e43a090d496,f0416e68-0200-4b77-a926-4f9d16e494da,511d2633-09a7-4bdd-ac42-f778032124b3,5d45aa00-e064-4938-b314-4265f0c2258c,9361fd90-ba52-4f84-aa93-6e878fd576ca,970b0598-bcb0-4714-91fb-2e81440dccd8,bcd64cc6-2dd9-43f6-abbe-66318d332032,d930590d-bb92-4cc8-8bd1-23cd027f9edf,a3cd009f-0ab0-420d-9278-b9fdab939bbc,6a2d0734-bd9e-4ddf-946e-caa52498cb75,d1346436-ac96-4271-b863-1f4fdead95b0,971bdb23-3ff6-43eb-b422-1c30165a3663,17debcc3-0a6b-4b8a-b00b-dc58b885581e,711ebe11-f673-4cd9-9a83-63c60ba54c5b,c0143906-9aed-447e-9436-2ae8512d1b6e,14da1725-c4c2-42b4-ab08-ee0aeb6898b3,081cab31-dccd-428e-8652-f2404cc81c47,78e0584a-4343-4727-8f37-e14e65c2a2db,ba21476f-2866-4f81-9c4d-6e359316e448,871c3b6c-7379-419d-bda3-794b239ab90d,ff9b0199-ce04-4cfe-86cc-6c719f08d6e4,de1c2107-70c8-4021-8459-6399f24d01c6,cbf30902-517f-40dc-af90-a550bac27cf1,5c601d96-e4c7-4698-991b-7ee674b11079
2026-7-6 11:28:43-debug:   Number of all scenes: 5
2026-7-6 11:28:43-debug:   Number of all scripts: 109
2026-7-6 11:28:43-debug:   Number of other assets: 1158
2026-7-6 11:28:43-debug: Init bundle root assets success..., progress: 0%
2026-7-6 11:28:43-debug: // ---- build task 查询 Asset Bundle ---- (22ms)
2026-7-6 11:28:43-debug: [Build Memory track]: 查询 Asset Bundle start:261.04MB, end 257.66MB, increase: -3457.91KB
2026-7-6 11:28:43-debug: // ---- build task 查询 Asset Bundle ----
2026-7-6 11:28:43-log: run build task 查询 Asset Bundle success in 22 ms√, progress: 5%
2026-7-6 11:28:43-debug: 查询 Asset Bundle start, progress: 5%
2026-7-6 11:28:43-debug: // ---- build task 查询 Asset Bundle ---- (7ms)
2026-7-6 11:28:43-log: run build task 查询 Asset Bundle success in 7 ms√, progress: 10%
2026-7-6 11:28:43-debug: [Build Memory track]: 查询 Asset Bundle start:257.70MB, end 257.93MB, increase: 233.88KB
2026-7-6 11:28:43-debug: 整理部分构建选项内数据到 settings.json start, progress: 10%
2026-7-6 11:28:43-debug: // ---- build task 整理部分构建选项内数据到 settings.json ----
2026-7-6 11:28:43-debug: // ---- build task 整理部分构建选项内数据到 settings.json ---- (3ms)
2026-7-6 11:28:43-log: run build task 整理部分构建选项内数据到 settings.json success in 3 ms√, progress: 12%
2026-7-6 11:28:43-debug: 填充脚本数据到 settings.json start, progress: 12%
2026-7-6 11:28:43-debug: [Build Memory track]: 整理部分构建选项内数据到 settings.json start:257.96MB, end 257.99MB, increase: 31.08KB
2026-7-6 11:28:43-debug: // ---- build task 填充脚本数据到 settings.json ----
2026-7-6 11:28:43-debug: // ---- build task 填充脚本数据到 settings.json ---- (16ms)
2026-7-6 11:28:43-log: run build task 填充脚本数据到 settings.json success in 16 ms√, progress: 13%
2026-7-6 11:28:43-debug: [Build Memory track]: 填充脚本数据到 settings.json start:258.03MB, end 258.05MB, increase: 29.03KB
2026-7-6 11:28:43-debug: // ---- build task 整理部分构建选项内数据到 settings.json ----
2026-7-6 11:28:43-debug: 整理部分构建选项内数据到 settings.json start, progress: 13%
2026-7-6 11:28:43-debug: // ---- build task 整理部分构建选项内数据到 settings.json ---- (6ms)
2026-7-6 11:28:43-log: run build task 整理部分构建选项内数据到 settings.json success in 6 ms√, progress: 15%
2026-7-6 11:28:43-debug: [Build Memory track]: 整理部分构建选项内数据到 settings.json start:258.09MB, end 258.16MB, increase: 73.47KB
2026-7-6 11:33:12-debug: refresh db internal success
2026-7-6 11:33:12-debug: %cImport%c: D:\工程项目\PlayableAD\Cocos\TheW\20260615_HYQ\HYQ_Project\assets\Script\functionS\Monster\MonsterBattleTaerget.tsbackground: #aaff85; color: #000;color: #000;
2026-7-6 11:33:12-debug: refresh db assets success
2026-7-6 11:33:12-debug: refresh db super-packager success
2026-7-6 11:33:12-debug: Run asset db hook engine-extends:afterRefresh ...
2026-7-6 11:33:12-debug: Run asset db hook engine-extends:afterRefresh success!
2026-7-6 11:33:12-debug: asset-db:refresh-all-database (173ms)
2026-7-6 11:33:12-debug: asset-db:worker-effect-data-processing (1ms)
2026-7-6 11:33:12-debug: asset-db-hook-engine-extends-afterRefresh (2ms)
2026-7-6 11:33:13-debug: Query all assets info in project
2026-7-6 11:33:13-debug: init custom config: keepNodeUuid: false, useCache: true
2026-7-6 11:33:13-debug: Skip compress image, progress: 0%
2026-7-6 11:33:13-debug: Init all bundles start..., progress: 0%
2026-7-6 11:33:13-debug: // ---- build task 查询 Asset Bundle ----
2026-7-6 11:33:13-debug: Init bundle root assets start..., progress: 0%
2026-7-6 11:33:13-debug: Num of bundles: 3..., progress: 0%
2026-7-6 11:33:13-debug: 查询 Asset Bundle start, progress: 0%
2026-7-6 11:33:13-debug:   Number of all scenes: 5
2026-7-6 11:33:13-debug:   Number of all scripts: 109
2026-7-6 11:33:13-debug: Query preload assets/scripts from cc.config.json: 60f7195c-ec2a-45eb-ba94-8955f60e81d0,1c02ae6f-4492-4915-b8f8-7492a3b1e4cd,810e96e4-e456-4468-9b59-f4e8f39732c0,efe8e2a3-eace-427b-b4f1-cb8a937ec77d,e9aa9a3e-5b2b-4ac7-a2c7-073de2b2b24f,8bbdbcdd-5cd4-4100-b6d5-b7c9625b6107,50f4348b-c883-4e2f-8f11-ce233b859fa1,fda095cb-831d-4601-ad94-846013963de8,f92806d7-1768-443f-afe8-12bcde84d0f0,dd3a144d-ab7f-41f0-82b8-2e43a090d496,f0416e68-0200-4b77-a926-4f9d16e494da,511d2633-09a7-4bdd-ac42-f778032124b3,5d45aa00-e064-4938-b314-4265f0c2258c,9361fd90-ba52-4f84-aa93-6e878fd576ca,970b0598-bcb0-4714-91fb-2e81440dccd8,bcd64cc6-2dd9-43f6-abbe-66318d332032,d930590d-bb92-4cc8-8bd1-23cd027f9edf,a3cd009f-0ab0-420d-9278-b9fdab939bbc,6a2d0734-bd9e-4ddf-946e-caa52498cb75,d1346436-ac96-4271-b863-1f4fdead95b0,971bdb23-3ff6-43eb-b422-1c30165a3663,17debcc3-0a6b-4b8a-b00b-dc58b885581e,711ebe11-f673-4cd9-9a83-63c60ba54c5b,c0143906-9aed-447e-9436-2ae8512d1b6e,14da1725-c4c2-42b4-ab08-ee0aeb6898b3,081cab31-dccd-428e-8652-f2404cc81c47,78e0584a-4343-4727-8f37-e14e65c2a2db,ba21476f-2866-4f81-9c4d-6e359316e448,871c3b6c-7379-419d-bda3-794b239ab90d,ff9b0199-ce04-4cfe-86cc-6c719f08d6e4,de1c2107-70c8-4021-8459-6399f24d01c6,cbf30902-517f-40dc-af90-a550bac27cf1,5c601d96-e4c7-4698-991b-7ee674b11079
2026-7-6 11:33:13-debug:   Number of other assets: 1158
2026-7-6 11:33:13-debug: Init bundle root assets success..., progress: 0%
2026-7-6 11:33:13-debug: [Build Memory track]: 查询 Asset Bundle start:263.52MB, end 260.12MB, increase: -3482.01KB
2026-7-6 11:33:13-log: run build task 查询 Asset Bundle success in 13 ms√, progress: 5%
2026-7-6 11:33:13-debug: // ---- build task 查询 Asset Bundle ----
2026-7-6 11:33:13-debug: // ---- build task 查询 Asset Bundle ---- (13ms)
2026-7-6 11:33:13-debug: 查询 Asset Bundle start, progress: 5%
2026-7-6 11:33:14-debug: // ---- build task 查询 Asset Bundle ---- (27ms)
2026-7-6 11:33:14-log: run build task 查询 Asset Bundle success in 27 ms√, progress: 10%
2026-7-6 11:33:14-debug: [Build Memory track]: 查询 Asset Bundle start:260.16MB, end 260.39MB, increase: 236.01KB
2026-7-6 11:33:14-debug: 整理部分构建选项内数据到 settings.json start, progress: 10%
2026-7-6 11:33:14-debug: // ---- build task 整理部分构建选项内数据到 settings.json ----
2026-7-6 11:33:14-debug: // ---- build task 整理部分构建选项内数据到 settings.json ---- (4ms)
2026-7-6 11:33:14-log: run build task 整理部分构建选项内数据到 settings.json success in 4 ms√, progress: 12%
2026-7-6 11:33:14-debug: [Build Memory track]: 整理部分构建选项内数据到 settings.json start:260.42MB, end 260.45MB, increase: 27.40KB
2026-7-6 11:33:14-debug: 填充脚本数据到 settings.json start, progress: 12%
2026-7-6 11:33:14-debug: // ---- build task 填充脚本数据到 settings.json ----
2026-7-6 11:33:14-debug: // ---- build task 填充脚本数据到 settings.json ---- (2ms)
2026-7-6 11:33:14-log: run build task 填充脚本数据到 settings.json success in 2 ms√, progress: 13%
2026-7-6 11:33:14-debug: [Build Memory track]: 填充脚本数据到 settings.json start:260.48MB, end 260.51MB, increase: 30.92KB
2026-7-6 11:33:14-debug: 整理部分构建选项内数据到 settings.json start, progress: 13%
2026-7-6 11:33:14-debug: // ---- build task 整理部分构建选项内数据到 settings.json ----
2026-7-6 11:33:14-debug: // ---- build task 整理部分构建选项内数据到 settings.json ---- (8ms)
2026-7-6 11:33:14-log: run build task 整理部分构建选项内数据到 settings.json success in 8 ms√, progress: 15%
2026-7-6 11:33:14-debug: [Build Memory track]: 整理部分构建选项内数据到 settings.json start:260.55MB, end 260.61MB, increase: 65.64KB
2026-7-6 11:34:12-debug: refresh db internal success
2026-7-6 11:34:13-debug: refresh db assets success
2026-7-6 11:34:13-debug: refresh db super-packager success
2026-7-6 11:34:13-debug: Run asset db hook engine-extends:afterRefresh ...
2026-7-6 11:34:13-debug: Run asset db hook engine-extends:afterRefresh success!
2026-7-6 11:34:13-debug: asset-db:refresh-all-database (174ms)
2026-7-6 11:34:13-debug: asset-db:worker-effect-data-processing (1ms)
2026-7-6 11:34:13-debug: asset-db-hook-engine-extends-afterRefresh (2ms)
2026-7-6 11:35:21-debug: refresh db internal success
2026-7-6 11:35:21-debug: refresh db assets success
2026-7-6 11:35:21-debug: refresh db super-packager success
2026-7-6 11:35:21-debug: Run asset db hook engine-extends:afterRefresh ...
2026-7-6 11:35:21-debug: Run asset db hook engine-extends:afterRefresh success!
2026-7-6 11:35:21-debug: asset-db:refresh-all-database (167ms)
2026-7-6 11:35:21-debug: asset-db:worker-effect-data-processing (1ms)
2026-7-6 11:35:21-debug: asset-db-hook-engine-extends-afterRefresh (1ms)
2026-7-6 11:35:38-debug: refresh db internal success
2026-7-6 11:35:39-debug: refresh db assets success
2026-7-6 11:35:39-debug: refresh db super-packager success
2026-7-6 11:35:39-debug: Run asset db hook engine-extends:afterRefresh ...
2026-7-6 11:35:39-debug: Run asset db hook engine-extends:afterRefresh success!
2026-7-6 11:35:39-debug: asset-db:refresh-all-database (304ms)
2026-7-6 11:35:39-debug: asset-db:worker-effect-data-processing (5ms)
2026-7-6 11:35:39-debug: asset-db-hook-engine-extends-afterRefresh (5ms)
2026-7-6 11:36:40-debug: refresh db internal success
2026-7-6 11:36:40-debug: refresh db assets success
2026-7-6 11:36:40-debug: refresh db super-packager success
2026-7-6 11:36:40-debug: Run asset db hook engine-extends:afterRefresh ...
2026-7-6 11:36:40-debug: Run asset db hook engine-extends:afterRefresh success!
2026-7-6 11:36:40-debug: asset-db:refresh-all-database (211ms)
2026-7-6 11:36:40-debug: asset-db:worker-effect-data-processing (1ms)
2026-7-6 11:36:40-debug: asset-db-hook-engine-extends-afterRefresh (1ms)
2026-7-6 11:36:57-debug: refresh db internal success
2026-7-6 11:36:57-debug: refresh db assets success
2026-7-6 11:36:57-debug: refresh db super-packager success
2026-7-6 11:36:57-debug: Run asset db hook engine-extends:afterRefresh success!
2026-7-6 11:36:57-debug: Run asset db hook engine-extends:afterRefresh ...
2026-7-6 11:36:57-debug: asset-db:refresh-all-database (185ms)
2026-7-6 11:36:57-debug: asset-db:worker-effect-data-processing (1ms)
2026-7-6 11:36:57-debug: asset-db-hook-engine-extends-afterRefresh (2ms)
2026-7-6 11:37:00-debug: %cImport%c: D:\工程项目\PlayableAD\Cocos\TheW\20260615_HYQ\HYQ_Project\assets\GameRes\Prefab\Monster_boss.prefabbackground: #aaff85; color: #000;color: #000;
2026-7-6 11:37:00-debug: asset-db:reimport-assetd16848b5-18b3-400e-8cad-f629e5124e7c (27ms)
2026-7-6 11:37:05-debug: refresh db internal success
2026-7-6 11:37:05-debug: refresh db assets success
2026-7-6 11:37:05-debug: refresh db super-packager success
2026-7-6 11:37:05-debug: Run asset db hook engine-extends:afterRefresh ...
2026-7-6 11:37:05-debug: Run asset db hook engine-extends:afterRefresh success!
2026-7-6 11:37:05-debug: asset-db:refresh-all-database (191ms)
2026-7-6 11:37:05-debug: asset-db:worker-effect-data-processing (1ms)
2026-7-6 11:37:05-debug: asset-db-hook-engine-extends-afterRefresh (1ms)
2026-7-6 11:37:07-debug: %cImport%c: D:\工程项目\PlayableAD\Cocos\TheW\20260615_HYQ\HYQ_Project\assets\Scene\Game_3D-002.scenebackground: #aaff85; color: #000;color: #000;
2026-7-6 11:37:07-debug: asset-db:reimport-assetb5805d3a-3b80-4a12-adf5-588e63a7d886 (28ms)
2026-7-6 11:37:08-debug: Query all assets info in project
2026-7-6 11:37:08-debug: init custom config: keepNodeUuid: false, useCache: true
2026-7-6 11:37:08-debug: Skip compress image, progress: 0%
2026-7-6 11:37:08-debug: Init all bundles start..., progress: 0%
2026-7-6 11:37:08-debug: 查询 Asset Bundle start, progress: 0%
2026-7-6 11:37:08-debug: // ---- build task 查询 Asset Bundle ----
2026-7-6 11:37:08-debug: Init bundle root assets start..., progress: 0%
2026-7-6 11:37:08-debug: Num of bundles: 3..., progress: 0%
2026-7-6 11:37:08-debug: Query preload assets/scripts from cc.config.json: 60f7195c-ec2a-45eb-ba94-8955f60e81d0,1c02ae6f-4492-4915-b8f8-7492a3b1e4cd,810e96e4-e456-4468-9b59-f4e8f39732c0,efe8e2a3-eace-427b-b4f1-cb8a937ec77d,e9aa9a3e-5b2b-4ac7-a2c7-073de2b2b24f,8bbdbcdd-5cd4-4100-b6d5-b7c9625b6107,50f4348b-c883-4e2f-8f11-ce233b859fa1,fda095cb-831d-4601-ad94-846013963de8,f92806d7-1768-443f-afe8-12bcde84d0f0,dd3a144d-ab7f-41f0-82b8-2e43a090d496,f0416e68-0200-4b77-a926-4f9d16e494da,511d2633-09a7-4bdd-ac42-f778032124b3,5d45aa00-e064-4938-b314-4265f0c2258c,9361fd90-ba52-4f84-aa93-6e878fd576ca,970b0598-bcb0-4714-91fb-2e81440dccd8,bcd64cc6-2dd9-43f6-abbe-66318d332032,d930590d-bb92-4cc8-8bd1-23cd027f9edf,a3cd009f-0ab0-420d-9278-b9fdab939bbc,6a2d0734-bd9e-4ddf-946e-caa52498cb75,d1346436-ac96-4271-b863-1f4fdead95b0,971bdb23-3ff6-43eb-b422-1c30165a3663,17debcc3-0a6b-4b8a-b00b-dc58b885581e,711ebe11-f673-4cd9-9a83-63c60ba54c5b,c0143906-9aed-447e-9436-2ae8512d1b6e,14da1725-c4c2-42b4-ab08-ee0aeb6898b3,081cab31-dccd-428e-8652-f2404cc81c47,78e0584a-4343-4727-8f37-e14e65c2a2db,ba21476f-2866-4f81-9c4d-6e359316e448,871c3b6c-7379-419d-bda3-794b239ab90d,ff9b0199-ce04-4cfe-86cc-6c719f08d6e4,de1c2107-70c8-4021-8459-6399f24d01c6,cbf30902-517f-40dc-af90-a550bac27cf1,5c601d96-e4c7-4698-991b-7ee674b11079
2026-7-6 11:37:08-debug:   Number of other assets: 1158
2026-7-6 11:37:08-debug:   Number of all scenes: 5
2026-7-6 11:37:08-debug:   Number of all scripts: 109
2026-7-6 11:37:08-debug: Init bundle root assets success..., progress: 0%
2026-7-6 11:37:08-log: run build task 查询 Asset Bundle success in 13 ms√, progress: 5%
2026-7-6 11:37:08-debug: [Build Memory track]: 查询 Asset Bundle start:254.78MB, end 251.95MB, increase: -2889.25KB
2026-7-6 11:37:08-debug: 查询 Asset Bundle start, progress: 5%
2026-7-6 11:37:08-debug: // ---- build task 查询 Asset Bundle ---- (13ms)
2026-7-6 11:37:08-debug: // ---- build task 查询 Asset Bundle ----
2026-7-6 11:37:08-debug: // ---- build task 查询 Asset Bundle ---- (5ms)
2026-7-6 11:37:08-debug: [Build Memory track]: 查询 Asset Bundle start:251.99MB, end 252.21MB, increase: 231.98KB
2026-7-6 11:37:08-log: run build task 查询 Asset Bundle success in 5 ms√, progress: 10%
2026-7-6 11:37:08-debug: 整理部分构建选项内数据到 settings.json start, progress: 10%
2026-7-6 11:37:08-debug: // ---- build task 整理部分构建选项内数据到 settings.json ----
2026-7-6 11:37:08-log: run build task 整理部分构建选项内数据到 settings.json success in 3 ms√, progress: 12%
2026-7-6 11:37:08-debug: // ---- build task 整理部分构建选项内数据到 settings.json ---- (3ms)
2026-7-6 11:37:08-debug: [Build Memory track]: 整理部分构建选项内数据到 settings.json start:252.25MB, end 252.28MB, increase: 29.75KB
2026-7-6 11:37:08-debug: // ---- build task 填充脚本数据到 settings.json ----
2026-7-6 11:37:08-debug: 填充脚本数据到 settings.json start, progress: 12%
2026-7-6 11:37:08-debug: // ---- build task 填充脚本数据到 settings.json ---- (3ms)
2026-7-6 11:37:08-log: run build task 填充脚本数据到 settings.json success in 3 ms√, progress: 13%
2026-7-6 11:37:08-debug: [Build Memory track]: 填充脚本数据到 settings.json start:252.31MB, end 252.34MB, increase: 28.96KB
2026-7-6 11:37:08-debug: 整理部分构建选项内数据到 settings.json start, progress: 13%
2026-7-6 11:37:08-debug: // ---- build task 整理部分构建选项内数据到 settings.json ----
2026-7-6 11:37:08-debug: // ---- build task 整理部分构建选项内数据到 settings.json ---- (5ms)
2026-7-6 11:37:08-log: run build task 整理部分构建选项内数据到 settings.json success in 5 ms√, progress: 15%
2026-7-6 11:37:08-debug: [Build Memory track]: 整理部分构建选项内数据到 settings.json start:252.38MB, end 252.44MB, increase: 70.04KB
2026-7-6 11:38:34-debug: refresh db internal success
2026-7-6 11:38:34-debug: %cImport%c: D:\工程项目\PlayableAD\Cocos\TheW\20260615_HYQ\HYQ_Project\assets\Script\functionS\Monster\MonsterBattleTaerget.tsbackground: #aaff85; color: #000;color: #000;
2026-7-6 11:38:34-debug: refresh db assets success
2026-7-6 11:38:34-debug: refresh db super-packager success
2026-7-6 11:38:34-debug: Run asset db hook engine-extends:afterRefresh ...
2026-7-6 11:38:34-debug: Run asset db hook engine-extends:afterRefresh success!
2026-7-6 11:38:34-debug: asset-db:refresh-all-database (174ms)
2026-7-6 11:38:34-debug: asset-db:worker-effect-data-processing (3ms)
2026-7-6 11:38:34-debug: asset-db-hook-engine-extends-afterRefresh (4ms)
2026-7-6 11:38:35-debug: Query all assets info in project
2026-7-6 11:38:35-debug: init custom config: keepNodeUuid: false, useCache: true
2026-7-6 11:38:35-debug: Skip compress image, progress: 0%
2026-7-6 11:38:36-debug: Init all bundles start..., progress: 0%
2026-7-6 11:38:36-debug: // ---- build task 查询 Asset Bundle ----
2026-7-6 11:38:36-debug: Init bundle root assets start..., progress: 0%
2026-7-6 11:38:36-debug: 查询 Asset Bundle start, progress: 0%
2026-7-6 11:38:36-debug: Num of bundles: 3..., progress: 0%
2026-7-6 11:38:36-debug: Query preload assets/scripts from cc.config.json: 60f7195c-ec2a-45eb-ba94-8955f60e81d0,1c02ae6f-4492-4915-b8f8-7492a3b1e4cd,810e96e4-e456-4468-9b59-f4e8f39732c0,efe8e2a3-eace-427b-b4f1-cb8a937ec77d,e9aa9a3e-5b2b-4ac7-a2c7-073de2b2b24f,8bbdbcdd-5cd4-4100-b6d5-b7c9625b6107,50f4348b-c883-4e2f-8f11-ce233b859fa1,fda095cb-831d-4601-ad94-846013963de8,f92806d7-1768-443f-afe8-12bcde84d0f0,dd3a144d-ab7f-41f0-82b8-2e43a090d496,f0416e68-0200-4b77-a926-4f9d16e494da,511d2633-09a7-4bdd-ac42-f778032124b3,5d45aa00-e064-4938-b314-4265f0c2258c,9361fd90-ba52-4f84-aa93-6e878fd576ca,970b0598-bcb0-4714-91fb-2e81440dccd8,bcd64cc6-2dd9-43f6-abbe-66318d332032,d930590d-bb92-4cc8-8bd1-23cd027f9edf,a3cd009f-0ab0-420d-9278-b9fdab939bbc,6a2d0734-bd9e-4ddf-946e-caa52498cb75,d1346436-ac96-4271-b863-1f4fdead95b0,971bdb23-3ff6-43eb-b422-1c30165a3663,17debcc3-0a6b-4b8a-b00b-dc58b885581e,711ebe11-f673-4cd9-9a83-63c60ba54c5b,c0143906-9aed-447e-9436-2ae8512d1b6e,14da1725-c4c2-42b4-ab08-ee0aeb6898b3,081cab31-dccd-428e-8652-f2404cc81c47,78e0584a-4343-4727-8f37-e14e65c2a2db,ba21476f-2866-4f81-9c4d-6e359316e448,871c3b6c-7379-419d-bda3-794b239ab90d,ff9b0199-ce04-4cfe-86cc-6c719f08d6e4,de1c2107-70c8-4021-8459-6399f24d01c6,cbf30902-517f-40dc-af90-a550bac27cf1,5c601d96-e4c7-4698-991b-7ee674b11079
2026-7-6 11:38:36-debug:   Number of all scenes: 5
2026-7-6 11:38:36-debug: Init bundle root assets success..., progress: 0%
2026-7-6 11:38:36-debug:   Number of all scripts: 109
2026-7-6 11:38:36-debug:   Number of other assets: 1158
2026-7-6 11:38:36-debug: // ---- build task 查询 Asset Bundle ---- (21ms)
2026-7-6 11:38:36-log: run build task 查询 Asset Bundle success in 21 ms√, progress: 5%
2026-7-6 11:38:36-debug: [Build Memory track]: 查询 Asset Bundle start:257.87MB, end 254.61MB, increase: -3336.11KB
2026-7-6 11:38:36-debug: // ---- build task 查询 Asset Bundle ----
2026-7-6 11:38:36-debug: 查询 Asset Bundle start, progress: 5%
2026-7-6 11:38:36-debug: // ---- build task 查询 Asset Bundle ---- (6ms)
2026-7-6 11:38:36-log: run build task 查询 Asset Bundle success in 6 ms√, progress: 10%
2026-7-6 11:38:36-debug: // ---- build task 整理部分构建选项内数据到 settings.json ----
2026-7-6 11:38:36-debug: [Build Memory track]: 查询 Asset Bundle start:254.65MB, end 254.88MB, increase: 238.23KB
2026-7-6 11:38:36-debug: 整理部分构建选项内数据到 settings.json start, progress: 10%
2026-7-6 11:38:36-log: run build task 整理部分构建选项内数据到 settings.json success in 1 ms√, progress: 12%
2026-7-6 11:38:36-debug: [Build Memory track]: 整理部分构建选项内数据到 settings.json start:254.91MB, end 254.94MB, increase: 28.52KB
2026-7-6 11:38:36-debug: 填充脚本数据到 settings.json start, progress: 12%
2026-7-6 11:38:36-debug: // ---- build task 整理部分构建选项内数据到 settings.json ---- (1ms)
2026-7-6 11:38:36-debug: // ---- build task 填充脚本数据到 settings.json ----
2026-7-6 11:38:36-debug: // ---- build task 填充脚本数据到 settings.json ---- (2ms)
2026-7-6 11:38:36-log: run build task 填充脚本数据到 settings.json success in 2 ms√, progress: 13%
2026-7-6 11:38:36-debug: [Build Memory track]: 填充脚本数据到 settings.json start:254.98MB, end 255.01MB, increase: 29.75KB
2026-7-6 11:38:36-debug: 整理部分构建选项内数据到 settings.json start, progress: 13%
2026-7-6 11:38:36-debug: // ---- build task 整理部分构建选项内数据到 settings.json ----
2026-7-6 11:38:36-debug: // ---- build task 整理部分构建选项内数据到 settings.json ---- (8ms)
2026-7-6 11:38:36-debug: [Build Memory track]: 整理部分构建选项内数据到 settings.json start:255.04MB, end 255.10MB, increase: 65.14KB
2026-7-6 11:38:36-log: run build task 整理部分构建选项内数据到 settings.json success in 8 ms√, progress: 15%
2026-7-6 11:38:52-debug: %cImport%c: D:\工程项目\PlayableAD\Cocos\TheW\20260615_HYQ\HYQ_Project\assets\GameRes\Prefab\Monster_boss.prefabbackground: #aaff85; color: #000;color: #000;
2026-7-6 11:38:52-debug: asset-db:reimport-assetd16848b5-18b3-400e-8cad-f629e5124e7c (13ms)
2026-7-6 11:38:55-debug: %cImport%c: D:\工程项目\PlayableAD\Cocos\TheW\20260615_HYQ\HYQ_Project\assets\GameRes\Prefab\Monster_boss.prefabbackground: #aaff85; color: #000;color: #000;
2026-7-6 11:38:55-debug: asset-db:reimport-assetd16848b5-18b3-400e-8cad-f629e5124e7c (15ms)
2026-7-6 11:38:56-debug: Query all assets info in project
2026-7-6 11:38:56-debug: init custom config: keepNodeUuid: false, useCache: true
2026-7-6 11:38:56-debug: Skip compress image, progress: 0%
2026-7-6 11:38:56-debug: Init all bundles start..., progress: 0%
2026-7-6 11:38:56-debug: // ---- build task 查询 Asset Bundle ----
2026-7-6 11:38:56-debug: Num of bundles: 3..., progress: 0%
2026-7-6 11:38:56-debug: Init bundle root assets start..., progress: 0%
2026-7-6 11:38:56-debug: 查询 Asset Bundle start, progress: 0%
2026-7-6 11:38:56-debug: Query preload assets/scripts from cc.config.json: 60f7195c-ec2a-45eb-ba94-8955f60e81d0,1c02ae6f-4492-4915-b8f8-7492a3b1e4cd,810e96e4-e456-4468-9b59-f4e8f39732c0,efe8e2a3-eace-427b-b4f1-cb8a937ec77d,e9aa9a3e-5b2b-4ac7-a2c7-073de2b2b24f,8bbdbcdd-5cd4-4100-b6d5-b7c9625b6107,50f4348b-c883-4e2f-8f11-ce233b859fa1,fda095cb-831d-4601-ad94-846013963de8,f92806d7-1768-443f-afe8-12bcde84d0f0,dd3a144d-ab7f-41f0-82b8-2e43a090d496,f0416e68-0200-4b77-a926-4f9d16e494da,511d2633-09a7-4bdd-ac42-f778032124b3,5d45aa00-e064-4938-b314-4265f0c2258c,9361fd90-ba52-4f84-aa93-6e878fd576ca,970b0598-bcb0-4714-91fb-2e81440dccd8,bcd64cc6-2dd9-43f6-abbe-66318d332032,d930590d-bb92-4cc8-8bd1-23cd027f9edf,a3cd009f-0ab0-420d-9278-b9fdab939bbc,6a2d0734-bd9e-4ddf-946e-caa52498cb75,d1346436-ac96-4271-b863-1f4fdead95b0,971bdb23-3ff6-43eb-b422-1c30165a3663,17debcc3-0a6b-4b8a-b00b-dc58b885581e,711ebe11-f673-4cd9-9a83-63c60ba54c5b,c0143906-9aed-447e-9436-2ae8512d1b6e,14da1725-c4c2-42b4-ab08-ee0aeb6898b3,081cab31-dccd-428e-8652-f2404cc81c47,78e0584a-4343-4727-8f37-e14e65c2a2db,ba21476f-2866-4f81-9c4d-6e359316e448,871c3b6c-7379-419d-bda3-794b239ab90d,ff9b0199-ce04-4cfe-86cc-6c719f08d6e4,de1c2107-70c8-4021-8459-6399f24d01c6,cbf30902-517f-40dc-af90-a550bac27cf1,5c601d96-e4c7-4698-991b-7ee674b11079
2026-7-6 11:38:56-debug:   Number of all scenes: 5
2026-7-6 11:38:56-debug:   Number of other assets: 1158
2026-7-6 11:38:56-debug: Init bundle root assets success..., progress: 0%
2026-7-6 11:38:56-debug:   Number of all scripts: 109
2026-7-6 11:38:56-debug: // ---- build task 查询 Asset Bundle ---- (12ms)
2026-7-6 11:38:56-log: run build task 查询 Asset Bundle success in 12 ms√, progress: 5%
2026-7-6 11:38:56-debug: // ---- build task 查询 Asset Bundle ----
2026-7-6 11:38:56-debug: [Build Memory track]: 查询 Asset Bundle start:256.52MB, end 257.20MB, increase: 692.37KB
2026-7-6 11:38:56-debug: 查询 Asset Bundle start, progress: 5%
2026-7-6 11:38:56-debug: // ---- build task 查询 Asset Bundle ---- (5ms)
2026-7-6 11:38:56-log: run build task 查询 Asset Bundle success in 5 ms√, progress: 10%
2026-7-6 11:38:56-debug: // ---- build task 整理部分构建选项内数据到 settings.json ----
2026-7-6 11:38:56-debug: 整理部分构建选项内数据到 settings.json start, progress: 10%
2026-7-6 11:38:56-debug: [Build Memory track]: 查询 Asset Bundle start:257.23MB, end 256.70MB, increase: -542.83KB
2026-7-6 11:38:56-debug: // ---- build task 整理部分构建选项内数据到 settings.json ---- (1ms)
2026-7-6 11:38:56-log: run build task 整理部分构建选项内数据到 settings.json success in 1 ms√, progress: 12%
2026-7-6 11:38:56-debug: // ---- build task 填充脚本数据到 settings.json ----
2026-7-6 11:38:56-debug: [Build Memory track]: 整理部分构建选项内数据到 settings.json start:256.74MB, end 256.77MB, increase: 29.39KB
2026-7-6 11:38:56-debug: 填充脚本数据到 settings.json start, progress: 12%
2026-7-6 11:38:56-debug: // ---- build task 填充脚本数据到 settings.json ---- (2ms)
2026-7-6 11:38:56-log: run build task 填充脚本数据到 settings.json success in 2 ms√, progress: 13%
2026-7-6 11:38:56-debug: [Build Memory track]: 填充脚本数据到 settings.json start:256.80MB, end 256.83MB, increase: 30.16KB
2026-7-6 11:38:56-debug: 整理部分构建选项内数据到 settings.json start, progress: 13%
2026-7-6 11:38:56-debug: // ---- build task 整理部分构建选项内数据到 settings.json ----
2026-7-6 11:38:56-debug: // ---- build task 整理部分构建选项内数据到 settings.json ---- (11ms)
2026-7-6 11:38:56-log: run build task 整理部分构建选项内数据到 settings.json success in 11 ms√, progress: 15%
2026-7-6 11:38:56-debug: [Build Memory track]: 整理部分构建选项内数据到 settings.json start:256.87MB, end 256.93MB, increase: 65.88KB
2026-7-6 11:39:52-debug: refresh db internal success
2026-7-6 11:39:53-debug: refresh db assets success
2026-7-6 11:39:53-debug: Run asset db hook engine-extends:afterRefresh ...
2026-7-6 11:39:53-debug: Run asset db hook engine-extends:afterRefresh success!
2026-7-6 11:39:53-debug: refresh db super-packager success
2026-7-6 11:39:53-debug: asset-db:refresh-all-database (182ms)
2026-7-6 11:39:53-debug: asset-db:worker-effect-data-processing (1ms)
2026-7-6 11:39:53-debug: asset-db-hook-engine-extends-afterRefresh (1ms)
2026-7-6 11:39:55-debug: %cImport%c: D:\工程项目\PlayableAD\Cocos\TheW\20260615_HYQ\HYQ_Project\assets\GameRes\Prefab\Monster_boss.prefabbackground: #aaff85; color: #000;color: #000;
2026-7-6 11:39:55-debug: asset-db:reimport-assetd16848b5-18b3-400e-8cad-f629e5124e7c (12ms)
2026-7-6 11:40:06-debug: %cImport%c: D:\工程项目\PlayableAD\Cocos\TheW\20260615_HYQ\HYQ_Project\assets\Scene\Game_3D-002.scenebackground: #aaff85; color: #000;color: #000;
2026-7-6 11:40:06-debug: asset-db:reimport-assetb5805d3a-3b80-4a12-adf5-588e63a7d886 (32ms)
2026-7-6 11:40:07-debug: Query all assets info in project
2026-7-6 11:40:07-debug: init custom config: keepNodeUuid: false, useCache: true
2026-7-6 11:40:07-debug: Skip compress image, progress: 0%
2026-7-6 11:40:07-debug: Init all bundles start..., progress: 0%
2026-7-6 11:40:07-debug: // ---- build task 查询 Asset Bundle ----
2026-7-6 11:40:07-debug: Init bundle root assets start..., progress: 0%
2026-7-6 11:40:07-debug: Num of bundles: 3..., progress: 0%
2026-7-6 11:40:07-debug: 查询 Asset Bundle start, progress: 0%
2026-7-6 11:40:07-debug: Query preload assets/scripts from cc.config.json: 60f7195c-ec2a-45eb-ba94-8955f60e81d0,1c02ae6f-4492-4915-b8f8-7492a3b1e4cd,810e96e4-e456-4468-9b59-f4e8f39732c0,efe8e2a3-eace-427b-b4f1-cb8a937ec77d,e9aa9a3e-5b2b-4ac7-a2c7-073de2b2b24f,8bbdbcdd-5cd4-4100-b6d5-b7c9625b6107,50f4348b-c883-4e2f-8f11-ce233b859fa1,fda095cb-831d-4601-ad94-846013963de8,f92806d7-1768-443f-afe8-12bcde84d0f0,dd3a144d-ab7f-41f0-82b8-2e43a090d496,f0416e68-0200-4b77-a926-4f9d16e494da,511d2633-09a7-4bdd-ac42-f778032124b3,5d45aa00-e064-4938-b314-4265f0c2258c,9361fd90-ba52-4f84-aa93-6e878fd576ca,970b0598-bcb0-4714-91fb-2e81440dccd8,bcd64cc6-2dd9-43f6-abbe-66318d332032,d930590d-bb92-4cc8-8bd1-23cd027f9edf,a3cd009f-0ab0-420d-9278-b9fdab939bbc,6a2d0734-bd9e-4ddf-946e-caa52498cb75,d1346436-ac96-4271-b863-1f4fdead95b0,971bdb23-3ff6-43eb-b422-1c30165a3663,17debcc3-0a6b-4b8a-b00b-dc58b885581e,711ebe11-f673-4cd9-9a83-63c60ba54c5b,c0143906-9aed-447e-9436-2ae8512d1b6e,14da1725-c4c2-42b4-ab08-ee0aeb6898b3,081cab31-dccd-428e-8652-f2404cc81c47,78e0584a-4343-4727-8f37-e14e65c2a2db,ba21476f-2866-4f81-9c4d-6e359316e448,871c3b6c-7379-419d-bda3-794b239ab90d,ff9b0199-ce04-4cfe-86cc-6c719f08d6e4,de1c2107-70c8-4021-8459-6399f24d01c6,cbf30902-517f-40dc-af90-a550bac27cf1,5c601d96-e4c7-4698-991b-7ee674b11079
2026-7-6 11:40:07-debug:   Number of all scenes: 5
2026-7-6 11:40:07-debug:   Number of other assets: 1158
2026-7-6 11:40:07-debug: Init bundle root assets success..., progress: 0%
2026-7-6 11:40:07-debug:   Number of all scripts: 109
2026-7-6 11:40:07-debug: // ---- build task 查询 Asset Bundle ---- (11ms)
2026-7-6 11:40:07-log: run build task 查询 Asset Bundle success in 11 ms√, progress: 5%
2026-7-6 11:40:07-debug: [Build Memory track]: 查询 Asset Bundle start:261.28MB, end 261.24MB, increase: -43.91KB
2026-7-6 11:40:07-debug: 查询 Asset Bundle start, progress: 5%
2026-7-6 11:40:07-debug: // ---- build task 查询 Asset Bundle ----
2026-7-6 11:40:07-debug: // ---- build task 查询 Asset Bundle ---- (4ms)
2026-7-6 11:40:07-log: run build task 查询 Asset Bundle success in 4 ms√, progress: 10%
2026-7-6 11:40:07-debug: // ---- build task 整理部分构建选项内数据到 settings.json ----
2026-7-6 11:40:07-debug: [Build Memory track]: 查询 Asset Bundle start:261.27MB, end 261.50MB, increase: 230.91KB
2026-7-6 11:40:07-debug: 整理部分构建选项内数据到 settings.json start, progress: 10%
2026-7-6 11:40:07-log: run build task 整理部分构建选项内数据到 settings.json success in √, progress: 12%
2026-7-6 11:40:07-debug: [Build Memory track]: 整理部分构建选项内数据到 settings.json start:261.53MB, end 261.55MB, increase: 18.78KB
2026-7-6 11:40:07-debug: 填充脚本数据到 settings.json start, progress: 12%
2026-7-6 11:40:07-debug: // ---- build task 填充脚本数据到 settings.json ----
2026-7-6 11:40:07-debug: // ---- build task 填充脚本数据到 settings.json ---- (2ms)
2026-7-6 11:40:07-log: run build task 填充脚本数据到 settings.json success in 2 ms√, progress: 13%
2026-7-6 11:40:07-debug: // ---- build task 整理部分构建选项内数据到 settings.json ----
2026-7-6 11:40:07-debug: [Build Memory track]: 填充脚本数据到 settings.json start:261.58MB, end 261.61MB, increase: 28.77KB
2026-7-6 11:40:07-debug: 整理部分构建选项内数据到 settings.json start, progress: 13%
2026-7-6 11:40:07-debug: // ---- build task 整理部分构建选项内数据到 settings.json ---- (5ms)
2026-7-6 11:40:07-log: run build task 整理部分构建选项内数据到 settings.json success in 5 ms√, progress: 15%
2026-7-6 11:40:07-debug: [Build Memory track]: 整理部分构建选项内数据到 settings.json start:261.65MB, end 261.71MB, increase: 65.90KB
2026-7-6 11:44:18-debug: refresh db internal success
2026-7-6 11:44:18-debug: refresh db assets success
2026-7-6 11:44:18-debug: refresh db super-packager success
2026-7-6 11:44:18-debug: Run asset db hook engine-extends:afterRefresh ...
2026-7-6 11:44:18-debug: Run asset db hook engine-extends:afterRefresh success!
2026-7-6 11:44:18-debug: asset-db:refresh-all-database (193ms)
2026-7-6 11:44:18-debug: asset-db:worker-effect-data-processing (2ms)
2026-7-6 11:44:18-debug: asset-db-hook-engine-extends-afterRefresh (2ms)
2026-7-6 11:44:24-debug: refresh db internal success
2026-7-6 11:44:24-debug: refresh db assets success
2026-7-6 11:44:24-debug: refresh db super-packager success
2026-7-6 11:44:24-debug: Run asset db hook engine-extends:afterRefresh ...
2026-7-6 11:44:24-debug: Run asset db hook engine-extends:afterRefresh success!
2026-7-6 11:44:24-debug: asset-db:refresh-all-database (171ms)
2026-7-6 11:44:24-debug: asset-db-hook-engine-extends-afterRefresh (2ms)
2026-7-6 11:44:24-debug: asset-db:worker-effect-data-processing (2ms)
2026-7-6 11:44:24-debug: Query all assets info in project
2026-7-6 11:44:24-debug: init custom config: keepNodeUuid: false, useCache: true
2026-7-6 11:44:24-debug: Skip compress image, progress: 0%
2026-7-6 11:44:24-debug: Init all bundles start..., progress: 0%
2026-7-6 11:44:24-debug: // ---- build task 查询 Asset Bundle ----
2026-7-6 11:44:24-debug: Init bundle root assets start..., progress: 0%
2026-7-6 11:44:24-debug: 查询 Asset Bundle start, progress: 0%
2026-7-6 11:44:24-debug: Num of bundles: 3..., progress: 0%
2026-7-6 11:44:24-debug: Query preload assets/scripts from cc.config.json: 60f7195c-ec2a-45eb-ba94-8955f60e81d0,1c02ae6f-4492-4915-b8f8-7492a3b1e4cd,810e96e4-e456-4468-9b59-f4e8f39732c0,efe8e2a3-eace-427b-b4f1-cb8a937ec77d,e9aa9a3e-5b2b-4ac7-a2c7-073de2b2b24f,8bbdbcdd-5cd4-4100-b6d5-b7c9625b6107,50f4348b-c883-4e2f-8f11-ce233b859fa1,fda095cb-831d-4601-ad94-846013963de8,f92806d7-1768-443f-afe8-12bcde84d0f0,dd3a144d-ab7f-41f0-82b8-2e43a090d496,f0416e68-0200-4b77-a926-4f9d16e494da,511d2633-09a7-4bdd-ac42-f778032124b3,5d45aa00-e064-4938-b314-4265f0c2258c,9361fd90-ba52-4f84-aa93-6e878fd576ca,970b0598-bcb0-4714-91fb-2e81440dccd8,bcd64cc6-2dd9-43f6-abbe-66318d332032,d930590d-bb92-4cc8-8bd1-23cd027f9edf,a3cd009f-0ab0-420d-9278-b9fdab939bbc,6a2d0734-bd9e-4ddf-946e-caa52498cb75,d1346436-ac96-4271-b863-1f4fdead95b0,971bdb23-3ff6-43eb-b422-1c30165a3663,17debcc3-0a6b-4b8a-b00b-dc58b885581e,711ebe11-f673-4cd9-9a83-63c60ba54c5b,c0143906-9aed-447e-9436-2ae8512d1b6e,14da1725-c4c2-42b4-ab08-ee0aeb6898b3,081cab31-dccd-428e-8652-f2404cc81c47,78e0584a-4343-4727-8f37-e14e65c2a2db,ba21476f-2866-4f81-9c4d-6e359316e448,871c3b6c-7379-419d-bda3-794b239ab90d,ff9b0199-ce04-4cfe-86cc-6c719f08d6e4,de1c2107-70c8-4021-8459-6399f24d01c6,cbf30902-517f-40dc-af90-a550bac27cf1,5c601d96-e4c7-4698-991b-7ee674b11079
2026-7-6 11:44:24-debug:   Number of all scenes: 5
2026-7-6 11:44:24-debug: Init bundle root assets success..., progress: 0%
2026-7-6 11:44:24-debug:   Number of other assets: 1158
2026-7-6 11:44:24-debug:   Number of all scripts: 109
2026-7-6 11:44:24-debug: // ---- build task 查询 Asset Bundle ---- (9ms)
2026-7-6 11:44:24-log: run build task 查询 Asset Bundle success in 9 ms√, progress: 5%
2026-7-6 11:44:24-debug: // ---- build task 查询 Asset Bundle ----
2026-7-6 11:44:24-debug: [Build Memory track]: 查询 Asset Bundle start:245.79MB, end 245.00MB, increase: -807.15KB
2026-7-6 11:44:24-debug: 查询 Asset Bundle start, progress: 5%
2026-7-6 11:44:24-debug: // ---- build task 查询 Asset Bundle ---- (3ms)
2026-7-6 11:44:24-log: run build task 查询 Asset Bundle success in 3 ms√, progress: 10%
2026-7-6 11:44:24-debug: // ---- build task 整理部分构建选项内数据到 settings.json ----
2026-7-6 11:44:24-debug: [Build Memory track]: 查询 Asset Bundle start:245.04MB, end 245.26MB, increase: 231.30KB
2026-7-6 11:44:24-debug: 整理部分构建选项内数据到 settings.json start, progress: 10%
2026-7-6 11:44:24-debug: // ---- build task 整理部分构建选项内数据到 settings.json ---- (1ms)
2026-7-6 11:44:24-log: run build task 整理部分构建选项内数据到 settings.json success in 1 ms√, progress: 12%
2026-7-6 11:44:24-debug: [Build Memory track]: 整理部分构建选项内数据到 settings.json start:245.30MB, end 245.33MB, increase: 30.05KB
2026-7-6 11:44:24-debug: 填充脚本数据到 settings.json start, progress: 12%
2026-7-6 11:44:24-debug: // ---- build task 填充脚本数据到 settings.json ----
2026-7-6 11:44:24-debug: // ---- build task 填充脚本数据到 settings.json ---- (1ms)
2026-7-6 11:44:24-log: run build task 填充脚本数据到 settings.json success in 1 ms√, progress: 13%
2026-7-6 11:44:24-debug: // ---- build task 整理部分构建选项内数据到 settings.json ----
2026-7-6 11:44:24-debug: 整理部分构建选项内数据到 settings.json start, progress: 13%
2026-7-6 11:44:24-debug: [Build Memory track]: 填充脚本数据到 settings.json start:245.36MB, end 245.39MB, increase: 29.65KB
2026-7-6 11:44:24-debug: // ---- build task 整理部分构建选项内数据到 settings.json ---- (4ms)
2026-7-6 11:44:24-log: run build task 整理部分构建选项内数据到 settings.json success in 4 ms√, progress: 15%
2026-7-6 11:44:24-debug: [Build Memory track]: 整理部分构建选项内数据到 settings.json start:245.43MB, end 245.49MB, increase: 70.64KB
2026-7-6 11:50:18-debug: refresh db internal success
2026-7-6 11:50:18-debug: %cImport%c: D:\工程项目\PlayableAD\Cocos\TheW\20260615_HYQ\HYQ_Project\assets\Script\functionS\Monster\MonsterBattleTaerget.tsbackground: #aaff85; color: #000;color: #000;
2026-7-6 11:50:18-debug: refresh db assets success
2026-7-6 11:50:18-debug: refresh db super-packager success
2026-7-6 11:50:18-debug: Run asset db hook engine-extends:afterRefresh ...
2026-7-6 11:50:18-debug: Run asset db hook engine-extends:afterRefresh success!
2026-7-6 11:50:18-debug: asset-db:refresh-all-database (173ms)
2026-7-6 11:50:18-debug: asset-db:worker-effect-data-processing (1ms)
2026-7-6 11:50:18-debug: asset-db-hook-engine-extends-afterRefresh (2ms)
2026-7-6 11:50:20-debug: Query all assets info in project
2026-7-6 11:50:20-debug: init custom config: keepNodeUuid: false, useCache: true
2026-7-6 11:50:20-debug: Skip compress image, progress: 0%
2026-7-6 11:50:20-debug: Init all bundles start..., progress: 0%
2026-7-6 11:50:20-debug: Num of bundles: 3..., progress: 0%
2026-7-6 11:50:20-debug: 查询 Asset Bundle start, progress: 0%
2026-7-6 11:50:20-debug: // ---- build task 查询 Asset Bundle ----
2026-7-6 11:50:20-debug: Init bundle root assets start..., progress: 0%
2026-7-6 11:50:20-debug: Query preload assets/scripts from cc.config.json: 60f7195c-ec2a-45eb-ba94-8955f60e81d0,1c02ae6f-4492-4915-b8f8-7492a3b1e4cd,810e96e4-e456-4468-9b59-f4e8f39732c0,efe8e2a3-eace-427b-b4f1-cb8a937ec77d,e9aa9a3e-5b2b-4ac7-a2c7-073de2b2b24f,8bbdbcdd-5cd4-4100-b6d5-b7c9625b6107,50f4348b-c883-4e2f-8f11-ce233b859fa1,fda095cb-831d-4601-ad94-846013963de8,f92806d7-1768-443f-afe8-12bcde84d0f0,dd3a144d-ab7f-41f0-82b8-2e43a090d496,f0416e68-0200-4b77-a926-4f9d16e494da,511d2633-09a7-4bdd-ac42-f778032124b3,5d45aa00-e064-4938-b314-4265f0c2258c,9361fd90-ba52-4f84-aa93-6e878fd576ca,970b0598-bcb0-4714-91fb-2e81440dccd8,bcd64cc6-2dd9-43f6-abbe-66318d332032,d930590d-bb92-4cc8-8bd1-23cd027f9edf,a3cd009f-0ab0-420d-9278-b9fdab939bbc,6a2d0734-bd9e-4ddf-946e-caa52498cb75,d1346436-ac96-4271-b863-1f4fdead95b0,971bdb23-3ff6-43eb-b422-1c30165a3663,17debcc3-0a6b-4b8a-b00b-dc58b885581e,711ebe11-f673-4cd9-9a83-63c60ba54c5b,c0143906-9aed-447e-9436-2ae8512d1b6e,14da1725-c4c2-42b4-ab08-ee0aeb6898b3,081cab31-dccd-428e-8652-f2404cc81c47,78e0584a-4343-4727-8f37-e14e65c2a2db,ba21476f-2866-4f81-9c4d-6e359316e448,871c3b6c-7379-419d-bda3-794b239ab90d,ff9b0199-ce04-4cfe-86cc-6c719f08d6e4,de1c2107-70c8-4021-8459-6399f24d01c6,cbf30902-517f-40dc-af90-a550bac27cf1,5c601d96-e4c7-4698-991b-7ee674b11079
2026-7-6 11:50:20-debug:   Number of all scenes: 5
2026-7-6 11:50:20-debug:   Number of all scripts: 109
2026-7-6 11:50:20-debug:   Number of other assets: 1158
2026-7-6 11:50:20-debug: Init bundle root assets success..., progress: 0%
2026-7-6 11:50:20-debug: // ---- build task 查询 Asset Bundle ---- (25ms)
2026-7-6 11:50:20-log: run build task 查询 Asset Bundle success in 25 ms√, progress: 5%
2026-7-6 11:50:20-debug: [Build Memory track]: 查询 Asset Bundle start:248.22MB, end 247.93MB, increase: -292.11KB
2026-7-6 11:50:20-debug: 查询 Asset Bundle start, progress: 5%
2026-7-6 11:50:20-debug: // ---- build task 查询 Asset Bundle ----
2026-7-6 11:50:20-debug: // ---- build task 查询 Asset Bundle ---- (6ms)
2026-7-6 11:50:20-debug: [Build Memory track]: 查询 Asset Bundle start:247.96MB, end 248.19MB, increase: 232.49KB
2026-7-6 11:50:20-log: run build task 查询 Asset Bundle success in 6 ms√, progress: 10%
2026-7-6 11:50:20-debug: 整理部分构建选项内数据到 settings.json start, progress: 10%
2026-7-6 11:50:20-debug: // ---- build task 整理部分构建选项内数据到 settings.json ----
2026-7-6 11:50:20-debug: // ---- build task 整理部分构建选项内数据到 settings.json ---- (16ms)
2026-7-6 11:50:20-log: run build task 整理部分构建选项内数据到 settings.json success in 16 ms√, progress: 12%
2026-7-6 11:50:20-debug: [Build Memory track]: 整理部分构建选项内数据到 settings.json start:248.23MB, end 248.26MB, increase: 32.04KB
2026-7-6 11:50:20-debug: // ---- build task 填充脚本数据到 settings.json ----
2026-7-6 11:50:20-debug: 填充脚本数据到 settings.json start, progress: 12%
2026-7-6 11:50:20-log: run build task 填充脚本数据到 settings.json success in √, progress: 13%
2026-7-6 11:50:20-debug: [Build Memory track]: 填充脚本数据到 settings.json start:248.29MB, end 248.31MB, increase: 16.29KB
2026-7-6 11:50:20-debug: // ---- build task 整理部分构建选项内数据到 settings.json ----
2026-7-6 11:50:20-debug: 整理部分构建选项内数据到 settings.json start, progress: 13%
2026-7-6 11:50:20-debug: // ---- build task 整理部分构建选项内数据到 settings.json ---- (14ms)
2026-7-6 11:50:20-log: run build task 整理部分构建选项内数据到 settings.json success in 14 ms√, progress: 15%
2026-7-6 11:50:20-debug: [Build Memory track]: 整理部分构建选项内数据到 settings.json start:248.34MB, end 248.41MB, increase: 66.86KB
2026-7-6 11:50:58-debug: refresh db internal success
2026-7-6 11:50:58-debug: refresh db assets success
2026-7-6 11:50:58-debug: refresh db super-packager success
2026-7-6 11:50:58-debug: Run asset db hook engine-extends:afterRefresh ...
2026-7-6 11:50:58-debug: Run asset db hook engine-extends:afterRefresh success!
2026-7-6 11:50:58-debug: asset-db:refresh-all-database (176ms)
2026-7-6 11:50:58-debug: asset-db:worker-effect-data-processing (3ms)
2026-7-6 11:50:58-debug: asset-db-hook-engine-extends-afterRefresh (3ms)
2026-7-6 11:51:16-debug: refresh db internal success
2026-7-6 11:51:16-debug: refresh db assets success
2026-7-6 11:51:16-debug: refresh db super-packager success
2026-7-6 11:51:16-debug: Run asset db hook engine-extends:afterRefresh ...
2026-7-6 11:51:16-debug: Run asset db hook engine-extends:afterRefresh success!
2026-7-6 11:51:16-debug: asset-db:refresh-all-database (184ms)
2026-7-6 11:51:16-debug: asset-db:worker-effect-data-processing (3ms)
2026-7-6 11:51:16-debug: asset-db-hook-engine-extends-afterRefresh (3ms)
2026-7-6 11:55:47-debug: refresh db internal success
2026-7-6 11:55:47-debug: refresh db assets success
2026-7-6 11:55:47-debug: refresh db super-packager success
2026-7-6 11:55:47-debug: Run asset db hook engine-extends:afterRefresh ...
2026-7-6 11:55:47-debug: Run asset db hook engine-extends:afterRefresh success!
2026-7-6 11:55:47-debug: asset-db:refresh-all-database (167ms)
2026-7-6 11:55:47-debug: asset-db:worker-effect-data-processing (2ms)
2026-7-6 11:55:47-debug: asset-db-hook-engine-extends-afterRefresh (2ms)
2026-7-6 11:56:00-debug: %cImport%c: D:\工程项目\PlayableAD\Cocos\TheW\20260615_HYQ\HYQ_Project\assets\GameRes\Prefab\Monster_0.prefabbackground: #aaff85; color: #000;color: #000;
2026-7-6 11:56:00-debug: asset-db:reimport-asset32cdc417-d225-4c93-bc55-2cc97b66bb81 (14ms)
2026-7-6 11:56:03-debug: %cImport%c: D:\工程项目\PlayableAD\Cocos\TheW\20260615_HYQ\HYQ_Project\assets\GameRes\Prefab\Monster_0.prefabbackground: #aaff85; color: #000;color: #000;
2026-7-6 11:56:03-debug: asset-db:reimport-asset32cdc417-d225-4c93-bc55-2cc97b66bb81 (21ms)
2026-7-6 11:56:04-debug: refresh db internal success
2026-7-6 11:56:04-debug: refresh db assets success
2026-7-6 11:56:04-debug: refresh db super-packager success
2026-7-6 11:56:04-debug: Run asset db hook engine-extends:afterRefresh ...
2026-7-6 11:56:04-debug: Run asset db hook engine-extends:afterRefresh success!
2026-7-6 11:56:04-debug: asset-db:refresh-all-database (314ms)
2026-7-6 11:56:04-debug: asset-db:worker-effect-data-processing (3ms)
2026-7-6 11:56:04-debug: asset-db-hook-engine-extends-afterRefresh (3ms)
2026-7-6 11:56:11-debug: %cImport%c: D:\工程项目\PlayableAD\Cocos\TheW\20260615_HYQ\HYQ_Project\assets\GameRes\Prefab\Monster_1.prefabbackground: #aaff85; color: #000;color: #000;
2026-7-6 11:56:11-debug: asset-db:reimport-asset31a7d71c-dbfe-4ce3-920b-07a58fd2c910 (11ms)
2026-7-6 11:56:13-debug: %cImport%c: D:\工程项目\PlayableAD\Cocos\TheW\20260615_HYQ\HYQ_Project\assets\GameRes\Prefab\Monster_1.prefabbackground: #aaff85; color: #000;color: #000;
2026-7-6 11:56:13-debug: asset-db:reimport-asset31a7d71c-dbfe-4ce3-920b-07a58fd2c910 (11ms)
2026-7-6 11:56:14-debug: %cImport%c: D:\工程项目\PlayableAD\Cocos\TheW\20260615_HYQ\HYQ_Project\assets\Scene\Game_3D-002.scenebackground: #aaff85; color: #000;color: #000;
2026-7-6 11:56:14-debug: asset-db:reimport-assetb5805d3a-3b80-4a12-adf5-588e63a7d886 (49ms)
2026-7-6 11:56:15-debug: Query all assets info in project
2026-7-6 11:56:15-debug: init custom config: keepNodeUuid: false, useCache: true
2026-7-6 11:56:15-debug: Skip compress image, progress: 0%
2026-7-6 11:56:15-debug: Init all bundles start..., progress: 0%
2026-7-6 11:56:15-debug: // ---- build task 查询 Asset Bundle ----
2026-7-6 11:56:15-debug: Init bundle root assets start..., progress: 0%
2026-7-6 11:56:15-debug: Num of bundles: 3..., progress: 0%
2026-7-6 11:56:15-debug: 查询 Asset Bundle start, progress: 0%
2026-7-6 11:56:15-debug: Query preload assets/scripts from cc.config.json: 60f7195c-ec2a-45eb-ba94-8955f60e81d0,1c02ae6f-4492-4915-b8f8-7492a3b1e4cd,810e96e4-e456-4468-9b59-f4e8f39732c0,efe8e2a3-eace-427b-b4f1-cb8a937ec77d,e9aa9a3e-5b2b-4ac7-a2c7-073de2b2b24f,8bbdbcdd-5cd4-4100-b6d5-b7c9625b6107,50f4348b-c883-4e2f-8f11-ce233b859fa1,fda095cb-831d-4601-ad94-846013963de8,f92806d7-1768-443f-afe8-12bcde84d0f0,dd3a144d-ab7f-41f0-82b8-2e43a090d496,f0416e68-0200-4b77-a926-4f9d16e494da,511d2633-09a7-4bdd-ac42-f778032124b3,5d45aa00-e064-4938-b314-4265f0c2258c,9361fd90-ba52-4f84-aa93-6e878fd576ca,970b0598-bcb0-4714-91fb-2e81440dccd8,bcd64cc6-2dd9-43f6-abbe-66318d332032,d930590d-bb92-4cc8-8bd1-23cd027f9edf,a3cd009f-0ab0-420d-9278-b9fdab939bbc,6a2d0734-bd9e-4ddf-946e-caa52498cb75,d1346436-ac96-4271-b863-1f4fdead95b0,971bdb23-3ff6-43eb-b422-1c30165a3663,17debcc3-0a6b-4b8a-b00b-dc58b885581e,711ebe11-f673-4cd9-9a83-63c60ba54c5b,c0143906-9aed-447e-9436-2ae8512d1b6e,14da1725-c4c2-42b4-ab08-ee0aeb6898b3,081cab31-dccd-428e-8652-f2404cc81c47,78e0584a-4343-4727-8f37-e14e65c2a2db,ba21476f-2866-4f81-9c4d-6e359316e448,871c3b6c-7379-419d-bda3-794b239ab90d,ff9b0199-ce04-4cfe-86cc-6c719f08d6e4,de1c2107-70c8-4021-8459-6399f24d01c6,cbf30902-517f-40dc-af90-a550bac27cf1,5c601d96-e4c7-4698-991b-7ee674b11079
2026-7-6 11:56:15-debug:   Number of all scenes: 5
2026-7-6 11:56:15-debug:   Number of all scripts: 109
2026-7-6 11:56:15-debug: Init bundle root assets success..., progress: 0%
2026-7-6 11:56:15-debug:   Number of other assets: 1158
2026-7-6 11:56:15-debug: // ---- build task 查询 Asset Bundle ---- (11ms)
2026-7-6 11:56:15-log: run build task 查询 Asset Bundle success in 11 ms√, progress: 5%
2026-7-6 11:56:15-debug: [Build Memory track]: 查询 Asset Bundle start:263.83MB, end 261.71MB, increase: -2172.26KB
2026-7-6 11:56:15-debug: 查询 Asset Bundle start, progress: 5%
2026-7-6 11:56:15-debug: // ---- build task 查询 Asset Bundle ----
2026-7-6 11:56:15-debug: // ---- build task 查询 Asset Bundle ---- (4ms)
2026-7-6 11:56:15-log: run build task 查询 Asset Bundle success in 4 ms√, progress: 10%
2026-7-6 11:56:15-debug: [Build Memory track]: 查询 Asset Bundle start:261.74MB, end 261.97MB, increase: 232.84KB
2026-7-6 11:56:15-debug: 整理部分构建选项内数据到 settings.json start, progress: 10%
2026-7-6 11:56:15-debug: // ---- build task 整理部分构建选项内数据到 settings.json ----
2026-7-6 11:56:15-debug: // ---- build task 整理部分构建选项内数据到 settings.json ---- (1ms)
2026-7-6 11:56:15-log: run build task 整理部分构建选项内数据到 settings.json success in 1 ms√, progress: 12%
2026-7-6 11:56:15-debug: // ---- build task 填充脚本数据到 settings.json ----
2026-7-6 11:56:15-debug: [Build Memory track]: 整理部分构建选项内数据到 settings.json start:262.00MB, end 262.03MB, increase: 30.10KB
2026-7-6 11:56:15-debug: 填充脚本数据到 settings.json start, progress: 12%
2026-7-6 11:56:15-debug: // ---- build task 填充脚本数据到 settings.json ---- (1ms)
2026-7-6 11:56:15-log: run build task 填充脚本数据到 settings.json success in 1 ms√, progress: 13%
2026-7-6 11:56:15-debug: // ---- build task 整理部分构建选项内数据到 settings.json ----
2026-7-6 11:56:15-debug: 整理部分构建选项内数据到 settings.json start, progress: 13%
2026-7-6 11:56:15-debug: [Build Memory track]: 填充脚本数据到 settings.json start:262.07MB, end 262.10MB, increase: 29.48KB
2026-7-6 11:56:15-debug: // ---- build task 整理部分构建选项内数据到 settings.json ---- (6ms)
2026-7-6 11:56:15-log: run build task 整理部分构建选项内数据到 settings.json success in 6 ms√, progress: 15%
2026-7-6 11:56:15-debug: [Build Memory track]: 整理部分构建选项内数据到 settings.json start:262.13MB, end 262.20MB, increase: 65.83KB
2026-7-6 11:57:12-debug: refresh db internal success
2026-7-6 11:57:13-debug: refresh db assets success
2026-7-6 11:57:13-debug: refresh db super-packager success
2026-7-6 11:57:13-debug: Run asset db hook engine-extends:afterRefresh ...
2026-7-6 11:57:13-debug: Run asset db hook engine-extends:afterRefresh success!
2026-7-6 11:57:13-debug: asset-db:refresh-all-database (195ms)
2026-7-6 11:57:13-debug: asset-db:worker-effect-data-processing (1ms)
2026-7-6 11:57:13-debug: asset-db-hook-engine-extends-afterRefresh (2ms)
2026-7-6 11:57:13-debug: %cImport%c: D:\工程项目\PlayableAD\Cocos\TheW\20260615_HYQ\HYQ_Project\assets\Scene\Game_3D-002.scenebackground: #aaff85; color: #000;color: #000;
2026-7-6 11:57:13-debug: asset-db:reimport-assetb5805d3a-3b80-4a12-adf5-588e63a7d886 (40ms)
2026-7-6 11:57:14-debug: Query all assets info in project
2026-7-6 11:57:14-debug: init custom config: keepNodeUuid: false, useCache: true
2026-7-6 11:57:14-debug: Skip compress image, progress: 0%
2026-7-6 11:57:14-debug: Init all bundles start..., progress: 0%
2026-7-6 11:57:14-debug: // ---- build task 查询 Asset Bundle ----
2026-7-6 11:57:14-debug: Init bundle root assets start..., progress: 0%
2026-7-6 11:57:14-debug: 查询 Asset Bundle start, progress: 0%
2026-7-6 11:57:14-debug: Num of bundles: 3..., progress: 0%
2026-7-6 11:57:14-debug: Query preload assets/scripts from cc.config.json: 60f7195c-ec2a-45eb-ba94-8955f60e81d0,1c02ae6f-4492-4915-b8f8-7492a3b1e4cd,810e96e4-e456-4468-9b59-f4e8f39732c0,efe8e2a3-eace-427b-b4f1-cb8a937ec77d,e9aa9a3e-5b2b-4ac7-a2c7-073de2b2b24f,8bbdbcdd-5cd4-4100-b6d5-b7c9625b6107,50f4348b-c883-4e2f-8f11-ce233b859fa1,fda095cb-831d-4601-ad94-846013963de8,f92806d7-1768-443f-afe8-12bcde84d0f0,dd3a144d-ab7f-41f0-82b8-2e43a090d496,f0416e68-0200-4b77-a926-4f9d16e494da,511d2633-09a7-4bdd-ac42-f778032124b3,5d45aa00-e064-4938-b314-4265f0c2258c,9361fd90-ba52-4f84-aa93-6e878fd576ca,970b0598-bcb0-4714-91fb-2e81440dccd8,bcd64cc6-2dd9-43f6-abbe-66318d332032,d930590d-bb92-4cc8-8bd1-23cd027f9edf,a3cd009f-0ab0-420d-9278-b9fdab939bbc,6a2d0734-bd9e-4ddf-946e-caa52498cb75,d1346436-ac96-4271-b863-1f4fdead95b0,971bdb23-3ff6-43eb-b422-1c30165a3663,17debcc3-0a6b-4b8a-b00b-dc58b885581e,711ebe11-f673-4cd9-9a83-63c60ba54c5b,c0143906-9aed-447e-9436-2ae8512d1b6e,14da1725-c4c2-42b4-ab08-ee0aeb6898b3,081cab31-dccd-428e-8652-f2404cc81c47,78e0584a-4343-4727-8f37-e14e65c2a2db,ba21476f-2866-4f81-9c4d-6e359316e448,871c3b6c-7379-419d-bda3-794b239ab90d,ff9b0199-ce04-4cfe-86cc-6c719f08d6e4,de1c2107-70c8-4021-8459-6399f24d01c6,cbf30902-517f-40dc-af90-a550bac27cf1,5c601d96-e4c7-4698-991b-7ee674b11079
2026-7-6 11:57:14-debug:   Number of all scripts: 109
2026-7-6 11:57:14-debug:   Number of other assets: 1158
2026-7-6 11:57:14-debug:   Number of all scenes: 5
2026-7-6 11:57:14-debug: Init bundle root assets success..., progress: 0%
2026-7-6 11:57:14-debug: // ---- build task 查询 Asset Bundle ---- (9ms)
2026-7-6 11:57:14-log: run build task 查询 Asset Bundle success in 9 ms√, progress: 5%
2026-7-6 11:57:14-debug: [Build Memory track]: 查询 Asset Bundle start:246.93MB, end 244.42MB, increase: -2574.19KB
2026-7-6 11:57:14-debug: 查询 Asset Bundle start, progress: 5%
2026-7-6 11:57:14-debug: // ---- build task 查询 Asset Bundle ----
2026-7-6 11:57:14-debug: // ---- build task 查询 Asset Bundle ---- (5ms)
2026-7-6 11:57:14-log: run build task 查询 Asset Bundle success in 5 ms√, progress: 10%
2026-7-6 11:57:14-debug: // ---- build task 整理部分构建选项内数据到 settings.json ----
2026-7-6 11:57:14-debug: [Build Memory track]: 查询 Asset Bundle start:244.45MB, end 244.68MB, increase: 233.43KB
2026-7-6 11:57:14-debug: 整理部分构建选项内数据到 settings.json start, progress: 10%
2026-7-6 11:57:14-debug: // ---- build task 整理部分构建选项内数据到 settings.json ---- (2ms)
2026-7-6 11:57:14-log: run build task 整理部分构建选项内数据到 settings.json success in 2 ms√, progress: 12%
2026-7-6 11:57:14-debug: // ---- build task 填充脚本数据到 settings.json ----
2026-7-6 11:57:14-debug: [Build Memory track]: 整理部分构建选项内数据到 settings.json start:244.71MB, end 244.74MB, increase: 30.10KB
2026-7-6 11:57:14-debug: 填充脚本数据到 settings.json start, progress: 12%
2026-7-6 11:57:14-debug: // ---- build task 填充脚本数据到 settings.json ---- (3ms)
2026-7-6 11:57:14-log: run build task 填充脚本数据到 settings.json success in 3 ms√, progress: 13%
2026-7-6 11:57:14-debug: 整理部分构建选项内数据到 settings.json start, progress: 13%
2026-7-6 11:57:14-debug: // ---- build task 整理部分构建选项内数据到 settings.json ----
2026-7-6 11:57:14-debug: [Build Memory track]: 填充脚本数据到 settings.json start:244.78MB, end 244.81MB, increase: 29.55KB
2026-7-6 11:57:14-log: run build task 整理部分构建选项内数据到 settings.json success in 5 ms√, progress: 15%
2026-7-6 11:57:14-debug: [Build Memory track]: 整理部分构建选项内数据到 settings.json start:244.84MB, end 244.91MB, increase: 70.71KB
2026-7-6 11:57:14-debug: // ---- build task 整理部分构建选项内数据到 settings.json ---- (5ms)
2026-7-6 11:57:46-debug: refresh db internal success
2026-7-6 11:57:46-debug: refresh db assets success
2026-7-6 11:57:46-debug: refresh db super-packager success
2026-7-6 11:57:46-debug: Run asset db hook engine-extends:afterRefresh ...
2026-7-6 11:57:46-debug: Run asset db hook engine-extends:afterRefresh success!
2026-7-6 11:57:46-debug: asset-db:refresh-all-database (173ms)
2026-7-6 11:57:46-debug: asset-db:worker-effect-data-processing (1ms)
2026-7-6 11:57:46-debug: asset-db-hook-engine-extends-afterRefresh (1ms)
2026-7-6 11:57:55-debug: Start record console... {file(D:\工程项目\PlayableAD\Cocos\TheW\20260615_HYQ\HYQ_Project\temp\builder\log\web-mobile2026-6-30 10-27.log)}
2026-7-6 11:57:55-debug: =================================== build Task (web-mobile) Start ================================
2026-7-6 11:57:55-debug: Build with Cocos Creator 3.8.7
2026-7-6 11:57:55-debug: Start build task, options:{"name":"HYQ","server":"","engineModulesConfigKey":"defaultConfig","platform":"web-mobile","buildPath":"project://build","debug":false,"buildMode":"normal","mangleProperties":false,"md5Cache":false,"skipCompressTexture":false,"sourceMaps":false,"overwriteProjectSettings":{"includeModules":{"gfx-webgl2":"on","physics":"inherit-project-setting","physics-2d":"inherit-project-setting"},"macroConfig":{"cleanupImageCache":"inherit-project-setting"}},"nativeCodeBundleMode":"asmjs","polyfills":{"asyncFunctions":true},"experimentalEraseModules":false,"startSceneAssetBundle":false,"bundleConfigs":[],"inlineEnum":true,"useBuiltinServer":false,"md5CacheOptions":{"excludes":[],"includes":[],"replaceOnly":[],"handleTemplateMd5Link":true},"mainBundleIsRemote":false,"mainBundleCompressionType":"merge_dep","useSplashScreen":true,"bundleCommonChunk":false,"packAutoAtlas":true,"startScene":"b5805d3a-3b80-4a12-adf5-588e63a7d886","outputName":"web-mobile","taskName":"web-mobile","scenes":[{"url":"db://assets/Scene/Game_3D-002.scene","uuid":"b5805d3a-3b80-4a12-adf5-588e63a7d886"}],"wasmCompressionMode":false,"binGroupConfig":{"threshold":16,"enable":false},"packages":{"adsense-h5g-plugin":{"enableAdsense":false,"enableTestAd":false,"__version__":"1.0.1","AFPHostPropertyCode":"ca-host-pub-5396158963872751","AFPHostDomain":"douyougame.com","otherAFPHostPropertyCode":"","otherAFPDomain":""},"web-mobile":{"useWebGPU":false,"orientation":"auto","embedWebDebugger":false,"__version__":"1.0.1"},"cocos-service":{"configID":"56841a","services":[],"__version__":"3.0.9"},"super-packager":{"googlePlayUrl":"","appStoreUrl":"","__version__":"2.7.0"}},"__version__":"1.3.9","logDest":"project://temp/builder/log/web-mobile2026-6-30 10-27.log"}
2026-7-6 11:57:55-debug: cocos-service:(onBeforeBuild) start..., progress: 0%
2026-7-6 11:57:55-debug: // ---- build task cocos-service：onBeforeBuild ----
2026-7-6 11:57:55-debug: // ---- build task cocos-service：onBeforeBuild ---- (139ms)
2026-7-6 11:57:55-debug: scene:(onBeforeBuild) start..., progress: 2%
2026-7-6 11:57:55-debug: cocos-service:(onBeforeBuild) in 139 ms ✓, progress: 2%
2026-7-6 11:57:55-debug: // ---- build task scene：onBeforeBuild ----
2026-7-6 11:57:55-debug: scene:(onBeforeBuild) in 53 ms ✓, progress: 4%
2026-7-6 11:57:55-debug: // ---- build task super-packager：onBeforeBuild ----
2026-7-6 11:57:55-log: [SUPER_PACKAGE]onBeforeBuild
2026-7-6 11:57:55-debug: // ---- build task scene：onBeforeBuild ---- (53ms)
2026-7-6 11:57:55-log: [SUPER_PACKAGE]商店链接配置:{"googlePlayUrl":"","appStoreUrl":""}
2026-7-6 11:57:55-debug: super-packager:(onBeforeBuild) start..., progress: 4%
2026-7-6 11:57:55-log: [SUPER_PACKAGE]商店链接已同步到文件
2026-7-6 11:57:55-debug: // ---- build task super-packager：onBeforeBuild ---- (58ms)
2026-7-6 11:57:55-debug: super-packager:(onBeforeBuild) in 58 ms ✓, progress: 5%
2026-7-6 11:57:55-debug: Query all assets info in project
2026-7-6 11:57:55-debug: Start lock asset db..., progress: 5%
2026-7-6 11:57:55-log: Asset DB is paused with build!
2026-7-6 11:57:55-debug: init custom config: keepNodeUuid: false, useCache: true
2026-7-6 11:57:55-debug: // ---- build task web-mobile：onAfterInit ----
2026-7-6 11:57:55-debug: web-mobile:(onAfterInit) start..., progress: 5%
2026-7-6 11:57:55-debug: // ---- build task web-mobile：onAfterInit ---- (34ms)
2026-7-6 11:57:55-debug: web-mobile:(onAfterInit) in 34 ms ✓, progress: 7%
2026-7-6 11:57:55-debug: cocos-service:(onAfterInit) start..., progress: 7%
2026-7-6 11:57:55-debug: // ---- build task cocos-service：onAfterInit ----
2026-7-6 11:57:56-debug: // ---- build task cocos-service：onAfterInit ---- (123ms)
2026-7-6 11:57:56-debug: adsense-h5g-plugin:(onBeforeBundleInit) start..., progress: 9%
2026-7-6 11:57:56-debug: adsense-h5g-plugin:(onBeforeBundleInit) start..., progress: 0%
2026-7-6 11:57:56-debug: // ---- build task adsense-h5g-plugin：onBeforeBundleInit ----
2026-7-6 11:57:56-debug: cocos-service:(onAfterInit) in 123 ms ✓, progress: 9%
2026-7-6 11:57:56-debug: Skip compress image, progress: 0%
2026-7-6 11:57:56-debug: [adsense-h5g-plugin] remove script success
2026-7-6 11:57:56-debug: // ---- build task adsense-h5g-plugin：onBeforeBundleInit ---- (58ms)
2026-7-6 11:57:56-debug: adsense-h5g-plugin:(onBeforeBundleInit) in 58 ms ✓, progress: 9%
2026-7-6 11:57:56-debug: adsense-h5g-plugin:(onBeforeBundleInit) in 58 ms ✓, progress: 7%
2026-7-6 11:57:56-debug: Init all bundles start..., progress: 9%
2026-7-6 11:57:56-debug: Init all bundles start..., progress: 7%
2026-7-6 11:57:56-debug: Num of bundles: 3..., progress: 9%
2026-7-6 11:57:56-debug: Num of bundles: 3..., progress: 7%
2026-7-6 11:57:56-debug: web-mobile:(onAfterBundleInit) start..., progress: 9%
2026-7-6 11:57:56-debug: // ---- build task web-mobile：onAfterBundleInit ----
2026-7-6 11:57:56-debug: web-mobile:(onAfterBundleInit) start..., progress: 7%
2026-7-6 11:57:56-debug: // ---- build task web-mobile：onAfterBundleInit ---- (82ms)
2026-7-6 11:57:56-debug: web-mobile:(onAfterBundleInit) in 82 ms ✓, progress: 9%
2026-7-6 11:57:56-debug: web-mobile:(onAfterBundleInit) in 82 ms ✓, progress: 13%
2026-7-6 11:57:56-debug: Init bundle root assets start..., progress: 9%
2026-7-6 11:57:56-debug: Init bundle root assets start..., progress: 13%
2026-7-6 11:57:56-debug: // ---- build task 查询 Asset Bundle ----
2026-7-6 11:57:56-debug: 查询 Asset Bundle start, progress: 9%
2026-7-6 11:57:56-debug: Query preload assets/scripts from cc.config.json: 60f7195c-ec2a-45eb-ba94-8955f60e81d0,1c02ae6f-4492-4915-b8f8-7492a3b1e4cd,810e96e4-e456-4468-9b59-f4e8f39732c0,efe8e2a3-eace-427b-b4f1-cb8a937ec77d,e9aa9a3e-5b2b-4ac7-a2c7-073de2b2b24f,8bbdbcdd-5cd4-4100-b6d5-b7c9625b6107,50f4348b-c883-4e2f-8f11-ce233b859fa1,fda095cb-831d-4601-ad94-846013963de8,f92806d7-1768-443f-afe8-12bcde84d0f0,dd3a144d-ab7f-41f0-82b8-2e43a090d496,f0416e68-0200-4b77-a926-4f9d16e494da,511d2633-09a7-4bdd-ac42-f778032124b3,5d45aa00-e064-4938-b314-4265f0c2258c,9361fd90-ba52-4f84-aa93-6e878fd576ca,970b0598-bcb0-4714-91fb-2e81440dccd8,bcd64cc6-2dd9-43f6-abbe-66318d332032,d930590d-bb92-4cc8-8bd1-23cd027f9edf,a3cd009f-0ab0-420d-9278-b9fdab939bbc,6a2d0734-bd9e-4ddf-946e-caa52498cb75,d1346436-ac96-4271-b863-1f4fdead95b0,971bdb23-3ff6-43eb-b422-1c30165a3663,17debcc3-0a6b-4b8a-b00b-dc58b885581e,711ebe11-f673-4cd9-9a83-63c60ba54c5b,c0143906-9aed-447e-9436-2ae8512d1b6e,14da1725-c4c2-42b4-ab08-ee0aeb6898b3,081cab31-dccd-428e-8652-f2404cc81c47,78e0584a-4343-4727-8f37-e14e65c2a2db,ba21476f-2866-4f81-9c4d-6e359316e448,871c3b6c-7379-419d-bda3-794b239ab90d,ff9b0199-ce04-4cfe-86cc-6c719f08d6e4,de1c2107-70c8-4021-8459-6399f24d01c6,cbf30902-517f-40dc-af90-a550bac27cf1,5c601d96-e4c7-4698-991b-7ee674b11079
2026-7-6 11:57:56-debug:   Number of all scripts: 109
2026-7-6 11:57:56-debug:   Number of other assets: 1158
2026-7-6 11:57:56-debug: Init bundle root assets success..., progress: 9%
2026-7-6 11:57:56-debug: Init bundle root assets success..., progress: 13%
2026-7-6 11:57:56-debug: reload all scripts.
2026-7-6 11:57:56-debug:   Number of all scenes: 5
2026-7-6 11:57:56-log: creating executor ...
2026-7-6 11:57:56-debug: [[Executor]] reload before lock
2026-7-6 11:57:56-debug: Set detail map pack:///resolution-detail-map.json: {}
2026-7-6 11:57:56-debug: D:\工程项目\PlayableAD\Cocos\TheW\20260615_HYQ\HYQ_Project\temp\programming\packer-driver\targets\editor\chunks\93\93ba276ea7b26ffcdc433fab14afc1ed6f05647b.js resolved to D:\工程项目\PlayableAD\Cocos\TheW\20260615_HYQ\HYQ_Project\temp\programming\packer-driver\targets\editor\chunks\93\93ba276ea7b26ffcdc433fab14afc1ed6f05647b.js is not in module cache!
2026-7-6 11:57:56-debug: [[Executor]] Module "cce:/internal/x/cc-fu/base" loaded.
2026-7-6 11:57:56-debug: [[Executor]] Module "cce:/internal/x/cc-fu/gfx-webgl" loaded.
2026-7-6 11:57:56-debug: [[Executor]] Module "cce:/internal/x/cc-fu/gfx-webgl2" loaded.
2026-7-6 11:57:56-debug: [[Executor]] Module "cce:/internal/x/cc-fu/gfx-webgpu" loaded.
2026-7-6 11:57:56-debug: [[Executor]] Module "cce:/internal/x/cc-fu/gfx-empty" loaded.
2026-7-6 11:57:56-debug: [[Executor]] Module "cce:/internal/x/cc-fu/skeletal-animation" loaded.
2026-7-6 11:57:56-debug: [[Executor]] Module "cce:/internal/x/cc-fu/animation" loaded.
2026-7-6 11:57:56-debug: [[Executor]] Module "cce:/internal/x/cc-fu/2d" loaded.
2026-7-6 11:57:56-debug: [[Executor]] Module "cce:/internal/x/cc-fu/sorting" loaded.
2026-7-6 11:57:56-debug: [[Executor]] Module "cce:/internal/x/cc-fu/rich-text" loaded.
2026-7-6 11:57:56-debug: [[Executor]] Module "cce:/internal/x/cc-fu/mask" loaded.
2026-7-6 11:57:56-debug: [[Executor]] Module "cce:/internal/x/cc-fu/3d" loaded.
2026-7-6 11:57:56-debug: [[Executor]] Module "cce:/internal/x/cc-fu/graphics" loaded.
2026-7-6 11:57:56-debug: [[Executor]] Module "cce:/internal/x/cc-fu/ui-skew" loaded.
2026-7-6 11:57:56-debug: [[Executor]] Module "cce:/internal/x/cc-fu/ui" loaded.
2026-7-6 11:57:56-debug: [[Executor]] Module "cce:/internal/x/cc-fu/affine-transform" loaded.
2026-7-6 11:57:56-debug: [[Executor]] Module "cce:/internal/x/cc-fu/particle-2d" loaded.
2026-7-6 11:57:56-debug: [[Executor]] Module "cce:/internal/x/cc-fu/particle" loaded.
2026-7-6 11:57:56-debug: [[Executor]] Module "cce:/internal/x/cc-fu/sorting-2d" loaded.
2026-7-6 11:57:56-debug: [[Executor]] Module "cce:/internal/x/cc-fu/physics-framework" loaded.
2026-7-6 11:57:56-debug: [[Executor]] Module "cce:/internal/x/cc-fu/physics-cannon" loaded.
2026-7-6 11:57:56-debug: [[Executor]] Module "cce:/internal/x/cc-fu/physics-physx" loaded.
2026-7-6 11:57:56-debug: [[Executor]] Module "cce:/internal/x/cc-fu/physics-builtin" loaded.
2026-7-6 11:57:56-debug: [[Executor]] Module "cce:/internal/x/cc-fu/physics-2d-framework" loaded.
2026-7-6 11:57:56-debug: [[Executor]] Module "cce:/internal/x/cc-fu/physics-ammo" loaded.
2026-7-6 11:57:56-debug: [[Executor]] Module "cce:/internal/x/cc-fu/physics-2d-box2d-jsb" loaded.
2026-7-6 11:57:56-debug: [[Executor]] Module "cce:/internal/x/cc-fu/physics-2d-builtin" loaded.
2026-7-6 11:57:56-debug: [[Executor]] Module "cce:/internal/x/cc-fu/physics-2d-box2d-wasm" loaded.
2026-7-6 11:57:56-debug: [[Executor]] Module "cce:/internal/x/cc-fu/primitive" loaded.
2026-7-6 11:57:56-debug: [[Executor]] Module "cce:/internal/x/cc-fu/physics-2d-box2d" loaded.
2026-7-6 11:57:56-debug: [[Executor]] Module "cce:/internal/x/cc-fu/profiler" loaded.
2026-7-6 11:57:56-debug: [[Executor]] Module "cce:/internal/x/cc-fu/geometry-renderer" loaded.
2026-7-6 11:57:56-debug: [[Executor]] Module "cce:/internal/x/cc-fu/audio" loaded.
2026-7-6 11:57:56-debug: [[Executor]] Module "cce:/internal/x/cc-fu/intersection-2d" loaded.
2026-7-6 11:57:56-debug: [[Executor]] Module "cce:/internal/x/cc-fu/xr" loaded.
2026-7-6 11:57:56-debug: [[Executor]] Module "cce:/internal/x/cc-fu/light-probe" loaded.
2026-7-6 11:57:56-debug: [[Executor]] Module "cce:/internal/x/cc-fu/webview" loaded.
2026-7-6 11:57:56-debug: [[Executor]] Module "cce:/internal/x/cc-fu/video" loaded.
2026-7-6 11:57:56-debug: [[Executor]] Module "cce:/internal/x/cc-fu/terrain" loaded.
2026-7-6 11:57:56-debug: [[Executor]] Module "cce:/internal/x/cc-fu/tiled-map" loaded.
2026-7-6 11:57:56-debug: [[Executor]] Module "cce:/internal/x/cc-fu/vendor-google" loaded.
2026-7-6 11:57:56-debug: [[Executor]] Module "cce:/internal/x/cc-fu/tween" loaded.
2026-7-6 11:57:56-debug: [[Executor]] Module "cce:/internal/x/cc-fu/dragon-bones" loaded.
2026-7-6 11:57:56-debug: [[Executor]] Module "cce:/internal/x/cc-fu/custom-pipeline" loaded.
2026-7-6 11:57:56-debug: [[Executor]] Module "cce:/internal/x/cc-fu/custom-pipeline-post-process" loaded.
2026-7-6 11:57:56-debug: [[Executor]] Module "cce:/internal/x/cc-fu/legacy-pipeline" loaded.
2026-7-6 11:57:56-debug: [[Executor]] Module "cce:/internal/x/cc-fu/spine" loaded.
2026-7-6 11:57:56-debug: [[Executor]] Module "cce:/internal/x/cc-fu/gfx-webgl" loaded.
2026-7-6 11:57:56-debug: [[Executor]] Module "cce:/internal/x/cc-fu/gfx-webgl2" loaded.
2026-7-6 11:57:56-debug: [[Executor]] Module "cce:/internal/x/cc-fu/gfx-webgpu" loaded.
2026-7-6 11:57:56-debug: [[Executor]] Module "cce:/internal/x/cc-fu/gfx-empty" loaded.
2026-7-6 11:57:56-debug: [[Executor]] Module "cce:/internal/x/cc-fu/3d" loaded.
2026-7-6 11:57:56-debug: [[Executor]] Module "cce:/internal/x/cc-fu/animation" loaded.
2026-7-6 11:57:56-debug: [[Executor]] Module "cce:/internal/x/cc-fu/skeletal-animation" loaded.
2026-7-6 11:57:56-debug: [[Executor]] Module "cce:/internal/x/cc-fu/2d" loaded.
2026-7-6 11:57:56-debug: [[Executor]] Module "cce:/internal/x/cc-fu/base" loaded.
2026-7-6 11:57:56-debug: [[Executor]] Module "cce:/internal/x/cc-fu/sorting" loaded.
2026-7-6 11:57:56-debug: [[Executor]] Module "cce:/internal/x/cc-fu/rich-text" loaded.
2026-7-6 11:57:56-debug: [[Executor]] Module "cce:/internal/x/cc-fu/mask" loaded.
2026-7-6 11:57:56-debug: [[Executor]] Module "cce:/internal/x/cc-fu/graphics" loaded.
2026-7-6 11:57:56-debug: [[Executor]] Module "cce:/internal/x/cc-fu/ui-skew" loaded.
2026-7-6 11:57:56-debug: [[Executor]] Module "cce:/internal/x/cc-fu/affine-transform" loaded.
2026-7-6 11:57:56-debug: [[Executor]] Module "cce:/internal/x/cc-fu/sorting-2d" loaded.
2026-7-6 11:57:56-debug: [[Executor]] Module "cce:/internal/x/cc-fu/ui" loaded.
2026-7-6 11:57:56-debug: [[Executor]] Module "cce:/internal/x/cc-fu/particle" loaded.
2026-7-6 11:57:56-debug: [[Executor]] Module "cce:/internal/x/cc-fu/particle-2d" loaded.
2026-7-6 11:57:56-debug: [[Executor]] Module "cce:/internal/x/cc-fu/physics-cannon" loaded.
2026-7-6 11:57:56-debug: [[Executor]] Module "cce:/internal/x/cc-fu/physics-framework" loaded.
2026-7-6 11:57:56-debug: [[Executor]] Module "cce:/internal/x/cc-fu/physics-ammo" loaded.
2026-7-6 11:57:56-debug: [[Executor]] Module "cce:/internal/x/cc-fu/physics-builtin" loaded.
2026-7-6 11:57:56-debug: [[Executor]] Module "cce:/internal/x/cc-fu/physics-2d-framework" loaded.
2026-7-6 11:57:56-debug: [[Executor]] Module "cce:/internal/x/cc-fu/physics-physx" loaded.
2026-7-6 11:57:56-debug: [[Executor]] Module "cce:/internal/x/cc-fu/physics-2d-builtin" loaded.
2026-7-6 11:57:56-debug: [[Executor]] Module "cce:/internal/x/cc-fu/physics-2d-box2d-wasm" loaded.
2026-7-6 11:57:56-debug: [[Executor]] Module "cce:/internal/x/cc-fu/intersection-2d" loaded.
2026-7-6 11:57:56-debug: [[Executor]] Module "cce:/internal/x/cc-fu/physics-2d-box2d" loaded.
2026-7-6 11:57:56-debug: [[Executor]] Module "cce:/internal/x/cc-fu/profiler" loaded.
2026-7-6 11:57:56-debug: [[Executor]] Module "cce:/internal/x/cc-fu/primitive" loaded.
2026-7-6 11:57:56-debug: [[Executor]] Module "cce:/internal/x/cc-fu/geometry-renderer" loaded.
2026-7-6 11:57:56-debug: [[Executor]] Module "cce:/internal/x/cc-fu/audio" loaded.
2026-7-6 11:57:56-debug: [[Executor]] Module "cce:/internal/x/cc-fu/xr" loaded.
2026-7-6 11:57:56-debug: [[Executor]] Module "cce:/internal/x/cc-fu/video" loaded.
2026-7-6 11:57:56-debug: [[Executor]] Module "cce:/internal/x/cc-fu/light-probe" loaded.
2026-7-6 11:57:56-debug: [[Executor]] Module "cce:/internal/x/cc-fu/terrain" loaded.
2026-7-6 11:57:56-debug: [[Executor]] Module "cce:/internal/x/cc-fu/tween" loaded.
2026-7-6 11:57:56-debug: [[Executor]] Module "cce:/internal/x/cc-fu/tiled-map" loaded.
2026-7-6 11:57:56-debug: [[Executor]] Module "cce:/internal/x/cc-fu/spine" loaded.
2026-7-6 11:57:56-debug: [[Executor]] Module "cce:/internal/x/cc-fu/dragon-bones" loaded.
2026-7-6 11:57:56-debug: [[Executor]] Module "cce:/internal/x/cc-fu/custom-pipeline" loaded.
2026-7-6 11:57:56-debug: [[Executor]] Module "cce:/internal/x/cc-fu/custom-pipeline-post-process" loaded.
2026-7-6 11:57:56-debug: [[Executor]] Module "cce:/internal/x/cc-fu/vendor-google" loaded.
2026-7-6 11:57:56-debug: [[Executor]] Module "cce:/internal/x/cc-fu/legacy-pipeline" loaded.
2026-7-6 11:57:56-debug: [[Executor]] Module "cce:/internal/x/cc-fu/physics-2d-box2d-jsb" loaded.
2026-7-6 11:57:56-debug: [[Executor]] Module "pack:///chunks/93/93ba276ea7b26ffcdc433fab14afc1ed6f05647b.js" loaded.
2026-7-6 11:57:56-debug: [[Executor]] Module "cce:/internal/x/cc-fu/webview" loaded.
2026-7-6 11:57:56-debug: Invalidating 'pack:///chunks/93/93ba276ea7b26ffcdc433fab14afc1ed6f05647b.js'
2026-7-6 11:57:56-debug: [[Executor]] Module "pack:///chunks/93/93ba276ea7b26ffcdc433fab14afc1ed6f05647b.js" loaded.
2026-7-6 11:57:56-debug: D:\工程项目\PlayableAD\Cocos\TheW\20260615_HYQ\HYQ_Project\temp\programming\packer-driver\targets\editor\chunks\6d\6d8fd2b0177941b032ddc0733af48a561fb60657.js resolved to D:\工程项目\PlayableAD\Cocos\TheW\20260615_HYQ\HYQ_Project\temp\programming\packer-driver\targets\editor\chunks\6d\6d8fd2b0177941b032ddc0733af48a561fb60657.js is not in module cache!
2026-7-6 11:57:56-debug: [[Executor]] Module "pack:///chunks/6d/6d8fd2b0177941b032ddc0733af48a561fb60657.js" loaded.
2026-7-6 11:57:56-debug: D:\工程项目\PlayableAD\Cocos\TheW\20260615_HYQ\HYQ_Project\temp\programming\packer-driver\targets\editor\chunks\f2\f22794b1c95bc92b6e994a97e9b193af020adc12.js resolved to D:\工程项目\PlayableAD\Cocos\TheW\20260615_HYQ\HYQ_Project\temp\programming\packer-driver\targets\editor\chunks\f2\f22794b1c95bc92b6e994a97e9b193af020adc12.js is not in module cache!
2026-7-6 11:57:56-debug: D:\工程项目\PlayableAD\Cocos\TheW\20260615_HYQ\HYQ_Project\temp\programming\packer-driver\targets\editor\chunks\6a\6a5019a719a9014c047e67aa1cf34453ab8392ce.js resolved to D:\工程项目\PlayableAD\Cocos\TheW\20260615_HYQ\HYQ_Project\temp\programming\packer-driver\targets\editor\chunks\6a\6a5019a719a9014c047e67aa1cf34453ab8392ce.js is not in module cache!
2026-7-6 11:57:56-debug: D:\工程项目\PlayableAD\Cocos\TheW\20260615_HYQ\HYQ_Project\temp\programming\packer-driver\targets\editor\chunks\d9\d980f46bad1521f99cf9b02f6f4709610973859b.js resolved to D:\工程项目\PlayableAD\Cocos\TheW\20260615_HYQ\HYQ_Project\temp\programming\packer-driver\targets\editor\chunks\d9\d980f46bad1521f99cf9b02f6f4709610973859b.js is not in module cache!
2026-7-6 11:57:56-debug: D:\工程项目\PlayableAD\Cocos\TheW\20260615_HYQ\HYQ_Project\temp\programming\packer-driver\targets\editor\chunks\c9\c9d891290a54ec567f150962e76c6bf9cdf47b3b.js resolved to D:\工程项目\PlayableAD\Cocos\TheW\20260615_HYQ\HYQ_Project\temp\programming\packer-driver\targets\editor\chunks\c9\c9d891290a54ec567f150962e76c6bf9cdf47b3b.js is not in module cache!
2026-7-6 11:57:56-debug: D:\工程项目\PlayableAD\Cocos\TheW\20260615_HYQ\HYQ_Project\temp\programming\packer-driver\targets\editor\chunks\04\04f62969dc20e2c08fceeca28e5f160f93c57d48.js resolved to D:\工程项目\PlayableAD\Cocos\TheW\20260615_HYQ\HYQ_Project\temp\programming\packer-driver\targets\editor\chunks\04\04f62969dc20e2c08fceeca28e5f160f93c57d48.js is not in module cache!
2026-7-6 11:57:56-debug: D:\工程项目\PlayableAD\Cocos\TheW\20260615_HYQ\HYQ_Project\temp\programming\packer-driver\targets\editor\chunks\84\84fdd98491917343dab9e13fe8b5a70bd6a363c2.js resolved to D:\工程项目\PlayableAD\Cocos\TheW\20260615_HYQ\HYQ_Project\temp\programming\packer-driver\targets\editor\chunks\84\84fdd98491917343dab9e13fe8b5a70bd6a363c2.js is not in module cache!
2026-7-6 11:57:56-debug: [[Executor]] Module "pack:///chunks/6a/6a5019a719a9014c047e67aa1cf34453ab8392ce.js" loaded.
2026-7-6 11:57:56-debug: [[Executor]] Module "cce:/internal/x/engine-export-to-editor/cc/editor/populate-internal-constants" loaded.
2026-7-6 11:57:56-debug: [[Executor]] Module "pack:///chunks/84/84fdd98491917343dab9e13fe8b5a70bd6a363c2.js" loaded.
2026-7-6 11:57:56-debug: [[Executor]] Module "cce:/internal/x/engine-export-to-editor/cc/editor/populate-internal-constants" loaded.
2026-7-6 11:57:56-debug: [[Executor]] Module "pack:///chunks/04/04f62969dc20e2c08fceeca28e5f160f93c57d48.js" loaded.
2026-7-6 11:57:56-debug: [[Executor]] Module "pack:///chunks/c9/c9d891290a54ec567f150962e76c6bf9cdf47b3b.js" loaded.
2026-7-6 11:57:56-debug: [[Executor]] Module "pack:///chunks/d9/d980f46bad1521f99cf9b02f6f4709610973859b.js" loaded.
2026-7-6 11:57:56-debug: [[Executor]] Register BuiltinPipelinePassBuilder
2026-7-6 11:57:56-debug: [[Executor]] Module "pack:///chunks/f2/f22794b1c95bc92b6e994a97e9b193af020adc12.js" loaded.
2026-7-6 11:57:56-debug: [[Executor]] Register BuiltinDepthOfFieldPass
2026-7-6 11:57:56-debug: [[Executor]] Register BuiltinPipelineSettings
2026-7-6 11:57:56-debug: D:\工程项目\PlayableAD\Cocos\TheW\20260615_HYQ\HYQ_Project\temp\programming\packer-driver\targets\editor\chunks\e0\e099fc7c0597d98bad93ecd30952e1955267ade1.js resolved to D:\工程项目\PlayableAD\Cocos\TheW\20260615_HYQ\HYQ_Project\temp\programming\packer-driver\targets\editor\chunks\e0\e099fc7c0597d98bad93ecd30952e1955267ade1.js is not in module cache!
2026-7-6 11:57:56-debug: [[Executor]] Register DebugViewRuntimeControl
2026-7-6 11:57:56-debug: [[Executor]] Module "pack:///chunks/e0/e099fc7c0597d98bad93ecd30952e1955267ade1.js" loaded.
2026-7-6 11:57:56-debug: D:\工程项目\PlayableAD\Cocos\TheW\20260615_HYQ\HYQ_Project\temp\programming\packer-driver\targets\editor\chunks\e2\e2118395860d446afdd7349c12bbbbd5ff0a8915.js resolved to D:\工程项目\PlayableAD\Cocos\TheW\20260615_HYQ\HYQ_Project\temp\programming\packer-driver\targets\editor\chunks\e2\e2118395860d446afdd7349c12bbbbd5ff0a8915.js is not in module cache!
2026-7-6 11:57:56-debug: [[Executor]] Module "pack:///chunks/e2/e2118395860d446afdd7349c12bbbbd5ff0a8915.js" loaded.
2026-7-6 11:57:56-debug: [[Executor]] Register Lightning
2026-7-6 11:57:56-debug: [[Executor]] Module "pack:///chunks/e9/e96bc804d4af33012a1ad5c19177a551c107f2ae.js" loaded.
2026-7-6 11:57:56-debug: D:\工程项目\PlayableAD\Cocos\TheW\20260615_HYQ\HYQ_Project\temp\programming\packer-driver\targets\editor\chunks\e9\e96bc804d4af33012a1ad5c19177a551c107f2ae.js resolved to D:\工程项目\PlayableAD\Cocos\TheW\20260615_HYQ\HYQ_Project\temp\programming\packer-driver\targets\editor\chunks\e9\e96bc804d4af33012a1ad5c19177a551c107f2ae.js is not in module cache!
2026-7-6 11:57:56-debug: D:\工程项目\PlayableAD\Cocos\TheW\20260615_HYQ\HYQ_Project\temp\programming\packer-driver\targets\editor\chunks\14\14cec8e3738599ab9965ee6a2127491eba1361af.js resolved to D:\工程项目\PlayableAD\Cocos\TheW\20260615_HYQ\HYQ_Project\temp\programming\packer-driver\targets\editor\chunks\14\14cec8e3738599ab9965ee6a2127491eba1361af.js is not in module cache!
2026-7-6 11:57:56-debug: D:\工程项目\PlayableAD\Cocos\TheW\20260615_HYQ\HYQ_Project\temp\programming\packer-driver\targets\editor\chunks\4d\4d6662648c8c361d9de350d72c1ab0a8e7508014.js resolved to D:\工程项目\PlayableAD\Cocos\TheW\20260615_HYQ\HYQ_Project\temp\programming\packer-driver\targets\editor\chunks\4d\4d6662648c8c361d9de350d72c1ab0a8e7508014.js is not in module cache!
2026-7-6 11:57:56-debug: D:\工程项目\PlayableAD\Cocos\TheW\20260615_HYQ\HYQ_Project\temp\programming\packer-driver\targets\editor\chunks\31\31cebe8e0355019a96c8dc216aed673e195b2a53.js resolved to D:\工程项目\PlayableAD\Cocos\TheW\20260615_HYQ\HYQ_Project\temp\programming\packer-driver\targets\editor\chunks\31\31cebe8e0355019a96c8dc216aed673e195b2a53.js is not in module cache!
2026-7-6 11:57:56-debug: [[Executor]] Module "pack:///chunks/4d/4d6662648c8c361d9de350d72c1ab0a8e7508014.js" loaded.
2026-7-6 11:57:56-debug: [[Executor]] Register LayerManager
2026-7-6 11:57:56-debug: [[Executor]] Module "pack:///chunks/31/31cebe8e0355019a96c8dc216aed673e195b2a53.js" loaded.
2026-7-6 11:57:56-debug: [[Executor]] Register CameraMove
2026-7-6 11:57:56-debug: [[Executor]] Module "pack:///chunks/14/14cec8e3738599ab9965ee6a2127491eba1361af.js" loaded.
2026-7-6 11:57:56-debug: D:\工程项目\PlayableAD\Cocos\TheW\20260615_HYQ\HYQ_Project\temp\programming\packer-driver\targets\editor\chunks\3f\3fc33806253ded99e50ac9220c73832ef2904ca7.js resolved to D:\工程项目\PlayableAD\Cocos\TheW\20260615_HYQ\HYQ_Project\temp\programming\packer-driver\targets\editor\chunks\3f\3fc33806253ded99e50ac9220c73832ef2904ca7.js is not in module cache!
2026-7-6 11:57:56-debug: D:\工程项目\PlayableAD\Cocos\TheW\20260615_HYQ\HYQ_Project\temp\programming\packer-driver\targets\editor\chunks\56\5601ae9cf318e5c14df7d30ca1cafe71734c982a.js resolved to D:\工程项目\PlayableAD\Cocos\TheW\20260615_HYQ\HYQ_Project\temp\programming\packer-driver\targets\editor\chunks\56\5601ae9cf318e5c14df7d30ca1cafe71734c982a.js is not in module cache!
2026-7-6 11:57:56-debug: [[Executor]] Module "pack:///chunks/3f/3fc33806253ded99e50ac9220c73832ef2904ca7.js" loaded.
2026-7-6 11:57:56-debug: [[Executor]] Module "pack:///chunks/56/5601ae9cf318e5c14df7d30ca1cafe71734c982a.js" loaded.
2026-7-6 11:57:56-debug: D:\工程项目\PlayableAD\Cocos\TheW\20260615_HYQ\HYQ_Project\temp\programming\packer-driver\targets\editor\chunks\90\901a8f42214a0198b9aca11ce347c093cca5e26c.js resolved to D:\工程项目\PlayableAD\Cocos\TheW\20260615_HYQ\HYQ_Project\temp\programming\packer-driver\targets\editor\chunks\90\901a8f42214a0198b9aca11ce347c093cca5e26c.js is not in module cache!
2026-7-6 11:57:56-debug: D:\工程项目\PlayableAD\Cocos\TheW\20260615_HYQ\HYQ_Project\temp\programming\packer-driver\targets\editor\chunks\84\8436bf0d6f6a392b090fff8471ad48b32970414b.js resolved to D:\工程项目\PlayableAD\Cocos\TheW\20260615_HYQ\HYQ_Project\temp\programming\packer-driver\targets\editor\chunks\84\8436bf0d6f6a392b090fff8471ad48b32970414b.js is not in module cache!
2026-7-6 11:57:56-debug: D:\工程项目\PlayableAD\Cocos\TheW\20260615_HYQ\HYQ_Project\temp\programming\packer-driver\targets\editor\chunks\8b\8b1077471006cad018e02beccd0bed5dcc54c671.js resolved to D:\工程项目\PlayableAD\Cocos\TheW\20260615_HYQ\HYQ_Project\temp\programming\packer-driver\targets\editor\chunks\8b\8b1077471006cad018e02beccd0bed5dcc54c671.js is not in module cache!
2026-7-6 11:57:56-debug: D:\工程项目\PlayableAD\Cocos\TheW\20260615_HYQ\HYQ_Project\temp\programming\packer-driver\targets\editor\chunks\8a\8ae7d51cc818f718270f9e2ad9b78b6df4ffa62c.js resolved to D:\工程项目\PlayableAD\Cocos\TheW\20260615_HYQ\HYQ_Project\temp\programming\packer-driver\targets\editor\chunks\8a\8ae7d51cc818f718270f9e2ad9b78b6df4ffa62c.js is not in module cache!
2026-7-6 11:57:56-debug: D:\工程项目\PlayableAD\Cocos\TheW\20260615_HYQ\HYQ_Project\temp\programming\packer-driver\targets\editor\chunks\a1\a1d124b8795c6e55160d2ce5ecbd41437847152f.js resolved to D:\工程项目\PlayableAD\Cocos\TheW\20260615_HYQ\HYQ_Project\temp\programming\packer-driver\targets\editor\chunks\a1\a1d124b8795c6e55160d2ce5ecbd41437847152f.js is not in module cache!
2026-7-6 11:57:56-debug: D:\工程项目\PlayableAD\Cocos\TheW\20260615_HYQ\HYQ_Project\temp\programming\packer-driver\targets\editor\chunks\79\798785a3f67288cbb075d5efa15a2c266208a881.js resolved to D:\工程项目\PlayableAD\Cocos\TheW\20260615_HYQ\HYQ_Project\temp\programming\packer-driver\targets\editor\chunks\79\798785a3f67288cbb075d5efa15a2c266208a881.js is not in module cache!
2026-7-6 11:57:56-debug: D:\工程项目\PlayableAD\Cocos\TheW\20260615_HYQ\HYQ_Project\temp\programming\packer-driver\targets\editor\chunks\f2\f20c45b49501fbe07d44e99d95c2c506a06a0ecd.js resolved to D:\工程项目\PlayableAD\Cocos\TheW\20260615_HYQ\HYQ_Project\temp\programming\packer-driver\targets\editor\chunks\f2\f20c45b49501fbe07d44e99d95c2c506a06a0ecd.js is not in module cache!
2026-7-6 11:57:56-debug: [[Executor]] Register UnityUpComponent
2026-7-6 11:57:56-debug: [[Executor]] Module "pack:///chunks/8a/8ae7d51cc818f718270f9e2ad9b78b6df4ffa62c.js" loaded.
2026-7-6 11:57:56-debug: [[Executor]] Module "pack:///chunks/f2/f20c45b49501fbe07d44e99d95c2c506a06a0ecd.js" loaded.
2026-7-6 11:57:56-debug: [[Executor]] Module "pack:///chunks/8b/8b1077471006cad018e02beccd0bed5dcc54c671.js" loaded.
2026-7-6 11:57:56-debug: [[Executor]] Register RotationDrive
2026-7-6 11:57:56-debug: [[Executor]] Module "pack:///chunks/a1/a1d124b8795c6e55160d2ce5ecbd41437847152f.js" loaded.
2026-7-6 11:57:56-debug: [[Executor]] Register MoveDrive
2026-7-6 11:57:56-debug: [[Executor]] Module "pack:///chunks/90/901a8f42214a0198b9aca11ce347c093cca5e26c.js" loaded.
2026-7-6 11:57:56-debug: [[Executor]] Module "pack:///chunks/84/8436bf0d6f6a392b090fff8471ad48b32970414b.js" loaded.
2026-7-6 11:57:56-debug: [[Executor]] Module "pack:///chunks/79/798785a3f67288cbb075d5efa15a2c266208a881.js" loaded.
2026-7-6 11:57:56-debug: D:\工程项目\PlayableAD\Cocos\TheW\20260615_HYQ\HYQ_Project\temp\programming\packer-driver\targets\editor\chunks\eb\eb316915c4446a477164305c14374917acb92a23.js resolved to D:\工程项目\PlayableAD\Cocos\TheW\20260615_HYQ\HYQ_Project\temp\programming\packer-driver\targets\editor\chunks\eb\eb316915c4446a477164305c14374917acb92a23.js is not in module cache!
2026-7-6 11:57:56-debug: [[Executor]] Register RotationVector
2026-7-6 11:57:56-debug: [[Executor]] Module "pack:///chunks/eb/eb316915c4446a477164305c14374917acb92a23.js" loaded.
2026-7-6 11:57:56-debug: D:\工程项目\PlayableAD\Cocos\TheW\20260615_HYQ\HYQ_Project\temp\programming\packer-driver\targets\editor\chunks\e9\e950dd2519065be1280daf69ce7f6b07e4d0caaa.js resolved to D:\工程项目\PlayableAD\Cocos\TheW\20260615_HYQ\HYQ_Project\temp\programming\packer-driver\targets\editor\chunks\e9\e950dd2519065be1280daf69ce7f6b07e4d0caaa.js is not in module cache!
2026-7-6 11:57:56-debug: [[Executor]] Register PrefabsManager
2026-7-6 11:57:56-debug: [[Executor]] Module "pack:///chunks/e9/e950dd2519065be1280daf69ce7f6b07e4d0caaa.js" loaded.
2026-7-6 11:57:56-debug: [[Executor]] Register PrefabsRes
2026-7-6 11:57:56-debug: D:\工程项目\PlayableAD\Cocos\TheW\20260615_HYQ\HYQ_Project\temp\programming\packer-driver\targets\editor\chunks\f0\f04c2dd9d3cc608a6f46e13bb5d3c46aa5633baf.js resolved to D:\工程项目\PlayableAD\Cocos\TheW\20260615_HYQ\HYQ_Project\temp\programming\packer-driver\targets\editor\chunks\f0\f04c2dd9d3cc608a6f46e13bb5d3c46aa5633baf.js is not in module cache!
2026-7-6 11:57:56-debug: D:\工程项目\PlayableAD\Cocos\TheW\20260615_HYQ\HYQ_Project\temp\programming\packer-driver\targets\editor\chunks\ed\edbdde40fab9baf06e704beb85e64d72f20aefb8.js resolved to D:\工程项目\PlayableAD\Cocos\TheW\20260615_HYQ\HYQ_Project\temp\programming\packer-driver\targets\editor\chunks\ed\edbdde40fab9baf06e704beb85e64d72f20aefb8.js is not in module cache!
2026-7-6 11:57:56-debug: [[Executor]] Register L18nManager
2026-7-6 11:57:56-debug: [[Executor]] Module "pack:///chunks/ed/edbdde40fab9baf06e704beb85e64d72f20aefb8.js" loaded.
2026-7-6 11:57:56-debug: [[Executor]] Module "pack:///chunks/f0/f04c2dd9d3cc608a6f46e13bb5d3c46aa5633baf.js" loaded.
2026-7-6 11:57:56-debug: [[Executor]] Register DownLoadL8
2026-7-6 11:57:56-debug: D:\工程项目\PlayableAD\Cocos\TheW\20260615_HYQ\HYQ_Project\temp\programming\packer-driver\targets\editor\chunks\f8\f8baeccf8cf047db05161c9b9e8b6b4ff9eefe2f.js resolved to D:\工程项目\PlayableAD\Cocos\TheW\20260615_HYQ\HYQ_Project\temp\programming\packer-driver\targets\editor\chunks\f8\f8baeccf8cf047db05161c9b9e8b6b4ff9eefe2f.js is not in module cache!
2026-7-6 11:57:56-debug: [[Executor]] Register DownLoadL8
2026-7-6 11:57:56-debug: [[Executor]] Module "pack:///chunks/f8/f8baeccf8cf047db05161c9b9e8b6b4ff9eefe2f.js" loaded.
2026-7-6 11:57:56-debug: D:\工程项目\PlayableAD\Cocos\TheW\20260615_HYQ\HYQ_Project\temp\programming\packer-driver\targets\editor\chunks\63\633ac4308370832c1c78b9f28702617696f6e9fb.js resolved to D:\工程项目\PlayableAD\Cocos\TheW\20260615_HYQ\HYQ_Project\temp\programming\packer-driver\targets\editor\chunks\63\633ac4308370832c1c78b9f28702617696f6e9fb.js is not in module cache!
2026-7-6 11:57:56-debug: [[Executor]] Register LangArrAuto
2026-7-6 11:57:56-debug: [[Executor]] Module "pack:///chunks/63/633ac4308370832c1c78b9f28702617696f6e9fb.js" loaded.
2026-7-6 11:57:56-debug: D:\工程项目\PlayableAD\Cocos\TheW\20260615_HYQ\HYQ_Project\temp\programming\packer-driver\targets\editor\chunks\f5\f570589f727cbf96139a6869e201d7a87544da71.js resolved to D:\工程项目\PlayableAD\Cocos\TheW\20260615_HYQ\HYQ_Project\temp\programming\packer-driver\targets\editor\chunks\f5\f570589f727cbf96139a6869e201d7a87544da71.js is not in module cache!
2026-7-6 11:57:56-debug: [[Executor]] Module "pack:///chunks/f5/f570589f727cbf96139a6869e201d7a87544da71.js" loaded.
2026-7-6 11:57:56-debug: [[Executor]] Register LangAuto
2026-7-6 11:57:56-debug: D:\工程项目\PlayableAD\Cocos\TheW\20260615_HYQ\HYQ_Project\temp\programming\packer-driver\targets\editor\chunks\40\407fe08f85a1575a06beb3692d40cf36d9684f58.js resolved to D:\工程项目\PlayableAD\Cocos\TheW\20260615_HYQ\HYQ_Project\temp\programming\packer-driver\targets\editor\chunks\40\407fe08f85a1575a06beb3692d40cf36d9684f58.js is not in module cache!
2026-7-6 11:57:56-debug: [[Executor]] Module "pack:///chunks/40/407fe08f85a1575a06beb3692d40cf36d9684f58.js" loaded.
2026-7-6 11:57:56-debug: [[Executor]] Register ResurrectionL8
2026-7-6 11:57:56-debug: D:\工程项目\PlayableAD\Cocos\TheW\20260615_HYQ\HYQ_Project\temp\programming\packer-driver\targets\editor\chunks\0f\0fd75e1d9556ba520ee98c89195f9d0594110ad2.js resolved to D:\工程项目\PlayableAD\Cocos\TheW\20260615_HYQ\HYQ_Project\temp\programming\packer-driver\targets\editor\chunks\0f\0fd75e1d9556ba520ee98c89195f9d0594110ad2.js is not in module cache!
2026-7-6 11:57:56-debug: [[Executor]] Module "pack:///chunks/0f/0fd75e1d9556ba520ee98c89195f9d0594110ad2.js" loaded.
2026-7-6 11:57:56-debug: D:\工程项目\PlayableAD\Cocos\TheW\20260615_HYQ\HYQ_Project\temp\programming\packer-driver\targets\editor\chunks\84\84bbaa7f2e1a0639f57f755b935e1acb7d73f78e.js resolved to D:\工程项目\PlayableAD\Cocos\TheW\20260615_HYQ\HYQ_Project\temp\programming\packer-driver\targets\editor\chunks\84\84bbaa7f2e1a0639f57f755b935e1acb7d73f78e.js is not in module cache!
2026-7-6 11:57:56-debug: D:\工程项目\PlayableAD\Cocos\TheW\20260615_HYQ\HYQ_Project\temp\programming\packer-driver\targets\editor\chunks\5f\5fdfd08a9c16dc742e66ef16a5a8e13f5f831a3e.js resolved to D:\工程项目\PlayableAD\Cocos\TheW\20260615_HYQ\HYQ_Project\temp\programming\packer-driver\targets\editor\chunks\5f\5fdfd08a9c16dc742e66ef16a5a8e13f5f831a3e.js is not in module cache!
2026-7-6 11:57:56-debug: D:\工程项目\PlayableAD\Cocos\TheW\20260615_HYQ\HYQ_Project\temp\programming\packer-driver\targets\editor\chunks\4c\4c2851018e56f823e74c2b3e2117156bcb9e76d0.js resolved to D:\工程项目\PlayableAD\Cocos\TheW\20260615_HYQ\HYQ_Project\temp\programming\packer-driver\targets\editor\chunks\4c\4c2851018e56f823e74c2b3e2117156bcb9e76d0.js is not in module cache!
2026-7-6 11:57:56-debug: D:\工程项目\PlayableAD\Cocos\TheW\20260615_HYQ\HYQ_Project\temp\programming\packer-driver\targets\editor\chunks\2e\2edb51f2f57b638345a2b9d561f476b67029b574.js resolved to D:\工程项目\PlayableAD\Cocos\TheW\20260615_HYQ\HYQ_Project\temp\programming\packer-driver\targets\editor\chunks\2e\2edb51f2f57b638345a2b9d561f476b67029b574.js is not in module cache!
2026-7-6 11:57:56-debug: D:\工程项目\PlayableAD\Cocos\TheW\20260615_HYQ\HYQ_Project\temp\programming\packer-driver\targets\editor\chunks\ec\ecb76259f390974cf14cad52564b11281c42a7e6.js resolved to D:\工程项目\PlayableAD\Cocos\TheW\20260615_HYQ\HYQ_Project\temp\programming\packer-driver\targets\editor\chunks\ec\ecb76259f390974cf14cad52564b11281c42a7e6.js is not in module cache!
2026-7-6 11:57:56-debug: D:\工程项目\PlayableAD\Cocos\TheW\20260615_HYQ\HYQ_Project\temp\programming\packer-driver\targets\editor\chunks\e5\e5fea8c54230bb378b45e63a8ea8186bdeccbbe2.js resolved to D:\工程项目\PlayableAD\Cocos\TheW\20260615_HYQ\HYQ_Project\temp\programming\packer-driver\targets\editor\chunks\e5\e5fea8c54230bb378b45e63a8ea8186bdeccbbe2.js is not in module cache!
2026-7-6 11:57:56-debug: D:\工程项目\PlayableAD\Cocos\TheW\20260615_HYQ\HYQ_Project\temp\programming\packer-driver\targets\editor\chunks\38\38483f6f68b174c6aad120536d38c3642cb0e458.js resolved to D:\工程项目\PlayableAD\Cocos\TheW\20260615_HYQ\HYQ_Project\temp\programming\packer-driver\targets\editor\chunks\38\38483f6f68b174c6aad120536d38c3642cb0e458.js is not in module cache!
2026-7-6 11:57:56-debug: D:\工程项目\PlayableAD\Cocos\TheW\20260615_HYQ\HYQ_Project\temp\programming\packer-driver\targets\editor\chunks\b6\b6919de7425c243c4e1697f376cb4f6f6b2769a4.js resolved to D:\工程项目\PlayableAD\Cocos\TheW\20260615_HYQ\HYQ_Project\temp\programming\packer-driver\targets\editor\chunks\b6\b6919de7425c243c4e1697f376cb4f6f6b2769a4.js is not in module cache!
2026-7-6 11:57:56-debug: D:\工程项目\PlayableAD\Cocos\TheW\20260615_HYQ\HYQ_Project\temp\programming\packer-driver\targets\editor\chunks\d5\d58c1ab1b696259af8c3b1384857266dba055462.js resolved to D:\工程项目\PlayableAD\Cocos\TheW\20260615_HYQ\HYQ_Project\temp\programming\packer-driver\targets\editor\chunks\d5\d58c1ab1b696259af8c3b1384857266dba055462.js is not in module cache!
2026-7-6 11:57:56-debug: D:\工程项目\PlayableAD\Cocos\TheW\20260615_HYQ\HYQ_Project\temp\programming\packer-driver\targets\editor\chunks\41\4103e3b8e8be7d1b0e7a8a67f28a2c29fe9aa2dc.js resolved to D:\工程项目\PlayableAD\Cocos\TheW\20260615_HYQ\HYQ_Project\temp\programming\packer-driver\targets\editor\chunks\41\4103e3b8e8be7d1b0e7a8a67f28a2c29fe9aa2dc.js is not in module cache!
2026-7-6 11:57:56-debug: D:\工程项目\PlayableAD\Cocos\TheW\20260615_HYQ\HYQ_Project\temp\programming\packer-driver\targets\editor\chunks\f6\f6cf9b6088316a765dbcd0b22eb496d3f4be80dc.js resolved to D:\工程项目\PlayableAD\Cocos\TheW\20260615_HYQ\HYQ_Project\temp\programming\packer-driver\targets\editor\chunks\f6\f6cf9b6088316a765dbcd0b22eb496d3f4be80dc.js is not in module cache!
2026-7-6 11:57:56-debug: [[Executor]] Module "pack:///chunks/4c/4c2851018e56f823e74c2b3e2117156bcb9e76d0.js" loaded.
2026-7-6 11:57:56-debug: [[Executor]] Module "pack:///chunks/f6/f6cf9b6088316a765dbcd0b22eb496d3f4be80dc.js" loaded.
2026-7-6 11:57:56-debug: [[Executor]] Register Prop
2026-7-6 11:57:56-debug: [[Executor]] Register JumpDriveEngine
2026-7-6 11:57:56-debug: [[Executor]] Module "pack:///chunks/ec/ecb76259f390974cf14cad52564b11281c42a7e6.js" loaded.
2026-7-6 11:57:56-debug: [[Executor]] Module "pack:///chunks/d5/d58c1ab1b696259af8c3b1384857266dba055462.js" loaded.
2026-7-6 11:57:56-debug: [[Executor]] Module "pack:///chunks/38/38483f6f68b174c6aad120536d38c3642cb0e458.js" loaded.
2026-7-6 11:57:56-debug: [[Executor]] Module "pack:///chunks/e5/e5fea8c54230bb378b45e63a8ea8186bdeccbbe2.js" loaded.
2026-7-6 11:57:56-debug: [[Executor]] Module "pack:///chunks/41/4103e3b8e8be7d1b0e7a8a67f28a2c29fe9aa2dc.js" loaded.
2026-7-6 11:57:56-debug: [[Executor]] Module "pack:///chunks/2e/2edb51f2f57b638345a2b9d561f476b67029b574.js" loaded.
2026-7-6 11:57:56-debug: [[Executor]] Register BagBase
2026-7-6 11:57:56-debug: [[Executor]] Module "pack:///chunks/5f/5fdfd08a9c16dc742e66ef16a5a8e13f5f831a3e.js" loaded.
2026-7-6 11:57:56-debug: [[Executor]] Module "pack:///chunks/84/84bbaa7f2e1a0639f57f755b935e1acb7d73f78e.js" loaded.
2026-7-6 11:57:56-debug: [[Executor]] Module "pack:///chunks/b6/b6919de7425c243c4e1697f376cb4f6f6b2769a4.js" loaded.
2026-7-6 11:57:56-debug: D:\工程项目\PlayableAD\Cocos\TheW\20260615_HYQ\HYQ_Project\temp\programming\packer-driver\targets\editor\chunks\80\80f420cd19a5967732f7f177a68c3670990311d3.js resolved to D:\工程项目\PlayableAD\Cocos\TheW\20260615_HYQ\HYQ_Project\temp\programming\packer-driver\targets\editor\chunks\80\80f420cd19a5967732f7f177a68c3670990311d3.js is not in module cache!
2026-7-6 11:57:56-debug: [[Executor]] Register FlayPropManager
2026-7-6 11:57:56-debug: [[Executor]] Module "pack:///chunks/80/80f420cd19a5967732f7f177a68c3670990311d3.js" loaded.
2026-7-6 11:57:56-debug: D:\工程项目\PlayableAD\Cocos\TheW\20260615_HYQ\HYQ_Project\temp\programming\packer-driver\targets\editor\chunks\b5\b5c69e24499acddd297e4328687b0ea934b109d5.js resolved to D:\工程项目\PlayableAD\Cocos\TheW\20260615_HYQ\HYQ_Project\temp\programming\packer-driver\targets\editor\chunks\b5\b5c69e24499acddd297e4328687b0ea934b109d5.js is not in module cache!
2026-7-6 11:57:56-debug: [[Executor]] Register GroupBag3D
2026-7-6 11:57:56-debug: [[Executor]] Module "pack:///chunks/b5/b5c69e24499acddd297e4328687b0ea934b109d5.js" loaded.
2026-7-6 11:57:56-debug: D:\工程项目\PlayableAD\Cocos\TheW\20260615_HYQ\HYQ_Project\temp\programming\packer-driver\targets\editor\chunks\7e\7e52be47c960966fc7d962b7957dbbce1047514e.js resolved to D:\工程项目\PlayableAD\Cocos\TheW\20260615_HYQ\HYQ_Project\temp\programming\packer-driver\targets\editor\chunks\7e\7e52be47c960966fc7d962b7957dbbce1047514e.js is not in module cache!
2026-7-6 11:57:56-debug: [[Executor]] Module "pack:///chunks/7e/7e52be47c960966fc7d962b7957dbbce1047514e.js" loaded.
2026-7-6 11:57:56-debug: [[Executor]] Register GroupPropTransform
2026-7-6 11:57:56-debug: D:\工程项目\PlayableAD\Cocos\TheW\20260615_HYQ\HYQ_Project\temp\programming\packer-driver\targets\editor\chunks\f4\f4bb2b73aacdc0370fc65face1ef60d9e8732bfd.js resolved to D:\工程项目\PlayableAD\Cocos\TheW\20260615_HYQ\HYQ_Project\temp\programming\packer-driver\targets\editor\chunks\f4\f4bb2b73aacdc0370fc65face1ef60d9e8732bfd.js is not in module cache!
2026-7-6 11:57:56-debug: [[Executor]] Module "pack:///chunks/f4/f4bb2b73aacdc0370fc65face1ef60d9e8732bfd.js" loaded.
2026-7-6 11:57:56-debug: D:\工程项目\PlayableAD\Cocos\TheW\20260615_HYQ\HYQ_Project\temp\programming\packer-driver\targets\editor\chunks\0e\0ea1c77c59b038eb4661ef171f440cbc7cc134ca.js resolved to D:\工程项目\PlayableAD\Cocos\TheW\20260615_HYQ\HYQ_Project\temp\programming\packer-driver\targets\editor\chunks\0e\0ea1c77c59b038eb4661ef171f440cbc7cc134ca.js is not in module cache!
2026-7-6 11:57:56-debug: [[Executor]] Register LabBagUp
2026-7-6 11:57:56-debug: [[Executor]] Module "pack:///chunks/0e/0ea1c77c59b038eb4661ef171f440cbc7cc134ca.js" loaded.
2026-7-6 11:57:56-debug: D:\工程项目\PlayableAD\Cocos\TheW\20260615_HYQ\HYQ_Project\temp\programming\packer-driver\targets\editor\chunks\29\296009d632e65e6f653d790324d741c2d9759f34.js resolved to D:\工程项目\PlayableAD\Cocos\TheW\20260615_HYQ\HYQ_Project\temp\programming\packer-driver\targets\editor\chunks\29\296009d632e65e6f653d790324d741c2d9759f34.js is not in module cache!
2026-7-6 11:57:56-debug: D:\工程项目\PlayableAD\Cocos\TheW\20260615_HYQ\HYQ_Project\temp\programming\packer-driver\targets\editor\chunks\3f\3ff8f1a74d7fbbd22ced04971b6ab15e04fd86a6.js resolved to D:\工程项目\PlayableAD\Cocos\TheW\20260615_HYQ\HYQ_Project\temp\programming\packer-driver\targets\editor\chunks\3f\3ff8f1a74d7fbbd22ced04971b6ab15e04fd86a6.js is not in module cache!
2026-7-6 11:57:56-debug: D:\工程项目\PlayableAD\Cocos\TheW\20260615_HYQ\HYQ_Project\temp\programming\packer-driver\targets\editor\chunks\80\803faff6203a98317cc86f08677de73b7112b743.js resolved to D:\工程项目\PlayableAD\Cocos\TheW\20260615_HYQ\HYQ_Project\temp\programming\packer-driver\targets\editor\chunks\80\803faff6203a98317cc86f08677de73b7112b743.js is not in module cache!
2026-7-6 11:57:56-debug: [[Executor]] Module "pack:///chunks/80/803faff6203a98317cc86f08677de73b7112b743.js" loaded.
2026-7-6 11:57:56-debug: [[Executor]] Module "pack:///chunks/b1/b12e427b1fcb487f729ef654542d8e9775a297cb.js" loaded.
2026-7-6 11:57:56-debug: [[Executor]] Module "pack:///chunks/3f/3ff8f1a74d7fbbd22ced04971b6ab15e04fd86a6.js" loaded.
2026-7-6 11:57:56-debug: [[Executor]] Register CollectGetTarget
2026-7-6 11:57:56-debug: D:\工程项目\PlayableAD\Cocos\TheW\20260615_HYQ\HYQ_Project\temp\programming\packer-driver\targets\editor\chunks\b1\b12e427b1fcb487f729ef654542d8e9775a297cb.js resolved to D:\工程项目\PlayableAD\Cocos\TheW\20260615_HYQ\HYQ_Project\temp\programming\packer-driver\targets\editor\chunks\b1\b12e427b1fcb487f729ef654542d8e9775a297cb.js is not in module cache!
2026-7-6 11:57:56-debug: [[Executor]] Register AttackTargetBase
2026-7-6 11:57:56-debug: [[Executor]] Module "pack:///chunks/29/296009d632e65e6f653d790324d741c2d9759f34.js" loaded.
2026-7-6 11:57:56-debug: [[Executor]] Register AreaAttack
2026-7-6 11:57:56-debug: D:\工程项目\PlayableAD\Cocos\TheW\20260615_HYQ\HYQ_Project\temp\programming\packer-driver\targets\editor\chunks\d5\d5f6e07e1b02d743fed3d9c2c8e155b0c3309d52.js resolved to D:\工程项目\PlayableAD\Cocos\TheW\20260615_HYQ\HYQ_Project\temp\programming\packer-driver\targets\editor\chunks\d5\d5f6e07e1b02d743fed3d9c2c8e155b0c3309d52.js is not in module cache!
2026-7-6 11:57:56-debug: [[Executor]] Register MeleeAttack
2026-7-6 11:57:56-debug: [[Executor]] Module "pack:///chunks/d5/d5f6e07e1b02d743fed3d9c2c8e155b0c3309d52.js" loaded.
2026-7-6 11:57:56-debug: D:\工程项目\PlayableAD\Cocos\TheW\20260615_HYQ\HYQ_Project\temp\programming\packer-driver\targets\editor\chunks\02\021cbce763294c7c4adf05845718c817a68ff9f3.js resolved to D:\工程项目\PlayableAD\Cocos\TheW\20260615_HYQ\HYQ_Project\temp\programming\packer-driver\targets\editor\chunks\02\021cbce763294c7c4adf05845718c817a68ff9f3.js is not in module cache!
2026-7-6 11:57:56-debug: D:\工程项目\PlayableAD\Cocos\TheW\20260615_HYQ\HYQ_Project\temp\programming\packer-driver\targets\editor\chunks\23\2370bd6a63dbba247d7fcab21c5244288f150386.js resolved to D:\工程项目\PlayableAD\Cocos\TheW\20260615_HYQ\HYQ_Project\temp\programming\packer-driver\targets\editor\chunks\23\2370bd6a63dbba247d7fcab21c5244288f150386.js is not in module cache!
2026-7-6 11:57:56-debug: D:\工程项目\PlayableAD\Cocos\TheW\20260615_HYQ\HYQ_Project\temp\programming\packer-driver\targets\editor\chunks\9e\9ec8816866d723aea0e61547ea23bf04cc3c7c78.js resolved to D:\工程项目\PlayableAD\Cocos\TheW\20260615_HYQ\HYQ_Project\temp\programming\packer-driver\targets\editor\chunks\9e\9ec8816866d723aea0e61547ea23bf04cc3c7c78.js is not in module cache!
2026-7-6 11:57:56-debug: [[Executor]] Module "pack:///chunks/9e/9ec8816866d723aea0e61547ea23bf04cc3c7c78.js" loaded.
2026-7-6 11:57:56-debug: [[Executor]] Register HpComponent
2026-7-6 11:57:56-debug: [[Executor]] Register MeshFlashPropData
2026-7-6 11:57:56-debug: [[Executor]] Register MeshFlashSwitchData
2026-7-6 11:57:56-debug: [[Executor]] Module "pack:///chunks/23/2370bd6a63dbba247d7fcab21c5244288f150386.js" loaded.
2026-7-6 11:57:56-debug: [[Executor]] Register BattleTargetBase
2026-7-6 11:57:56-debug: [[Executor]] Register MeshFlashData
2026-7-6 11:57:56-debug: [[Executor]] Module "pack:///chunks/02/021cbce763294c7c4adf05845718c817a68ff9f3.js" loaded.
2026-7-6 11:57:56-debug: D:\工程项目\PlayableAD\Cocos\TheW\20260615_HYQ\HYQ_Project\temp\programming\packer-driver\targets\editor\chunks\9b\9be30ad1a917cc0914201f1db5bdf1c5cb4d6e49.js resolved to D:\工程项目\PlayableAD\Cocos\TheW\20260615_HYQ\HYQ_Project\temp\programming\packer-driver\targets\editor\chunks\9b\9be30ad1a917cc0914201f1db5bdf1c5cb4d6e49.js is not in module cache!
2026-7-6 11:57:56-debug: D:\工程项目\PlayableAD\Cocos\TheW\20260615_HYQ\HYQ_Project\temp\programming\packer-driver\targets\editor\chunks\43\4314f54defc530df4c3d4a14e3561038b8628ff3.js resolved to D:\工程项目\PlayableAD\Cocos\TheW\20260615_HYQ\HYQ_Project\temp\programming\packer-driver\targets\editor\chunks\43\4314f54defc530df4c3d4a14e3561038b8628ff3.js is not in module cache!
2026-7-6 11:57:56-debug: D:\工程项目\PlayableAD\Cocos\TheW\20260615_HYQ\HYQ_Project\temp\programming\packer-driver\targets\editor\chunks\6c\6c35293030e947e52f03ea585990d17f31ea7df0.js resolved to D:\工程项目\PlayableAD\Cocos\TheW\20260615_HYQ\HYQ_Project\temp\programming\packer-driver\targets\editor\chunks\6c\6c35293030e947e52f03ea585990d17f31ea7df0.js is not in module cache!
2026-7-6 11:57:56-debug: D:\工程项目\PlayableAD\Cocos\TheW\20260615_HYQ\HYQ_Project\temp\programming\packer-driver\targets\editor\chunks\a7\a78b9d0a8af4315011c59f40b6c49da033e49269.js resolved to D:\工程项目\PlayableAD\Cocos\TheW\20260615_HYQ\HYQ_Project\temp\programming\packer-driver\targets\editor\chunks\a7\a78b9d0a8af4315011c59f40b6c49da033e49269.js is not in module cache!
2026-7-6 11:57:56-debug: D:\工程项目\PlayableAD\Cocos\TheW\20260615_HYQ\HYQ_Project\temp\programming\packer-driver\targets\editor\chunks\9a\9a8786a747b555136cef77c9f5e7ad17e18a31eb.js resolved to D:\工程项目\PlayableAD\Cocos\TheW\20260615_HYQ\HYQ_Project\temp\programming\packer-driver\targets\editor\chunks\9a\9a8786a747b555136cef77c9f5e7ad17e18a31eb.js is not in module cache!
2026-7-6 11:57:56-debug: D:\工程项目\PlayableAD\Cocos\TheW\20260615_HYQ\HYQ_Project\temp\programming\packer-driver\targets\editor\chunks\bb\bb66609565f0d30fbedfe7ab7019decca8a2726b.js resolved to D:\工程项目\PlayableAD\Cocos\TheW\20260615_HYQ\HYQ_Project\temp\programming\packer-driver\targets\editor\chunks\bb\bb66609565f0d30fbedfe7ab7019decca8a2726b.js is not in module cache!
2026-7-6 11:57:56-debug: D:\工程项目\PlayableAD\Cocos\TheW\20260615_HYQ\HYQ_Project\temp\programming\packer-driver\targets\editor\chunks\e1\e13771ea8032dbc1728530af431c57de3b1e5e24.js resolved to D:\工程项目\PlayableAD\Cocos\TheW\20260615_HYQ\HYQ_Project\temp\programming\packer-driver\targets\editor\chunks\e1\e13771ea8032dbc1728530af431c57de3b1e5e24.js is not in module cache!
2026-7-6 11:57:56-debug: D:\工程项目\PlayableAD\Cocos\TheW\20260615_HYQ\HYQ_Project\temp\programming\packer-driver\targets\editor\chunks\b0\b0316da27abe29af9f8a517d28257bc913762f57.js resolved to D:\工程项目\PlayableAD\Cocos\TheW\20260615_HYQ\HYQ_Project\temp\programming\packer-driver\targets\editor\chunks\b0\b0316da27abe29af9f8a517d28257bc913762f57.js is not in module cache!
2026-7-6 11:57:56-debug: D:\工程项目\PlayableAD\Cocos\TheW\20260615_HYQ\HYQ_Project\temp\programming\packer-driver\targets\editor\chunks\4a\4a75ba705e89112b3bcc356e77985c7a095b80f4.js resolved to D:\工程项目\PlayableAD\Cocos\TheW\20260615_HYQ\HYQ_Project\temp\programming\packer-driver\targets\editor\chunks\4a\4a75ba705e89112b3bcc356e77985c7a095b80f4.js is not in module cache!
2026-7-6 11:57:56-debug: D:\工程项目\PlayableAD\Cocos\TheW\20260615_HYQ\HYQ_Project\temp\programming\packer-driver\targets\editor\chunks\ce\ced31965a759b2c1d777a8f0d98f8cd326020d87.js resolved to D:\工程项目\PlayableAD\Cocos\TheW\20260615_HYQ\HYQ_Project\temp\programming\packer-driver\targets\editor\chunks\ce\ced31965a759b2c1d777a8f0d98f8cd326020d87.js is not in module cache!
2026-7-6 11:57:56-debug: D:\工程项目\PlayableAD\Cocos\TheW\20260615_HYQ\HYQ_Project\temp\programming\packer-driver\targets\editor\chunks\dc\dcc18999575bc7125a793680f1b595554e7f2cde.js resolved to D:\工程项目\PlayableAD\Cocos\TheW\20260615_HYQ\HYQ_Project\temp\programming\packer-driver\targets\editor\chunks\dc\dcc18999575bc7125a793680f1b595554e7f2cde.js is not in module cache!
2026-7-6 11:57:56-debug: [[Executor]] Register EffectRemoveBase
2026-7-6 11:57:56-debug: [[Executor]] Register EffectTimePartRemove
2026-7-6 11:57:56-debug: [[Executor]] Module "pack:///chunks/dc/dcc18999575bc7125a793680f1b595554e7f2cde.js" loaded.
2026-7-6 11:57:56-debug: [[Executor]] Module "pack:///chunks/b0/b0316da27abe29af9f8a517d28257bc913762f57.js" loaded.
2026-7-6 11:57:56-debug: [[Executor]] Register EffectManager
2026-7-6 11:57:56-debug: [[Executor]] Register ColliderTag
2026-7-6 11:57:56-debug: [[Executor]] Module "pack:///chunks/4a/4a75ba705e89112b3bcc356e77985c7a095b80f4.js" loaded.
2026-7-6 11:57:56-debug: [[Executor]] Module "pack:///chunks/e1/e13771ea8032dbc1728530af431c57de3b1e5e24.js" loaded.
2026-7-6 11:57:56-debug: [[Executor]] Register BulletMonsterCollisionManager
2026-7-6 11:57:56-debug: [[Executor]] Module "pack:///chunks/a7/a78b9d0a8af4315011c59f40b6c49da033e49269.js" loaded.
2026-7-6 11:57:56-debug: [[Executor]] Register BulletBattle3D
2026-7-6 11:57:56-debug: [[Executor]] Register BattleTarget3D
2026-7-6 11:57:56-debug: [[Executor]] Module "pack:///chunks/9a/9a8786a747b555136cef77c9f5e7ad17e18a31eb.js" loaded.
2026-7-6 11:57:56-debug: [[Executor]] Module "pack:///chunks/bb/bb66609565f0d30fbedfe7ab7019decca8a2726b.js" loaded.
2026-7-6 11:57:56-debug: [[Executor]] Register BulletCollideBase2D
2026-7-6 11:57:56-debug: [[Executor]] Module "pack:///chunks/6c/6c35293030e947e52f03ea585990d17f31ea7df0.js" loaded.
2026-7-6 11:57:56-debug: [[Executor]] Module "pack:///chunks/43/4314f54defc530df4c3d4a14e3561038b8628ff3.js" loaded.
2026-7-6 11:57:56-debug: [[Executor]] Register BulletBattle2D
2026-7-6 11:57:56-debug: [[Executor]] Module "pack:///chunks/9b/9be30ad1a917cc0914201f1db5bdf1c5cb4d6e49.js" loaded.
2026-7-6 11:57:56-debug: [[Executor]] Module "pack:///chunks/ce/ced31965a759b2c1d777a8f0d98f8cd326020d87.js" loaded.
2026-7-6 11:57:56-debug: [[Executor]] Register RangedAttack
2026-7-6 11:57:56-debug: D:\工程项目\PlayableAD\Cocos\TheW\20260615_HYQ\HYQ_Project\temp\programming\packer-driver\targets\editor\chunks\05\0510980ff6e9ad26ec622e2230780bc7f1d96f08.js resolved to D:\工程项目\PlayableAD\Cocos\TheW\20260615_HYQ\HYQ_Project\temp\programming\packer-driver\targets\editor\chunks\05\0510980ff6e9ad26ec622e2230780bc7f1d96f08.js is not in module cache!
2026-7-6 11:57:56-debug: D:\工程项目\PlayableAD\Cocos\TheW\20260615_HYQ\HYQ_Project\temp\programming\packer-driver\targets\editor\chunks\8a\8a4b23fc8904a55daa926fa9bf2d450c2c59d378.js resolved to D:\工程项目\PlayableAD\Cocos\TheW\20260615_HYQ\HYQ_Project\temp\programming\packer-driver\targets\editor\chunks\8a\8a4b23fc8904a55daa926fa9bf2d450c2c59d378.js is not in module cache!
2026-7-6 11:57:56-debug: D:\工程项目\PlayableAD\Cocos\TheW\20260615_HYQ\HYQ_Project\temp\programming\packer-driver\targets\editor\chunks\5b\5b626ae965dfc8bbf67ffe6dd329ea95c382afe6.js resolved to D:\工程项目\PlayableAD\Cocos\TheW\20260615_HYQ\HYQ_Project\temp\programming\packer-driver\targets\editor\chunks\5b\5b626ae965dfc8bbf67ffe6dd329ea95c382afe6.js is not in module cache!
2026-7-6 11:57:56-debug: [[Executor]] Register TriggerBase2D
2026-7-6 11:57:56-debug: [[Executor]] Register BattleTarget2D
2026-7-6 11:57:56-debug: [[Executor]] Module "pack:///chunks/8a/8a4b23fc8904a55daa926fa9bf2d450c2c59d378.js" loaded.
2026-7-6 11:57:56-debug: [[Executor]] Register CollectBattleTarger2D
2026-7-6 11:57:56-debug: [[Executor]] Module "pack:///chunks/5b/5b626ae965dfc8bbf67ffe6dd329ea95c382afe6.js" loaded.
2026-7-6 11:57:56-debug: [[Executor]] Module "pack:///chunks/05/0510980ff6e9ad26ec622e2230780bc7f1d96f08.js" loaded.
2026-7-6 11:57:56-debug: D:\工程项目\PlayableAD\Cocos\TheW\20260615_HYQ\HYQ_Project\temp\programming\packer-driver\targets\editor\chunks\6e\6e4d3e245933373fd13279940a5d6dee30418f49.js resolved to D:\工程项目\PlayableAD\Cocos\TheW\20260615_HYQ\HYQ_Project\temp\programming\packer-driver\targets\editor\chunks\6e\6e4d3e245933373fd13279940a5d6dee30418f49.js is not in module cache!
2026-7-6 11:57:56-debug: D:\工程项目\PlayableAD\Cocos\TheW\20260615_HYQ\HYQ_Project\temp\programming\packer-driver\targets\editor\chunks\f0\f05038aedf4d7805ad91dbf59f1c87fe35c23bb5.js resolved to D:\工程项目\PlayableAD\Cocos\TheW\20260615_HYQ\HYQ_Project\temp\programming\packer-driver\targets\editor\chunks\f0\f05038aedf4d7805ad91dbf59f1c87fe35c23bb5.js is not in module cache!
2026-7-6 11:57:56-debug: D:\工程项目\PlayableAD\Cocos\TheW\20260615_HYQ\HYQ_Project\temp\programming\packer-driver\targets\editor\chunks\05\05825d2a71d7765a90fbbdda8907aab57810f0a0.js resolved to D:\工程项目\PlayableAD\Cocos\TheW\20260615_HYQ\HYQ_Project\temp\programming\packer-driver\targets\editor\chunks\05\05825d2a71d7765a90fbbdda8907aab57810f0a0.js is not in module cache!
2026-7-6 11:57:56-debug: [[Executor]] Register BulletBatchRenderer
2026-7-6 11:57:56-debug: [[Executor]] Module "pack:///chunks/f0/f05038aedf4d7805ad91dbf59f1c87fe35c23bb5.js" loaded.
2026-7-6 11:57:56-debug: [[Executor]] Register AttackParkPlay
2026-7-6 11:57:56-debug: [[Executor]] Module "pack:///chunks/05/05825d2a71d7765a90fbbdda8907aab57810f0a0.js" loaded.
2026-7-6 11:57:56-debug: [[Executor]] Register RangeTowerAttack
2026-7-6 11:57:56-debug: [[Executor]] Module "pack:///chunks/6e/6e4d3e245933373fd13279940a5d6dee30418f49.js" loaded.
2026-7-6 11:57:56-debug: D:\工程项目\PlayableAD\Cocos\TheW\20260615_HYQ\HYQ_Project\temp\programming\packer-driver\targets\editor\chunks\fa\fad9c36dab7fd23cbd0b1b9ebcbd02e6023aaadd.js resolved to D:\工程项目\PlayableAD\Cocos\TheW\20260615_HYQ\HYQ_Project\temp\programming\packer-driver\targets\editor\chunks\fa\fad9c36dab7fd23cbd0b1b9ebcbd02e6023aaadd.js is not in module cache!
2026-7-6 11:57:56-debug: [[Executor]] Module "pack:///chunks/fa/fad9c36dab7fd23cbd0b1b9ebcbd02e6023aaadd.js" loaded.
2026-7-6 11:57:56-debug: [[Executor]] Register RangedAttack_Circle
2026-7-6 11:57:56-debug: D:\工程项目\PlayableAD\Cocos\TheW\20260615_HYQ\HYQ_Project\temp\programming\packer-driver\targets\editor\chunks\01\011c6605e93c83936bcaadc521a3f2df21bdd87a.js resolved to D:\工程项目\PlayableAD\Cocos\TheW\20260615_HYQ\HYQ_Project\temp\programming\packer-driver\targets\editor\chunks\01\011c6605e93c83936bcaadc521a3f2df21bdd87a.js is not in module cache!
2026-7-6 11:57:56-debug: [[Executor]] Register RangedAttack_Shrapnel
2026-7-6 11:57:56-debug: [[Executor]] Module "pack:///chunks/01/011c6605e93c83936bcaadc521a3f2df21bdd87a.js" loaded.
2026-7-6 11:57:56-debug: D:\工程项目\PlayableAD\Cocos\TheW\20260615_HYQ\HYQ_Project\temp\programming\packer-driver\targets\editor\chunks\7a\7a056ac353cd4f184635b76aa08c0d427085fda7.js resolved to D:\工程项目\PlayableAD\Cocos\TheW\20260615_HYQ\HYQ_Project\temp\programming\packer-driver\targets\editor\chunks\7a\7a056ac353cd4f184635b76aa08c0d427085fda7.js is not in module cache!
2026-7-6 11:57:56-debug: [[Executor]] Register BulletCollideBase3D
2026-7-6 11:57:56-debug: [[Executor]] Module "pack:///chunks/7a/7a056ac353cd4f184635b76aa08c0d427085fda7.js" loaded.
2026-7-6 11:57:56-debug: D:\工程项目\PlayableAD\Cocos\TheW\20260615_HYQ\HYQ_Project\temp\programming\packer-driver\targets\editor\chunks\11\1193ac27b94da532d27808ef712ed0fcd809d84d.js resolved to D:\工程项目\PlayableAD\Cocos\TheW\20260615_HYQ\HYQ_Project\temp\programming\packer-driver\targets\editor\chunks\11\1193ac27b94da532d27808ef712ed0fcd809d84d.js is not in module cache!
2026-7-6 11:57:56-debug: D:\工程项目\PlayableAD\Cocos\TheW\20260615_HYQ\HYQ_Project\temp\programming\packer-driver\targets\editor\chunks\03\031aac2e2ea93f03b5422269c22800e822715034.js resolved to D:\工程项目\PlayableAD\Cocos\TheW\20260615_HYQ\HYQ_Project\temp\programming\packer-driver\targets\editor\chunks\03\031aac2e2ea93f03b5422269c22800e822715034.js is not in module cache!
2026-7-6 11:57:56-debug: [[Executor]] Module "pack:///chunks/03/031aac2e2ea93f03b5422269c22800e822715034.js" loaded.
2026-7-6 11:57:56-debug: [[Executor]] Register TriggerBase3D
2026-7-6 11:57:56-debug: [[Executor]] Module "pack:///chunks/11/1193ac27b94da532d27808ef712ed0fcd809d84d.js" loaded.
2026-7-6 11:57:56-debug: [[Executor]] Register CollectBattleTarger3D
2026-7-6 11:57:56-debug: D:\工程项目\PlayableAD\Cocos\TheW\20260615_HYQ\HYQ_Project\temp\programming\packer-driver\targets\editor\chunks\29\2933ae65951958109aeb70104e6287b8240a8e01.js resolved to D:\工程项目\PlayableAD\Cocos\TheW\20260615_HYQ\HYQ_Project\temp\programming\packer-driver\targets\editor\chunks\29\2933ae65951958109aeb70104e6287b8240a8e01.js is not in module cache!
2026-7-6 11:57:56-debug: [[Executor]] Module "pack:///chunks/29/2933ae65951958109aeb70104e6287b8240a8e01.js" loaded.
2026-7-6 11:57:56-debug: [[Executor]] Register EffectTimeRemove
2026-7-6 11:57:56-debug: D:\工程项目\PlayableAD\Cocos\TheW\20260615_HYQ\HYQ_Project\temp\programming\packer-driver\targets\editor\chunks\cd\cd87286564d42a577ada1093f142b4db43415d61.js resolved to D:\工程项目\PlayableAD\Cocos\TheW\20260615_HYQ\HYQ_Project\temp\programming\packer-driver\targets\editor\chunks\cd\cd87286564d42a577ada1093f142b4db43415d61.js is not in module cache!
2026-7-6 11:57:56-debug: [[Executor]] Register GuideLine
2026-7-6 11:57:56-debug: [[Executor]] Module "pack:///chunks/cd/cd87286564d42a577ada1093f142b4db43415d61.js" loaded.
2026-7-6 11:57:56-debug: D:\工程项目\PlayableAD\Cocos\TheW\20260615_HYQ\HYQ_Project\temp\programming\packer-driver\targets\editor\chunks\dd\ddf9ec67bc21176ab14fd7bef2d6099af7cab4e3.js resolved to D:\工程项目\PlayableAD\Cocos\TheW\20260615_HYQ\HYQ_Project\temp\programming\packer-driver\targets\editor\chunks\dd\ddf9ec67bc21176ab14fd7bef2d6099af7cab4e3.js is not in module cache!
2026-7-6 11:57:56-debug: D:\工程项目\PlayableAD\Cocos\TheW\20260615_HYQ\HYQ_Project\temp\programming\packer-driver\targets\editor\chunks\78\7875e58dc11de4424867c114cd71cf4d379fd7ce.js resolved to D:\工程项目\PlayableAD\Cocos\TheW\20260615_HYQ\HYQ_Project\temp\programming\packer-driver\targets\editor\chunks\78\7875e58dc11de4424867c114cd71cf4d379fd7ce.js is not in module cache!
2026-7-6 11:57:56-debug: D:\工程项目\PlayableAD\Cocos\TheW\20260615_HYQ\HYQ_Project\temp\programming\packer-driver\targets\editor\chunks\12\120cba8f856407335ad8a04347cd4d36bf752a1e.js resolved to D:\工程项目\PlayableAD\Cocos\TheW\20260615_HYQ\HYQ_Project\temp\programming\packer-driver\targets\editor\chunks\12\120cba8f856407335ad8a04347cd4d36bf752a1e.js is not in module cache!
2026-7-6 11:57:56-debug: D:\工程项目\PlayableAD\Cocos\TheW\20260615_HYQ\HYQ_Project\temp\programming\packer-driver\targets\editor\chunks\7c\7cb3e78818d3ca7420c127c4f13ad5587e5cc5d3.js resolved to D:\工程项目\PlayableAD\Cocos\TheW\20260615_HYQ\HYQ_Project\temp\programming\packer-driver\targets\editor\chunks\7c\7cb3e78818d3ca7420c127c4f13ad5587e5cc5d3.js is not in module cache!
2026-7-6 11:57:56-debug: D:\工程项目\PlayableAD\Cocos\TheW\20260615_HYQ\HYQ_Project\temp\programming\packer-driver\targets\editor\chunks\6b\6b5ef849a8a91f0cd956b88818795e47d9431e29.js resolved to D:\工程项目\PlayableAD\Cocos\TheW\20260615_HYQ\HYQ_Project\temp\programming\packer-driver\targets\editor\chunks\6b\6b5ef849a8a91f0cd956b88818795e47d9431e29.js is not in module cache!
2026-7-6 11:57:56-debug: D:\工程项目\PlayableAD\Cocos\TheW\20260615_HYQ\HYQ_Project\temp\programming\packer-driver\targets\editor\chunks\2c\2c40d59e1ac0050bfd5e4aece9657278c88a4b47.js resolved to D:\工程项目\PlayableAD\Cocos\TheW\20260615_HYQ\HYQ_Project\temp\programming\packer-driver\targets\editor\chunks\2c\2c40d59e1ac0050bfd5e4aece9657278c88a4b47.js is not in module cache!
2026-7-6 11:57:56-debug: D:\工程项目\PlayableAD\Cocos\TheW\20260615_HYQ\HYQ_Project\temp\programming\packer-driver\targets\editor\chunks\6b\6bf6369babd500e0802aeb38d4c346ae3462ef8b.js resolved to D:\工程项目\PlayableAD\Cocos\TheW\20260615_HYQ\HYQ_Project\temp\programming\packer-driver\targets\editor\chunks\6b\6bf6369babd500e0802aeb38d4c346ae3462ef8b.js is not in module cache!
2026-7-6 11:57:56-debug: D:\工程项目\PlayableAD\Cocos\TheW\20260615_HYQ\HYQ_Project\temp\programming\packer-driver\targets\editor\chunks\e2\e2cd37831230a7474a5c89ec9f0764c2d6ce1581.js resolved to D:\工程项目\PlayableAD\Cocos\TheW\20260615_HYQ\HYQ_Project\temp\programming\packer-driver\targets\editor\chunks\e2\e2cd37831230a7474a5c89ec9f0764c2d6ce1581.js is not in module cache!
2026-7-6 11:57:56-debug: D:\工程项目\PlayableAD\Cocos\TheW\20260615_HYQ\HYQ_Project\temp\programming\packer-driver\targets\editor\chunks\aa\aa6223cf35796d09344450a14919ad24c61174bb.js resolved to D:\工程项目\PlayableAD\Cocos\TheW\20260615_HYQ\HYQ_Project\temp\programming\packer-driver\targets\editor\chunks\aa\aa6223cf35796d09344450a14919ad24c61174bb.js is not in module cache!
2026-7-6 11:57:56-debug: D:\工程项目\PlayableAD\Cocos\TheW\20260615_HYQ\HYQ_Project\temp\programming\packer-driver\targets\editor\chunks\c1\c14c87720f6e6e7b27f438925fae2cc2d4587268.js resolved to D:\工程项目\PlayableAD\Cocos\TheW\20260615_HYQ\HYQ_Project\temp\programming\packer-driver\targets\editor\chunks\c1\c14c87720f6e6e7b27f438925fae2cc2d4587268.js is not in module cache!
2026-7-6 11:57:56-debug: D:\工程项目\PlayableAD\Cocos\TheW\20260615_HYQ\HYQ_Project\temp\programming\packer-driver\targets\editor\chunks\fb\fb231b7b47c244832aa3ed0055e0ff4d6bda9530.js resolved to D:\工程项目\PlayableAD\Cocos\TheW\20260615_HYQ\HYQ_Project\temp\programming\packer-driver\targets\editor\chunks\fb\fb231b7b47c244832aa3ed0055e0ff4d6bda9530.js is not in module cache!
2026-7-6 11:57:56-debug: D:\工程项目\PlayableAD\Cocos\TheW\20260615_HYQ\HYQ_Project\temp\programming\packer-driver\targets\editor\chunks\ac\ac0e66d1df96447f3ea6b579b5067cb87a880d84.js resolved to D:\工程项目\PlayableAD\Cocos\TheW\20260615_HYQ\HYQ_Project\temp\programming\packer-driver\targets\editor\chunks\ac\ac0e66d1df96447f3ea6b579b5067cb87a880d84.js is not in module cache!
2026-7-6 11:57:56-debug: D:\工程项目\PlayableAD\Cocos\TheW\20260615_HYQ\HYQ_Project\temp\programming\packer-driver\targets\editor\chunks\1e\1e9839fb85f612fea3030115a5d65b742de2db50.js resolved to D:\工程项目\PlayableAD\Cocos\TheW\20260615_HYQ\HYQ_Project\temp\programming\packer-driver\targets\editor\chunks\1e\1e9839fb85f612fea3030115a5d65b742de2db50.js is not in module cache!
2026-7-6 11:57:56-debug: [[Executor]] Register FbxManager
2026-7-6 11:57:56-debug: [[Executor]] Module "pack:///chunks/6b/6b5ef849a8a91f0cd956b88818795e47d9431e29.js" loaded.
2026-7-6 11:57:56-debug: [[Executor]] Module "pack:///chunks/78/7875e58dc11de4424867c114cd71cf4d379fd7ce.js" loaded.
2026-7-6 11:57:56-debug: [[Executor]] Module "pack:///chunks/fb/fb231b7b47c244832aa3ed0055e0ff4d6bda9530.js" loaded.
2026-7-6 11:57:56-debug: [[Executor]] Register GameOverPanel
2026-7-6 11:57:56-debug: [[Executor]] Module "pack:///chunks/6b/6bf6369babd500e0802aeb38d4c346ae3462ef8b.js" loaded.
2026-7-6 11:57:56-debug: [[Executor]] Register WeaponBulletConfig
2026-7-6 11:57:56-debug: [[Executor]] Register Player
2026-7-6 11:57:56-debug: [[Executor]] Register Role
2026-7-6 11:57:56-debug: [[Executor]] Module "pack:///chunks/1e/1e9839fb85f612fea3030115a5d65b742de2db50.js" loaded.
2026-7-6 11:57:56-debug: [[Executor]] Module "pack:///chunks/12/120cba8f856407335ad8a04347cd4d36bf752a1e.js" loaded.
2026-7-6 11:57:56-debug: [[Executor]] Register MonsterBattleTaerget
2026-7-6 11:57:56-debug: [[Executor]] Register ArmsInfo
2026-7-6 11:57:56-debug: [[Executor]] Register PropArms
2026-7-6 11:57:56-debug: [[Executor]] Module "pack:///chunks/aa/aa6223cf35796d09344450a14919ad24c61174bb.js" loaded.
2026-7-6 11:57:56-debug: [[Executor]] Module "pack:///chunks/ac/ac0e66d1df96447f3ea6b579b5067cb87a880d84.js" loaded.
2026-7-6 11:57:56-debug: [[Executor]] Register PropBrand
2026-7-6 11:57:56-debug: [[Executor]] Register PropLalianGate
2026-7-6 11:57:56-debug: [[Executor]] Module "pack:///chunks/c1/c14c87720f6e6e7b27f438925fae2cc2d4587268.js" loaded.
2026-7-6 11:57:56-debug: [[Executor]] Module "pack:///chunks/e2/e2cd37831230a7474a5c89ec9f0764c2d6ce1581.js" loaded.
2026-7-6 11:57:56-debug: [[Executor]] Register CreatePropBrand
2026-7-6 11:57:56-debug: [[Executor]] Module "pack:///chunks/2c/2c40d59e1ac0050bfd5e4aece9657278c88a4b47.js" loaded.
2026-7-6 11:57:56-debug: [[Executor]] Register MonsterCreate
2026-7-6 11:57:56-debug: [[Executor]] Register MonsterCreateQueue
2026-7-6 11:57:56-debug: [[Executor]] Register GuideManager
2026-7-6 11:57:56-debug: [[Executor]] Module "pack:///chunks/7c/7cb3e78818d3ca7420c127c4f13ad5587e5cc5d3.js" loaded.
2026-7-6 11:57:56-debug: [[Executor]] Module "pack:///chunks/dd/ddf9ec67bc21176ab14fd7bef2d6099af7cab4e3.js" loaded.
2026-7-6 11:57:56-debug: [[Executor]] Register MonsterCreateInfo
2026-7-6 11:57:56-debug: D:\工程项目\PlayableAD\Cocos\TheW\20260615_HYQ\HYQ_Project\temp\programming\packer-driver\targets\editor\chunks\7d\7d88e9fa4d49091167d5648112015c50cab8c311.js resolved to D:\工程项目\PlayableAD\Cocos\TheW\20260615_HYQ\HYQ_Project\temp\programming\packer-driver\targets\editor\chunks\7d\7d88e9fa4d49091167d5648112015c50cab8c311.js is not in module cache!
2026-7-6 11:57:56-debug: [[Executor]] Module "pack:///chunks/7d/7d88e9fa4d49091167d5648112015c50cab8c311.js" loaded.
2026-7-6 11:57:56-debug: [[Executor]] Register ArmsUp
2026-7-6 11:57:56-debug: D:\工程项目\PlayableAD\Cocos\TheW\20260615_HYQ\HYQ_Project\temp\programming\packer-driver\targets\editor\chunks\d0\d08abfe279c9195afbafb261981128dda32fee17.js resolved to D:\工程项目\PlayableAD\Cocos\TheW\20260615_HYQ\HYQ_Project\temp\programming\packer-driver\targets\editor\chunks\d0\d08abfe279c9195afbafb261981128dda32fee17.js is not in module cache!
2026-7-6 11:57:56-debug: [[Executor]] Register PropTireGate
2026-7-6 11:57:56-debug: [[Executor]] Module "pack:///chunks/d0/d08abfe279c9195afbafb261981128dda32fee17.js" loaded.
2026-7-6 11:57:56-debug: D:\工程项目\PlayableAD\Cocos\TheW\20260615_HYQ\HYQ_Project\temp\programming\packer-driver\targets\editor\chunks\e4\e49d377195f0f6ca8039098e5e76d909c726c89c.js resolved to D:\工程项目\PlayableAD\Cocos\TheW\20260615_HYQ\HYQ_Project\temp\programming\packer-driver\targets\editor\chunks\e4\e49d377195f0f6ca8039098e5e76d909c726c89c.js is not in module cache!
2026-7-6 11:57:56-debug: D:\工程项目\PlayableAD\Cocos\TheW\20260615_HYQ\HYQ_Project\temp\programming\packer-driver\targets\editor\chunks\c8\c8d2fc621a68aadf290b9938ae81f70dbefcc8d6.js resolved to D:\工程项目\PlayableAD\Cocos\TheW\20260615_HYQ\HYQ_Project\temp\programming\packer-driver\targets\editor\chunks\c8\c8d2fc621a68aadf290b9938ae81f70dbefcc8d6.js is not in module cache!
2026-7-6 11:57:56-debug: [[Executor]] Module "pack:///chunks/c8/c8d2fc621a68aadf290b9938ae81f70dbefcc8d6.js" loaded.
2026-7-6 11:57:56-debug: [[Executor]] Register RockerMouseEvent
2026-7-6 11:57:56-debug: [[Executor]] Module "pack:///chunks/e4/e49d377195f0f6ca8039098e5e76d909c726c89c.js" loaded.
2026-7-6 11:57:56-debug: [[Executor]] Register RockerUI
2026-7-6 11:57:56-debug: D:\工程项目\PlayableAD\Cocos\TheW\20260615_HYQ\HYQ_Project\temp\programming\packer-driver\targets\editor\chunks\41\41b6ef284e15d0779c96601cab9a95a7c5e5919b.js resolved to D:\工程项目\PlayableAD\Cocos\TheW\20260615_HYQ\HYQ_Project\temp\programming\packer-driver\targets\editor\chunks\41\41b6ef284e15d0779c96601cab9a95a7c5e5919b.js is not in module cache!
2026-7-6 11:57:56-debug: D:\工程项目\PlayableAD\Cocos\TheW\20260615_HYQ\HYQ_Project\temp\programming\packer-driver\targets\editor\chunks\5f\5fd5284b513982ea020d8e9513905cac6e75919a.js resolved to D:\工程项目\PlayableAD\Cocos\TheW\20260615_HYQ\HYQ_Project\temp\programming\packer-driver\targets\editor\chunks\5f\5fd5284b513982ea020d8e9513905cac6e75919a.js is not in module cache!
2026-7-6 11:57:56-debug: D:\工程项目\PlayableAD\Cocos\TheW\20260615_HYQ\HYQ_Project\temp\programming\packer-driver\targets\editor\chunks\1b\1b6bd2739873dc60bb0e67b18f2ae1f3b116fb07.js resolved to D:\工程项目\PlayableAD\Cocos\TheW\20260615_HYQ\HYQ_Project\temp\programming\packer-driver\targets\editor\chunks\1b\1b6bd2739873dc60bb0e67b18f2ae1f3b116fb07.js is not in module cache!
2026-7-6 11:57:56-debug: D:\工程项目\PlayableAD\Cocos\TheW\20260615_HYQ\HYQ_Project\temp\programming\packer-driver\targets\editor\chunks\c4\c409a49d391cd0107339e604abf784bacdef4b02.js resolved to D:\工程项目\PlayableAD\Cocos\TheW\20260615_HYQ\HYQ_Project\temp\programming\packer-driver\targets\editor\chunks\c4\c409a49d391cd0107339e604abf784bacdef4b02.js is not in module cache!
2026-7-6 11:57:56-debug: [[Executor]] Register ShoppIngEvent
2026-7-6 11:57:56-debug: [[Executor]] Module "pack:///chunks/c4/c409a49d391cd0107339e604abf784bacdef4b02.js" loaded.
2026-7-6 11:57:56-debug: [[Executor]] Register Shopping
2026-7-6 11:57:56-debug: [[Executor]] Module "pack:///chunks/5f/5fd5284b513982ea020d8e9513905cac6e75919a.js" loaded.
2026-7-6 11:57:56-debug: [[Executor]] Register BuyWayBase
2026-7-6 11:57:56-debug: [[Executor]] Module "pack:///chunks/1b/1b6bd2739873dc60bb0e67b18f2ae1f3b116fb07.js" loaded.
2026-7-6 11:57:56-debug: [[Executor]] Register BuyWay2D
2026-7-6 11:57:56-debug: [[Executor]] Module "pack:///chunks/41/41b6ef284e15d0779c96601cab9a95a7c5e5919b.js" loaded.
2026-7-6 11:57:56-debug: D:\工程项目\PlayableAD\Cocos\TheW\20260615_HYQ\HYQ_Project\temp\programming\packer-driver\targets\editor\chunks\99\9957d51b35d223fa476f8f6dcd2b5d011a93ab2f.js resolved to D:\工程项目\PlayableAD\Cocos\TheW\20260615_HYQ\HYQ_Project\temp\programming\packer-driver\targets\editor\chunks\99\9957d51b35d223fa476f8f6dcd2b5d011a93ab2f.js is not in module cache!
2026-7-6 11:57:56-debug: [[Executor]] Module "pack:///chunks/99/9957d51b35d223fa476f8f6dcd2b5d011a93ab2f.js" loaded.
2026-7-6 11:57:56-debug: [[Executor]] Register BuyWay3D
2026-7-6 11:57:56-debug: D:\工程项目\PlayableAD\Cocos\TheW\20260615_HYQ\HYQ_Project\temp\programming\packer-driver\targets\editor\chunks\d8\d87351923699bbc0b3bf2e76b9d6665983f7b324.js resolved to D:\工程项目\PlayableAD\Cocos\TheW\20260615_HYQ\HYQ_Project\temp\programming\packer-driver\targets\editor\chunks\d8\d87351923699bbc0b3bf2e76b9d6665983f7b324.js is not in module cache!
2026-7-6 11:57:56-debug: [[Executor]] Register Shopping_Super
2026-7-6 11:57:56-debug: [[Executor]] Module "pack:///chunks/d8/d87351923699bbc0b3bf2e76b9d6665983f7b324.js" loaded.
2026-7-6 11:57:56-debug: [[Executor]] Register ShoppingItem
2026-7-6 11:57:56-debug: D:\工程项目\PlayableAD\Cocos\TheW\20260615_HYQ\HYQ_Project\temp\programming\packer-driver\targets\editor\chunks\b8\b8ff2efe0a5ef0b3134c1c0a100a2fc7e48d38e3.js resolved to D:\工程项目\PlayableAD\Cocos\TheW\20260615_HYQ\HYQ_Project\temp\programming\packer-driver\targets\editor\chunks\b8\b8ff2efe0a5ef0b3134c1c0a100a2fc7e48d38e3.js is not in module cache!
2026-7-6 11:57:56-debug: [[Executor]] Register FrameAnimManager
2026-7-6 11:57:56-debug: [[Executor]] Module "pack:///chunks/b8/b8ff2efe0a5ef0b3134c1c0a100a2fc7e48d38e3.js" loaded.
2026-7-6 11:57:56-debug: [[Executor]] Register FrameManager
2026-7-6 11:57:56-debug: D:\工程项目\PlayableAD\Cocos\TheW\20260615_HYQ\HYQ_Project\temp\programming\packer-driver\targets\editor\chunks\83\8354ac407215243163174d3e83d4cdab306051e3.js resolved to D:\工程项目\PlayableAD\Cocos\TheW\20260615_HYQ\HYQ_Project\temp\programming\packer-driver\targets\editor\chunks\83\8354ac407215243163174d3e83d4cdab306051e3.js is not in module cache!
2026-7-6 11:57:56-debug: [[Executor]] Module "pack:///chunks/83/8354ac407215243163174d3e83d4cdab306051e3.js" loaded.
2026-7-6 11:57:56-debug: D:\工程项目\PlayableAD\Cocos\TheW\20260615_HYQ\HYQ_Project\temp\programming\packer-driver\targets\editor\chunks\84\848ca7bc3c110f0554094ecf01b3a37b01ea9dfd.js resolved to D:\工程项目\PlayableAD\Cocos\TheW\20260615_HYQ\HYQ_Project\temp\programming\packer-driver\targets\editor\chunks\84\848ca7bc3c110f0554094ecf01b3a37b01ea9dfd.js is not in module cache!
2026-7-6 11:57:56-debug: [[Executor]] Register UIButtonEvent
2026-7-6 11:57:56-debug: [[Executor]] Module "pack:///chunks/84/848ca7bc3c110f0554094ecf01b3a37b01ea9dfd.js" loaded.
2026-7-6 11:57:56-debug: D:\工程项目\PlayableAD\Cocos\TheW\20260615_HYQ\HYQ_Project\temp\programming\packer-driver\targets\editor\chunks\7e\7ece20e41250ede0e4707962498ddfd8c4453b24.js resolved to D:\工程项目\PlayableAD\Cocos\TheW\20260615_HYQ\HYQ_Project\temp\programming\packer-driver\targets\editor\chunks\7e\7ece20e41250ede0e4707962498ddfd8c4453b24.js is not in module cache!
2026-7-6 11:57:56-debug: D:\工程项目\PlayableAD\Cocos\TheW\20260615_HYQ\HYQ_Project\temp\programming\packer-driver\targets\editor\chunks\23\23f4bc413c460b50ee5cc83636bb099609a379fd.js resolved to D:\工程项目\PlayableAD\Cocos\TheW\20260615_HYQ\HYQ_Project\temp\programming\packer-driver\targets\editor\chunks\23\23f4bc413c460b50ee5cc83636bb099609a379fd.js is not in module cache!
2026-7-6 11:57:56-debug: D:\工程项目\PlayableAD\Cocos\TheW\20260615_HYQ\HYQ_Project\temp\programming\packer-driver\targets\editor\chunks\95\95d64f4c8aa166ee79b72d7add5021b420a7ce33.js resolved to D:\工程项目\PlayableAD\Cocos\TheW\20260615_HYQ\HYQ_Project\temp\programming\packer-driver\targets\editor\chunks\95\95d64f4c8aa166ee79b72d7add5021b420a7ce33.js is not in module cache!
2026-7-6 11:57:56-debug: D:\工程项目\PlayableAD\Cocos\TheW\20260615_HYQ\HYQ_Project\temp\programming\packer-driver\targets\editor\chunks\4a\4a434c55814df4d84e6cd9fee04d3f21bfa74070.js resolved to D:\工程项目\PlayableAD\Cocos\TheW\20260615_HYQ\HYQ_Project\temp\programming\packer-driver\targets\editor\chunks\4a\4a434c55814df4d84e6cd9fee04d3f21bfa74070.js is not in module cache!
2026-7-6 11:57:56-debug: [[Executor]] Module "pack:///chunks/95/95d64f4c8aa166ee79b72d7add5021b420a7ce33.js" loaded.
2026-7-6 11:57:56-debug: [[Executor]] Module "pack:///chunks/23/23f4bc413c460b50ee5cc83636bb099609a379fd.js" loaded.
2026-7-6 11:57:56-debug: D:\工程项目\PlayableAD\Cocos\TheW\20260615_HYQ\HYQ_Project\temp\programming\packer-driver\targets\editor\chunks\e9\e9668b02254f4db9826696b9dfb6914087bee6cc.js resolved to D:\工程项目\PlayableAD\Cocos\TheW\20260615_HYQ\HYQ_Project\temp\programming\packer-driver\targets\editor\chunks\e9\e9668b02254f4db9826696b9dfb6914087bee6cc.js is not in module cache!
2026-7-6 11:57:56-debug: [[Executor]] Module "pack:///chunks/e9/e9668b02254f4db9826696b9dfb6914087bee6cc.js" loaded.
2026-7-6 11:57:56-debug: [[Executor]] Module "pack:///chunks/7e/7ece20e41250ede0e4707962498ddfd8c4453b24.js" loaded.
2026-7-6 11:57:56-debug: [[Executor]] Register StutterCheck
2026-7-6 11:57:56-debug: [[Executor]] Module "pack:///chunks/4a/4a434c55814df4d84e6cd9fee04d3f21bfa74070.js" loaded.
2026-7-6 11:57:56-debug: D:\工程项目\PlayableAD\Cocos\TheW\20260615_HYQ\HYQ_Project\temp\programming\packer-driver\targets\editor\chunks\4d\4d68417d37cd80fe73d65d56dfe11dd26e9ef91a.js resolved to D:\工程项目\PlayableAD\Cocos\TheW\20260615_HYQ\HYQ_Project\temp\programming\packer-driver\targets\editor\chunks\4d\4d68417d37cd80fe73d65d56dfe11dd26e9ef91a.js is not in module cache!
2026-7-6 11:57:56-debug: [[Executor]] Module "pack:///chunks/6d/6d8fd2b0177941b032ddc0733af48a561fb60657.js" loaded.
2026-7-6 11:57:56-debug: [[Executor]] Module "pack:///chunks/4d/4d68417d37cd80fe73d65d56dfe11dd26e9ef91a.js" loaded.
2026-7-6 11:57:56-debug: [[Executor]] after unlock
2026-7-6 11:57:56-debug: Incremental keys: regeneratorRuntime,b2jsb
2026-7-6 11:57:56-debug: Init bundle share assets start..., progress: 9%
2026-7-6 11:57:56-debug: Init bundle share assets start..., progress: 13%
2026-7-6 11:57:56-warn: The Mesh used by component "cc.MeshRenderer" in prefab "Role_1" is missing. Detailed information:Node path: "Role_1/New Node/Bip001 Prop1 Socket/jiateling01"Asset url: "db://assets/GameRes/Prefab/Role_1"Missing uuid: "03189dd5-73dd-4e52-8644-1ff1a122b972@18a45"
2026-7-6 11:57:56-warn: The Mesh used by component "cc.MeshRenderer" in prefab "Role_2" is missing. Detailed information:Node path: "Role_2/New Node/Bip001 Prop1 Socket/jiateling01"Asset url: "db://assets/GameRes/Prefab/Role_2"Missing uuid: "03189dd5-73dd-4e52-8644-1ff1a122b972@18a45"
2026-7-6 11:57:56-warn: The Mesh used by component "cc.MeshRenderer" in prefab "Role_2" is missing. Detailed information:Node path: "Role_2/New Node/Bip001 Prop1 Socket/jiateling01"Asset url: "db://assets/GameRes/Prefab/Role_2"Missing uuid: "03189dd5-73dd-4e52-8644-1ff1a122b972@18a45"
2026-7-6 11:57:56-debug: Init bundle share assets success..., progress: 9%
2026-7-6 11:57:56-debug: Init bundle share assets success..., progress: 13%
2026-7-6 11:57:56-debug: handle json group in bundle internal
2026-7-6 11:57:56-debug: handle json group in bundle internal success
2026-7-6 11:57:56-debug: handle json group in bundle main
2026-7-6 11:57:56-debug: handle json group in bundle resources
2026-7-6 11:57:56-debug: init image compress task 0 in bundle internal
2026-7-6 11:57:56-debug: init image compress task 0 in bundle resources
2026-7-6 11:57:56-debug: [json-group] check self or raw asset, skip. 799add5f-4370-4ee6-b0a4-aca1ebcd06a3 depended by 799add5f-4370-4ee6-b0a4-aca1ebcd06a3 has checked in raw asset 799add5f-4370-4ee6-b0a4-aca1ebcd06a3/bundle(main)}
2026-7-6 11:57:56-debug: [json-group] check self or raw asset, skip. 799add5f-4370-4ee6-b0a4-aca1ebcd06a3 depended by 799add5f-4370-4ee6-b0a4-aca1ebcd06a3 has checked in raw asset b5805d3a-3b80-4a12-adf5-588e63a7d886/bundle(main)}
2026-7-6 11:57:56-debug: [json-group] check self or raw asset, skip. f96153eb-6f89-4aad-b84b-808954761c02 depended by f96153eb-6f89-4aad-b84b-808954761c02 has checked in raw asset f96153eb-6f89-4aad-b84b-808954761c02/bundle(main)}
2026-7-6 11:57:56-debug: [json-group] check self or raw asset, skip. f96153eb-6f89-4aad-b84b-808954761c02 depended by f96153eb-6f89-4aad-b84b-808954761c02 has checked in raw asset b5805d3a-3b80-4a12-adf5-588e63a7d886/bundle(main)}
2026-7-6 11:57:56-debug: handle json group in bundle main success
2026-7-6 11:57:56-debug: handle json group in bundle resources success
2026-7-6 11:57:56-debug: init image compress task 0 in bundle main
2026-7-6 11:57:56-debug: // ---- build task 查询 Asset Bundle ---- (764ms)
2026-7-6 11:57:56-log: run build task 查询 Asset Bundle success in 764 ms√, progress: 14%
2026-7-6 11:57:56-debug: 查询 Asset Bundle start, progress: 14%
2026-7-6 11:57:56-debug: // ---- build task 查询 Asset Bundle ----
2026-7-6 11:57:56-debug: [Build Memory track]: 查询 Asset Bundle start:247.45MB, end 260.00MB, increase: 12.55MB
2026-7-6 11:57:57-debug: // ---- build task 查询 Asset Bundle ---- (56ms)
2026-7-6 11:57:57-log: run build task 查询 Asset Bundle success in 56 ms√, progress: 19%
2026-7-6 11:57:57-debug: 打包脚本 start, progress: 19%
2026-7-6 11:57:57-debug: [Build Memory track]: 查询 Asset Bundle start:260.04MB, end 260.32MB, increase: 281.64KB
2026-7-6 11:57:57-debug: // ---- build task 打包脚本 ----
2026-7-6 11:57:58-log: [buildPolyfillsCommand]enter sub process 2516, 9229, see: chrome://inspect/#devices
2026-7-6 11:58:01-debug: Generate systemJs..., progress: 19%
2026-7-6 11:58:01-debug: execute-script-end with buildPolyfillsCommand 4675ms
2026-7-6 11:58:05-debug: execute-script-end with buildSystemJsCommand 3411ms
2026-7-6 11:58:05-debug: 构建项目脚本 start..., progress: 19%
2026-7-6 11:58:05-debug: 构建项目脚本 start..., progress: 13%
2026-7-6 11:58:10-warn: [buildScriptCommand][[Build.Script.Rollup]] Circular dependency: file:///D:/%E5%B7%A5%E7%A8%8B%E9%A1%B9%E7%9B%AE/PlayableAD/Cocos/TheW/20260615_HYQ/HYQ_Project/assets/Script/functionS/Jump/JumpManager.ts -> file:///D:/%E5%B7%A5%E7%A8%8B%E9%A1%B9%E7%9B%AE/PlayableAD/Cocos/TheW/20260615_HYQ/HYQ_Project/assets/Script/functionS/Jump/JumpDriveEngine.ts -> file:///D:/%E5%B7%A5%E7%A8%8B%E9%A1%B9%E7%9B%AE/PlayableAD/Cocos/TheW/20260615_HYQ/HYQ_Project/assets/Script/functionS/Jump/JumpManager.ts
2026-7-6 11:58:10-warn: [buildScriptCommand][[Build.Script.Rollup]] Circular dependency: file:///D:/%E5%B7%A5%E7%A8%8B%E9%A1%B9%E7%9B%AE/PlayableAD/Cocos/TheW/20260615_HYQ/HYQ_Project/assets/Script/functionS/Monster/MonsterCreate.ts -> file:///D:/%E5%B7%A5%E7%A8%8B%E9%A1%B9%E7%9B%AE/PlayableAD/Cocos/TheW/20260615_HYQ/HYQ_Project/assets/Script/functionS/Other/PropArms.ts -> file:///D:/%E5%B7%A5%E7%A8%8B%E9%A1%B9%E7%9B%AE/PlayableAD/Cocos/TheW/20260615_HYQ/HYQ_Project/assets/Script/functionS/Monster/MonsterCreate.ts[warning][[Build.Script.Rollup]] Circular dependency: file:///D:/%E5%B7%A5%E7%A8%8B%E9%A1%B9%E7%9B%AE/PlayableAD/Cocos/TheW/20260615_HYQ/HYQ_Project/extensions/super-packager/package_assets/JiangYv/PBASDK-v3/PrintComponent.ts -> file:///D:/%E5%B7%A5%E7%A8%8B%E9%A1%B9%E7%9B%AE/PlayableAD/Cocos/TheW/20260615_HYQ/HYQ_Project/extensions/super-packager/package_assets/JiangYv/PBASDK-v3/StutterCheck.ts -> file:///D:/%E5%B7%A5%E7%A8%8B%E9%A1%B9%E7%9B%AE/PlayableAD/Cocos/TheW/20260615_HYQ/HYQ_Project/extensions/super-packager/package_assets/JiangYv/PBASDK-v3/PrintComponent.ts
2026-7-6 11:58:14-log: [buildScriptCommand]Number of non-entry chunks: 3
2026-7-6 11:58:14-debug: execute-script-end with buildScriptCommand 9489ms
2026-7-6 11:58:14-debug: Copy externalScripts success!
2026-7-6 11:58:14-debug: 构建项目脚本 in (9560 ms) √, progress: 19%
2026-7-6 11:58:14-debug: 构建项目脚本 in (9560 ms) √, progress: 13%
2026-7-6 11:58:14-debug: 构建引擎脚本 start..., progress: 19%
2026-7-6 11:58:14-debug: mangleProperties is enabled, found engine-mangle-config.json, use it
2026-7-6 11:58:14-debug: Error: Exit process with code:null, signal:SIGTERM in task build-script    at ChildProcess.<anonymous> (C:\ProgramData\cocos\editors\Creator\3.8.7\resources\app.asar\builtin\builder\dist\worker\worker-pools\sub-process-manager.ccc:1:2409)    at ChildProcess.emit (node:events:519:28)    at Process.ChildProcess._handle.onexit (node:internal/child_process:294:12)
2026-7-6 11:58:14-debug: Use cache engine: {link(C:\Users\Admin\AppData\Local\Temp\CocosCreator\3.8.7\builder\engine\a154ee511c93165416d720dbd46d8d34)}
2026-7-6 11:58:14-debug: Use cache, md5String: debug=false,sourceMaps=false,includeModules=["2d","3d","animation","audio","base","custom-pipeline","gfx-webgl","gfx-webgl2","graphics","particle","physics-2d-box2d","physics-ammo","primitive","profiler","skeletal-animation","tween","ui","custom-pipeline-builtin-scripts"],engineVersion="3.8.7",platformType="HTML5",split=false,nativeCodeBundleMode="asmjs",targets=undefined,entry="C:\\ProgramData\\cocos\\editors\\Creator\\3.8.7\\resources\\resources\\3d\\engine",noDeprecatedFeatures=undefined,loose=true,assetURLFormat="runtime-resolved",flags={"DEBUG":false,"LOAD_BULLET_MANUALLY":false,"LOAD_SPINE_MANUALLY":false,"WEBGPU":false},preserveType=undefined,wasmCompressionMode=false,enableNamedRegisterForSystemJSModuleFormat=undefined,mangleProperties=false,inlineEnum=true,
2026-7-6 11:58:14-debug: Use cache, options: {  "entry": "C:\\ProgramData\\cocos\\editors\\Creator\\3.8.7\\resources\\resources\\3d\\engine",  "debug": false,  "mangleProperties": false,  "inlineEnum": true,  "sourceMaps": false,  "includeModules": [    "2d",    "3d",    "animation",    "audio",    "base",    "custom-pipeline",    "gfx-webgl",    "gfx-webgl2",    "graphics",    "particle",    "physics-2d-box2d",    "physics-ammo",    "primitive",    "profiler",    "skeletal-animation",    "tween",    "ui",    "custom-pipeline-builtin-scripts"  ],  "engineVersion": "3.8.7",  "md5Map": [],  "engineName": "cocos-js",  "output": "D:\\工程项目\\PlayableAD\\Cocos\\TheW\\20260615_HYQ\\HYQ_Project\\build\\web-mobile\\cocos-js",  "platformType": "HTML5",  "useCache": true,  "nativeCodeBundleMode": "asmjs",  "wasmCompressionMode": false,  "split": false,  "assetURLFormat": "runtime-resolved",  "flags": {    "DEBUG": false,    "LOAD_BULLET_MANUALLY": false,    "LOAD_SPINE_MANUALLY": false,    "WEBGPU": false  }}
2026-7-6 11:58:14-debug: 构建引擎脚本 in (216 ms) √, progress: 19%
2026-7-6 11:58:14-debug: Copy plugin script ..., progress: 19%
2026-7-6 11:58:14-debug: Generate import-map..., progress: 19%
2026-7-6 11:58:14-debug: // ---- build task 打包脚本 ---- (17960ms)
2026-7-6 11:58:14-log: run build task 打包脚本 success in 17 s√, progress: 24%
2026-7-6 11:58:14-debug: // ---- build task Build Assets ----
2026-7-6 11:58:14-debug: [Build Memory track]: 打包脚本 start:260.48MB, end 259.10MB, increase: -1411.13KB
2026-7-6 11:58:14-debug: Build bundles..., progress: 24%
2026-7-6 11:58:14-debug: Build Assets start, progress: 24%
2026-7-6 11:58:14-debug: Pack Images start, progress: 24%
2026-7-6 11:58:14-debug: Number of pac assets: 3
2026-7-6 11:58:14-debug: Pack Images start, progress: 13%
2026-7-6 11:58:15-debug: Get Cache info of pac success {asset(17513a27-4f11-4047-a0be-8d0cb6187b9e)}
2026-7-6 11:58:15-debug: Get Cache info of pac success {asset(b74fc0c2-4c67-4dd4-8d74-9612ad56cfb1)}
2026-7-6 11:58:15-debug: start collect depend assets in pac17513a27-4f11-4047-a0be-8d0cb6187b9e
2026-7-6 11:58:15-debug: Number of pack results: 2
2026-7-6 11:58:15-debug: start collect depend assets in pacb74fc0c2-4c67-4dd4-8d74-9612ad56cfb1
2026-7-6 11:58:15-debug: start sort bundle in pacb74fc0c2-4c67-4dd4-8d74-9612ad56cfb1
2026-7-6 11:58:15-debug: end sort bundle in pacb74fc0c2-4c67-4dd4-8d74-9612ad56cfb1
2026-7-6 11:58:15-debug: start sort bundle in pac17513a27-4f11-4047-a0be-8d0cb6187b9e
2026-7-6 11:58:15-debug: end sort bundle in pac17513a27-4f11-4047-a0be-8d0cb6187b9e
2026-7-6 11:58:15-debug: builder:pack-auto-atlas-image (200ms)
2026-7-6 11:58:15-debug: Compress image start..., progress: 24%
2026-7-6 11:58:15-debug: Pack Images success, progress: 13%
2026-7-6 11:58:15-debug: Compress image start..., progress: 13%
2026-7-6 11:58:15-debug: sort compress task {}
2026-7-6 11:58:15-debug: Pack Images success, progress: 24%
2026-7-6 11:58:15-debug: Compress image success..., progress: 24%
2026-7-6 11:58:15-debug: Num of all image compress task 0, really: 0, configTasks: 0
2026-7-6 11:58:15-debug: Output asset in bundles start, progress: 24%
2026-7-6 11:58:15-debug: No image need to compress
2026-7-6 11:58:15-debug: Compress image success..., progress: 13%
2026-7-6 11:58:15-debug: Output asset in bundles start, progress: 13%
2026-7-6 11:58:15-debug: Handle all json groups in bundle internal
2026-7-6 11:58:15-debug: Handle all json groups in bundle resources
2026-7-6 11:58:15-debug: handle json group
2026-7-6 11:58:15-debug: Handle all json groups in bundle main
2026-7-6 11:58:15-debug: handle json group
2026-7-6 11:58:15-debug: handle json group
2026-7-6 11:58:15-debug: Json group(033f45a16) compile success，json number: 6
2026-7-6 11:58:15-debug: Json group(0b54f34d0) compile success，json number: 6
2026-7-6 11:58:15-debug: handle single json
2026-7-6 11:58:15-debug: Json group(08cbea60a) compile success，json number: 6
2026-7-6 11:58:15-debug: Json group(0a84a1761) compile success，json number: 6
2026-7-6 11:58:15-debug: Json group(09e986d7f) compile success，json number: 6
2026-7-6 11:58:15-debug: Json group(0a8b38f43) compile success，json number: 6
2026-7-6 11:58:15-debug: Json group(05a6ba422) compile success，json number: 6
2026-7-6 11:58:15-debug: handle single json
2026-7-6 11:58:15-debug: Json group(0bd960b15) compile success，json number: 6
2026-7-6 11:58:15-debug: Json group(05d786f3c) compile success，json number: 6
2026-7-6 11:58:15-debug: Json group(0a9a16365) compile success，json number: 6
2026-7-6 11:58:15-debug: Json group(0939f5774) compile success，json number: 6
2026-7-6 11:58:15-debug: Json group(04d1efb95) compile success，json number: 6
2026-7-6 11:58:15-debug: Json group(05ff4bf9a) compile success，json number: 6
2026-7-6 11:58:15-debug: Json group(058888a4d) compile success，json number: 6
2026-7-6 11:58:15-debug: Json group(0aa2d87de) compile success，json number: 6
2026-7-6 11:58:15-debug: Json group(0936a916b) compile success，json number: 6
2026-7-6 11:58:15-debug: Json group(0b3e0b1ce) compile success，json number: 6
2026-7-6 11:58:15-debug: Json group(03bca836c) compile success，json number: 6
2026-7-6 11:58:15-debug: Json group(018f8689b) compile success，json number: 6
2026-7-6 11:58:15-debug: Json group(09f4a3c5f) compile success，json number: 6
2026-7-6 11:58:15-debug: Json group(0573d1736) compile success，json number: 6
2026-7-6 11:58:16-warn: The Mesh used by component "cc.MeshRenderer" in prefab "Role_2" is missing. Detailed information:Node path: "Role_2/New Node/Bip001 Prop1 Socket/jiateling01"Asset url: "db://assets/GameRes/Prefab/Role_2"Missing uuid: "03189dd5-73dd-4e52-8644-1ff1a122b972@18a45"
2026-7-6 11:58:16-warn: The Mesh used by component "cc.MeshRenderer" in prefab "Role_2" is missing. Detailed information:Node path: "Role_2/New Node/Bip001 Prop1 Socket/jiateling01"Asset url: "db://assets/GameRes/Prefab/Role_2"Missing uuid: "03189dd5-73dd-4e52-8644-1ff1a122b972@18a45"
2026-7-6 11:58:16-debug: Json group(0d1405e99) compile success，json number: 6
2026-7-6 11:58:16-debug: Json group(0fbb3d0d7) compile success，json number: 6
2026-7-6 11:58:16-debug: Json group(0b756a9e5) compile success，json number: 6
2026-7-6 11:58:16-debug: Json group(0acdaf410) compile success，json number: 6
2026-7-6 11:58:16-debug: Json group(045d59844) compile success，json number: 6
2026-7-6 11:58:16-debug: Json group(03d712220) compile success，json number: 6
2026-7-6 11:58:16-debug: Json group(0418d0963) compile success，json number: 6
2026-7-6 11:58:16-debug: Json group(0d46b5455) compile success，json number: 6
2026-7-6 11:58:16-debug: Json group(0d76502e0) compile success，json number: 6
2026-7-6 11:58:16-warn: The Mesh used by component "cc.MeshRenderer" in prefab "Role_1" is missing. Detailed information:Node path: "Role_1/New Node/Bip001 Prop1 Socket/jiateling01"Asset url: "db://assets/GameRes/Prefab/Role_1"Missing uuid: "03189dd5-73dd-4e52-8644-1ff1a122b972@18a45"
2026-7-6 11:58:16-debug: Json group(03a0f8b8b) compile success，json number: 6
2026-7-6 11:58:16-debug: Json group(05744dfbc) compile success，json number: 6
2026-7-6 11:58:16-debug: handle single json
2026-7-6 11:58:17-debug: Output asset in bundles success, progress: 24%
2026-7-6 11:58:17-debug: Output asset in bundles success, progress: 13%
2026-7-6 11:58:17-debug: Output asset in bundles start, progress: 24%
2026-7-6 11:58:17-debug: Output asset in bundles start, progress: 13%
2026-7-6 11:58:17-debug: compress config of bundle resources...
2026-7-6 11:58:17-debug: compress config of bundle resources success
2026-7-6 11:58:17-debug: compress config of bundle main...
2026-7-6 11:58:17-debug: compress config of bundle main success
2026-7-6 11:58:17-debug: output config of bundle internal
2026-7-6 11:58:17-debug: output config of bundle internal success
2026-7-6 11:58:17-debug: output config of bundle resources
2026-7-6 11:58:17-debug: output config of bundle resources success
2026-7-6 11:58:17-debug: compress config of bundle internal success
2026-7-6 11:58:17-debug: compress config of bundle internal...
2026-7-6 11:58:17-debug: output config of bundle main success
2026-7-6 11:58:17-debug: output config of bundle main
2026-7-6 11:58:17-debug: Output asset in bundles success, progress: 13%
2026-7-6 11:58:17-debug: Output asset in bundles success, progress: 24%
2026-7-6 11:58:17-debug: // ---- build task Build Assets ---- (2163ms)
2026-7-6 11:58:17-log: run build task Build Assets success in 2 s√, progress: 29%
2026-7-6 11:58:17-debug: [Build Memory track]: Build Assets start:259.15MB, end 271.33MB, increase: 12.19MB
2026-7-6 11:58:17-debug: 整理部分构建选项内数据到 settings.json start, progress: 29%
2026-7-6 11:58:17-debug: // ---- build task 整理部分构建选项内数据到 settings.json ----
2026-7-6 11:58:17-debug: // ---- build task 整理部分构建选项内数据到 settings.json ---- (56ms)
2026-7-6 11:58:17-log: run build task 整理部分构建选项内数据到 settings.json success in 56 ms√, progress: 31%
2026-7-6 11:58:17-debug: [Build Memory track]: 整理部分构建选项内数据到 settings.json start:271.61MB, end 271.56MB, increase: -49.17KB
2026-7-6 11:58:17-debug: 填充脚本数据到 settings.json start, progress: 31%
2026-7-6 11:58:17-debug: // ---- build task 填充脚本数据到 settings.json ----
2026-7-6 11:58:17-debug: // ---- build task 填充脚本数据到 settings.json ---- (44ms)
2026-7-6 11:58:17-log: run build task 填充脚本数据到 settings.json success in 44 ms√, progress: 32%
2026-7-6 11:58:17-debug: [Build Memory track]: 填充脚本数据到 settings.json start:271.61MB, end 271.69MB, increase: 86.12KB
2026-7-6 11:58:17-debug: 整理部分构建选项内数据到 settings.json start, progress: 32%
2026-7-6 11:58:17-debug: // ---- build task 整理部分构建选项内数据到 settings.json ----
2026-7-6 11:58:17-debug: // ---- build task 整理部分构建选项内数据到 settings.json ---- (292ms)
2026-7-6 11:58:17-log: run build task 整理部分构建选项内数据到 settings.json success in 292 ms√, progress: 34%
2026-7-6 11:58:17-debug: // ---- build task web-mobile：onBeforeCompressSettings ----
2026-7-6 11:58:17-debug: [Build Memory track]: 整理部分构建选项内数据到 settings.json start:271.74MB, end 271.88MB, increase: 152.44KB
2026-7-6 11:58:17-debug: web-mobile:(onBeforeCompressSettings) start..., progress: 34%
2026-7-6 11:58:17-debug: web-mobile:(onBeforeCompressSettings) in 54 ms ✓, progress: 36%
2026-7-6 11:58:17-debug: // ---- build task web-mobile：onBeforeCompressSettings ---- (54ms)
2026-7-6 11:58:17-debug: // ---- build task cocos-service：onBeforeCompressSettings ----
2026-7-6 11:58:17-debug: cocos-service:(onBeforeCompressSettings) start..., progress: 36%
2026-7-6 11:58:17-debug: // ---- build task cocos-service：onBeforeCompressSettings ---- (163ms)
2026-7-6 11:58:17-debug: cocos-service:(onBeforeCompressSettings) in 163 ms ✓, progress: 38%
2026-7-6 11:58:17-debug: super-packager:(onBeforeCompressSettings) start..., progress: 38%
2026-7-6 11:58:17-debug: // ---- build task super-packager：onBeforeCompressSettings ----
2026-7-6 11:58:17-log: [SUPER_PACKAGE]onBeforeCompressSettings
2026-7-6 11:58:17-debug: // ---- build task super-packager：onBeforeCompressSettings ---- (64ms)
2026-7-6 11:58:17-debug: 整理静态模板文件 start, progress: 40%
2026-7-6 11:58:17-debug: super-packager:(onBeforeCompressSettings) in 64 ms ✓, progress: 40%
2026-7-6 11:58:17-debug: // ---- build task 整理静态模板文件 ----
2026-7-6 11:58:18-debug: // ---- build task 整理静态模板文件 ---- (205ms)
2026-7-6 11:58:18-log: run build task 整理静态模板文件 success in 205 ms√, progress: 45%
2026-7-6 11:58:18-debug: [Build Memory track]: 整理静态模板文件 start:272.33MB, end 274.02MB, increase: 1.69MB
2026-7-6 11:58:18-debug: cocos-service:(onAfterCompressSettings) start..., progress: 45%
2026-7-6 11:58:18-debug: // ---- build task cocos-service：onAfterCompressSettings ----
2026-7-6 11:58:18-debug: // ---- build task cocos-service：onAfterCompressSettings ---- (135ms)
2026-7-6 11:58:18-debug: // ---- build task super-packager：onAfterCompressSettings ----
2026-7-6 11:58:18-debug: cocos-service:(onAfterCompressSettings) in 135 ms ✓, progress: 46%
2026-7-6 11:58:18-debug: super-packager:(onAfterCompressSettings) start..., progress: 46%
2026-7-6 11:58:18-log: [SUPER_PACKAGE]onAfterCompressSettings
2026-7-6 11:58:18-debug: // ---- build task super-packager：onAfterCompressSettings ---- (60ms)
2026-7-6 11:58:18-debug: web-mobile:(onBeforeCopyBuildTemplate) start..., progress: 48%
2026-7-6 11:58:18-debug: super-packager:(onAfterCompressSettings) in 60 ms ✓, progress: 48%
2026-7-6 11:58:18-debug: // ---- build task web-mobile：onBeforeCopyBuildTemplate ----
2026-7-6 11:58:18-debug: // ---- build task web-mobile：onBeforeCopyBuildTemplate ---- (213ms)
2026-7-6 11:58:18-debug: 给所有的资源加上 MD5 后缀 start, progress: 50%
2026-7-6 11:58:18-debug: web-mobile:(onBeforeCopyBuildTemplate) in 213 ms ✓, progress: 50%
2026-7-6 11:58:18-debug: // ---- build task 给所有的资源加上 MD5 后缀 ----
2026-7-6 11:58:18-debug: // ---- build task 给所有的资源加上 MD5 后缀 ---- (67ms)
2026-7-6 11:58:18-log: run build task 给所有的资源加上 MD5 后缀 success in 67 ms√, progress: 60%
2026-7-6 11:58:18-debug: [Build Memory track]: 给所有的资源加上 MD5 后缀 start:272.35MB, end 272.45MB, increase: 101.67KB
2026-7-6 11:58:18-debug: web-mobile:(onAfterBuild) start..., progress: 60%
2026-7-6 11:58:18-debug: // ---- build task web-mobile：onAfterBuild ----
2026-7-6 11:58:18-debug: // ---- build task web-mobile：onAfterBuild ---- (54ms)
2026-7-6 11:58:18-debug: cocos-service:(onAfterBuild) start..., progress: 62%
2026-7-6 11:58:18-debug: // ---- build task cocos-service：onAfterBuild ----
2026-7-6 11:58:18-debug: web-mobile:(onAfterBuild) in 54 ms ✓, progress: 62%
2026-7-6 11:58:18-debug: adsense-h5g-plugin:(onAfterBuild) start..., progress: 64%
2026-7-6 11:58:18-debug: // ---- build task cocos-service：onAfterBuild ---- (147ms)
2026-7-6 11:58:18-debug: cocos-service:(onAfterBuild) in 147 ms ✓, progress: 64%
2026-7-6 11:58:18-debug: // ---- build task adsense-h5g-plugin：onAfterBuild ----
2026-7-6 11:58:18-debug: // ---- build task adsense-h5g-plugin：onAfterBuild ---- (56ms)
2026-7-6 11:58:18-debug: adsense-h5g-plugin:(onAfterBuild) in 56 ms ✓, progress: 65%
2026-7-6 11:58:18-log: [super-html] : -- start --
2026-7-6 11:58:18-debug: super-html:(onAfterBuild) start..., progress: 65%
2026-7-6 11:58:18-log: [super-html] : s_input_dir D:\工程项目\PlayableAD\Cocos\TheW\20260615_HYQ\HYQ_Project\build\web-mobile
2026-7-6 11:58:18-log: [super-html] : s_out_dir D:\工程项目\PlayableAD\Cocos\TheW\20260615_HYQ\HYQ_Project\build\super-html
2026-7-6 11:58:18-debug: // ---- build task super-html：onAfterBuild ----
2026-7-6 11:58:18-log: [super-html] : engine version 3.8.7
2026-7-6 11:58:24-debug: // ---- build task super-html：onAfterBuild ---- (5957ms)
2026-7-6 11:58:24-debug: super-html:(onAfterBuild) in 5957 ms ✓, progress: 67%
2026-7-6 11:58:24-log: [SUPER_PACKAGE]onAfterBuild
2026-7-6 11:58:24-debug: super-packager:(onAfterBuild) start..., progress: 67%
2026-7-6 11:58:24-debug: // ---- build task super-packager：onAfterBuild ----
2026-7-6 11:58:25-debug: // ---- build task super-packager：onAfterBuild ---- (70ms)
2026-7-6 11:58:25-debug: super-packager:(onAfterBuild) in 70 ms ✓, progress: 69%
2026-7-6 11:58:25-log: Asset DB is resume!
2026-7-6 11:58:25-debug: builder:build-project-total (29813ms)
2026-7-6 11:58:25-debug: build task(web-mobile) in 29813!
2026-7-6 11:58:25-debug: [Build Memory track]: builder:build-project-total start:247.39MB, end 281.81MB, increase: 34.42MB
2026-7-6 11:58:25-debug: ================================ build Task (web-mobile) Finished in (30 s)ms ================================
2026-7-6 11:58:25-debug: Stop record console. {file(D:\工程项目\PlayableAD\Cocos\TheW\20260615_HYQ\HYQ_Project\temp\builder\log\web-mobile2026-6-30 10-27.log)}
2026-7-6 11:58:25-warn: The Mesh used by component "cc.MeshRenderer" in prefab "Role_2" is missing. Detailed information:Node path: "Role_2/New Node/Bip001 Prop1 Socket/jiateling01"Asset url: "db://assets/GameRes/Prefab/Role_2"Missing uuid: "03189dd5-73dd-4e52-8644-1ff1a122b972@18a45"
2026-7-6 11:58:25-warn: The Mesh used by component "cc.MeshRenderer" in prefab "Role_2" is missing. Detailed information:Node path: "Role_2/New Node/Bip001 Prop1 Socket/jiateling01"Asset url: "db://assets/GameRes/Prefab/Role_2"Missing uuid: "03189dd5-73dd-4e52-8644-1ff1a122b972@18a45"
2026-7-6 11:58:25-warn: The Mesh used by component "cc.MeshRenderer" in prefab "Role_1" is missing. Detailed information:Node path: "Role_1/New Node/Bip001 Prop1 Socket/jiateling01"Asset url: "db://assets/GameRes/Prefab/Role_1"Missing uuid: "03189dd5-73dd-4e52-8644-1ff1a122b972@18a45"
2026-7-6 11:58:30-log: [super-html] : [common] [13582 kb] D:\工程项目\PlayableAD\Cocos\TheW\20260615_HYQ\HYQ_Project\build\super-html\common\HYQ_common.html
2026-7-6 11:58:30-log: [super-html] : [common] [6242 kb] D:\工程项目\PlayableAD\Cocos\TheW\20260615_HYQ\HYQ_Project\build\super-html\common\HYQ_common_min.html
2026-7-6 11:58:30-log: [super-html] : [ironsource2025] [6243 kb] D:\工程项目\PlayableAD\Cocos\TheW\20260615_HYQ\HYQ_Project\build\super-html\ironsource2025\HYQ_ironsource2025.html
2026-7-6 11:58:30-log: [super-html] : [ironsource] [6245 kb] D:\工程项目\PlayableAD\Cocos\TheW\20260615_HYQ\HYQ_Project\build\super-html\ironsource\HYQ_ironsource.html
2026-7-6 11:58:30-log: [super-html] : [applovin] [6242 kb] D:\工程项目\PlayableAD\Cocos\TheW\20260615_HYQ\HYQ_Project\build\super-html\applovin\HYQ_applovin.html
2026-7-6 11:58:31-log: [super-html] : [mintegral] [4520 kb] D:\工程项目\PlayableAD\Cocos\TheW\20260615_HYQ\HYQ_Project\build\super-html\mintegral\HYQ_mintegral.zip
2026-7-6 11:58:31-log: [super-html] : [unity] [6243 kb] D:\工程项目\PlayableAD\Cocos\TheW\20260615_HYQ\HYQ_Project\build\super-html\unity\HYQ_unity.html
2026-7-6 11:58:31-log: [super-html] : [chartboost] [6242 kb] D:\工程项目\PlayableAD\Cocos\TheW\20260615_HYQ\HYQ_Project\build\super-html\chartboost\HYQ_chartboost.html
2026-7-6 11:58:32-log: [super-html] : [google] [4589 kb] D:\工程项目\PlayableAD\Cocos\TheW\20260615_HYQ\HYQ_Project\build\super-html\google\HYQ_google.zip
2026-7-6 11:58:32-log: [super-html] : [google] [4589 kb] D:\工程项目\PlayableAD\Cocos\TheW\20260615_HYQ\HYQ_Project\build\super-html\google\HYQ_google_portrait.zip
2026-7-6 11:58:33-log: [super-html] : [google] [4589 kb] D:\工程项目\PlayableAD\Cocos\TheW\20260615_HYQ\HYQ_Project\build\super-html\google\HYQ_google_landscape.zip
2026-7-6 11:58:33-log: [super-html] : [facebook] [6242 kb] D:\工程项目\PlayableAD\Cocos\TheW\20260615_HYQ\HYQ_Project\build\super-html\facebook\HYQ_facebook.html
2026-7-6 11:58:34-log: [super-html] : [facebook] [4588 kb] D:\工程项目\PlayableAD\Cocos\TheW\20260615_HYQ\HYQ_Project\build\super-html\facebook\HYQ_facebook.zip
2026-7-6 11:58:35-log: [super-html] : [pangle] [4520 kb] D:\工程项目\PlayableAD\Cocos\TheW\20260615_HYQ\HYQ_Project\build\super-html\pangle\HYQ_pangle.zip
2026-7-6 11:58:36-log: [super-html] : [pangle] [4520 kb] D:\工程项目\PlayableAD\Cocos\TheW\20260615_HYQ\HYQ_Project\build\super-html\pangle\HYQ_pangle_portrait.zip
2026-7-6 11:58:37-log: [super-html] : [pangle] [4520 kb] D:\工程项目\PlayableAD\Cocos\TheW\20260615_HYQ\HYQ_Project\build\super-html\pangle\HYQ_pangle_landscape.zip
2026-7-6 11:58:38-log: [super-html] : [liftoff] [4520 kb] D:\工程项目\PlayableAD\Cocos\TheW\20260615_HYQ\HYQ_Project\build\super-html\liftoff\HYQ_liftoff.zip
2026-7-6 11:58:38-log: [super-html] : [moloco] [6242 kb] D:\工程项目\PlayableAD\Cocos\TheW\20260615_HYQ\HYQ_Project\build\super-html\moloco\HYQ_moloco.html
2026-7-6 11:58:39-log: [super-html] : [tiktok] [4520 kb] D:\工程项目\PlayableAD\Cocos\TheW\20260615_HYQ\HYQ_Project\build\super-html\tiktok\HYQ_tiktok.zip
2026-7-6 11:58:40-log: [super-html] : [vungle] [4520 kb] D:\工程项目\PlayableAD\Cocos\TheW\20260615_HYQ\HYQ_Project\build\super-html\vungle\HYQ_vungle.zip
2026-7-6 11:58:41-log: [super-html] : [bigo] [4520 kb] D:\工程项目\PlayableAD\Cocos\TheW\20260615_HYQ\HYQ_Project\build\super-html\bigo\HYQ_bigo.zip
2026-7-6 11:58:41-log: [super-html] : [kwai] : thumbnail_cover.jpg no find
2026-7-6 11:58:41-log: [super-html] : [kwai] [4520 kb] D:\工程项目\PlayableAD\Cocos\TheW\20260615_HYQ\HYQ_Project\build\super-html\kwai\HYQ_kwai.zip
2026-7-6 11:58:42-log: [super-html] : [nefta] [6243 kb] D:\工程项目\PlayableAD\Cocos\TheW\20260615_HYQ\HYQ_Project\build\super-html\nefta\HYQ_nefta.html
2026-7-6 11:58:42-log: [super-html] : [nefta] [4520 kb] D:\工程项目\PlayableAD\Cocos\TheW\20260615_HYQ\HYQ_Project\build\super-html\nefta\HYQ_nefta.zip
2026-7-6 11:58:43-log: [super-html] : [snapchat] [4589 kb] D:\工程项目\PlayableAD\Cocos\TheW\20260615_HYQ\HYQ_Project\build\super-html\snapchat\HYQ_snapchat_portrait.zip
2026-7-6 11:58:44-log: [super-html] : [gdt] [4589 kb] D:\工程项目\PlayableAD\Cocos\TheW\20260615_HYQ\HYQ_Project\build\super-html\gdt\HYQ_gdt.zip
2026-7-6 11:58:44-log: [super-html] : [gdt] [4589 kb] D:\工程项目\PlayableAD\Cocos\TheW\20260615_HYQ\HYQ_Project\build\super-html\gdt\HYQ_gdt_portrait.zip
2026-7-6 11:58:45-log: [super-html] : [gdt] [4589 kb] D:\工程项目\PlayableAD\Cocos\TheW\20260615_HYQ\HYQ_Project\build\super-html\gdt\HYQ_gdt_landscape.zip
2026-7-6 11:58:45-log: [super-html] : run time 26.486S
2026-7-6 11:58:45-log: [super-html] : -- end -- 
2026-7-6 13:33:21-debug: refresh db internal success
2026-7-6 13:33:21-debug: %cImport%c: D:\工程项目\PlayableAD\Cocos\TheW\20260615_HYQ\HYQ_Project\assets\Script\functionS\Monster\MonsterBattleTaerget.tsbackground: #aaff85; color: #000;color: #000;
2026-7-6 13:33:21-debug: refresh db assets success
2026-7-6 13:33:21-debug: %cImport%c: D:\工程项目\PlayableAD\Cocos\TheW\20260615_HYQ\HYQ_Project\extensions\super-packager\package_assets\JiangYv\PBASDK-v3\PBASDK.tsbackground: #aaff85; color: #000;color: #000;
2026-7-6 13:33:21-debug: %cImport%c: D:\工程项目\PlayableAD\Cocos\TheW\20260615_HYQ\HYQ_Project\extensions\super-packager\package_assets\Common\SuperPackage.tsbackground: #aaff85; color: #000;color: #000;
2026-7-6 13:33:21-debug: refresh db super-packager success
2026-7-6 13:33:21-debug: Run asset db hook engine-extends:afterRefresh ...
2026-7-6 13:33:21-debug: Run asset db hook engine-extends:afterRefresh success!
2026-7-6 13:33:21-debug: asset-db:refresh-all-database (547ms)
2026-7-6 13:33:21-debug: asset-db:worker-effect-data-processing (7ms)
2026-7-6 13:33:21-debug: asset-db-hook-engine-extends-afterRefresh (7ms)
2026-7-6 13:33:27-debug: refresh db internal success
2026-7-6 13:33:27-debug: refresh db assets success
2026-7-6 13:33:27-debug: refresh db super-packager success
2026-7-6 13:33:27-debug: Run asset db hook engine-extends:afterRefresh ...
2026-7-6 13:33:27-debug: Run asset db hook engine-extends:afterRefresh success!
2026-7-6 13:33:27-debug: asset-db:refresh-all-database (223ms)
2026-7-6 13:33:27-debug: asset-db:worker-effect-data-processing (3ms)
2026-7-6 13:33:27-debug: asset-db-hook-engine-extends-afterRefresh (4ms)
2026-7-6 13:33:30-debug: %cImport%c: D:\工程项目\PlayableAD\Cocos\TheW\20260615_HYQ\HYQ_Project\assets\Scene\Game_3D-002.scenebackground: #aaff85; color: #000;color: #000;
2026-7-6 13:33:30-debug: asset-db:reimport-assetb5805d3a-3b80-4a12-adf5-588e63a7d886 (38ms)
2026-7-6 13:33:31-debug: Query all assets info in project
2026-7-6 13:33:31-debug: init custom config: keepNodeUuid: false, useCache: true
2026-7-6 13:33:31-debug: Skip compress image, progress: 0%
2026-7-6 13:33:31-debug: Init all bundles start..., progress: 0%
2026-7-6 13:33:31-debug: Num of bundles: 3..., progress: 0%
2026-7-6 13:33:31-debug: 查询 Asset Bundle start, progress: 0%
2026-7-6 13:33:31-debug: // ---- build task 查询 Asset Bundle ----
2026-7-6 13:33:31-debug: Init bundle root assets start..., progress: 0%
2026-7-6 13:33:31-debug: Query preload assets/scripts from cc.config.json: 60f7195c-ec2a-45eb-ba94-8955f60e81d0,1c02ae6f-4492-4915-b8f8-7492a3b1e4cd,810e96e4-e456-4468-9b59-f4e8f39732c0,efe8e2a3-eace-427b-b4f1-cb8a937ec77d,e9aa9a3e-5b2b-4ac7-a2c7-073de2b2b24f,8bbdbcdd-5cd4-4100-b6d5-b7c9625b6107,50f4348b-c883-4e2f-8f11-ce233b859fa1,fda095cb-831d-4601-ad94-846013963de8,f92806d7-1768-443f-afe8-12bcde84d0f0,dd3a144d-ab7f-41f0-82b8-2e43a090d496,f0416e68-0200-4b77-a926-4f9d16e494da,511d2633-09a7-4bdd-ac42-f778032124b3,5d45aa00-e064-4938-b314-4265f0c2258c,9361fd90-ba52-4f84-aa93-6e878fd576ca,970b0598-bcb0-4714-91fb-2e81440dccd8,bcd64cc6-2dd9-43f6-abbe-66318d332032,d930590d-bb92-4cc8-8bd1-23cd027f9edf,a3cd009f-0ab0-420d-9278-b9fdab939bbc,6a2d0734-bd9e-4ddf-946e-caa52498cb75,d1346436-ac96-4271-b863-1f4fdead95b0,971bdb23-3ff6-43eb-b422-1c30165a3663,17debcc3-0a6b-4b8a-b00b-dc58b885581e,711ebe11-f673-4cd9-9a83-63c60ba54c5b,c0143906-9aed-447e-9436-2ae8512d1b6e,14da1725-c4c2-42b4-ab08-ee0aeb6898b3,081cab31-dccd-428e-8652-f2404cc81c47,78e0584a-4343-4727-8f37-e14e65c2a2db,ba21476f-2866-4f81-9c4d-6e359316e448,871c3b6c-7379-419d-bda3-794b239ab90d,ff9b0199-ce04-4cfe-86cc-6c719f08d6e4,de1c2107-70c8-4021-8459-6399f24d01c6,cbf30902-517f-40dc-af90-a550bac27cf1,5c601d96-e4c7-4698-991b-7ee674b11079
2026-7-6 13:33:31-debug:   Number of all scenes: 5
2026-7-6 13:33:31-debug:   Number of other assets: 1158
2026-7-6 13:33:31-debug:   Number of all scripts: 109
2026-7-6 13:33:31-debug: Init bundle root assets success..., progress: 0%
2026-7-6 13:33:31-debug: // ---- build task 查询 Asset Bundle ---- (29ms)
2026-7-6 13:33:31-log: run build task 查询 Asset Bundle success in 29 ms√, progress: 5%
2026-7-6 13:33:31-debug: [Build Memory track]: 查询 Asset Bundle start:290.57MB, end 282.96MB, increase: -7794.23KB
2026-7-6 13:33:31-debug: 查询 Asset Bundle start, progress: 5%
2026-7-6 13:33:31-debug: // ---- build task 查询 Asset Bundle ----
2026-7-6 13:33:31-debug: // ---- build task 查询 Asset Bundle ---- (7ms)
2026-7-6 13:33:31-log: run build task 查询 Asset Bundle success in 7 ms√, progress: 10%
2026-7-6 13:33:31-debug: // ---- build task 整理部分构建选项内数据到 settings.json ----
2026-7-6 13:33:31-debug: [Build Memory track]: 查询 Asset Bundle start:282.99MB, end 283.23MB, increase: 245.11KB
2026-7-6 13:33:31-debug: 整理部分构建选项内数据到 settings.json start, progress: 10%
2026-7-6 13:33:31-debug: // ---- build task 整理部分构建选项内数据到 settings.json ---- (3ms)
2026-7-6 13:33:31-log: run build task 整理部分构建选项内数据到 settings.json success in 3 ms√, progress: 12%
2026-7-6 13:33:31-debug: // ---- build task 填充脚本数据到 settings.json ----
2026-7-6 13:33:31-debug: [Build Memory track]: 整理部分构建选项内数据到 settings.json start:283.27MB, end 283.30MB, increase: 29.58KB
2026-7-6 13:33:31-debug: 填充脚本数据到 settings.json start, progress: 12%
2026-7-6 13:33:31-debug: // ---- build task 填充脚本数据到 settings.json ---- (4ms)
2026-7-6 13:33:31-log: run build task 填充脚本数据到 settings.json success in 4 ms√, progress: 13%
2026-7-6 13:33:31-debug: [Build Memory track]: 填充脚本数据到 settings.json start:283.33MB, end 283.36MB, increase: 28.94KB
2026-7-6 13:33:31-debug: 整理部分构建选项内数据到 settings.json start, progress: 13%
2026-7-6 13:33:31-debug: // ---- build task 整理部分构建选项内数据到 settings.json ----
2026-7-6 13:33:31-debug: // ---- build task 整理部分构建选项内数据到 settings.json ---- (7ms)
2026-7-6 13:33:31-log: run build task 整理部分构建选项内数据到 settings.json success in 7 ms√, progress: 15%
2026-7-6 13:33:31-debug: [Build Memory track]: 整理部分构建选项内数据到 settings.json start:283.39MB, end 283.46MB, increase: 71.34KB
2026-7-6 13:40:42-debug: refresh db internal success
2026-7-6 13:40:42-debug: %cImport%c: D:\工程项目\PlayableAD\Cocos\TheW\20260615_HYQ\HYQ_Project\assets\Script\functionS\Monster\MonsterBattleTaerget.tsbackground: #aaff85; color: #000;color: #000;
2026-7-6 13:40:42-debug: refresh db assets success
2026-7-6 13:40:42-debug: refresh db super-packager success
2026-7-6 13:40:42-debug: Run asset db hook engine-extends:afterRefresh ...
2026-7-6 13:40:42-debug: Run asset db hook engine-extends:afterRefresh success!
2026-7-6 13:40:42-debug: asset-db:refresh-all-database (219ms)
2026-7-6 13:40:42-debug: asset-db:worker-effect-data-processing (3ms)
2026-7-6 13:40:42-debug: asset-db-hook-engine-extends-afterRefresh (4ms)
2026-7-6 13:40:44-debug: Query all assets info in project
2026-7-6 13:40:44-debug: init custom config: keepNodeUuid: false, useCache: true
2026-7-6 13:40:44-debug: Skip compress image, progress: 0%
2026-7-6 13:40:44-debug: Init all bundles start..., progress: 0%
2026-7-6 13:40:44-debug: Num of bundles: 3..., progress: 0%
2026-7-6 13:40:44-debug: 查询 Asset Bundle start, progress: 0%
2026-7-6 13:40:44-debug: // ---- build task 查询 Asset Bundle ----
2026-7-6 13:40:44-debug: Init bundle root assets start..., progress: 0%
2026-7-6 13:40:44-debug: Query preload assets/scripts from cc.config.json: 60f7195c-ec2a-45eb-ba94-8955f60e81d0,1c02ae6f-4492-4915-b8f8-7492a3b1e4cd,810e96e4-e456-4468-9b59-f4e8f39732c0,efe8e2a3-eace-427b-b4f1-cb8a937ec77d,e9aa9a3e-5b2b-4ac7-a2c7-073de2b2b24f,8bbdbcdd-5cd4-4100-b6d5-b7c9625b6107,50f4348b-c883-4e2f-8f11-ce233b859fa1,fda095cb-831d-4601-ad94-846013963de8,f92806d7-1768-443f-afe8-12bcde84d0f0,dd3a144d-ab7f-41f0-82b8-2e43a090d496,f0416e68-0200-4b77-a926-4f9d16e494da,511d2633-09a7-4bdd-ac42-f778032124b3,5d45aa00-e064-4938-b314-4265f0c2258c,9361fd90-ba52-4f84-aa93-6e878fd576ca,970b0598-bcb0-4714-91fb-2e81440dccd8,bcd64cc6-2dd9-43f6-abbe-66318d332032,d930590d-bb92-4cc8-8bd1-23cd027f9edf,a3cd009f-0ab0-420d-9278-b9fdab939bbc,6a2d0734-bd9e-4ddf-946e-caa52498cb75,d1346436-ac96-4271-b863-1f4fdead95b0,971bdb23-3ff6-43eb-b422-1c30165a3663,17debcc3-0a6b-4b8a-b00b-dc58b885581e,711ebe11-f673-4cd9-9a83-63c60ba54c5b,c0143906-9aed-447e-9436-2ae8512d1b6e,14da1725-c4c2-42b4-ab08-ee0aeb6898b3,081cab31-dccd-428e-8652-f2404cc81c47,78e0584a-4343-4727-8f37-e14e65c2a2db,ba21476f-2866-4f81-9c4d-6e359316e448,871c3b6c-7379-419d-bda3-794b239ab90d,ff9b0199-ce04-4cfe-86cc-6c719f08d6e4,de1c2107-70c8-4021-8459-6399f24d01c6,cbf30902-517f-40dc-af90-a550bac27cf1,5c601d96-e4c7-4698-991b-7ee674b11079
2026-7-6 13:40:44-debug:   Number of all scenes: 5
2026-7-6 13:40:44-debug:   Number of all scripts: 109
2026-7-6 13:40:44-debug:   Number of other assets: 1158
2026-7-6 13:40:44-debug: Init bundle root assets success..., progress: 0%
2026-7-6 13:40:44-debug: // ---- build task 查询 Asset Bundle ---- (47ms)
2026-7-6 13:40:44-log: run build task 查询 Asset Bundle success in 47 ms√, progress: 5%
2026-7-6 13:40:44-debug: [Build Memory track]: 查询 Asset Bundle start:287.24MB, end 288.86MB, increase: 1.61MB
2026-7-6 13:40:44-debug: 查询 Asset Bundle start, progress: 5%
2026-7-6 13:40:44-debug: // ---- build task 查询 Asset Bundle ----
2026-7-6 13:40:44-debug: // ---- build task 查询 Asset Bundle ---- (6ms)
2026-7-6 13:40:44-log: run build task 查询 Asset Bundle success in 6 ms√, progress: 10%
2026-7-6 13:40:44-debug: [Build Memory track]: 查询 Asset Bundle start:288.89MB, end 289.11MB, increase: 230.53KB
2026-7-6 13:40:44-debug: // ---- build task 整理部分构建选项内数据到 settings.json ----
2026-7-6 13:40:44-debug: 整理部分构建选项内数据到 settings.json start, progress: 10%
2026-7-6 13:40:44-debug: // ---- build task 整理部分构建选项内数据到 settings.json ---- (14ms)
2026-7-6 13:40:44-log: run build task 整理部分构建选项内数据到 settings.json success in 14 ms√, progress: 12%
2026-7-6 13:40:44-debug: [Build Memory track]: 整理部分构建选项内数据到 settings.json start:289.15MB, end 289.18MB, increase: 29.87KB
2026-7-6 13:40:44-debug: 填充脚本数据到 settings.json start, progress: 12%
2026-7-6 13:40:44-debug: // ---- build task 填充脚本数据到 settings.json ----
2026-7-6 13:40:44-debug: // ---- build task 填充脚本数据到 settings.json ---- (2ms)
2026-7-6 13:40:44-log: run build task 填充脚本数据到 settings.json success in 2 ms√, progress: 13%
2026-7-6 13:40:44-debug: [Build Memory track]: 填充脚本数据到 settings.json start:289.21MB, end 289.24MB, increase: 29.03KB
2026-7-6 13:40:44-debug: 整理部分构建选项内数据到 settings.json start, progress: 13%
2026-7-6 13:40:44-debug: // ---- build task 整理部分构建选项内数据到 settings.json ----
2026-7-6 13:40:44-debug: // ---- build task 整理部分构建选项内数据到 settings.json ---- (11ms)
2026-7-6 13:40:44-log: run build task 整理部分构建选项内数据到 settings.json success in 11 ms√, progress: 15%
2026-7-6 13:40:44-debug: [Build Memory track]: 整理部分构建选项内数据到 settings.json start:289.28MB, end 289.34MB, increase: 65.65KB
2026-7-6 13:57:00-debug: refresh db internal success
2026-7-6 13:57:00-debug: %cImport%c: D:\工程项目\PlayableAD\Cocos\TheW\20260615_HYQ\HYQ_Project\assets\GameRes\Prefab\Monster_1.prefabbackground: #aaff85; color: #000;color: #000;
2026-7-6 13:57:00-debug: refresh db assets success
2026-7-6 13:57:00-debug: refresh db super-packager success
2026-7-6 13:57:00-debug: Run asset db hook engine-extends:afterRefresh ...
2026-7-6 13:57:00-debug: Run asset db hook engine-extends:afterRefresh success!
2026-7-6 13:57:00-debug: asset-db:refresh-all-database (341ms)
2026-7-6 13:57:00-debug: asset-db:worker-effect-data-processing (3ms)
2026-7-6 13:57:00-debug: asset-db-hook-engine-extends-afterRefresh (5ms)
2026-7-6 13:57:07-debug: refresh db internal success
2026-7-6 13:57:07-debug: refresh db assets success
2026-7-6 13:57:07-debug: refresh db super-packager success
2026-7-6 13:57:07-debug: Run asset db hook engine-extends:afterRefresh ...
2026-7-6 13:57:07-debug: Run asset db hook engine-extends:afterRefresh success!
2026-7-6 13:57:07-debug: asset-db-hook-engine-extends-afterRefresh (2ms)
2026-7-6 13:57:07-debug: asset-db:refresh-all-database (196ms)
2026-7-6 13:57:07-debug: asset-db:worker-effect-data-processing (1ms)
2026-7-6 13:57:08-debug: %cImport%c: D:\工程项目\PlayableAD\Cocos\TheW\20260615_HYQ\HYQ_Project\assets\Scene\Game_3D-002.scenebackground: #aaff85; color: #000;color: #000;
2026-7-6 13:57:08-debug: asset-db:reimport-assetb5805d3a-3b80-4a12-adf5-588e63a7d886 (35ms)
2026-7-6 13:57:09-debug: Query all assets info in project
2026-7-6 13:57:09-debug: init custom config: keepNodeUuid: false, useCache: true
2026-7-6 13:57:09-debug: Skip compress image, progress: 0%
2026-7-6 13:57:09-debug: Num of bundles: 3..., progress: 0%
2026-7-6 13:57:09-debug: Init all bundles start..., progress: 0%
2026-7-6 13:57:09-debug: // ---- build task 查询 Asset Bundle ----
2026-7-6 13:57:09-debug: Init bundle root assets start..., progress: 0%
2026-7-6 13:57:09-debug: 查询 Asset Bundle start, progress: 0%
2026-7-6 13:57:09-debug: Query preload assets/scripts from cc.config.json: 60f7195c-ec2a-45eb-ba94-8955f60e81d0,1c02ae6f-4492-4915-b8f8-7492a3b1e4cd,810e96e4-e456-4468-9b59-f4e8f39732c0,efe8e2a3-eace-427b-b4f1-cb8a937ec77d,e9aa9a3e-5b2b-4ac7-a2c7-073de2b2b24f,8bbdbcdd-5cd4-4100-b6d5-b7c9625b6107,50f4348b-c883-4e2f-8f11-ce233b859fa1,fda095cb-831d-4601-ad94-846013963de8,f92806d7-1768-443f-afe8-12bcde84d0f0,dd3a144d-ab7f-41f0-82b8-2e43a090d496,f0416e68-0200-4b77-a926-4f9d16e494da,511d2633-09a7-4bdd-ac42-f778032124b3,5d45aa00-e064-4938-b314-4265f0c2258c,9361fd90-ba52-4f84-aa93-6e878fd576ca,970b0598-bcb0-4714-91fb-2e81440dccd8,bcd64cc6-2dd9-43f6-abbe-66318d332032,d930590d-bb92-4cc8-8bd1-23cd027f9edf,a3cd009f-0ab0-420d-9278-b9fdab939bbc,6a2d0734-bd9e-4ddf-946e-caa52498cb75,d1346436-ac96-4271-b863-1f4fdead95b0,971bdb23-3ff6-43eb-b422-1c30165a3663,17debcc3-0a6b-4b8a-b00b-dc58b885581e,711ebe11-f673-4cd9-9a83-63c60ba54c5b,c0143906-9aed-447e-9436-2ae8512d1b6e,14da1725-c4c2-42b4-ab08-ee0aeb6898b3,081cab31-dccd-428e-8652-f2404cc81c47,78e0584a-4343-4727-8f37-e14e65c2a2db,ba21476f-2866-4f81-9c4d-6e359316e448,871c3b6c-7379-419d-bda3-794b239ab90d,ff9b0199-ce04-4cfe-86cc-6c719f08d6e4,de1c2107-70c8-4021-8459-6399f24d01c6,cbf30902-517f-40dc-af90-a550bac27cf1,5c601d96-e4c7-4698-991b-7ee674b11079
2026-7-6 13:57:09-debug:   Number of other assets: 1158
2026-7-6 13:57:09-debug: Init bundle root assets success..., progress: 0%
2026-7-6 13:57:09-debug:   Number of all scenes: 5
2026-7-6 13:57:09-debug:   Number of all scripts: 109
2026-7-6 13:57:09-debug: // ---- build task 查询 Asset Bundle ---- (13ms)
2026-7-6 13:57:09-log: run build task 查询 Asset Bundle success in 13 ms√, progress: 5%
2026-7-6 13:57:09-debug: 查询 Asset Bundle start, progress: 5%
2026-7-6 13:57:09-debug: // ---- build task 查询 Asset Bundle ----
2026-7-6 13:57:09-debug: [Build Memory track]: 查询 Asset Bundle start:295.77MB, end 293.20MB, increase: -2628.75KB
2026-7-6 13:57:09-debug: // ---- build task 查询 Asset Bundle ---- (7ms)
2026-7-6 13:57:09-log: run build task 查询 Asset Bundle success in 7 ms√, progress: 10%
2026-7-6 13:57:09-debug: [Build Memory track]: 查询 Asset Bundle start:293.23MB, end 293.46MB, increase: 232.52KB
2026-7-6 13:57:09-debug: 整理部分构建选项内数据到 settings.json start, progress: 10%
2026-7-6 13:57:09-debug: // ---- build task 整理部分构建选项内数据到 settings.json ----
2026-7-6 13:57:09-log: run build task 整理部分构建选项内数据到 settings.json success in 3 ms√, progress: 12%
2026-7-6 13:57:09-debug: [Build Memory track]: 整理部分构建选项内数据到 settings.json start:293.50MB, end 293.52MB, increase: 29.52KB
2026-7-6 13:57:09-debug: 填充脚本数据到 settings.json start, progress: 12%
2026-7-6 13:57:09-debug: // ---- build task 填充脚本数据到 settings.json ----
2026-7-6 13:57:09-debug: // ---- build task 整理部分构建选项内数据到 settings.json ---- (3ms)
2026-7-6 13:57:09-debug: // ---- build task 填充脚本数据到 settings.json ---- (4ms)
2026-7-6 13:57:09-log: run build task 填充脚本数据到 settings.json success in 4 ms√, progress: 13%
2026-7-6 13:57:09-debug: [Build Memory track]: 填充脚本数据到 settings.json start:293.56MB, end 293.59MB, increase: 28.92KB
2026-7-6 13:57:09-debug: 整理部分构建选项内数据到 settings.json start, progress: 13%
2026-7-6 13:57:09-debug: // ---- build task 整理部分构建选项内数据到 settings.json ----
2026-7-6 13:57:09-debug: // ---- build task 整理部分构建选项内数据到 settings.json ---- (5ms)
2026-7-6 13:57:09-log: run build task 整理部分构建选项内数据到 settings.json success in 5 ms√, progress: 15%
2026-7-6 13:57:09-debug: [Build Memory track]: 整理部分构建选项内数据到 settings.json start:293.62MB, end 293.69MB, increase: 65.24KB
2026-7-6 13:58:19-debug: refresh db internal success
2026-7-6 13:58:19-debug: refresh db assets success
2026-7-6 13:58:19-debug: refresh db super-packager success
2026-7-6 13:58:19-debug: Run asset db hook engine-extends:afterRefresh ...
2026-7-6 13:58:19-debug: Run asset db hook engine-extends:afterRefresh success!
2026-7-6 13:58:19-debug: asset-db:refresh-all-database (307ms)
2026-7-6 13:58:19-debug: asset-db:worker-effect-data-processing (3ms)
2026-7-6 13:58:19-debug: asset-db-hook-engine-extends-afterRefresh (4ms)
