2026-6-24 14:07:49-log: Cannot access game frame or container.
2026-6-24 14:07:50-debug: asset-db:require-engine-code (1356ms)
2026-6-24 14:07:50-log: meshopt wasm decoder initialized
2026-6-24 14:07:51-log: [bullet]:bullet wasm lib loaded.
2026-6-24 14:07:51-log: [box2d]:box2d wasm lib loaded.
2026-6-24 14:07:51-log: Forward render pipeline initialized.
2026-6-24 14:07:51-log: Cocos Creator v3.8.7
2026-6-24 14:07:51-log: Using legacy pipeline
2026-6-24 14:07:51-debug: [Assets Memory track]: asset-db:worker-init: initEngine start:29.06MB, end 79.62MB, increase: 50.56MB
2026-6-24 14:07:53-debug: [Assets Memory track]: asset-db:worker-init: initPlugin start:79.66MB, end 199.92MB, increase: 120.26MB
2026-6-24 14:07:53-debug: asset-db:worker-init: initPlugin (2396ms)
2026-6-24 14:07:53-debug: [Assets Memory track]: asset-db:worker-init start:29.05MB, end 200.04MB, increase: 170.99MB
2026-6-24 14:07:53-debug: Run asset db hook programming:beforePreStart success!
2026-6-24 14:07:53-debug: Run asset db hook programming:beforePreStart ...
2026-6-24 14:07:53-debug: Run asset db hook engine-extends:beforePreStart success!
2026-6-24 14:07:53-debug: Preimport db  success
2026-6-24 14:07:53-debug: Run asset db hook engine-extends:beforePreStart ...
2026-6-24 14:07:53-debug: Preimport db  success
2026-6-24 14:07:53-debug: Preimport db  success
2026-6-24 14:07:53-debug: Run asset db hook programming:afterPreStart ...
2026-6-24 14:07:53-debug: starting packer-driver...
2026-6-24 14:07:53-debug: asset-db:worker-init (4118ms)
2026-6-24 14:07:53-debug: asset-db-hook-programming-beforePreStart (120ms)
2026-6-24 14:07:53-debug: asset-db-hook-engine-extends-beforePreStart (119ms)
2026-6-24 14:07:53-debug: initialize scripting environment...
2026-6-24 14:07:53-debug: [[Executor]] prepare before lock
2026-6-24 14:07:53-debug: Set detail map pack:///resolution-detail-map.json: {}
2026-6-24 14:07:53-debug: Run asset db hook programming:afterPreStart success!
2026-6-24 14:07:53-debug: Run asset db hook engine-extends:afterPreStart success!
2026-6-24 14:07:53-debug: [Assets Memory track]: asset-db:worker-init: preStart start:200.05MB, end 202.11MB, increase: 2.06MB
2026-6-24 14:07:53-debug: Run asset db hook engine-extends:afterPreStart ...
2026-6-24 14:07:53-debug: Start up the 'internal' database...
2026-6-24 14:07:53-debug: [[Executor]] prepare after unlock
2026-6-24 14:07:58-debug: asset-db-hook-programming-afterPreStart (4391ms)
2026-6-24 14:07:58-debug: asset-db:worker-effect-data-processing (4010ms)
2026-6-24 14:07:58-debug: asset-db-hook-engine-extends-afterPreStart (4010ms)
2026-6-24 14:07:59-debug: Run asset db hook engine-extends:afterStartDB ...
2026-6-24 14:08:00-debug: recompile effect.bin success
2026-6-24 14:08:00-debug: Run asset db hook engine-extends:afterStartDB success!
2026-6-24 14:08:00-debug: Start up the 'assets' database...
2026-6-24 14:08:04-debug: asset-db:worker-effect-data-processing (5393ms)
2026-6-24 14:08:04-debug: asset-db-hook-engine-extends-afterStartDB (5393ms)
2026-6-24 14:08:04-debug: Run asset db hook engine-extends:afterStartDB ...
2026-6-24 14:08:05-debug: recompile effect.bin success
2026-6-24 14:08:05-debug: Run asset db hook engine-extends:afterStartDB success!
2026-6-24 14:08:05-debug: Start up the 'super-packager' database...
2026-6-24 14:08:05-debug: asset-db:worker-effect-data-processing (612ms)
2026-6-24 14:08:05-debug: asset-db-hook-engine-extends-afterStartDB (612ms)
2026-6-24 14:08:05-debug: Run asset db hook engine-extends:afterStartDB ...
2026-6-24 14:08:05-debug: recompile effect.bin success
2026-6-24 14:08:05-debug: Run asset db hook engine-extends:afterStartDB success!
2026-6-24 14:08:05-debug: [Assets Memory track]: asset-db:worker-init: startup start:202.13MB, end 235.94MB, increase: 33.81MB
2026-6-24 14:08:05-debug: lazy register asset handler *
2026-6-24 14:08:05-debug: lazy register asset handler directory
2026-6-24 14:08:05-debug: lazy register asset handler text
2026-6-24 14:08:05-debug: lazy register asset handler json
2026-6-24 14:08:05-debug: lazy register asset handler dragonbones
2026-6-24 14:08:05-debug: lazy register asset handler dragonbones-atlas
2026-6-24 14:08:05-debug: lazy register asset handler spine-data
2026-6-24 14:08:05-debug: lazy register asset handler javascript
2026-6-24 14:08:05-debug: lazy register asset handler terrain
2026-6-24 14:08:05-debug: lazy register asset handler typescript
2026-6-24 14:08:05-debug: lazy register asset handler scene
2026-6-24 14:08:05-debug: lazy register asset handler tiled-map
2026-6-24 14:08:05-debug: lazy register asset handler sprite-frame
2026-6-24 14:08:05-debug: lazy register asset handler prefab
2026-6-24 14:08:05-debug: lazy register asset handler image
2026-6-24 14:08:05-debug: lazy register asset handler buffer
2026-6-24 14:08:05-debug: lazy register asset handler sign-image
2026-6-24 14:08:05-debug: lazy register asset handler alpha-image
2026-6-24 14:08:05-debug: lazy register asset handler texture-cube
2026-6-24 14:08:05-debug: lazy register asset handler erp-texture-cube
2026-6-24 14:08:05-debug: lazy register asset handler texture
2026-6-24 14:08:05-debug: lazy register asset handler render-texture
2026-6-24 14:08:05-debug: lazy register asset handler rt-sprite-frame
2026-6-24 14:08:05-debug: lazy register asset handler texture-cube-face
2026-6-24 14:08:05-debug: lazy register asset handler gltf
2026-6-24 14:08:05-debug: lazy register asset handler gltf-mesh
2026-6-24 14:08:05-debug: lazy register asset handler gltf-animation
2026-6-24 14:08:05-debug: lazy register asset handler gltf-skeleton
2026-6-24 14:08:05-debug: lazy register asset handler gltf-scene
2026-6-24 14:08:05-debug: lazy register asset handler gltf-embeded-image
2026-6-24 14:08:05-debug: lazy register asset handler fbx
2026-6-24 14:08:05-debug: lazy register asset handler material
2026-6-24 14:08:05-debug: lazy register asset handler gltf-material
2026-6-24 14:08:05-debug: lazy register asset handler physics-material
2026-6-24 14:08:05-debug: lazy register asset handler effect-header
2026-6-24 14:08:05-debug: lazy register asset handler audio-clip
2026-6-24 14:08:05-debug: lazy register asset handler effect
2026-6-24 14:08:05-debug: lazy register asset handler animation-clip
2026-6-24 14:08:05-debug: lazy register asset handler animation-graph
2026-6-24 14:08:05-debug: lazy register asset handler animation-graph-variant
2026-6-24 14:08:05-debug: lazy register asset handler ttf-font
2026-6-24 14:08:05-debug: lazy register asset handler animation-mask
2026-6-24 14:08:05-debug: lazy register asset handler bitmap-font
2026-6-24 14:08:05-debug: lazy register asset handler particle
2026-6-24 14:08:05-debug: lazy register asset handler sprite-atlas
2026-6-24 14:08:05-debug: lazy register asset handler auto-atlas
2026-6-24 14:08:05-debug: lazy register asset handler label-atlas
2026-6-24 14:08:05-debug: lazy register asset handler render-stage
2026-6-24 14:08:05-debug: lazy register asset handler render-pipeline
2026-6-24 14:08:05-debug: lazy register asset handler instantiation-material
2026-6-24 14:08:05-debug: lazy register asset handler render-flow
2026-6-24 14:08:05-debug: lazy register asset handler instantiation-mesh
2026-6-24 14:08:05-debug: lazy register asset handler instantiation-animation
2026-6-24 14:08:05-debug: lazy register asset handler instantiation-skeleton
2026-6-24 14:08:05-debug: lazy register asset handler video-clip
2026-6-24 14:08:06-debug: asset-db:worker-effect-data-processing (410ms)
2026-6-24 14:08:06-debug: asset-db-hook-engine-extends-afterStartDB (410ms)
2026-6-24 14:08:06-debug: asset-db:start-database (12505ms)
2026-6-24 14:08:06-debug: asset-db:ready (21286ms)
2026-6-24 14:08:06-debug: init worker message success
2026-6-24 14:08:06-debug: programming:execute-script (16ms)
2026-6-24 14:08:12-log: [SUPER_PACKAGE]async function() {
  console.log(PACKAGE_NAME, load);
}
2026-6-24 14:08:12-debug: [Build Memory track]: builder:worker-init start:225.22MB, end 256.76MB, increase: 31.54MB
2026-6-24 14:08:12-debug: Query all assets info in project
2026-6-24 14:08:12-debug: builder:worker-init (6558ms)
2026-6-24 14:08:12-debug: init custom config: keepNodeUuid: false, useCache: true
2026-6-24 14:08:12-debug: Skip compress image, progress: 0%
2026-6-24 14:08:12-debug: Init all bundles start..., progress: 0%
2026-6-24 14:08:12-debug: // ---- build task 查询 Asset Bundle ----
2026-6-24 14:08:12-debug: Num of bundles: 3..., progress: 0%
2026-6-24 14:08:12-debug: 查询 Asset Bundle start, progress: 0%
2026-6-24 14:08:12-debug: Init bundle root assets start..., progress: 0%
2026-6-24 14:08:12-debug: Query preload assets/scripts from cc.config.json: 60f7195c-ec2a-45eb-ba94-8955f60e81d0,1c02ae6f-4492-4915-b8f8-7492a3b1e4cd,810e96e4-e456-4468-9b59-f4e8f39732c0,efe8e2a3-eace-427b-b4f1-cb8a937ec77d,e9aa9a3e-5b2b-4ac7-a2c7-073de2b2b24f,8bbdbcdd-5cd4-4100-b6d5-b7c9625b6107,50f4348b-c883-4e2f-8f11-ce233b859fa1,fda095cb-831d-4601-ad94-846013963de8,f92806d7-1768-443f-afe8-12bcde84d0f0,dd3a144d-ab7f-41f0-82b8-2e43a090d496,f0416e68-0200-4b77-a926-4f9d16e494da,511d2633-09a7-4bdd-ac42-f778032124b3,5d45aa00-e064-4938-b314-4265f0c2258c,9361fd90-ba52-4f84-aa93-6e878fd576ca,970b0598-bcb0-4714-91fb-2e81440dccd8,bcd64cc6-2dd9-43f6-abbe-66318d332032,d930590d-bb92-4cc8-8bd1-23cd027f9edf,a3cd009f-0ab0-420d-9278-b9fdab939bbc,6a2d0734-bd9e-4ddf-946e-caa52498cb75,d1346436-ac96-4271-b863-1f4fdead95b0,971bdb23-3ff6-43eb-b422-1c30165a3663,17debcc3-0a6b-4b8a-b00b-dc58b885581e,711ebe11-f673-4cd9-9a83-63c60ba54c5b,c0143906-9aed-447e-9436-2ae8512d1b6e,14da1725-c4c2-42b4-ab08-ee0aeb6898b3,081cab31-dccd-428e-8652-f2404cc81c47,78e0584a-4343-4727-8f37-e14e65c2a2db,ba21476f-2866-4f81-9c4d-6e359316e448,871c3b6c-7379-419d-bda3-794b239ab90d,ff9b0199-ce04-4cfe-86cc-6c719f08d6e4,de1c2107-70c8-4021-8459-6399f24d01c6,cbf30902-517f-40dc-af90-a550bac27cf1,5c601d96-e4c7-4698-991b-7ee674b11079
2026-6-24 14:08:12-debug:   Number of all scripts: 109
2026-6-24 14:08:12-debug:   Number of other assets: 1151
2026-6-24 14:08:12-debug: Init bundle root assets success..., progress: 0%
2026-6-24 14:08:12-debug:   Number of all scenes: 5
2026-6-24 14:08:12-debug: // ---- build task 查询 Asset Bundle ---- (12ms)
2026-6-24 14:08:12-log: run build task 查询 Asset Bundle success in 12 ms√, progress: 5%
2026-6-24 14:08:12-debug: [Build Memory track]: 查询 Asset Bundle start:257.82MB, end 259.51MB, increase: 1.69MB
2026-6-24 14:08:12-debug: 查询 Asset Bundle start, progress: 5%
2026-6-24 14:08:12-debug: // ---- build task 查询 Asset Bundle ----
2026-6-24 14:08:12-debug: // ---- build task 查询 Asset Bundle ---- (6ms)
2026-6-24 14:08:12-log: run build task 查询 Asset Bundle success in 6 ms√, progress: 10%
2026-6-24 14:08:12-debug: [Build Memory track]: 查询 Asset Bundle start:259.55MB, end 259.83MB, increase: 282.73KB
2026-6-24 14:08:12-debug: 整理部分构建选项内数据到 settings.json start, progress: 10%
2026-6-24 14:08:12-debug: // ---- build task 整理部分构建选项内数据到 settings.json ----
2026-6-24 14:08:12-debug: // ---- build task 整理部分构建选项内数据到 settings.json ---- (2ms)
2026-6-24 14:08:12-log: run build task 整理部分构建选项内数据到 settings.json success in 2 ms√, progress: 12%
2026-6-24 14:08:12-debug: 填充脚本数据到 settings.json start, progress: 12%
2026-6-24 14:08:12-debug: [Build Memory track]: 整理部分构建选项内数据到 settings.json start:259.88MB, end 259.92MB, increase: 44.16KB
2026-6-24 14:08:12-debug: // ---- build task 填充脚本数据到 settings.json ----
2026-6-24 14:08:12-debug: // ---- build task 填充脚本数据到 settings.json ---- (2ms)
2026-6-24 14:08:12-log: run build task 填充脚本数据到 settings.json success in 2 ms√, progress: 13%
2026-6-24 14:08:12-debug: [Build Memory track]: 填充脚本数据到 settings.json start:259.97MB, end 260.01MB, increase: 36.74KB
2026-6-24 14:08:12-debug: 整理部分构建选项内数据到 settings.json start, progress: 13%
2026-6-24 14:08:12-debug: // ---- build task 整理部分构建选项内数据到 settings.json ----
2026-6-24 14:08:12-log: run build task 整理部分构建选项内数据到 settings.json success in 8 ms√, progress: 15%
2026-6-24 14:08:12-debug: [Build Memory track]: 整理部分构建选项内数据到 settings.json start:260.05MB, end 260.16MB, increase: 106.20KB
2026-6-24 14:08:12-debug: // ---- build task 整理部分构建选项内数据到 settings.json ---- (8ms)
2026-6-24 14:08:14-debug: Query all assets info in project
2026-6-24 14:08:14-debug: Skip compress image, progress: 0%
2026-6-24 14:08:14-debug: init custom config: keepNodeUuid: false, useCache: true
2026-6-24 14:08:14-debug: Init all bundles start..., progress: 0%
2026-6-24 14:08:14-debug: // ---- build task 查询 Asset Bundle ----
2026-6-24 14:08:14-debug: Num of bundles: 3..., progress: 0%
2026-6-24 14:08:14-debug: 查询 Asset Bundle start, progress: 0%
2026-6-24 14:08:14-debug: Init bundle root assets start..., progress: 0%
2026-6-24 14:08:14-debug: Query preload assets/scripts from cc.config.json: 60f7195c-ec2a-45eb-ba94-8955f60e81d0,1c02ae6f-4492-4915-b8f8-7492a3b1e4cd,810e96e4-e456-4468-9b59-f4e8f39732c0,efe8e2a3-eace-427b-b4f1-cb8a937ec77d,e9aa9a3e-5b2b-4ac7-a2c7-073de2b2b24f,8bbdbcdd-5cd4-4100-b6d5-b7c9625b6107,50f4348b-c883-4e2f-8f11-ce233b859fa1,fda095cb-831d-4601-ad94-846013963de8,f92806d7-1768-443f-afe8-12bcde84d0f0,dd3a144d-ab7f-41f0-82b8-2e43a090d496,f0416e68-0200-4b77-a926-4f9d16e494da,511d2633-09a7-4bdd-ac42-f778032124b3,5d45aa00-e064-4938-b314-4265f0c2258c,9361fd90-ba52-4f84-aa93-6e878fd576ca,970b0598-bcb0-4714-91fb-2e81440dccd8,bcd64cc6-2dd9-43f6-abbe-66318d332032,d930590d-bb92-4cc8-8bd1-23cd027f9edf,a3cd009f-0ab0-420d-9278-b9fdab939bbc,6a2d0734-bd9e-4ddf-946e-caa52498cb75,d1346436-ac96-4271-b863-1f4fdead95b0,971bdb23-3ff6-43eb-b422-1c30165a3663,17debcc3-0a6b-4b8a-b00b-dc58b885581e,711ebe11-f673-4cd9-9a83-63c60ba54c5b,c0143906-9aed-447e-9436-2ae8512d1b6e,14da1725-c4c2-42b4-ab08-ee0aeb6898b3,081cab31-dccd-428e-8652-f2404cc81c47,78e0584a-4343-4727-8f37-e14e65c2a2db,ba21476f-2866-4f81-9c4d-6e359316e448,871c3b6c-7379-419d-bda3-794b239ab90d,ff9b0199-ce04-4cfe-86cc-6c719f08d6e4,de1c2107-70c8-4021-8459-6399f24d01c6,cbf30902-517f-40dc-af90-a550bac27cf1,5c601d96-e4c7-4698-991b-7ee674b11079
2026-6-24 14:08:14-debug:   Number of all scenes: 5
2026-6-24 14:08:14-debug: Init bundle root assets success..., progress: 0%
2026-6-24 14:08:14-debug:   Number of all scripts: 109
2026-6-24 14:08:14-debug:   Number of other assets: 1151
2026-6-24 14:08:14-debug: // ---- build task 查询 Asset Bundle ---- (14ms)
2026-6-24 14:08:14-log: run build task 查询 Asset Bundle success in 14 ms√, progress: 5%
2026-6-24 14:08:14-debug: [Build Memory track]: 查询 Asset Bundle start:253.17MB, end 254.80MB, increase: 1.63MB
2026-6-24 14:08:14-debug: 查询 Asset Bundle start, progress: 5%
2026-6-24 14:08:14-debug: // ---- build task 查询 Asset Bundle ----
2026-6-24 14:08:14-debug: // ---- build task 查询 Asset Bundle ---- (6ms)
2026-6-24 14:08:14-debug: [Build Memory track]: 查询 Asset Bundle start:254.84MB, end 255.08MB, increase: 240.11KB
2026-6-24 14:08:14-log: run build task 查询 Asset Bundle success in 6 ms√, progress: 10%
2026-6-24 14:08:14-debug: 整理部分构建选项内数据到 settings.json start, progress: 10%
2026-6-24 14:08:14-debug: // ---- build task 整理部分构建选项内数据到 settings.json ----
2026-6-24 14:08:14-debug: // ---- build task 整理部分构建选项内数据到 settings.json ---- (2ms)
2026-6-24 14:08:14-log: run build task 整理部分构建选项内数据到 settings.json success in 2 ms√, progress: 12%
2026-6-24 14:08:14-debug: 填充脚本数据到 settings.json start, progress: 12%
2026-6-24 14:08:14-debug: // ---- build task 填充脚本数据到 settings.json ----
2026-6-24 14:08:14-debug: [Build Memory track]: 整理部分构建选项内数据到 settings.json start:255.13MB, end 255.17MB, increase: 37.22KB
2026-6-24 14:08:14-debug: // ---- build task 填充脚本数据到 settings.json ---- (4ms)
2026-6-24 14:08:14-debug: [Build Memory track]: 填充脚本数据到 settings.json start:255.21MB, end 255.25MB, increase: 37.31KB
2026-6-24 14:08:14-log: run build task 填充脚本数据到 settings.json success in 4 ms√, progress: 13%
2026-6-24 14:08:14-debug: 整理部分构建选项内数据到 settings.json start, progress: 13%
2026-6-24 14:08:14-debug: // ---- build task 整理部分构建选项内数据到 settings.json ----
2026-6-24 14:08:14-debug: // ---- build task 整理部分构建选项内数据到 settings.json ---- (7ms)
2026-6-24 14:08:14-log: run build task 整理部分构建选项内数据到 settings.json success in 7 ms√, progress: 15%
2026-6-24 14:08:14-debug: [Build Memory track]: 整理部分构建选项内数据到 settings.json start:255.29MB, end 255.37MB, increase: 80.65KB
2026-6-24 14:23:33-debug: %cImport%c: D:\工程项目\PlayableAD\Cocos\TheW\20260615_HYQ\HYQ_Project\assets\Scene\Game_3D-002.scenebackground: #aaff85; color: #000;color: #000;
2026-6-24 14:23:34-debug: asset-db:reimport-assetb5805d3a-3b80-4a12-adf5-588e63a7d886 (36ms)
2026-6-24 14:23:34-debug: Query all assets info in project
2026-6-24 14:23:34-debug: init custom config: keepNodeUuid: false, useCache: true
2026-6-24 14:23:34-debug: Skip compress image, progress: 0%
2026-6-24 14:23:34-debug: Init all bundles start..., progress: 0%
2026-6-24 14:23:34-debug: Num of bundles: 3..., progress: 0%
2026-6-24 14:23:34-debug: 查询 Asset Bundle start, progress: 0%
2026-6-24 14:23:34-debug: // ---- build task 查询 Asset Bundle ----
2026-6-24 14:23:34-debug: Init bundle root assets start..., progress: 0%
2026-6-24 14:23:34-debug: Query preload assets/scripts from cc.config.json: 60f7195c-ec2a-45eb-ba94-8955f60e81d0,1c02ae6f-4492-4915-b8f8-7492a3b1e4cd,810e96e4-e456-4468-9b59-f4e8f39732c0,efe8e2a3-eace-427b-b4f1-cb8a937ec77d,e9aa9a3e-5b2b-4ac7-a2c7-073de2b2b24f,8bbdbcdd-5cd4-4100-b6d5-b7c9625b6107,50f4348b-c883-4e2f-8f11-ce233b859fa1,fda095cb-831d-4601-ad94-846013963de8,f92806d7-1768-443f-afe8-12bcde84d0f0,dd3a144d-ab7f-41f0-82b8-2e43a090d496,f0416e68-0200-4b77-a926-4f9d16e494da,511d2633-09a7-4bdd-ac42-f778032124b3,5d45aa00-e064-4938-b314-4265f0c2258c,9361fd90-ba52-4f84-aa93-6e878fd576ca,970b0598-bcb0-4714-91fb-2e81440dccd8,bcd64cc6-2dd9-43f6-abbe-66318d332032,d930590d-bb92-4cc8-8bd1-23cd027f9edf,a3cd009f-0ab0-420d-9278-b9fdab939bbc,6a2d0734-bd9e-4ddf-946e-caa52498cb75,d1346436-ac96-4271-b863-1f4fdead95b0,971bdb23-3ff6-43eb-b422-1c30165a3663,17debcc3-0a6b-4b8a-b00b-dc58b885581e,711ebe11-f673-4cd9-9a83-63c60ba54c5b,c0143906-9aed-447e-9436-2ae8512d1b6e,14da1725-c4c2-42b4-ab08-ee0aeb6898b3,081cab31-dccd-428e-8652-f2404cc81c47,78e0584a-4343-4727-8f37-e14e65c2a2db,ba21476f-2866-4f81-9c4d-6e359316e448,871c3b6c-7379-419d-bda3-794b239ab90d,ff9b0199-ce04-4cfe-86cc-6c719f08d6e4,de1c2107-70c8-4021-8459-6399f24d01c6,cbf30902-517f-40dc-af90-a550bac27cf1,5c601d96-e4c7-4698-991b-7ee674b11079
2026-6-24 14:23:34-debug:   Number of all scripts: 109
2026-6-24 14:23:34-debug:   Number of other assets: 1151
2026-6-24 14:23:34-debug: Init bundle root assets success..., progress: 0%
2026-6-24 14:23:34-debug:   Number of all scenes: 5
2026-6-24 14:23:34-log: run build task 查询 Asset Bundle success in 14 ms√, progress: 5%
2026-6-24 14:23:34-debug: // ---- build task 查询 Asset Bundle ---- (14ms)
2026-6-24 14:23:34-debug: [Build Memory track]: 查询 Asset Bundle start:244.76MB, end 244.72MB, increase: -42.04KB
2026-6-24 14:23:34-debug: 查询 Asset Bundle start, progress: 5%
2026-6-24 14:23:34-debug: // ---- build task 查询 Asset Bundle ----
2026-6-24 14:23:34-debug: // ---- build task 查询 Asset Bundle ---- (6ms)
2026-6-24 14:23:34-log: run build task 查询 Asset Bundle success in 6 ms√, progress: 10%
2026-6-24 14:23:34-debug: 整理部分构建选项内数据到 settings.json start, progress: 10%
2026-6-24 14:23:34-debug: [Build Memory track]: 查询 Asset Bundle start:244.77MB, end 245.01MB, increase: 251.27KB
2026-6-24 14:23:34-debug: // ---- build task 整理部分构建选项内数据到 settings.json ----
2026-6-24 14:23:34-debug: // ---- build task 整理部分构建选项内数据到 settings.json ---- (2ms)
2026-6-24 14:23:34-log: run build task 整理部分构建选项内数据到 settings.json success in 2 ms√, progress: 12%
2026-6-24 14:23:34-debug: // ---- build task 填充脚本数据到 settings.json ----
2026-6-24 14:23:34-debug: [Build Memory track]: 整理部分构建选项内数据到 settings.json start:245.06MB, end 245.09MB, increase: 36.82KB
2026-6-24 14:23:34-debug: 填充脚本数据到 settings.json start, progress: 12%
2026-6-24 14:23:34-debug: // ---- build task 填充脚本数据到 settings.json ---- (3ms)
2026-6-24 14:23:34-log: run build task 填充脚本数据到 settings.json success in 3 ms√, progress: 13%
2026-6-24 14:23:34-debug: [Build Memory track]: 填充脚本数据到 settings.json start:245.14MB, end 245.17MB, increase: 36.23KB
2026-6-24 14:23:34-debug: 整理部分构建选项内数据到 settings.json start, progress: 13%
2026-6-24 14:23:34-debug: // ---- build task 整理部分构建选项内数据到 settings.json ----
2026-6-24 14:23:34-debug: // ---- build task 整理部分构建选项内数据到 settings.json ---- (5ms)
2026-6-24 14:23:34-log: run build task 整理部分构建选项内数据到 settings.json success in 5 ms√, progress: 15%
2026-6-24 14:23:34-debug: [Build Memory track]: 整理部分构建选项内数据到 settings.json start:245.22MB, end 245.29MB, increase: 77.78KB
2026-6-24 14:36:10-debug: refresh db internal success
2026-6-24 14:36:10-debug: %cImport%c: D:\工程项目\PlayableAD\Cocos\TheW\20260615_HYQ\HYQ_Project\assets\Script\functionS\Monster\MonsterCreate.tsbackground: #aaff85; color: #000;color: #000;
2026-6-24 14:36:10-debug: %cImport%c: D:\工程项目\PlayableAD\Cocos\TheW\20260615_HYQ\HYQ_Project\assets\Script\functionS\Other\PropLalianGate.tsbackground: #aaff85; color: #000;color: #000;
2026-6-24 14:36:10-debug: refresh db assets success
2026-6-24 14:36:10-debug: refresh db super-packager success
2026-6-24 14:36:10-debug: Run asset db hook engine-extends:afterRefresh ...
2026-6-24 14:36:10-debug: Run asset db hook engine-extends:afterRefresh success!
2026-6-24 14:36:10-debug: asset-db:worker-effect-data-processing (4ms)
2026-6-24 14:36:10-debug: asset-db-hook-engine-extends-afterRefresh (5ms)
2026-6-24 14:36:10-debug: asset-db:refresh-all-database (333ms)
2026-6-24 14:36:14-debug: Query all assets info in project
2026-6-24 14:36:14-debug: init custom config: keepNodeUuid: false, useCache: true
2026-6-24 14:36:14-debug: Skip compress image, progress: 0%
2026-6-24 14:36:14-debug: Init all bundles start..., progress: 0%
2026-6-24 14:36:14-debug: Num of bundles: 3..., progress: 0%
2026-6-24 14:36:14-debug: 查询 Asset Bundle start, progress: 0%
2026-6-24 14:36:14-debug: // ---- build task 查询 Asset Bundle ----
2026-6-24 14:36:14-debug: Init bundle root assets start..., progress: 0%
2026-6-24 14:36:14-debug: Query preload assets/scripts from cc.config.json: 60f7195c-ec2a-45eb-ba94-8955f60e81d0,1c02ae6f-4492-4915-b8f8-7492a3b1e4cd,810e96e4-e456-4468-9b59-f4e8f39732c0,efe8e2a3-eace-427b-b4f1-cb8a937ec77d,e9aa9a3e-5b2b-4ac7-a2c7-073de2b2b24f,8bbdbcdd-5cd4-4100-b6d5-b7c9625b6107,50f4348b-c883-4e2f-8f11-ce233b859fa1,fda095cb-831d-4601-ad94-846013963de8,f92806d7-1768-443f-afe8-12bcde84d0f0,dd3a144d-ab7f-41f0-82b8-2e43a090d496,f0416e68-0200-4b77-a926-4f9d16e494da,511d2633-09a7-4bdd-ac42-f778032124b3,5d45aa00-e064-4938-b314-4265f0c2258c,9361fd90-ba52-4f84-aa93-6e878fd576ca,970b0598-bcb0-4714-91fb-2e81440dccd8,bcd64cc6-2dd9-43f6-abbe-66318d332032,d930590d-bb92-4cc8-8bd1-23cd027f9edf,a3cd009f-0ab0-420d-9278-b9fdab939bbc,6a2d0734-bd9e-4ddf-946e-caa52498cb75,d1346436-ac96-4271-b863-1f4fdead95b0,971bdb23-3ff6-43eb-b422-1c30165a3663,17debcc3-0a6b-4b8a-b00b-dc58b885581e,711ebe11-f673-4cd9-9a83-63c60ba54c5b,c0143906-9aed-447e-9436-2ae8512d1b6e,14da1725-c4c2-42b4-ab08-ee0aeb6898b3,081cab31-dccd-428e-8652-f2404cc81c47,78e0584a-4343-4727-8f37-e14e65c2a2db,ba21476f-2866-4f81-9c4d-6e359316e448,871c3b6c-7379-419d-bda3-794b239ab90d,ff9b0199-ce04-4cfe-86cc-6c719f08d6e4,de1c2107-70c8-4021-8459-6399f24d01c6,cbf30902-517f-40dc-af90-a550bac27cf1,5c601d96-e4c7-4698-991b-7ee674b11079
2026-6-24 14:36:14-debug:   Number of all scenes: 5
2026-6-24 14:36:14-debug:   Number of all scripts: 109
2026-6-24 14:36:14-debug:   Number of other assets: 1151
2026-6-24 14:36:14-debug: Init bundle root assets success..., progress: 0%
2026-6-24 14:36:14-debug: // ---- build task 查询 Asset Bundle ---- (18ms)
2026-6-24 14:36:14-log: run build task 查询 Asset Bundle success in 18 ms√, progress: 5%
2026-6-24 14:36:14-debug: [Build Memory track]: 查询 Asset Bundle start:252.44MB, end 248.47MB, increase: -4056.65KB
2026-6-24 14:36:14-debug: 查询 Asset Bundle start, progress: 5%
2026-6-24 14:36:14-debug: // ---- build task 查询 Asset Bundle ----
2026-6-24 14:36:14-debug: // ---- build task 查询 Asset Bundle ---- (8ms)
2026-6-24 14:36:14-log: run build task 查询 Asset Bundle success in 8 ms√, progress: 10%
2026-6-24 14:36:14-debug: [Build Memory track]: 查询 Asset Bundle start:248.52MB, end 248.76MB, increase: 247.19KB
2026-6-24 14:36:14-debug: 整理部分构建选项内数据到 settings.json start, progress: 10%
2026-6-24 14:36:14-debug: // ---- build task 整理部分构建选项内数据到 settings.json ----
2026-6-24 14:36:14-debug: // ---- build task 整理部分构建选项内数据到 settings.json ---- (4ms)
2026-6-24 14:36:14-log: run build task 整理部分构建选项内数据到 settings.json success in 4 ms√, progress: 12%
2026-6-24 14:36:14-debug: // ---- build task 填充脚本数据到 settings.json ----
2026-6-24 14:36:14-debug: [Build Memory track]: 整理部分构建选项内数据到 settings.json start:248.81MB, end 248.85MB, increase: 46.12KB
2026-6-24 14:36:14-debug: // ---- build task 填充脚本数据到 settings.json ---- (4ms)
2026-6-24 14:36:14-debug: [Build Memory track]: 填充脚本数据到 settings.json start:248.90MB, end 248.93MB, increase: 33.50KB
2026-6-24 14:36:14-debug: 整理部分构建选项内数据到 settings.json start, progress: 13%
2026-6-24 14:36:14-debug: // ---- build task 整理部分构建选项内数据到 settings.json ----
2026-6-24 14:36:14-log: run build task 填充脚本数据到 settings.json success in 4 ms√, progress: 13%
2026-6-24 14:36:14-debug: 填充脚本数据到 settings.json start, progress: 12%
2026-6-24 14:36:14-debug: // ---- build task 整理部分构建选项内数据到 settings.json ---- (9ms)
2026-6-24 14:36:14-log: run build task 整理部分构建选项内数据到 settings.json success in 9 ms√, progress: 15%
2026-6-24 14:36:14-debug: [Build Memory track]: 整理部分构建选项内数据到 settings.json start:248.98MB, end 249.05MB, increase: 75.42KB
2026-6-24 14:40:21-debug: refresh db internal success
2026-6-24 14:40:21-debug: %cImport%c: D:\工程项目\PlayableAD\Cocos\TheW\20260615_HYQ\HYQ_Project\assets\Script\functionS\Other\PropLalianGate.tsbackground: #aaff85; color: #000;color: #000;
2026-6-24 14:40:22-debug: refresh db assets success
2026-6-24 14:40:22-debug: refresh db super-packager success
2026-6-24 14:40:22-debug: Run asset db hook engine-extends:afterRefresh ...
2026-6-24 14:40:22-debug: Run asset db hook engine-extends:afterRefresh success!
2026-6-24 14:40:22-debug: asset-db:refresh-all-database (349ms)
2026-6-24 14:40:22-debug: asset-db-hook-engine-extends-afterRefresh (3ms)
2026-6-24 14:40:22-debug: asset-db:worker-effect-data-processing (2ms)
2026-6-24 14:40:25-debug: Query all assets info in project
2026-6-24 14:40:25-debug: init custom config: keepNodeUuid: false, useCache: true
2026-6-24 14:40:25-debug: Skip compress image, progress: 0%
2026-6-24 14:40:25-debug: Init all bundles start..., progress: 0%
2026-6-24 14:40:25-debug: Num of bundles: 3..., progress: 0%
2026-6-24 14:40:25-debug: 查询 Asset Bundle start, progress: 0%
2026-6-24 14:40:25-debug: // ---- build task 查询 Asset Bundle ----
2026-6-24 14:40:25-debug: Init bundle root assets start..., progress: 0%
2026-6-24 14:40:25-debug: Query preload assets/scripts from cc.config.json: 60f7195c-ec2a-45eb-ba94-8955f60e81d0,1c02ae6f-4492-4915-b8f8-7492a3b1e4cd,810e96e4-e456-4468-9b59-f4e8f39732c0,efe8e2a3-eace-427b-b4f1-cb8a937ec77d,e9aa9a3e-5b2b-4ac7-a2c7-073de2b2b24f,8bbdbcdd-5cd4-4100-b6d5-b7c9625b6107,50f4348b-c883-4e2f-8f11-ce233b859fa1,fda095cb-831d-4601-ad94-846013963de8,f92806d7-1768-443f-afe8-12bcde84d0f0,dd3a144d-ab7f-41f0-82b8-2e43a090d496,f0416e68-0200-4b77-a926-4f9d16e494da,511d2633-09a7-4bdd-ac42-f778032124b3,5d45aa00-e064-4938-b314-4265f0c2258c,9361fd90-ba52-4f84-aa93-6e878fd576ca,970b0598-bcb0-4714-91fb-2e81440dccd8,bcd64cc6-2dd9-43f6-abbe-66318d332032,d930590d-bb92-4cc8-8bd1-23cd027f9edf,a3cd009f-0ab0-420d-9278-b9fdab939bbc,6a2d0734-bd9e-4ddf-946e-caa52498cb75,d1346436-ac96-4271-b863-1f4fdead95b0,971bdb23-3ff6-43eb-b422-1c30165a3663,17debcc3-0a6b-4b8a-b00b-dc58b885581e,711ebe11-f673-4cd9-9a83-63c60ba54c5b,c0143906-9aed-447e-9436-2ae8512d1b6e,14da1725-c4c2-42b4-ab08-ee0aeb6898b3,081cab31-dccd-428e-8652-f2404cc81c47,78e0584a-4343-4727-8f37-e14e65c2a2db,ba21476f-2866-4f81-9c4d-6e359316e448,871c3b6c-7379-419d-bda3-794b239ab90d,ff9b0199-ce04-4cfe-86cc-6c719f08d6e4,de1c2107-70c8-4021-8459-6399f24d01c6,cbf30902-517f-40dc-af90-a550bac27cf1,5c601d96-e4c7-4698-991b-7ee674b11079
2026-6-24 14:40:25-debug:   Number of all scripts: 109
2026-6-24 14:40:25-debug:   Number of all scenes: 5
2026-6-24 14:40:25-debug: Init bundle root assets success..., progress: 0%
2026-6-24 14:40:25-debug: // ---- build task 查询 Asset Bundle ---- (30ms)
2026-6-24 14:40:25-log: run build task 查询 Asset Bundle success in 30 ms√, progress: 5%
2026-6-24 14:40:25-debug: [Build Memory track]: 查询 Asset Bundle start:251.74MB, end 253.36MB, increase: 1.62MB
2026-6-24 14:40:25-debug: // ---- build task 查询 Asset Bundle ----
2026-6-24 14:40:25-debug:   Number of other assets: 1151
2026-6-24 14:40:25-debug: // ---- build task 查询 Asset Bundle ---- (9ms)
2026-6-24 14:40:25-log: run build task 查询 Asset Bundle success in 9 ms√, progress: 10%
2026-6-24 14:40:25-debug: [Build Memory track]: 查询 Asset Bundle start:253.40MB, end 253.64MB, increase: 244.17KB
2026-6-24 14:40:25-debug: 整理部分构建选项内数据到 settings.json start, progress: 10%
2026-6-24 14:40:25-debug: // ---- build task 整理部分构建选项内数据到 settings.json ----
2026-6-24 14:40:25-log: run build task 整理部分构建选项内数据到 settings.json success in 2 ms√, progress: 12%
2026-6-24 14:40:25-debug: [Build Memory track]: 整理部分构建选项内数据到 settings.json start:253.69MB, end 253.72MB, increase: 34.39KB
2026-6-24 14:40:25-debug: 填充脚本数据到 settings.json start, progress: 12%
2026-6-24 14:40:25-debug: // ---- build task 填充脚本数据到 settings.json ----
2026-6-24 14:40:25-debug: // ---- build task 整理部分构建选项内数据到 settings.json ---- (2ms)
2026-6-24 14:40:25-debug: // ---- build task 填充脚本数据到 settings.json ---- (7ms)
2026-6-24 14:40:25-log: run build task 填充脚本数据到 settings.json success in 7 ms√, progress: 13%
2026-6-24 14:40:25-debug: [Build Memory track]: 填充脚本数据到 settings.json start:253.77MB, end 253.80MB, increase: 37.00KB
2026-6-24 14:40:25-debug: 整理部分构建选项内数据到 settings.json start, progress: 13%
2026-6-24 14:40:25-debug: // ---- build task 整理部分构建选项内数据到 settings.json ----
2026-6-24 14:40:25-debug: 查询 Asset Bundle start, progress: 5%
2026-6-24 14:40:25-debug: // ---- build task 整理部分构建选项内数据到 settings.json ---- (26ms)
2026-6-24 14:40:25-log: run build task 整理部分构建选项内数据到 settings.json success in 26 ms√, progress: 15%
2026-6-24 14:40:25-debug: [Build Memory track]: 整理部分构建选项内数据到 settings.json start:253.85MB, end 253.98MB, increase: 133.80KB
2026-6-24 14:57:37-debug: refresh db internal success
2026-6-24 14:57:37-debug: %cImport%c: D:\工程项目\PlayableAD\Cocos\TheW\20260615_HYQ\HYQ_Project\assets\Script\functionS\Monster\MonsterCreate.tsbackground: #aaff85; color: #000;color: #000;
2026-6-24 14:57:37-debug: %cImport%c: D:\工程项目\PlayableAD\Cocos\TheW\20260615_HYQ\HYQ_Project\assets\Script\functionS\Other\PropLalianGate.tsbackground: #aaff85; color: #000;color: #000;
2026-6-24 14:57:37-debug: refresh db assets success
2026-6-24 14:57:37-debug: refresh db super-packager success
2026-6-24 14:57:37-debug: Run asset db hook engine-extends:afterRefresh ...
2026-6-24 14:57:37-debug: asset-db:refresh-all-database (364ms)
2026-6-24 14:57:37-debug: Run asset db hook engine-extends:afterRefresh success!
2026-6-24 14:57:37-debug: asset-db:worker-effect-data-processing (11ms)
2026-6-24 14:57:37-debug: asset-db-hook-engine-extends-afterRefresh (12ms)
2026-6-24 14:57:48-debug: Query all assets info in project
2026-6-24 14:57:48-debug: init custom config: keepNodeUuid: false, useCache: true
2026-6-24 14:57:48-debug: Skip compress image, progress: 0%
2026-6-24 14:57:48-debug: Init all bundles start..., progress: 0%
2026-6-24 14:57:48-debug: Num of bundles: 3..., progress: 0%
2026-6-24 14:57:48-debug: 查询 Asset Bundle start, progress: 0%
2026-6-24 14:57:48-debug: // ---- build task 查询 Asset Bundle ----
2026-6-24 14:57:48-debug: Init bundle root assets start..., progress: 0%
2026-6-24 14:57:48-debug: Query preload assets/scripts from cc.config.json: 60f7195c-ec2a-45eb-ba94-8955f60e81d0,1c02ae6f-4492-4915-b8f8-7492a3b1e4cd,810e96e4-e456-4468-9b59-f4e8f39732c0,efe8e2a3-eace-427b-b4f1-cb8a937ec77d,e9aa9a3e-5b2b-4ac7-a2c7-073de2b2b24f,8bbdbcdd-5cd4-4100-b6d5-b7c9625b6107,50f4348b-c883-4e2f-8f11-ce233b859fa1,fda095cb-831d-4601-ad94-846013963de8,f92806d7-1768-443f-afe8-12bcde84d0f0,dd3a144d-ab7f-41f0-82b8-2e43a090d496,f0416e68-0200-4b77-a926-4f9d16e494da,511d2633-09a7-4bdd-ac42-f778032124b3,5d45aa00-e064-4938-b314-4265f0c2258c,9361fd90-ba52-4f84-aa93-6e878fd576ca,970b0598-bcb0-4714-91fb-2e81440dccd8,bcd64cc6-2dd9-43f6-abbe-66318d332032,d930590d-bb92-4cc8-8bd1-23cd027f9edf,a3cd009f-0ab0-420d-9278-b9fdab939bbc,6a2d0734-bd9e-4ddf-946e-caa52498cb75,d1346436-ac96-4271-b863-1f4fdead95b0,971bdb23-3ff6-43eb-b422-1c30165a3663,17debcc3-0a6b-4b8a-b00b-dc58b885581e,711ebe11-f673-4cd9-9a83-63c60ba54c5b,c0143906-9aed-447e-9436-2ae8512d1b6e,14da1725-c4c2-42b4-ab08-ee0aeb6898b3,081cab31-dccd-428e-8652-f2404cc81c47,78e0584a-4343-4727-8f37-e14e65c2a2db,ba21476f-2866-4f81-9c4d-6e359316e448,871c3b6c-7379-419d-bda3-794b239ab90d,ff9b0199-ce04-4cfe-86cc-6c719f08d6e4,de1c2107-70c8-4021-8459-6399f24d01c6,cbf30902-517f-40dc-af90-a550bac27cf1,5c601d96-e4c7-4698-991b-7ee674b11079
2026-6-24 14:57:48-debug:   Number of all scenes: 5
2026-6-24 14:57:48-debug:   Number of all scripts: 109
2026-6-24 14:57:48-debug:   Number of other assets: 1151
2026-6-24 14:57:48-debug: Init bundle root assets success..., progress: 0%
2026-6-24 14:57:48-debug: // ---- build task 查询 Asset Bundle ---- (18ms)
2026-6-24 14:57:48-log: run build task 查询 Asset Bundle success in 18 ms√, progress: 5%
2026-6-24 14:57:48-debug: [Build Memory track]: 查询 Asset Bundle start:255.36MB, end 255.12MB, increase: -248.58KB
2026-6-24 14:57:48-debug: // ---- build task 查询 Asset Bundle ----
2026-6-24 14:57:48-debug: 查询 Asset Bundle start, progress: 5%
2026-6-24 14:57:48-debug: // ---- build task 查询 Asset Bundle ---- (8ms)
2026-6-24 14:57:48-log: run build task 查询 Asset Bundle success in 8 ms√, progress: 10%
2026-6-24 14:57:48-debug: 整理部分构建选项内数据到 settings.json start, progress: 10%
2026-6-24 14:57:48-debug: // ---- build task 整理部分构建选项内数据到 settings.json ----
2026-6-24 14:57:48-debug: [Build Memory track]: 查询 Asset Bundle start:255.16MB, end 255.40MB, increase: 241.42KB
2026-6-24 14:57:48-debug: // ---- build task 整理部分构建选项内数据到 settings.json ---- (3ms)
2026-6-24 14:57:48-log: run build task 整理部分构建选项内数据到 settings.json success in 3 ms√, progress: 12%
2026-6-24 14:57:48-debug: [Build Memory track]: 整理部分构建选项内数据到 settings.json start:255.44MB, end 255.48MB, increase: 36.55KB
2026-6-24 14:57:48-debug: 填充脚本数据到 settings.json start, progress: 12%
2026-6-24 14:57:48-debug: // ---- build task 填充脚本数据到 settings.json ----
2026-6-24 14:57:48-debug: // ---- build task 填充脚本数据到 settings.json ---- (3ms)
2026-6-24 14:57:48-debug: [Build Memory track]: 填充脚本数据到 settings.json start:255.52MB, end 255.56MB, increase: 35.44KB
2026-6-24 14:57:48-debug: // ---- build task 整理部分构建选项内数据到 settings.json ----
2026-6-24 14:57:48-log: run build task 填充脚本数据到 settings.json success in 3 ms√, progress: 13%
2026-6-24 14:57:48-debug: 整理部分构建选项内数据到 settings.json start, progress: 13%
2026-6-24 14:57:49-log: run build task 整理部分构建选项内数据到 settings.json success in 21 ms√, progress: 15%
2026-6-24 14:57:49-debug: // ---- build task 整理部分构建选项内数据到 settings.json ---- (21ms)
2026-6-24 14:57:49-debug: [Build Memory track]: 整理部分构建选项内数据到 settings.json start:255.60MB, end 255.68MB, increase: 79.48KB
2026-6-24 15:04:59-debug: refresh db internal success
2026-6-24 15:04:59-debug: %cImport%c: D:\工程项目\PlayableAD\Cocos\TheW\20260615_HYQ\HYQ_Project\assets\Script\functionS\Monster\MonsterCreate.tsbackground: #aaff85; color: #000;color: #000;
2026-6-24 15:04:59-debug: refresh db assets success
2026-6-24 15:04:59-debug: refresh db super-packager success
2026-6-24 15:04:59-debug: Run asset db hook engine-extends:afterRefresh ...
2026-6-24 15:04:59-debug: Run asset db hook engine-extends:afterRefresh success!
2026-6-24 15:04:59-debug: asset-db:refresh-all-database (205ms)
2026-6-24 15:04:59-debug: asset-db:worker-effect-data-processing (3ms)
2026-6-24 15:04:59-debug: asset-db-hook-engine-extends-afterRefresh (3ms)
2026-6-24 15:05:02-debug: Query all assets info in project
2026-6-24 15:05:02-debug: init custom config: keepNodeUuid: false, useCache: true
2026-6-24 15:05:02-debug: Skip compress image, progress: 0%
2026-6-24 15:05:02-debug: Init all bundles start..., progress: 0%
2026-6-24 15:05:02-debug: 查询 Asset Bundle start, progress: 0%
2026-6-24 15:05:02-debug: Init bundle root assets start..., progress: 0%
2026-6-24 15:05:02-debug: // ---- build task 查询 Asset Bundle ----
2026-6-24 15:05:02-debug: Num of bundles: 3..., progress: 0%
2026-6-24 15:05:02-debug: Query preload assets/scripts from cc.config.json: 60f7195c-ec2a-45eb-ba94-8955f60e81d0,1c02ae6f-4492-4915-b8f8-7492a3b1e4cd,810e96e4-e456-4468-9b59-f4e8f39732c0,efe8e2a3-eace-427b-b4f1-cb8a937ec77d,e9aa9a3e-5b2b-4ac7-a2c7-073de2b2b24f,8bbdbcdd-5cd4-4100-b6d5-b7c9625b6107,50f4348b-c883-4e2f-8f11-ce233b859fa1,fda095cb-831d-4601-ad94-846013963de8,f92806d7-1768-443f-afe8-12bcde84d0f0,dd3a144d-ab7f-41f0-82b8-2e43a090d496,f0416e68-0200-4b77-a926-4f9d16e494da,511d2633-09a7-4bdd-ac42-f778032124b3,5d45aa00-e064-4938-b314-4265f0c2258c,9361fd90-ba52-4f84-aa93-6e878fd576ca,970b0598-bcb0-4714-91fb-2e81440dccd8,bcd64cc6-2dd9-43f6-abbe-66318d332032,d930590d-bb92-4cc8-8bd1-23cd027f9edf,a3cd009f-0ab0-420d-9278-b9fdab939bbc,6a2d0734-bd9e-4ddf-946e-caa52498cb75,d1346436-ac96-4271-b863-1f4fdead95b0,971bdb23-3ff6-43eb-b422-1c30165a3663,17debcc3-0a6b-4b8a-b00b-dc58b885581e,711ebe11-f673-4cd9-9a83-63c60ba54c5b,c0143906-9aed-447e-9436-2ae8512d1b6e,14da1725-c4c2-42b4-ab08-ee0aeb6898b3,081cab31-dccd-428e-8652-f2404cc81c47,78e0584a-4343-4727-8f37-e14e65c2a2db,ba21476f-2866-4f81-9c4d-6e359316e448,871c3b6c-7379-419d-bda3-794b239ab90d,ff9b0199-ce04-4cfe-86cc-6c719f08d6e4,de1c2107-70c8-4021-8459-6399f24d01c6,cbf30902-517f-40dc-af90-a550bac27cf1,5c601d96-e4c7-4698-991b-7ee674b11079
2026-6-24 15:05:02-debug:   Number of all scripts: 109
2026-6-24 15:05:02-debug:   Number of other assets: 1151
2026-6-24 15:05:02-debug: Init bundle root assets success..., progress: 0%
2026-6-24 15:05:02-debug:   Number of all scenes: 5
2026-6-24 15:05:02-log: run build task 查询 Asset Bundle success in 18 ms√, progress: 5%
2026-6-24 15:05:02-debug: [Build Memory track]: 查询 Asset Bundle start:262.20MB, end 258.12MB, increase: -4177.36KB
2026-6-24 15:05:02-debug: 查询 Asset Bundle start, progress: 5%
2026-6-24 15:05:02-debug: // ---- build task 查询 Asset Bundle ----
2026-6-24 15:05:02-debug: // ---- build task 查询 Asset Bundle ---- (18ms)
2026-6-24 15:05:02-debug: // ---- build task 查询 Asset Bundle ---- (5ms)
2026-6-24 15:05:02-log: run build task 查询 Asset Bundle success in 5 ms√, progress: 10%
2026-6-24 15:05:02-debug: [Build Memory track]: 查询 Asset Bundle start:258.15MB, end 258.38MB, increase: 235.79KB
2026-6-24 15:05:02-debug: 整理部分构建选项内数据到 settings.json start, progress: 10%
2026-6-24 15:05:02-debug: // ---- build task 整理部分构建选项内数据到 settings.json ----
2026-6-24 15:05:02-debug: // ---- build task 整理部分构建选项内数据到 settings.json ---- (3ms)
2026-6-24 15:05:02-log: run build task 整理部分构建选项内数据到 settings.json success in 3 ms√, progress: 12%
2026-6-24 15:05:02-debug: [Build Memory track]: 整理部分构建选项内数据到 settings.json start:258.42MB, end 258.45MB, increase: 32.30KB
2026-6-24 15:05:02-debug: 填充脚本数据到 settings.json start, progress: 12%
2026-6-24 15:05:02-debug: // ---- build task 填充脚本数据到 settings.json ----
2026-6-24 15:05:02-debug: // ---- build task 填充脚本数据到 settings.json ---- (1ms)
2026-6-24 15:05:02-debug: [Build Memory track]: 填充脚本数据到 settings.json start:258.49MB, end 258.51MB, increase: 29.23KB
2026-6-24 15:05:02-debug: 整理部分构建选项内数据到 settings.json start, progress: 13%
2026-6-24 15:05:02-debug: // ---- build task 整理部分构建选项内数据到 settings.json ----
2026-6-24 15:05:02-log: run build task 填充脚本数据到 settings.json success in 1 ms√, progress: 13%
2026-6-24 15:05:02-debug: // ---- build task 整理部分构建选项内数据到 settings.json ---- (7ms)
2026-6-24 15:05:02-log: run build task 整理部分构建选项内数据到 settings.json success in 7 ms√, progress: 15%
2026-6-24 15:05:02-debug: [Build Memory track]: 整理部分构建选项内数据到 settings.json start:258.55MB, end 258.62MB, increase: 76.35KB
2026-6-24 15:05:09-debug: refresh db internal success
2026-6-24 15:05:09-debug: refresh db assets success
2026-6-24 15:05:09-debug: refresh db super-packager success
2026-6-24 15:05:09-debug: Run asset db hook engine-extends:afterRefresh ...
2026-6-24 15:05:09-debug: Run asset db hook engine-extends:afterRefresh success!
2026-6-24 15:05:09-debug: asset-db-hook-engine-extends-afterRefresh (4ms)
2026-6-24 15:05:09-debug: asset-db:refresh-all-database (386ms)
2026-6-24 15:05:09-debug: asset-db:worker-effect-data-processing (3ms)
2026-6-24 15:11:36-debug: refresh db internal success
2026-6-24 15:11:36-debug: %cImport%c: D:\工程项目\PlayableAD\Cocos\TheW\20260615_HYQ\HYQ_Project\assets\Script\functionS\Monster\MonsterCreate.tsbackground: #aaff85; color: #000;color: #000;
2026-6-24 15:11:36-debug: refresh db assets success
2026-6-24 15:11:36-debug: refresh db super-packager success
2026-6-24 15:11:36-debug: Run asset db hook engine-extends:afterRefresh ...
2026-6-24 15:11:36-debug: Run asset db hook engine-extends:afterRefresh success!
2026-6-24 15:11:36-debug: asset-db:refresh-all-database (236ms)
2026-6-24 15:11:36-debug: asset-db-hook-engine-extends-afterRefresh (4ms)
2026-6-24 15:11:36-debug: asset-db:worker-effect-data-processing (4ms)
2026-6-24 15:11:40-debug: Query all assets info in project
2026-6-24 15:11:40-debug: init custom config: keepNodeUuid: false, useCache: true
2026-6-24 15:11:40-debug: Skip compress image, progress: 0%
2026-6-24 15:11:40-debug: Init all bundles start..., progress: 0%
2026-6-24 15:11:40-debug: Num of bundles: 3..., progress: 0%
2026-6-24 15:11:40-debug: // ---- build task 查询 Asset Bundle ----
2026-6-24 15:11:40-debug: 查询 Asset Bundle start, progress: 0%
2026-6-24 15:11:40-debug: Init bundle root assets start..., progress: 0%
2026-6-24 15:11:41-debug:   Number of all scenes: 5
2026-6-24 15:11:41-debug: Query preload assets/scripts from cc.config.json: 60f7195c-ec2a-45eb-ba94-8955f60e81d0,1c02ae6f-4492-4915-b8f8-7492a3b1e4cd,810e96e4-e456-4468-9b59-f4e8f39732c0,efe8e2a3-eace-427b-b4f1-cb8a937ec77d,e9aa9a3e-5b2b-4ac7-a2c7-073de2b2b24f,8bbdbcdd-5cd4-4100-b6d5-b7c9625b6107,50f4348b-c883-4e2f-8f11-ce233b859fa1,fda095cb-831d-4601-ad94-846013963de8,f92806d7-1768-443f-afe8-12bcde84d0f0,dd3a144d-ab7f-41f0-82b8-2e43a090d496,f0416e68-0200-4b77-a926-4f9d16e494da,511d2633-09a7-4bdd-ac42-f778032124b3,5d45aa00-e064-4938-b314-4265f0c2258c,9361fd90-ba52-4f84-aa93-6e878fd576ca,970b0598-bcb0-4714-91fb-2e81440dccd8,bcd64cc6-2dd9-43f6-abbe-66318d332032,d930590d-bb92-4cc8-8bd1-23cd027f9edf,a3cd009f-0ab0-420d-9278-b9fdab939bbc,6a2d0734-bd9e-4ddf-946e-caa52498cb75,d1346436-ac96-4271-b863-1f4fdead95b0,971bdb23-3ff6-43eb-b422-1c30165a3663,17debcc3-0a6b-4b8a-b00b-dc58b885581e,711ebe11-f673-4cd9-9a83-63c60ba54c5b,c0143906-9aed-447e-9436-2ae8512d1b6e,14da1725-c4c2-42b4-ab08-ee0aeb6898b3,081cab31-dccd-428e-8652-f2404cc81c47,78e0584a-4343-4727-8f37-e14e65c2a2db,ba21476f-2866-4f81-9c4d-6e359316e448,871c3b6c-7379-419d-bda3-794b239ab90d,ff9b0199-ce04-4cfe-86cc-6c719f08d6e4,de1c2107-70c8-4021-8459-6399f24d01c6,cbf30902-517f-40dc-af90-a550bac27cf1,5c601d96-e4c7-4698-991b-7ee674b11079
2026-6-24 15:11:41-debug: Init bundle root assets success..., progress: 0%
2026-6-24 15:11:41-debug:   Number of all scripts: 109
2026-6-24 15:11:41-debug:   Number of other assets: 1151
2026-6-24 15:11:41-debug: [Build Memory track]: 查询 Asset Bundle start:262.02MB, end 263.55MB, increase: 1.53MB
2026-6-24 15:11:41-debug: 查询 Asset Bundle start, progress: 5%
2026-6-24 15:11:41-debug: // ---- build task 查询 Asset Bundle ----
2026-6-24 15:11:41-log: run build task 查询 Asset Bundle success in 23 ms√, progress: 5%
2026-6-24 15:11:41-debug: // ---- build task 查询 Asset Bundle ---- (23ms)
2026-6-24 15:11:41-debug: // ---- build task 查询 Asset Bundle ---- (10ms)
2026-6-24 15:11:41-log: run build task 查询 Asset Bundle success in 10 ms√, progress: 10%
2026-6-24 15:11:41-debug: // ---- build task 整理部分构建选项内数据到 settings.json ----
2026-6-24 15:11:41-debug: 整理部分构建选项内数据到 settings.json start, progress: 10%
2026-6-24 15:11:41-debug: [Build Memory track]: 查询 Asset Bundle start:263.58MB, end 263.81MB, increase: 236.12KB
2026-6-24 15:11:41-debug: // ---- build task 整理部分构建选项内数据到 settings.json ---- (2ms)
2026-6-24 15:11:41-log: run build task 整理部分构建选项内数据到 settings.json success in 2 ms√, progress: 12%
2026-6-24 15:11:41-debug: 填充脚本数据到 settings.json start, progress: 12%
2026-6-24 15:11:41-debug: [Build Memory track]: 整理部分构建选项内数据到 settings.json start:263.85MB, end 263.88MB, increase: 29.14KB
2026-6-24 15:11:41-debug: // ---- build task 填充脚本数据到 settings.json ----
2026-6-24 15:11:41-debug: // ---- build task 填充脚本数据到 settings.json ---- (4ms)
2026-6-24 15:11:41-log: run build task 填充脚本数据到 settings.json success in 4 ms√, progress: 13%
2026-6-24 15:11:41-debug: 整理部分构建选项内数据到 settings.json start, progress: 13%
2026-6-24 15:11:41-debug: // ---- build task 整理部分构建选项内数据到 settings.json ----
2026-6-24 15:11:41-debug: [Build Memory track]: 填充脚本数据到 settings.json start:263.91MB, end 263.94MB, increase: 29.59KB
2026-6-24 15:11:41-debug: // ---- build task 整理部分构建选项内数据到 settings.json ---- (10ms)
2026-6-24 15:11:41-log: run build task 整理部分构建选项内数据到 settings.json success in 10 ms√, progress: 15%
2026-6-24 15:11:41-debug: [Build Memory track]: 整理部分构建选项内数据到 settings.json start:263.98MB, end 264.04MB, increase: 65.87KB
2026-6-24 15:16:10-debug: refresh db internal success
2026-6-24 15:16:10-debug: %cImport%c: D:\工程项目\PlayableAD\Cocos\TheW\20260615_HYQ\HYQ_Project\assets\Script\functionS\Monster\MonsterCreate.tsbackground: #aaff85; color: #000;color: #000;
2026-6-24 15:16:10-debug: refresh db assets success
2026-6-24 15:16:10-debug: refresh db super-packager success
2026-6-24 15:16:10-debug: Run asset db hook engine-extends:afterRefresh ...
2026-6-24 15:16:10-debug: Run asset db hook engine-extends:afterRefresh success!
2026-6-24 15:16:10-debug: asset-db:refresh-all-database (279ms)
2026-6-24 15:16:10-debug: asset-db:worker-effect-data-processing (1ms)
2026-6-24 15:16:10-debug: asset-db-hook-engine-extends-afterRefresh (2ms)
2026-6-24 15:16:13-debug: Query all assets info in project
2026-6-24 15:16:13-debug: init custom config: keepNodeUuid: false, useCache: true
2026-6-24 15:16:13-debug: Skip compress image, progress: 0%
2026-6-24 15:16:13-debug: Init all bundles start..., progress: 0%
2026-6-24 15:16:13-debug: 查询 Asset Bundle start, progress: 0%
2026-6-24 15:16:13-debug: Num of bundles: 3..., progress: 0%
2026-6-24 15:16:13-debug: Init bundle root assets start..., progress: 0%
2026-6-24 15:16:13-debug: // ---- build task 查询 Asset Bundle ----
2026-6-24 15:16:13-debug: Query preload assets/scripts from cc.config.json: 60f7195c-ec2a-45eb-ba94-8955f60e81d0,1c02ae6f-4492-4915-b8f8-7492a3b1e4cd,810e96e4-e456-4468-9b59-f4e8f39732c0,efe8e2a3-eace-427b-b4f1-cb8a937ec77d,e9aa9a3e-5b2b-4ac7-a2c7-073de2b2b24f,8bbdbcdd-5cd4-4100-b6d5-b7c9625b6107,50f4348b-c883-4e2f-8f11-ce233b859fa1,fda095cb-831d-4601-ad94-846013963de8,f92806d7-1768-443f-afe8-12bcde84d0f0,dd3a144d-ab7f-41f0-82b8-2e43a090d496,f0416e68-0200-4b77-a926-4f9d16e494da,511d2633-09a7-4bdd-ac42-f778032124b3,5d45aa00-e064-4938-b314-4265f0c2258c,9361fd90-ba52-4f84-aa93-6e878fd576ca,970b0598-bcb0-4714-91fb-2e81440dccd8,bcd64cc6-2dd9-43f6-abbe-66318d332032,d930590d-bb92-4cc8-8bd1-23cd027f9edf,a3cd009f-0ab0-420d-9278-b9fdab939bbc,6a2d0734-bd9e-4ddf-946e-caa52498cb75,d1346436-ac96-4271-b863-1f4fdead95b0,971bdb23-3ff6-43eb-b422-1c30165a3663,17debcc3-0a6b-4b8a-b00b-dc58b885581e,711ebe11-f673-4cd9-9a83-63c60ba54c5b,c0143906-9aed-447e-9436-2ae8512d1b6e,14da1725-c4c2-42b4-ab08-ee0aeb6898b3,081cab31-dccd-428e-8652-f2404cc81c47,78e0584a-4343-4727-8f37-e14e65c2a2db,ba21476f-2866-4f81-9c4d-6e359316e448,871c3b6c-7379-419d-bda3-794b239ab90d,ff9b0199-ce04-4cfe-86cc-6c719f08d6e4,de1c2107-70c8-4021-8459-6399f24d01c6,cbf30902-517f-40dc-af90-a550bac27cf1,5c601d96-e4c7-4698-991b-7ee674b11079
2026-6-24 15:16:13-debug:   Number of all scenes: 5
2026-6-24 15:16:13-debug:   Number of all scripts: 109
2026-6-24 15:16:13-debug:   Number of other assets: 1151
2026-6-24 15:16:13-debug: Init bundle root assets success..., progress: 0%
2026-6-24 15:16:13-debug: // ---- build task 查询 Asset Bundle ---- (20ms)
2026-6-24 15:16:13-log: run build task 查询 Asset Bundle success in 20 ms√, progress: 5%
2026-6-24 15:16:13-debug: 查询 Asset Bundle start, progress: 5%
2026-6-24 15:16:13-debug: // ---- build task 查询 Asset Bundle ----
2026-6-24 15:16:13-debug: [Build Memory track]: 查询 Asset Bundle start:245.63MB, end 247.26MB, increase: 1.62MB
2026-6-24 15:16:13-debug: // ---- build task 查询 Asset Bundle ---- (8ms)
2026-6-24 15:16:13-log: run build task 查询 Asset Bundle success in 8 ms√, progress: 10%
2026-6-24 15:16:13-debug: [Build Memory track]: 查询 Asset Bundle start:247.29MB, end 243.36MB, increase: -4019.14KB
2026-6-24 15:16:13-debug: 整理部分构建选项内数据到 settings.json start, progress: 10%
2026-6-24 15:16:13-debug: // ---- build task 整理部分构建选项内数据到 settings.json ----
2026-6-24 15:16:13-debug: // ---- build task 整理部分构建选项内数据到 settings.json ---- (3ms)
2026-6-24 15:16:13-log: run build task 整理部分构建选项内数据到 settings.json success in 3 ms√, progress: 12%
2026-6-24 15:16:13-debug: [Build Memory track]: 整理部分构建选项内数据到 settings.json start:243.40MB, end 243.43MB, increase: 29.49KB
2026-6-24 15:16:13-debug: 填充脚本数据到 settings.json start, progress: 12%
2026-6-24 15:16:13-debug: // ---- build task 填充脚本数据到 settings.json ----
2026-6-24 15:16:13-debug: // ---- build task 填充脚本数据到 settings.json ---- (5ms)
2026-6-24 15:16:13-log: run build task 填充脚本数据到 settings.json success in 5 ms√, progress: 13%
2026-6-24 15:16:13-debug: // ---- build task 整理部分构建选项内数据到 settings.json ----
2026-6-24 15:16:13-debug: [Build Memory track]: 填充脚本数据到 settings.json start:243.46MB, end 243.49MB, increase: 29.37KB
2026-6-24 15:16:13-debug: 整理部分构建选项内数据到 settings.json start, progress: 13%
2026-6-24 15:16:13-debug: // ---- build task 整理部分构建选项内数据到 settings.json ---- (11ms)
2026-6-24 15:16:13-log: run build task 整理部分构建选项内数据到 settings.json success in 11 ms√, progress: 15%
2026-6-24 15:16:13-debug: [Build Memory track]: 整理部分构建选项内数据到 settings.json start:243.53MB, end 243.61MB, increase: 85.81KB
2026-6-24 15:16:30-debug: Query all assets info in project
2026-6-24 15:16:30-debug: init custom config: keepNodeUuid: false, useCache: true
2026-6-24 15:16:30-debug: Skip compress image, progress: 0%
2026-6-24 15:16:30-debug: Init all bundles start..., progress: 0%
2026-6-24 15:16:30-debug: // ---- build task 查询 Asset Bundle ----
2026-6-24 15:16:30-debug: Num of bundles: 3..., progress: 0%
2026-6-24 15:16:30-debug: 查询 Asset Bundle start, progress: 0%
2026-6-24 15:16:30-debug: Init bundle root assets start..., progress: 0%
2026-6-24 15:16:30-debug: Query preload assets/scripts from cc.config.json: 60f7195c-ec2a-45eb-ba94-8955f60e81d0,1c02ae6f-4492-4915-b8f8-7492a3b1e4cd,810e96e4-e456-4468-9b59-f4e8f39732c0,efe8e2a3-eace-427b-b4f1-cb8a937ec77d,e9aa9a3e-5b2b-4ac7-a2c7-073de2b2b24f,8bbdbcdd-5cd4-4100-b6d5-b7c9625b6107,50f4348b-c883-4e2f-8f11-ce233b859fa1,fda095cb-831d-4601-ad94-846013963de8,f92806d7-1768-443f-afe8-12bcde84d0f0,dd3a144d-ab7f-41f0-82b8-2e43a090d496,f0416e68-0200-4b77-a926-4f9d16e494da,511d2633-09a7-4bdd-ac42-f778032124b3,5d45aa00-e064-4938-b314-4265f0c2258c,9361fd90-ba52-4f84-aa93-6e878fd576ca,970b0598-bcb0-4714-91fb-2e81440dccd8,bcd64cc6-2dd9-43f6-abbe-66318d332032,d930590d-bb92-4cc8-8bd1-23cd027f9edf,a3cd009f-0ab0-420d-9278-b9fdab939bbc,6a2d0734-bd9e-4ddf-946e-caa52498cb75,d1346436-ac96-4271-b863-1f4fdead95b0,971bdb23-3ff6-43eb-b422-1c30165a3663,17debcc3-0a6b-4b8a-b00b-dc58b885581e,711ebe11-f673-4cd9-9a83-63c60ba54c5b,c0143906-9aed-447e-9436-2ae8512d1b6e,14da1725-c4c2-42b4-ab08-ee0aeb6898b3,081cab31-dccd-428e-8652-f2404cc81c47,78e0584a-4343-4727-8f37-e14e65c2a2db,ba21476f-2866-4f81-9c4d-6e359316e448,871c3b6c-7379-419d-bda3-794b239ab90d,ff9b0199-ce04-4cfe-86cc-6c719f08d6e4,de1c2107-70c8-4021-8459-6399f24d01c6,cbf30902-517f-40dc-af90-a550bac27cf1,5c601d96-e4c7-4698-991b-7ee674b11079
2026-6-24 15:16:30-debug: Init bundle root assets success..., progress: 0%
2026-6-24 15:16:30-debug:   Number of all scenes: 5
2026-6-24 15:16:30-debug:   Number of other assets: 1151
2026-6-24 15:16:30-debug:   Number of all scripts: 109
2026-6-24 15:16:31-debug: // ---- build task 查询 Asset Bundle ---- (11ms)
2026-6-24 15:16:31-debug: [Build Memory track]: 查询 Asset Bundle start:245.30MB, end 243.55MB, increase: -1798.60KB
2026-6-24 15:16:31-log: run build task 查询 Asset Bundle success in 11 ms√, progress: 5%
2026-6-24 15:16:31-debug: // ---- build task 查询 Asset Bundle ----
2026-6-24 15:16:31-debug: 查询 Asset Bundle start, progress: 5%
2026-6-24 15:16:31-debug: // ---- build task 查询 Asset Bundle ---- (4ms)
2026-6-24 15:16:31-log: run build task 查询 Asset Bundle success in 4 ms√, progress: 10%
2026-6-24 15:16:31-debug: [Build Memory track]: 查询 Asset Bundle start:243.58MB, end 243.81MB, increase: 233.45KB
2026-6-24 15:16:31-debug: 整理部分构建选项内数据到 settings.json start, progress: 10%
2026-6-24 15:16:31-debug: // ---- build task 整理部分构建选项内数据到 settings.json ----
2026-6-24 15:16:31-debug: // ---- build task 整理部分构建选项内数据到 settings.json ---- (1ms)
2026-6-24 15:16:31-log: run build task 整理部分构建选项内数据到 settings.json success in 1 ms√, progress: 12%
2026-6-24 15:16:31-debug: [Build Memory track]: 整理部分构建选项内数据到 settings.json start:243.84MB, end 243.87MB, increase: 29.45KB
2026-6-24 15:16:31-debug: 填充脚本数据到 settings.json start, progress: 12%
2026-6-24 15:16:31-debug: // ---- build task 填充脚本数据到 settings.json ----
2026-6-24 15:16:31-debug: // ---- build task 填充脚本数据到 settings.json ---- (1ms)
2026-6-24 15:16:31-log: run build task 填充脚本数据到 settings.json success in 1 ms√, progress: 13%
2026-6-24 15:16:31-debug: 整理部分构建选项内数据到 settings.json start, progress: 13%
2026-6-24 15:16:31-debug: [Build Memory track]: 填充脚本数据到 settings.json start:243.91MB, end 243.94MB, increase: 33.89KB
2026-6-24 15:16:31-debug: // ---- build task 整理部分构建选项内数据到 settings.json ----
2026-6-24 15:16:31-debug: // ---- build task 整理部分构建选项内数据到 settings.json ---- (7ms)
2026-6-24 15:16:31-log: run build task 整理部分构建选项内数据到 settings.json success in 7 ms√, progress: 15%
2026-6-24 15:16:31-debug: [Build Memory track]: 整理部分构建选项内数据到 settings.json start:243.97MB, end 244.04MB, increase: 66.12KB
2026-6-24 15:23:40-debug: refresh db internal success
2026-6-24 15:23:40-debug: %cImport%c: D:\工程项目\PlayableAD\Cocos\TheW\20260615_HYQ\HYQ_Project\assets\Script\functionS\Monster\MonsterCreate.tsbackground: #aaff85; color: #000;color: #000;
2026-6-24 15:23:40-debug: refresh db assets success
2026-6-24 15:23:40-debug: refresh db super-packager success
2026-6-24 15:23:40-debug: Run asset db hook engine-extends:afterRefresh ...
2026-6-24 15:23:40-debug: Run asset db hook engine-extends:afterRefresh success!
2026-6-24 15:23:40-debug: asset-db:refresh-all-database (203ms)
2026-6-24 15:23:40-debug: asset-db:worker-effect-data-processing (4ms)
2026-6-24 15:23:40-debug: asset-db-hook-engine-extends-afterRefresh (4ms)
2026-6-24 15:23:42-debug: Query all assets info in project
2026-6-24 15:23:42-debug: init custom config: keepNodeUuid: false, useCache: true
2026-6-24 15:23:42-debug: Skip compress image, progress: 0%
2026-6-24 15:23:42-debug: Init all bundles start..., progress: 0%
2026-6-24 15:23:42-debug: Num of bundles: 3..., progress: 0%
2026-6-24 15:23:42-debug: 查询 Asset Bundle start, progress: 0%
2026-6-24 15:23:42-debug: // ---- build task 查询 Asset Bundle ----
2026-6-24 15:23:42-debug: Init bundle root assets start..., progress: 0%
2026-6-24 15:23:42-debug: Query preload assets/scripts from cc.config.json: 60f7195c-ec2a-45eb-ba94-8955f60e81d0,1c02ae6f-4492-4915-b8f8-7492a3b1e4cd,810e96e4-e456-4468-9b59-f4e8f39732c0,efe8e2a3-eace-427b-b4f1-cb8a937ec77d,e9aa9a3e-5b2b-4ac7-a2c7-073de2b2b24f,8bbdbcdd-5cd4-4100-b6d5-b7c9625b6107,50f4348b-c883-4e2f-8f11-ce233b859fa1,fda095cb-831d-4601-ad94-846013963de8,f92806d7-1768-443f-afe8-12bcde84d0f0,dd3a144d-ab7f-41f0-82b8-2e43a090d496,f0416e68-0200-4b77-a926-4f9d16e494da,511d2633-09a7-4bdd-ac42-f778032124b3,5d45aa00-e064-4938-b314-4265f0c2258c,9361fd90-ba52-4f84-aa93-6e878fd576ca,970b0598-bcb0-4714-91fb-2e81440dccd8,bcd64cc6-2dd9-43f6-abbe-66318d332032,d930590d-bb92-4cc8-8bd1-23cd027f9edf,a3cd009f-0ab0-420d-9278-b9fdab939bbc,6a2d0734-bd9e-4ddf-946e-caa52498cb75,d1346436-ac96-4271-b863-1f4fdead95b0,971bdb23-3ff6-43eb-b422-1c30165a3663,17debcc3-0a6b-4b8a-b00b-dc58b885581e,711ebe11-f673-4cd9-9a83-63c60ba54c5b,c0143906-9aed-447e-9436-2ae8512d1b6e,14da1725-c4c2-42b4-ab08-ee0aeb6898b3,081cab31-dccd-428e-8652-f2404cc81c47,78e0584a-4343-4727-8f37-e14e65c2a2db,ba21476f-2866-4f81-9c4d-6e359316e448,871c3b6c-7379-419d-bda3-794b239ab90d,ff9b0199-ce04-4cfe-86cc-6c719f08d6e4,de1c2107-70c8-4021-8459-6399f24d01c6,cbf30902-517f-40dc-af90-a550bac27cf1,5c601d96-e4c7-4698-991b-7ee674b11079
2026-6-24 15:23:42-debug:   Number of all scenes: 5
2026-6-24 15:23:42-debug:   Number of all scripts: 109
2026-6-24 15:23:42-debug:   Number of other assets: 1151
2026-6-24 15:23:42-debug: Init bundle root assets success..., progress: 0%
2026-6-24 15:23:42-debug: // ---- build task 查询 Asset Bundle ---- (26ms)
2026-6-24 15:23:42-log: run build task 查询 Asset Bundle success in 26 ms√, progress: 5%
2026-6-24 15:23:42-debug: [Build Memory track]: 查询 Asset Bundle start:250.49MB, end 246.48MB, increase: -4107.54KB
2026-6-24 15:23:42-debug: 查询 Asset Bundle start, progress: 5%
2026-6-24 15:23:42-debug: // ---- build task 查询 Asset Bundle ----
2026-6-24 15:23:42-debug: // ---- build task 查询 Asset Bundle ---- (8ms)
2026-6-24 15:23:42-log: run build task 查询 Asset Bundle success in 8 ms√, progress: 10%
2026-6-24 15:23:42-debug: [Build Memory track]: 查询 Asset Bundle start:246.51MB, end 246.74MB, increase: 232.28KB
2026-6-24 15:23:42-debug: 整理部分构建选项内数据到 settings.json start, progress: 10%
2026-6-24 15:23:42-debug: // ---- build task 整理部分构建选项内数据到 settings.json ----
2026-6-24 15:23:42-debug: // ---- build task 整理部分构建选项内数据到 settings.json ---- (5ms)
2026-6-24 15:23:42-log: run build task 整理部分构建选项内数据到 settings.json success in 5 ms√, progress: 12%
2026-6-24 15:23:42-debug: [Build Memory track]: 整理部分构建选项内数据到 settings.json start:246.78MB, end 246.81MB, increase: 29.50KB
2026-6-24 15:23:42-debug: 填充脚本数据到 settings.json start, progress: 12%
2026-6-24 15:23:42-debug: // ---- build task 填充脚本数据到 settings.json ----
2026-6-24 15:23:42-debug: // ---- build task 填充脚本数据到 settings.json ---- (5ms)
2026-6-24 15:23:42-log: run build task 填充脚本数据到 settings.json success in 5 ms√, progress: 13%
2026-6-24 15:23:42-debug: [Build Memory track]: 填充脚本数据到 settings.json start:246.84MB, end 246.87MB, increase: 31.83KB
2026-6-24 15:23:42-debug: 整理部分构建选项内数据到 settings.json start, progress: 13%
2026-6-24 15:23:42-debug: // ---- build task 整理部分构建选项内数据到 settings.json ----
2026-6-24 15:23:42-debug: // ---- build task 整理部分构建选项内数据到 settings.json ---- (12ms)
2026-6-24 15:23:42-log: run build task 整理部分构建选项内数据到 settings.json success in 12 ms√, progress: 15%
2026-6-24 15:23:42-debug: [Build Memory track]: 整理部分构建选项内数据到 settings.json start:246.91MB, end 246.97MB, increase: 65.51KB
2026-6-24 15:23:43-debug: refresh db internal success
2026-6-24 15:23:43-debug: refresh db assets success
2026-6-24 15:23:43-debug: refresh db super-packager success
2026-6-24 15:23:43-debug: Run asset db hook engine-extends:afterRefresh ...
2026-6-24 15:23:43-debug: Run asset db hook engine-extends:afterRefresh success!
2026-6-24 15:23:43-debug: asset-db:worker-effect-data-processing (2ms)
2026-6-24 15:23:43-debug: asset-db:refresh-all-database (321ms)
2026-6-24 15:23:43-debug: asset-db-hook-engine-extends-afterRefresh (2ms)
2026-6-24 15:24:17-debug: Query all assets info in project
2026-6-24 15:24:17-debug: Skip compress image, progress: 0%
2026-6-24 15:24:17-debug: init custom config: keepNodeUuid: false, useCache: true
2026-6-24 15:24:17-debug: Num of bundles: 3..., progress: 0%
2026-6-24 15:24:17-debug: 查询 Asset Bundle start, progress: 0%
2026-6-24 15:24:17-debug: // ---- build task 查询 Asset Bundle ----
2026-6-24 15:24:17-debug: Init bundle root assets start..., progress: 0%
2026-6-24 15:24:17-debug: Init all bundles start..., progress: 0%
2026-6-24 15:24:17-debug:   Number of all scenes: 5
2026-6-24 15:24:17-debug:   Number of all scripts: 109
2026-6-24 15:24:17-debug: Query preload assets/scripts from cc.config.json: 60f7195c-ec2a-45eb-ba94-8955f60e81d0,1c02ae6f-4492-4915-b8f8-7492a3b1e4cd,810e96e4-e456-4468-9b59-f4e8f39732c0,efe8e2a3-eace-427b-b4f1-cb8a937ec77d,e9aa9a3e-5b2b-4ac7-a2c7-073de2b2b24f,8bbdbcdd-5cd4-4100-b6d5-b7c9625b6107,50f4348b-c883-4e2f-8f11-ce233b859fa1,fda095cb-831d-4601-ad94-846013963de8,f92806d7-1768-443f-afe8-12bcde84d0f0,dd3a144d-ab7f-41f0-82b8-2e43a090d496,f0416e68-0200-4b77-a926-4f9d16e494da,511d2633-09a7-4bdd-ac42-f778032124b3,5d45aa00-e064-4938-b314-4265f0c2258c,9361fd90-ba52-4f84-aa93-6e878fd576ca,970b0598-bcb0-4714-91fb-2e81440dccd8,bcd64cc6-2dd9-43f6-abbe-66318d332032,d930590d-bb92-4cc8-8bd1-23cd027f9edf,a3cd009f-0ab0-420d-9278-b9fdab939bbc,6a2d0734-bd9e-4ddf-946e-caa52498cb75,d1346436-ac96-4271-b863-1f4fdead95b0,971bdb23-3ff6-43eb-b422-1c30165a3663,17debcc3-0a6b-4b8a-b00b-dc58b885581e,711ebe11-f673-4cd9-9a83-63c60ba54c5b,c0143906-9aed-447e-9436-2ae8512d1b6e,14da1725-c4c2-42b4-ab08-ee0aeb6898b3,081cab31-dccd-428e-8652-f2404cc81c47,78e0584a-4343-4727-8f37-e14e65c2a2db,ba21476f-2866-4f81-9c4d-6e359316e448,871c3b6c-7379-419d-bda3-794b239ab90d,ff9b0199-ce04-4cfe-86cc-6c719f08d6e4,de1c2107-70c8-4021-8459-6399f24d01c6,cbf30902-517f-40dc-af90-a550bac27cf1,5c601d96-e4c7-4698-991b-7ee674b11079
2026-6-24 15:24:17-debug: Init bundle root assets success..., progress: 0%
2026-6-24 15:24:17-debug:   Number of other assets: 1151
2026-6-24 15:24:17-debug: // ---- build task 查询 Asset Bundle ---- (17ms)
2026-6-24 15:24:17-log: run build task 查询 Asset Bundle success in 17 ms√, progress: 5%
2026-6-24 15:24:17-debug: [Build Memory track]: 查询 Asset Bundle start:247.91MB, end 247.81MB, increase: -94.12KB
2026-6-24 15:24:17-debug: 查询 Asset Bundle start, progress: 5%
2026-6-24 15:24:17-debug: // ---- build task 查询 Asset Bundle ----
2026-6-24 15:24:17-debug: [Build Memory track]: 查询 Asset Bundle start:247.85MB, end 248.08MB, increase: 234.39KB
2026-6-24 15:24:17-log: run build task 查询 Asset Bundle success in 6 ms√, progress: 10%
2026-6-24 15:24:17-debug: 整理部分构建选项内数据到 settings.json start, progress: 10%
2026-6-24 15:24:17-debug: // ---- build task 查询 Asset Bundle ---- (6ms)
2026-6-24 15:24:17-debug: // ---- build task 整理部分构建选项内数据到 settings.json ----
2026-6-24 15:24:17-debug: // ---- build task 整理部分构建选项内数据到 settings.json ---- (3ms)
2026-6-24 15:24:17-log: run build task 整理部分构建选项内数据到 settings.json success in 3 ms√, progress: 12%
2026-6-24 15:24:17-debug: [Build Memory track]: 整理部分构建选项内数据到 settings.json start:248.12MB, end 248.15MB, increase: 31.18KB
2026-6-24 15:24:17-debug: 填充脚本数据到 settings.json start, progress: 12%
2026-6-24 15:24:17-debug: // ---- build task 填充脚本数据到 settings.json ----
2026-6-24 15:24:17-log: run build task 填充脚本数据到 settings.json success in 5 ms√, progress: 13%
2026-6-24 15:24:17-debug: [Build Memory track]: 填充脚本数据到 settings.json start:248.19MB, end 248.21MB, increase: 28.91KB
2026-6-24 15:24:17-debug: 整理部分构建选项内数据到 settings.json start, progress: 13%
2026-6-24 15:24:17-debug: // ---- build task 填充脚本数据到 settings.json ---- (5ms)
2026-6-24 15:24:17-debug: // ---- build task 整理部分构建选项内数据到 settings.json ----
2026-6-24 15:24:17-debug: // ---- build task 整理部分构建选项内数据到 settings.json ---- (8ms)
2026-6-24 15:24:17-log: run build task 整理部分构建选项内数据到 settings.json success in 8 ms√, progress: 15%
2026-6-24 15:24:17-debug: [Build Memory track]: 整理部分构建选项内数据到 settings.json start:248.25MB, end 248.31MB, increase: 65.14KB
2026-6-24 15:37:12-debug: refresh db internal success
2026-6-24 15:37:12-debug: %cImport%c: D:\工程项目\PlayableAD\Cocos\TheW\20260615_HYQ\HYQ_Project\assets\Script\functionS\Monster\MonsterCreate.tsbackground: #aaff85; color: #000;color: #000;
2026-6-24 15:37:12-debug: %cImport%c: D:\工程项目\PlayableAD\Cocos\TheW\20260615_HYQ\HYQ_Project\assets\Script\functionS\Other\PropArms.tsbackground: #aaff85; color: #000;color: #000;
2026-6-24 15:37:12-debug: refresh db assets success
2026-6-24 15:37:12-debug: refresh db super-packager success
2026-6-24 15:37:12-debug: Run asset db hook engine-extends:afterRefresh ...
2026-6-24 15:37:12-debug: Run asset db hook engine-extends:afterRefresh success!
2026-6-24 15:37:12-debug: asset-db:refresh-all-database (252ms)
2026-6-24 15:37:12-debug: asset-db:worker-effect-data-processing (3ms)
2026-6-24 15:37:12-debug: asset-db-hook-engine-extends-afterRefresh (4ms)
2026-6-24 15:37:17-debug: Query all assets info in project
2026-6-24 15:37:17-debug: init custom config: keepNodeUuid: false, useCache: true
2026-6-24 15:37:17-debug: Skip compress image, progress: 0%
2026-6-24 15:37:17-debug: Init all bundles start..., progress: 0%
2026-6-24 15:37:17-debug: Num of bundles: 3..., progress: 0%
2026-6-24 15:37:17-debug: 查询 Asset Bundle start, progress: 0%
2026-6-24 15:37:17-debug: // ---- build task 查询 Asset Bundle ----
2026-6-24 15:37:17-debug: Init bundle root assets start..., progress: 0%
2026-6-24 15:37:17-debug: Query preload assets/scripts from cc.config.json: 60f7195c-ec2a-45eb-ba94-8955f60e81d0,1c02ae6f-4492-4915-b8f8-7492a3b1e4cd,810e96e4-e456-4468-9b59-f4e8f39732c0,efe8e2a3-eace-427b-b4f1-cb8a937ec77d,e9aa9a3e-5b2b-4ac7-a2c7-073de2b2b24f,8bbdbcdd-5cd4-4100-b6d5-b7c9625b6107,50f4348b-c883-4e2f-8f11-ce233b859fa1,fda095cb-831d-4601-ad94-846013963de8,f92806d7-1768-443f-afe8-12bcde84d0f0,dd3a144d-ab7f-41f0-82b8-2e43a090d496,f0416e68-0200-4b77-a926-4f9d16e494da,511d2633-09a7-4bdd-ac42-f778032124b3,5d45aa00-e064-4938-b314-4265f0c2258c,9361fd90-ba52-4f84-aa93-6e878fd576ca,970b0598-bcb0-4714-91fb-2e81440dccd8,bcd64cc6-2dd9-43f6-abbe-66318d332032,d930590d-bb92-4cc8-8bd1-23cd027f9edf,a3cd009f-0ab0-420d-9278-b9fdab939bbc,6a2d0734-bd9e-4ddf-946e-caa52498cb75,d1346436-ac96-4271-b863-1f4fdead95b0,971bdb23-3ff6-43eb-b422-1c30165a3663,17debcc3-0a6b-4b8a-b00b-dc58b885581e,711ebe11-f673-4cd9-9a83-63c60ba54c5b,c0143906-9aed-447e-9436-2ae8512d1b6e,14da1725-c4c2-42b4-ab08-ee0aeb6898b3,081cab31-dccd-428e-8652-f2404cc81c47,78e0584a-4343-4727-8f37-e14e65c2a2db,ba21476f-2866-4f81-9c4d-6e359316e448,871c3b6c-7379-419d-bda3-794b239ab90d,ff9b0199-ce04-4cfe-86cc-6c719f08d6e4,de1c2107-70c8-4021-8459-6399f24d01c6,cbf30902-517f-40dc-af90-a550bac27cf1,5c601d96-e4c7-4698-991b-7ee674b11079
2026-6-24 15:37:17-debug:   Number of all scenes: 5
2026-6-24 15:37:17-debug:   Number of all scripts: 109
2026-6-24 15:37:17-debug: Init bundle root assets success..., progress: 0%
2026-6-24 15:37:17-debug:   Number of other assets: 1151
2026-6-24 15:37:17-debug: // ---- build task 查询 Asset Bundle ---- (16ms)
2026-6-24 15:37:17-log: run build task 查询 Asset Bundle success in 16 ms√, progress: 5%
2026-6-24 15:37:17-debug: [Build Memory track]: 查询 Asset Bundle start:252.02MB, end 253.55MB, increase: 1.53MB
2026-6-24 15:37:17-debug: 查询 Asset Bundle start, progress: 5%
2026-6-24 15:37:17-debug: // ---- build task 查询 Asset Bundle ----
2026-6-24 15:37:17-debug: // ---- build task 查询 Asset Bundle ---- (7ms)
2026-6-24 15:37:17-debug: [Build Memory track]: 查询 Asset Bundle start:253.59MB, end 253.84MB, increase: 256.41KB
2026-6-24 15:37:17-debug: 整理部分构建选项内数据到 settings.json start, progress: 10%
2026-6-24 15:37:17-log: run build task 查询 Asset Bundle success in 7 ms√, progress: 10%
2026-6-24 15:37:17-debug: // ---- build task 整理部分构建选项内数据到 settings.json ----
2026-6-24 15:37:17-debug: // ---- build task 整理部分构建选项内数据到 settings.json ---- (1ms)
2026-6-24 15:37:17-log: run build task 整理部分构建选项内数据到 settings.json success in 1 ms√, progress: 12%
2026-6-24 15:37:17-debug: [Build Memory track]: 整理部分构建选项内数据到 settings.json start:253.87MB, end 253.90MB, increase: 29.41KB
2026-6-24 15:37:17-debug: // ---- build task 填充脚本数据到 settings.json ----
2026-6-24 15:37:17-debug: 填充脚本数据到 settings.json start, progress: 12%
2026-6-24 15:37:17-debug: // ---- build task 填充脚本数据到 settings.json ---- (2ms)
2026-6-24 15:37:17-log: run build task 填充脚本数据到 settings.json success in 2 ms√, progress: 13%
2026-6-24 15:37:17-debug: 整理部分构建选项内数据到 settings.json start, progress: 13%
2026-6-24 15:37:17-debug: [Build Memory track]: 填充脚本数据到 settings.json start:253.94MB, end 253.96MB, increase: 28.60KB
2026-6-24 15:37:17-debug: // ---- build task 整理部分构建选项内数据到 settings.json ----
2026-6-24 15:37:17-debug: // ---- build task 整理部分构建选项内数据到 settings.json ---- (18ms)
2026-6-24 15:37:17-log: run build task 整理部分构建选项内数据到 settings.json success in 18 ms√, progress: 15%
2026-6-24 15:37:17-debug: [Build Memory track]: 整理部分构建选项内数据到 settings.json start:254.00MB, end 254.07MB, increase: 70.06KB
2026-6-24 15:47:54-debug: refresh db internal success
2026-6-24 15:47:54-debug: %cImport%c: D:\工程项目\PlayableAD\Cocos\TheW\20260615_HYQ\HYQ_Project\assets\Script\functionS\Monster\MonsterCreate.tsbackground: #aaff85; color: #000;color: #000;
2026-6-24 15:47:54-debug: %cImport%c: D:\工程项目\PlayableAD\Cocos\TheW\20260615_HYQ\HYQ_Project\assets\Script\functionS\Other\PropArms.tsbackground: #aaff85; color: #000;color: #000;
2026-6-24 15:47:54-debug: refresh db assets success
2026-6-24 15:47:54-debug: refresh db super-packager success
2026-6-24 15:47:54-debug: Run asset db hook engine-extends:afterRefresh ...
2026-6-24 15:47:54-debug: Run asset db hook engine-extends:afterRefresh success!
2026-6-24 15:47:54-debug: asset-db:refresh-all-database (197ms)
2026-6-24 15:47:54-debug: asset-db:worker-effect-data-processing (2ms)
2026-6-24 15:47:54-debug: asset-db-hook-engine-extends-afterRefresh (2ms)
2026-6-24 15:47:58-debug: Query all assets info in project
2026-6-24 15:47:58-debug: init custom config: keepNodeUuid: false, useCache: true
2026-6-24 15:47:58-debug: Skip compress image, progress: 0%
2026-6-24 15:47:58-debug: Init all bundles start..., progress: 0%
2026-6-24 15:47:58-debug: Num of bundles: 3..., progress: 0%
2026-6-24 15:47:58-debug: 查询 Asset Bundle start, progress: 0%
2026-6-24 15:47:58-debug: Init bundle root assets start..., progress: 0%
2026-6-24 15:47:58-debug: // ---- build task 查询 Asset Bundle ----
2026-6-24 15:47:58-debug:   Number of all scenes: 5
2026-6-24 15:47:58-debug: Query preload assets/scripts from cc.config.json: 60f7195c-ec2a-45eb-ba94-8955f60e81d0,1c02ae6f-4492-4915-b8f8-7492a3b1e4cd,810e96e4-e456-4468-9b59-f4e8f39732c0,efe8e2a3-eace-427b-b4f1-cb8a937ec77d,e9aa9a3e-5b2b-4ac7-a2c7-073de2b2b24f,8bbdbcdd-5cd4-4100-b6d5-b7c9625b6107,50f4348b-c883-4e2f-8f11-ce233b859fa1,fda095cb-831d-4601-ad94-846013963de8,f92806d7-1768-443f-afe8-12bcde84d0f0,dd3a144d-ab7f-41f0-82b8-2e43a090d496,f0416e68-0200-4b77-a926-4f9d16e494da,511d2633-09a7-4bdd-ac42-f778032124b3,5d45aa00-e064-4938-b314-4265f0c2258c,9361fd90-ba52-4f84-aa93-6e878fd576ca,970b0598-bcb0-4714-91fb-2e81440dccd8,bcd64cc6-2dd9-43f6-abbe-66318d332032,d930590d-bb92-4cc8-8bd1-23cd027f9edf,a3cd009f-0ab0-420d-9278-b9fdab939bbc,6a2d0734-bd9e-4ddf-946e-caa52498cb75,d1346436-ac96-4271-b863-1f4fdead95b0,971bdb23-3ff6-43eb-b422-1c30165a3663,17debcc3-0a6b-4b8a-b00b-dc58b885581e,711ebe11-f673-4cd9-9a83-63c60ba54c5b,c0143906-9aed-447e-9436-2ae8512d1b6e,14da1725-c4c2-42b4-ab08-ee0aeb6898b3,081cab31-dccd-428e-8652-f2404cc81c47,78e0584a-4343-4727-8f37-e14e65c2a2db,ba21476f-2866-4f81-9c4d-6e359316e448,871c3b6c-7379-419d-bda3-794b239ab90d,ff9b0199-ce04-4cfe-86cc-6c719f08d6e4,de1c2107-70c8-4021-8459-6399f24d01c6,cbf30902-517f-40dc-af90-a550bac27cf1,5c601d96-e4c7-4698-991b-7ee674b11079
2026-6-24 15:47:58-debug:   Number of all scripts: 109
2026-6-24 15:47:58-debug: Init bundle root assets success..., progress: 0%
2026-6-24 15:47:58-debug:   Number of other assets: 1151
2026-6-24 15:47:58-debug: // ---- build task 查询 Asset Bundle ---- (16ms)
2026-6-24 15:47:58-log: run build task 查询 Asset Bundle success in 16 ms√, progress: 5%
2026-6-24 15:47:58-debug: [Build Memory track]: 查询 Asset Bundle start:258.06MB, end 254.37MB, increase: -3782.81KB
2026-6-24 15:47:58-debug: 查询 Asset Bundle start, progress: 5%
2026-6-24 15:47:58-debug: // ---- build task 查询 Asset Bundle ----
2026-6-24 15:47:58-debug: // ---- build task 查询 Asset Bundle ---- (6ms)
2026-6-24 15:47:58-debug: [Build Memory track]: 查询 Asset Bundle start:254.40MB, end 254.63MB, increase: 233.52KB
2026-6-24 15:47:58-log: run build task 查询 Asset Bundle success in 6 ms√, progress: 10%
2026-6-24 15:47:58-debug: 整理部分构建选项内数据到 settings.json start, progress: 10%
2026-6-24 15:47:58-debug: // ---- build task 整理部分构建选项内数据到 settings.json ----
2026-6-24 15:47:58-debug: // ---- build task 整理部分构建选项内数据到 settings.json ---- (3ms)
2026-6-24 15:47:58-log: run build task 整理部分构建选项内数据到 settings.json success in 3 ms√, progress: 12%
2026-6-24 15:47:58-debug: [Build Memory track]: 整理部分构建选项内数据到 settings.json start:254.66MB, end 254.69MB, increase: 29.75KB
2026-6-24 15:47:58-debug: 填充脚本数据到 settings.json start, progress: 12%
2026-6-24 15:47:58-debug: // ---- build task 填充脚本数据到 settings.json ----
2026-6-24 15:47:58-debug: // ---- build task 填充脚本数据到 settings.json ---- (2ms)
2026-6-24 15:47:58-log: run build task 填充脚本数据到 settings.json success in 2 ms√, progress: 13%
2026-6-24 15:47:58-debug: [Build Memory track]: 填充脚本数据到 settings.json start:254.73MB, end 254.75MB, increase: 29.10KB
2026-6-24 15:47:58-debug: 整理部分构建选项内数据到 settings.json start, progress: 13%
2026-6-24 15:47:58-debug: // ---- build task 整理部分构建选项内数据到 settings.json ----
2026-6-24 15:47:58-log: run build task 整理部分构建选项内数据到 settings.json success in 6 ms√, progress: 15%
2026-6-24 15:47:58-debug: [Build Memory track]: 整理部分构建选项内数据到 settings.json start:254.79MB, end 254.85MB, increase: 65.30KB
2026-6-24 15:47:58-debug: // ---- build task 整理部分构建选项内数据到 settings.json ---- (6ms)
2026-6-24 15:52:39-debug: refresh db internal success
2026-6-24 15:52:39-debug: refresh db assets success
2026-6-24 15:52:39-debug: refresh db super-packager success
2026-6-24 15:52:39-debug: Run asset db hook engine-extends:afterRefresh ...
2026-6-24 15:52:39-debug: Run asset db hook engine-extends:afterRefresh success!
2026-6-24 15:52:39-debug: asset-db:worker-effect-data-processing (3ms)
2026-6-24 15:52:39-debug: asset-db:refresh-all-database (216ms)
2026-6-24 15:52:39-debug: asset-db-hook-engine-extends-afterRefresh (4ms)
2026-6-24 15:52:40-debug: %cImport%c: D:\工程项目\PlayableAD\Cocos\TheW\20260615_HYQ\HYQ_Project\assets\Scene\Game_3D-002.scenebackground: #aaff85; color: #000;color: #000;
2026-6-24 15:52:40-debug: asset-db:reimport-assetb5805d3a-3b80-4a12-adf5-588e63a7d886 (30ms)
2026-6-24 15:52:41-debug: Query all assets info in project
2026-6-24 15:52:41-debug: Skip compress image, progress: 0%
2026-6-24 15:52:41-debug: init custom config: keepNodeUuid: false, useCache: true
2026-6-24 15:52:41-debug: Init all bundles start..., progress: 0%
2026-6-24 15:52:41-debug: 查询 Asset Bundle start, progress: 0%
2026-6-24 15:52:41-debug: Num of bundles: 3..., progress: 0%
2026-6-24 15:52:41-debug: // ---- build task 查询 Asset Bundle ----
2026-6-24 15:52:41-debug: Init bundle root assets start..., progress: 0%
2026-6-24 15:52:41-debug: Query preload assets/scripts from cc.config.json: 60f7195c-ec2a-45eb-ba94-8955f60e81d0,1c02ae6f-4492-4915-b8f8-7492a3b1e4cd,810e96e4-e456-4468-9b59-f4e8f39732c0,efe8e2a3-eace-427b-b4f1-cb8a937ec77d,e9aa9a3e-5b2b-4ac7-a2c7-073de2b2b24f,8bbdbcdd-5cd4-4100-b6d5-b7c9625b6107,50f4348b-c883-4e2f-8f11-ce233b859fa1,fda095cb-831d-4601-ad94-846013963de8,f92806d7-1768-443f-afe8-12bcde84d0f0,dd3a144d-ab7f-41f0-82b8-2e43a090d496,f0416e68-0200-4b77-a926-4f9d16e494da,511d2633-09a7-4bdd-ac42-f778032124b3,5d45aa00-e064-4938-b314-4265f0c2258c,9361fd90-ba52-4f84-aa93-6e878fd576ca,970b0598-bcb0-4714-91fb-2e81440dccd8,bcd64cc6-2dd9-43f6-abbe-66318d332032,d930590d-bb92-4cc8-8bd1-23cd027f9edf,a3cd009f-0ab0-420d-9278-b9fdab939bbc,6a2d0734-bd9e-4ddf-946e-caa52498cb75,d1346436-ac96-4271-b863-1f4fdead95b0,971bdb23-3ff6-43eb-b422-1c30165a3663,17debcc3-0a6b-4b8a-b00b-dc58b885581e,711ebe11-f673-4cd9-9a83-63c60ba54c5b,c0143906-9aed-447e-9436-2ae8512d1b6e,14da1725-c4c2-42b4-ab08-ee0aeb6898b3,081cab31-dccd-428e-8652-f2404cc81c47,78e0584a-4343-4727-8f37-e14e65c2a2db,ba21476f-2866-4f81-9c4d-6e359316e448,871c3b6c-7379-419d-bda3-794b239ab90d,ff9b0199-ce04-4cfe-86cc-6c719f08d6e4,de1c2107-70c8-4021-8459-6399f24d01c6,cbf30902-517f-40dc-af90-a550bac27cf1,5c601d96-e4c7-4698-991b-7ee674b11079
2026-6-24 15:52:41-debug:   Number of all scripts: 109
2026-6-24 15:52:41-debug:   Number of other assets: 1151
2026-6-24 15:52:41-debug: Init bundle root assets success..., progress: 0%
2026-6-24 15:52:41-debug:   Number of all scenes: 5
2026-6-24 15:52:41-debug: // ---- build task 查询 Asset Bundle ---- (11ms)
2026-6-24 15:52:41-log: run build task 查询 Asset Bundle success in 11 ms√, progress: 5%
2026-6-24 15:52:41-debug: 查询 Asset Bundle start, progress: 5%
2026-6-24 15:52:41-debug: [Build Memory track]: 查询 Asset Bundle start:261.46MB, end 259.21MB, increase: -2303.73KB
2026-6-24 15:52:41-debug: // ---- build task 查询 Asset Bundle ----
2026-6-24 15:52:41-debug: // ---- build task 查询 Asset Bundle ---- (4ms)
2026-6-24 15:52:41-log: run build task 查询 Asset Bundle success in 4 ms√, progress: 10%
2026-6-24 15:52:41-debug: [Build Memory track]: 查询 Asset Bundle start:259.25MB, end 259.47MB, increase: 231.96KB
2026-6-24 15:52:41-debug: 整理部分构建选项内数据到 settings.json start, progress: 10%
2026-6-24 15:52:41-debug: // ---- build task 整理部分构建选项内数据到 settings.json ----
2026-6-24 15:52:41-debug: // ---- build task 整理部分构建选项内数据到 settings.json ---- (2ms)
2026-6-24 15:52:41-log: run build task 整理部分构建选项内数据到 settings.json success in 2 ms√, progress: 12%
2026-6-24 15:52:41-debug: 填充脚本数据到 settings.json start, progress: 12%
2026-6-24 15:52:41-debug: [Build Memory track]: 整理部分构建选项内数据到 settings.json start:259.51MB, end 259.54MB, increase: 29.70KB
2026-6-24 15:52:41-debug: // ---- build task 填充脚本数据到 settings.json ----
2026-6-24 15:52:41-debug: // ---- build task 填充脚本数据到 settings.json ---- (2ms)
2026-6-24 15:52:41-log: run build task 填充脚本数据到 settings.json success in 2 ms√, progress: 13%
2026-6-24 15:52:41-debug: [Build Memory track]: 填充脚本数据到 settings.json start:259.57MB, end 259.60MB, increase: 29.03KB
2026-6-24 15:52:41-debug: 整理部分构建选项内数据到 settings.json start, progress: 13%
2026-6-24 15:52:41-debug: // ---- build task 整理部分构建选项内数据到 settings.json ----
2026-6-24 15:52:41-debug: // ---- build task 整理部分构建选项内数据到 settings.json ---- (8ms)
2026-6-24 15:52:41-log: run build task 整理部分构建选项内数据到 settings.json success in 8 ms√, progress: 15%
2026-6-24 15:52:41-debug: [Build Memory track]: 整理部分构建选项内数据到 settings.json start:259.63MB, end 259.70MB, increase: 65.38KB
2026-6-24 15:53:38-debug: refresh db internal success
2026-6-24 15:53:38-debug: refresh db assets success
2026-6-24 15:53:38-debug: refresh db super-packager success
2026-6-24 15:53:38-debug: Run asset db hook engine-extends:afterRefresh ...
2026-6-24 15:53:38-debug: Run asset db hook engine-extends:afterRefresh success!
2026-6-24 15:53:38-debug: asset-db:refresh-all-database (197ms)
2026-6-24 15:53:38-debug: asset-db:worker-effect-data-processing (1ms)
2026-6-24 15:53:38-debug: asset-db-hook-engine-extends-afterRefresh (1ms)
2026-6-24 15:58:35-debug: refresh db internal success
2026-6-24 15:58:35-debug: %cImport%c: D:\工程项目\PlayableAD\Cocos\TheW\20260615_HYQ\HYQ_Project\assets\Script\functionS\Monster\MonsterCreate.tsbackground: #aaff85; color: #000;color: #000;
2026-6-24 15:58:35-debug: refresh db assets success
2026-6-24 15:58:35-debug: refresh db super-packager success
2026-6-24 15:58:35-debug: Run asset db hook engine-extends:afterRefresh ...
2026-6-24 15:58:35-debug: Run asset db hook engine-extends:afterRefresh success!
2026-6-24 15:58:35-debug: asset-db:refresh-all-database (196ms)
2026-6-24 15:58:35-debug: asset-db:worker-effect-data-processing (3ms)
2026-6-24 15:58:35-debug: asset-db-hook-engine-extends-afterRefresh (4ms)
2026-6-24 15:58:38-debug: Query all assets info in project
2026-6-24 15:58:38-debug: init custom config: keepNodeUuid: false, useCache: true
2026-6-24 15:58:38-debug: Skip compress image, progress: 0%
2026-6-24 15:58:38-debug: Init all bundles start..., progress: 0%
2026-6-24 15:58:38-debug: 查询 Asset Bundle start, progress: 0%
2026-6-24 15:58:38-debug: // ---- build task 查询 Asset Bundle ----
2026-6-24 15:58:38-debug: Init bundle root assets start..., progress: 0%
2026-6-24 15:58:38-debug: Num of bundles: 3..., progress: 0%
2026-6-24 15:58:38-debug:   Number of all scenes: 5
2026-6-24 15:58:38-debug:   Number of all scripts: 109
2026-6-24 15:58:38-debug:   Number of other assets: 1151
2026-6-24 15:58:38-debug: Query preload assets/scripts from cc.config.json: 60f7195c-ec2a-45eb-ba94-8955f60e81d0,1c02ae6f-4492-4915-b8f8-7492a3b1e4cd,810e96e4-e456-4468-9b59-f4e8f39732c0,efe8e2a3-eace-427b-b4f1-cb8a937ec77d,e9aa9a3e-5b2b-4ac7-a2c7-073de2b2b24f,8bbdbcdd-5cd4-4100-b6d5-b7c9625b6107,50f4348b-c883-4e2f-8f11-ce233b859fa1,fda095cb-831d-4601-ad94-846013963de8,f92806d7-1768-443f-afe8-12bcde84d0f0,dd3a144d-ab7f-41f0-82b8-2e43a090d496,f0416e68-0200-4b77-a926-4f9d16e494da,511d2633-09a7-4bdd-ac42-f778032124b3,5d45aa00-e064-4938-b314-4265f0c2258c,9361fd90-ba52-4f84-aa93-6e878fd576ca,970b0598-bcb0-4714-91fb-2e81440dccd8,bcd64cc6-2dd9-43f6-abbe-66318d332032,d930590d-bb92-4cc8-8bd1-23cd027f9edf,a3cd009f-0ab0-420d-9278-b9fdab939bbc,6a2d0734-bd9e-4ddf-946e-caa52498cb75,d1346436-ac96-4271-b863-1f4fdead95b0,971bdb23-3ff6-43eb-b422-1c30165a3663,17debcc3-0a6b-4b8a-b00b-dc58b885581e,711ebe11-f673-4cd9-9a83-63c60ba54c5b,c0143906-9aed-447e-9436-2ae8512d1b6e,14da1725-c4c2-42b4-ab08-ee0aeb6898b3,081cab31-dccd-428e-8652-f2404cc81c47,78e0584a-4343-4727-8f37-e14e65c2a2db,ba21476f-2866-4f81-9c4d-6e359316e448,871c3b6c-7379-419d-bda3-794b239ab90d,ff9b0199-ce04-4cfe-86cc-6c719f08d6e4,de1c2107-70c8-4021-8459-6399f24d01c6,cbf30902-517f-40dc-af90-a550bac27cf1,5c601d96-e4c7-4698-991b-7ee674b11079
2026-6-24 15:58:38-debug: Init bundle root assets success..., progress: 0%
2026-6-24 15:58:38-debug: // ---- build task 查询 Asset Bundle ---- (16ms)
2026-6-24 15:58:38-log: run build task 查询 Asset Bundle success in 16 ms√, progress: 5%
2026-6-24 15:58:38-debug: [Build Memory track]: 查询 Asset Bundle start:244.07MB, end 245.68MB, increase: 1.61MB
2026-6-24 15:58:38-debug: 查询 Asset Bundle start, progress: 5%
2026-6-24 15:58:38-debug: // ---- build task 查询 Asset Bundle ----
2026-6-24 15:58:38-log: run build task 查询 Asset Bundle success in 8 ms√, progress: 10%
2026-6-24 15:58:38-debug: [Build Memory track]: 查询 Asset Bundle start:245.71MB, end 245.94MB, increase: 235.02KB
2026-6-24 15:58:38-debug: // ---- build task 查询 Asset Bundle ---- (8ms)
2026-6-24 15:58:38-debug: 整理部分构建选项内数据到 settings.json start, progress: 10%
2026-6-24 15:58:38-debug: // ---- build task 整理部分构建选项内数据到 settings.json ----
2026-6-24 15:58:38-debug: // ---- build task 整理部分构建选项内数据到 settings.json ---- (3ms)
2026-6-24 15:58:38-log: run build task 整理部分构建选项内数据到 settings.json success in 3 ms√, progress: 12%
2026-6-24 15:58:38-debug: // ---- build task 填充脚本数据到 settings.json ----
2026-6-24 15:58:38-debug: [Build Memory track]: 整理部分构建选项内数据到 settings.json start:245.98MB, end 246.00MB, increase: 29.67KB
2026-6-24 15:58:38-debug: 填充脚本数据到 settings.json start, progress: 12%
2026-6-24 15:58:38-debug: // ---- build task 填充脚本数据到 settings.json ---- (3ms)
2026-6-24 15:58:38-log: run build task 填充脚本数据到 settings.json success in 3 ms√, progress: 13%
2026-6-24 15:58:38-debug: 整理部分构建选项内数据到 settings.json start, progress: 13%
2026-6-24 15:58:38-debug: // ---- build task 整理部分构建选项内数据到 settings.json ----
2026-6-24 15:58:38-debug: [Build Memory track]: 填充脚本数据到 settings.json start:246.04MB, end 246.07MB, increase: 29.00KB
2026-6-24 15:58:38-debug: // ---- build task 整理部分构建选项内数据到 settings.json ---- (6ms)
2026-6-24 15:58:38-log: run build task 整理部分构建选项内数据到 settings.json success in 6 ms√, progress: 15%
2026-6-24 15:58:38-debug: [Build Memory track]: 整理部分构建选项内数据到 settings.json start:246.10MB, end 246.17MB, increase: 70.52KB
2026-6-24 15:59:27-debug: refresh db internal success
2026-6-24 15:59:27-debug: refresh db assets success
2026-6-24 15:59:27-debug: refresh db super-packager success
2026-6-24 15:59:27-debug: Run asset db hook engine-extends:afterRefresh ...
2026-6-24 15:59:27-debug: Run asset db hook engine-extends:afterRefresh success!
2026-6-24 15:59:27-debug: asset-db:refresh-all-database (207ms)
2026-6-24 15:59:27-debug: asset-db:worker-effect-data-processing (3ms)
2026-6-24 15:59:27-debug: asset-db-hook-engine-extends-afterRefresh (3ms)
2026-6-24 16:06:28-debug: refresh db internal success
2026-6-24 16:06:28-debug: refresh db assets success
2026-6-24 16:06:28-debug: refresh db super-packager success
2026-6-24 16:06:28-debug: Run asset db hook engine-extends:afterRefresh ...
2026-6-24 16:06:28-debug: Run asset db hook engine-extends:afterRefresh success!
2026-6-24 16:06:28-debug: asset-db:refresh-all-database (221ms)
2026-6-24 16:06:28-debug: asset-db:worker-effect-data-processing (2ms)
2026-6-24 16:06:28-debug: asset-db-hook-engine-extends-afterRefresh (2ms)
2026-6-24 16:10:40-debug: refresh db internal success
2026-6-24 16:10:40-debug: refresh db assets success
2026-6-24 16:10:40-debug: refresh db super-packager success
2026-6-24 16:10:40-debug: Run asset db hook engine-extends:afterRefresh ...
2026-6-24 16:10:40-debug: Run asset db hook engine-extends:afterRefresh success!
2026-6-24 16:10:40-debug: asset-db:refresh-all-database (193ms)
2026-6-24 16:10:40-debug: asset-db:worker-effect-data-processing (2ms)
2026-6-24 16:10:40-debug: asset-db-hook-engine-extends-afterRefresh (2ms)
2026-6-24 16:12:44-debug: refresh db internal success
2026-6-24 16:12:44-debug: refresh db assets success
2026-6-24 16:12:44-debug: refresh db super-packager success
2026-6-24 16:12:44-debug: Run asset db hook engine-extends:afterRefresh ...
2026-6-24 16:12:44-debug: Run asset db hook engine-extends:afterRefresh success!
2026-6-24 16:12:44-debug: asset-db:refresh-all-database (189ms)
2026-6-24 16:12:44-debug: asset-db:worker-effect-data-processing (1ms)
2026-6-24 16:12:44-debug: asset-db-hook-engine-extends-afterRefresh (1ms)
2026-6-24 16:13:23-debug: refresh db internal success
2026-6-24 16:13:23-debug: refresh db assets success
2026-6-24 16:13:23-debug: Run asset db hook engine-extends:afterRefresh ...
2026-6-24 16:13:23-debug: refresh db super-packager success
2026-6-24 16:13:23-debug: Run asset db hook engine-extends:afterRefresh success!
2026-6-24 16:13:23-debug: asset-db:refresh-all-database (202ms)
2026-6-24 16:13:23-debug: asset-db:worker-effect-data-processing (2ms)
2026-6-24 16:13:23-debug: asset-db-hook-engine-extends-afterRefresh (2ms)
2026-6-24 16:21:52-debug: refresh db internal success
2026-6-24 16:21:52-debug: refresh db assets success
2026-6-24 16:21:52-debug: refresh db super-packager success
2026-6-24 16:21:52-debug: Run asset db hook engine-extends:afterRefresh ...
2026-6-24 16:21:52-debug: Run asset db hook engine-extends:afterRefresh success!
2026-6-24 16:21:52-debug: asset-db:refresh-all-database (248ms)
2026-6-24 16:21:52-debug: asset-db:worker-effect-data-processing (4ms)
2026-6-24 16:21:52-debug: asset-db-hook-engine-extends-afterRefresh (5ms)
2026-6-24 16:22:19-debug: refresh db internal success
2026-6-24 16:22:19-debug: refresh db assets success
2026-6-24 16:22:19-debug: refresh db super-packager success
2026-6-24 16:22:19-debug: Run asset db hook engine-extends:afterRefresh ...
2026-6-24 16:22:19-debug: Run asset db hook engine-extends:afterRefresh success!
2026-6-24 16:22:19-debug: asset-db:refresh-all-database (196ms)
2026-6-24 16:22:19-debug: asset-db:worker-effect-data-processing (1ms)
2026-6-24 16:22:19-debug: asset-db-hook-engine-extends-afterRefresh (1ms)
2026-6-24 16:22:19-debug: %cImport%c: D:\工程项目\PlayableAD\Cocos\TheW\20260615_HYQ\HYQ_Project\assets\Scene\Game_3D-002.scenebackground: #aaff85; color: #000;color: #000;
2026-6-24 16:22:19-debug: asset-db:reimport-assetb5805d3a-3b80-4a12-adf5-588e63a7d886 (33ms)
2026-6-24 16:22:20-debug: Query all assets info in project
2026-6-24 16:22:20-debug: init custom config: keepNodeUuid: false, useCache: true
2026-6-24 16:22:20-debug: Skip compress image, progress: 0%
2026-6-24 16:22:20-debug: Init all bundles start..., progress: 0%
2026-6-24 16:22:20-debug: Num of bundles: 3..., progress: 0%
2026-6-24 16:22:20-debug: 查询 Asset Bundle start, progress: 0%
2026-6-24 16:22:20-debug: // ---- build task 查询 Asset Bundle ----
2026-6-24 16:22:20-debug: Init bundle root assets start..., progress: 0%
2026-6-24 16:22:20-debug: Query preload assets/scripts from cc.config.json: 60f7195c-ec2a-45eb-ba94-8955f60e81d0,1c02ae6f-4492-4915-b8f8-7492a3b1e4cd,810e96e4-e456-4468-9b59-f4e8f39732c0,efe8e2a3-eace-427b-b4f1-cb8a937ec77d,e9aa9a3e-5b2b-4ac7-a2c7-073de2b2b24f,8bbdbcdd-5cd4-4100-b6d5-b7c9625b6107,50f4348b-c883-4e2f-8f11-ce233b859fa1,fda095cb-831d-4601-ad94-846013963de8,f92806d7-1768-443f-afe8-12bcde84d0f0,dd3a144d-ab7f-41f0-82b8-2e43a090d496,f0416e68-0200-4b77-a926-4f9d16e494da,511d2633-09a7-4bdd-ac42-f778032124b3,5d45aa00-e064-4938-b314-4265f0c2258c,9361fd90-ba52-4f84-aa93-6e878fd576ca,970b0598-bcb0-4714-91fb-2e81440dccd8,bcd64cc6-2dd9-43f6-abbe-66318d332032,d930590d-bb92-4cc8-8bd1-23cd027f9edf,a3cd009f-0ab0-420d-9278-b9fdab939bbc,6a2d0734-bd9e-4ddf-946e-caa52498cb75,d1346436-ac96-4271-b863-1f4fdead95b0,971bdb23-3ff6-43eb-b422-1c30165a3663,17debcc3-0a6b-4b8a-b00b-dc58b885581e,711ebe11-f673-4cd9-9a83-63c60ba54c5b,c0143906-9aed-447e-9436-2ae8512d1b6e,14da1725-c4c2-42b4-ab08-ee0aeb6898b3,081cab31-dccd-428e-8652-f2404cc81c47,78e0584a-4343-4727-8f37-e14e65c2a2db,ba21476f-2866-4f81-9c4d-6e359316e448,871c3b6c-7379-419d-bda3-794b239ab90d,ff9b0199-ce04-4cfe-86cc-6c719f08d6e4,de1c2107-70c8-4021-8459-6399f24d01c6,cbf30902-517f-40dc-af90-a550bac27cf1,5c601d96-e4c7-4698-991b-7ee674b11079
2026-6-24 16:22:20-debug:   Number of all scripts: 109
2026-6-24 16:22:20-debug:   Number of other assets: 1151
2026-6-24 16:22:20-debug: Init bundle root assets success..., progress: 0%
2026-6-24 16:22:20-debug:   Number of all scenes: 5
2026-6-24 16:22:20-debug: // ---- build task 查询 Asset Bundle ---- (16ms)
2026-6-24 16:22:20-log: run build task 查询 Asset Bundle success in 16 ms√, progress: 5%
2026-6-24 16:22:20-debug: [Build Memory track]: 查询 Asset Bundle start:264.79MB, end 262.38MB, increase: -2465.80KB
2026-6-24 16:22:20-debug: 查询 Asset Bundle start, progress: 5%
2026-6-24 16:22:20-debug: // ---- build task 查询 Asset Bundle ----
2026-6-24 16:22:20-debug: // ---- build task 查询 Asset Bundle ---- (7ms)
2026-6-24 16:22:20-log: run build task 查询 Asset Bundle success in 7 ms√, progress: 10%
2026-6-24 16:22:20-debug: [Build Memory track]: 查询 Asset Bundle start:262.42MB, end 262.65MB, increase: 233.63KB
2026-6-24 16:22:20-debug: 整理部分构建选项内数据到 settings.json start, progress: 10%
2026-6-24 16:22:20-debug: // ---- build task 整理部分构建选项内数据到 settings.json ----
2026-6-24 16:22:20-debug: // ---- build task 整理部分构建选项内数据到 settings.json ---- (2ms)
2026-6-24 16:22:20-debug: [Build Memory track]: 整理部分构建选项内数据到 settings.json start:262.68MB, end 262.71MB, increase: 30.20KB
2026-6-24 16:22:20-debug: // ---- build task 填充脚本数据到 settings.json ----
2026-6-24 16:22:20-log: run build task 整理部分构建选项内数据到 settings.json success in 2 ms√, progress: 12%
2026-6-24 16:22:20-debug: 填充脚本数据到 settings.json start, progress: 12%
2026-6-24 16:22:20-log: run build task 填充脚本数据到 settings.json success in 1 ms√, progress: 13%
2026-6-24 16:22:20-debug: [Build Memory track]: 填充脚本数据到 settings.json start:262.74MB, end 262.77MB, increase: 29.36KB
2026-6-24 16:22:20-debug: // ---- build task 填充脚本数据到 settings.json ---- (1ms)
2026-6-24 16:22:20-debug: 整理部分构建选项内数据到 settings.json start, progress: 13%
2026-6-24 16:22:20-debug: // ---- build task 整理部分构建选项内数据到 settings.json ----
2026-6-24 16:22:20-log: run build task 整理部分构建选项内数据到 settings.json success in 10 ms√, progress: 15%
2026-6-24 16:22:20-debug: [Build Memory track]: 整理部分构建选项内数据到 settings.json start:262.81MB, end 262.87MB, increase: 66.17KB
2026-6-24 16:22:20-debug: // ---- build task 整理部分构建选项内数据到 settings.json ---- (10ms)
2026-6-24 16:26:57-debug: refresh db internal success
2026-6-24 16:26:57-debug: refresh db assets success
2026-6-24 16:26:57-debug: refresh db super-packager success
2026-6-24 16:26:57-debug: Run asset db hook engine-extends:afterRefresh ...
2026-6-24 16:26:57-debug: Run asset db hook engine-extends:afterRefresh success!
2026-6-24 16:26:57-debug: asset-db:refresh-all-database (217ms)
2026-6-24 16:26:57-debug: asset-db:worker-effect-data-processing (4ms)
2026-6-24 16:26:57-debug: asset-db-hook-engine-extends-afterRefresh (5ms)
2026-6-24 16:27:01-debug: refresh db internal success
2026-6-24 16:27:01-debug: refresh db assets success
2026-6-24 16:27:01-debug: refresh db super-packager success
2026-6-24 16:27:01-debug: Run asset db hook engine-extends:afterRefresh ...
2026-6-24 16:27:01-debug: Run asset db hook engine-extends:afterRefresh success!
2026-6-24 16:27:01-debug: asset-db:refresh-all-database (487ms)
2026-6-24 16:27:01-debug: asset-db-hook-engine-extends-afterRefresh (2ms)
2026-6-24 16:27:01-debug: asset-db:worker-effect-data-processing (2ms)
2026-6-24 16:27:44-debug: %cImport%c: D:\工程项目\PlayableAD\Cocos\TheW\20260615_HYQ\HYQ_Project\assets\Scene\Game_3D-002.scenebackground: #aaff85; color: #000;color: #000;
2026-6-24 16:27:44-debug: asset-db:reimport-assetb5805d3a-3b80-4a12-adf5-588e63a7d886 (36ms)
2026-6-24 16:27:45-debug: Query all assets info in project
2026-6-24 16:27:45-debug: init custom config: keepNodeUuid: false, useCache: true
2026-6-24 16:27:45-debug: Skip compress image, progress: 0%
2026-6-24 16:27:45-debug: Num of bundles: 3..., progress: 0%
2026-6-24 16:27:45-debug: 查询 Asset Bundle start, progress: 0%
2026-6-24 16:27:45-debug: // ---- build task 查询 Asset Bundle ----
2026-6-24 16:27:45-debug: Init bundle root assets start..., progress: 0%
2026-6-24 16:27:45-debug: Init all bundles start..., progress: 0%
2026-6-24 16:27:45-debug: Query preload assets/scripts from cc.config.json: 60f7195c-ec2a-45eb-ba94-8955f60e81d0,1c02ae6f-4492-4915-b8f8-7492a3b1e4cd,810e96e4-e456-4468-9b59-f4e8f39732c0,efe8e2a3-eace-427b-b4f1-cb8a937ec77d,e9aa9a3e-5b2b-4ac7-a2c7-073de2b2b24f,8bbdbcdd-5cd4-4100-b6d5-b7c9625b6107,50f4348b-c883-4e2f-8f11-ce233b859fa1,fda095cb-831d-4601-ad94-846013963de8,f92806d7-1768-443f-afe8-12bcde84d0f0,dd3a144d-ab7f-41f0-82b8-2e43a090d496,f0416e68-0200-4b77-a926-4f9d16e494da,511d2633-09a7-4bdd-ac42-f778032124b3,5d45aa00-e064-4938-b314-4265f0c2258c,9361fd90-ba52-4f84-aa93-6e878fd576ca,970b0598-bcb0-4714-91fb-2e81440dccd8,bcd64cc6-2dd9-43f6-abbe-66318d332032,d930590d-bb92-4cc8-8bd1-23cd027f9edf,a3cd009f-0ab0-420d-9278-b9fdab939bbc,6a2d0734-bd9e-4ddf-946e-caa52498cb75,d1346436-ac96-4271-b863-1f4fdead95b0,971bdb23-3ff6-43eb-b422-1c30165a3663,17debcc3-0a6b-4b8a-b00b-dc58b885581e,711ebe11-f673-4cd9-9a83-63c60ba54c5b,c0143906-9aed-447e-9436-2ae8512d1b6e,14da1725-c4c2-42b4-ab08-ee0aeb6898b3,081cab31-dccd-428e-8652-f2404cc81c47,78e0584a-4343-4727-8f37-e14e65c2a2db,ba21476f-2866-4f81-9c4d-6e359316e448,871c3b6c-7379-419d-bda3-794b239ab90d,ff9b0199-ce04-4cfe-86cc-6c719f08d6e4,de1c2107-70c8-4021-8459-6399f24d01c6,cbf30902-517f-40dc-af90-a550bac27cf1,5c601d96-e4c7-4698-991b-7ee674b11079
2026-6-24 16:27:45-debug: Init bundle root assets success..., progress: 0%
2026-6-24 16:27:45-debug:   Number of other assets: 1151
2026-6-24 16:27:45-debug:   Number of all scripts: 109
2026-6-24 16:27:45-debug:   Number of all scenes: 5
2026-6-24 16:27:45-debug: // ---- build task 查询 Asset Bundle ---- (23ms)
2026-6-24 16:27:45-log: run build task 查询 Asset Bundle success in 23 ms√, progress: 5%
2026-6-24 16:27:45-debug: [Build Memory track]: 查询 Asset Bundle start:246.74MB, end 247.44MB, increase: 715.63KB
2026-6-24 16:27:45-debug: 查询 Asset Bundle start, progress: 5%
2026-6-24 16:27:45-debug: // ---- build task 查询 Asset Bundle ----
2026-6-24 16:27:45-debug: // ---- build task 查询 Asset Bundle ---- (6ms)
2026-6-24 16:27:45-log: run build task 查询 Asset Bundle success in 6 ms√, progress: 10%
2026-6-24 16:27:45-debug: 整理部分构建选项内数据到 settings.json start, progress: 10%
2026-6-24 16:27:45-debug: [Build Memory track]: 查询 Asset Bundle start:247.47MB, end 246.97MB, increase: -512.60KB
2026-6-24 16:27:45-debug: // ---- build task 整理部分构建选项内数据到 settings.json ----
2026-6-24 16:27:45-debug: // ---- build task 整理部分构建选项内数据到 settings.json ---- (2ms)
2026-6-24 16:27:45-log: run build task 整理部分构建选项内数据到 settings.json success in 2 ms√, progress: 12%
2026-6-24 16:27:45-debug: 填充脚本数据到 settings.json start, progress: 12%
2026-6-24 16:27:45-debug: [Build Memory track]: 整理部分构建选项内数据到 settings.json start:247.01MB, end 247.04MB, increase: 30.14KB
2026-6-24 16:27:45-debug: // ---- build task 填充脚本数据到 settings.json ----
2026-6-24 16:27:45-debug: // ---- build task 填充脚本数据到 settings.json ---- (3ms)
2026-6-24 16:27:45-log: run build task 填充脚本数据到 settings.json success in 3 ms√, progress: 13%
2026-6-24 16:27:45-debug: 整理部分构建选项内数据到 settings.json start, progress: 13%
2026-6-24 16:27:45-debug: // ---- build task 整理部分构建选项内数据到 settings.json ----
2026-6-24 16:27:45-debug: [Build Memory track]: 填充脚本数据到 settings.json start:247.07MB, end 247.10MB, increase: 29.54KB
2026-6-24 16:27:45-debug: // ---- build task 整理部分构建选项内数据到 settings.json ---- (12ms)
2026-6-24 16:27:45-log: run build task 整理部分构建选项内数据到 settings.json success in 12 ms√, progress: 15%
2026-6-24 16:27:45-debug: [Build Memory track]: 整理部分构建选项内数据到 settings.json start:247.13MB, end 247.22MB, increase: 84.67KB
2026-6-24 16:41:04-debug: refresh db internal success
2026-6-24 16:41:04-debug: %cImport%c: D:\工程项目\PlayableAD\Cocos\TheW\20260615_HYQ\HYQ_Project\assets\Script\functionS\Other\PropArms.tsbackground: #aaff85; color: #000;color: #000;
2026-6-24 16:41:04-debug: refresh db assets success
2026-6-24 16:41:04-debug: refresh db super-packager success
2026-6-24 16:41:04-debug: Run asset db hook engine-extends:afterRefresh success!
2026-6-24 16:41:04-debug: Run asset db hook engine-extends:afterRefresh ...
2026-6-24 16:41:04-debug: asset-db:refresh-all-database (732ms)
2026-6-24 16:41:04-debug: asset-db-hook-engine-extends-afterRefresh (13ms)
2026-6-24 16:41:04-debug: asset-db:worker-effect-data-processing (5ms)
2026-6-24 17:03:23-debug: refresh db internal success
2026-6-24 17:03:23-debug: %cImport%c: D:\工程项目\PlayableAD\Cocos\TheW\20260615_HYQ\HYQ_Project\assets\resources\Materials\OilBarrelHitFlash.mtlbackground: #aaff85; color: #000;color: #000;
2026-6-24 17:03:23-debug: %cImport%c: D:\工程项目\PlayableAD\Cocos\TheW\20260615_HYQ\HYQ_Project\assets\resources\Shaders\OilBarrelHitFlash.effectbackground: #aaff85; color: #000;color: #000;
2026-6-24 17:03:24-debug: %cImport%c: D:\工程项目\PlayableAD\Cocos\TheW\20260615_HYQ\HYQ_Project\assets\resources\Materialsbackground: #aaff85; color: #000;color: #000;
2026-6-24 17:03:24-debug: %cImport%c: D:\工程项目\PlayableAD\Cocos\TheW\20260615_HYQ\HYQ_Project\assets\resources\Shadersbackground: #aaff85; color: #000;color: #000;
2026-6-24 17:03:24-debug: %cImport%c: D:\工程项目\PlayableAD\Cocos\TheW\20260615_HYQ\HYQ_Project\assets\Script\functionS\Other\PropArms.tsbackground: #aaff85; color: #000;color: #000;
2026-6-24 17:03:24-debug: refresh db assets success
2026-6-24 17:03:24-debug: %cImport%c: D:\工程项目\PlayableAD\Cocos\TheW\20260615_HYQ\HYQ_Project\assets\resources\Materials\OilBarrelHitFlash.mtlbackground: #aaff85; color: #000;color: #000;
2026-6-24 17:03:24-debug: Run asset db hook engine-extends:afterRefresh ...
2026-6-24 17:03:24-debug: refresh db super-packager success
2026-6-24 17:03:24-debug: asset-db:refresh-all-database (624ms)
2026-6-24 17:03:25-debug: recompile effect.bin success
2026-6-24 17:03:25-debug: Run asset db hook engine-extends:afterRefresh success!
2026-6-24 17:03:25-debug: asset-db:worker-effect-data-processing (1065ms)
2026-6-24 17:03:25-debug: asset-db-hook-engine-extends-afterRefresh (1065ms)
2026-6-24 17:03:27-debug: refresh db internal success
2026-6-24 17:03:28-debug: refresh db assets success
2026-6-24 17:03:28-debug: refresh db super-packager success
2026-6-24 17:03:28-debug: Run asset db hook engine-extends:afterRefresh ...
2026-6-24 17:03:28-debug: Run asset db hook engine-extends:afterRefresh success!
2026-6-24 17:03:28-debug: asset-db:worker-effect-data-processing (1ms)
2026-6-24 17:03:28-debug: asset-db:refresh-all-database (186ms)
2026-6-24 17:03:28-debug: asset-db-hook-engine-extends-afterRefresh (2ms)
